path,config_id,class,config_json,input_shapes,input_dtypes,out_shapes,callsite,mode,leaf,params,macs,bytes_moved,arith_intensity,count,lat_mean_ms,lat_median_ms,lat_std_ms
features,093051e290e2ba85,Sequential,"{""class"": ""Sequential""}","[[1, 3, 224, 224]]","[""torch.float32""]","[[1, 1280, 7, 7]]",features,forward,False,4007548,,852992,,15,117.9874,116.0244,5.4561
features.0,58fe9721f24b8f8d,Conv2dNormActivation,"{""class"": ""Conv2dNormActivation"", ""out_channels"": 32}","[[1, 3, 224, 224]]","[""torch.float32""]","[[1, 32, 112, 112]]",features.0,forward,False,928,,2207744,,15,3.8681,3.7195,0.3552
features.0.0,4f8d8d64608b2282,Conv2d,"{""bias"": null, ""class"": ""Conv2d"", ""dilation"": [1, 1], ""groups"": 1, ""in_channels"": 3, ""kernel_size"": [3, 3], ""out_channels"": 32, ""padding"": [1, 1], ""stride"": [2, 2]}","[[1, 3, 224, 224]]","[""torch.float32""]","[[1, 32, 112, 112]]",features.0.0,forward,True,864,10838016,2207744,4.9091,15,2.5321,2.3603,0.3915
features.0.1,c7220a84bfaa8483,BatchNorm2d,"{""bias"": ""Parameter containing:\ntensor([0., 0., 0., 0., 0., 0., 0., 0., 0., 0., 0., 0., 0., 0., 0., 0., 0., 0., 0., 0., 0., 0., 0., 0.,\n        0., 0., 0., 0., 0., 0., 0., 0.], requires_grad=True)"", ""class"": ""BatchNorm2d"", ""eps"": 1e-05}","[[1, 32, 112, 112]]","[""torch.float32""]","[[1, 32, 112, 112]]",features.0.1,forward,True,64,,3211264,,15,0.606,0.5599,0.0851
features.0.2,05d1bacdc3c147ff,SiLU,"{""class"": ""SiLU""}","[[1, 32, 112, 112]]","[""torch.float32""]","[[1, 32, 112, 112]]",features.0.2,forward,True,0,,3211264,,15,0.5084,0.508,0.0589
features.1,64481962325061c7,Sequential,"{""class"": ""Sequential""}","[[1, 32, 112, 112]]","[""torch.float32""]","[[1, 16, 112, 112]]",features.1,forward,False,1448,,2408448,,15,8.4687,8.1952,0.7574
features.1.0,dbf9df28501a55fa,MBConv,"{""class"": ""MBConv"", ""out_channels"": 16}","[[1, 32, 112, 112]]","[""torch.float32""]","[[1, 16, 112, 112]]",features.1.0,forward,False,1448,,2408448,,15,8.4364,8.1625,0.7567
features.1.0.block,64481962325061c7,Sequential,"{""class"": ""Sequential""}","[[1, 32, 112, 112]]","[""torch.float32""]","[[1, 16, 112, 112]]",features.1.0.block,forward,False,1448,,2408448,,15,8.4035,8.1297,0.756
features.1.0.block.0,27ecdd1f6816ce0f,Conv2dNormActivation,"{""class"": ""Conv2dNormActivation"", ""out_channels"": 32}","[[1, 32, 112, 112]]","[""torch.float32""]","[[1, 32, 112, 112]]",features.1.0.block.0,forward,False,352,,3211264,,15,4.472,4.5283,0.3209
features.1.0.block.0.0,744fa8b62e80e73a,Conv2d,"{""bias"": null, ""class"": ""Conv2d"", ""dilation"": [1, 1], ""groups"": 32, ""in_channels"": 32, ""kernel_size"": [3, 3], ""out_channels"": 32, ""padding"": [1, 1], ""stride"": [1, 1]}","[[1, 32, 112, 112]]","[""torch.float32""]","[[1, 32, 112, 112]]",features.1.0.block.0.0,forward,True,288,3612672,3211264,1.125,15,3.438,3.5295,0.2964
features.1.0.block.0.1,c7220a84bfaa8483,BatchNorm2d,"{""bias"": ""Parameter containing:\ntensor([0., 0., 0., 0., 0., 0., 0., 0., 0., 0., 0., 0., 0., 0., 0., 0., 0., 0., 0., 0., 0., 0., 0., 0.,\n        0., 0., 0., 0., 0., 0., 0., 0.], requires_grad=True)"", ""class"": ""BatchNorm2d"", ""eps"": 1e-05}","[[1, 32, 112, 112]]","[""torch.float32""]","[[1, 32, 112, 112]]",features.1.0.block.0.1,forward,True,64,,3211264,,15,0.3268,0.3051,0.0465
features.1.0.block.0.2,05d1bacdc3c147ff,SiLU,"{""class"": ""SiLU""}","[[1, 32, 112, 112]]","[""torch.float32""]","[[1, 32, 112, 112]]",features.1.0.block.0.2,forward,True,0,,3211264,,15,0.5028,0.5027,0.0342
features.1.0.block.1,56bbf291c1ff315d,SqueezeExcitation,"{""class"": ""SqueezeExcitation""}","[[1, 32, 112, 112]]","[""torch.float32""]","[[1, 32, 112, 112]]",features.1.0.block.1,forward,False,552,,3211264,,15,1.3768,1.6437,0.4071
features.1.0.block.1.avgpool,f6bf2d84746ba6db,AdaptiveAvgPool2d,"{""class"": ""AdaptiveAvgPool2d""}","[[1, 32, 112, 112]]","[""torch.float32""]","[[1, 32, 1, 1]]",features.1.0.block.1.avgpool,forward,True,0,,1605760,,15,0.3567,0.2433,0.2065
features.1.0.block.1.fc1,e3420e283c5066ac,Conv2d,"{""bias"": ""Parameter containing:\ntensor([0., 0., 0., 0., 0., 0., 0., 0.], requires_grad=True)"", ""class"": ""Conv2d"", ""dilation"": [1, 1], ""groups"": 1, ""in_channels"": 32, ""kernel_size"": [1, 1], ""out_channels"": 8, ""padding"": [0, 0], ""stride"": [1, 1]}","[[1, 32, 1, 1]]","[""torch.float32""]","[[1, 8, 1, 1]]",features.1.0.block.1.fc1,forward,True,264,256,160,1.6,15,0.091,0.087,0.0111
features.1.0.block.1.fc2,0311649639e769f1,Conv2d,"{""bias"": ""Parameter containing:\ntensor([0., 0., 0., 0., 0., 0., 0., 0., 0., 0., 0., 0., 0., 0., 0., 0., 0., 0., 0., 0., 0., 0., 0., 0.,\n        0., 0., 0., 0., 0., 0., 0., 0.], requires_grad=True)"", ""class"": ""Conv2d"", ""dilation"": [1, 1], ""groups"": 1, ""in_channels"": 8, ""kernel_size"": [1, 1], ""out_channels"": 32, ""padding"": [0, 0], ""stride"": [1, 1]}","[[1, 8, 1, 1]]","[""torch.float32""]","[[1, 32, 1, 1]]",features.1.0.block.1.fc2,forward,True,288,256,160,1.6,15,0.0936,0.0685,0.0734
features.1.0.block.1.activation,316475918a723cf1,SiLU,"{""class"": ""SiLU""}","[[1, 8, 1, 1]]","[""torch.float32""]","[[1, 8, 1, 1]]",features.1.0.block.1.activation,forward,True,0,,64,,15,0.0225,0.018,0.0151
features.1.0.block.1.scale_activation,ae8d15f59a43e60a,Sigmoid,"{""class"": ""Sigmoid""}","[[1, 32, 1, 1]]","[""torch.float32""]","[[1, 32, 1, 1]]",features.1.0.block.1.scale_activation,forward,True,0,,256,,15,0.0317,0.0249,0.0157
features.1.0.block.2,d75b8b458e1f64a8,Conv2dNormActivation,"{""class"": ""Conv2dNormActivation"", ""out_channels"": 16}","[[1, 32, 112, 112]]","[""torch.float32""]","[[1, 16, 112, 112]]",features.1.0.block.2,forward,False,544,,2408448,,15,2.4013,2.1867,0.4852
features.1.0.block.2.0,16e9496a9d339e32,Conv2d,"{""bias"": null, ""class"": ""Conv2d"", ""dilation"": [1, 1], ""groups"": 1, ""in_channels"": 32, ""kernel_size"": [1, 1], ""out_channels"": 16, ""padding"": [0, 0], ""stride"": [1, 1]}","[[1, 32, 112, 112]]","[""torch.float32""]","[[1, 16, 112, 112]]",features.1.0.block.2.0,forward,True,512,6422528,2408448,2.6667,15,2.1033,1.8752,0.4788
features.1.0.block.2.1,caab5d49ee296460,BatchNorm2d,"{""bias"": ""Parameter containing:\ntensor([0., 0., 0., 0., 0., 0., 0., 0., 0., 0., 0., 0., 0., 0., 0., 0.],\n       requires_grad=True)"", ""class"": ""BatchNorm2d"", ""eps"": 1e-05}","[[1, 16, 112, 112]]","[""torch.float32""]","[[1, 16, 112, 112]]",features.1.0.block.2.1,forward,True,32,,1605632,,15,0.1656,0.1549,0.0255
features.2,adcefc1f032e1feb,Sequential,"{""class"": ""Sequential""}","[[1, 16, 112, 112]]","[""torch.float32""]","[[1, 24, 56, 56]]",features.2,forward,False,16714,,1103872,,15,35.4719,34.337,3.5273
features.2.0,86a07123e26632ae,MBConv,"{""class"": ""MBConv"", ""out_channels"": 24}","[[1, 16, 112, 112]]","[""torch.float32""]","[[1, 24, 56, 56]]",features.2.0,forward,False,6004,,1103872,,15,21.8781,21.2335,1.7848
features.2.0.block,adcefc1f032e1feb,Sequential,"{""class"": ""Sequential""}","[[1, 16, 112, 112]]","[""torch.float32""]","[[1, 24, 56, 56]]",features.2.0.block,forward,False,6004,,1103872,,15,21.8464,21.1961,1.7858
features.2.0.block.0,040b0c91230b765b,Conv2dNormActivation,"{""class"": ""Conv2dNormActivation"", ""out_channels"": 96}","[[1, 16, 112, 112]]","[""torch.float32""]","[[1, 96, 112, 112]]",features.2.0.block.0,forward,False,1728,,5619712,,15,12.2456,12.2894,0.2826
features.2.0.block.0.0,2970aa1b42545dca,Conv2d,"{""bias"": null, ""class"": ""Conv2d"", ""dilation"": [1, 1], ""groups"": 1, ""in_channels"": 16, ""kernel_size"": [1, 1], ""out_channels"": 96, ""padding"": [0, 0], ""stride"": [1, 1]}","[[1, 16, 112, 112]]","[""torch.float32""]","[[1, 96, 112, 112]]",features.2.0.block.0.0,forward,True,1536,19267584,5619712,3.4286,15,8.9158,9.0384,0.4417
features.2.0.block.0.1,d95d4890038f6fc3,BatchNorm2d,"{""bias"": ""Parameter containing:\ntensor([0., 0., 0., 0., 0., 0., 0., 0., 0., 0., 0., 0., 0., 0., 0., 0., 0., 0., 0., 0., 0., 0., 0., 0.,\n        0., 0., 0., 0., 0., 0., 0., 0., 0., 0., 0., 0., 0., 0., 0., 0., 0., 0., 0., 0., 0., 0., 0., 0.,\n        0., 0., 0., 0., 0., 0., 0., 0., 0., 0., 0., 0., 0., 0., 0., 0., 0., 0., 0., 0., 0., 0., 0., 0.,\n        0., 0., 0., 0., 0., 0., 0., 0., 0., 0., 0., 0., 0., 0., 0., 0., 0., 0., 0., 0., 0., 0., 0., 0.],\n       requires_grad=True)"", ""class"": ""BatchNorm2d"", ""eps"": 1e-05}","[[1, 96, 112, 112]]","[""torch.float32""]","[[1, 96, 112, 112]]",features.2.0.block.0.1,forward,True,192,,9633792,,15,1.5929,1.4605,0.2142
features.2.0.block.0.2,a6365cb3dc70bae7,SiLU,"{""class"": ""SiLU""}","[[1, 96, 112, 112]]","[""torch.float32""]","[[1, 96, 112, 112]]",features.2.0.block.0.2,forward,True,0,,9633792,,15,1.5155,1.4848,0.0852
features.2.0.block.1,429cf2b60eeba7ea,Conv2dNormActivation,"{""class"": ""Conv2dNormActivation"", ""out_channels"": 96}","[[1, 96, 112, 112]]","[""torch.float32""]","[[1, 96, 56, 56]]",features.2.0.block.1,forward,False,1056,,6021120,,15,6.2714,5.9996,0.8131
features.2.0.block.1.0,620de1949d25bf4f,Conv2d,"{""bias"": null, ""class"": ""Conv2d"", ""dilation"": [1, 1], ""groups"": 96, ""in_channels"": 96, ""kernel_size"": [3, 3], ""out_channels"": 96, ""padding"": [1, 1], ""stride"": [2, 2]}","[[1, 96, 112, 112]]","[""torch.float32""]","[[1, 96, 56, 56]]",features.2.0.block.1.0,forward,True,864,2709504,6021120,0.45,15,5.2457,5.154,0.5277
features.2.0.block.1.1,0257af9bbefc04b7,BatchNorm2d,"{""bias"": ""Parameter containing:\ntensor([0., 0., 0., 0., 0., 0., 0., 0., 0., 0., 0., 0., 0., 0., 0., 0., 0., 0., 0., 0., 0., 0., 0., 0.,\n        0., 0., 0., 0., 0., 0., 0., 0., 0., 0., 0., 0., 0., 0., 0., 0., 0., 0., 0., 0., 0., 0., 0., 0.,\n        0., 0., 0., 0., 0., 0., 0., 0., 0., 0., 0., 0., 0., 0., 0., 0., 0., 0., 0., 0., 0., 0., 0., 0.,\n        0., 0., 0., 0., 0., 0., 0., 0., 0., 0., 0., 0., 0., 0., 0., 0., 0., 0., 0., 0., 0., 0., 0., 0.],\n       requires_grad=True)"", ""class"": ""BatchNorm2d"", ""eps"": 1e-05}","[[1, 96, 56, 56]]","[""torch.float32""]","[[1, 96, 56, 56]]",features.2.0.block.1.1,forward,True,192,,2408448,,15,0.3332,0.2765,0.1564
features.2.0.block.1.2,d64609e0a16a0e78,SiLU,"{""class"": ""SiLU""}","[[1, 96, 56, 56]]","[""torch.float32""]","[[1, 96, 56, 56]]",features.2.0.block.1.2,forward,True,0,,2408448,,15,0.4809,0.3788,0.2191
features.2.0.block.2,d4b7d435516a6b0a,SqueezeExcitation,"{""class"": ""SqueezeExcitation""}","[[1, 96, 56, 56]]","[""torch.float32""]","[[1, 96, 56, 56]]",features.2.0.block.2,forward,False,868,,2408448,,15,0.9217,0.8303,0.2529
features.2.0.block.2.avgpool,4e080a3048b53489,AdaptiveAvgPool2d,"{""class"": ""AdaptiveAvgPool2d""}","[[1, 96, 56, 56]]","[""torch.float32""]","[[1, 96, 1, 1]]",features.2.0.block.2.avgpool,forward,True,0,,1204608,,15,0.2227,0.1666,0.113
features.2.0.block.2.fc1,56c837ca2ccc242a,Conv2d,"{""bias"": ""Parameter containing:\ntensor([0., 0., 0., 0.], requires_grad=True)"", ""class"": ""Conv2d"", ""dilation"": [1, 1], ""groups"": 1, ""in_channels"": 96, ""kernel_size"": [1, 1], ""out_channels"": 4, ""padding"": [0, 0], ""stride"": [1, 1]}","[[1, 96, 1, 1]]","[""torch.float32""]","[[1, 4, 1, 1]]",features.2.0.block.2.fc1,forward,True,388,384,400,0.96,15,0.0803,0.0791,0.0056
features.2.0.block.2.fc2,5bfd15a0c449e703,Conv2d,"{""bias"": ""Parameter containing:\ntensor([0., 0., 0., 0., 0., 0., 0., 0., 0., 0., 0., 0., 0., 0., 0., 0., 0., 0., 0., 0., 0., 0., 0., 0.,\n        0., 0., 0., 0., 0., 0., 0., 0., 0., 0., 0., 0., 0., 0., 0., 0., 0., 0., 0., 0., 0., 0., 0., 0.,\n        0., 0., 0., 0., 0., 0., 0., 0., 0., 0., 0., 0., 0., 0., 0., 0., 0., 0., 0., 0., 0., 0., 0., 0.,\n        0., 0., 0., 0., 0., 0., 0., 0., 0., 0., 0., 0., 0., 0., 0., 0., 0., 0., 0., 0., 0., 0., 0., 0.],\n       requires_grad=True)"", ""class"": ""Conv2d"", ""dilation"": [1, 1], ""groups"": 1, ""in_channels"": 4, ""kernel_size"": [1, 1], ""out_channels"": 96, ""padding"": [0, 0], ""stride"": [1, 1]}","[[1, 4, 1, 1]]","[""torch.float32""]","[[1, 96, 1, 1]]",features.2.0.block.2.fc2,forward,True,480,384,400,0.96,15,0.045,0.0422,0.0084
features.2.0.block.2.activation,9c35a2e70d6cc3c0,SiLU,"{""class"": ""SiLU""}","[[1, 4, 1, 1]]","[""torch.float32""]","[[1, 4, 1, 1]]",features.2.0.block.2.activation,forward,True,0,,32,,15,0.0152,0.0148,0.002
features.2.0.block.2.scale_activation,e8df886c35d87f69,Sigmoid,"{""class"": ""Sigmoid""}","[[1, 96, 1, 1]]","[""torch.float32""]","[[1, 96, 1, 1]]",features.2.0.block.2.scale_activation,forward,True,0,,768,,15,0.0233,0.019,0.0096
features.2.0.block.3,79bc8e181521ac1c,Conv2dNormActivation,"{""class"": ""Conv2dNormActivation"", ""out_channels"": 24}","[[1, 96, 56, 56]]","[""torch.float32""]","[[1, 24, 56, 56]]",features.2.0.block.3,forward,False,2352,,1505280,,15,2.1689,1.6984,0.8223
features.2.0.block.3.0,ef9bbb6e185511e4,Conv2d,"{""bias"": null, ""class"": ""Conv2d"", ""dilation"": [1, 1], ""groups"": 1, ""in_channels"": 96, ""kernel_size"": [1, 1], ""out_channels"": 24, ""padding"": [0, 0], ""stride"": [1, 1]}","[[1, 96, 56, 56]]","[""torch.float32""]","[[1, 24, 56, 56]]",features.2.0.block.3.0,forward,True,2304,7225344,1505280,4.8,15,1.8939,1.4605,0.7327
features.2.0.block.3.1,8bbc360542fe1077,BatchNorm2d,"{""bias"": ""Parameter containing:\ntensor([0., 0., 0., 0., 0., 0., 0., 0., 0., 0., 0., 0., 0., 0., 0., 0., 0., 0., 0., 0., 0., 0., 0., 0.],\n       requires_grad=True)"", ""class"": ""BatchNorm2d"", ""eps"": 1e-05}","[[1, 24, 56, 56]]","[""torch.float32""]","[[1, 24, 56, 56]]",features.2.0.block.3.1,forward,True,48,,602112,,15,0.1481,0.1131,0.0976
features.2.1,6eecaae27512cfc6,MBConv,"{""class"": ""MBConv"", ""out_channels"": 24}","[[1, 24, 56, 56]]","[""torch.float32""]","[[1, 24, 56, 56]]",features.2.1,forward,False,10710,,602112,,15,13.5116,12.8387,1.8969
features.2.1.block,d214cb209a6870ea,Sequential,"{""class"": ""Sequential""}","[[1, 24, 56, 56]]","[""torch.float32""]","[[1, 24, 56, 56]]",features.2.1.block,forward,False,10710,,602112,,15,13.3053,12.6398,1.8981
features.2.1.block.0,b52d793282c2a0c5,Conv2dNormActivation,"{""class"": ""Conv2dNormActivation"", ""out_channels"": 144}","[[1, 24, 56, 56]]","[""torch.float32""]","[[1, 144, 56, 56]]",features.2.1.block.0,forward,False,3744,,2107392,,15,3.7179,3.9495,0.3673
features.2.1.block.0.0,2a41f5b8e853be70,Conv2d,"{""bias"": null, ""class"": ""Conv2d"", ""dilation"": [1, 1], ""groups"": 1, ""in_channels"": 24, ""kernel_size"": [1, 1], ""out_channels"": 144, ""padding"": [0, 0], ""stride"": [1, 1]}","[[1, 24, 56, 56]]","[""torch.float32""]","[[1, 144, 56, 56]]",features.2.1.block.0.0,forward,True,3456,10838016,2107392,5.1429,15,2.3568,2.6266,0.3703
features.2.1.block.0.1,3c80560d8cb1cc9c,BatchNorm2d,"{""bias"": ""Parameter containing:\ntensor([0., 0., 0., 0., 0., 0., 0., 0., 0., 0., 0., 0., 0., 0., 0., 0., 0., 0., 0., 0., 0., 0., 0., 0.,\n        0., 0., 0., 0., 0., 0., 0., 0., 0., 0., 0., 0., 0., 0., 0., 0., 0., 0., 0., 0., 0., 0., 0., 0.,\n        0., 0., 0., 0., 0., 0., 0., 0., 0., 0., 0., 0., 0., 0., 0., 0., 0., 0., 0., 0., 0., 0., 0., 0.,\n        0., 0., 0., 0., 0., 0., 0., 0., 0., 0., 0., 0., 0., 0., 0., 0., 0., 0., 0., 0., 0., 0., 0., 0.,\n        0., 0., 0., 0., 0., 0., 0., 0., 0., 0., 0., 0., 0., 0., 0., 0., 0., 0., 0., 0., 0., 0., 0., 0.,\n        0., 0., 0., 0., 0., 0., 0., 0., 0., 0., 0., 0., 0., 0., 0., 0., 0., 0., 0., 0., 0., 0., 0., 0.],\n       requires_grad=True)"", ""class"": ""BatchNorm2d"", ""eps"": 1e-05}","[[1, 144, 56, 56]]","[""torch.float32""]","[[1, 144, 56, 56]]",features.2.1.block.0.1,forward,True,288,,3612672,,15,0.6109,0.5813,0.0947
features.2.1.block.0.2,4c4e1f1a33f7c6ea,SiLU,"{""class"": ""SiLU""}","[[1, 144, 56, 56]]","[""torch.float32""]","[[1, 144, 56, 56]]",features.2.1.block.0.2,forward,True,0,,3612672,,15,0.5365,0.5669,0.0365
features.2.1.block.1,8b047259bac6d505,Conv2dNormActivation,"{""class"": ""Conv2dNormActivation"", ""out_channels"": 144}","[[1, 144, 56, 56]]","[""torch.float32""]","[[1, 144, 56, 56]]",features.2.1.block.1,forward,False,1584,,3612672,,15,5.2841,5.0118,1.1169
features.2.1.block.1.0,002bbf7c4b8100c6,Conv2d,"{""bias"": null, ""class"": ""Conv2d"", ""dilation"": [1, 1], ""groups"": 144, ""in_channels"": 144, ""kernel_size"": [3, 3], ""out_channels"": 144, ""padding"": [1, 1], ""stride"": [1, 1]}","[[1, 144, 56, 56]]","[""torch.float32""]","[[1, 144, 56, 56]]",features.2.1.block.1.0,forward,True,1296,4064256,3612672,1.125,15,3.7363,3.6583,0.6496
features.2.1.block.1.1,3c80560d8cb1cc9c,BatchNorm2d,"{""bias"": ""Parameter containing:\ntensor([0., 0., 0., 0., 0., 0., 0., 0., 0., 0., 0., 0., 0., 0., 0., 0., 0., 0., 0., 0., 0., 0., 0., 0.,\n        0., 0., 0., 0., 0., 0., 0., 0., 0., 0., 0., 0., 0., 0., 0., 0., 0., 0., 0., 0., 0., 0., 0., 0.,\n        0., 0., 0., 0., 0., 0., 0., 0., 0., 0., 0., 0., 0., 0., 0., 0., 0., 0., 0., 0., 0., 0., 0., 0.,\n        0., 0., 0., 0., 0., 0., 0., 0., 0., 0., 0., 0., 0., 0., 0., 0., 0., 0., 0., 0., 0., 0., 0., 0.,\n        0., 0., 0., 0., 0., 0., 0., 0., 0., 0., 0., 0., 0., 0., 0., 0., 0., 0., 0., 0., 0., 0., 0., 0.,\n        0., 0., 0., 0., 0., 0., 0., 0., 0., 0., 0., 0., 0., 0., 0., 0., 0., 0., 0., 0., 0., 0., 0., 0.],\n       requires_grad=True)"", ""class"": ""BatchNorm2d"", ""eps"": 1e-05}","[[1, 144, 56, 56]]","[""torch.float32""]","[[1, 144, 56, 56]]",features.2.1.block.1.1,forward,True,288,,3612672,,15,0.7065,0.6326,0.2861
features.2.1.block.1.2,4c4e1f1a33f7c6ea,SiLU,"{""class"": ""SiLU""}","[[1, 144, 56, 56]]","[""torch.float32""]","[[1, 144, 56, 56]]",features.2.1.block.1.2,forward,True,0,,3612672,,15,0.6228,0.566,0.2051
features.2.1.block.2,dc694bd5a66134f3,SqueezeExcitation,"{""class"": ""SqueezeExcitation""}","[[1, 144, 56, 56]]","[""torch.float32""]","[[1, 144, 56, 56]]",features.2.1.block.2,forward,False,1878,,3612672,,15,1.3175,1.1211,0.2862
features.2.1.block.2.avgpool,aa1e6ee8a9ac1653,AdaptiveAvgPool2d,"{""class"": ""AdaptiveAvgPool2d""}","[[1, 144, 56, 56]]","[""torch.float32""]","[[1, 144, 1, 1]]",features.2.1.block.2.avgpool,forward,True,0,,1806912,,15,0.3165,0.2778,0.1085
features.2.1.block.2.fc1,d8ec57ef24a86b18,Conv2d,"{""bias"": ""Parameter containing:\ntensor([0., 0., 0., 0., 0., 0.], requires_grad=True)"", ""class"": ""Conv2d"", ""dilation"": [1, 1], ""groups"": 1, ""in_channels"": 144, ""kernel_size"": [1, 1], ""out_channels"": 6, ""padding"": [0, 0], ""stride"": [1, 1]}","[[1, 144, 1, 1]]","[""torch.float32""]","[[1, 6, 1, 1]]",features.2.1.block.2.fc1,forward,True,870,864,600,1.44,15,0.0901,0.0833,0.0168
features.2.1.block.2.fc2,a8947d3a81d888b0,Conv2d,"{""bias"": ""Parameter containing:\ntensor([0., 0., 0., 0., 0., 0., 0., 0., 0., 0., 0., 0., 0., 0., 0., 0., 0., 0., 0., 0., 0., 0., 0., 0.,\n        0., 0., 0., 0., 0., 0., 0., 0., 0., 0., 0., 0., 0., 0., 0., 0., 0., 0., 0., 0., 0., 0., 0., 0.,\n        0., 0., 0., 0., 0., 0., 0., 0., 0., 0., 0., 0., 0., 0., 0., 0., 0., 0., 0., 0., 0., 0., 0., 0.,\n        0., 0., 0., 0., 0., 0., 0., 0., 0., 0., 0., 0., 0., 0., 0., 0., 0., 0., 0., 0., 0., 0., 0., 0.,\n        0., 0., 0., 0., 0., 0., 0., 0., 0., 0., 0., 0., 0., 0., 0., 0., 0., 0., 0., 0., 0., 0., 0., 0.,\n        0., 0., 0., 0., 0., 0., 0., 0., 0., 0., 0., 0., 0., 0., 0., 0., 0., 0., 0., 0., 0., 0., 0., 0.],\n       requires_grad=True)"", ""class"": ""Conv2d"", ""dilation"": [1, 1], ""groups"": 1, ""in_channels"": 6, ""kernel_size"": [1, 1], ""out_channels"": 144, ""padding"": [0, 0], ""stride"": [1, 1]}","[[1, 6, 1, 1]]","[""torch.float32""]","[[1, 144, 1, 1]]",features.2.1.block.2.fc2,forward,True,1008,864,600,1.44,15,0.0547,0.0434,0.0199
features.2.1.block.2.activation,8d02e85b6aa85f88,SiLU,"{""class"": ""SiLU""}","[[1, 6, 1, 1]]","[""torch.float32""]","[[1, 6, 1, 1]]",features.2.1.block.2.activation,forward,True,0,,48,,15,0.0235,0.0183,0.0147
features.2.1.block.2.scale_activation,1ec94b3f3ccde77c,Sigmoid,"{""class"": ""Sigmoid""}","[[1, 144, 1, 1]]","[""torch.float32""]","[[1, 144, 1, 1]]",features.2.1.block.2.scale_activation,forward,True,0,,1152,,15,0.029,0.0192,0.0254
features.2.1.block.3,6e1077c50ea34ce4,Conv2dNormActivation,"{""class"": ""Conv2dNormActivation"", ""out_channels"": 24}","[[1, 144, 56, 56]]","[""torch.float32""]","[[1, 24, 56, 56]]",features.2.1.block.3,forward,False,3504,,2107392,,15,2.7582,2.5127,0.6276
features.2.1.block.3.0,2cfa7af074666ed0,Conv2d,"{""bias"": null, ""class"": ""Conv2d"", ""dilation"": [1, 1], ""groups"": 1, ""in_channels"": 144, ""kernel_size"": [1, 1], ""out_channels"": 24, ""padding"": [0, 0], ""stride"": [1, 1]}","[[1, 144, 56, 56]]","[""torch.float32""]","[[1, 24, 56, 56]]",features.2.1.block.3.0,forward,True,3456,10838016,2107392,5.1429,15,2.4793,2.2465,0.621
features.2.1.block.3.1,8bbc360542fe1077,BatchNorm2d,"{""bias"": ""Parameter containing:\ntensor([0., 0., 0., 0., 0., 0., 0., 0., 0., 0., 0., 0., 0., 0., 0., 0., 0., 0., 0., 0., 0., 0., 0., 0.],\n       requires_grad=True)"", ""class"": ""BatchNorm2d"", ""eps"": 1e-05}","[[1, 24, 56, 56]]","[""torch.float32""]","[[1, 24, 56, 56]]",features.2.1.block.3.1,forward,True,48,,602112,,15,0.1468,0.1411,0.015
features.2.1.stochastic_depth,ed1e7a51e2a03b40,StochasticDepth,"{""class"": ""StochasticDepth""}","[[1, 24, 56, 56]]","[""torch.float32""]","[[1, 24, 56, 56]]",features.2.1.stochastic_depth,forward,True,0,,602112,,15,0.0146,0.0145,0.0004
features.3,d214cb209a6870ea,Sequential,"{""class"": ""Sequential""}","[[1, 24, 56, 56]]","[""torch.float32""]","[[1, 40, 28, 28]]",features.3,forward,False,46640,,426496,,15,14.2581,14.0863,0.5382
features.3.0,bf9c744d06ff85a5,MBConv,"{""class"": ""MBConv"", ""out_channels"": 40}","[[1, 24, 56, 56]]","[""torch.float32""]","[[1, 40, 28, 28]]",features.3.0,forward,False,15350,,426496,,15,8.1668,7.8515,0.4924
features.3.0.block,d214cb209a6870ea,Sequential,"{""class"": ""Sequential""}","[[1, 24, 56, 56]]","[""torch.float32""]","[[1, 40, 28, 28]]",features.3.0.block,forward,False,15350,,426496,,15,8.1371,7.8209,0.4923
features.3.0.block.0,b52d793282c2a0c5,Conv2dNormActivation,"{""class"": ""Conv2dNormActivation"", ""out_channels"": 144}","[[1, 24, 56, 56]]","[""torch.float32""]","[[1, 144, 56, 56]]",features.3.0.block.0,forward,False,3744,,2107392,,15,3.6248,3.4152,0.3403
features.3.0.block.0.0,2a41f5b8e853be70,Conv2d,"{""bias"": null, ""class"": ""Conv2d"", ""dilation"": [1, 1], ""groups"": 1, ""in_channels"": 24, ""kernel_size"": [1, 1], ""out_channels"": 144, ""padding"": [0, 0], ""stride"": [1, 1]}","[[1, 24, 56, 56]]","[""torch.float32""]","[[1, 144, 56, 56]]",features.3.0.block.0.0,forward,True,3456,10838016,2107392,5.1429,15,2.2079,2.1174,0.2952
features.3.0.block.0.1,3c80560d8cb1cc9c,BatchNorm2d,"{""bias"": ""Parameter containing:\ntensor([0., 0., 0., 0., 0., 0., 0., 0., 0., 0., 0., 0., 0., 0., 0., 0., 0., 0., 0., 0., 0., 0., 0., 0.,\n        0., 0., 0., 0., 0., 0., 0., 0., 0., 0., 0., 0., 0., 0., 0., 0., 0., 0., 0., 0., 0., 0., 0., 0.,\n        0., 0., 0., 0., 0., 0., 0., 0., 0., 0., 0., 0., 0., 0., 0., 0., 0., 0., 0., 0., 0., 0., 0., 0.,\n        0., 0., 0., 0., 0., 0., 0., 0., 0., 0., 0., 0., 0., 0., 0., 0., 0., 0., 0., 0., 0., 0., 0., 0.,\n        0., 0., 0., 0., 0., 0., 0., 0., 0., 0., 0., 0., 0., 0., 0., 0., 0., 0., 0., 0., 0., 0., 0., 0.,\n        0., 0., 0., 0., 0., 0., 0., 0., 0., 0., 0., 0., 0., 0., 0., 0., 0., 0., 0., 0., 0., 0., 0., 0.],\n       requires_grad=True)"", ""class"": ""BatchNorm2d"", ""eps"": 1e-05}","[[1, 144, 56, 56]]","[""torch.float32""]","[[1, 144, 56, 56]]",features.3.0.block.0.1,forward,True,288,,3612672,,15,0.4967,0.4914,0.0308
features.3.0.block.0.2,4c4e1f1a33f7c6ea,SiLU,"{""class"": ""SiLU""}","[[1, 144, 56, 56]]","[""torch.float32""]","[[1, 144, 56, 56]]",features.3.0.block.0.2,forward,True,0,,3612672,,15,0.7013,0.5694,0.2514
features.3.0.block.1,8b047259bac6d505,Conv2dNormActivation,"{""class"": ""Conv2dNormActivation"", ""out_channels"": 144}","[[1, 144, 56, 56]]","[""torch.float32""]","[[1, 144, 28, 28]]",features.3.0.block.1,forward,False,3888,,2257920,,15,2.7652,2.9319,0.3108
features.3.0.block.1.0,f3fb008ccad1288b,Conv2d,"{""bias"": null, ""class"": ""Conv2d"", ""dilation"": [1, 1], ""groups"": 144, ""in_channels"": 144, ""kernel_size"": [5, 5], ""out_channels"": 144, ""padding"": [2, 2], ""stride"": [2, 2]}","[[1, 144, 56, 56]]","[""torch.float32""]","[[1, 144, 28, 28]]",features.3.0.block.1.0,forward,True,3600,2822400,2257920,1.25,15,2.1947,2.4149,0.3786
features.3.0.block.1.1,a04d2bec904cb75f,BatchNorm2d,"{""bias"": ""Parameter containing:\ntensor([0., 0., 0., 0., 0., 0., 0., 0., 0., 0., 0., 0., 0., 0., 0., 0., 0., 0., 0., 0., 0., 0., 0., 0.,\n        0., 0., 0., 0., 0., 0., 0., 0., 0., 0., 0., 0., 0., 0., 0., 0., 0., 0., 0., 0., 0., 0., 0., 0.,\n        0., 0., 0., 0., 0., 0., 0., 0., 0., 0., 0., 0., 0., 0., 0., 0., 0., 0., 0., 0., 0., 0., 0., 0.,\n        0., 0., 0., 0., 0., 0., 0., 0., 0., 0., 0., 0., 0., 0., 0., 0., 0., 0., 0., 0., 0., 0., 0., 0.,\n        0., 0., 0., 0., 0., 0., 0., 0., 0., 0., 0., 0., 0., 0., 0., 0., 0., 0., 0., 0., 0., 0., 0., 0.,\n        0., 0., 0., 0., 0., 0., 0., 0., 0., 0., 0., 0., 0., 0., 0., 0., 0., 0., 0., 0., 0., 0., 0., 0.],\n       requires_grad=True)"", ""class"": ""BatchNorm2d"", ""eps"": 1e-05}","[[1, 144, 28, 28]]","[""torch.float32""]","[[1, 144, 28, 28]]",features.3.0.block.1.1,forward,True,288,,903168,,15,0.1854,0.1515,0.0961
features.3.0.block.1.2,872823d7592115c1,SiLU,"{""class"": ""SiLU""}","[[1, 144, 28, 28]]","[""torch.float32""]","[[1, 144, 28, 28]]",features.3.0.block.1.2,forward,True,0,,903168,,15,0.1833,0.1618,0.0781
features.3.0.block.2,4f1a1adb38184941,SqueezeExcitation,"{""class"": ""SqueezeExcitation""}","[[1, 144, 28, 28]]","[""torch.float32""]","[[1, 144, 28, 28]]",features.3.0.block.2,forward,False,1878,,903168,,15,0.6025,0.5189,0.201
features.3.0.block.2.avgpool,314c396d171167fd,AdaptiveAvgPool2d,"{""class"": ""AdaptiveAvgPool2d""}","[[1, 144, 28, 28]]","[""torch.float32""]","[[1, 144, 1, 1]]",features.3.0.block.2.avgpool,forward,True,0,,452160,,15,0.1042,0.0958,0.0258
features.3.0.block.2.fc1,d8ec57ef24a86b18,Conv2d,"{""bias"": ""Parameter containing:\ntensor([0., 0., 0., 0., 0., 0.], requires_grad=True)"", ""class"": ""Conv2d"", ""dilation"": [1, 1], ""groups"": 1, ""in_channels"": 144, ""kernel_size"": [1, 1], ""out_channels"": 6, ""padding"": [0, 0], ""stride"": [1, 1]}","[[1, 144, 1, 1]]","[""torch.float32""]","[[1, 6, 1, 1]]",features.3.0.block.2.fc1,forward,True,870,864,600,1.44,15,0.0804,0.0791,0.0045
features.3.0.block.2.fc2,a8947d3a81d888b0,Conv2d,"{""bias"": ""Parameter containing:\ntensor([0., 0., 0., 0., 0., 0., 0., 0., 0., 0., 0., 0., 0., 0., 0., 0., 0., 0., 0., 0., 0., 0., 0., 0.,\n        0., 0., 0., 0., 0., 0., 0., 0., 0., 0., 0., 0., 0., 0., 0., 0., 0., 0., 0., 0., 0., 0., 0., 0.,\n        0., 0., 0., 0., 0., 0., 0., 0., 0., 0., 0., 0., 0., 0., 0., 0., 0., 0., 0., 0., 0., 0., 0., 0.,\n        0., 0., 0., 0., 0., 0., 0., 0., 0., 0., 0., 0., 0., 0., 0., 0., 0., 0., 0., 0., 0., 0., 0., 0.,\n        0., 0., 0., 0., 0., 0., 0., 0., 0., 0., 0., 0., 0., 0., 0., 0., 0., 0., 0., 0., 0., 0., 0., 0.,\n        0., 0., 0., 0., 0., 0., 0., 0., 0., 0., 0., 0., 0., 0., 0., 0., 0., 0., 0., 0., 0., 0., 0., 0.],\n       requires_grad=True)"", ""class"": ""Conv2d"", ""dilation"": [1, 1], ""groups"": 1, ""in_channels"": 6, ""kernel_size"": [1, 1], ""out_channels"": 144, ""padding"": [0, 0], ""stride"": [1, 1]}","[[1, 6, 1, 1]]","[""torch.float32""]","[[1, 144, 1, 1]]",features.3.0.block.2.fc2,forward,True,1008,864,600,1.44,15,0.0569,0.0498,0.02
features.3.0.block.2.activation,8d02e85b6aa85f88,SiLU,"{""class"": ""SiLU""}","[[1, 6, 1, 1]]","[""torch.float32""]","[[1, 6, 1, 1]]",features.3.0.block.2.activation,forward,True,0,,48,,15,0.0165,0.0158,0.0017
features.3.0.block.2.scale_activation,1ec94b3f3ccde77c,Sigmoid,"{""class"": ""Sigmoid""}","[[1, 144, 1, 1]]","[""torch.float32""]","[[1, 144, 1, 1]]",features.3.0.block.2.scale_activation,forward,True,0,,1152,,15,0.0214,0.0195,0.005
features.3.0.block.3,7c0652eeddb35ae3,Conv2dNormActivation,"{""class"": ""Conv2dNormActivation"", ""out_channels"": 40}","[[1, 144, 28, 28]]","[""torch.float32""]","[[1, 40, 28, 28]]",features.3.0.block.3,forward,False,5840,,577024,,15,0.8764,0.6891,0.3059
features.3.0.block.3.0,0fd74097814a4478,Conv2d,"{""bias"": null, ""class"": ""Conv2d"", ""dilation"": [1, 1], ""groups"": 1, ""in_channels"": 144, ""kernel_size"": [1, 1], ""out_channels"": 40, ""padding"": [0, 0], ""stride"": [1, 1]}","[[1, 144, 28, 28]]","[""torch.float32""]","[[1, 40, 28, 28]]",features.3.0.block.3.0,forward,True,5760,4515840,577024,7.8261,15,0.56,0.5356,0.0476
features.3.0.block.3.1,8d756fb0f4600e20,BatchNorm2d,"{""bias"": ""Parameter containing:\ntensor([0., 0., 0., 0., 0., 0., 0., 0., 0., 0., 0., 0., 0., 0., 0., 0., 0., 0., 0., 0., 0., 0., 0., 0.,\n        0., 0., 0., 0., 0., 0., 0., 0., 0., 0., 0., 0., 0., 0., 0., 0.],\n       requires_grad=True)"", ""class"": ""BatchNorm2d"", ""eps"": 1e-05}","[[1, 40, 28, 28]]","[""torch.float32""]","[[1, 40, 28, 28]]",features.3.0.block.3.1,forward,True,80,,250880,,15,0.2282,0.0757,0.284
features.3.1,393cc3add8871cd5,MBConv,"{""class"": ""MBConv"", ""out_channels"": 40}","[[1, 40, 28, 28]]","[""torch.float32""]","[[1, 40, 28, 28]]",features.3.1,forward,False,31290,,250880,,15,6.0083,5.9882,0.538
features.3.1.block,e3f9de2a44c06125,Sequential,"{""class"": ""Sequential""}","[[1, 40, 28, 28]]","[""torch.float32""]","[[1, 40, 28, 28]]",features.3.1.block,forward,False,31290,,250880,,15,5.8537,5.8475,0.5378
features.3.1.block.0,183f6992b3a8cec6,Conv2dNormActivation,"{""class"": ""Conv2dNormActivation"", ""out_channels"": 240}","[[1, 40, 28, 28]]","[""torch.float32""]","[[1, 240, 28, 28]]",features.3.1.block.0,forward,False,10080,,878080,,15,1.7463,1.6219,0.3512
features.3.1.block.0.0,a5027fac9d664b48,Conv2d,"{""bias"": null, ""class"": ""Conv2d"", ""dilation"": [1, 1], ""groups"": 1, ""in_channels"": 40, ""kernel_size"": [1, 1], ""out_channels"": 240, ""padding"": [0, 0], ""stride"": [1, 1]}","[[1, 40, 28, 28]]","[""torch.float32""]","[[1, 240, 28, 28]]",features.3.1.block.0.0,forward,True,9600,7526400,878080,8.5714,15,1.0491,0.9353,0.3262
features.3.1.block.0.1,d75b6620acb99d9a,BatchNorm2d,"{""bias"": ""Parameter containing:\ntensor([0., 0., 0., 0., 0., 0., 0., 0., 0., 0., 0., 0., 0., 0., 0., 0., 0., 0., 0., 0., 0., 0., 0., 0.,\n        0., 0., 0., 0., 0., 0., 0., 0., 0., 0., 0., 0., 0., 0., 0., 0., 0., 0., 0., 0., 0., 0., 0., 0.,\n        0., 0., 0., 0., 0., 0., 0., 0., 0., 0., 0., 0., 0., 0., 0., 0., 0., 0., 0., 0., 0., 0., 0., 0.,\n        0., 0., 0., 0., 0., 0., 0., 0., 0., 0., 0., 0., 0., 0., 0., 0., 0., 0., 0., 0., 0., 0., 0., 0.,\n        0., 0., 0., 0., 0., 0., 0., 0., 0., 0., 0., 0., 0., 0., 0., 0., 0., 0., 0., 0., 0., 0., 0., 0.,\n        0., 0., 0., 0., 0., 0., 0., 0., 0., 0., 0., 0., 0., 0., 0., 0., 0., 0., 0., 0., 0., 0., 0., 0.,\n        0., 0., 0., 0., 0., 0., 0., 0., 0., 0., 0., 0., 0., 0., 0., 0., 0., 0., 0., 0., 0., 0., 0., 0.,\n        0., 0., 0., 0., 0., 0., 0., 0., 0., 0., 0., 0., 0., 0., 0., 0., 0., 0., 0., 0., 0., 0., 0., 0.,\n        0., 0., 0., 0., 0., 0., 0., 0., 0., 0., 0., 0., 0., 0., 0., 0., 0., 0., 0., 0., 0., 0., 0., 0.,\n        0., 0., 0., 0., 0., 0., 0., 0., 0., 0., 0., 0., 0., 0., 0., 0., 0., 0., 0., 0., 0., 0., 0., 0.],\n       requires_grad=True)"", ""class"": ""BatchNorm2d"", ""eps"": 1e-05}","[[1, 240, 28, 28]]","[""torch.float32""]","[[1, 240, 28, 28]]",features.3.1.block.0.1,forward,True,480,,1505280,,15,0.2461,0.2355,0.0319
features.3.1.block.0.2,6e2a953602a17cb1,SiLU,"{""class"": ""SiLU""}","[[1, 240, 28, 28]]","[""torch.float32""]","[[1, 240, 28, 28]]",features.3.1.block.0.2,forward,True,0,,1505280,,15,0.281,0.2536,0.0752
features.3.1.block.1,8772b4acdc4797c3,Conv2dNormActivation,"{""class"": ""Conv2dNormActivation"", ""out_channels"": 240}","[[1, 240, 28, 28]]","[""torch.float32""]","[[1, 240, 28, 28]]",features.3.1.block.1,forward,False,6480,,1505280,,15,1.9011,1.7323,0.3664
features.3.1.block.1.0,c5211a97014a1079,Conv2d,"{""bias"": null, ""class"": ""Conv2d"", ""dilation"": [1, 1], ""groups"": 240, ""in_channels"": 240, ""kernel_size"": [5, 5], ""out_channels"": 240, ""padding"": [2, 2], ""stride"": [1, 1]}","[[1, 240, 28, 28]]","[""torch.float32""]","[[1, 240, 28, 28]]",features.3.1.block.1.0,forward,True,6000,4704000,1505280,3.125,15,1.1721,1.0195,0.3186
features.3.1.block.1.1,d75b6620acb99d9a,BatchNorm2d,"{""bias"": ""Parameter containing:\ntensor([0., 0., 0., 0., 0., 0., 0., 0., 0., 0., 0., 0., 0., 0., 0., 0., 0., 0., 0., 0., 0., 0., 0., 0.,\n        0., 0., 0., 0., 0., 0., 0., 0., 0., 0., 0., 0., 0., 0., 0., 0., 0., 0., 0., 0., 0., 0., 0., 0.,\n        0., 0., 0., 0., 0., 0., 0., 0., 0., 0., 0., 0., 0., 0., 0., 0., 0., 0., 0., 0., 0., 0., 0., 0.,\n        0., 0., 0., 0., 0., 0., 0., 0., 0., 0., 0., 0., 0., 0., 0., 0., 0., 0., 0., 0., 0., 0., 0., 0.,\n        0., 0., 0., 0., 0., 0., 0., 0., 0., 0., 0., 0., 0., 0., 0., 0., 0., 0., 0., 0., 0., 0., 0., 0.,\n        0., 0., 0., 0., 0., 0., 0., 0., 0., 0., 0., 0., 0., 0., 0., 0., 0., 0., 0., 0., 0., 0., 0., 0.,\n        0., 0., 0., 0., 0., 0., 0., 0., 0., 0., 0., 0., 0., 0., 0., 0., 0., 0., 0., 0., 0., 0., 0., 0.,\n        0., 0., 0., 0., 0., 0., 0., 0., 0., 0., 0., 0., 0., 0., 0., 0., 0., 0., 0., 0., 0., 0., 0., 0.,\n        0., 0., 0., 0., 0., 0., 0., 0., 0., 0., 0., 0., 0., 0., 0., 0., 0., 0., 0., 0., 0., 0., 0., 0.,\n        0., 0., 0., 0., 0., 0., 0., 0., 0., 0., 0., 0., 0., 0., 0., 0., 0., 0., 0., 0., 0., 0., 0., 0.],\n       requires_grad=True)"", ""class"": ""BatchNorm2d"", ""eps"": 1e-05}","[[1, 240, 28, 28]]","[""torch.float32""]","[[1, 240, 28, 28]]",features.3.1.block.1.1,forward,True,480,,1505280,,15,0.2232,0.1989,0.0594
features.3.1.block.1.2,6e2a953602a17cb1,SiLU,"{""class"": ""SiLU""}","[[1, 240, 28, 28]]","[""torch.float32""]","[[1, 240, 28, 28]]",features.3.1.block.1.2,forward,True,0,,1505280,,15,0.3216,0.2454,0.2302
features.3.1.block.2,f1bf5faa42431d36,SqueezeExcitation,"{""class"": ""SqueezeExcitation""}","[[1, 240, 28, 28]]","[""torch.float32""]","[[1, 240, 28, 28]]",features.3.1.block.2,forward,False,5050,,1505280,,15,0.7684,0.619,0.2726
features.3.1.block.2.avgpool,a57dc48d9d76cde2,AdaptiveAvgPool2d,"{""class"": ""AdaptiveAvgPool2d""}","[[1, 240, 28, 28]]","[""torch.float32""]","[[1, 240, 1, 1]]",features.3.1.block.2.avgpool,forward,True,0,,753600,,15,0.1215,0.117,0.019
features.3.1.block.2.fc1,13183612f85554a5,Conv2d,"{""bias"": ""Parameter containing:\ntensor([0., 0., 0., 0., 0., 0., 0., 0., 0., 0.], requires_grad=True)"", ""class"": ""Conv2d"", ""dilation"": [1, 1], ""groups"": 1, ""in_channels"": 240, ""kernel_size"": [1, 1], ""out_channels"": 10, ""padding"": [0, 0], ""stride"": [1, 1]}","[[1, 240, 1, 1]]","[""torch.float32""]","[[1, 10, 1, 1]]",features.3.1.block.2.fc1,forward,True,2410,2400,1000,2.4,15,0.0795,0.0786,0.0034
features.3.1.block.2.fc2,c5fb326d9c1c3b1b,Conv2d,"{""bias"": ""Parameter containing:\ntensor([0., 0., 0., 0., 0., 0., 0., 0., 0., 0., 0., 0., 0., 0., 0., 0., 0., 0., 0., 0., 0., 0., 0., 0.,\n        0., 0., 0., 0., 0., 0., 0., 0., 0., 0., 0., 0., 0., 0., 0., 0., 0., 0., 0., 0., 0., 0., 0., 0.,\n        0., 0., 0., 0., 0., 0., 0., 0., 0., 0., 0., 0., 0., 0., 0., 0., 0., 0., 0., 0., 0., 0., 0., 0.,\n        0., 0., 0., 0., 0., 0., 0., 0., 0., 0., 0., 0., 0., 0., 0., 0., 0., 0., 0., 0., 0., 0., 0., 0.,\n        0., 0., 0., 0., 0., 0., 0., 0., 0., 0., 0., 0., 0., 0., 0., 0., 0., 0., 0., 0., 0., 0., 0., 0.,\n        0., 0., 0., 0., 0., 0., 0., 0., 0., 0., 0., 0., 0., 0., 0., 0., 0., 0., 0., 0., 0., 0., 0., 0.,\n        0., 0., 0., 0., 0., 0., 0., 0., 0., 0., 0., 0., 0., 0., 0., 0., 0., 0., 0., 0., 0., 0., 0., 0.,\n        0., 0., 0., 0., 0., 0., 0., 0., 0., 0., 0., 0., 0., 0., 0., 0., 0., 0., 0., 0., 0., 0., 0., 0.,\n        0., 0., 0., 0., 0., 0., 0., 0., 0., 0., 0., 0., 0., 0., 0., 0., 0., 0., 0., 0., 0., 0., 0., 0.,\n        0., 0., 0., 0., 0., 0., 0., 0., 0., 0., 0., 0., 0., 0., 0., 0., 0., 0., 0., 0., 0., 0., 0., 0.],\n       requires_grad=True)"", ""class"": ""Conv2d"", ""dilation"": [1, 1], ""groups"": 1, ""in_channels"": 10, ""kernel_size"": [1, 1], ""out_channels"": 240, ""padding"": [0, 0], ""stride"": [1, 1]}","[[1, 10, 1, 1]]","[""torch.float32""]","[[1, 240, 1, 1]]",features.3.1.block.2.fc2,forward,True,2640,2400,1000,2.4,15,0.0571,0.0558,0.0112
features.3.1.block.2.activation,6261213efe6fd0e3,SiLU,"{""class"": ""SiLU""}","[[1, 10, 1, 1]]","[""torch.float32""]","[[1, 10, 1, 1]]",features.3.1.block.2.activation,forward,True,0,,80,,15,0.0163,0.0155,0.0017
features.3.1.block.2.scale_activation,07534a5ec8f823e8,Sigmoid,"{""class"": ""Sigmoid""}","[[1, 240, 1, 1]]","[""torch.float32""]","[[1, 240, 1, 1]]",features.3.1.block.2.scale_activation,forward,True,0,,1920,,15,0.0483,0.0193,0.0737
features.3.1.block.3,76698b54b93fb313,Conv2dNormActivation,"{""class"": ""Conv2dNormActivation"", ""out_channels"": 40}","[[1, 240, 28, 28]]","[""torch.float32""]","[[1, 40, 28, 28]]",features.3.1.block.3,forward,False,9680,,878080,,15,1.2562,1.0968,0.343
features.3.1.block.3.0,30701d78ef2de7e3,Conv2d,"{""bias"": null, ""class"": ""Conv2d"", ""dilation"": [1, 1], ""groups"": 1, ""in_channels"": 240, ""kernel_size"": [1, 1], ""out_channels"": 40, ""padding"": [0, 0], ""stride"": [1, 1]}","[[1, 240, 28, 28]]","[""torch.float32""]","[[1, 40, 28, 28]]",features.3.1.block.3.0,forward,True,9600,7526400,878080,8.5714,15,1.0462,0.8998,0.3247
features.3.1.block.3.1,8d756fb0f4600e20,BatchNorm2d,"{""bias"": ""Parameter containing:\ntensor([0., 0., 0., 0., 0., 0., 0., 0., 0., 0., 0., 0., 0., 0., 0., 0., 0., 0., 0., 0., 0., 0., 0., 0.,\n        0., 0., 0., 0., 0., 0., 0., 0., 0., 0., 0., 0., 0., 0., 0., 0.],\n       requires_grad=True)"", ""class"": ""BatchNorm2d"", ""eps"": 1e-05}","[[1, 40, 28, 28]]","[""torch.float32""]","[[1, 40, 28, 28]]",features.3.1.block.3.1,forward,True,80,,250880,,15,0.1029,0.0978,0.0109
features.3.1.stochastic_depth,faf4b10766e05405,StochasticDepth,"{""class"": ""StochasticDepth""}","[[1, 40, 28, 28]]","[""torch.float32""]","[[1, 40, 28, 28]]",features.3.1.stochastic_depth,forward,True,0,,250880,,15,0.0148,0.0147,0.0008
features.4,e3f9de2a44c06125,Sequential,"{""class"": ""Sequential""}","[[1, 40, 28, 28]]","[""torch.float32""]","[[1, 80, 14, 14]]",features.4,forward,False,242930,,188160,,15,13.1881,12.5639,1.6705
features.4.0,3bac54fba1255a18,MBConv,"{""class"": ""MBConv"", ""out_channels"": 80}","[[1, 40, 28, 28]]","[""torch.float32""]","[[1, 80, 14, 14]]",features.4.0,forward,False,37130,,188160,,15,4.6324,4.6693,0.3153
features.4.0.block,e3f9de2a44c06125,Sequential,"{""class"": ""Sequential""}","[[1, 40, 28, 28]]","[""torch.float32""]","[[1, 80, 14, 14]]",features.4.0.block,forward,False,37130,,188160,,15,4.6031,4.6392,0.3151
features.4.0.block.0,183f6992b3a8cec6,Conv2dNormActivation,"{""class"": ""Conv2dNormActivation"", ""out_channels"": 240}","[[1, 40, 28, 28]]","[""torch.float32""]","[[1, 240, 28, 28]]",features.4.0.block.0,forward,False,10080,,878080,,15,1.8757,1.8633,0.4559
features.4.0.block.0.0,a5027fac9d664b48,Conv2d,"{""bias"": null, ""class"": ""Conv2d"", ""dilation"": [1, 1], ""groups"": 1, ""in_channels"": 40, ""kernel_size"": [1, 1], ""out_channels"": 240, ""padding"": [0, 0], ""stride"": [1, 1]}","[[1, 40, 28, 28]]","[""torch.float32""]","[[1, 240, 28, 28]]",features.4.0.block.0.0,forward,True,9600,7526400,878080,8.5714,15,1.0402,1.0004,0.2971
features.4.0.block.0.1,d75b6620acb99d9a,BatchNorm2d,"{""bias"": ""Parameter containing:\ntensor([0., 0., 0., 0., 0., 0., 0., 0., 0., 0., 0., 0., 0., 0., 0., 0., 0., 0., 0., 0., 0., 0., 0., 0.,\n        0., 0., 0., 0., 0., 0., 0., 0., 0., 0., 0., 0., 0., 0., 0., 0., 0., 0., 0., 0., 0., 0., 0., 0.,\n        0., 0., 0., 0., 0., 0., 0., 0., 0., 0., 0., 0., 0., 0., 0., 0., 0., 0., 0., 0., 0., 0., 0., 0.,\n        0., 0., 0., 0., 0., 0., 0., 0., 0., 0., 0., 0., 0., 0., 0., 0., 0., 0., 0., 0., 0., 0., 0., 0.,\n        0., 0., 0., 0., 0., 0., 0., 0., 0., 0., 0., 0., 0., 0., 0., 0., 0., 0., 0., 0., 0., 0., 0., 0.,\n        0., 0., 0., 0., 0., 0., 0., 0., 0., 0., 0., 0., 0., 0., 0., 0., 0., 0., 0., 0., 0., 0., 0., 0.,\n        0., 0., 0., 0., 0., 0., 0., 0., 0., 0., 0., 0., 0., 0., 0., 0., 0., 0., 0., 0., 0., 0., 0., 0.,\n        0., 0., 0., 0., 0., 0., 0., 0., 0., 0., 0., 0., 0., 0., 0., 0., 0., 0., 0., 0., 0., 0., 0., 0.,\n        0., 0., 0., 0., 0., 0., 0., 0., 0., 0., 0., 0., 0., 0., 0., 0., 0., 0., 0., 0., 0., 0., 0., 0.,\n        0., 0., 0., 0., 0., 0., 0., 0., 0., 0., 0., 0., 0., 0., 0., 0., 0., 0., 0., 0., 0., 0., 0., 0.],\n       requires_grad=True)"", ""class"": ""BatchNorm2d"", ""eps"": 1e-05}","[[1, 240, 28, 28]]","[""torch.float32""]","[[1, 240, 28, 28]]",features.4.0.block.0.1,forward,True,480,,1505280,,15,0.3785,0.2503,0.2728
features.4.0.block.0.2,6e2a953602a17cb1,SiLU,"{""class"": ""SiLU""}","[[1, 240, 28, 28]]","[""torch.float32""]","[[1, 240, 28, 28]]",features.4.0.block.0.2,forward,True,0,,1505280,,15,0.2695,0.2508,0.0465
features.4.0.block.1,8772b4acdc4797c3,Conv2dNormActivation,"{""class"": ""Conv2dNormActivation"", ""out_channels"": 240}","[[1, 240, 28, 28]]","[""torch.float32""]","[[1, 240, 14, 14]]",features.4.0.block.1,forward,False,2640,,940800,,15,1.168,1.12,0.1849
features.4.0.block.1.0,49f0143e55984c10,Conv2d,"{""bias"": null, ""class"": ""Conv2d"", ""dilation"": [1, 1], ""groups"": 240, ""in_channels"": 240, ""kernel_size"": [3, 3], ""out_channels"": 240, ""padding"": [1, 1], ""stride"": [2, 2]}","[[1, 240, 28, 28]]","[""torch.float32""]","[[1, 240, 14, 14]]",features.4.0.block.1.0,forward,True,2160,423360,940800,0.45,15,0.7696,0.745,0.1279
features.4.0.block.1.1,a838ff16439e9fff,BatchNorm2d,"{""bias"": ""Parameter containing:\ntensor([0., 0., 0., 0., 0., 0., 0., 0., 0., 0., 0., 0., 0., 0., 0., 0., 0., 0., 0., 0., 0., 0., 0., 0.,\n        0., 0., 0., 0., 0., 0., 0., 0., 0., 0., 0., 0., 0., 0., 0., 0., 0., 0., 0., 0., 0., 0., 0., 0.,\n        0., 0., 0., 0., 0., 0., 0., 0., 0., 0., 0., 0., 0., 0., 0., 0., 0., 0., 0., 0., 0., 0., 0., 0.,\n        0., 0., 0., 0., 0., 0., 0., 0., 0., 0., 0., 0., 0., 0., 0., 0., 0., 0., 0., 0., 0., 0., 0., 0.,\n        0., 0., 0., 0., 0., 0., 0., 0., 0., 0., 0., 0., 0., 0., 0., 0., 0., 0., 0., 0., 0., 0., 0., 0.,\n        0., 0., 0., 0., 0., 0., 0., 0., 0., 0., 0., 0., 0., 0., 0., 0., 0., 0., 0., 0., 0., 0., 0., 0.,\n        0., 0., 0., 0., 0., 0., 0., 0., 0., 0., 0., 0., 0., 0., 0., 0., 0., 0., 0., 0., 0., 0., 0., 0.,\n        0., 0., 0., 0., 0., 0., 0., 0., 0., 0., 0., 0., 0., 0., 0., 0., 0., 0., 0., 0., 0., 0., 0., 0.,\n        0., 0., 0., 0., 0., 0., 0., 0., 0., 0., 0., 0., 0., 0., 0., 0., 0., 0., 0., 0., 0., 0., 0., 0.,\n        0., 0., 0., 0., 0., 0., 0., 0., 0., 0., 0., 0., 0., 0., 0., 0., 0., 0., 0., 0., 0., 0., 0., 0.],\n       requires_grad=True)"", ""class"": ""BatchNorm2d"", ""eps"": 1e-05}","[[1, 240, 14, 14]]","[""torch.float32""]","[[1, 240, 14, 14]]",features.4.0.block.1.1,forward,True,480,,376320,,15,0.1109,0.1002,0.0259
features.4.0.block.1.2,a45d21aa621b4e24,SiLU,"{""class"": ""SiLU""}","[[1, 240, 14, 14]]","[""torch.float32""]","[[1, 240, 14, 14]]",features.4.0.block.1.2,forward,True,0,,376320,,15,0.1258,0.1184,0.0138
features.4.0.block.2,06bbe9d42034915e,SqueezeExcitation,"{""class"": ""SqueezeExcitation""}","[[1, 240, 14, 14]]","[""torch.float32""]","[[1, 240, 14, 14]]",features.4.0.block.2,forward,False,5050,,376320,,15,0.6019,0.5069,0.2237
features.4.0.block.2.avgpool,88da3869c56a940a,AdaptiveAvgPool2d,"{""class"": ""AdaptiveAvgPool2d""}","[[1, 240, 14, 14]]","[""torch.float32""]","[[1, 240, 1, 1]]",features.4.0.block.2.avgpool,forward,True,0,,189120,,15,0.1693,0.0865,0.2253
features.4.0.block.2.fc1,13183612f85554a5,Conv2d,"{""bias"": ""Parameter containing:\ntensor([0., 0., 0., 0., 0., 0., 0., 0., 0., 0.], requires_grad=True)"", ""class"": ""Conv2d"", ""dilation"": [1, 1], ""groups"": 1, ""in_channels"": 240, ""kernel_size"": [1, 1], ""out_channels"": 10, ""padding"": [0, 0], ""stride"": [1, 1]}","[[1, 240, 1, 1]]","[""torch.float32""]","[[1, 10, 1, 1]]",features.4.0.block.2.fc1,forward,True,2410,2400,1000,2.4,15,0.0817,0.0763,0.0115
features.4.0.block.2.fc2,c5fb326d9c1c3b1b,Conv2d,"{""bias"": ""Parameter containing:\ntensor([0., 0., 0., 0., 0., 0., 0., 0., 0., 0., 0., 0., 0., 0., 0., 0., 0., 0., 0., 0., 0., 0., 0., 0.,\n        0., 0., 0., 0., 0., 0., 0., 0., 0., 0., 0., 0., 0., 0., 0., 0., 0., 0., 0., 0., 0., 0., 0., 0.,\n        0., 0., 0., 0., 0., 0., 0., 0., 0., 0., 0., 0., 0., 0., 0., 0., 0., 0., 0., 0., 0., 0., 0., 0.,\n        0., 0., 0., 0., 0., 0., 0., 0., 0., 0., 0., 0., 0., 0., 0., 0., 0., 0., 0., 0., 0., 0., 0., 0.,\n        0., 0., 0., 0., 0., 0., 0., 0., 0., 0., 0., 0., 0., 0., 0., 0., 0., 0., 0., 0., 0., 0., 0., 0.,\n        0., 0., 0., 0., 0., 0., 0., 0., 0., 0., 0., 0., 0., 0., 0., 0., 0., 0., 0., 0., 0., 0., 0., 0.,\n        0., 0., 0., 0., 0., 0., 0., 0., 0., 0., 0., 0., 0., 0., 0., 0., 0., 0., 0., 0., 0., 0., 0., 0.,\n        0., 0., 0., 0., 0., 0., 0., 0., 0., 0., 0., 0., 0., 0., 0., 0., 0., 0., 0., 0., 0., 0., 0., 0.,\n        0., 0., 0., 0., 0., 0., 0., 0., 0., 0., 0., 0., 0., 0., 0., 0., 0., 0., 0., 0., 0., 0., 0., 0.,\n        0., 0., 0., 0., 0., 0., 0., 0., 0., 0., 0., 0., 0., 0., 0., 0., 0., 0., 0., 0., 0., 0., 0., 0.],\n       requires_grad=True)"", ""class"": ""Conv2d"", ""dilation"": [1, 1], ""groups"": 1, ""in_channels"": 10, ""kernel_size"": [1, 1], ""out_channels"": 240, ""padding"": [0, 0], ""stride"": [1, 1]}","[[1, 10, 1, 1]]","[""torch.float32""]","[[1, 240, 1, 1]]",features.4.0.block.2.fc2,forward,True,2640,2400,1000,2.4,15,0.0579,0.0544,0.012
features.4.0.block.2.activation,6261213efe6fd0e3,SiLU,"{""class"": ""SiLU""}","[[1, 10, 1, 1]]","[""torch.float32""]","[[1, 10, 1, 1]]",features.4.0.block.2.activation,forward,True,0,,80,,15,0.0171,0.0168,0.0014
features.4.0.block.2.scale_activation,07534a5ec8f823e8,Sigmoid,"{""class"": ""Sigmoid""}","[[1, 240, 1, 1]]","[""torch.float32""]","[[1, 240, 1, 1]]",features.4.0.block.2.scale_activation,forward,True,0,,1920,,15,0.0204,0.0197,0.0021
features.4.0.block.3,2fd7b8db97ef447d,Conv2dNormActivation,"{""class"": ""Conv2dNormActivation"", ""out_channels"": 80}","[[1, 240, 14, 14]]","[""torch.float32""]","[[1, 80, 14, 14]]",features.4.0.block.3,forward,False,19360,,250880,,15,0.7957,0.5995,0.3783
features.4.0.block.3.0,389e2a26e3876a34,Conv2d,"{""bias"": null, ""class"": ""Conv2d"", ""dilation"": [1, 1], ""groups"": 1, ""in_channels"": 240, ""kernel_size"": [1, 1], ""out_channels"": 80, ""padding"": [0, 0], ""stride"": [1, 1]}","[[1, 240, 14, 14]]","[""torch.float32""]","[[1, 80, 14, 14]]",features.4.0.block.3.0,forward,True,19200,3763200,250880,15.0,15,0.6229,0.4493,0.3462
features.4.0.block.3.1,014653ad081f9c01,BatchNorm2d,"{""bias"": ""Parameter containing:\ntensor([0., 0., 0., 0., 0., 0., 0., 0., 0., 0., 0., 0., 0., 0., 0., 0., 0., 0., 0., 0., 0., 0., 0., 0.,\n        0., 0., 0., 0., 0., 0., 0., 0., 0., 0., 0., 0., 0., 0., 0., 0., 0., 0., 0., 0., 0., 0., 0., 0.,\n        0., 0., 0., 0., 0., 0., 0., 0., 0., 0., 0., 0., 0., 0., 0., 0., 0., 0., 0., 0., 0., 0., 0., 0.,\n        0., 0., 0., 0., 0., 0., 0., 0.], requires_grad=True)"", ""class"": ""BatchNorm2d"", ""eps"": 1e-05}","[[1, 80, 14, 14]]","[""torch.float32""]","[[1, 80, 14, 14]]",features.4.0.block.3.1,forward,True,160,,125440,,15,0.0866,0.0741,0.0346
features.4.1,517b9fc72a59f2a7,MBConv,"{""class"": ""MBConv"", ""out_channels"": 80}","[[1, 80, 14, 14]]","[""torch.float32""]","[[1, 80, 14, 14]]",features.4.1,forward,False,102900,,125440,,15,3.9775,4.118,0.377
features.4.1.block,16a01b6bbcb009fa,Sequential,"{""class"": ""Sequential""}","[[1, 80, 14, 14]]","[""torch.float32""]","[[1, 80, 14, 14]]",features.4.1.block,forward,False,102900,,125440,,15,3.8518,3.9944,0.3789
features.4.1.block.0,d35d9ba272b5ba6b,Conv2dNormActivation,"{""class"": ""Conv2dNormActivation"", ""out_channels"": 480}","[[1, 80, 14, 14]]","[""torch.float32""]","[[1, 480, 14, 14]]",features.4.1.block.0,forward,False,39360,,439040,,15,0.9029,0.6557,0.3627
features.4.1.block.0.0,512c1e7c7e47251c,Conv2d,"{""bias"": null, ""class"": ""Conv2d"", ""dilation"": [1, 1], ""groups"": 1, ""in_channels"": 80, ""kernel_size"": [1, 1], ""out_channels"": 480, ""padding"": [0, 0], ""stride"": [1, 1]}","[[1, 80, 14, 14]]","[""torch.float32""]","[[1, 480, 14, 14]]",features.4.1.block.0.0,forward,True,38400,7526400,439040,17.1429,15,0.3998,0.2513,0.267
features.4.1.block.0.1,a0084f422d6d88f7,BatchNorm2d,"{""bias"": ""Parameter containing:\ntensor([0., 0., 0., 0., 0., 0., 0., 0., 0., 0., 0., 0., 0., 0., 0., 0., 0., 0., 0., 0., 0., 0., 0., 0.,\n        0., 0., 0., 0., 0., 0., 0., 0., 0., 0., 0., 0., 0., 0., 0., 0., 0., 0., 0., 0., 0., 0., 0., 0.,\n        0., 0., 0., 0., 0., 0., 0., 0., 0., 0., 0., 0., 0., 0., 0., 0., 0., 0., 0., 0., 0., 0., 0., 0.,\n        0., 0., 0., 0., 0., 0., 0., 0., 0., 0., 0., 0., 0., 0., 0., 0., 0., 0., 0., 0., 0., 0., 0., 0.,\n        0., 0., 0., 0., 0., 0., 0., 0., 0., 0., 0., 0., 0., 0., 0., 0., 0., 0., 0., 0., 0., 0., 0., 0.,\n        0., 0., 0., 0., 0., 0., 0., 0., 0., 0., 0., 0., 0., 0., 0., 0., 0., 0., 0., 0., 0., 0., 0., 0.,\n        0., 0., 0., 0., 0., 0., 0., 0., 0., 0., 0., 0., 0., 0., 0., 0., 0., 0., 0., 0., 0., 0., 0., 0.,\n        0., 0., 0., 0., 0., 0., 0., 0., 0., 0., 0., 0., 0., 0., 0., 0., 0., 0., 0., 0., 0., 0., 0., 0.,\n        0., 0., 0., 0., 0., 0., 0., 0., 0., 0., 0., 0., 0., 0., 0., 0., 0., 0., 0., 0., 0., 0., 0., 0.,\n        0., 0., 0., 0., 0., 0., 0., 0., 0., 0., 0., 0., 0., 0., 0., 0., 0., 0., 0., 0., 0., 0., 0., 0.,\n        0., 0., 0., 0., 0., 0., 0., 0., 0., 0., 0., 0., 0., 0., 0., 0., 0., 0., 0., 0., 0., 0., 0., 0.,\n        0., 0., 0., 0., 0., 0., 0., 0., 0., 0., 0., 0., 0., 0., 0., 0., 0., 0., 0., 0., 0., 0., 0., 0.,\n        0., 0., 0., 0., 0., 0., 0., 0., 0., 0., 0., 0., 0., 0., 0., 0., 0., 0., 0., 0., 0., 0., 0., 0.,\n        0., 0., 0., 0., 0., 0., 0., 0., 0., 0., 0., 0., 0., 0., 0., 0., 0., 0., 0., 0., 0., 0., 0., 0.,\n        0., 0., 0., 0., 0., 0., 0., 0., 0., 0., 0., 0., 0., 0., 0., 0., 0., 0., 0., 0., 0., 0., 0., 0.,\n        0., 0., 0., 0., 0., 0., 0., 0., 0., 0., 0., 0., 0., 0., 0., 0., 0., 0., 0., 0., 0., 0., 0., 0.,\n        0., 0., 0., 0., 0., 0., 0., 0., 0., 0., 0., 0., 0., 0., 0., 0., 0., 0., 0., 0., 0., 0., 0., 0.,\n        0., 0., 0., 0., 0., 0., 0., 0., 0., 0., 0., 0., 0., 0., 0., 0., 0., 0., 0., 0., 0., 0., 0., 0.,\n        0., 0., 0., 0., 0., 0., 0., 0., 0., 0., 0., 0., 0., 0., 0., 0., 0., 0., 0., 0., 0., 0., 0., 0.,\n        0., 0., 0., 0., 0., 0., 0., 0., 0., 0., 0., 0., 0., 0., 0., 0., 0., 0., 0., 0., 0., 0., 0., 0.],\n       requires_grad=True)"", ""class"": ""BatchNorm2d"", ""eps"": 1e-05}","[[1, 480, 14, 14]]","[""torch.float32""]","[[1, 480, 14, 14]]",features.4.1.block.0.1,forward,True,960,,752640,,15,0.1837,0.1045,0.2228
features.4.1.block.0.2,ea1b73ded7b540c0,SiLU,"{""class"": ""SiLU""}","[[1, 480, 14, 14]]","[""torch.float32""]","[[1, 480, 14, 14]]",features.4.1.block.0.2,forward,True,0,,752640,,15,0.1974,0.1754,0.0706
features.4.1.block.1,570c995996b209af,Conv2dNormActivation,"{""class"": ""Conv2dNormActivation"", ""out_channels"": 480}","[[1, 480, 14, 14]]","[""torch.float32""]","[[1, 480, 14, 14]]",features.4.1.block.1,forward,False,5280,,752640,,15,1.2115,1.1191,0.2535
features.4.1.block.1.0,cc40062856d82e29,Conv2d,"{""bias"": null, ""class"": ""Conv2d"", ""dilation"": [1, 1], ""groups"": 480, ""in_channels"": 480, ""kernel_size"": [3, 3], ""out_channels"": 480, ""padding"": [1, 1], ""stride"": [1, 1]}","[[1, 480, 14, 14]]","[""torch.float32""]","[[1, 480, 14, 14]]",features.4.1.block.1.0,forward,True,4320,846720,752640,1.125,15,0.7503,0.6836,0.2173
features.4.1.block.1.1,a0084f422d6d88f7,BatchNorm2d,"{""bias"": ""Parameter containing:\ntensor([0., 0., 0., 0., 0., 0., 0., 0., 0., 0., 0., 0., 0., 0., 0., 0., 0., 0., 0., 0., 0., 0., 0., 0.,\n        0., 0., 0., 0., 0., 0., 0., 0., 0., 0., 0., 0., 0., 0., 0., 0., 0., 0., 0., 0., 0., 0., 0., 0.,\n        0., 0., 0., 0., 0., 0., 0., 0., 0., 0., 0., 0., 0., 0., 0., 0., 0., 0., 0., 0., 0., 0., 0., 0.,\n        0., 0., 0., 0., 0., 0., 0., 0., 0., 0., 0., 0., 0., 0., 0., 0., 0., 0., 0., 0., 0., 0., 0., 0.,\n        0., 0., 0., 0., 0., 0., 0., 0., 0., 0., 0., 0., 0., 0., 0., 0., 0., 0., 0., 0., 0., 0., 0., 0.,\n        0., 0., 0., 0., 0., 0., 0., 0., 0., 0., 0., 0., 0., 0., 0., 0., 0., 0., 0., 0., 0., 0., 0., 0.,\n        0., 0., 0., 0., 0., 0., 0., 0., 0., 0., 0., 0., 0., 0., 0., 0., 0., 0., 0., 0., 0., 0., 0., 0.,\n        0., 0., 0., 0., 0., 0., 0., 0., 0., 0., 0., 0., 0., 0., 0., 0., 0., 0., 0., 0., 0., 0., 0., 0.,\n        0., 0., 0., 0., 0., 0., 0., 0., 0., 0., 0., 0., 0., 0., 0., 0., 0., 0., 0., 0., 0., 0., 0., 0.,\n        0., 0., 0., 0., 0., 0., 0., 0., 0., 0., 0., 0., 0., 0., 0., 0., 0., 0., 0., 0., 0., 0., 0., 0.,\n        0., 0., 0., 0., 0., 0., 0., 0., 0., 0., 0., 0., 0., 0., 0., 0., 0., 0., 0., 0., 0., 0., 0., 0.,\n        0., 0., 0., 0., 0., 0., 0., 0., 0., 0., 0., 0., 0., 0., 0., 0., 0., 0., 0., 0., 0., 0., 0., 0.,\n        0., 0., 0., 0., 0., 0., 0., 0., 0., 0., 0., 0., 0., 0., 0., 0., 0., 0., 0., 0., 0., 0., 0., 0.,\n        0., 0., 0., 0., 0., 0., 0., 0., 0., 0., 0., 0., 0., 0., 0., 0., 0., 0., 0., 0., 0., 0., 0., 0.,\n        0., 0., 0., 0., 0., 0., 0., 0., 0., 0., 0., 0., 0., 0., 0., 0., 0., 0., 0., 0., 0., 0., 0., 0.,\n        0., 0., 0., 0., 0., 0., 0., 0., 0., 0., 0., 0., 0., 0., 0., 0., 0., 0., 0., 0., 0., 0., 0., 0.,\n        0., 0., 0., 0., 0., 0., 0., 0., 0., 0., 0., 0., 0., 0., 0., 0., 0., 0., 0., 0., 0., 0., 0., 0.,\n        0., 0., 0., 0., 0., 0., 0., 0., 0., 0., 0., 0., 0., 0., 0., 0., 0., 0., 0., 0., 0., 0., 0., 0.,\n        0., 0., 0., 0., 0., 0., 0., 0., 0., 0., 0., 0., 0., 0., 0., 0., 0., 0., 0., 0., 0., 0., 0., 0.,\n        0., 0., 0., 0., 0., 0., 0., 0., 0., 0., 0., 0., 0., 0., 0., 0., 0., 0., 0., 0., 0., 0., 0., 0.],\n       requires_grad=True)"", ""class"": ""BatchNorm2d"", ""eps"": 1e-05}","[[1, 480, 14, 14]]","[""torch.float32""]","[[1, 480, 14, 14]]",features.4.1.block.1.1,forward,True,960,,752640,,15,0.1281,0.1203,0.0248
features.4.1.block.1.2,ea1b73ded7b540c0,SiLU,"{""class"": ""SiLU""}","[[1, 480, 14, 14]]","[""torch.float32""]","[[1, 480, 14, 14]]",features.4.1.block.1.2,forward,True,0,,752640,,15,0.1786,0.1705,0.0257
features.4.1.block.2,3e2802814fe444d9,SqueezeExcitation,"{""class"": ""SqueezeExcitation""}","[[1, 480, 14, 14]]","[""torch.float32""]","[[1, 480, 14, 14]]",features.4.1.block.2,forward,False,19700,,752640,,15,0.706,0.5793,0.2698
features.4.1.block.2.avgpool,80b12732923fc30f,AdaptiveAvgPool2d,"{""class"": ""AdaptiveAvgPool2d""}","[[1, 480, 14, 14]]","[""torch.float32""]","[[1, 480, 1, 1]]",features.4.1.block.2.avgpool,forward,True,0,,378240,,15,0.1529,0.1035,0.1354
features.4.1.block.2.fc1,271f856d9a76f7e9,Conv2d,"{""bias"": ""Parameter containing:\ntensor([0., 0., 0., 0., 0., 0., 0., 0., 0., 0., 0., 0., 0., 0., 0., 0., 0., 0., 0., 0.],\n       requires_grad=True)"", ""class"": ""Conv2d"", ""dilation"": [1, 1], ""groups"": 1, ""in_channels"": 480, ""kernel_size"": [1, 1], ""out_channels"": 20, ""padding"": [0, 0], ""stride"": [1, 1]}","[[1, 480, 1, 1]]","[""torch.float32""]","[[1, 20, 1, 1]]",features.4.1.block.2.fc1,forward,True,9620,9600,2000,4.8,15,0.0901,0.0806,0.0189
features.4.1.block.2.fc2,dba65862e2c741ee,Conv2d,"{""bias"": ""Parameter containing:\ntensor([0., 0., 0., 0., 0., 0., 0., 0., 0., 0., 0., 0., 0., 0., 0., 0., 0., 0., 0., 0., 0., 0., 0., 0.,\n        0., 0., 0., 0., 0., 0., 0., 0., 0., 0., 0., 0., 0., 0., 0., 0., 0., 0., 0., 0., 0., 0., 0., 0.,\n        0., 0., 0., 0., 0., 0., 0., 0., 0., 0., 0., 0., 0., 0., 0., 0., 0., 0., 0., 0., 0., 0., 0., 0.,\n        0., 0., 0., 0., 0., 0., 0., 0., 0., 0., 0., 0., 0., 0., 0., 0., 0., 0., 0., 0., 0., 0., 0., 0.,\n        0., 0., 0., 0., 0., 0., 0., 0., 0., 0., 0., 0., 0., 0., 0., 0., 0., 0., 0., 0., 0., 0., 0., 0.,\n        0., 0., 0., 0., 0., 0., 0., 0., 0., 0., 0., 0., 0., 0., 0., 0., 0., 0., 0., 0., 0., 0., 0., 0.,\n        0., 0., 0., 0., 0., 0., 0., 0., 0., 0., 0., 0., 0., 0., 0., 0., 0., 0., 0., 0., 0., 0., 0., 0.,\n        0., 0., 0., 0., 0., 0., 0., 0., 0., 0., 0., 0., 0., 0., 0., 0., 0., 0., 0., 0., 0., 0., 0., 0.,\n        0., 0., 0., 0., 0., 0., 0., 0., 0., 0., 0., 0., 0., 0., 0., 0., 0., 0., 0., 0., 0., 0., 0., 0.,\n        0., 0., 0., 0., 0., 0., 0., 0., 0., 0., 0., 0., 0., 0., 0., 0., 0., 0., 0., 0., 0., 0., 0., 0.,\n        0., 0., 0., 0., 0., 0., 0., 0., 0., 0., 0., 0., 0., 0., 0., 0., 0., 0., 0., 0., 0., 0., 0., 0.,\n        0., 0., 0., 0., 0., 0., 0., 0., 0., 0., 0., 0., 0., 0., 0., 0., 0., 0., 0., 0., 0., 0., 0., 0.,\n        0., 0., 0., 0., 0., 0., 0., 0., 0., 0., 0., 0., 0., 0., 0., 0., 0., 0., 0., 0., 0., 0., 0., 0.,\n        0., 0., 0., 0., 0., 0., 0., 0., 0., 0., 0., 0., 0., 0., 0., 0., 0., 0., 0., 0., 0., 0., 0., 0.,\n        0., 0., 0., 0., 0., 0., 0., 0., 0., 0., 0., 0., 0., 0., 0., 0., 0., 0., 0., 0., 0., 0., 0., 0.,\n        0., 0., 0., 0., 0., 0., 0., 0., 0., 0., 0., 0., 0., 0., 0., 0., 0., 0., 0., 0., 0., 0., 0., 0.,\n        0., 0., 0., 0., 0., 0., 0., 0., 0., 0., 0., 0., 0., 0., 0., 0., 0., 0., 0., 0., 0., 0., 0., 0.,\n        0., 0., 0., 0., 0., 0., 0., 0., 0., 0., 0., 0., 0., 0., 0., 0., 0., 0., 0., 0., 0., 0., 0., 0.,\n        0., 0., 0., 0., 0., 0., 0., 0., 0., 0., 0., 0., 0., 0., 0., 0., 0., 0., 0., 0., 0., 0., 0., 0.,\n        0., 0., 0., 0., 0., 0., 0., 0., 0., 0., 0., 0., 0., 0., 0., 0., 0., 0., 0., 0., 0., 0., 0., 0.],\n       requires_grad=True)"", ""class"": ""Conv2d"", ""dilation"": [1, 1], ""groups"": 1, ""in_channels"": 20, ""kernel_size"": [1, 1], ""out_channels"": 480, ""padding"": [0, 0], ""stride"": [1, 1]}","[[1, 20, 1, 1]]","[""torch.float32""]","[[1, 480, 1, 1]]",features.4.1.block.2.fc2,forward,True,10080,9600,2000,4.8,15,0.0687,0.0623,0.0155
features.4.1.block.2.activation,702ae99535d0a2c1,SiLU,"{""class"": ""SiLU""}","[[1, 20, 1, 1]]","[""torch.float32""]","[[1, 20, 1, 1]]",features.4.1.block.2.activation,forward,True,0,,160,,15,0.0175,0.0169,0.0013
features.4.1.block.2.scale_activation,897a2b3b0f1d037a,Sigmoid,"{""class"": ""Sigmoid""}","[[1, 480, 1, 1]]","[""torch.float32""]","[[1, 480, 1, 1]]",features.4.1.block.2.scale_activation,forward,True,0,,3840,,15,0.0227,0.0212,0.0026
features.4.1.block.3,e7ee7c349413a1cd,Conv2dNormActivation,"{""class"": ""Conv2dNormActivation"", ""out_channels"": 80}","[[1, 480, 14, 14]]","[""torch.float32""]","[[1, 80, 14, 14]]",features.4.1.block.3,forward,False,38560,,439040,,15,0.8691,0.801,0.2001
features.4.1.block.3.0,340061d7326b5d4e,Conv2d,"{""bias"": null, ""class"": ""Conv2d"", ""dilation"": [1, 1], ""groups"": 1, ""in_channels"": 480, ""kernel_size"": [1, 1], ""out_channels"": 80, ""padding"": [0, 0], ""stride"": [1, 1]}","[[1, 480, 14, 14]]","[""torch.float32""]","[[1, 80, 14, 14]]",features.4.1.block.3.0,forward,True,38400,7526400,439040,17.1429,15,0.6891,0.6308,0.1965
features.4.1.block.3.1,014653ad081f9c01,BatchNorm2d,"{""bias"": ""Parameter containing:\ntensor([0., 0., 0., 0., 0., 0., 0., 0., 0., 0., 0., 0., 0., 0., 0., 0., 0., 0., 0., 0., 0., 0., 0., 0.,\n        0., 0., 0., 0., 0., 0., 0., 0., 0., 0., 0., 0., 0., 0., 0., 0., 0., 0., 0., 0., 0., 0., 0., 0.,\n        0., 0., 0., 0., 0., 0., 0., 0., 0., 0., 0., 0., 0., 0., 0., 0., 0., 0., 0., 0., 0., 0., 0., 0.,\n        0., 0., 0., 0., 0., 0., 0., 0.], requires_grad=True)"", ""class"": ""BatchNorm2d"", ""eps"": 1e-05}","[[1, 80, 14, 14]]","[""torch.float32""]","[[1, 80, 14, 14]]",features.4.1.block.3.1,forward,True,160,,125440,,15,0.0824,0.0785,0.0118
features.4.1.stochastic_depth,6802849b49dff51c,StochasticDepth,"{""class"": ""StochasticDepth""}","[[1, 80, 14, 14]]","[""torch.float32""]","[[1, 80, 14, 14]]",features.4.1.stochastic_depth,forward,True,0,,125440,,15,0.015,0.0151,0.0004
features.4.2,517b9fc72a59f2a7,MBConv,"{""class"": ""MBConv"", ""out_channels"": 80}","[[1, 80, 14, 14]]","[""torch.float32""]","[[1, 80, 14, 14]]",features.4.2,forward,False,102900,,125440,,15,4.4605,4.0679,1.5381
features.4.2.block,16a01b6bbcb009fa,Sequential,"{""class"": ""Sequential""}","[[1, 80, 14, 14]]","[""torch.float32""]","[[1, 80, 14, 14]]",features.4.2.block,forward,False,102900,,125440,,15,4.329,3.95,1.5389
features.4.2.block.0,d35d9ba272b5ba6b,Conv2dNormActivation,"{""class"": ""Conv2dNormActivation"", ""out_channels"": 480}","[[1, 80, 14, 14]]","[""torch.float32""]","[[1, 480, 14, 14]]",features.4.2.block.0,forward,False,39360,,439040,,15,1.0403,0.9683,0.3947
features.4.2.block.0.0,512c1e7c7e47251c,Conv2d,"{""bias"": null, ""class"": ""Conv2d"", ""dilation"": [1, 1], ""groups"": 1, ""in_channels"": 80, ""kernel_size"": [1, 1], ""out_channels"": 480, ""padding"": [0, 0], ""stride"": [1, 1]}","[[1, 80, 14, 14]]","[""torch.float32""]","[[1, 480, 14, 14]]",features.4.2.block.0.0,forward,True,38400,7526400,439040,17.1429,15,0.4837,0.2698,0.2846
features.4.2.block.0.1,a0084f422d6d88f7,BatchNorm2d,"{""bias"": ""Parameter containing:\ntensor([0., 0., 0., 0., 0., 0., 0., 0., 0., 0., 0., 0., 0., 0., 0., 0., 0., 0., 0., 0., 0., 0., 0., 0.,\n        0., 0., 0., 0., 0., 0., 0., 0., 0., 0., 0., 0., 0., 0., 0., 0., 0., 0., 0., 0., 0., 0., 0., 0.,\n        0., 0., 0., 0., 0., 0., 0., 0., 0., 0., 0., 0., 0., 0., 0., 0., 0., 0., 0., 0., 0., 0., 0., 0.,\n        0., 0., 0., 0., 0., 0., 0., 0., 0., 0., 0., 0., 0., 0., 0., 0., 0., 0., 0., 0., 0., 0., 0., 0.,\n        0., 0., 0., 0., 0., 0., 0., 0., 0., 0., 0., 0., 0., 0., 0., 0., 0., 0., 0., 0., 0., 0., 0., 0.,\n        0., 0., 0., 0., 0., 0., 0., 0., 0., 0., 0., 0., 0., 0., 0., 0., 0., 0., 0., 0., 0., 0., 0., 0.,\n        0., 0., 0., 0., 0., 0., 0., 0., 0., 0., 0., 0., 0., 0., 0., 0., 0., 0., 0., 0., 0., 0., 0., 0.,\n        0., 0., 0., 0., 0., 0., 0., 0., 0., 0., 0., 0., 0., 0., 0., 0., 0., 0., 0., 0., 0., 0., 0., 0.,\n        0., 0., 0., 0., 0., 0., 0., 0., 0., 0., 0., 0., 0., 0., 0., 0., 0., 0., 0., 0., 0., 0., 0., 0.,\n        0., 0., 0., 0., 0., 0., 0., 0., 0., 0., 0., 0., 0., 0., 0., 0., 0., 0., 0., 0., 0., 0., 0., 0.,\n        0., 0., 0., 0., 0., 0., 0., 0., 0., 0., 0., 0., 0., 0., 0., 0., 0., 0., 0., 0., 0., 0., 0., 0.,\n        0., 0., 0., 0., 0., 0., 0., 0., 0., 0., 0., 0., 0., 0., 0., 0., 0., 0., 0., 0., 0., 0., 0., 0.,\n        0., 0., 0., 0., 0., 0., 0., 0., 0., 0., 0., 0., 0., 0., 0., 0., 0., 0., 0., 0., 0., 0., 0., 0.,\n        0., 0., 0., 0., 0., 0., 0., 0., 0., 0., 0., 0., 0., 0., 0., 0., 0., 0., 0., 0., 0., 0., 0., 0.,\n        0., 0., 0., 0., 0., 0., 0., 0., 0., 0., 0., 0., 0., 0., 0., 0., 0., 0., 0., 0., 0., 0., 0., 0.,\n        0., 0., 0., 0., 0., 0., 0., 0., 0., 0., 0., 0., 0., 0., 0., 0., 0., 0., 0., 0., 0., 0., 0., 0.,\n        0., 0., 0., 0., 0., 0., 0., 0., 0., 0., 0., 0., 0., 0., 0., 0., 0., 0., 0., 0., 0., 0., 0., 0.,\n        0., 0., 0., 0., 0., 0., 0., 0., 0., 0., 0., 0., 0., 0., 0., 0., 0., 0., 0., 0., 0., 0., 0., 0.,\n        0., 0., 0., 0., 0., 0., 0., 0., 0., 0., 0., 0., 0., 0., 0., 0., 0., 0., 0., 0., 0., 0., 0., 0.,\n        0., 0., 0., 0., 0., 0., 0., 0., 0., 0., 0., 0., 0., 0., 0., 0., 0., 0., 0., 0., 0., 0., 0., 0.],\n       requires_grad=True)"", ""class"": ""BatchNorm2d"", ""eps"": 1e-05}","[[1, 480, 14, 14]]","[""torch.float32""]","[[1, 480, 14, 14]]",features.4.2.block.0.1,forward,True,960,,752640,,15,0.2362,0.1099,0.2855
features.4.2.block.0.2,ea1b73ded7b540c0,SiLU,"{""class"": ""SiLU""}","[[1, 480, 14, 14]]","[""torch.float32""]","[[1, 480, 14, 14]]",features.4.2.block.0.2,forward,True,0,,752640,,15,0.1916,0.1568,0.088
features.4.2.block.1,570c995996b209af,Conv2dNormActivation,"{""class"": ""Conv2dNormActivation"", ""out_channels"": 480}","[[1, 480, 14, 14]]","[""torch.float32""]","[[1, 480, 14, 14]]",features.4.2.block.1,forward,False,5280,,752640,,15,1.3985,1.0892,0.9108
features.4.2.block.1.0,cc40062856d82e29,Conv2d,"{""bias"": null, ""class"": ""Conv2d"", ""dilation"": [1, 1], ""groups"": 480, ""in_channels"": 480, ""kernel_size"": [3, 3], ""out_channels"": 480, ""padding"": [1, 1], ""stride"": [1, 1]}","[[1, 480, 14, 14]]","[""torch.float32""]","[[1, 480, 14, 14]]",features.4.2.block.1.0,forward,True,4320,846720,752640,1.125,15,0.8732,0.6455,0.6696
features.4.2.block.1.1,a0084f422d6d88f7,BatchNorm2d,"{""bias"": ""Parameter containing:\ntensor([0., 0., 0., 0., 0., 0., 0., 0., 0., 0., 0., 0., 0., 0., 0., 0., 0., 0., 0., 0., 0., 0., 0., 0.,\n        0., 0., 0., 0., 0., 0., 0., 0., 0., 0., 0., 0., 0., 0., 0., 0., 0., 0., 0., 0., 0., 0., 0., 0.,\n        0., 0., 0., 0., 0., 0., 0., 0., 0., 0., 0., 0., 0., 0., 0., 0., 0., 0., 0., 0., 0., 0., 0., 0.,\n        0., 0., 0., 0., 0., 0., 0., 0., 0., 0., 0., 0., 0., 0., 0., 0., 0., 0., 0., 0., 0., 0., 0., 0.,\n        0., 0., 0., 0., 0., 0., 0., 0., 0., 0., 0., 0., 0., 0., 0., 0., 0., 0., 0., 0., 0., 0., 0., 0.,\n        0., 0., 0., 0., 0., 0., 0., 0., 0., 0., 0., 0., 0., 0., 0., 0., 0., 0., 0., 0., 0., 0., 0., 0.,\n        0., 0., 0., 0., 0., 0., 0., 0., 0., 0., 0., 0., 0., 0., 0., 0., 0., 0., 0., 0., 0., 0., 0., 0.,\n        0., 0., 0., 0., 0., 0., 0., 0., 0., 0., 0., 0., 0., 0., 0., 0., 0., 0., 0., 0., 0., 0., 0., 0.,\n        0., 0., 0., 0., 0., 0., 0., 0., 0., 0., 0., 0., 0., 0., 0., 0., 0., 0., 0., 0., 0., 0., 0., 0.,\n        0., 0., 0., 0., 0., 0., 0., 0., 0., 0., 0., 0., 0., 0., 0., 0., 0., 0., 0., 0., 0., 0., 0., 0.,\n        0., 0., 0., 0., 0., 0., 0., 0., 0., 0., 0., 0., 0., 0., 0., 0., 0., 0., 0., 0., 0., 0., 0., 0.,\n        0., 0., 0., 0., 0., 0., 0., 0., 0., 0., 0., 0., 0., 0., 0., 0., 0., 0., 0., 0., 0., 0., 0., 0.,\n        0., 0., 0., 0., 0., 0., 0., 0., 0., 0., 0., 0., 0., 0., 0., 0., 0., 0., 0., 0., 0., 0., 0., 0.,\n        0., 0., 0., 0., 0., 0., 0., 0., 0., 0., 0., 0., 0., 0., 0., 0., 0., 0., 0., 0., 0., 0., 0., 0.,\n        0., 0., 0., 0., 0., 0., 0., 0., 0., 0., 0., 0., 0., 0., 0., 0., 0., 0., 0., 0., 0., 0., 0., 0.,\n        0., 0., 0., 0., 0., 0., 0., 0., 0., 0., 0., 0., 0., 0., 0., 0., 0., 0., 0., 0., 0., 0., 0., 0.,\n        0., 0., 0., 0., 0., 0., 0., 0., 0., 0., 0., 0., 0., 0., 0., 0., 0., 0., 0., 0., 0., 0., 0., 0.,\n        0., 0., 0., 0., 0., 0., 0., 0., 0., 0., 0., 0., 0., 0., 0., 0., 0., 0., 0., 0., 0., 0., 0., 0.,\n        0., 0., 0., 0., 0., 0., 0., 0., 0., 0., 0., 0., 0., 0., 0., 0., 0., 0., 0., 0., 0., 0., 0., 0.,\n        0., 0., 0., 0., 0., 0., 0., 0., 0., 0., 0., 0., 0., 0., 0., 0., 0., 0., 0., 0., 0., 0., 0., 0.],\n       requires_grad=True)"", ""class"": ""BatchNorm2d"", ""eps"": 1e-05}","[[1, 480, 14, 14]]","[""torch.float32""]","[[1, 480, 14, 14]]",features.4.2.block.1.1,forward,True,960,,752640,,15,0.1739,0.1183,0.135
features.4.2.block.1.2,ea1b73ded7b540c0,SiLU,"{""class"": ""SiLU""}","[[1, 480, 14, 14]]","[""torch.float32""]","[[1, 480, 14, 14]]",features.4.2.block.1.2,forward,True,0,,752640,,15,0.203,0.1696,0.1013
features.4.2.block.2,3e2802814fe444d9,SqueezeExcitation,"{""class"": ""SqueezeExcitation""}","[[1, 480, 14, 14]]","[""torch.float32""]","[[1, 480, 14, 14]]",features.4.2.block.2,forward,False,19700,,752640,,15,0.7007,0.5755,0.2738
features.4.2.block.2.avgpool,80b12732923fc30f,AdaptiveAvgPool2d,"{""class"": ""AdaptiveAvgPool2d""}","[[1, 480, 14, 14]]","[""torch.float32""]","[[1, 480, 1, 1]]",features.4.2.block.2.avgpool,forward,True,0,,378240,,15,0.1474,0.1027,0.116
features.4.2.block.2.fc1,271f856d9a76f7e9,Conv2d,"{""bias"": ""Parameter containing:\ntensor([0., 0., 0., 0., 0., 0., 0., 0., 0., 0., 0., 0., 0., 0., 0., 0., 0., 0., 0., 0.],\n       requires_grad=True)"", ""class"": ""Conv2d"", ""dilation"": [1, 1], ""groups"": 1, ""in_channels"": 480, ""kernel_size"": [1, 1], ""out_channels"": 20, ""padding"": [0, 0], ""stride"": [1, 1]}","[[1, 480, 1, 1]]","[""torch.float32""]","[[1, 20, 1, 1]]",features.4.2.block.2.fc1,forward,True,9620,9600,2000,4.8,15,0.0809,0.0794,0.003
features.4.2.block.2.fc2,dba65862e2c741ee,Conv2d,"{""bias"": ""Parameter containing:\ntensor([0., 0., 0., 0., 0., 0., 0., 0., 0., 0., 0., 0., 0., 0., 0., 0., 0., 0., 0., 0., 0., 0., 0., 0.,\n        0., 0., 0., 0., 0., 0., 0., 0., 0., 0., 0., 0., 0., 0., 0., 0., 0., 0., 0., 0., 0., 0., 0., 0.,\n        0., 0., 0., 0., 0., 0., 0., 0., 0., 0., 0., 0., 0., 0., 0., 0., 0., 0., 0., 0., 0., 0., 0., 0.,\n        0., 0., 0., 0., 0., 0., 0., 0., 0., 0., 0., 0., 0., 0., 0., 0., 0., 0., 0., 0., 0., 0., 0., 0.,\n        0., 0., 0., 0., 0., 0., 0., 0., 0., 0., 0., 0., 0., 0., 0., 0., 0., 0., 0., 0., 0., 0., 0., 0.,\n        0., 0., 0., 0., 0., 0., 0., 0., 0., 0., 0., 0., 0., 0., 0., 0., 0., 0., 0., 0., 0., 0., 0., 0.,\n        0., 0., 0., 0., 0., 0., 0., 0., 0., 0., 0., 0., 0., 0., 0., 0., 0., 0., 0., 0., 0., 0., 0., 0.,\n        0., 0., 0., 0., 0., 0., 0., 0., 0., 0., 0., 0., 0., 0., 0., 0., 0., 0., 0., 0., 0., 0., 0., 0.,\n        0., 0., 0., 0., 0., 0., 0., 0., 0., 0., 0., 0., 0., 0., 0., 0., 0., 0., 0., 0., 0., 0., 0., 0.,\n        0., 0., 0., 0., 0., 0., 0., 0., 0., 0., 0., 0., 0., 0., 0., 0., 0., 0., 0., 0., 0., 0., 0., 0.,\n        0., 0., 0., 0., 0., 0., 0., 0., 0., 0., 0., 0., 0., 0., 0., 0., 0., 0., 0., 0., 0., 0., 0., 0.,\n        0., 0., 0., 0., 0., 0., 0., 0., 0., 0., 0., 0., 0., 0., 0., 0., 0., 0., 0., 0., 0., 0., 0., 0.,\n        0., 0., 0., 0., 0., 0., 0., 0., 0., 0., 0., 0., 0., 0., 0., 0., 0., 0., 0., 0., 0., 0., 0., 0.,\n        0., 0., 0., 0., 0., 0., 0., 0., 0., 0., 0., 0., 0., 0., 0., 0., 0., 0., 0., 0., 0., 0., 0., 0.,\n        0., 0., 0., 0., 0., 0., 0., 0., 0., 0., 0., 0., 0., 0., 0., 0., 0., 0., 0., 0., 0., 0., 0., 0.,\n        0., 0., 0., 0., 0., 0., 0., 0., 0., 0., 0., 0., 0., 0., 0., 0., 0., 0., 0., 0., 0., 0., 0., 0.,\n        0., 0., 0., 0., 0., 0., 0., 0., 0., 0., 0., 0., 0., 0., 0., 0., 0., 0., 0., 0., 0., 0., 0., 0.,\n        0., 0., 0., 0., 0., 0., 0., 0., 0., 0., 0., 0., 0., 0., 0., 0., 0., 0., 0., 0., 0., 0., 0., 0.,\n        0., 0., 0., 0., 0., 0., 0., 0., 0., 0., 0., 0., 0., 0., 0., 0., 0., 0., 0., 0., 0., 0., 0., 0.,\n        0., 0., 0., 0., 0., 0., 0., 0., 0., 0., 0., 0., 0., 0., 0., 0., 0., 0., 0., 0., 0., 0., 0., 0.],\n       requires_grad=True)"", ""class"": ""Conv2d"", ""dilation"": [1, 1], ""groups"": 1, ""in_channels"": 20, ""kernel_size"": [1, 1], ""out_channels"": 480, ""padding"": [0, 0], ""stride"": [1, 1]}","[[1, 20, 1, 1]]","[""torch.float32""]","[[1, 480, 1, 1]]",features.4.2.block.2.fc2,forward,True,10080,9600,2000,4.8,15,0.0599,0.0572,0.0127
features.4.2.block.2.activation,702ae99535d0a2c1,SiLU,"{""class"": ""SiLU""}","[[1, 20, 1, 1]]","[""torch.float32""]","[[1, 20, 1, 1]]",features.4.2.block.2.activation,forward,True,0,,160,,15,0.0169,0.0165,0.0012
features.4.2.block.2.scale_activation,897a2b3b0f1d037a,Sigmoid,"{""class"": ""Sigmoid""}","[[1, 480, 1, 1]]","[""torch.float32""]","[[1, 480, 1, 1]]",features.4.2.block.2.scale_activation,forward,True,0,,3840,,15,0.0263,0.0214,0.0089
features.4.2.block.3,e7ee7c349413a1cd,Conv2dNormActivation,"{""class"": ""Conv2dNormActivation"", ""out_channels"": 80}","[[1, 480, 14, 14]]","[""torch.float32""]","[[1, 80, 14, 14]]",features.4.2.block.3,forward,False,38560,,439040,,15,1.0312,0.8058,0.3341
features.4.2.block.3.0,340061d7326b5d4e,Conv2d,"{""bias"": null, ""class"": ""Conv2d"", ""dilation"": [1, 1], ""groups"": 1, ""in_channels"": 480, ""kernel_size"": [1, 1], ""out_channels"": 80, ""padding"": [0, 0], ""stride"": [1, 1]}","[[1, 480, 14, 14]]","[""torch.float32""]","[[1, 80, 14, 14]]",features.4.2.block.3.0,forward,True,38400,7526400,439040,17.1429,15,0.7214,0.5948,0.2417
features.4.2.block.3.1,014653ad081f9c01,BatchNorm2d,"{""bias"": ""Parameter containing:\ntensor([0., 0., 0., 0., 0., 0., 0., 0., 0., 0., 0., 0., 0., 0., 0., 0., 0., 0., 0., 0., 0., 0., 0., 0.,\n        0., 0., 0., 0., 0., 0., 0., 0., 0., 0., 0., 0., 0., 0., 0., 0., 0., 0., 0., 0., 0., 0., 0., 0.,\n        0., 0., 0., 0., 0., 0., 0., 0., 0., 0., 0., 0., 0., 0., 0., 0., 0., 0., 0., 0., 0., 0., 0., 0.,\n        0., 0., 0., 0., 0., 0., 0., 0.], requires_grad=True)"", ""class"": ""BatchNorm2d"", ""eps"": 1e-05}","[[1, 80, 14, 14]]","[""torch.float32""]","[[1, 80, 14, 14]]",features.4.2.block.3.1,forward,True,160,,125440,,15,0.1596,0.0789,0.2246
features.4.2.stochastic_depth,6802849b49dff51c,StochasticDepth,"{""class"": ""StochasticDepth""}","[[1, 80, 14, 14]]","[""torch.float32""]","[[1, 80, 14, 14]]",features.4.2.stochastic_depth,forward,True,0,,125440,,15,0.0146,0.0146,0.0007
features.5,16a01b6bbcb009fa,Sequential,"{""class"": ""Sequential""}","[[1, 80, 14, 14]]","[""torch.float32""]","[[1, 112, 14, 14]]",features.5,forward,False,543148,,150528,,15,15.889,16.1935,1.1107
features.5.0,f1dc9418b01a48ab,MBConv,"{""class"": ""MBConv"", ""out_channels"": 112}","[[1, 80, 14, 14]]","[""torch.float32""]","[[1, 112, 14, 14]]",features.5.0,forward,False,126004,,150528,,15,3.948,4.1258,0.3623
features.5.0.block,16a01b6bbcb009fa,Sequential,"{""class"": ""Sequential""}","[[1, 80, 14, 14]]","[""torch.float32""]","[[1, 112, 14, 14]]",features.5.0.block,forward,False,126004,,150528,,15,3.918,4.0973,0.3623
features.5.0.block.0,d35d9ba272b5ba6b,Conv2dNormActivation,"{""class"": ""Conv2dNormActivation"", ""out_channels"": 480}","[[1, 80, 14, 14]]","[""torch.float32""]","[[1, 480, 14, 14]]",features.5.0.block.0,forward,False,39360,,439040,,15,1.0123,0.6872,0.403
features.5.0.block.0.0,512c1e7c7e47251c,Conv2d,"{""bias"": null, ""class"": ""Conv2d"", ""dilation"": [1, 1], ""groups"": 1, ""in_channels"": 80, ""kernel_size"": [1, 1], ""out_channels"": 480, ""padding"": [0, 0], ""stride"": [1, 1]}","[[1, 80, 14, 14]]","[""torch.float32""]","[[1, 480, 14, 14]]",features.5.0.block.0.0,forward,True,38400,7526400,439040,17.1429,15,0.5825,0.2724,0.3705
features.5.0.block.0.1,a0084f422d6d88f7,BatchNorm2d,"{""bias"": ""Parameter containing:\ntensor([0., 0., 0., 0., 0., 0., 0., 0., 0., 0., 0., 0., 0., 0., 0., 0., 0., 0., 0., 0., 0., 0., 0., 0.,\n        0., 0., 0., 0., 0., 0., 0., 0., 0., 0., 0., 0., 0., 0., 0., 0., 0., 0., 0., 0., 0., 0., 0., 0.,\n        0., 0., 0., 0., 0., 0., 0., 0., 0., 0., 0., 0., 0., 0., 0., 0., 0., 0., 0., 0., 0., 0., 0., 0.,\n        0., 0., 0., 0., 0., 0., 0., 0., 0., 0., 0., 0., 0., 0., 0., 0., 0., 0., 0., 0., 0., 0., 0., 0.,\n        0., 0., 0., 0., 0., 0., 0., 0., 0., 0., 0., 0., 0., 0., 0., 0., 0., 0., 0., 0., 0., 0., 0., 0.,\n        0., 0., 0., 0., 0., 0., 0., 0., 0., 0., 0., 0., 0., 0., 0., 0., 0., 0., 0., 0., 0., 0., 0., 0.,\n        0., 0., 0., 0., 0., 0., 0., 0., 0., 0., 0., 0., 0., 0., 0., 0., 0., 0., 0., 0., 0., 0., 0., 0.,\n        0., 0., 0., 0., 0., 0., 0., 0., 0., 0., 0., 0., 0., 0., 0., 0., 0., 0., 0., 0., 0., 0., 0., 0.,\n        0., 0., 0., 0., 0., 0., 0., 0., 0., 0., 0., 0., 0., 0., 0., 0., 0., 0., 0., 0., 0., 0., 0., 0.,\n        0., 0., 0., 0., 0., 0., 0., 0., 0., 0., 0., 0., 0., 0., 0., 0., 0., 0., 0., 0., 0., 0., 0., 0.,\n        0., 0., 0., 0., 0., 0., 0., 0., 0., 0., 0., 0., 0., 0., 0., 0., 0., 0., 0., 0., 0., 0., 0., 0.,\n        0., 0., 0., 0., 0., 0., 0., 0., 0., 0., 0., 0., 0., 0., 0., 0., 0., 0., 0., 0., 0., 0., 0., 0.,\n        0., 0., 0., 0., 0., 0., 0., 0., 0., 0., 0., 0., 0., 0., 0., 0., 0., 0., 0., 0., 0., 0., 0., 0.,\n        0., 0., 0., 0., 0., 0., 0., 0., 0., 0., 0., 0., 0., 0., 0., 0., 0., 0., 0., 0., 0., 0., 0., 0.,\n        0., 0., 0., 0., 0., 0., 0., 0., 0., 0., 0., 0., 0., 0., 0., 0., 0., 0., 0., 0., 0., 0., 0., 0.,\n        0., 0., 0., 0., 0., 0., 0., 0., 0., 0., 0., 0., 0., 0., 0., 0., 0., 0., 0., 0., 0., 0., 0., 0.,\n        0., 0., 0., 0., 0., 0., 0., 0., 0., 0., 0., 0., 0., 0., 0., 0., 0., 0., 0., 0., 0., 0., 0., 0.,\n        0., 0., 0., 0., 0., 0., 0., 0., 0., 0., 0., 0., 0., 0., 0., 0., 0., 0., 0., 0., 0., 0., 0., 0.,\n        0., 0., 0., 0., 0., 0., 0., 0., 0., 0., 0., 0., 0., 0., 0., 0., 0., 0., 0., 0., 0., 0., 0., 0.,\n        0., 0., 0., 0., 0., 0., 0., 0., 0., 0., 0., 0., 0., 0., 0., 0., 0., 0., 0., 0., 0., 0., 0., 0.],\n       requires_grad=True)"", ""class"": ""BatchNorm2d"", ""eps"": 1e-05}","[[1, 480, 14, 14]]","[""torch.float32""]","[[1, 480, 14, 14]]",features.5.0.block.0.1,forward,True,960,,752640,,15,0.1284,0.1114,0.0491
features.5.0.block.0.2,ea1b73ded7b540c0,SiLU,"{""class"": ""SiLU""}","[[1, 480, 14, 14]]","[""torch.float32""]","[[1, 480, 14, 14]]",features.5.0.block.0.2,forward,True,0,,752640,,15,0.1718,0.1759,0.0114
features.5.0.block.1,570c995996b209af,Conv2dNormActivation,"{""class"": ""Conv2dNormActivation"", ""out_channels"": 480}","[[1, 480, 14, 14]]","[""torch.float32""]","[[1, 480, 14, 14]]",features.5.0.block.1,forward,False,12960,,752640,,15,1.0859,1.0901,0.0302
features.5.0.block.1.0,be9ccfc7d33f91c5,Conv2d,"{""bias"": null, ""class"": ""Conv2d"", ""dilation"": [1, 1], ""groups"": 480, ""in_channels"": 480, ""kernel_size"": [5, 5], ""out_channels"": 480, ""padding"": [2, 2], ""stride"": [1, 1]}","[[1, 480, 14, 14]]","[""torch.float32""]","[[1, 480, 14, 14]]",features.5.0.block.1.0,forward,True,12000,2352000,752640,3.125,15,0.6651,0.6719,0.0295
features.5.0.block.1.1,a0084f422d6d88f7,BatchNorm2d,"{""bias"": ""Parameter containing:\ntensor([0., 0., 0., 0., 0., 0., 0., 0., 0., 0., 0., 0., 0., 0., 0., 0., 0., 0., 0., 0., 0., 0., 0., 0.,\n        0., 0., 0., 0., 0., 0., 0., 0., 0., 0., 0., 0., 0., 0., 0., 0., 0., 0., 0., 0., 0., 0., 0., 0.,\n        0., 0., 0., 0., 0., 0., 0., 0., 0., 0., 0., 0., 0., 0., 0., 0., 0., 0., 0., 0., 0., 0., 0., 0.,\n        0., 0., 0., 0., 0., 0., 0., 0., 0., 0., 0., 0., 0., 0., 0., 0., 0., 0., 0., 0., 0., 0., 0., 0.,\n        0., 0., 0., 0., 0., 0., 0., 0., 0., 0., 0., 0., 0., 0., 0., 0., 0., 0., 0., 0., 0., 0., 0., 0.,\n        0., 0., 0., 0., 0., 0., 0., 0., 0., 0., 0., 0., 0., 0., 0., 0., 0., 0., 0., 0., 0., 0., 0., 0.,\n        0., 0., 0., 0., 0., 0., 0., 0., 0., 0., 0., 0., 0., 0., 0., 0., 0., 0., 0., 0., 0., 0., 0., 0.,\n        0., 0., 0., 0., 0., 0., 0., 0., 0., 0., 0., 0., 0., 0., 0., 0., 0., 0., 0., 0., 0., 0., 0., 0.,\n        0., 0., 0., 0., 0., 0., 0., 0., 0., 0., 0., 0., 0., 0., 0., 0., 0., 0., 0., 0., 0., 0., 0., 0.,\n        0., 0., 0., 0., 0., 0., 0., 0., 0., 0., 0., 0., 0., 0., 0., 0., 0., 0., 0., 0., 0., 0., 0., 0.,\n        0., 0., 0., 0., 0., 0., 0., 0., 0., 0., 0., 0., 0., 0., 0., 0., 0., 0., 0., 0., 0., 0., 0., 0.,\n        0., 0., 0., 0., 0., 0., 0., 0., 0., 0., 0., 0., 0., 0., 0., 0., 0., 0., 0., 0., 0., 0., 0., 0.,\n        0., 0., 0., 0., 0., 0., 0., 0., 0., 0., 0., 0., 0., 0., 0., 0., 0., 0., 0., 0., 0., 0., 0., 0.,\n        0., 0., 0., 0., 0., 0., 0., 0., 0., 0., 0., 0., 0., 0., 0., 0., 0., 0., 0., 0., 0., 0., 0., 0.,\n        0., 0., 0., 0., 0., 0., 0., 0., 0., 0., 0., 0., 0., 0., 0., 0., 0., 0., 0., 0., 0., 0., 0., 0.,\n        0., 0., 0., 0., 0., 0., 0., 0., 0., 0., 0., 0., 0., 0., 0., 0., 0., 0., 0., 0., 0., 0., 0., 0.,\n        0., 0., 0., 0., 0., 0., 0., 0., 0., 0., 0., 0., 0., 0., 0., 0., 0., 0., 0., 0., 0., 0., 0., 0.,\n        0., 0., 0., 0., 0., 0., 0., 0., 0., 0., 0., 0., 0., 0., 0., 0., 0., 0., 0., 0., 0., 0., 0., 0.,\n        0., 0., 0., 0., 0., 0., 0., 0., 0., 0., 0., 0., 0., 0., 0., 0., 0., 0., 0., 0., 0., 0., 0., 0.,\n        0., 0., 0., 0., 0., 0., 0., 0., 0., 0., 0., 0., 0., 0., 0., 0., 0., 0., 0., 0., 0., 0., 0., 0.],\n       requires_grad=True)"", ""class"": ""BatchNorm2d"", ""eps"": 1e-05}","[[1, 480, 14, 14]]","[""torch.float32""]","[[1, 480, 14, 14]]",features.5.0.block.1.1,forward,True,960,,752640,,15,0.1124,0.113,0.0027
features.5.0.block.1.2,ea1b73ded7b540c0,SiLU,"{""class"": ""SiLU""}","[[1, 480, 14, 14]]","[""torch.float32""]","[[1, 480, 14, 14]]",features.5.0.block.1.2,forward,True,0,,752640,,15,0.1631,0.1678,0.0118
features.5.0.block.2,3e2802814fe444d9,SqueezeExcitation,"{""class"": ""SqueezeExcitation""}","[[1, 480, 14, 14]]","[""torch.float32""]","[[1, 480, 14, 14]]",features.5.0.block.2,forward,False,19700,,752640,,15,0.6986,0.5385,0.3323
features.5.0.block.2.avgpool,80b12732923fc30f,AdaptiveAvgPool2d,"{""class"": ""AdaptiveAvgPool2d""}","[[1, 480, 14, 14]]","[""torch.float32""]","[[1, 480, 1, 1]]",features.5.0.block.2.avgpool,forward,True,0,,378240,,15,0.1262,0.0893,0.09
features.5.0.block.2.fc1,271f856d9a76f7e9,Conv2d,"{""bias"": ""Parameter containing:\ntensor([0., 0., 0., 0., 0., 0., 0., 0., 0., 0., 0., 0., 0., 0., 0., 0., 0., 0., 0., 0.],\n       requires_grad=True)"", ""class"": ""Conv2d"", ""dilation"": [1, 1], ""groups"": 1, ""in_channels"": 480, ""kernel_size"": [1, 1], ""out_channels"": 20, ""padding"": [0, 0], ""stride"": [1, 1]}","[[1, 480, 1, 1]]","[""torch.float32""]","[[1, 20, 1, 1]]",features.5.0.block.2.fc1,forward,True,9620,9600,2000,4.8,15,0.0866,0.0812,0.0145
features.5.0.block.2.fc2,dba65862e2c741ee,Conv2d,"{""bias"": ""Parameter containing:\ntensor([0., 0., 0., 0., 0., 0., 0., 0., 0., 0., 0., 0., 0., 0., 0., 0., 0., 0., 0., 0., 0., 0., 0., 0.,\n        0., 0., 0., 0., 0., 0., 0., 0., 0., 0., 0., 0., 0., 0., 0., 0., 0., 0., 0., 0., 0., 0., 0., 0.,\n        0., 0., 0., 0., 0., 0., 0., 0., 0., 0., 0., 0., 0., 0., 0., 0., 0., 0., 0., 0., 0., 0., 0., 0.,\n        0., 0., 0., 0., 0., 0., 0., 0., 0., 0., 0., 0., 0., 0., 0., 0., 0., 0., 0., 0., 0., 0., 0., 0.,\n        0., 0., 0., 0., 0., 0., 0., 0., 0., 0., 0., 0., 0., 0., 0., 0., 0., 0., 0., 0., 0., 0., 0., 0.,\n        0., 0., 0., 0., 0., 0., 0., 0., 0., 0., 0., 0., 0., 0., 0., 0., 0., 0., 0., 0., 0., 0., 0., 0.,\n        0., 0., 0., 0., 0., 0., 0., 0., 0., 0., 0., 0., 0., 0., 0., 0., 0., 0., 0., 0., 0., 0., 0., 0.,\n        0., 0., 0., 0., 0., 0., 0., 0., 0., 0., 0., 0., 0., 0., 0., 0., 0., 0., 0., 0., 0., 0., 0., 0.,\n        0., 0., 0., 0., 0., 0., 0., 0., 0., 0., 0., 0., 0., 0., 0., 0., 0., 0., 0., 0., 0., 0., 0., 0.,\n        0., 0., 0., 0., 0., 0., 0., 0., 0., 0., 0., 0., 0., 0., 0., 0., 0., 0., 0., 0., 0., 0., 0., 0.,\n        0., 0., 0., 0., 0., 0., 0., 0., 0., 0., 0., 0., 0., 0., 0., 0., 0., 0., 0., 0., 0., 0., 0., 0.,\n        0., 0., 0., 0., 0., 0., 0., 0., 0., 0., 0., 0., 0., 0., 0., 0., 0., 0., 0., 0., 0., 0., 0., 0.,\n        0., 0., 0., 0., 0., 0., 0., 0., 0., 0., 0., 0., 0., 0., 0., 0., 0., 0., 0., 0., 0., 0., 0., 0.,\n        0., 0., 0., 0., 0., 0., 0., 0., 0., 0., 0., 0., 0., 0., 0., 0., 0., 0., 0., 0., 0., 0., 0., 0.,\n        0., 0., 0., 0., 0., 0., 0., 0., 0., 0., 0., 0., 0., 0., 0., 0., 0., 0., 0., 0., 0., 0., 0., 0.,\n        0., 0., 0., 0., 0., 0., 0., 0., 0., 0., 0., 0., 0., 0., 0., 0., 0., 0., 0., 0., 0., 0., 0., 0.,\n        0., 0., 0., 0., 0., 0., 0., 0., 0., 0., 0., 0., 0., 0., 0., 0., 0., 0., 0., 0., 0., 0., 0., 0.,\n        0., 0., 0., 0., 0., 0., 0., 0., 0., 0., 0., 0., 0., 0., 0., 0., 0., 0., 0., 0., 0., 0., 0., 0.,\n        0., 0., 0., 0., 0., 0., 0., 0., 0., 0., 0., 0., 0., 0., 0., 0., 0., 0., 0., 0., 0., 0., 0., 0.,\n        0., 0., 0., 0., 0., 0., 0., 0., 0., 0., 0., 0., 0., 0., 0., 0., 0., 0., 0., 0., 0., 0., 0., 0.],\n       requires_grad=True)"", ""class"": ""Conv2d"", ""dilation"": [1, 1], ""groups"": 1, ""in_channels"": 20, ""kernel_size"": [1, 1], ""out_channels"": 480, ""padding"": [0, 0], ""stride"": [1, 1]}","[[1, 20, 1, 1]]","[""torch.float32""]","[[1, 480, 1, 1]]",features.5.0.block.2.fc2,forward,True,10080,9600,2000,4.8,15,0.088,0.0563,0.0837
features.5.0.block.2.activation,702ae99535d0a2c1,SiLU,"{""class"": ""SiLU""}","[[1, 20, 1, 1]]","[""torch.float32""]","[[1, 20, 1, 1]]",features.5.0.block.2.activation,forward,True,0,,160,,15,0.0231,0.0175,0.0115
features.5.0.block.2.scale_activation,897a2b3b0f1d037a,Sigmoid,"{""class"": ""Sigmoid""}","[[1, 480, 1, 1]]","[""torch.float32""]","[[1, 480, 1, 1]]",features.5.0.block.2.scale_activation,forward,True,0,,3840,,15,0.0241,0.0205,0.0067
features.5.0.block.3,c74852c4230fa1cd,Conv2dNormActivation,"{""class"": ""Conv2dNormActivation"", ""out_channels"": 112}","[[1, 480, 14, 14]]","[""torch.float32""]","[[1, 112, 14, 14]]",features.5.0.block.3,forward,False,53984,,464128,,15,0.972,0.8648,0.2951
features.5.0.block.3.0,091934f880263155,Conv2d,"{""bias"": null, ""class"": ""Conv2d"", ""dilation"": [1, 1], ""groups"": 1, ""in_channels"": 480, ""kernel_size"": [1, 1], ""out_channels"": 112, ""padding"": [0, 0], ""stride"": [1, 1]}","[[1, 480, 14, 14]]","[""torch.float32""]","[[1, 112, 14, 14]]",features.5.0.block.3.0,forward,True,53760,10536960,464128,22.7027,15,0.7126,0.6932,0.0715
features.5.0.block.3.1,922701ce2e99f754,BatchNorm2d,"{""bias"": ""Parameter containing:\ntensor([0., 0., 0., 0., 0., 0., 0., 0., 0., 0., 0., 0., 0., 0., 0., 0., 0., 0., 0., 0., 0., 0., 0., 0.,\n        0., 0., 0., 0., 0., 0., 0., 0., 0., 0., 0., 0., 0., 0., 0., 0., 0., 0., 0., 0., 0., 0., 0., 0.,\n        0., 0., 0., 0., 0., 0., 0., 0., 0., 0., 0., 0., 0., 0., 0., 0., 0., 0., 0., 0., 0., 0., 0., 0.,\n        0., 0., 0., 0., 0., 0., 0., 0., 0., 0., 0., 0., 0., 0., 0., 0., 0., 0., 0., 0., 0., 0., 0., 0.,\n        0., 0., 0., 0., 0., 0., 0., 0., 0., 0., 0., 0., 0., 0., 0., 0.],\n       requires_grad=True)"", ""class"": ""BatchNorm2d"", ""eps"": 1e-05}","[[1, 112, 14, 14]]","[""torch.float32""]","[[1, 112, 14, 14]]",features.5.0.block.3.1,forward,True,224,,175616,,15,0.1577,0.0764,0.2327
features.5.1,0dabf09c906070ac,MBConv,"{""class"": ""MBConv"", ""out_channels"": 112}","[[1, 112, 14, 14]]","[""torch.float32""]","[[1, 112, 14, 14]]",features.5.1,forward,False,208572,,175616,,15,5.9778,5.8522,0.5037
features.5.1.block,8cf7bd5d439ec2cd,Sequential,"{""class"": ""Sequential""}","[[1, 112, 14, 14]]","[""torch.float32""]","[[1, 112, 14, 14]]",features.5.1.block,forward,False,208572,,175616,,15,5.8326,5.7235,0.493
features.5.1.block.0,c0fe0abc1c30065b,Conv2dNormActivation,"{""class"": ""Conv2dNormActivation"", ""out_channels"": 672}","[[1, 112, 14, 14]]","[""torch.float32""]","[[1, 672, 14, 14]]",features.5.1.block.0,forward,False,76608,,614656,,15,1.7708,1.4016,0.534
features.5.1.block.0.0,1943596383569ec9,Conv2d,"{""bias"": null, ""class"": ""Conv2d"", ""dilation"": [1, 1], ""groups"": 1, ""in_channels"": 112, ""kernel_size"": [1, 1], ""out_channels"": 672, ""padding"": [0, 0], ""stride"": [1, 1]}","[[1, 112, 14, 14]]","[""torch.float32""]","[[1, 672, 14, 14]]",features.5.1.block.0.0,forward,True,75264,14751744,614656,24.0,15,1.2142,0.9228,0.4148
features.5.1.block.0.1,a34006005417d937,BatchNorm2d,"{""bias"": ""Parameter containing:\ntensor([0., 0., 0., 0., 0., 0., 0., 0., 0., 0., 0., 0., 0., 0., 0., 0., 0., 0., 0., 0., 0., 0., 0., 0.,\n        0., 0., 0., 0., 0., 0., 0., 0., 0., 0., 0., 0., 0., 0., 0., 0., 0., 0., 0., 0., 0., 0., 0., 0.,\n        0., 0., 0., 0., 0., 0., 0., 0., 0., 0., 0., 0., 0., 0., 0., 0., 0., 0., 0., 0., 0., 0., 0., 0.,\n        0., 0., 0., 0., 0., 0., 0., 0., 0., 0., 0., 0., 0., 0., 0., 0., 0., 0., 0., 0., 0., 0., 0., 0.,\n        0., 0., 0., 0., 0., 0., 0., 0., 0., 0., 0., 0., 0., 0., 0., 0., 0., 0., 0., 0., 0., 0., 0., 0.,\n        0., 0., 0., 0., 0., 0., 0., 0., 0., 0., 0., 0., 0., 0., 0., 0., 0., 0., 0., 0., 0., 0., 0., 0.,\n        0., 0., 0., 0., 0., 0., 0., 0., 0., 0., 0., 0., 0., 0., 0., 0., 0., 0., 0., 0., 0., 0., 0., 0.,\n        0., 0., 0., 0., 0., 0., 0., 0., 0., 0., 0., 0., 0., 0., 0., 0., 0., 0., 0., 0., 0., 0., 0., 0.,\n        0., 0., 0., 0., 0., 0., 0., 0., 0., 0., 0., 0., 0., 0., 0., 0., 0., 0., 0., 0., 0., 0., 0., 0.,\n        0., 0., 0., 0., 0., 0., 0., 0., 0., 0., 0., 0., 0., 0., 0., 0., 0., 0., 0., 0., 0., 0., 0., 0.,\n        0., 0., 0., 0., 0., 0., 0., 0., 0., 0., 0., 0., 0., 0., 0., 0., 0., 0., 0., 0., 0., 0., 0., 0.,\n        0., 0., 0., 0., 0., 0., 0., 0., 0., 0., 0., 0., 0., 0., 0., 0., 0., 0., 0., 0., 0., 0., 0., 0.,\n        0., 0., 0., 0., 0., 0., 0., 0., 0., 0., 0., 0., 0., 0., 0., 0., 0., 0., 0., 0., 0., 0., 0., 0.,\n        0., 0., 0., 0., 0., 0., 0., 0., 0., 0., 0., 0., 0., 0., 0., 0., 0., 0., 0., 0., 0., 0., 0., 0.,\n        0., 0., 0., 0., 0., 0., 0., 0., 0., 0., 0., 0., 0., 0., 0., 0., 0., 0., 0., 0., 0., 0., 0., 0.,\n        0., 0., 0., 0., 0., 0., 0., 0., 0., 0., 0., 0., 0., 0., 0., 0., 0., 0., 0., 0., 0., 0., 0., 0.,\n        0., 0., 0., 0., 0., 0., 0., 0., 0., 0., 0., 0., 0., 0., 0., 0., 0., 0., 0., 0., 0., 0., 0., 0.,\n        0., 0., 0., 0., 0., 0., 0., 0., 0., 0., 0., 0., 0., 0., 0., 0., 0., 0., 0., 0., 0., 0., 0., 0.,\n        0., 0., 0., 0., 0., 0., 0., 0., 0., 0., 0., 0., 0., 0., 0., 0., 0., 0., 0., 0., 0., 0., 0., 0.,\n        0., 0., 0., 0., 0., 0., 0., 0., 0., 0., 0., 0., 0., 0., 0., 0., 0., 0., 0., 0., 0., 0., 0., 0.,\n        0., 0., 0., 0., 0., 0., 0., 0., 0., 0., 0., 0., 0., 0., 0., 0., 0., 0., 0., 0., 0., 0., 0., 0.,\n        0., 0., 0., 0., 0., 0., 0., 0., 0., 0., 0., 0., 0., 0., 0., 0., 0., 0., 0., 0., 0., 0., 0., 0.,\n        0., 0., 0., 0., 0., 0., 0., 0., 0., 0., 0., 0., 0., 0., 0., 0., 0., 0., 0., 0., 0., 0., 0., 0.,\n        0., 0., 0., 0., 0., 0., 0., 0., 0., 0., 0., 0., 0., 0., 0., 0., 0., 0., 0., 0., 0., 0., 0., 0.,\n        0., 0., 0., 0., 0., 0., 0., 0., 0., 0., 0., 0., 0., 0., 0., 0., 0., 0., 0., 0., 0., 0., 0., 0.,\n        0., 0., 0., 0., 0., 0., 0., 0., 0., 0., 0., 0., 0., 0., 0., 0., 0., 0., 0., 0., 0., 0., 0., 0.,\n        0., 0., 0., 0., 0., 0., 0., 0., 0., 0., 0., 0., 0., 0., 0., 0., 0., 0., 0., 0., 0., 0., 0., 0.,\n        0., 0., 0., 0., 0., 0., 0., 0., 0., 0., 0., 0., 0., 0., 0., 0., 0., 0., 0., 0., 0., 0., 0., 0.],\n       requires_grad=True)"", ""class"": ""BatchNorm2d"", ""eps"": 1e-05}","[[1, 672, 14, 14]]","[""torch.float32""]","[[1, 672, 14, 14]]",features.5.1.block.0.1,forward,True,1344,,1053696,,15,0.1737,0.1519,0.0333
features.5.1.block.0.2,bdda0de60c0c17f3,SiLU,"{""class"": ""SiLU""}","[[1, 672, 14, 14]]","[""torch.float32""]","[[1, 672, 14, 14]]",features.5.1.block.0.2,forward,True,0,,1053696,,15,0.177,0.1811,0.0111
features.5.1.block.1,8741e1b5ed75a9aa,Conv2dNormActivation,"{""class"": ""Conv2dNormActivation"", ""out_channels"": 672}","[[1, 672, 14, 14]]","[""torch.float32""]","[[1, 672, 14, 14]]",features.5.1.block.1,forward,False,18144,,1053696,,15,1.5305,1.5127,0.2455
features.5.1.block.1.0,eba76744a2a51948,Conv2d,"{""bias"": null, ""class"": ""Conv2d"", ""dilation"": [1, 1], ""groups"": 672, ""in_channels"": 672, ""kernel_size"": [5, 5], ""out_channels"": 672, ""padding"": [2, 2], ""stride"": [1, 1]}","[[1, 672, 14, 14]]","[""torch.float32""]","[[1, 672, 14, 14]]",features.5.1.block.1.0,forward,True,16800,3292800,1053696,3.125,15,0.9262,0.873,0.0981
features.5.1.block.1.1,a34006005417d937,BatchNorm2d,"{""bias"": ""Parameter containing:\ntensor([0., 0., 0., 0., 0., 0., 0., 0., 0., 0., 0., 0., 0., 0., 0., 0., 0., 0., 0., 0., 0., 0., 0., 0.,\n        0., 0., 0., 0., 0., 0., 0., 0., 0., 0., 0., 0., 0., 0., 0., 0., 0., 0., 0., 0., 0., 0., 0., 0.,\n        0., 0., 0., 0., 0., 0., 0., 0., 0., 0., 0., 0., 0., 0., 0., 0., 0., 0., 0., 0., 0., 0., 0., 0.,\n        0., 0., 0., 0., 0., 0., 0., 0., 0., 0., 0., 0., 0., 0., 0., 0., 0., 0., 0., 0., 0., 0., 0., 0.,\n        0., 0., 0., 0., 0., 0., 0., 0., 0., 0., 0., 0., 0., 0., 0., 0., 0., 0., 0., 0., 0., 0., 0., 0.,\n        0., 0., 0., 0., 0., 0., 0., 0., 0., 0., 0., 0., 0., 0., 0., 0., 0., 0., 0., 0., 0., 0., 0., 0.,\n        0., 0., 0., 0., 0., 0., 0., 0., 0., 0., 0., 0., 0., 0., 0., 0., 0., 0., 0., 0., 0., 0., 0., 0.,\n        0., 0., 0., 0., 0., 0., 0., 0., 0., 0., 0., 0., 0., 0., 0., 0., 0., 0., 0., 0., 0., 0., 0., 0.,\n        0., 0., 0., 0., 0., 0., 0., 0., 0., 0., 0., 0., 0., 0., 0., 0., 0., 0., 0., 0., 0., 0., 0., 0.,\n        0., 0., 0., 0., 0., 0., 0., 0., 0., 0., 0., 0., 0., 0., 0., 0., 0., 0., 0., 0., 0., 0., 0., 0.,\n        0., 0., 0., 0., 0., 0., 0., 0., 0., 0., 0., 0., 0., 0., 0., 0., 0., 0., 0., 0., 0., 0., 0., 0.,\n        0., 0., 0., 0., 0., 0., 0., 0., 0., 0., 0., 0., 0., 0., 0., 0., 0., 0., 0., 0., 0., 0., 0., 0.,\n        0., 0., 0., 0., 0., 0., 0., 0., 0., 0., 0., 0., 0., 0., 0., 0., 0., 0., 0., 0., 0., 0., 0., 0.,\n        0., 0., 0., 0., 0., 0., 0., 0., 0., 0., 0., 0., 0., 0., 0., 0., 0., 0., 0., 0., 0., 0., 0., 0.,\n        0., 0., 0., 0., 0., 0., 0., 0., 0., 0., 0., 0., 0., 0., 0., 0., 0., 0., 0., 0., 0., 0., 0., 0.,\n        0., 0., 0., 0., 0., 0., 0., 0., 0., 0., 0., 0., 0., 0., 0., 0., 0., 0., 0., 0., 0., 0., 0., 0.,\n        0., 0., 0., 0., 0., 0., 0., 0., 0., 0., 0., 0., 0., 0., 0., 0., 0., 0., 0., 0., 0., 0., 0., 0.,\n        0., 0., 0., 0., 0., 0., 0., 0., 0., 0., 0., 0., 0., 0., 0., 0., 0., 0., 0., 0., 0., 0., 0., 0.,\n        0., 0., 0., 0., 0., 0., 0., 0., 0., 0., 0., 0., 0., 0., 0., 0., 0., 0., 0., 0., 0., 0., 0., 0.,\n        0., 0., 0., 0., 0., 0., 0., 0., 0., 0., 0., 0., 0., 0., 0., 0., 0., 0., 0., 0., 0., 0., 0., 0.,\n        0., 0., 0., 0., 0., 0., 0., 0., 0., 0., 0., 0., 0., 0., 0., 0., 0., 0., 0., 0., 0., 0., 0., 0.,\n        0., 0., 0., 0., 0., 0., 0., 0., 0., 0., 0., 0., 0., 0., 0., 0., 0., 0., 0., 0., 0., 0., 0., 0.,\n        0., 0., 0., 0., 0., 0., 0., 0., 0., 0., 0., 0., 0., 0., 0., 0., 0., 0., 0., 0., 0., 0., 0., 0.,\n        0., 0., 0., 0., 0., 0., 0., 0., 0., 0., 0., 0., 0., 0., 0., 0., 0., 0., 0., 0., 0., 0., 0., 0.,\n        0., 0., 0., 0., 0., 0., 0., 0., 0., 0., 0., 0., 0., 0., 0., 0., 0., 0., 0., 0., 0., 0., 0., 0.,\n        0., 0., 0., 0., 0., 0., 0., 0., 0., 0., 0., 0., 0., 0., 0., 0., 0., 0., 0., 0., 0., 0., 0., 0.,\n        0., 0., 0., 0., 0., 0., 0., 0., 0., 0., 0., 0., 0., 0., 0., 0., 0., 0., 0., 0., 0., 0., 0., 0.,\n        0., 0., 0., 0., 0., 0., 0., 0., 0., 0., 0., 0., 0., 0., 0., 0., 0., 0., 0., 0., 0., 0., 0., 0.],\n       requires_grad=True)"", ""class"": ""BatchNorm2d"", ""eps"": 1e-05}","[[1, 672, 14, 14]]","[""torch.float32""]","[[1, 672, 14, 14]]",features.5.1.block.1.1,forward,True,1344,,1053696,,15,0.243,0.1527,0.2429
features.5.1.block.1.2,bdda0de60c0c17f3,SiLU,"{""class"": ""SiLU""}","[[1, 672, 14, 14]]","[""torch.float32""]","[[1, 672, 14, 14]]",features.5.1.block.1.2,forward,True,0,,1053696,,15,0.1744,0.1739,0.0188
features.5.1.block.2,4a7bc113792ac9d5,SqueezeExcitation,"{""class"": ""SqueezeExcitation""}","[[1, 672, 14, 14]]","[""torch.float32""]","[[1, 672, 14, 14]]",features.5.1.block.2,forward,False,38332,,1053696,,15,0.867,0.6411,0.3041
features.5.1.block.2.avgpool,d8d235c65a601d89,AdaptiveAvgPool2d,"{""class"": ""AdaptiveAvgPool2d""}","[[1, 672, 14, 14]]","[""torch.float32""]","[[1, 672, 1, 1]]",features.5.1.block.2.avgpool,forward,True,0,,529536,,15,0.0988,0.0985,0.005
features.5.1.block.2.fc1,4ac5e7ca403f9b14,Conv2d,"{""bias"": ""Parameter containing:\ntensor([0., 0., 0., 0., 0., 0., 0., 0., 0., 0., 0., 0., 0., 0., 0., 0., 0., 0., 0., 0., 0., 0., 0., 0.,\n        0., 0., 0., 0.], requires_grad=True)"", ""class"": ""Conv2d"", ""dilation"": [1, 1], ""groups"": 1, ""in_channels"": 672, ""kernel_size"": [1, 1], ""out_channels"": 28, ""padding"": [0, 0], ""stride"": [1, 1]}","[[1, 672, 1, 1]]","[""torch.float32""]","[[1, 28, 1, 1]]",features.5.1.block.2.fc1,forward,True,18844,18816,2800,6.72,15,0.0907,0.0911,0.0018
features.5.1.block.2.fc2,dba6678683588446,Conv2d,"{""bias"": ""Parameter containing:\ntensor([0., 0., 0., 0., 0., 0., 0., 0., 0., 0., 0., 0., 0., 0., 0., 0., 0., 0., 0., 0., 0., 0., 0., 0.,\n        0., 0., 0., 0., 0., 0., 0., 0., 0., 0., 0., 0., 0., 0., 0., 0., 0., 0., 0., 0., 0., 0., 0., 0.,\n        0., 0., 0., 0., 0., 0., 0., 0., 0., 0., 0., 0., 0., 0., 0., 0., 0., 0., 0., 0., 0., 0., 0., 0.,\n        0., 0., 0., 0., 0., 0., 0., 0., 0., 0., 0., 0., 0., 0., 0., 0., 0., 0., 0., 0., 0., 0., 0., 0.,\n        0., 0., 0., 0., 0., 0., 0., 0., 0., 0., 0., 0., 0., 0., 0., 0., 0., 0., 0., 0., 0., 0., 0., 0.,\n        0., 0., 0., 0., 0., 0., 0., 0., 0., 0., 0., 0., 0., 0., 0., 0., 0., 0., 0., 0., 0., 0., 0., 0.,\n        0., 0., 0., 0., 0., 0., 0., 0., 0., 0., 0., 0., 0., 0., 0., 0., 0., 0., 0., 0., 0., 0., 0., 0.,\n        0., 0., 0., 0., 0., 0., 0., 0., 0., 0., 0., 0., 0., 0., 0., 0., 0., 0., 0., 0., 0., 0., 0., 0.,\n        0., 0., 0., 0., 0., 0., 0., 0., 0., 0., 0., 0., 0., 0., 0., 0., 0., 0., 0., 0., 0., 0., 0., 0.,\n        0., 0., 0., 0., 0., 0., 0., 0., 0., 0., 0., 0., 0., 0., 0., 0., 0., 0., 0., 0., 0., 0., 0., 0.,\n        0., 0., 0., 0., 0., 0., 0., 0., 0., 0., 0., 0., 0., 0., 0., 0., 0., 0., 0., 0., 0., 0., 0., 0.,\n        0., 0., 0., 0., 0., 0., 0., 0., 0., 0., 0., 0., 0., 0., 0., 0., 0., 0., 0., 0., 0., 0., 0., 0.,\n        0., 0., 0., 0., 0., 0., 0., 0., 0., 0., 0., 0., 0., 0., 0., 0., 0., 0., 0., 0., 0., 0., 0., 0.,\n        0., 0., 0., 0., 0., 0., 0., 0., 0., 0., 0., 0., 0., 0., 0., 0., 0., 0., 0., 0., 0., 0., 0., 0.,\n        0., 0., 0., 0., 0., 0., 0., 0., 0., 0., 0., 0., 0., 0., 0., 0., 0., 0., 0., 0., 0., 0., 0., 0.,\n        0., 0., 0., 0., 0., 0., 0., 0., 0., 0., 0., 0., 0., 0., 0., 0., 0., 0., 0., 0., 0., 0., 0., 0.,\n        0., 0., 0., 0., 0., 0., 0., 0., 0., 0., 0., 0., 0., 0., 0., 0., 0., 0., 0., 0., 0., 0., 0., 0.,\n        0., 0., 0., 0., 0., 0., 0., 0., 0., 0., 0., 0., 0., 0., 0., 0., 0., 0., 0., 0., 0., 0., 0., 0.,\n        0., 0., 0., 0., 0., 0., 0., 0., 0., 0., 0., 0., 0., 0., 0., 0., 0., 0., 0., 0., 0., 0., 0., 0.,\n        0., 0., 0., 0., 0., 0., 0., 0., 0., 0., 0., 0., 0., 0., 0., 0., 0., 0., 0., 0., 0., 0., 0., 0.,\n        0., 0., 0., 0., 0., 0., 0., 0., 0., 0., 0., 0., 0., 0., 0., 0., 0., 0., 0., 0., 0., 0., 0., 0.,\n        0., 0., 0., 0., 0., 0., 0., 0., 0., 0., 0., 0., 0., 0., 0., 0., 0., 0., 0., 0., 0., 0., 0., 0.,\n        0., 0., 0., 0., 0., 0., 0., 0., 0., 0., 0., 0., 0., 0., 0., 0., 0., 0., 0., 0., 0., 0., 0., 0.,\n        0., 0., 0., 0., 0., 0., 0., 0., 0., 0., 0., 0., 0., 0., 0., 0., 0., 0., 0., 0., 0., 0., 0., 0.,\n        0., 0., 0., 0., 0., 0., 0., 0., 0., 0., 0., 0., 0., 0., 0., 0., 0., 0., 0., 0., 0., 0., 0., 0.,\n        0., 0., 0., 0., 0., 0., 0., 0., 0., 0., 0., 0., 0., 0., 0., 0., 0., 0., 0., 0., 0., 0., 0., 0.,\n        0., 0., 0., 0., 0., 0., 0., 0., 0., 0., 0., 0., 0., 0., 0., 0., 0., 0., 0., 0., 0., 0., 0., 0.,\n        0., 0., 0., 0., 0., 0., 0., 0., 0., 0., 0., 0., 0., 0., 0., 0., 0., 0., 0., 0., 0., 0., 0., 0.],\n       requires_grad=True)"", ""class"": ""Conv2d"", ""dilation"": [1, 1], ""groups"": 1, ""in_channels"": 28, ""kernel_size"": [1, 1], ""out_channels"": 672, ""padding"": [0, 0], ""stride"": [1, 1]}","[[1, 28, 1, 1]]","[""torch.float32""]","[[1, 672, 1, 1]]",features.5.1.block.2.fc2,forward,True,19488,18816,2800,6.72,15,0.0742,0.0661,0.0179
features.5.1.block.2.activation,4a31d703fa79c2d6,SiLU,"{""class"": ""SiLU""}","[[1, 28, 1, 1]]","[""torch.float32""]","[[1, 28, 1, 1]]",features.5.1.block.2.activation,forward,True,0,,224,,15,0.0188,0.0174,0.0042
features.5.1.block.2.scale_activation,36f2cc2e1cf696a1,Sigmoid,"{""class"": ""Sigmoid""}","[[1, 672, 1, 1]]","[""torch.float32""]","[[1, 672, 1, 1]]",features.5.1.block.2.scale_activation,forward,True,0,,5376,,15,0.0255,0.0221,0.0081
features.5.1.block.3,7b0b6272c36019ee,Conv2dNormActivation,"{""class"": ""Conv2dNormActivation"", ""out_channels"": 112}","[[1, 672, 14, 14]]","[""torch.float32""]","[[1, 112, 14, 14]]",features.5.1.block.3,forward,False,75488,,614656,,15,1.4993,1.3512,0.4102
features.5.1.block.3.0,a58e20980b2741c5,Conv2d,"{""bias"": null, ""class"": ""Conv2d"", ""dilation"": [1, 1], ""groups"": 1, ""in_channels"": 672, ""kernel_size"": [1, 1], ""out_channels"": 112, ""padding"": [0, 0], ""stride"": [1, 1]}","[[1, 672, 14, 14]]","[""torch.float32""]","[[1, 112, 14, 14]]",features.5.1.block.3.0,forward,True,75264,14751744,614656,24.0,15,1.1523,0.9738,0.3088
features.5.1.block.3.1,922701ce2e99f754,BatchNorm2d,"{""bias"": ""Parameter containing:\ntensor([0., 0., 0., 0., 0., 0., 0., 0., 0., 0., 0., 0., 0., 0., 0., 0., 0., 0., 0., 0., 0., 0., 0., 0.,\n        0., 0., 0., 0., 0., 0., 0., 0., 0., 0., 0., 0., 0., 0., 0., 0., 0., 0., 0., 0., 0., 0., 0., 0.,\n        0., 0., 0., 0., 0., 0., 0., 0., 0., 0., 0., 0., 0., 0., 0., 0., 0., 0., 0., 0., 0., 0., 0., 0.,\n        0., 0., 0., 0., 0., 0., 0., 0., 0., 0., 0., 0., 0., 0., 0., 0., 0., 0., 0., 0., 0., 0., 0., 0.,\n        0., 0., 0., 0., 0., 0., 0., 0., 0., 0., 0., 0., 0., 0., 0., 0.],\n       requires_grad=True)"", ""class"": ""BatchNorm2d"", ""eps"": 1e-05}","[[1, 112, 14, 14]]","[""torch.float32""]","[[1, 112, 14, 14]]",features.5.1.block.3.1,forward,True,224,,175616,,15,0.226,0.0844,0.2684
features.5.1.stochastic_depth,987a92bda02d288a,StochasticDepth,"{""class"": ""StochasticDepth""}","[[1, 112, 14, 14]]","[""torch.float32""]","[[1, 112, 14, 14]]",features.5.1.stochastic_depth,forward,True,0,,175616,,15,0.0153,0.0148,0.0013
features.5.2,0dabf09c906070ac,MBConv,"{""class"": ""MBConv"", ""out_channels"": 112}","[[1, 112, 14, 14]]","[""torch.float32""]","[[1, 112, 14, 14]]",features.5.2,forward,False,208572,,175616,,15,5.8328,5.7599,0.7338
features.5.2.block,8cf7bd5d439ec2cd,Sequential,"{""class"": ""Sequential""}","[[1, 112, 14, 14]]","[""torch.float32""]","[[1, 112, 14, 14]]",features.5.2.block,forward,False,208572,,175616,,15,5.652,5.6153,0.735
features.5.2.block.0,c0fe0abc1c30065b,Conv2dNormActivation,"{""class"": ""Conv2dNormActivation"", ""out_channels"": 672}","[[1, 112, 14, 14]]","[""torch.float32""]","[[1, 672, 14, 14]]",features.5.2.block.0,forward,False,76608,,614656,,15,1.5984,1.4439,0.3556
features.5.2.block.0.0,1943596383569ec9,Conv2d,"{""bias"": null, ""class"": ""Conv2d"", ""dilation"": [1, 1], ""groups"": 1, ""in_channels"": 112, ""kernel_size"": [1, 1], ""out_channels"": 672, ""padding"": [0, 0], ""stride"": [1, 1]}","[[1, 112, 14, 14]]","[""torch.float32""]","[[1, 672, 14, 14]]",features.5.2.block.0.0,forward,True,75264,14751744,614656,24.0,15,1.0598,0.9136,0.3143
features.5.2.block.0.1,a34006005417d937,BatchNorm2d,"{""bias"": ""Parameter containing:\ntensor([0., 0., 0., 0., 0., 0., 0., 0., 0., 0., 0., 0., 0., 0., 0., 0., 0., 0., 0., 0., 0., 0., 0., 0.,\n        0., 0., 0., 0., 0., 0., 0., 0., 0., 0., 0., 0., 0., 0., 0., 0., 0., 0., 0., 0., 0., 0., 0., 0.,\n        0., 0., 0., 0., 0., 0., 0., 0., 0., 0., 0., 0., 0., 0., 0., 0., 0., 0., 0., 0., 0., 0., 0., 0.,\n        0., 0., 0., 0., 0., 0., 0., 0., 0., 0., 0., 0., 0., 0., 0., 0., 0., 0., 0., 0., 0., 0., 0., 0.,\n        0., 0., 0., 0., 0., 0., 0., 0., 0., 0., 0., 0., 0., 0., 0., 0., 0., 0., 0., 0., 0., 0., 0., 0.,\n        0., 0., 0., 0., 0., 0., 0., 0., 0., 0., 0., 0., 0., 0., 0., 0., 0., 0., 0., 0., 0., 0., 0., 0.,\n        0., 0., 0., 0., 0., 0., 0., 0., 0., 0., 0., 0., 0., 0., 0., 0., 0., 0., 0., 0., 0., 0., 0., 0.,\n        0., 0., 0., 0., 0., 0., 0., 0., 0., 0., 0., 0., 0., 0., 0., 0., 0., 0., 0., 0., 0., 0., 0., 0.,\n        0., 0., 0., 0., 0., 0., 0., 0., 0., 0., 0., 0., 0., 0., 0., 0., 0., 0., 0., 0., 0., 0., 0., 0.,\n        0., 0., 0., 0., 0., 0., 0., 0., 0., 0., 0., 0., 0., 0., 0., 0., 0., 0., 0., 0., 0., 0., 0., 0.,\n        0., 0., 0., 0., 0., 0., 0., 0., 0., 0., 0., 0., 0., 0., 0., 0., 0., 0., 0., 0., 0., 0., 0., 0.,\n        0., 0., 0., 0., 0., 0., 0., 0., 0., 0., 0., 0., 0., 0., 0., 0., 0., 0., 0., 0., 0., 0., 0., 0.,\n        0., 0., 0., 0., 0., 0., 0., 0., 0., 0., 0., 0., 0., 0., 0., 0., 0., 0., 0., 0., 0., 0., 0., 0.,\n        0., 0., 0., 0., 0., 0., 0., 0., 0., 0., 0., 0., 0., 0., 0., 0., 0., 0., 0., 0., 0., 0., 0., 0.,\n        0., 0., 0., 0., 0., 0., 0., 0., 0., 0., 0., 0., 0., 0., 0., 0., 0., 0., 0., 0., 0., 0., 0., 0.,\n        0., 0., 0., 0., 0., 0., 0., 0., 0., 0., 0., 0., 0., 0., 0., 0., 0., 0., 0., 0., 0., 0., 0., 0.,\n        0., 0., 0., 0., 0., 0., 0., 0., 0., 0., 0., 0., 0., 0., 0., 0., 0., 0., 0., 0., 0., 0., 0., 0.,\n        0., 0., 0., 0., 0., 0., 0., 0., 0., 0., 0., 0., 0., 0., 0., 0., 0., 0., 0., 0., 0., 0., 0., 0.,\n        0., 0., 0., 0., 0., 0., 0., 0., 0., 0., 0., 0., 0., 0., 0., 0., 0., 0., 0., 0., 0., 0., 0., 0.,\n        0., 0., 0., 0., 0., 0., 0., 0., 0., 0., 0., 0., 0., 0., 0., 0., 0., 0., 0., 0., 0., 0., 0., 0.,\n        0., 0., 0., 0., 0., 0., 0., 0., 0., 0., 0., 0., 0., 0., 0., 0., 0., 0., 0., 0., 0., 0., 0., 0.,\n        0., 0., 0., 0., 0., 0., 0., 0., 0., 0., 0., 0., 0., 0., 0., 0., 0., 0., 0., 0., 0., 0., 0., 0.,\n        0., 0., 0., 0., 0., 0., 0., 0., 0., 0., 0., 0., 0., 0., 0., 0., 0., 0., 0., 0., 0., 0., 0., 0.,\n        0., 0., 0., 0., 0., 0., 0., 0., 0., 0., 0., 0., 0., 0., 0., 0., 0., 0., 0., 0., 0., 0., 0., 0.,\n        0., 0., 0., 0., 0., 0., 0., 0., 0., 0., 0., 0., 0., 0., 0., 0., 0., 0., 0., 0., 0., 0., 0., 0.,\n        0., 0., 0., 0., 0., 0., 0., 0., 0., 0., 0., 0., 0., 0., 0., 0., 0., 0., 0., 0., 0., 0., 0., 0.,\n        0., 0., 0., 0., 0., 0., 0., 0., 0., 0., 0., 0., 0., 0., 0., 0., 0., 0., 0., 0., 0., 0., 0., 0.,\n        0., 0., 0., 0., 0., 0., 0., 0., 0., 0., 0., 0., 0., 0., 0., 0., 0., 0., 0., 0., 0., 0., 0., 0.],\n       requires_grad=True)"", ""class"": ""BatchNorm2d"", ""eps"": 1e-05}","[[1, 672, 14, 14]]","[""torch.float32""]","[[1, 672, 14, 14]]",features.5.2.block.0.1,forward,True,1344,,1053696,,15,0.1757,0.1589,0.0366
features.5.2.block.0.2,bdda0de60c0c17f3,SiLU,"{""class"": ""SiLU""}","[[1, 672, 14, 14]]","[""torch.float32""]","[[1, 672, 14, 14]]",features.5.2.block.0.2,forward,True,0,,1053696,,15,0.1991,0.1814,0.0756
features.5.2.block.1,8741e1b5ed75a9aa,Conv2dNormActivation,"{""class"": ""Conv2dNormActivation"", ""out_channels"": 672}","[[1, 672, 14, 14]]","[""torch.float32""]","[[1, 672, 14, 14]]",features.5.2.block.1,forward,False,18144,,1053696,,15,1.5765,1.4611,0.301
features.5.2.block.1.0,eba76744a2a51948,Conv2d,"{""bias"": null, ""class"": ""Conv2d"", ""dilation"": [1, 1], ""groups"": 672, ""in_channels"": 672, ""kernel_size"": [5, 5], ""out_channels"": 672, ""padding"": [2, 2], ""stride"": [1, 1]}","[[1, 672, 14, 14]]","[""torch.float32""]","[[1, 672, 14, 14]]",features.5.2.block.1.0,forward,True,16800,3292800,1053696,3.125,15,0.8803,0.84,0.0917
features.5.2.block.1.1,a34006005417d937,BatchNorm2d,"{""bias"": ""Parameter containing:\ntensor([0., 0., 0., 0., 0., 0., 0., 0., 0., 0., 0., 0., 0., 0., 0., 0., 0., 0., 0., 0., 0., 0., 0., 0.,\n        0., 0., 0., 0., 0., 0., 0., 0., 0., 0., 0., 0., 0., 0., 0., 0., 0., 0., 0., 0., 0., 0., 0., 0.,\n        0., 0., 0., 0., 0., 0., 0., 0., 0., 0., 0., 0., 0., 0., 0., 0., 0., 0., 0., 0., 0., 0., 0., 0.,\n        0., 0., 0., 0., 0., 0., 0., 0., 0., 0., 0., 0., 0., 0., 0., 0., 0., 0., 0., 0., 0., 0., 0., 0.,\n        0., 0., 0., 0., 0., 0., 0., 0., 0., 0., 0., 0., 0., 0., 0., 0., 0., 0., 0., 0., 0., 0., 0., 0.,\n        0., 0., 0., 0., 0., 0., 0., 0., 0., 0., 0., 0., 0., 0., 0., 0., 0., 0., 0., 0., 0., 0., 0., 0.,\n        0., 0., 0., 0., 0., 0., 0., 0., 0., 0., 0., 0., 0., 0., 0., 0., 0., 0., 0., 0., 0., 0., 0., 0.,\n        0., 0., 0., 0., 0., 0., 0., 0., 0., 0., 0., 0., 0., 0., 0., 0., 0., 0., 0., 0., 0., 0., 0., 0.,\n        0., 0., 0., 0., 0., 0., 0., 0., 0., 0., 0., 0., 0., 0., 0., 0., 0., 0., 0., 0., 0., 0., 0., 0.,\n        0., 0., 0., 0., 0., 0., 0., 0., 0., 0., 0., 0., 0., 0., 0., 0., 0., 0., 0., 0., 0., 0., 0., 0.,\n        0., 0., 0., 0., 0., 0., 0., 0., 0., 0., 0., 0., 0., 0., 0., 0., 0., 0., 0., 0., 0., 0., 0., 0.,\n        0., 0., 0., 0., 0., 0., 0., 0., 0., 0., 0., 0., 0., 0., 0., 0., 0., 0., 0., 0., 0., 0., 0., 0.,\n        0., 0., 0., 0., 0., 0., 0., 0., 0., 0., 0., 0., 0., 0., 0., 0., 0., 0., 0., 0., 0., 0., 0., 0.,\n        0., 0., 0., 0., 0., 0., 0., 0., 0., 0., 0., 0., 0., 0., 0., 0., 0., 0., 0., 0., 0., 0., 0., 0.,\n        0., 0., 0., 0., 0., 0., 0., 0., 0., 0., 0., 0., 0., 0., 0., 0., 0., 0., 0., 0., 0., 0., 0., 0.,\n        0., 0., 0., 0., 0., 0., 0., 0., 0., 0., 0., 0., 0., 0., 0., 0., 0., 0., 0., 0., 0., 0., 0., 0.,\n        0., 0., 0., 0., 0., 0., 0., 0., 0., 0., 0., 0., 0., 0., 0., 0., 0., 0., 0., 0., 0., 0., 0., 0.,\n        0., 0., 0., 0., 0., 0., 0., 0., 0., 0., 0., 0., 0., 0., 0., 0., 0., 0., 0., 0., 0., 0., 0., 0.,\n        0., 0., 0., 0., 0., 0., 0., 0., 0., 0., 0., 0., 0., 0., 0., 0., 0., 0., 0., 0., 0., 0., 0., 0.,\n        0., 0., 0., 0., 0., 0., 0., 0., 0., 0., 0., 0., 0., 0., 0., 0., 0., 0., 0., 0., 0., 0., 0., 0.,\n        0., 0., 0., 0., 0., 0., 0., 0., 0., 0., 0., 0., 0., 0., 0., 0., 0., 0., 0., 0., 0., 0., 0., 0.,\n        0., 0., 0., 0., 0., 0., 0., 0., 0., 0., 0., 0., 0., 0., 0., 0., 0., 0., 0., 0., 0., 0., 0., 0.,\n        0., 0., 0., 0., 0., 0., 0., 0., 0., 0., 0., 0., 0., 0., 0., 0., 0., 0., 0., 0., 0., 0., 0., 0.,\n        0., 0., 0., 0., 0., 0., 0., 0., 0., 0., 0., 0., 0., 0., 0., 0., 0., 0., 0., 0., 0., 0., 0., 0.,\n        0., 0., 0., 0., 0., 0., 0., 0., 0., 0., 0., 0., 0., 0., 0., 0., 0., 0., 0., 0., 0., 0., 0., 0.,\n        0., 0., 0., 0., 0., 0., 0., 0., 0., 0., 0., 0., 0., 0., 0., 0., 0., 0., 0., 0., 0., 0., 0., 0.,\n        0., 0., 0., 0., 0., 0., 0., 0., 0., 0., 0., 0., 0., 0., 0., 0., 0., 0., 0., 0., 0., 0., 0., 0.,\n        0., 0., 0., 0., 0., 0., 0., 0., 0., 0., 0., 0., 0., 0., 0., 0., 0., 0., 0., 0., 0., 0., 0., 0.],\n       requires_grad=True)"", ""class"": ""BatchNorm2d"", ""eps"": 1e-05}","[[1, 672, 14, 14]]","[""torch.float32""]","[[1, 672, 14, 14]]",features.5.2.block.1.1,forward,True,1344,,1053696,,15,0.1891,0.148,0.0803
features.5.2.block.1.2,bdda0de60c0c17f3,SiLU,"{""class"": ""SiLU""}","[[1, 672, 14, 14]]","[""torch.float32""]","[[1, 672, 14, 14]]",features.5.2.block.1.2,forward,True,0,,1053696,,15,0.3093,0.2096,0.1802
features.5.2.block.2,4a7bc113792ac9d5,SqueezeExcitation,"{""class"": ""SqueezeExcitation""}","[[1, 672, 14, 14]]","[""torch.float32""]","[[1, 672, 14, 14]]",features.5.2.block.2,forward,False,38332,,1053696,,15,0.8697,0.735,0.3024
features.5.2.block.2.avgpool,d8d235c65a601d89,AdaptiveAvgPool2d,"{""class"": ""AdaptiveAvgPool2d""}","[[1, 672, 14, 14]]","[""torch.float32""]","[[1, 672, 1, 1]]",features.5.2.block.2.avgpool,forward,True,0,,529536,,15,0.1247,0.1035,0.0387
features.5.2.block.2.fc1,4ac5e7ca403f9b14,Conv2d,"{""bias"": ""Parameter containing:\ntensor([0., 0., 0., 0., 0., 0., 0., 0., 0., 0., 0., 0., 0., 0., 0., 0., 0., 0., 0., 0., 0., 0., 0., 0.,\n        0., 0., 0., 0.], requires_grad=True)"", ""class"": ""Conv2d"", ""dilation"": [1, 1], ""groups"": 1, ""in_channels"": 672, ""kernel_size"": [1, 1], ""out_channels"": 28, ""padding"": [0, 0], ""stride"": [1, 1]}","[[1, 672, 1, 1]]","[""torch.float32""]","[[1, 28, 1, 1]]",features.5.2.block.2.fc1,forward,True,18844,18816,2800,6.72,15,0.1052,0.0923,0.0237
features.5.2.block.2.fc2,dba6678683588446,Conv2d,"{""bias"": ""Parameter containing:\ntensor([0., 0., 0., 0., 0., 0., 0., 0., 0., 0., 0., 0., 0., 0., 0., 0., 0., 0., 0., 0., 0., 0., 0., 0.,\n        0., 0., 0., 0., 0., 0., 0., 0., 0., 0., 0., 0., 0., 0., 0., 0., 0., 0., 0., 0., 0., 0., 0., 0.,\n        0., 0., 0., 0., 0., 0., 0., 0., 0., 0., 0., 0., 0., 0., 0., 0., 0., 0., 0., 0., 0., 0., 0., 0.,\n        0., 0., 0., 0., 0., 0., 0., 0., 0., 0., 0., 0., 0., 0., 0., 0., 0., 0., 0., 0., 0., 0., 0., 0.,\n        0., 0., 0., 0., 0., 0., 0., 0., 0., 0., 0., 0., 0., 0., 0., 0., 0., 0., 0., 0., 0., 0., 0., 0.,\n        0., 0., 0., 0., 0., 0., 0., 0., 0., 0., 0., 0., 0., 0., 0., 0., 0., 0., 0., 0., 0., 0., 0., 0.,\n        0., 0., 0., 0., 0., 0., 0., 0., 0., 0., 0., 0., 0., 0., 0., 0., 0., 0., 0., 0., 0., 0., 0., 0.,\n        0., 0., 0., 0., 0., 0., 0., 0., 0., 0., 0., 0., 0., 0., 0., 0., 0., 0., 0., 0., 0., 0., 0., 0.,\n        0., 0., 0., 0., 0., 0., 0., 0., 0., 0., 0., 0., 0., 0., 0., 0., 0., 0., 0., 0., 0., 0., 0., 0.,\n        0., 0., 0., 0., 0., 0., 0., 0., 0., 0., 0., 0., 0., 0., 0., 0., 0., 0., 0., 0., 0., 0., 0., 0.,\n        0., 0., 0., 0., 0., 0., 0., 0., 0., 0., 0., 0., 0., 0., 0., 0., 0., 0., 0., 0., 0., 0., 0., 0.,\n        0., 0., 0., 0., 0., 0., 0., 0., 0., 0., 0., 0., 0., 0., 0., 0., 0., 0., 0., 0., 0., 0., 0., 0.,\n        0., 0., 0., 0., 0., 0., 0., 0., 0., 0., 0., 0., 0., 0., 0., 0., 0., 0., 0., 0., 0., 0., 0., 0.,\n        0., 0., 0., 0., 0., 0., 0., 0., 0., 0., 0., 0., 0., 0., 0., 0., 0., 0., 0., 0., 0., 0., 0., 0.,\n        0., 0., 0., 0., 0., 0., 0., 0., 0., 0., 0., 0., 0., 0., 0., 0., 0., 0., 0., 0., 0., 0., 0., 0.,\n        0., 0., 0., 0., 0., 0., 0., 0., 0., 0., 0., 0., 0., 0., 0., 0., 0., 0., 0., 0., 0., 0., 0., 0.,\n        0., 0., 0., 0., 0., 0., 0., 0., 0., 0., 0., 0., 0., 0., 0., 0., 0., 0., 0., 0., 0., 0., 0., 0.,\n        0., 0., 0., 0., 0., 0., 0., 0., 0., 0., 0., 0., 0., 0., 0., 0., 0., 0., 0., 0., 0., 0., 0., 0.,\n        0., 0., 0., 0., 0., 0., 0., 0., 0., 0., 0., 0., 0., 0., 0., 0., 0., 0., 0., 0., 0., 0., 0., 0.,\n        0., 0., 0., 0., 0., 0., 0., 0., 0., 0., 0., 0., 0., 0., 0., 0., 0., 0., 0., 0., 0., 0., 0., 0.,\n        0., 0., 0., 0., 0., 0., 0., 0., 0., 0., 0., 0., 0., 0., 0., 0., 0., 0., 0., 0., 0., 0., 0., 0.,\n        0., 0., 0., 0., 0., 0., 0., 0., 0., 0., 0., 0., 0., 0., 0., 0., 0., 0., 0., 0., 0., 0., 0., 0.,\n        0., 0., 0., 0., 0., 0., 0., 0., 0., 0., 0., 0., 0., 0., 0., 0., 0., 0., 0., 0., 0., 0., 0., 0.,\n        0., 0., 0., 0., 0., 0., 0., 0., 0., 0., 0., 0., 0., 0., 0., 0., 0., 0., 0., 0., 0., 0., 0., 0.,\n        0., 0., 0., 0., 0., 0., 0., 0., 0., 0., 0., 0., 0., 0., 0., 0., 0., 0., 0., 0., 0., 0., 0., 0.,\n        0., 0., 0., 0., 0., 0., 0., 0., 0., 0., 0., 0., 0., 0., 0., 0., 0., 0., 0., 0., 0., 0., 0., 0.,\n        0., 0., 0., 0., 0., 0., 0., 0., 0., 0., 0., 0., 0., 0., 0., 0., 0., 0., 0., 0., 0., 0., 0., 0.,\n        0., 0., 0., 0., 0., 0., 0., 0., 0., 0., 0., 0., 0., 0., 0., 0., 0., 0., 0., 0., 0., 0., 0., 0.],\n       requires_grad=True)"", ""class"": ""Conv2d"", ""dilation"": [1, 1], ""groups"": 1, ""in_channels"": 28, ""kernel_size"": [1, 1], ""out_channels"": 672, ""padding"": [0, 0], ""stride"": [1, 1]}","[[1, 28, 1, 1]]","[""torch.float32""]","[[1, 672, 1, 1]]",features.5.2.block.2.fc2,forward,True,19488,18816,2800,6.72,15,0.0808,0.0673,0.0256
features.5.2.block.2.activation,4a31d703fa79c2d6,SiLU,"{""class"": ""SiLU""}","[[1, 28, 1, 1]]","[""torch.float32""]","[[1, 28, 1, 1]]",features.5.2.block.2.activation,forward,True,0,,224,,15,0.0254,0.0177,0.0177
features.5.2.block.2.scale_activation,36f2cc2e1cf696a1,Sigmoid,"{""class"": ""Sigmoid""}","[[1, 672, 1, 1]]","[""torch.float32""]","[[1, 672, 1, 1]]",features.5.2.block.2.scale_activation,forward,True,0,,5376,,15,0.0271,0.0222,0.0077
features.5.2.block.3,7b0b6272c36019ee,Conv2dNormActivation,"{""class"": ""Conv2dNormActivation"", ""out_channels"": 112}","[[1, 672, 14, 14]]","[""torch.float32""]","[[1, 112, 14, 14]]",features.5.2.block.3,forward,False,75488,,614656,,15,1.4183,1.1691,0.4306
features.5.2.block.3.0,a58e20980b2741c5,Conv2d,"{""bias"": null, ""class"": ""Conv2d"", ""dilation"": [1, 1], ""groups"": 1, ""in_channels"": 672, ""kernel_size"": [1, 1], ""out_channels"": 112, ""padding"": [0, 0], ""stride"": [1, 1]}","[[1, 672, 14, 14]]","[""torch.float32""]","[[1, 112, 14, 14]]",features.5.2.block.3.0,forward,True,75264,14751744,614656,24.0,15,1.1539,0.9736,0.3091
features.5.2.block.3.1,922701ce2e99f754,BatchNorm2d,"{""bias"": ""Parameter containing:\ntensor([0., 0., 0., 0., 0., 0., 0., 0., 0., 0., 0., 0., 0., 0., 0., 0., 0., 0., 0., 0., 0., 0., 0., 0.,\n        0., 0., 0., 0., 0., 0., 0., 0., 0., 0., 0., 0., 0., 0., 0., 0., 0., 0., 0., 0., 0., 0., 0., 0.,\n        0., 0., 0., 0., 0., 0., 0., 0., 0., 0., 0., 0., 0., 0., 0., 0., 0., 0., 0., 0., 0., 0., 0., 0.,\n        0., 0., 0., 0., 0., 0., 0., 0., 0., 0., 0., 0., 0., 0., 0., 0., 0., 0., 0., 0., 0., 0., 0., 0.,\n        0., 0., 0., 0., 0., 0., 0., 0., 0., 0., 0., 0., 0., 0., 0., 0.],\n       requires_grad=True)"", ""class"": ""BatchNorm2d"", ""eps"": 1e-05}","[[1, 112, 14, 14]]","[""torch.float32""]","[[1, 112, 14, 14]]",features.5.2.block.3.1,forward,True,224,,175616,,15,0.137,0.0827,0.1386
features.5.2.stochastic_depth,987a92bda02d288a,StochasticDepth,"{""class"": ""StochasticDepth""}","[[1, 112, 14, 14]]","[""torch.float32""]","[[1, 112, 14, 14]]",features.5.2.stochastic_depth,forward,True,0,,175616,,15,0.0169,0.0149,0.0038
features.6,8cf7bd5d439ec2cd,Sequential,"{""class"": ""Sequential""}","[[1, 112, 14, 14]]","[""torch.float32""]","[[1, 192, 7, 7]]",features.6,forward,False,2026348,,125440,,15,19.7367,19.2666,1.6657
features.6.0,5e4aeb7a3305aab1,MBConv,"{""class"": ""MBConv"", ""out_channels"": 192}","[[1, 112, 14, 14]]","[""torch.float32""]","[[1, 192, 7, 7]]",features.6.0,forward,False,262492,,125440,,15,4.9142,4.7911,0.6058
features.6.0.block,8cf7bd5d439ec2cd,Sequential,"{""class"": ""Sequential""}","[[1, 112, 14, 14]]","[""torch.float32""]","[[1, 192, 7, 7]]",features.6.0.block,forward,False,262492,,125440,,15,4.8776,4.7525,0.6014
features.6.0.block.0,c0fe0abc1c30065b,Conv2dNormActivation,"{""class"": ""Conv2dNormActivation"", ""out_channels"": 672}","[[1, 112, 14, 14]]","[""torch.float32""]","[[1, 672, 14, 14]]",features.6.0.block.0,forward,False,76608,,614656,,15,1.831,1.3534,0.7087
features.6.0.block.0.0,1943596383569ec9,Conv2d,"{""bias"": null, ""class"": ""Conv2d"", ""dilation"": [1, 1], ""groups"": 1, ""in_channels"": 112, ""kernel_size"": [1, 1], ""out_channels"": 672, ""padding"": [0, 0], ""stride"": [1, 1]}","[[1, 112, 14, 14]]","[""torch.float32""]","[[1, 672, 14, 14]]",features.6.0.block.0.0,forward,True,75264,14751744,614656,24.0,15,1.2647,0.8679,0.5864
features.6.0.block.0.1,a34006005417d937,BatchNorm2d,"{""bias"": ""Parameter containing:\ntensor([0., 0., 0., 0., 0., 0., 0., 0., 0., 0., 0., 0., 0., 0., 0., 0., 0., 0., 0., 0., 0., 0., 0., 0.,\n        0., 0., 0., 0., 0., 0., 0., 0., 0., 0., 0., 0., 0., 0., 0., 0., 0., 0., 0., 0., 0., 0., 0., 0.,\n        0., 0., 0., 0., 0., 0., 0., 0., 0., 0., 0., 0., 0., 0., 0., 0., 0., 0., 0., 0., 0., 0., 0., 0.,\n        0., 0., 0., 0., 0., 0., 0., 0., 0., 0., 0., 0., 0., 0., 0., 0., 0., 0., 0., 0., 0., 0., 0., 0.,\n        0., 0., 0., 0., 0., 0., 0., 0., 0., 0., 0., 0., 0., 0., 0., 0., 0., 0., 0., 0., 0., 0., 0., 0.,\n        0., 0., 0., 0., 0., 0., 0., 0., 0., 0., 0., 0., 0., 0., 0., 0., 0., 0., 0., 0., 0., 0., 0., 0.,\n        0., 0., 0., 0., 0., 0., 0., 0., 0., 0., 0., 0., 0., 0., 0., 0., 0., 0., 0., 0., 0., 0., 0., 0.,\n        0., 0., 0., 0., 0., 0., 0., 0., 0., 0., 0., 0., 0., 0., 0., 0., 0., 0., 0., 0., 0., 0., 0., 0.,\n        0., 0., 0., 0., 0., 0., 0., 0., 0., 0., 0., 0., 0., 0., 0., 0., 0., 0., 0., 0., 0., 0., 0., 0.,\n        0., 0., 0., 0., 0., 0., 0., 0., 0., 0., 0., 0., 0., 0., 0., 0., 0., 0., 0., 0., 0., 0., 0., 0.,\n        0., 0., 0., 0., 0., 0., 0., 0., 0., 0., 0., 0., 0., 0., 0., 0., 0., 0., 0., 0., 0., 0., 0., 0.,\n        0., 0., 0., 0., 0., 0., 0., 0., 0., 0., 0., 0., 0., 0., 0., 0., 0., 0., 0., 0., 0., 0., 0., 0.,\n        0., 0., 0., 0., 0., 0., 0., 0., 0., 0., 0., 0., 0., 0., 0., 0., 0., 0., 0., 0., 0., 0., 0., 0.,\n        0., 0., 0., 0., 0., 0., 0., 0., 0., 0., 0., 0., 0., 0., 0., 0., 0., 0., 0., 0., 0., 0., 0., 0.,\n        0., 0., 0., 0., 0., 0., 0., 0., 0., 0., 0., 0., 0., 0., 0., 0., 0., 0., 0., 0., 0., 0., 0., 0.,\n        0., 0., 0., 0., 0., 0., 0., 0., 0., 0., 0., 0., 0., 0., 0., 0., 0., 0., 0., 0., 0., 0., 0., 0.,\n        0., 0., 0., 0., 0., 0., 0., 0., 0., 0., 0., 0., 0., 0., 0., 0., 0., 0., 0., 0., 0., 0., 0., 0.,\n        0., 0., 0., 0., 0., 0., 0., 0., 0., 0., 0., 0., 0., 0., 0., 0., 0., 0., 0., 0., 0., 0., 0., 0.,\n        0., 0., 0., 0., 0., 0., 0., 0., 0., 0., 0., 0., 0., 0., 0., 0., 0., 0., 0., 0., 0., 0., 0., 0.,\n        0., 0., 0., 0., 0., 0., 0., 0., 0., 0., 0., 0., 0., 0., 0., 0., 0., 0., 0., 0., 0., 0., 0., 0.,\n        0., 0., 0., 0., 0., 0., 0., 0., 0., 0., 0., 0., 0., 0., 0., 0., 0., 0., 0., 0., 0., 0., 0., 0.,\n        0., 0., 0., 0., 0., 0., 0., 0., 0., 0., 0., 0., 0., 0., 0., 0., 0., 0., 0., 0., 0., 0., 0., 0.,\n        0., 0., 0., 0., 0., 0., 0., 0., 0., 0., 0., 0., 0., 0., 0., 0., 0., 0., 0., 0., 0., 0., 0., 0.,\n        0., 0., 0., 0., 0., 0., 0., 0., 0., 0., 0., 0., 0., 0., 0., 0., 0., 0., 0., 0., 0., 0., 0., 0.,\n        0., 0., 0., 0., 0., 0., 0., 0., 0., 0., 0., 0., 0., 0., 0., 0., 0., 0., 0., 0., 0., 0., 0., 0.,\n        0., 0., 0., 0., 0., 0., 0., 0., 0., 0., 0., 0., 0., 0., 0., 0., 0., 0., 0., 0., 0., 0., 0., 0.,\n        0., 0., 0., 0., 0., 0., 0., 0., 0., 0., 0., 0., 0., 0., 0., 0., 0., 0., 0., 0., 0., 0., 0., 0.,\n        0., 0., 0., 0., 0., 0., 0., 0., 0., 0., 0., 0., 0., 0., 0., 0., 0., 0., 0., 0., 0., 0., 0., 0.],\n       requires_grad=True)"", ""class"": ""BatchNorm2d"", ""eps"": 1e-05}","[[1, 672, 14, 14]]","[""torch.float32""]","[[1, 672, 14, 14]]",features.6.0.block.0.1,forward,True,1344,,1053696,,15,0.1889,0.1586,0.0403
features.6.0.block.0.2,bdda0de60c0c17f3,SiLU,"{""class"": ""SiLU""}","[[1, 672, 14, 14]]","[""torch.float32""]","[[1, 672, 14, 14]]",features.6.0.block.0.2,forward,True,0,,1053696,,15,0.1996,0.1844,0.0569
features.6.0.block.1,8741e1b5ed75a9aa,Conv2dNormActivation,"{""class"": ""Conv2dNormActivation"", ""out_channels"": 672}","[[1, 672, 14, 14]]","[""torch.float32""]","[[1, 672, 7, 7]]",features.6.0.block.1,forward,False,18144,,658560,,15,1.2874,1.2296,0.2626
features.6.0.block.1.0,9c0988673ae53940,Conv2d,"{""bias"": null, ""class"": ""Conv2d"", ""dilation"": [1, 1], ""groups"": 672, ""in_channels"": 672, ""kernel_size"": [5, 5], ""out_channels"": 672, ""padding"": [2, 2], ""stride"": [2, 2]}","[[1, 672, 14, 14]]","[""torch.float32""]","[[1, 672, 7, 7]]",features.6.0.block.1.0,forward,True,16800,823200,658560,1.25,15,0.9255,0.838,0.2597
features.6.0.block.1.1,3ebc81b001907a26,BatchNorm2d,"{""bias"": ""Parameter containing:\ntensor([0., 0., 0., 0., 0., 0., 0., 0., 0., 0., 0., 0., 0., 0., 0., 0., 0., 0., 0., 0., 0., 0., 0., 0.,\n        0., 0., 0., 0., 0., 0., 0., 0., 0., 0., 0., 0., 0., 0., 0., 0., 0., 0., 0., 0., 0., 0., 0., 0.,\n        0., 0., 0., 0., 0., 0., 0., 0., 0., 0., 0., 0., 0., 0., 0., 0., 0., 0., 0., 0., 0., 0., 0., 0.,\n        0., 0., 0., 0., 0., 0., 0., 0., 0., 0., 0., 0., 0., 0., 0., 0., 0., 0., 0., 0., 0., 0., 0., 0.,\n        0., 0., 0., 0., 0., 0., 0., 0., 0., 0., 0., 0., 0., 0., 0., 0., 0., 0., 0., 0., 0., 0., 0., 0.,\n        0., 0., 0., 0., 0., 0., 0., 0., 0., 0., 0., 0., 0., 0., 0., 0., 0., 0., 0., 0., 0., 0., 0., 0.,\n        0., 0., 0., 0., 0., 0., 0., 0., 0., 0., 0., 0., 0., 0., 0., 0., 0., 0., 0., 0., 0., 0., 0., 0.,\n        0., 0., 0., 0., 0., 0., 0., 0., 0., 0., 0., 0., 0., 0., 0., 0., 0., 0., 0., 0., 0., 0., 0., 0.,\n        0., 0., 0., 0., 0., 0., 0., 0., 0., 0., 0., 0., 0., 0., 0., 0., 0., 0., 0., 0., 0., 0., 0., 0.,\n        0., 0., 0., 0., 0., 0., 0., 0., 0., 0., 0., 0., 0., 0., 0., 0., 0., 0., 0., 0., 0., 0., 0., 0.,\n        0., 0., 0., 0., 0., 0., 0., 0., 0., 0., 0., 0., 0., 0., 0., 0., 0., 0., 0., 0., 0., 0., 0., 0.,\n        0., 0., 0., 0., 0., 0., 0., 0., 0., 0., 0., 0., 0., 0., 0., 0., 0., 0., 0., 0., 0., 0., 0., 0.,\n        0., 0., 0., 0., 0., 0., 0., 0., 0., 0., 0., 0., 0., 0., 0., 0., 0., 0., 0., 0., 0., 0., 0., 0.,\n        0., 0., 0., 0., 0., 0., 0., 0., 0., 0., 0., 0., 0., 0., 0., 0., 0., 0., 0., 0., 0., 0., 0., 0.,\n        0., 0., 0., 0., 0., 0., 0., 0., 0., 0., 0., 0., 0., 0., 0., 0., 0., 0., 0., 0., 0., 0., 0., 0.,\n        0., 0., 0., 0., 0., 0., 0., 0., 0., 0., 0., 0., 0., 0., 0., 0., 0., 0., 0., 0., 0., 0., 0., 0.,\n        0., 0., 0., 0., 0., 0., 0., 0., 0., 0., 0., 0., 0., 0., 0., 0., 0., 0., 0., 0., 0., 0., 0., 0.,\n        0., 0., 0., 0., 0., 0., 0., 0., 0., 0., 0., 0., 0., 0., 0., 0., 0., 0., 0., 0., 0., 0., 0., 0.,\n        0., 0., 0., 0., 0., 0., 0., 0., 0., 0., 0., 0., 0., 0., 0., 0., 0., 0., 0., 0., 0., 0., 0., 0.,\n        0., 0., 0., 0., 0., 0., 0., 0., 0., 0., 0., 0., 0., 0., 0., 0., 0., 0., 0., 0., 0., 0., 0., 0.,\n        0., 0., 0., 0., 0., 0., 0., 0., 0., 0., 0., 0., 0., 0., 0., 0., 0., 0., 0., 0., 0., 0., 0., 0.,\n        0., 0., 0., 0., 0., 0., 0., 0., 0., 0., 0., 0., 0., 0., 0., 0., 0., 0., 0., 0., 0., 0., 0., 0.,\n        0., 0., 0., 0., 0., 0., 0., 0., 0., 0., 0., 0., 0., 0., 0., 0., 0., 0., 0., 0., 0., 0., 0., 0.,\n        0., 0., 0., 0., 0., 0., 0., 0., 0., 0., 0., 0., 0., 0., 0., 0., 0., 0., 0., 0., 0., 0., 0., 0.,\n        0., 0., 0., 0., 0., 0., 0., 0., 0., 0., 0., 0., 0., 0., 0., 0., 0., 0., 0., 0., 0., 0., 0., 0.,\n        0., 0., 0., 0., 0., 0., 0., 0., 0., 0., 0., 0., 0., 0., 0., 0., 0., 0., 0., 0., 0., 0., 0., 0.,\n        0., 0., 0., 0., 0., 0., 0., 0., 0., 0., 0., 0., 0., 0., 0., 0., 0., 0., 0., 0., 0., 0., 0., 0.,\n        0., 0., 0., 0., 0., 0., 0., 0., 0., 0., 0., 0., 0., 0., 0., 0., 0., 0., 0., 0., 0., 0., 0., 0.],\n       requires_grad=True)"", ""class"": ""BatchNorm2d"", ""eps"": 1e-05}","[[1, 672, 7, 7]]","[""torch.float32""]","[[1, 672, 7, 7]]",features.6.0.block.1.1,forward,True,1344,,263424,,15,0.0931,0.0897,0.0099
features.6.0.block.1.2,333125fdf96a93cb,SiLU,"{""class"": ""SiLU""}","[[1, 672, 7, 7]]","[""torch.float32""]","[[1, 672, 7, 7]]",features.6.0.block.1.2,forward,True,0,,263424,,15,0.108,0.1011,0.0278
features.6.0.block.2,1ddc372266b60fec,SqueezeExcitation,"{""class"": ""SqueezeExcitation""}","[[1, 672, 7, 7]]","[""torch.float32""]","[[1, 672, 7, 7]]",features.6.0.block.2,forward,False,38332,,263424,,15,0.7296,0.5127,0.3324
features.6.0.block.2.avgpool,441cb9caf63048db,AdaptiveAvgPool2d,"{""class"": ""AdaptiveAvgPool2d""}","[[1, 672, 7, 7]]","[""torch.float32""]","[[1, 672, 1, 1]]",features.6.0.block.2.avgpool,forward,True,0,,134400,,15,0.1662,0.0855,0.23
features.6.0.block.2.fc1,4ac5e7ca403f9b14,Conv2d,"{""bias"": ""Parameter containing:\ntensor([0., 0., 0., 0., 0., 0., 0., 0., 0., 0., 0., 0., 0., 0., 0., 0., 0., 0., 0., 0., 0., 0., 0., 0.,\n        0., 0., 0., 0.], requires_grad=True)"", ""class"": ""Conv2d"", ""dilation"": [1, 1], ""groups"": 1, ""in_channels"": 672, ""kernel_size"": [1, 1], ""out_channels"": 28, ""padding"": [0, 0], ""stride"": [1, 1]}","[[1, 672, 1, 1]]","[""torch.float32""]","[[1, 28, 1, 1]]",features.6.0.block.2.fc1,forward,True,18844,18816,2800,6.72,15,0.0949,0.0918,0.0111
features.6.0.block.2.fc2,dba6678683588446,Conv2d,"{""bias"": ""Parameter containing:\ntensor([0., 0., 0., 0., 0., 0., 0., 0., 0., 0., 0., 0., 0., 0., 0., 0., 0., 0., 0., 0., 0., 0., 0., 0.,\n        0., 0., 0., 0., 0., 0., 0., 0., 0., 0., 0., 0., 0., 0., 0., 0., 0., 0., 0., 0., 0., 0., 0., 0.,\n        0., 0., 0., 0., 0., 0., 0., 0., 0., 0., 0., 0., 0., 0., 0., 0., 0., 0., 0., 0., 0., 0., 0., 0.,\n        0., 0., 0., 0., 0., 0., 0., 0., 0., 0., 0., 0., 0., 0., 0., 0., 0., 0., 0., 0., 0., 0., 0., 0.,\n        0., 0., 0., 0., 0., 0., 0., 0., 0., 0., 0., 0., 0., 0., 0., 0., 0., 0., 0., 0., 0., 0., 0., 0.,\n        0., 0., 0., 0., 0., 0., 0., 0., 0., 0., 0., 0., 0., 0., 0., 0., 0., 0., 0., 0., 0., 0., 0., 0.,\n        0., 0., 0., 0., 0., 0., 0., 0., 0., 0., 0., 0., 0., 0., 0., 0., 0., 0., 0., 0., 0., 0., 0., 0.,\n        0., 0., 0., 0., 0., 0., 0., 0., 0., 0., 0., 0., 0., 0., 0., 0., 0., 0., 0., 0., 0., 0., 0., 0.,\n        0., 0., 0., 0., 0., 0., 0., 0., 0., 0., 0., 0., 0., 0., 0., 0., 0., 0., 0., 0., 0., 0., 0., 0.,\n        0., 0., 0., 0., 0., 0., 0., 0., 0., 0., 0., 0., 0., 0., 0., 0., 0., 0., 0., 0., 0., 0., 0., 0.,\n        0., 0., 0., 0., 0., 0., 0., 0., 0., 0., 0., 0., 0., 0., 0., 0., 0., 0., 0., 0., 0., 0., 0., 0.,\n        0., 0., 0., 0., 0., 0., 0., 0., 0., 0., 0., 0., 0., 0., 0., 0., 0., 0., 0., 0., 0., 0., 0., 0.,\n        0., 0., 0., 0., 0., 0., 0., 0., 0., 0., 0., 0., 0., 0., 0., 0., 0., 0., 0., 0., 0., 0., 0., 0.,\n        0., 0., 0., 0., 0., 0., 0., 0., 0., 0., 0., 0., 0., 0., 0., 0., 0., 0., 0., 0., 0., 0., 0., 0.,\n        0., 0., 0., 0., 0., 0., 0., 0., 0., 0., 0., 0., 0., 0., 0., 0., 0., 0., 0., 0., 0., 0., 0., 0.,\n        0., 0., 0., 0., 0., 0., 0., 0., 0., 0., 0., 0., 0., 0., 0., 0., 0., 0., 0., 0., 0., 0., 0., 0.,\n        0., 0., 0., 0., 0., 0., 0., 0., 0., 0., 0., 0., 0., 0., 0., 0., 0., 0., 0., 0., 0., 0., 0., 0.,\n        0., 0., 0., 0., 0., 0., 0., 0., 0., 0., 0., 0., 0., 0., 0., 0., 0., 0., 0., 0., 0., 0., 0., 0.,\n        0., 0., 0., 0., 0., 0., 0., 0., 0., 0., 0., 0., 0., 0., 0., 0., 0., 0., 0., 0., 0., 0., 0., 0.,\n        0., 0., 0., 0., 0., 0., 0., 0., 0., 0., 0., 0., 0., 0., 0., 0., 0., 0., 0., 0., 0., 0., 0., 0.,\n        0., 0., 0., 0., 0., 0., 0., 0., 0., 0., 0., 0., 0., 0., 0., 0., 0., 0., 0., 0., 0., 0., 0., 0.,\n        0., 0., 0., 0., 0., 0., 0., 0., 0., 0., 0., 0., 0., 0., 0., 0., 0., 0., 0., 0., 0., 0., 0., 0.,\n        0., 0., 0., 0., 0., 0., 0., 0., 0., 0., 0., 0., 0., 0., 0., 0., 0., 0., 0., 0., 0., 0., 0., 0.,\n        0., 0., 0., 0., 0., 0., 0., 0., 0., 0., 0., 0., 0., 0., 0., 0., 0., 0., 0., 0., 0., 0., 0., 0.,\n        0., 0., 0., 0., 0., 0., 0., 0., 0., 0., 0., 0., 0., 0., 0., 0., 0., 0., 0., 0., 0., 0., 0., 0.,\n        0., 0., 0., 0., 0., 0., 0., 0., 0., 0., 0., 0., 0., 0., 0., 0., 0., 0., 0., 0., 0., 0., 0., 0.,\n        0., 0., 0., 0., 0., 0., 0., 0., 0., 0., 0., 0., 0., 0., 0., 0., 0., 0., 0., 0., 0., 0., 0., 0.,\n        0., 0., 0., 0., 0., 0., 0., 0., 0., 0., 0., 0., 0., 0., 0., 0., 0., 0., 0., 0., 0., 0., 0., 0.],\n       requires_grad=True)"", ""class"": ""Conv2d"", ""dilation"": [1, 1], ""groups"": 1, ""in_channels"": 28, ""kernel_size"": [1, 1], ""out_channels"": 672, ""padding"": [0, 0], ""stride"": [1, 1]}","[[1, 28, 1, 1]]","[""torch.float32""]","[[1, 672, 1, 1]]",features.6.0.block.2.fc2,forward,True,19488,18816,2800,6.72,15,0.0736,0.0641,0.0286
features.6.0.block.2.activation,4a31d703fa79c2d6,SiLU,"{""class"": ""SiLU""}","[[1, 28, 1, 1]]","[""torch.float32""]","[[1, 28, 1, 1]]",features.6.0.block.2.activation,forward,True,0,,224,,15,0.0183,0.0179,0.0015
features.6.0.block.2.scale_activation,36f2cc2e1cf696a1,Sigmoid,"{""class"": ""Sigmoid""}","[[1, 672, 1, 1]]","[""torch.float32""]","[[1, 672, 1, 1]]",features.6.0.block.2.scale_activation,forward,True,0,,5376,,15,0.0261,0.0218,0.0105
features.6.0.block.3,6caad6ca56f8ff7a,Conv2dNormActivation,"{""class"": ""Conv2dNormActivation"", ""out_channels"": 192}","[[1, 672, 7, 7]]","[""torch.float32""]","[[1, 192, 7, 7]]",features.6.0.block.3,forward,False,129408,,169344,,15,0.8679,0.8455,0.0517
features.6.0.block.3.0,c461587c0f17cc0c,Conv2d,"{""bias"": null, ""class"": ""Conv2d"", ""dilation"": [1, 1], ""groups"": 1, ""in_channels"": 672, ""kernel_size"": [1, 1], ""out_channels"": 192, ""padding"": [0, 0], ""stride"": [1, 1]}","[[1, 672, 7, 7]]","[""torch.float32""]","[[1, 192, 7, 7]]",features.6.0.block.3.0,forward,True,129024,6322176,169344,37.3333,15,0.7127,0.6968,0.0469
features.6.0.block.3.1,5d51e193efd8383e,BatchNorm2d,"{""bias"": ""Parameter containing:\ntensor([0., 0., 0., 0., 0., 0., 0., 0., 0., 0., 0., 0., 0., 0., 0., 0., 0., 0., 0., 0., 0., 0., 0., 0.,\n        0., 0., 0., 0., 0., 0., 0., 0., 0., 0., 0., 0., 0., 0., 0., 0., 0., 0., 0., 0., 0., 0., 0., 0.,\n        0., 0., 0., 0., 0., 0., 0., 0., 0., 0., 0., 0., 0., 0., 0., 0., 0., 0., 0., 0., 0., 0., 0., 0.,\n        0., 0., 0., 0., 0., 0., 0., 0., 0., 0., 0., 0., 0., 0., 0., 0., 0., 0., 0., 0., 0., 0., 0., 0.,\n        0., 0., 0., 0., 0., 0., 0., 0., 0., 0., 0., 0., 0., 0., 0., 0., 0., 0., 0., 0., 0., 0., 0., 0.,\n        0., 0., 0., 0., 0., 0., 0., 0., 0., 0., 0., 0., 0., 0., 0., 0., 0., 0., 0., 0., 0., 0., 0., 0.,\n        0., 0., 0., 0., 0., 0., 0., 0., 0., 0., 0., 0., 0., 0., 0., 0., 0., 0., 0., 0., 0., 0., 0., 0.,\n        0., 0., 0., 0., 0., 0., 0., 0., 0., 0., 0., 0., 0., 0., 0., 0., 0., 0., 0., 0., 0., 0., 0., 0.],\n       requires_grad=True)"", ""class"": ""BatchNorm2d"", ""eps"": 1e-05}","[[1, 192, 7, 7]]","[""torch.float32""]","[[1, 192, 7, 7]]",features.6.0.block.3.1,forward,True,384,,75264,,15,0.0719,0.0711,0.0028
features.6.1,f1aeb82584b02957,MBConv,"{""class"": ""MBConv"", ""out_channels"": 192}","[[1, 192, 7, 7]]","[""torch.float32""]","[[1, 192, 7, 7]]",features.6.1,forward,False,587952,,75264,,15,4.7921,4.8307,0.2781
features.6.1.block,92d5c0f15160ae7b,Sequential,"{""class"": ""Sequential""}","[[1, 192, 7, 7]]","[""torch.float32""]","[[1, 192, 7, 7]]",features.6.1.block,forward,False,587952,,75264,,15,4.6452,4.7061,0.3146
features.6.1.block.0,02ca1a5acada60ce,Conv2dNormActivation,"{""class"": ""Conv2dNormActivation"", ""out_channels"": 1152}","[[1, 192, 7, 7]]","[""torch.float32""]","[[1, 1152, 7, 7]]",features.6.1.block.0,forward,False,223488,,263424,,15,1.3368,1.1641,0.4477
features.6.1.block.0.0,c933b5319e29b120,Conv2d,"{""bias"": null, ""class"": ""Conv2d"", ""dilation"": [1, 1], ""groups"": 1, ""in_channels"": 192, ""kernel_size"": [1, 1], ""out_channels"": 1152, ""padding"": [0, 0], ""stride"": [1, 1]}","[[1, 192, 7, 7]]","[""torch.float32""]","[[1, 1152, 7, 7]]",features.6.1.block.0.0,forward,True,221184,10838016,263424,41.1429,15,0.8944,0.7154,0.425
features.6.1.block.0.1,7d455efd2b13f071,BatchNorm2d,"{""bias"": ""Parameter containing:\ntensor([0., 0., 0.,  ..., 0., 0., 0.], requires_grad=True)"", ""class"": ""BatchNorm2d"", ""eps"": 1e-05}","[[1, 1152, 7, 7]]","[""torch.float32""]","[[1, 1152, 7, 7]]",features.6.1.block.0.1,forward,True,2304,,451584,,15,0.1405,0.1426,0.0301
features.6.1.block.0.2,db046aac80c82fec,SiLU,"{""class"": ""SiLU""}","[[1, 1152, 7, 7]]","[""torch.float32""]","[[1, 1152, 7, 7]]",features.6.1.block.0.2,forward,True,0,,451584,,15,0.155,0.1469,0.0169
features.6.1.block.1,2a73835c4ecc9e07,Conv2dNormActivation,"{""class"": ""Conv2dNormActivation"", ""out_channels"": 1152}","[[1, 1152, 7, 7]]","[""torch.float32""]","[[1, 1152, 7, 7]]",features.6.1.block.1,forward,False,31104,,451584,,15,1.2811,1.1039,0.3396
features.6.1.block.1.0,c0de15395f7d3c90,Conv2d,"{""bias"": null, ""class"": ""Conv2d"", ""dilation"": [1, 1], ""groups"": 1152, ""in_channels"": 1152, ""kernel_size"": [5, 5], ""out_channels"": 1152, ""padding"": [2, 2], ""stride"": [1, 1]}","[[1, 1152, 7, 7]]","[""torch.float32""]","[[1, 1152, 7, 7]]",features.6.1.block.1.0,forward,True,28800,1411200,451584,3.125,15,0.8797,0.7158,0.3252
features.6.1.block.1.1,7d455efd2b13f071,BatchNorm2d,"{""bias"": ""Parameter containing:\ntensor([0., 0., 0.,  ..., 0., 0., 0.], requires_grad=True)"", ""class"": ""BatchNorm2d"", ""eps"": 1e-05}","[[1, 1152, 7, 7]]","[""torch.float32""]","[[1, 1152, 7, 7]]",features.6.1.block.1.1,forward,True,2304,,451584,,15,0.1044,0.1027,0.0063
features.6.1.block.1.2,db046aac80c82fec,SiLU,"{""class"": ""SiLU""}","[[1, 1152, 7, 7]]","[""torch.float32""]","[[1, 1152, 7, 7]]",features.6.1.block.1.2,forward,True,0,,451584,,15,0.1466,0.1468,0.0109
features.6.1.block.2,6bbe139d099a628c,SqueezeExcitation,"{""class"": ""SqueezeExcitation""}","[[1, 1152, 7, 7]]","[""torch.float32""]","[[1, 1152, 7, 7]]",features.6.1.block.2,forward,False,111792,,451584,,15,0.7497,0.5752,0.2972
features.6.1.block.2.avgpool,e1aef64653892312,AdaptiveAvgPool2d,"{""class"": ""AdaptiveAvgPool2d""}","[[1, 1152, 7, 7]]","[""torch.float32""]","[[1, 1152, 1, 1]]",features.6.1.block.2.avgpool,forward,True,0,,230400,,15,0.092,0.0866,0.0122
features.6.1.block.2.fc1,a23f8cb89136cdd1,Conv2d,"{""bias"": ""Parameter containing:\ntensor([0., 0., 0., 0., 0., 0., 0., 0., 0., 0., 0., 0., 0., 0., 0., 0., 0., 0., 0., 0., 0., 0., 0., 0.,\n        0., 0., 0., 0., 0., 0., 0., 0., 0., 0., 0., 0., 0., 0., 0., 0., 0., 0., 0., 0., 0., 0., 0., 0.],\n       requires_grad=True)"", ""class"": ""Conv2d"", ""dilation"": [1, 1], ""groups"": 1, ""in_channels"": 1152, ""kernel_size"": [1, 1], ""out_channels"": 48, ""padding"": [0, 0], ""stride"": [1, 1]}","[[1, 1152, 1, 1]]","[""torch.float32""]","[[1, 48, 1, 1]]",features.6.1.block.2.fc1,forward,True,55344,55296,4800,11.52,15,0.1133,0.1101,0.008
features.6.1.block.2.fc2,3991f1f888c8bb57,Conv2d,"{""bias"": ""Parameter containing:\ntensor([0., 0., 0.,  ..., 0., 0., 0.], requires_grad=True)"", ""class"": ""Conv2d"", ""dilation"": [1, 1], ""groups"": 1, ""in_channels"": 48, ""kernel_size"": [1, 1], ""out_channels"": 1152, ""padding"": [0, 0], ""stride"": [1, 1]}","[[1, 48, 1, 1]]","[""torch.float32""]","[[1, 1152, 1, 1]]",features.6.1.block.2.fc2,forward,True,56448,55296,4800,11.52,15,0.0926,0.0792,0.0283
features.6.1.block.2.activation,d1ba4658742ecfdd,SiLU,"{""class"": ""SiLU""}","[[1, 48, 1, 1]]","[""torch.float32""]","[[1, 48, 1, 1]]",features.6.1.block.2.activation,forward,True,0,,384,,15,0.0239,0.018,0.0158
features.6.1.block.2.scale_activation,a35b111ddb1a90ac,Sigmoid,"{""class"": ""Sigmoid""}","[[1, 1152, 1, 1]]","[""torch.float32""]","[[1, 1152, 1, 1]]",features.6.1.block.2.scale_activation,forward,True,0,,9216,,15,0.0304,0.0243,0.014
features.6.1.block.3,1cc2a13f53824218,Conv2dNormActivation,"{""class"": ""Conv2dNormActivation"", ""out_channels"": 192}","[[1, 1152, 7, 7]]","[""torch.float32""]","[[1, 192, 7, 7]]",features.6.1.block.3,forward,False,221568,,263424,,15,1.1215,1.1158,0.0536
features.6.1.block.3.0,90fc57d0b0f5b63b,Conv2d,"{""bias"": null, ""class"": ""Conv2d"", ""dilation"": [1, 1], ""groups"": 1, ""in_channels"": 1152, ""kernel_size"": [1, 1], ""out_channels"": 192, ""padding"": [0, 0], ""stride"": [1, 1]}","[[1, 1152, 7, 7]]","[""torch.float32""]","[[1, 192, 7, 7]]",features.6.1.block.3.0,forward,True,221184,10838016,263424,41.1429,15,0.9473,0.9473,0.0492
features.6.1.block.3.1,5d51e193efd8383e,BatchNorm2d,"{""bias"": ""Parameter containing:\ntensor([0., 0., 0., 0., 0., 0., 0., 0., 0., 0., 0., 0., 0., 0., 0., 0., 0., 0., 0., 0., 0., 0., 0., 0.,\n        0., 0., 0., 0., 0., 0., 0., 0., 0., 0., 0., 0., 0., 0., 0., 0., 0., 0., 0., 0., 0., 0., 0., 0.,\n        0., 0., 0., 0., 0., 0., 0., 0., 0., 0., 0., 0., 0., 0., 0., 0., 0., 0., 0., 0., 0., 0., 0., 0.,\n        0., 0., 0., 0., 0., 0., 0., 0., 0., 0., 0., 0., 0., 0., 0., 0., 0., 0., 0., 0., 0., 0., 0., 0.,\n        0., 0., 0., 0., 0., 0., 0., 0., 0., 0., 0., 0., 0., 0., 0., 0., 0., 0., 0., 0., 0., 0., 0., 0.,\n        0., 0., 0., 0., 0., 0., 0., 0., 0., 0., 0., 0., 0., 0., 0., 0., 0., 0., 0., 0., 0., 0., 0., 0.,\n        0., 0., 0., 0., 0., 0., 0., 0., 0., 0., 0., 0., 0., 0., 0., 0., 0., 0., 0., 0., 0., 0., 0., 0.,\n        0., 0., 0., 0., 0., 0., 0., 0., 0., 0., 0., 0., 0., 0., 0., 0., 0., 0., 0., 0., 0., 0., 0., 0.],\n       requires_grad=True)"", ""class"": ""BatchNorm2d"", ""eps"": 1e-05}","[[1, 192, 7, 7]]","[""torch.float32""]","[[1, 192, 7, 7]]",features.6.1.block.3.1,forward,True,384,,75264,,15,0.0773,0.0767,0.0017
features.6.1.stochastic_depth,304c561894273559,StochasticDepth,"{""class"": ""StochasticDepth""}","[[1, 192, 7, 7]]","[""torch.float32""]","[[1, 192, 7, 7]]",features.6.1.stochastic_depth,forward,True,0,,75264,,15,0.0152,0.0147,0.0012
features.6.2,f1aeb82584b02957,MBConv,"{""class"": ""MBConv"", ""out_channels"": 192}","[[1, 192, 7, 7]]","[""torch.float32""]","[[1, 192, 7, 7]]",features.6.2,forward,False,587952,,75264,,15,4.8313,4.8823,0.3928
features.6.2.block,92d5c0f15160ae7b,Sequential,"{""class"": ""Sequential""}","[[1, 192, 7, 7]]","[""torch.float32""]","[[1, 192, 7, 7]]",features.6.2.block,forward,False,587952,,75264,,15,4.6487,4.7613,0.3694
features.6.2.block.0,02ca1a5acada60ce,Conv2dNormActivation,"{""class"": ""Conv2dNormActivation"", ""out_channels"": 1152}","[[1, 192, 7, 7]]","[""torch.float32""]","[[1, 1152, 7, 7]]",features.6.2.block.0,forward,False,223488,,263424,,15,1.2577,1.121,0.3298
features.6.2.block.0.0,c933b5319e29b120,Conv2d,"{""bias"": null, ""class"": ""Conv2d"", ""dilation"": [1, 1], ""groups"": 1, ""in_channels"": 192, ""kernel_size"": [1, 1], ""out_channels"": 1152, ""padding"": [0, 0], ""stride"": [1, 1]}","[[1, 192, 7, 7]]","[""torch.float32""]","[[1, 1152, 7, 7]]",features.6.2.block.0.0,forward,True,221184,10838016,263424,41.1429,15,0.8456,0.7257,0.3107
features.6.2.block.0.1,7d455efd2b13f071,BatchNorm2d,"{""bias"": ""Parameter containing:\ntensor([0., 0., 0.,  ..., 0., 0., 0.], requires_grad=True)"", ""class"": ""BatchNorm2d"", ""eps"": 1e-05}","[[1, 1152, 7, 7]]","[""torch.float32""]","[[1, 1152, 7, 7]]",features.6.2.block.0.1,forward,True,2304,,451584,,15,0.121,0.1174,0.0124
features.6.2.block.0.2,db046aac80c82fec,SiLU,"{""class"": ""SiLU""}","[[1, 1152, 7, 7]]","[""torch.float32""]","[[1, 1152, 7, 7]]",features.6.2.block.0.2,forward,True,0,,451584,,15,0.1514,0.1458,0.01
features.6.2.block.1,2a73835c4ecc9e07,Conv2dNormActivation,"{""class"": ""Conv2dNormActivation"", ""out_channels"": 1152}","[[1, 1152, 7, 7]]","[""torch.float32""]","[[1, 1152, 7, 7]]",features.6.2.block.1,forward,False,31104,,451584,,15,1.215,1.1083,0.2825
features.6.2.block.1.0,c0de15395f7d3c90,Conv2d,"{""bias"": null, ""class"": ""Conv2d"", ""dilation"": [1, 1], ""groups"": 1152, ""in_channels"": 1152, ""kernel_size"": [5, 5], ""out_channels"": 1152, ""padding"": [2, 2], ""stride"": [1, 1]}","[[1, 1152, 7, 7]]","[""torch.float32""]","[[1, 1152, 7, 7]]",features.6.2.block.1.0,forward,True,28800,1411200,451584,3.125,15,0.6875,0.6786,0.0202
features.6.2.block.1.1,7d455efd2b13f071,BatchNorm2d,"{""bias"": ""Parameter containing:\ntensor([0., 0., 0.,  ..., 0., 0., 0.], requires_grad=True)"", ""class"": ""BatchNorm2d"", ""eps"": 1e-05}","[[1, 1152, 7, 7]]","[""torch.float32""]","[[1, 1152, 7, 7]]",features.6.2.block.1.1,forward,True,2304,,451584,,15,0.1009,0.0967,0.0117
features.6.2.block.1.2,db046aac80c82fec,SiLU,"{""class"": ""SiLU""}","[[1, 1152, 7, 7]]","[""torch.float32""]","[[1, 1152, 7, 7]]",features.6.2.block.1.2,forward,True,0,,451584,,15,0.2853,0.1594,0.2926
features.6.2.block.2,6bbe139d099a628c,SqueezeExcitation,"{""class"": ""SqueezeExcitation""}","[[1, 1152, 7, 7]]","[""torch.float32""]","[[1, 1152, 7, 7]]",features.6.2.block.2,forward,False,111792,,451584,,15,0.7953,0.5823,0.335
features.6.2.block.2.avgpool,e1aef64653892312,AdaptiveAvgPool2d,"{""class"": ""AdaptiveAvgPool2d""}","[[1, 1152, 7, 7]]","[""torch.float32""]","[[1, 1152, 1, 1]]",features.6.2.block.2.avgpool,forward,True,0,,230400,,15,0.1632,0.0842,0.2084
features.6.2.block.2.fc1,a23f8cb89136cdd1,Conv2d,"{""bias"": ""Parameter containing:\ntensor([0., 0., 0., 0., 0., 0., 0., 0., 0., 0., 0., 0., 0., 0., 0., 0., 0., 0., 0., 0., 0., 0., 0., 0.,\n        0., 0., 0., 0., 0., 0., 0., 0., 0., 0., 0., 0., 0., 0., 0., 0., 0., 0., 0., 0., 0., 0., 0., 0.],\n       requires_grad=True)"", ""class"": ""Conv2d"", ""dilation"": [1, 1], ""groups"": 1, ""in_channels"": 1152, ""kernel_size"": [1, 1], ""out_channels"": 48, ""padding"": [0, 0], ""stride"": [1, 1]}","[[1, 1152, 1, 1]]","[""torch.float32""]","[[1, 48, 1, 1]]",features.6.2.block.2.fc1,forward,True,55344,55296,4800,11.52,15,0.12,0.1094,0.0175
features.6.2.block.2.fc2,3991f1f888c8bb57,Conv2d,"{""bias"": ""Parameter containing:\ntensor([0., 0., 0.,  ..., 0., 0., 0.], requires_grad=True)"", ""class"": ""Conv2d"", ""dilation"": [1, 1], ""groups"": 1, ""in_channels"": 48, ""kernel_size"": [1, 1], ""out_channels"": 1152, ""padding"": [0, 0], ""stride"": [1, 1]}","[[1, 48, 1, 1]]","[""torch.float32""]","[[1, 1152, 1, 1]]",features.6.2.block.2.fc2,forward,True,56448,55296,4800,11.52,15,0.0824,0.0813,0.0076
features.6.2.block.2.activation,d1ba4658742ecfdd,SiLU,"{""class"": ""SiLU""}","[[1, 48, 1, 1]]","[""torch.float32""]","[[1, 48, 1, 1]]",features.6.2.block.2.activation,forward,True,0,,384,,15,0.0189,0.0185,0.002
features.6.2.block.2.scale_activation,a35b111ddb1a90ac,Sigmoid,"{""class"": ""Sigmoid""}","[[1, 1152, 1, 1]]","[""torch.float32""]","[[1, 1152, 1, 1]]",features.6.2.block.2.scale_activation,forward,True,0,,9216,,15,0.0543,0.0239,0.0825
features.6.2.block.3,1cc2a13f53824218,Conv2dNormActivation,"{""class"": ""Conv2dNormActivation"", ""out_channels"": 192}","[[1, 1152, 7, 7]]","[""torch.float32""]","[[1, 192, 7, 7]]",features.6.2.block.3,forward,False,221568,,263424,,15,1.212,1.1338,0.2842
features.6.2.block.3.0,90fc57d0b0f5b63b,Conv2d,"{""bias"": null, ""class"": ""Conv2d"", ""dilation"": [1, 1], ""groups"": 1, ""in_channels"": 1152, ""kernel_size"": [1, 1], ""out_channels"": 192, ""padding"": [0, 0], ""stride"": [1, 1]}","[[1, 1152, 7, 7]]","[""torch.float32""]","[[1, 192, 7, 7]]",features.6.2.block.3.0,forward,True,221184,10838016,263424,41.1429,15,0.902,0.8486,0.0727
features.6.2.block.3.1,5d51e193efd8383e,BatchNorm2d,"{""bias"": ""Parameter containing:\ntensor([0., 0., 0., 0., 0., 0., 0., 0., 0., 0., 0., 0., 0., 0., 0., 0., 0., 0., 0., 0., 0., 0., 0., 0.,\n        0., 0., 0., 0., 0., 0., 0., 0., 0., 0., 0., 0., 0., 0., 0., 0., 0., 0., 0., 0., 0., 0., 0., 0.,\n        0., 0., 0., 0., 0., 0., 0., 0., 0., 0., 0., 0., 0., 0., 0., 0., 0., 0., 0., 0., 0., 0., 0., 0.,\n        0., 0., 0., 0., 0., 0., 0., 0., 0., 0., 0., 0., 0., 0., 0., 0., 0., 0., 0., 0., 0., 0., 0., 0.,\n        0., 0., 0., 0., 0., 0., 0., 0., 0., 0., 0., 0., 0., 0., 0., 0., 0., 0., 0., 0., 0., 0., 0., 0.,\n        0., 0., 0., 0., 0., 0., 0., 0., 0., 0., 0., 0., 0., 0., 0., 0., 0., 0., 0., 0., 0., 0., 0., 0.,\n        0., 0., 0., 0., 0., 0., 0., 0., 0., 0., 0., 0., 0., 0., 0., 0., 0., 0., 0., 0., 0., 0., 0., 0.,\n        0., 0., 0., 0., 0., 0., 0., 0., 0., 0., 0., 0., 0., 0., 0., 0., 0., 0., 0., 0., 0., 0., 0., 0.],\n       requires_grad=True)"", ""class"": ""BatchNorm2d"", ""eps"": 1e-05}","[[1, 192, 7, 7]]","[""torch.float32""]","[[1, 192, 7, 7]]",features.6.2.block.3.1,forward,True,384,,75264,,15,0.2046,0.0781,0.298
features.6.2.stochastic_depth,304c561894273559,StochasticDepth,"{""class"": ""StochasticDepth""}","[[1, 192, 7, 7]]","[""torch.float32""]","[[1, 192, 7, 7]]",features.6.2.stochastic_depth,forward,True,0,,75264,,15,0.0145,0.0144,0.0005
features.6.3,f1aeb82584b02957,MBConv,"{""class"": ""MBConv"", ""out_channels"": 192}","[[1, 192, 7, 7]]","[""torch.float32""]","[[1, 192, 7, 7]]",features.6.3,forward,False,587952,,75264,,15,5.0216,4.7732,1.1876
features.6.3.block,92d5c0f15160ae7b,Sequential,"{""class"": ""Sequential""}","[[1, 192, 7, 7]]","[""torch.float32""]","[[1, 192, 7, 7]]",features.6.3.block,forward,False,587952,,75264,,15,4.8976,4.6548,1.1871
features.6.3.block.0,02ca1a5acada60ce,Conv2dNormActivation,"{""class"": ""Conv2dNormActivation"", ""out_channels"": 1152}","[[1, 192, 7, 7]]","[""torch.float32""]","[[1, 1152, 7, 7]]",features.6.3.block.0,forward,False,223488,,263424,,15,1.0961,0.961,0.2657
features.6.3.block.0.0,c933b5319e29b120,Conv2d,"{""bias"": null, ""class"": ""Conv2d"", ""dilation"": [1, 1], ""groups"": 1, ""in_channels"": 192, ""kernel_size"": [1, 1], ""out_channels"": 1152, ""padding"": [0, 0], ""stride"": [1, 1]}","[[1, 192, 7, 7]]","[""torch.float32""]","[[1, 1152, 7, 7]]",features.6.3.block.0.0,forward,True,221184,10838016,263424,41.1429,15,0.6894,0.5535,0.2636
features.6.3.block.0.1,7d455efd2b13f071,BatchNorm2d,"{""bias"": ""Parameter containing:\ntensor([0., 0., 0.,  ..., 0., 0., 0.], requires_grad=True)"", ""class"": ""BatchNorm2d"", ""eps"": 1e-05}","[[1, 1152, 7, 7]]","[""torch.float32""]","[[1, 1152, 7, 7]]",features.6.3.block.0.1,forward,True,2304,,451584,,15,0.1188,0.1185,0.0085
features.6.3.block.0.2,db046aac80c82fec,SiLU,"{""class"": ""SiLU""}","[[1, 1152, 7, 7]]","[""torch.float32""]","[[1, 1152, 7, 7]]",features.6.3.block.0.2,forward,True,0,,451584,,15,0.1489,0.1443,0.0109
features.6.3.block.1,2a73835c4ecc9e07,Conv2dNormActivation,"{""class"": ""Conv2dNormActivation"", ""out_channels"": 1152}","[[1, 1152, 7, 7]]","[""torch.float32""]","[[1, 1152, 7, 7]]",features.6.3.block.1,forward,False,31104,,451584,,15,1.5226,1.139,0.7877
features.6.3.block.1.0,c0de15395f7d3c90,Conv2d,"{""bias"": null, ""class"": ""Conv2d"", ""dilation"": [1, 1], ""groups"": 1152, ""in_channels"": 1152, ""kernel_size"": [5, 5], ""out_channels"": 1152, ""padding"": [2, 2], ""stride"": [1, 1]}","[[1, 1152, 7, 7]]","[""torch.float32""]","[[1, 1152, 7, 7]]",features.6.3.block.1.0,forward,True,28800,1411200,451584,3.125,15,1.0128,0.7375,0.5695
features.6.3.block.1.1,7d455efd2b13f071,BatchNorm2d,"{""bias"": ""Parameter containing:\ntensor([0., 0., 0.,  ..., 0., 0., 0.], requires_grad=True)"", ""class"": ""BatchNorm2d"", ""eps"": 1e-05}","[[1, 1152, 7, 7]]","[""torch.float32""]","[[1, 1152, 7, 7]]",features.6.3.block.1.1,forward,True,2304,,451584,,15,0.1406,0.1001,0.1062
features.6.3.block.1.2,db046aac80c82fec,SiLU,"{""class"": ""SiLU""}","[[1, 1152, 7, 7]]","[""torch.float32""]","[[1, 1152, 7, 7]]",features.6.3.block.1.2,forward,True,0,,451584,,15,0.2163,0.1541,0.1354
features.6.3.block.2,6bbe139d099a628c,SqueezeExcitation,"{""class"": ""SqueezeExcitation""}","[[1, 1152, 7, 7]]","[""torch.float32""]","[[1, 1152, 7, 7]]",features.6.3.block.2,forward,False,111792,,451584,,15,0.8512,0.5644,0.3343
features.6.3.block.2.avgpool,e1aef64653892312,AdaptiveAvgPool2d,"{""class"": ""AdaptiveAvgPool2d""}","[[1, 1152, 7, 7]]","[""torch.float32""]","[[1, 1152, 1, 1]]",features.6.3.block.2.avgpool,forward,True,0,,230400,,15,0.1926,0.0858,0.203
features.6.3.block.2.fc1,a23f8cb89136cdd1,Conv2d,"{""bias"": ""Parameter containing:\ntensor([0., 0., 0., 0., 0., 0., 0., 0., 0., 0., 0., 0., 0., 0., 0., 0., 0., 0., 0., 0., 0., 0., 0., 0.,\n        0., 0., 0., 0., 0., 0., 0., 0., 0., 0., 0., 0., 0., 0., 0., 0., 0., 0., 0., 0., 0., 0., 0., 0.],\n       requires_grad=True)"", ""class"": ""Conv2d"", ""dilation"": [1, 1], ""groups"": 1, ""in_channels"": 1152, ""kernel_size"": [1, 1], ""out_channels"": 48, ""padding"": [0, 0], ""stride"": [1, 1]}","[[1, 1152, 1, 1]]","[""torch.float32""]","[[1, 48, 1, 1]]",features.6.3.block.2.fc1,forward,True,55344,55296,4800,11.52,15,0.1128,0.109,0.0084
features.6.3.block.2.fc2,3991f1f888c8bb57,Conv2d,"{""bias"": ""Parameter containing:\ntensor([0., 0., 0.,  ..., 0., 0., 0.], requires_grad=True)"", ""class"": ""Conv2d"", ""dilation"": [1, 1], ""groups"": 1, ""in_channels"": 48, ""kernel_size"": [1, 1], ""out_channels"": 1152, ""padding"": [0, 0], ""stride"": [1, 1]}","[[1, 48, 1, 1]]","[""torch.float32""]","[[1, 1152, 1, 1]]",features.6.3.block.2.fc2,forward,True,56448,55296,4800,11.52,15,0.0798,0.0775,0.0067
features.6.3.block.2.activation,d1ba4658742ecfdd,SiLU,"{""class"": ""SiLU""}","[[1, 48, 1, 1]]","[""torch.float32""]","[[1, 48, 1, 1]]",features.6.3.block.2.activation,forward,True,0,,384,,15,0.0186,0.0188,0.001
features.6.3.block.2.scale_activation,a35b111ddb1a90ac,Sigmoid,"{""class"": ""Sigmoid""}","[[1, 1152, 1, 1]]","[""torch.float32""]","[[1, 1152, 1, 1]]",features.6.3.block.2.scale_activation,forward,True,0,,9216,,15,0.0312,0.0237,0.0174
features.6.3.block.3,1cc2a13f53824218,Conv2dNormActivation,"{""class"": ""Conv2dNormActivation"", ""out_channels"": 192}","[[1, 1152, 7, 7]]","[""torch.float32""]","[[1, 192, 7, 7]]",features.6.3.block.3,forward,False,221568,,263424,,15,1.2643,1.1181,0.3674
features.6.3.block.3.0,90fc57d0b0f5b63b,Conv2d,"{""bias"": null, ""class"": ""Conv2d"", ""dilation"": [1, 1], ""groups"": 1, ""in_channels"": 1152, ""kernel_size"": [1, 1], ""out_channels"": 192, ""padding"": [0, 0], ""stride"": [1, 1]}","[[1, 1152, 7, 7]]","[""torch.float32""]","[[1, 192, 7, 7]]",features.6.3.block.3.0,forward,True,221184,10838016,263424,41.1429,15,1.0093,0.8878,0.3226
features.6.3.block.3.1,5d51e193efd8383e,BatchNorm2d,"{""bias"": ""Parameter containing:\ntensor([0., 0., 0., 0., 0., 0., 0., 0., 0., 0., 0., 0., 0., 0., 0., 0., 0., 0., 0., 0., 0., 0., 0., 0.,\n        0., 0., 0., 0., 0., 0., 0., 0., 0., 0., 0., 0., 0., 0., 0., 0., 0., 0., 0., 0., 0., 0., 0., 0.,\n        0., 0., 0., 0., 0., 0., 0., 0., 0., 0., 0., 0., 0., 0., 0., 0., 0., 0., 0., 0., 0., 0., 0., 0.,\n        0., 0., 0., 0., 0., 0., 0., 0., 0., 0., 0., 0., 0., 0., 0., 0., 0., 0., 0., 0., 0., 0., 0., 0.,\n        0., 0., 0., 0., 0., 0., 0., 0., 0., 0., 0., 0., 0., 0., 0., 0., 0., 0., 0., 0., 0., 0., 0., 0.,\n        0., 0., 0., 0., 0., 0., 0., 0., 0., 0., 0., 0., 0., 0., 0., 0., 0., 0., 0., 0., 0., 0., 0., 0.,\n        0., 0., 0., 0., 0., 0., 0., 0., 0., 0., 0., 0., 0., 0., 0., 0., 0., 0., 0., 0., 0., 0., 0., 0.,\n        0., 0., 0., 0., 0., 0., 0., 0., 0., 0., 0., 0., 0., 0., 0., 0., 0., 0., 0., 0., 0., 0., 0., 0.],\n       requires_grad=True)"", ""class"": ""BatchNorm2d"", ""eps"": 1e-05}","[[1, 192, 7, 7]]","[""torch.float32""]","[[1, 192, 7, 7]]",features.6.3.block.3.1,forward,True,384,,75264,,15,0.1559,0.0755,0.2263
features.6.3.stochastic_depth,304c561894273559,StochasticDepth,"{""class"": ""StochasticDepth""}","[[1, 192, 7, 7]]","[""torch.float32""]","[[1, 192, 7, 7]]",features.6.3.stochastic_depth,forward,True,0,,75264,,15,0.0146,0.0144,0.0007
features.7,92d5c0f15160ae7b,Sequential,"{""class"": ""Sequential""}","[[1, 192, 7, 7]]","[""torch.float32""]","[[1, 320, 7, 7]]",features.7,forward,False,717232,,100352,,15,4.9574,5.027,0.504
features.7.0,0af3347e1fd7f284,MBConv,"{""class"": ""MBConv"", ""out_channels"": 320}","[[1, 192, 7, 7]]","[""torch.float32""]","[[1, 320, 7, 7]]",features.7.0,forward,False,717232,,100352,,15,4.9227,4.9961,0.4981
features.7.0.block,92d5c0f15160ae7b,Sequential,"{""class"": ""Sequential""}","[[1, 192, 7, 7]]","[""torch.float32""]","[[1, 320, 7, 7]]",features.7.0.block,forward,False,717232,,100352,,15,4.8931,4.9669,0.4975
features.7.0.block.0,02ca1a5acada60ce,Conv2dNormActivation,"{""class"": ""Conv2dNormActivation"", ""out_channels"": 1152}","[[1, 192, 7, 7]]","[""torch.float32""]","[[1, 1152, 7, 7]]",features.7.0.block.0,forward,False,223488,,263424,,15,1.0891,0.9746,0.2304
features.7.0.block.0.0,c933b5319e29b120,Conv2d,"{""bias"": null, ""class"": ""Conv2d"", ""dilation"": [1, 1], ""groups"": 1, ""in_channels"": 192, ""kernel_size"": [1, 1], ""out_channels"": 1152, ""padding"": [0, 0], ""stride"": [1, 1]}","[[1, 192, 7, 7]]","[""torch.float32""]","[[1, 1152, 7, 7]]",features.7.0.block.0.0,forward,True,221184,10838016,263424,41.1429,15,0.6712,0.5543,0.2254
features.7.0.block.0.1,7d455efd2b13f071,BatchNorm2d,"{""bias"": ""Parameter containing:\ntensor([0., 0., 0.,  ..., 0., 0., 0.], requires_grad=True)"", ""class"": ""BatchNorm2d"", ""eps"": 1e-05}","[[1, 1152, 7, 7]]","[""torch.float32""]","[[1, 1152, 7, 7]]",features.7.0.block.0.1,forward,True,2304,,451584,,15,0.1218,0.1163,0.0115
features.7.0.block.0.2,db046aac80c82fec,SiLU,"{""class"": ""SiLU""}","[[1, 1152, 7, 7]]","[""torch.float32""]","[[1, 1152, 7, 7]]",features.7.0.block.0.2,forward,True,0,,451584,,15,0.1527,0.1571,0.0105
features.7.0.block.1,2a73835c4ecc9e07,Conv2dNormActivation,"{""class"": ""Conv2dNormActivation"", ""out_channels"": 1152}","[[1, 1152, 7, 7]]","[""torch.float32""]","[[1, 1152, 7, 7]]",features.7.0.block.1,forward,False,12672,,451584,,15,1.1686,1.0009,0.3538
features.7.0.block.1.0,5c9a83ec46964aed,Conv2d,"{""bias"": null, ""class"": ""Conv2d"", ""dilation"": [1, 1], ""groups"": 1152, ""in_channels"": 1152, ""kernel_size"": [3, 3], ""out_channels"": 1152, ""padding"": [1, 1], ""stride"": [1, 1]}","[[1, 1152, 7, 7]]","[""torch.float32""]","[[1, 1152, 7, 7]]",features.7.0.block.1.0,forward,True,10368,508032,451584,1.125,15,0.7253,0.5972,0.2658
features.7.0.block.1.1,7d455efd2b13f071,BatchNorm2d,"{""bias"": ""Parameter containing:\ntensor([0., 0., 0.,  ..., 0., 0., 0.], requires_grad=True)"", ""class"": ""BatchNorm2d"", ""eps"": 1e-05}","[[1, 1152, 7, 7]]","[""torch.float32""]","[[1, 1152, 7, 7]]",features.7.0.block.1.1,forward,True,2304,,451584,,15,0.1184,0.1046,0.0307
features.7.0.block.1.2,db046aac80c82fec,SiLU,"{""class"": ""SiLU""}","[[1, 1152, 7, 7]]","[""torch.float32""]","[[1, 1152, 7, 7]]",features.7.0.block.1.2,forward,True,0,,451584,,15,0.157,0.1558,0.0178
features.7.0.block.2,6bbe139d099a628c,SqueezeExcitation,"{""class"": ""SqueezeExcitation""}","[[1, 1152, 7, 7]]","[""torch.float32""]","[[1, 1152, 7, 7]]",features.7.0.block.2,forward,False,111792,,451584,,15,0.7972,0.5681,0.3427
features.7.0.block.2.avgpool,e1aef64653892312,AdaptiveAvgPool2d,"{""class"": ""AdaptiveAvgPool2d""}","[[1, 1152, 7, 7]]","[""torch.float32""]","[[1, 1152, 1, 1]]",features.7.0.block.2.avgpool,forward,True,0,,230400,,15,0.0957,0.0873,0.0206
features.7.0.block.2.fc1,a23f8cb89136cdd1,Conv2d,"{""bias"": ""Parameter containing:\ntensor([0., 0., 0., 0., 0., 0., 0., 0., 0., 0., 0., 0., 0., 0., 0., 0., 0., 0., 0., 0., 0., 0., 0., 0.,\n        0., 0., 0., 0., 0., 0., 0., 0., 0., 0., 0., 0., 0., 0., 0., 0., 0., 0., 0., 0., 0., 0., 0., 0.],\n       requires_grad=True)"", ""class"": ""Conv2d"", ""dilation"": [1, 1], ""groups"": 1, ""in_channels"": 1152, ""kernel_size"": [1, 1], ""out_channels"": 48, ""padding"": [0, 0], ""stride"": [1, 1]}","[[1, 1152, 1, 1]]","[""torch.float32""]","[[1, 48, 1, 1]]",features.7.0.block.2.fc1,forward,True,55344,55296,4800,11.52,15,0.1115,0.1086,0.005
features.7.0.block.2.fc2,3991f1f888c8bb57,Conv2d,"{""bias"": ""Parameter containing:\ntensor([0., 0., 0.,  ..., 0., 0., 0.], requires_grad=True)"", ""class"": ""Conv2d"", ""dilation"": [1, 1], ""groups"": 1, ""in_channels"": 48, ""kernel_size"": [1, 1], ""out_channels"": 1152, ""padding"": [0, 0], ""stride"": [1, 1]}","[[1, 48, 1, 1]]","[""torch.float32""]","[[1, 1152, 1, 1]]",features.7.0.block.2.fc2,forward,True,56448,55296,4800,11.52,15,0.0822,0.08,0.0089
features.7.0.block.2.activation,d1ba4658742ecfdd,SiLU,"{""class"": ""SiLU""}","[[1, 48, 1, 1]]","[""torch.float32""]","[[1, 48, 1, 1]]",features.7.0.block.2.activation,forward,True,0,,384,,15,0.0188,0.0179,0.0023
features.7.0.block.2.scale_activation,a35b111ddb1a90ac,Sigmoid,"{""class"": ""Sigmoid""}","[[1, 1152, 1, 1]]","[""torch.float32""]","[[1, 1152, 1, 1]]",features.7.0.block.2.scale_activation,forward,True,0,,9216,,15,0.0271,0.0236,0.0086
features.7.0.block.3,bfe157d1f5a0ab77,Conv2dNormActivation,"{""class"": ""Conv2dNormActivation"", ""out_channels"": 320}","[[1, 1152, 7, 7]]","[""torch.float32""]","[[1, 320, 7, 7]]",features.7.0.block.3,forward,False,369280,,288512,,15,1.6832,1.4587,0.4009
features.7.0.block.3.0,cb12a1716bcb1664,Conv2d,"{""bias"": null, ""class"": ""Conv2d"", ""dilation"": [1, 1], ""groups"": 1, ""in_channels"": 1152, ""kernel_size"": [1, 1], ""out_channels"": 320, ""padding"": [0, 0], ""stride"": [1, 1]}","[[1, 1152, 7, 7]]","[""torch.float32""]","[[1, 320, 7, 7]]",features.7.0.block.3.0,forward,True,368640,18063360,288512,62.6087,15,1.4041,1.2628,0.326
features.7.0.block.3.1,d0f4bf2813e118b3,BatchNorm2d,"{""bias"": ""Parameter containing:\ntensor([0., 0., 0., 0., 0., 0., 0., 0., 0., 0., 0., 0., 0., 0., 0., 0., 0., 0., 0., 0., 0., 0., 0., 0.,\n        0., 0., 0., 0., 0., 0., 0., 0., 0., 0., 0., 0., 0., 0., 0., 0., 0., 0., 0., 0., 0., 0., 0., 0.,\n        0., 0., 0., 0., 0., 0., 0., 0., 0., 0., 0., 0., 0., 0., 0., 0., 0., 0., 0., 0., 0., 0., 0., 0.,\n        0., 0., 0., 0., 0., 0., 0., 0., 0., 0., 0., 0., 0., 0., 0., 0., 0., 0., 0., 0., 0., 0., 0., 0.,\n        0., 0., 0., 0., 0., 0., 0., 0., 0., 0., 0., 0., 0., 0., 0., 0., 0., 0., 0., 0., 0., 0., 0., 0.,\n        0., 0., 0., 0., 0., 0., 0., 0., 0., 0., 0., 0., 0., 0., 0., 0., 0., 0., 0., 0., 0., 0., 0., 0.,\n        0., 0., 0., 0., 0., 0., 0., 0., 0., 0., 0., 0., 0., 0., 0., 0., 0., 0., 0., 0., 0., 0., 0., 0.,\n        0., 0., 0., 0., 0., 0., 0., 0., 0., 0., 0., 0., 0., 0., 0., 0., 0., 0., 0., 0., 0., 0., 0., 0.,\n        0., 0., 0., 0., 0., 0., 0., 0., 0., 0., 0., 0., 0., 0., 0., 0., 0., 0., 0., 0., 0., 0., 0., 0.,\n        0., 0., 0., 0., 0., 0., 0., 0., 0., 0., 0., 0., 0., 0., 0., 0., 0., 0., 0., 0., 0., 0., 0., 0.,\n        0., 0., 0., 0., 0., 0., 0., 0., 0., 0., 0., 0., 0., 0., 0., 0., 0., 0., 0., 0., 0., 0., 0., 0.,\n        0., 0., 0., 0., 0., 0., 0., 0., 0., 0., 0., 0., 0., 0., 0., 0., 0., 0., 0., 0., 0., 0., 0., 0.,\n        0., 0., 0., 0., 0., 0., 0., 0., 0., 0., 0., 0., 0., 0., 0., 0., 0., 0., 0., 0., 0., 0., 0., 0.,\n        0., 0., 0., 0., 0., 0., 0., 0.], requires_grad=True)"", ""class"": ""BatchNorm2d"", ""eps"": 1e-05}","[[1, 320, 7, 7]]","[""torch.float32""]","[[1, 320, 7, 7]]",features.7.0.block.3.1,forward,True,640,,125440,,15,0.1642,0.0846,0.223
features.8,935f3396f6c9efe6,Conv2dNormActivation,"{""class"": ""Conv2dNormActivation"", ""out_channels"": 1280}","[[1, 320, 7, 7]]","[""torch.float32""]","[[1, 1280, 7, 7]]",features.8,forward,False,412160,,313600,,15,1.6704,1.4856,0.4246
features.8.0,eee8e0e9d2bf3117,Conv2d,"{""bias"": null, ""class"": ""Conv2d"", ""dilation"": [1, 1], ""groups"": 1, ""in_channels"": 320, ""kernel_size"": [1, 1], ""out_channels"": 1280, ""padding"": [0, 0], ""stride"": [1, 1]}","[[1, 320, 7, 7]]","[""torch.float32""]","[[1, 1280, 7, 7]]",features.8.0,forward,True,409600,20070400,313600,64.0,15,1.197,0.9867,0.4098
features.8.1,576c36fa21ed7091,BatchNorm2d,"{""bias"": ""Parameter containing:\ntensor([0., 0., 0.,  ..., 0., 0., 0.], requires_grad=True)"", ""class"": ""BatchNorm2d"", ""eps"": 1e-05}","[[1, 1280, 7, 7]]","[""torch.float32""]","[[1, 1280, 7, 7]]",features.8.1,forward,True,2560,,501760,,15,0.1417,0.1349,0.0172
features.8.2,7fbefa60e65dcba5,SiLU,"{""class"": ""SiLU""}","[[1, 1280, 7, 7]]","[""torch.float32""]","[[1, 1280, 7, 7]]",features.8.2,forward,True,0,,501760,,15,0.1649,0.1606,0.0115
avgpool,42e9d9b562053842,AdaptiveAvgPool2d,"{""class"": ""AdaptiveAvgPool2d""}","[[1, 1280, 7, 7]]","[""torch.float32""]","[[1, 1280, 1, 1]]",avgpool,forward,True,0,,256000,,15,0.0989,0.0985,0.0044
classifier,1edcf930a5902342,Sequential,"{""class"": ""Sequential""}","[[1, 1280]]","[""torch.float32""]","[[1, 1000]]",classifier,forward,False,1281000,,9120,,15,3.1664,3.0902,0.2293
classifier.0,f719c360856e8f98,Dropout,"{""class"": ""Dropout""}","[[1, 1280]]","[""torch.float32""]","[[1, 1280]]",classifier.0,forward,True,0,,10240,,15,0.0313,0.0242,0.0172
classifier.1,81ab990e272da4f8,Linear,"{""bias"": ""Parameter containing:\ntensor([0., 0., 0., 0., 0., 0., 0., 0., 0., 0., 0., 0., 0., 0., 0., 0., 0., 0., 0., 0., 0., 0., 0., 0.,\n        0., 0., 0., 0., 0., 0., 0., 0., 0., 0., 0., 0., 0., 0., 0., 0., 0., 0., 0., 0., 0., 0., 0., 0.,\n        0., 0., 0., 0., 0., 0., 0., 0., 0., 0., 0., 0., 0., 0., 0., 0., 0., 0., 0., 0., 0., 0., 0., 0.,\n        0., 0., 0., 0., 0., 0., 0., 0., 0., 0., 0., 0., 0., 0., 0., 0., 0., 0., 0., 0., 0., 0., 0., 0.,\n        0., 0., 0., 0., 0., 0., 0., 0., 0., 0., 0., 0., 0., 0., 0., 0., 0., 0., 0., 0., 0., 0., 0., 0.,\n        0., 0., 0., 0., 0., 0., 0., 0., 0., 0., 0., 0., 0., 0., 0., 0., 0., 0., 0., 0., 0., 0., 0., 0.,\n        0., 0., 0., 0., 0., 0., 0., 0., 0., 0., 0., 0., 0., 0., 0., 0., 0., 0., 0., 0., 0., 0., 0., 0.,\n        0., 0., 0., 0., 0., 0., 0., 0., 0., 0., 0., 0., 0., 0., 0., 0., 0., 0., 0., 0., 0., 0., 0., 0.,\n        0., 0., 0., 0., 0., 0., 0., 0., 0., 0., 0., 0., 0., 0., 0., 0., 0., 0., 0., 0., 0., 0., 0., 0.,\n        0., 0., 0., 0., 0., 0., 0., 0., 0., 0., 0., 0., 0., 0., 0., 0., 0., 0., 0., 0., 0., 0., 0., 0.,\n        0., 0., 0., 0., 0., 0., 0., 0., 0., 0., 0., 0., 0., 0., 0., 0., 0., 0., 0., 0., 0., 0., 0., 0.,\n        0., 0., 0., 0., 0., 0., 0., 0., 0., 0., 0., 0., 0., 0., 0., 0., 0., 0., 0., 0., 0., 0., 0., 0.,\n        0., 0., 0., 0., 0., 0., 0., 0., 0., 0., 0., 0., 0., 0., 0., 0., 0., 0., 0., 0., 0., 0., 0., 0.,\n        0., 0., 0., 0., 0., 0., 0., 0., 0., 0., 0., 0., 0., 0., 0., 0., 0., 0., 0., 0., 0., 0., 0., 0.,\n        0., 0., 0., 0., 0., 0., 0., 0., 0., 0., 0., 0., 0., 0., 0., 0., 0., 0., 0., 0., 0., 0., 0., 0.,\n        0., 0., 0., 0., 0., 0., 0., 0., 0., 0., 0., 0., 0., 0., 0., 0., 0., 0., 0., 0., 0., 0., 0., 0.,\n        0., 0., 0., 0., 0., 0., 0., 0., 0., 0., 0., 0., 0., 0., 0., 0., 0., 0., 0., 0., 0., 0., 0., 0.,\n        0., 0., 0., 0., 0., 0., 0., 0., 0., 0., 0., 0., 0., 0., 0., 0., 0., 0., 0., 0., 0., 0., 0., 0.,\n        0., 0., 0., 0., 0., 0., 0., 0., 0., 0., 0., 0., 0., 0., 0., 0., 0., 0., 0., 0., 0., 0., 0., 0.,\n        0., 0., 0., 0., 0., 0., 0., 0., 0., 0., 0., 0., 0., 0., 0., 0., 0., 0., 0., 0., 0., 0., 0., 0.,\n        0., 0., 0., 0., 0., 0., 0., 0., 0., 0., 0., 0., 0., 0., 0., 0., 0., 0., 0., 0., 0., 0., 0., 0.,\n        0., 0., 0., 0., 0., 0., 0., 0., 0., 0., 0., 0., 0., 0., 0., 0., 0., 0., 0., 0., 0., 0., 0., 0.,\n        0., 0., 0., 0., 0., 0., 0., 0., 0., 0., 0., 0., 0., 0., 0., 0., 0., 0., 0., 0., 0., 0., 0., 0.,\n        0., 0., 0., 0., 0., 0., 0., 0., 0., 0., 0., 0., 0., 0., 0., 0., 0., 0., 0., 0., 0., 0., 0., 0.,\n        0., 0., 0., 0., 0., 0., 0., 0., 0., 0., 0., 0., 0., 0., 0., 0., 0., 0., 0., 0., 0., 0., 0., 0.,\n        0., 0., 0., 0., 0., 0., 0., 0., 0., 0., 0., 0., 0., 0., 0., 0., 0., 0., 0., 0., 0., 0., 0., 0.,\n        0., 0., 0., 0., 0., 0., 0., 0., 0., 0., 0., 0., 0., 0., 0., 0., 0., 0., 0., 0., 0., 0., 0., 0.,\n        0., 0., 0., 0., 0., 0., 0., 0., 0., 0., 0., 0., 0., 0., 0., 0., 0., 0., 0., 0., 0., 0., 0., 0.,\n        0., 0., 0., 0., 0., 0., 0., 0., 0., 0., 0., 0., 0., 0., 0., 0., 0., 0., 0., 0., 0., 0., 0., 0.,\n        0., 0., 0., 0., 0., 0., 0., 0., 0., 0., 0., 0., 0., 0., 0., 0., 0., 0., 0., 0., 0., 0., 0., 0.,\n        0., 0., 0., 0., 0., 0., 0., 0., 0., 0., 0., 0., 0., 0., 0., 0., 0., 0., 0., 0., 0., 0., 0., 0.,\n        0., 0., 0., 0., 0., 0., 0., 0., 0., 0., 0., 0., 0., 0., 0., 0., 0., 0., 0., 0., 0., 0., 0., 0.,\n        0., 0., 0., 0., 0., 0., 0., 0., 0., 0., 0., 0., 0., 0., 0., 0., 0., 0., 0., 0., 0., 0., 0., 0.,\n        0., 0., 0., 0., 0., 0., 0., 0., 0., 0., 0., 0., 0., 0., 0., 0., 0., 0., 0., 0., 0., 0., 0., 0.,\n        0., 0., 0., 0., 0., 0., 0., 0., 0., 0., 0., 0., 0., 0., 0., 0., 0., 0., 0., 0., 0., 0., 0., 0.,\n        0., 0., 0., 0., 0., 0., 0., 0., 0., 0., 0., 0., 0., 0., 0., 0., 0., 0., 0., 0., 0., 0., 0., 0.,\n        0., 0., 0., 0., 0., 0., 0., 0., 0., 0., 0., 0., 0., 0., 0., 0., 0., 0., 0., 0., 0., 0., 0., 0.,\n        0., 0., 0., 0., 0., 0., 0., 0., 0., 0., 0., 0., 0., 0., 0., 0., 0., 0., 0., 0., 0., 0., 0., 0.,\n        0., 0., 0., 0., 0., 0., 0., 0., 0., 0., 0., 0., 0., 0., 0., 0., 0., 0., 0., 0., 0., 0., 0., 0.,\n        0., 0., 0., 0., 0., 0., 0., 0., 0., 0., 0., 0., 0., 0., 0., 0., 0., 0., 0., 0., 0., 0., 0., 0.,\n        0., 0., 0., 0., 0., 0., 0., 0., 0., 0., 0., 0., 0., 0., 0., 0., 0., 0., 0., 0., 0., 0., 0., 0.,\n        0., 0., 0., 0., 0., 0., 0., 0., 0., 0., 0., 0., 0., 0., 0., 0.],\n       requires_grad=True)"", ""class"": ""Linear"", ""in_features"": 1280, ""out_features"": 1000}","[[1, 1280]]","[""torch.float32""]","[[1, 1000]]",classifier.1,forward,True,1281000,1280000,9120,140.3509,15,3.0567,2.9967,0.2049
