t_ms,phase,window_id,I_A,V_V,P_W
4.5590179797727615,warmup,1,1.58061,0.9283507,1.467360399927
11.926381994271651,warmup,1,1.33057,0.8891322,1.1830526313540002
38.14568297821097,warmup,1,1.33057,0.888595,1.18233784915
46.53600198798813,warmup,1,2.25036,0.8888636,2.000263090896
79.92579898564145,warmup,1,3.22373,0.8638819,2.7849219974870003
85.57619698694907,warmup,1,7.29581,0.9280821,6.771110666001
90.03119697445072,warmup,1,4.70611,0.9294252,4.3739772279719995
95.40978199220262,warmup,1,4.50965,0.9294252,4.19138235318
101.07788298046216,warmup,1,3.77739,0.9184118,3.469199549202
105.66860399558209,warmup,1,4.59895,0.918949,4.22620050355
110.34637998091057,warmup,1,3.61665,0.9192177,3.324488694705
114.8478239774704,warmup,1,4.20603,0.9194863,3.8673869623890003
119.35726797673851,warmup,1,4.70611,0.9197549,4.328467732439
127.08149998798035,warmup,1,2.83081,0.9294252,2.631026150412
131.8670529872179,warmup,1,5.50088,0.9291566,5.111178957808001
136.65577297797427,warmup,1,4.89364,0.9291566,4.5469579040240005
140.9540519816801,warmup,1,4.13459,0.9286194,3.839460485046
145.2136089792475,warmup,1,4.34891,0.9280821,4.036145525511
152.38210497773252,warmup,1,4.72397,0.9229784,4.360122272248
157.0787139935419,warmup,1,4.48286,0.9194863,4.1219283548179995
163.54912298265845,warmup,1,3.56307,0.9304997,3.3154355660790005
170.38791798404418,warmup,1,2.66114,0.918949,2.44545194186
175.25578499771655,warmup,1,2.67007,0.9181431,2.4515063470169998
183.8167509995401,warmup,1,2.52719,0.9022946,2.280269890174
192.18699698103592,warmup,1,2.52719,0.9280821,2.345439802299
201.31845798459835,warmup,1,2.59863,0.9184118,2.386612455834
208.7235079961829,warmup,1,2.81295,0.9294252,2.61442661634
213.17848897888325,warmup,1,5.74199,0.928888,5.33366560712
219.3952889938373,warmup,1,9.001439,0.9192177,8.2742820542703
223.69958698982373,warmup,1,4.76862,0.9186804,4.380837729048
228.6358609853778,warmup,1,3.572,0.9192177,3.2834456244
233.84246599744074,warmup,1,3.05406,0.9286194,2.836059364764
239.35067898128182,warmup,1,4.87578,0.9286194,4.527743898132
244.72522697760724,warmup,1,1.94674,0.7225879,1.406690768446
253.42437697690912,warmup,1,4.60788,0.9299625,4.2851556045
263.3569239987992,warmup,1,4.67932,0.9202922,4.306341697304
275.38349098176695,warmup,1,4.49179,0.9326486,4.1892616549940005
283.74388499651104,warmup,1,7.572639,0.9296938,7.0402355279382
288.31132798222825,warmup,1,4.20603,0.9299625,3.911450173875
297.480862995144,warmup,1,4.43821,0.9291566,4.123792113686
307.53594599082135,warmup,1,4.80434,0.9259331,4.448497429653999
314.57773997681215,warmup,1,5.15261,0.928888,4.78619759768
322.891614981927,warmup,1,4.76862,0.9221726,4.397490703812
330.5382370017469,warmup,1,5.34014,0.9286194,4.958957602716
335.781064000912,warmup,1,6.47425,0.9291566,6.01559211755
341.42283198889345,warmup,1,4.74183,0.9294252,4.407176296116
347.39874498336576,warmup,1,2.03604,0.7223192,1.470670783968
354.5175009930972,warmup,1,7.04577,0.9294252,6.5485161914039995
358.9388349791989,warmup,1,5.01866,0.9294252,4.664469074232
363.26705798273906,warmup,1,5.29549,0.9291566,4.920339483734
368.11024000053294,warmup,1,5.0901,0.9296938,4.7322344113799995
376.2744499836117,warmup,1,4.39356,0.9168001,4.028016247356
384.8827669862658,warmup,1,4.32212,0.9291566,4.015926323992
389.7133379941806,warmup,1,4.41142,0.9294252,4.100084915784
396.2620429811068,warmup,1,3.35768,0.9280821,3.1162027055280004
407.6726709899958,warmup,1,7.68873,0.9280821,7.135772684732999
412.1136519825086,warmup,1,4.77755,0.931037,4.44807581935
421.49568497552536,warmup,1,4.42035,0.9304997,4.1131343488950005
429.1255669959355,warmup,1,5.43837,0.9296938,5.056018871106
433.8162869971711,warmup,1,4.88471,0.928888,4.53734850248
439.55664697568864,warmup,1,5.50088,0.9280821,5.105268262248001
446.50971898227,warmup,1,5.02759,0.9296938,4.674119251942
454.43344899103977,warmup,1,6.97433,0.918949,6.40905357917
459.5931469812058,warmup,1,4.67039,0.9200235,4.296868554165
467.12989898514934,warmup,1,5.18833,0.9283507,4.816589787331
471.6011579730548,warmup,1,5.88487,0.9275449,5.458481155663001
477.18994499882683,warmup,1,5.358,0.9291566,4.9784210628
481.8140739807859,warmup,1,4.92043,0.9291566,4.571850009337999
486.6517929767724,warmup,1,4.9115,0.9294252,4.5648718698
491.0550889908336,warmup,1,4.88471,0.9294252,4.539972568692
495.82232799730264,warmup,1,5.04545,0.9280821,4.6825918314449995
503.12824797583744,warmup,1,8.17095,0.9259331,7.565753063444999
507.65661799232475,warmup,1,5.38479,0.928888,5.00186681352
516.1451959866099,warmup,1,4.34891,0.9291566,4.040818429306
527.1492159808986,warmup,1,4.12566,0.9299625,3.83670908775
531.9630649755709,warmup,1,4.99187,0.9291566,4.638228956841999
537.076040985994,warmup,1,4.07208,0.9291566,3.783600007728
542.5865129800513,warmup,1,4.59002,0.9294252,4.266080256504
550.2410419867374,warmup,1,5.31335,0.9294252,4.9383613864199996
554.8653739970177,warmup,1,4.96508,0.9296938,4.616004092504
560.5046609998681,warmup,1,6.06347,0.9283507,5.629026618928999
565.3997309855185,warmup,1,5.67055,0.9186804,5.20942314222
570.3596719831694,warmup,1,4.75969,0.9184118,4.371355460342
575.5477209750097,warmup,1,3.01834,0.9192177,2.7745115526179998
582.4936819844879,warmup,1,7.02791,0.928888,6.52814126408
591.775234992383,warmup,1,5.32228,0.9377524,4.990980843472
597.4268169957213,warmup,1,5.27763,0.9302311,4.9094155602930005
603.8034679950215,warmup,1,7.01005,0.9194863,6.4456449373149995
608.2195059861988,warmup,1,5.01866,0.9194863,4.614589114358
615.1233189739287,warmup,1,4.8222,0.918949,4.4313558678
619.7041139821522,warmup,1,4.57216,0.9299625,4.251937344
625.0124769867398,warmup,1,4.36677,0.928888,4.05624025176
629.6456049894914,warmup,1,5.75092,0.9296938,5.3465946682959995
638.2503299973905,warmup,1,4.80434,0.9270077,4.453660173418
644.6282959950622,warmup,1,5.65269,0.9194863,5.197571013147
651.284814986866,warmup,1,4.63467,0.9294252,4.3075790916839996
657.0916369964834,warmup,1,4.12566,0.9280821,3.828951196686
666.2191349896602,warmup,1,4.94722,0.9304997,4.6033867258339995
672.8523389901966,warmup,1,8.287039,0.9256646,7.6710186411193995
677.3112469818443,warmup,1,5.90273,0.9304997,5.492488494181
688.5959859937429,warmup,1,3.00048,0.9184118,2.755676237664
695.9377589810174,warmup,1,4.99187,0.9291566,4.638228956841999
704.4890580000356,warmup,1,6.29565,0.9286194,5.84626272561
711.1628729908261,warmup,1,3.85776,0.9186804,3.5440484999039996
719.533858995419,warmup,1,4.69718,0.9286194,4.361892473292
726.4984869980253,warmup,1,2.39324,0.9294252,2.224337565648
730.730858980678,warmup,1,4.90257,0.9315742,4.567107725694
737.0631019875873,warmup,1,9.31399,0.9272762,8.636641254038
741.47543599247,warmup,1,8.733539,0.9296938,8.1195170603582
749.3826479767449,warmup,1,4.89364,0.928888,4.545643472320001
753.8525189738721,warmup,1,1.50024,0.9283507,1.392748854168
768.0908079782967,warmup,1,1.47345,0.9286194,1.36827425493
775.8034849830437,idle,2,1.32164,0.9286194,1.2273005438159998
782.4856879888102,idle,2,1.27699,0.9294252,1.186866686148
790.2988269925117,idle,2,0.9108599,0.7223192,0.65793159428008
797.3877679905854,idle,2,1.14304,0.8329906,0.9521415754240001
804.3917839822825,idle,2,0.90193,0.723125,0.65220813125
808.5177129833028,idle,2,0.8929999,0.7223192,0.64503097336808
812.6453269796912,idle,2,0.9108599,0.7220506,0.65768693731094
819.9292289791629,idle,2,1.08053,0.8184852,0.884397813156
827.0116889907513,idle,2,0.90193,0.7225879,0.6517237046469999
831.1885989969596,idle,2,0.8929999,0.7225879,0.6452709224412099
835.299304977525,idle,2,0.87514,0.7223192,0.6321304246880001
839.4593819975853,idle,2,0.8929999,0.7228564,0.6455106929143599
846.803487977013,idle,2,1.06267,0.8184852,0.869779667484
850.9846749948338,idle,2,1.06267,0.8184852,0.869779667484
855.1295299839694,idle,2,1.05374,0.8184852,0.8624705946479999
862.575819977792,idle,2,0.8929999,0.7223192,0.64503097336808
866.6587299958337,idle,2,0.90193,0.7228564,0.6519658728519999
870.7388259936124,idle,2,0.88407,0.7225879,0.638818284753
874.805754981935,idle,2,0.88407,0.7228564,0.639055657548
878.892813983839,idle,2,0.88407,0.7223192,0.638580735144
882.9984089825302,idle,2,0.87514,0.7223192,0.6321304246880001
890.3666439873632,idle,2,1.06267,0.8182165,0.869494128055
894.5160539878998,idle,2,1.05374,0.8184852,0.8624705946479999
898.6970009864308,idle,2,1.04481,0.8184852,0.855161521812
902.8430589823984,idle,2,1.05374,0.8187538,0.8627536292119999
909.6997799933888,idle,2,0.88407,0.7225879,0.638818284753
913.7807090010028,idle,2,0.8929999,0.7225879,0.6452709224412099
917.8830829914659,idle,2,0.8662101,0.7223192,0.62568018646392
921.9847339845728,idle,2,0.87514,0.7223192,0.6321304246880001
926.0627740004566,idle,2,0.8929999,0.7228564,0.6455106929143599
930.1278329803608,idle,2,0.8662101,0.7223192,0.62568018646392
934.2042619828135,idle,2,0.88407,0.7225879,0.638818284753
938.2924319943413,idle,2,0.8929999,0.7225879,0.6452709224412099
942.365750001045,idle,2,0.8929999,0.7225879,0.6452709224412099
946.4277719962411,idle,2,0.88407,0.7228564,0.639055657548
950.5045529804192,idle,2,0.8929999,0.7225879,0.6452709224412099
954.5803149812855,idle,2,0.8929999,0.7225879,0.6452709224412099
958.6294109758455,idle,2,0.8662101,0.7225879,0.62591293711779
962.6825439918321,idle,2,0.88407,0.7228564,0.639055657548
966.7419549950864,idle,2,0.8662101,0.7225879,0.62591293711779
970.8392729808111,idle,2,0.87514,0.7228564,0.632600549896
974.9496639997233,idle,2,0.8662101,0.7223192,0.62568018646392
981.2500569969416,idle,2,1.03588,0.8184852,0.847852448976
985.9760729887057,idle,2,1.04481,0.8187538,0.855442157778
993.0117549956776,idle,2,0.87514,0.7223192,0.6321304246880001
997.1313689893577,idle,2,1.11625,0.7220506,0.8059889822499999
1001.2165949738119,idle,2,0.88407,0.7223192,0.638580735144
1008.5159229929559,idle,2,1.04481,0.8182165,0.854880781365
1015.5951599881519,idle,2,0.88407,0.7225879,0.638818284753
1019.6709599986207,idle,2,0.88407,0.7223192,0.638580735144
1023.7577039806638,idle,2,0.87514,0.7223192,0.6321304246880001
1027.8425589785911,idle,2,0.87514,0.7223192,0.6321304246880001
1035.125831986079,idle,2,1.04481,0.8179479,0.854600145399
1039.3176859943196,idle,2,1.04481,0.8187538,0.855442157778
1043.513502983842,idle,2,1.04481,0.8187538,0.855442157778
1047.690078994492,idle,2,1.04481,0.8184852,0.855161521812
1051.8613409949467,idle,2,1.03588,0.8179479,0.8472958706519998
1058.9187819859944,idle,2,0.87514,0.7223192,0.6321304246880001
1063.0095439846627,idle,2,0.88407,0.7223192,0.638580735144
1067.1309549943544,idle,2,0.8662101,0.7225879,0.62591293711779
1071.2596979865339,idle,2,0.87514,0.7228564,0.632600549896
1078.621155989822,idle,2,1.04481,0.8182165,0.854880781365
1082.7673619787674,idle,2,1.03588,0.8182165,0.84757410802
1089.7961369773839,idle,2,0.8929999,0.7225879,0.6452709224412099
1093.8786959741265,idle,2,0.8662101,0.7225879,0.62591293711779
1097.9673099936917,idle,2,0.87514,0.7225879,0.632365574806
1105.2893419982865,idle,2,1.03588,0.8184852,0.847852448976
1112.3064679850359,idle,2,0.88407,0.7223192,0.638580735144
1116.2551390007138,idle,2,0.8662101,0.7223192,0.62568018646392
1120.3699939942453,idle,2,0.87514,0.7223192,0.6321304246880001
1127.7283219969831,idle,2,1.02695,0.8179479,0.8399915959049999
1131.8808239884675,idle,2,1.03588,0.8182165,0.84757410802
1138.7534709938336,idle,2,0.8483499,0.7225879,0.61300737270621
1142.830418975791,idle,2,0.8572799,0.7223192,0.61922973154408
1150.1174879958853,idle,2,1.03588,0.8187538,0.8481306863439999
1157.018022990087,idle,2,0.90193,0.7225879,0.6517237046469999
1161.1134889826644,idle,2,1.11625,0.7223192,0.806288807
1165.1979369926266,idle,2,0.87514,0.7225879,0.632365574806
1169.2807729996275,idle,2,0.87514,0.7223192,0.6321304246880001
1173.2546849816572,idle,2,0.88407,0.7223192,0.638580735144
1180.6110679754056,idle,2,1.04481,0.8187538,0.855442157778
1184.7699039790314,idle,2,1.04481,0.8182165,0.854880781365
1191.8079009919893,idle,2,0.88407,0.7225879,0.638818284753
1199.145469989162,idle,2,1.04481,0.8184852,0.855161521812
1204.4102039944846,idle,2,2.59863,0.8184852,2.126940195276
1210.120729985647,idle,2,0.9912299,0.8182165,0.81104065947335
1216.8339339841623,idle,2,2.5897,0.928888,2.4055412536
1222.3468329757452,idle,2,2.36645,0.9286194,2.19753137913
1226.8404809874482,idle,2,2.29501,0.928888,2.13180724888
1232.5675809988752,idle,2,2.62542,0.9286194,2.438015945148
1238.6838449747302,idle,2,2.35752,0.9294252,2.191138497504
1242.9216059972532,idle,2,2.38431,0.9291566,2.215397372946
1247.1163489972241,idle,2,2.92011,0.9291566,2.7132394792260004
1251.3314620009623,idle,2,2.92011,0.9294252,2.714023820772
1255.671740975231,idle,2,2.47361,0.9286194,2.297042234034
1259.966371988412,idle,2,2.84867,0.9286194,2.645330226198
1264.4881309824996,idle,2,2.92904,0.928888,2.7207501075200002
1269.5602179737762,idle,2,3.20587,0.9296938,2.980477462606
1274.504047993105,idle,2,2.75937,0.9286194,2.562404513778
1279.154693998862,idle,2,2.679,0.9283507,2.4870515252999996
1284.4547979766503,idle,2,2.37538,0.928888,2.20646197744
1288.7897990003694,idle,2,2.26822,0.9304997,2.110578029534
1294.1404399753083,idle,2,2.33073,0.9286194,2.164361094162
1298.3476090012118,idle,2,2.38431,0.9286194,2.214116521614
1302.4250379821751,idle,2,2.90225,0.928888,2.6958651980000004
1306.5634849772323,idle,2,2.90225,0.9286194,2.69508565365
1310.8068199944682,idle,2,2.74151,0.9291566,2.547292110466
1315.1053769979626,idle,2,2.84867,0.9291566,2.646860531722
1319.5139149902388,idle,2,2.92904,0.928888,2.7207501075200002
1324.4227439863607,idle,2,3.02727,0.928888,2.81199477576
1329.3469630007166,idle,2,2.72365,0.9286194,2.52923422881
1335.1493410009425,idle,2,2.70579,0.9294252,2.514829411908
1341.9876169937197,idle,2,1.3395,0.9283507,1.2435257626499998
1346.037454000907,idle,2,1.47345,0.9294252,1.3694615609399998
1351.7142959753983,idle,2,1.27699,0.9283507,1.185494560393
1356.4243679866195,idle,2,1.25913,0.9283507,1.168914216891
1360.6391659996007,idle,2,1.25913,0.9291566,1.169928949758
1364.8205569770653,idle,2,1.31271,0.9291566,1.219713160386
1368.9927819941659,idle,2,1.26806,0.9283507,1.1772043886419998
1373.1608579983003,idle,2,1.31271,0.9286194,1.219007972574
1377.343360974919,idle,2,1.27699,0.9280821,1.1851515608790002
1381.5203999984078,idle,2,1.83065,0.9286194,1.69997710461
1385.6791989819612,idle,2,1.25913,0.9286194,1.1692525451220002
1389.8327939969022,idle,2,1.25913,0.9286194,1.1692525451220002
1393.9681479823776,idle,2,1.27699,0.928888,1.18618068712
1398.124557978008,idle,2,1.26806,0.9286194,1.177545116364
1404.9262609914877,idle,2,1.24127,0.928888,1.1530008077600002
1409.0447459893767,idle,2,1.2502,0.928888,1.1612957776000001
1416.8787550006527,idle,2,0.8662101,0.7225879,0.62591293711779
1420.958034985233,idle,2,0.87514,0.7225879,0.632365574806
1425.0821679888759,idle,2,0.8662101,0.7223192,0.62568018646392
1432.4384219944477,idle,2,1.03588,0.8184852,0.847852448976
1436.6037569998298,idle,2,1.04481,0.8187538,0.855442157778
1443.6762359982822,idle,2,0.88407,0.7225879,0.638818284753
1447.7754419785924,idle,2,0.8662101,0.7225879,0.62591293711779
1451.8519639968872,idle,2,0.87514,0.7225879,0.632365574806
1459.1376809985377,idle,2,1.04481,0.8182165,0.854880781365
1463.3550539729185,idle,2,1.04481,0.8184852,0.855161521812
1467.539463978028,idle,2,1.03588,0.8182165,0.84757410802
1471.7093549843412,idle,2,1.04481,0.8179479,0.854600145399
1475.876486976631,idle,2,1.05374,0.8187538,0.8627536292119999
1482.9756499966606,idle,2,0.8572799,0.7225879,0.61946008265321
1487.057375983568,idle,2,0.8572799,0.7223192,0.61922973154408
1491.1535639839713,idle,2,0.8572799,0.7225879,0.61946008265321
1495.2408079989254,idle,2,0.87514,0.7225879,0.632365574806
1499.3297919863835,idle,2,0.8572799,0.7223192,0.61922973154408
1503.400794987101,idle,2,0.87514,0.7225879,0.632365574806
1510.7622529903892,idle,2,1.03588,0.8182165,0.84757410802
1514.9001069949009,idle,2,1.02695,0.8176794,0.83971585983
1521.9213819946162,idle,2,0.87514,0.7223192,0.6321304246880001
1526.0058299754746,idle,2,0.87514,0.7225879,0.632365574806
1530.1018699829,idle,2,0.8929999,0.7225879,0.6452709224412099
1534.193150990177,idle,2,0.8572799,0.7228564,0.6196902623063599
1538.2571169757284,idle,2,0.8662101,0.7225879,0.62591293711779
1542.3116579768248,idle,2,0.8572799,0.7225879,0.61946008265321
1546.392845979426,idle,2,0.8662101,0.7225879,0.62591293711779
1550.4515339853242,idle,2,0.8572799,0.7223192,0.61922973154408
1554.5315009949263,idle,2,0.8572799,0.7225879,0.61946008265321
1560.8348189853132,idle,2,1.08053,0.8187538,0.884688043514
1565.5626309744548,idle,2,1.04481,0.8182165,0.854880781365
1572.6629609998781,idle,2,0.88407,0.7225879,0.638818284753
1576.7292979871854,idle,2,0.8662101,0.7225879,0.62591293711779
1580.7904489920475,idle,2,0.8572799,0.7228564,0.6196902623063599
1584.8905079765245,idle,2,0.8483499,0.7225879,0.61300737270621
1592.9719589767046,idle,2,0.87514,0.7225879,0.632365574806
1597.046295995824,idle,2,0.87514,0.7223192,0.6321304246880001
1601.1490949895233,idle,2,1.11625,0.7225879,0.806588743375
1607.4635239783674,idle,2,1.01802,0.8184852,0.833234303304
1612.1632809808943,idle,2,1.01802,0.8184852,0.833234303304
1616.3297279854305,idle,2,1.03588,0.8184852,0.847852448976
1620.4985449730884,idle,2,1.03588,0.8187538,0.8481306863439999
1624.6511039789766,idle,2,1.03588,0.8184852,0.847852448976
1628.7994209851604,idle,2,1.08053,0.8184852,0.884397813156
1635.846880992176,idle,2,0.8572799,0.7228564,0.6196902623063599
1639.9230319948401,idle,2,0.8572799,0.7223192,0.61922973154408
1643.9959979907144,idle,2,0.87514,0.7223192,0.6321304246880001
1648.060519975843,idle,2,0.8662101,0.7225879,0.62591293711779
1652.1274679980706,idle,2,0.8483499,0.7225879,0.61300737270621
1656.2289339781273,idle,2,0.8572799,0.7223192,0.61922973154408
1660.3356039850041,idle,2,1.39308,0.7223192,1.006248431136
1667.6930609974079,idle,2,1.03588,0.8184852,0.847852448976
1671.8432490015402,idle,2,1.03588,0.8184852,0.847852448976
1678.931467991788,idle,2,0.8572799,0.7225879,0.61946008265321
1683.0391369876452,idle,2,0.8662101,0.7223192,0.62568018646392
1690.3268549940549,idle,2,1.02695,0.8184852,0.8405433761400001
1697.4109809962101,idle,2,0.88407,0.7225879,0.638818284753
1701.4908540004399,idle,2,0.87514,0.7223192,0.6321304246880001
1705.5851719924249,idle,2,0.8572799,0.7223192,0.61922973154408
1709.7117859811988,idle,2,1.28592,0.7228564,0.9295355018879999
1715.1700929971412,idle,2,0.82156,0.7220506,0.5932078909359999
1721.103135991143,idle,2,1.63419,0.928888,1.51797948072
1728.082892979728,idle,2,1.24127,0.9291566,1.153334212882
1732.2855799866375,idle,2,1.2502,0.9286194,1.16095997388
1736.459785985062,idle,2,1.2502,0.9283507,1.1606240451399998
1740.6676589744166,idle,2,1.2502,0.9283507,1.1606240451399998
1747.3973619926255,idle,2,1.23234,0.9283507,1.144043701638
1751.5668089909013,idle,2,1.24127,0.9286194,1.1526674026380002
1758.492622000631,idle,2,1.27699,0.9291566,1.186523686634
1762.6429949887097,idle,2,1.25913,0.9286194,1.1692525451220002
1766.798441996798,idle,2,1.2502,0.9286194,1.16095997388
1770.9707219910342,idle,2,1.25913,0.9283507,1.168914216891
1776.7796179978177,idle,2,1.22341,0.9286194,1.1360822601540002
1781.363413989311,idle,2,1.22341,0.9286194,1.1360822601540002
1789.189440984046,idle,2,0.87514,0.7225879,0.632365574806
1793.2887770002708,idle,2,0.8662101,0.7225879,0.62591293711779
1797.3812059790362,idle,2,0.8662101,0.7223192,0.62568018646392
1804.6792749955785,idle,2,1.03588,0.8187538,0.8481306863439999
1811.771142994985,idle,2,0.8662101,0.7223192,0.62568018646392
1815.8510899811517,idle,2,0.87514,0.7225879,0.632365574806
1819.9408520013094,idle,2,0.8662101,0.7220506,0.6254475224310599
1823.9969669957645,idle,2,0.87514,0.7228564,0.632600549896
1828.067543974612,idle,2,0.8662101,0.7225879,0.62591293711779
1832.149676978588,idle,2,0.87514,0.7225879,0.632365574806
1836.238494986901,idle,2,0.8662101,0.7228564,0.62614551452964
1840.2983319829218,idle,2,0.87514,0.7223192,0.6321304246880001
1844.3634459981695,idle,2,0.8662101,0.7223192,0.62568018646392
1848.4303009754512,idle,2,0.8572799,0.7220506,0.61899946616294
1852.542248001555,idle,2,0.8662101,0.7220506,0.6254475224310599
1859.9064469744917,idle,2,1.03588,0.8184852,0.847852448976
1864.0584309760015,idle,2,1.02695,0.8182165,0.8402674346750001
1871.125908975955,idle,2,0.87514,0.7228564,0.632600549896
1875.226430973271,idle,2,0.87514,0.7228564,0.632600549896
1879.3079149909317,idle,2,0.8572799,0.7225879,0.61946008265321
1883.3733259816654,idle,2,0.8572799,0.7225879,0.61946008265321
1887.5339389778674,idle,2,0.8572799,0.7223192,0.61922973154408
1891.670663986588,idle,2,0.8483499,0.7225879,0.61300737270621
1895.7830930012278,idle,2,0.8572799,0.7225879,0.61946008265321
1903.076661983505,idle,2,1.03588,0.8182165,0.84757410802
1907.2684979764745,idle,2,1.03588,0.8187538,0.8481306863439999
1911.4389449823648,idle,2,1.01802,0.8182165,0.83296076133
1918.703976989491,idle,2,0.87514,0.7225879,0.632365574806
1922.7949799969792,idle,2,0.8572799,0.7225879,0.61946008265321
1926.9102239923086,idle,2,0.8572799,0.7223192,0.61922973154408
1931.0568929940928,idle,2,0.8572799,0.7228564,0.6196902623063599
1938.4147209930234,idle,2,1.03588,0.8184852,0.847852448976
1942.571481980849,idle,2,1.02695,0.8184852,0.8405433761400001
1946.7431329831015,idle,2,1.04481,0.8184852,0.855161521812
1950.917190988548,idle,2,1.03588,0.8179479,0.8472958706519998
1955.0756559765432,idle,2,1.03588,0.8184852,0.847852448976
1959.2792139737867,idle,2,1.03588,0.8184852,0.847852448976
1963.4529199975077,idle,2,1.03588,0.8182165,0.84757410802
1967.6107189734466,idle,2,1.02695,0.8184852,0.8405433761400001
1971.7909249884542,idle,2,1.03588,0.8184852,0.847852448976
1977.9104669869412,idle,2,0.8572799,0.7220506,0.61899946616294
1982.4370959831867,idle,2,0.8572799,0.7225879,0.61946008265321
1986.5283949766308,idle,2,0.8483499,0.7220506,0.61255155430494
1990.6190469919238,idle,2,0.8483499,0.7223192,0.61277942108808
1994.7026239824481,idle,2,0.8483499,0.7225879,0.61300737270621
1998.7700339988805,idle,2,0.8572799,0.7225879,0.61946008265321
2002.8617409989238,idle,2,0.8662101,0.7223192,0.62568018646392
2006.9264299818315,idle,2,0.8662101,0.7223192,0.62568018646392
2010.9855069895275,idle,2,0.8572799,0.7225879,0.61946008265321
2015.052824979648,idle,2,0.8662101,0.7225879,0.62591293711779
2019.1194209910464,idle,2,0.8662101,0.7225879,0.62591293711779
2023.2717569742817,idle,2,0.8572799,0.7223192,0.61922973154408
2027.371926989872,idle,2,0.8572799,0.7225879,0.61946008265321
2031.5111699746922,idle,2,0.8662101,0.7223192,0.62568018646392
2038.8731459970586,idle,2,1.02695,0.8182165,0.8402674346750001
2043.0427409883123,idle,2,1.02695,0.8187538,0.84081921491
2050.0547379779164,idle,2,0.8662101,0.7223192,0.62568018646392
2054.136333987117,idle,2,0.8662101,0.7225879,0.62591293711779
2061.4689579815604,idle,2,1.08946,0.8184852,0.8917068859920001
2065.651700977469,idle,2,1.02695,0.8184852,0.8405433761400001
2069.8168329836335,idle,2,1.02695,0.8187538,0.84081921491
2073.944281000877,idle,2,1.03588,0.8184852,0.847852448976
2078.130041976692,idle,2,1.02695,0.8184852,0.8405433761400001
2085.1516319962684,idle,2,0.87514,0.7228564,0.632600549896
2089.2350059875753,idle,2,0.8572799,0.7223192,0.61922973154408
2093.323748995317,idle,2,0.8572799,0.7228564,0.6196902623063599
2097.3803449887782,idle,2,0.8662101,0.7223192,0.62568018646392
2101.4459040015936,idle,2,0.87514,0.7223192,0.6321304246880001
2105.521443998441,idle,2,0.8662101,0.7223192,0.62568018646392
2109.6184099733364,idle,2,0.8662101,0.7225879,0.62591293711779
2113.6709319835063,idle,2,0.8572799,0.7223192,0.61922973154408
2117.7378979919013,idle,2,0.8572799,0.7223192,0.61922973154408
2121.795475977706,idle,2,0.87514,0.7225879,0.632365574806
2125.8892199839465,idle,2,0.8662101,0.7225879,0.62591293711779
2129.9586669774726,idle,2,0.8662101,0.7225879,0.62591293711779
2134.0257260017097,idle,2,0.8662101,0.7225879,0.62591293711779
2138.0897849739995,idle,2,0.8572799,0.7225879,0.61946008265321
2142.1526029880624,idle,2,0.8572799,0.7228564,0.6196902623063599
2146.2295319943223,idle,2,0.8572799,0.7225879,0.61946008265321
2150.318239000626,idle,2,0.8662101,0.7225879,0.62591293711779
2154.3782239896245,idle,2,0.8572799,0.7225879,0.61946008265321
2158.454467979027,idle,2,0.8662101,0.7220506,0.6254475224310599
2162.5133419875056,idle,2,0.8662101,0.7228564,0.62614551452964
2166.586659994209,idle,2,0.8572799,0.7228564,0.6196902623063599
2170.6646629900206,idle,2,0.8662101,0.7225879,0.62591293711779
2174.7783689934295,idle,2,0.8662101,0.7223192,0.62568018646392
2181.063964992063,idle,2,1.08946,0.8184852,0.8917068859920001
2185.777407983551,idle,2,1.02695,0.8182165,0.8402674346750001
2192.853700980777,idle,2,0.8483499,0.7225879,0.61300737270621
2196.978351974394,idle,2,0.8662101,0.7225879,0.62591293711779
2201.1275209952146,idle,2,1.11625,0.7220506,0.8059889822499999
2207.262654992519,idle,2,1.04481,0.8182165,0.854880781365
2211.9991529907566,idle,2,1.03588,0.8179479,0.8472958706519998
2218.995242990786,idle,2,0.8483499,0.7223192,0.61277942108808
2223.145078984089,idle,2,0.8572799,0.7225879,0.61946008265321
2230.504683975596,idle,2,1.03588,0.8184852,0.847852448976
2234.647186996881,idle,2,1.03588,0.8184852,0.847852448976
2238.80087499856,idle,2,1.03588,0.8182165,0.84757410802
2242.9441919957753,idle,2,1.02695,0.8187538,0.84081921491
2247.084898990579,idle,2,1.03588,0.8179479,0.8472958706519998
2251.2488089851104,idle,2,1.04481,0.8182165,0.854880781365
2255.407736985944,idle,2,1.03588,0.8184852,0.847852448976
2262.6776209799573,idle,2,0.8572799,0.7225879,0.61946008265321
2266.7792349820957,idle,2,0.8572799,0.7225879,0.61946008265321
2270.8426829776727,idle,2,0.8572799,0.7223192,0.61922973154408
2274.9345929769333,idle,2,0.8662101,0.7225879,0.62591293711779
2282.294013974024,idle,2,1.03588,0.8187538,0.8481306863439999
2286.4495719841216,idle,2,1.02695,0.8179479,0.8399915959049999
2293.3711069927085,idle,2,0.8483499,0.7228564,0.61323515465436
2297.4469249893446,idle,2,0.8662101,0.7223192,0.62568018646392
2301.5377429837827,idle,2,0.8483499,0.7223192,0.61277942108808
2305.6192089861725,idle,2,0.8483499,0.7225879,0.61300737270621
2309.520213981159,idle,2,0.8483499,0.7223192,0.61277942108808
2316.853208001703,idle,2,1.03588,0.8182165,0.84757410802
2320.835989987245,idle,2,1.02695,0.8184852,0.8405433761400001
2327.704099996481,idle,2,0.8572799,0.7225879,0.61946008265321
2331.79315799498,idle,2,0.8483499,0.7225879,0.61300737270621
2335.8980499906465,idle,2,0.8572799,0.7223192,0.61922973154408
2343.201063980814,idle,2,1.01802,0.8184852,0.833234303304
2347.376269986853,idle,2,1.02695,0.8184852,0.8405433761400001
2354.46306297672,idle,2,0.8662101,0.7223192,0.62568018646392
2358.534603001317,idle,2,0.8572799,0.7228564,0.6196902623063599
2365.875300980406,idle,2,1.00909,0.8182165,0.8256540879850001
2372.8717799822334,idle,2,0.8929999,0.7225879,0.6452709224412099
2377.001004992053,idle,2,0.8572799,0.7223192,0.61922973154408
2381.088396999985,idle,2,1.11625,0.7225879,0.806588743375
2388.4427809971385,idle,2,1.01802,0.8182165,0.83296076133
2392.5911349942908,idle,2,1.02695,0.8184852,0.8405433761400001
2399.601168988738,idle,2,0.8572799,0.7223192,0.61922973154408
2403.6795609863475,idle,2,0.8572799,0.7225879,0.61946008265321
2407.745990989497,idle,2,0.8572799,0.7228564,0.6196902623063599
2411.8359749845695,idle,2,0.8662101,0.7228564,0.62614551452964
2415.91438598698,idle,2,0.8572799,0.7223192,0.61922973154408
2419.977295998251,idle,2,0.8572799,0.7223192,0.61922973154408
2424.0502629836556,idle,2,0.8572799,0.7223192,0.61922973154408
2428.1345249910373,idle,2,0.8483499,0.7225879,0.61300737270621
2432.197324989829,idle,2,0.8572799,0.7225879,0.61946008265321
2436.2569579971023,idle,2,0.8483499,0.7225879,0.61300737270621
2440.3310529887676,idle,2,0.8483499,0.7228564,0.61323515465436
2444.41231599194,idle,2,0.8572799,0.7225879,0.61946008265321
2448.4750229748897,idle,2,0.8483499,0.7228564,0.61323515465436
2452.53380399663,idle,2,0.8662101,0.7225879,0.62591293711779
2456.6109369916376,idle,2,0.87514,0.7220506,0.631895362084
2460.677791998023,idle,2,0.8572799,0.7225879,0.61946008265321
2464.769294980215,idle,2,0.8662101,0.7228564,0.62614551452964
2468.832908984041,idle,2,0.8929999,0.7223192,0.64503097336808
2472.899949993007,idle,2,0.8662101,0.7225879,0.62591293711779
2476.9491569895763,idle,2,0.8572799,0.7223192,0.61922973154408
2481.013566983165,idle,2,0.8572799,0.7223192,0.61922973154408
2485.0672379834577,idle,2,1.10732,0.7225879,0.800136033428
2489.145703992108,idle,2,0.88407,0.7223192,0.638580735144
2493.0708749743644,idle,2,0.8483499,0.7225879,0.61300737270621
2497.1490079769865,idle,2,0.8572799,0.7225879,0.61946008265321
2501.195103977807,idle,2,0.8572799,0.7225879,0.61946008265321
2505.2758480014745,idle,2,0.8483499,0.7225879,0.61300737270621
2511.581442988245,idle,2,1.01802,0.8187538,0.8335077434759999
2516.2924409960397,idle,2,1.01802,0.8187538,0.8335077434759999
2523.3193269814365,idle,2,0.8662101,0.7225879,0.62591293711779
2527.4228490015958,idle,2,0.8572799,0.7228564,0.6196902623063599
2531.5664259833284,idle,2,0.8572799,0.7225879,0.61946008265321
2535.7233909890056,idle,2,0.8572799,0.7223192,0.61922973154408
2539.8036719998345,idle,2,0.87514,0.7228564,0.632600549896
2547.156795975752,idle,2,1.02695,0.8187538,0.84081921491
2551.2997249898035,idle,2,1.02695,0.8184852,0.8405433761400001
2555.4866530001163,idle,2,1.03588,0.8184852,0.847852448976
2562.5795379746705,idle,2,0.8662101,0.7228564,0.62614551452964
2566.6728009819053,idle,2,0.8662101,0.7225879,0.62591293711779
2570.7628410018515,idle,2,0.8572799,0.7223192,0.61922973154408
2574.8601219966076,idle,2,0.8662101,0.7223192,0.62568018646392
2582.2055419848766,idle,2,1.03588,0.8187538,0.8481306863439999
2586.3660629838705,idle,2,1.01802,0.8182165,0.83296076133
2597.4288969882764,idle,2,0.8572799,0.723125,0.6199205276875001
2601.5303819731344,idle,2,0.8483499,0.7223192,0.61277942108808
2605.662717978703,idle,2,0.8662101,0.7225879,0.62591293711779
2612.9315279831644,idle,2,1.02695,0.8184852,0.8405433761400001
2620.0118209817447,idle,2,0.87514,0.7225879,0.632365574806
2624.121638975339,idle,2,0.8572799,0.7223192,0.61922973154408
2628.226326982258,idle,2,0.8572799,0.7223192,0.61922973154408
2632.303903985303,idle,2,0.8572799,0.7225879,0.61946008265321
2639.658675994724,idle,2,1.02695,0.8182165,0.8402674346750001
2646.6684699989855,idle,2,0.8483499,0.7225879,0.61300737270621
2650.7481029839255,idle,2,0.8483499,0.7223192,0.61277942108808
2654.8406799847726,idle,2,0.8572799,0.7225879,0.61946008265321
2658.9353309827857,idle,2,0.8572799,0.7223192,0.61922973154408
2666.295639995951,idle,2,1.00909,0.8179479,0.825383046411
2670.4357729759067,idle,2,1.03588,0.8184852,0.847852448976
2676.494332990842,idle,2,0.90193,0.7225879,0.6517237046469999
2681.015147973085,idle,2,0.8662101,0.7228564,0.62614551452964
2685.115890984889,idle,2,1.10732,0.7228564,0.800433348848
2689.2108939937316,idle,2,0.8483499,0.7225879,0.61300737270621
2696.563999983482,idle,2,1.01802,0.8184852,0.833234303304
2703.5005169746,idle,2,0.8483499,0.7225879,0.61300737270621
2707.576426997548,idle,2,0.8483499,0.7225879,0.61300737270621
2711.728836991824,idle,2,0.8126299,0.7225879,0.58719653291821
2719.5885679975618,idle,2,1.24127,0.9283507,1.152333873389
2726.553102984326,idle,2,1.24127,0.9280821,1.1520004682670002
2730.752382980427,idle,2,1.23234,0.9283507,1.144043701638
2734.952106984565,idle,2,1.2502,0.9286194,1.16095997388
2739.125220978167,idle,2,1.24127,0.9286194,1.1526674026380002
2745.9354419843294,idle,2,1.21448,0.9283507,1.127463358136
2750.029741000617,idle,2,1.22341,0.9291566,1.1367394760060001
2754.1303369798698,idle,2,1.21448,0.9291566,1.128442107568
2758.237524976721,idle,2,1.23234,0.9291566,1.145036844444
2762.3370649816934,idle,2,1.22341,0.9283507,1.135753529887
2766.423771972768,idle,2,1.21448,0.9283507,1.127463358136
2770.509663998382,idle,2,1.22341,0.9286194,1.1360822601540002
2774.7177029959857,forward,3,1.89316,0.928888,1.75853360608
2781.93830998498,forward,3,4.72397,0.9278135,4.382963139595
2793.8252669991925,forward,3,4.66146,0.8335279,3.885456964734
2801.369740976952,forward,3,4.40249,0.9294252,4.091785148748
2806.5589199832175,forward,3,7.48334,0.9294252,6.955204776167999
2812.1470589831006,forward,3,4.71504,0.928888,4.379744075520001
2817.5701619766187,forward,3,5.1794,0.928888,4.8110825072
2823.901516996557,forward,3,3.81311,0.928888,3.54195212168
2828.5316079854965,forward,3,4.09887,0.9326486,3.822805367082
2834.0748209739104,forward,3,4.9115,0.9286194,4.5609141831
2839.757218986051,forward,3,6.56355,0.9146511,6.003358227405
2845.9652779856697,forward,3,4.58109,0.9216352,4.222093798367999
2850.4548889759462,forward,3,3.83097,0.9173373,3.514291676181
2858.0078259983566,forward,3,4.26854,0.9286194,3.963849053676
2862.2658279782627,forward,3,4.0185,0.928888,3.7327364280000004
2866.7124579951633,forward,3,4.72397,0.928888,4.38803904536
2871.7553599854,forward,3,6.68857,0.9286194,6.2111358602580005
2876.0563059768174,forward,3,6.33137,0.9286194,5.8794330105779995
2885.9120389970485,forward,3,9.31399,0.9181431,8.551575651969001
2893.4067919908557,forward,3,4.88471,0.9291566,4.538660535586
2898.8988939963747,forward,3,1.97353,0.7225879,1.4260488982869999
2906.6272559866775,forward,3,5.42944,0.928888,5.04334166272
2910.993072000565,forward,3,5.96524,0.9294252,5.544244380047999
2918.8831729989033,forward,3,4.72397,0.918949,4.341087507529999
2926.092390989652,forward,3,2.66114,0.9299625,2.4747604072500002
2931.5588639874477,forward,3,2.5897,0.9184118,2.37841103846
2935.8191619976424,forward,3,2.52719,0.9178746,2.319643510374
2942.2052379813977,forward,3,2.65221,0.928888,2.4636060424800004
2988.579093973385,forward,3,2.31287,0.928888,2.14839718856
3042.1319829765707,forward,3,2.50933,0.9291566,2.331560531078
3047.6483069942333,forward,3,4.35784,0.9337231,4.069015874104
3052.260064985603,forward,3,5.92952,0.9304997,5.517416581144
3064.179262990365,forward,3,4.84899,0.9194863,4.4585798738369995
3075.623722979799,forward,3,4.63467,0.9291566,4.306334219322
3082.7742379915435,forward,3,7.66194,0.9283507,7.112967362358
3087.858602986671,forward,3,4.76862,0.9304997,4.437199479414001
3095.466613973258,forward,3,6.97433,0.9283507,6.474624137531
3103.621342976112,forward,3,5.08117,0.9294252,4.7225674434839995
3108.0087139853276,forward,3,4.90257,0.9283507,4.551304291299
3113.5794269794133,forward,3,5.15261,0.9291566,4.787581588726
3117.7970949793234,forward,3,4.81327,0.9286194,4.469695899438
3122.1741329936776,forward,3,5.03652,0.9326486,4.697303326872
3126.523022976471,forward,3,4.84899,0.9286194,4.502866184406
3131.5963699889835,forward,3,5.07224,0.9296938,4.715630080112
3136.068128980696,forward,3,5.01866,0.9280821,4.657728511986
3140.4319259745535,forward,3,4.92936,0.9280821,4.574850780456
3146.6522999980953,forward,3,4.79541,0.9208294,4.415754513054001
3151.557203993434,forward,3,7.00112,0.9173373,6.4223885177760005
3156.3386829802766,forward,3,8.733539,0.9192177,8.0280236324403
3160.717164981179,forward,3,4.72397,0.9184118,4.338549790846
3167.6709589955863,forward,3,2.67007,0.9176059,2.450071985413
3177.526784973452,forward,3,4.35784,0.9334545,4.0678453582800005
3184.823316987604,forward,3,4.36677,0.928888,4.05624025176
3192.6974919915665,forward,3,7.72445,0.9283507,7.170998564615
3197.8485049912706,forward,3,7.45655,0.9326486,6.954340918330001
3202.412466984242,forward,3,5.06331,0.9270077,4.693727357487
3215.777707984671,forward,3,4.74183,0.9291566,4.405902640578001
3220.311799988849,forward,3,5.07224,0.9280821,4.707455150904
3226.1256399797276,forward,3,5.99203,0.9270077,5.554657948630999
3231.6120019822847,forward,3,4.87578,0.9291566,4.530363167148
3239.176975999726,forward,3,4.81327,0.9184118,4.420563964586
3246.0367159801535,forward,3,4.67932,0.9202922,4.306341697304
3251.8064269970637,forward,3,5.03652,0.9337231,4.702715067612001
3258.006634976482,forward,3,5.143679,0.9286194,4.776520106772599
3266.218251985265,forward,3,7.01898,0.921098,6.46516844004
3271.3775239826646,forward,3,7.00112,0.9186804,6.431791722048
3278.3291329978965,forward,3,5.08117,0.9294252,4.7225674434839995
3284.19291699538,forward,3,2.71472,0.9296938,2.5238583527359997
3291.7710579931736,forward,3,4.22389,0.9178746,3.877001344194
3303.8335139863193,forward,3,7.01898,0.9304997,6.531158784306
3311.644040979445,forward,3,7.71552,0.9291566,7.168926330432
3316.157299996121,forward,3,4.45607,0.9291566,4.140386850562001
3327.3642439744435,forward,3,4.95615,0.9326486,4.622346358890001
3335.923857986927,forward,3,5.93845,0.9304997,5.525725943465
3340.2726179920137,forward,3,5.33121,0.9299625,4.957825379625
3345.9296459914185,forward,3,4.87578,0.9296938,4.532982436164
3351.7416159738787,forward,3,4.75076,0.9286194,4.411647900744
3359.7715859941673,forward,3,4.85792,0.9202922,4.470705884224
3365.438112989068,forward,3,4.42928,0.9208294,4.078611244832
3372.652941994602,forward,3,7.03684,0.9291566,6.538326329144
3378.078526991885,forward,3,4.96508,0.9283507,4.609335493556
3382.5070269813295,forward,3,4.81327,0.9283507,4.468402573789
3386.93937897915,forward,3,5.17047,0.9304997,4.811120783859
3391.8638009927236,forward,3,5.10796,0.9299625,4.750211251500001
3396.2679129908793,forward,3,4.8222,0.9291566,4.48057895652
3402.344195987098,forward,3,5.02759,0.9304997,4.678170986723
3407.3762469924986,forward,3,4.33998,0.928888,4.03135534224
3412.104836985236,forward,3,5.20619,0.9294252,4.838764181988
3419.976733974181,forward,3,6.518899,0.9291566,6.0570780305834
3428.1765740015544,forward,3,5.50088,0.9304997,5.118567189736001
3436.961945000803,forward,3,5.33121,0.9296938,4.956392883497999
3441.533499979414,forward,3,4.88471,0.9315742,4.550469810482
3453.477696981281,forward,3,3.00941,0.9291566,2.796213163606
3458.066676976159,forward,3,4.95615,0.9286194,4.60237703931
3462.582306994591,forward,3,4.96508,0.9270077,4.602667391116
3467.76744897943,forward,3,7.26009,0.9283507,6.739909633562999
3472.106115979841,forward,3,5.10796,0.9283507,4.741978241572
3477.165166987106,forward,3,4.99187,0.9304997,4.644933537439
3481.4199279935565,forward,3,4.96508,0.9283507,4.609335493556
3486.6257179819513,forward,3,5.04545,0.9283507,4.683947039315
3492.1618569933344,forward,3,6.465319,0.9275449,5.9968736653231005
3501.221448997967,forward,3,5.32228,0.9173373,4.882325965044
3507.7837279823143,forward,3,5.0008,0.9294252,4.647869540159999
3513.2765519956592,forward,3,5.00973,0.9208294,4.613106670062001
3521.481687988853,forward,3,4.65253,0.9304997,4.329177769240999
3527.0153269812,forward,3,4.465,0.9315742,4.159478803
3539.9229239847045,forward,3,4.72397,0.928888,4.38803904536
3548.0536339746322,forward,3,7.72445,0.9294252,7.1792984861399995
3556.147270981455,forward,3,4.44714,0.9280821,4.127311030194
3562.338033982087,forward,3,4.465,0.9307683,4.1558804595
3567.1529569954146,forward,3,4.71504,0.9291566,4.381010535264
3573.4726449882146,forward,3,4.70611,0.9286194,4.370185044534
3579.7650559979957,forward,3,4.85792,0.9286194,4.511158755648
3584.728884976357,forward,3,4.83113,0.9296938,4.491471607994
3590.9532039950136,forward,3,4.75076,0.928888,4.41292395488
3599.5988359791227,forward,3,5.0901,0.9278135,4.722663496349999
3606.013300974155,forward,3,5.03652,0.9299625,4.683774730500001
3614.0876039862633,forward,3,2.10748,0.7225879,1.5228395474919998
3621.3637109904084,forward,3,5.09903,0.9304997,4.744645885291
3627.1641249768436,forward,3,9.1086,0.9294252,8.465762376719999
3631.5504589874763,forward,3,4.99187,0.928888,4.63688814056
3635.8507569821086,forward,3,4.07208,0.9307683,3.7901629790639997
3640.6920869776513,forward,3,4.95615,0.9286194,4.60237703931
3647.7816389815416,forward,3,4.974009,0.9296938,4.6243053284441995
3658.6018829839304,forward,3,4.08101,0.9304997,3.7973785806970004
3670.478394982638,forward,3,4.80434,0.9337231,4.485923238254
3676.18810699787,forward,3,4.13459,0.9291566,3.8416815867940004
3682.7440339839086,forward,3,4.45607,0.9280821,4.135598803347
3688.3770799904596,forward,3,7.19758,0.9283507,6.681878431306
3693.5690179816447,forward,3,5.0901,0.9280821,4.72403069721
3699.6502459805924,forward,3,5.15261,0.9278135,4.780661118235
3704.160281980876,forward,3,5.0008,0.9299625,4.65055647
3708.8406879920512,forward,3,5.17047,0.9286194,4.8013987491179995
3716.903916996671,forward,3,4.72397,0.9280821,4.3842319979369995
3723.400992981624,forward,3,6.42067,0.9283507,5.960633488969
3732.062031980604,forward,3,4.70611,0.9304997,4.379033943167
3739.560210990021,forward,3,5.07224,0.9280821,4.707455150904
3744.9899619969074,forward,3,3.61665,0.9302311,3.364320307815
3751.635387976421,forward,3,3.0362,0.9286194,2.8194742222799998
3757.121101982193,forward,3,5.02759,0.9294252,4.672768841268
3763.826916983817,forward,3,5.00973,0.9286194,4.6521324667620005
3768.9192999969237,forward,3,4.51858,0.9280821,4.193613215418
3775.1302489778027,forward,3,7.93877,0.9286194,7.372095834137999
3781.943561974913,forward,3,2.77723,0.928888,2.57973562024
3791.547685978003,forward,3,4.21496,0.9294252,3.9174900409919995
3797.9623549908865,forward,3,2.64328,0.9294252,2.4567310426559996
3803.733344975626,forward,3,7.06363,0.9286194,6.559423852421999
3810.16151298536,forward,3,7.42083,0.9170686,6.805410178938
3817.680839973036,forward,3,4.42035,0.9286194,4.10482276479
3824.480486975517,forward,3,4.60788,0.928888,4.28020443744
3830.132513976423,forward,3,5.21512,0.928888,4.84426238656
3836.432961979881,forward,3,4.75969,0.9296938,4.425054282922
3843.809660000261,forward,3,5.32228,0.9151884,4.8708889175520005
3851.5465959790163,forward,3,4.83113,0.9299625,4.492769732625
3857.137196988333,forward,3,9.206829,0.9294252,8.5570588846908
3863.864585990086,forward,3,8.733539,0.9278135,8.1030953869765
3868.8900629931595,forward,3,5.90273,0.9294252,5.486146010795999
3873.3796369924676,forward,3,4.89364,0.9291566,4.5469579040240005
3877.904672990553,forward,3,5.8938,0.9291566,5.47626316908
3883.901383000193,forward,3,5.8938,0.9280821,5.46993028098
3891.5557449799962,forward,3,2.72365,0.9186804,2.50216387146
3899.5124569919426,forward,3,4.51858,0.9294252,4.199682120216
3911.4914870006032,forward,3,4.77755,0.9304997,4.445508841735
3919.7151589905843,forward,3,4.16138,0.9283507,3.863220035966
3924.178862973349,forward,3,4.68825,0.928888,4.354859166000001
3930.5282729910687,forward,3,4.58109,0.9283507,4.252858108262999
3935.5000839859713,forward,3,4.67039,0.9280821,4.334505359019
3940.977872000076,forward,3,4.87578,0.9286194,4.527743898132
3945.785479998449,forward,3,4.88471,0.9304997,4.545221189587
3955.5797499779146,forward,3,5.65269,0.9280821,5.246160405849
3959.9378619750496,forward,3,6.42067,0.9286194,5.962358722998
3964.216141990619,forward,3,5.02759,0.928888,4.67006801992
3968.490827974165,forward,3,4.974009,0.9294252,4.622969309626799
3974.9859599978663,forward,3,4.88471,0.9286194,4.536036469374
3983.641220984282,forward,3,7.00112,0.9184118,6.429911221216
3988.76999298227,forward,3,7.072559,0.9181431,6.4936212451929
3995.05495998892,forward,3,4.89364,0.918949,4.49700558436
4002.626192988828,forward,3,7.01898,0.9296938,6.525502188324
4009.967798978323,forward,3,5.09903,0.9294252,4.739166977556
4015.0433859962504,forward,3,4.89364,0.9283507,4.543014119548
4020.204880973324,forward,3,5.70627,0.9280821,5.295887044767
4031.82920999825,forward,3,4.75076,0.9294252,4.415476063151999
4036.6013739840128,forward,3,7.37618,0.9194863,6.782296456334
4043.235448974883,forward,3,4.1078,0.9294252,3.81789283656
4047.7846699941438,forward,3,4.02743,0.9326486,3.756176951098
4055.258051987039,forward,3,4.71504,0.9280821,4.375944224784
4060.557600983884,forward,3,3.96492,0.9304997,3.6893568705240005
4065.3180059744045,forward,3,4.05422,0.928888,3.76591630736
4071.177956997417,forward,3,5.72413,0.9184118,5.257108536734
4076.102102000732,forward,3,4.74183,0.9194863,4.360047721929
4083.8110749900807,forward,3,6.9654,0.9291566,6.47194738164
4088.9638099761214,forward,3,6.17956,0.9294252,5.743438788912
4093.2936259778216,forward,3,4.0185,0.928888,3.7327364280000004
4097.869550983887,forward,3,4.06315,0.928888,3.7742112772000005
4103.791315981653,forward,3,4.36677,0.9291566,4.057413166182
4110.387280001305,forward,3,6.50997,0.9197549,5.987576806353
4120.889432990225,forward,3,5.00973,0.9291566,4.654823693718
4127.2341959993355,forward,3,4.63467,0.918949,4.25902536183
4133.406625973294,forward,3,4.99187,0.9299625,4.642251904875
4137.94582898845,forward,3,9.572959,0.928888,8.892206739592002
4143.693243997404,forward,3,9.63547,0.9291566,8.952860544602
4149.852636997821,idle,4,2.5897,0.9178746,2.37701985162
4156.350823992398,idle,4,2.79509,0.928888,2.5963255599200004
4160.903785988921,idle,4,2.87546,0.9286194,2.670207939924
4167.271066980902,idle,4,3.44698,0.9184118,3.165747106364
4173.723123996751,idle,4,2.89332,0.9291566,2.6883473739120003
4178.123772988329,idle,4,3.33982,0.928888,3.10231872016
4182.756215974223,idle,4,3.77739,0.9291566,3.509786849274
4189.254383993102,idle,4,2.69686,0.9186804,2.477552423544
4193.8427169807255,idle,4,2.82188,0.9181431,2.590889651028
4198.236790980445,idle,4,2.83081,0.9186804,2.600609663124
4202.2688500001095,idle,4,2.71472,0.9192177,2.4954186745439997
4206.836126977578,idle,4,2.75044,0.9192177,2.5282531307880003
4211.321571987355,idle,4,2.71472,0.9184118,2.493230881696
4216.00455098087,idle,4,2.75937,0.9192177,2.5364617448490003
4221.353265980724,idle,4,2.91118,0.928888,2.70416016784
4225.839339982485,idle,4,2.75937,0.928888,2.5631456805600004
4234.450323972851,idle,4,2.53612,0.9194863,2.331927595156
4239.8572789970785,idle,4,2.75044,0.9304997,2.5592835948680004
4244.156076980289,idle,4,2.89332,0.9294252,2.689124519664
4248.343633982586,idle,4,2.88439,0.9286194,2.678500511166
4254.83189499937,idle,4,2.73258,0.918949,2.51110165842
4259.148451994406,idle,4,2.80402,0.9197549,2.5790111346980003
4263.346213992918,idle,4,2.73258,0.9184118,2.509633716444
4271.811568993144,idle,4,4.14352,0.9184118,3.805457661536
4278.752325975802,idle,4,4.70611,0.928888,4.37144910568
4283.185678999871,idle,4,1.58061,0.928888,1.4682096616800002
4297.440930997254,idle,4,1.59847,0.9283507,1.483940743429
4307.623178989161,bench:4f8d8d64608b2282,5,3.71488,0.8464216,3.144354673408
4312.376065994613,bench:4f8d8d64608b2282,5,2.7683,0.8485706,2.34909799198
4318.999362993054,bench:4f8d8d64608b2282,5,4.26854,0.8493765,3.6255975653099997
4328.19282298442,bench:4f8d8d64608b2282,5,4.59002,0.9299625,4.26854647425
4334.711898991372,bench:4f8d8d64608b2282,5,4.06315,0.9280821,3.7709367846150004
4339.209675992606,bench:4f8d8d64608b2282,5,3.89348,0.9283507,3.6145148834359997
4344.806481996784,bench:4f8d8d64608b2282,5,3.24159,0.9186804,2.977985197836
4351.084595982684,bench:4f8d8d64608b2282,5,3.52735,0.9197549,3.2442974465150005
4357.725485984702,bench:4f8d8d64608b2282,5,3.77739,0.9184118,3.469199549202
4364.3391160003375,bench:4f8d8d64608b2282,5,4.22389,0.9194863,3.883808987707
4373.317207995569,bench:4f8d8d64608b2282,5,8.054859,0.9299625,7.4907168127875
4377.950891997898,bench:4f8d8d64608b2282,5,3.88455,0.9283507,3.606224711685
4382.813110976713,bench:4f8d8d64608b2282,5,4.0185,0.9291566,3.7338157971000006
4388.832374999765,bench:4f8d8d64608b2282,5,3.67916,0.9192177,3.381948993132
4395.353431988042,bench:4f8d8d64608b2282,5,3.45591,0.9283507,3.2082964676369996
4400.292631995399,bench:4f8d8d64608b2282,5,3.4827,0.9294252,3.2369091440399997
4405.017462995602,bench:4f8d8d64608b2282,5,5.04545,0.928888,4.6866579596
4409.810646000551,bench:4f8d8d64608b2282,5,3.47377,0.928888,3.2267432677600003
4417.531932995189,bench:4f8d8d64608b2282,5,5.11689,0.9173373,4.6939140569969995
4423.70115997619,bench:4f8d8d64608b2282,5,5.63483,0.918949,5.17812139367
4433.031637978274,bench:4f8d8d64608b2282,5,3.17908,0.928888,2.95300926304
4439.520213985816,bench:4f8d8d64608b2282,5,2.77723,0.9186804,2.5513867672919996
4443.904362997273,bench:4f8d8d64608b2282,5,3.86669,0.9197549,3.556407074281
4453.300524997758,bench:4f8d8d64608b2282,5,5.85808,0.9294252,5.444647175616
4459.851711988449,bench:4f8d8d64608b2282,5,5.79557,0.928888,5.38343542616
4469.268781977007,bench:4f8d8d64608b2282,5,5.22405,0.9197549,4.804845585345
4483.484422991751,bench:4f8d8d64608b2282,5,4.92936,0.9291566,4.580147377776
4488.0263849918265,bench:4f8d8d64608b2282,5,5.92952,0.9256646,5.488746758992
4492.929955973523,bench:4f8d8d64608b2282,5,4.38463,0.9299625,4.077541476375
4499.984544992913,bench:4f8d8d64608b2282,5,5.04545,0.9294252,4.68936837534
4506.439639983,bench:4f8d8d64608b2282,5,4.32212,0.9294252,4.017087245423999
4510.974971984979,bench:4f8d8d64608b2282,5,4.93829,0.9296938,4.591097595602
4517.417399998521,bench:4f8d8d64608b2282,5,5.92059,0.9304997,5.509107218823
4523.659662983846,bench:4f8d8d64608b2282,5,5.20619,0.928888,4.835967416720001
4528.228347975528,bench:4f8d8d64608b2282,5,5.19726,0.9294252,4.830464414952
4536.2355029792525,bench:4f8d8d64608b2282,5,5.88487,0.9291566,5.467965800642
4542.473729001358,bench:4f8d8d64608b2282,5,4.8222,0.9280821,4.47539750262
4549.313579977024,bench:4f8d8d64608b2282,5,4.65253,0.9291566,4.322928956198
4555.26765997638,bench:4f8d8d64608b2282,5,5.95631,0.9294252,5.535944613012
4565.472519985633,bench:4f8d8d64608b2282,5,5.79557,0.9280821,5.3787647762969995
4570.121666998602,bench:4f8d8d64608b2282,5,4.60788,0.9307683,4.288868634203999
4575.831007998204,bench:4f8d8d64608b2282,5,5.92059,0.9286194,5.497974733446
4580.664837994846,bench:4f8d8d64608b2282,5,5.76878,0.928888,5.35855051664
4586.788175976835,bench:4f8d8d64608b2282,5,5.79557,0.9304997,5.392776146329
4591.909281996777,bench:4f8d8d64608b2282,5,3.27731,0.9294252,3.046014502212
4600.829244998749,bench:4f8d8d64608b2282,5,4.66146,0.9296938,4.333730460948
4607.07052599173,bench:4f8d8d64608b2282,5,4.69718,0.918949,4.316468863820001
4614.401817001635,bench:4f8d8d64608b2282,5,4.00957,0.9280821,3.7212101456970004
4622.359695989871,bench:4f8d8d64608b2282,5,5.0901,0.9202922,4.684379327219999
4629.546487994958,bench:4f8d8d64608b2282,5,2.75044,0.9286194,2.554111942536
4636.739409994334,bench:4f8d8d64608b2282,5,5.161539,0.9304997,4.802810491038301
4641.813404974528,bench:4f8d8d64608b2282,5,4.71504,0.928888,4.379744075520001
4649.4969699997455,bench:4f8d8d64608b2282,5,5.74199,0.9294252,5.336750204148
4658.142046973808,bench:4f8d8d64608b2282,5,5.42051,0.9202922,4.988453073022
4665.96875997493,bench:4f8d8d64608b2282,5,5.95631,0.9299625,5.539144938375
4674.249412986683,bench:4f8d8d64608b2282,5,5.52767,0.9291566,5.1360710631219995
4684.118904988281,bench:4f8d8d64608b2282,5,5.51874,0.9192177,5.072923489698001
4691.860692983028,bench:4f8d8d64608b2282,5,5.8938,0.9294252,5.477846243759999
4699.856755993096,bench:4f8d8d64608b2282,5,5.66162,0.928888,5.259010878560001
4707.538673974341,bench:4f8d8d64608b2282,5,4.33105,0.9192177,3.9811778195850005
4715.7601049984805,bench:4f8d8d64608b2282,5,4.87578,0.9294252,4.531672801656
4721.328910993179,bench:4f8d8d64608b2282,5,4.13459,0.9291566,3.8416815867940004
4731.611843977589,bench:4f8d8d64608b2282,5,5.75092,0.9294252,5.345049971183999
4737.626645975979,bench:4f8d8d64608b2282,5,5.81343,0.9302311,5.407833383673
4747.604618984042,bench:4f8d8d64608b2282,5,5.65269,0.9291566,5.252234221254
4757.559424993815,bench:4f8d8d64608b2282,5,5.72413,0.9275449,5.309387588437
4763.850205985364,bench:4f8d8d64608b2282,5,5.804499,0.9283507,5.3886107097993
4770.764685992617,bench:4f8d8d64608b2282,5,5.81343,0.9291566,5.401586853138
4777.658462000545,bench:4f8d8d64608b2282,5,4.21496,0.9304997,3.922019015512
4783.635763975326,bench:4f8d8d64608b2282,5,5.8938,0.9299625,5.4810129825
4790.091839997331,bench:4f8d8d64608b2282,5,5.804499,0.928888,5.391729467112
4796.949023992056,bench:4f8d8d64608b2282,5,8.162019,0.928888,7.581601504872001
4806.913699983852,bench:4f8d8d64608b2282,5,5.87594,0.9280821,5.453354734674
4814.1125299734995,bench:4f8d8d64608b2282,5,4.59895,0.9200235,4.231142075325001
4818.729527993128,bench:4f8d8d64608b2282,5,5.69734,0.9184118,5.232504284611999
4827.638916991418,bench:4f8d8d64608b2282,5,7.02791,0.9304997,6.539468146627001
4835.925162973581,bench:4f8d8d64608b2282,5,5.10796,0.9304997,4.752955247612
4840.447217982728,bench:4f8d8d64608b2282,5,8.099509,0.9296938,7.5300633003441995
4848.240467981668,bench:4f8d8d64608b2282,5,5.87594,0.9299625,5.46440385225
4855.884904973209,bench:4f8d8d64608b2282,5,5.88487,0.9296938,5.471127152806
4863.607155974023,bench:4f8d8d64608b2282,5,5.60804,0.9194863,5.1565159498519995
4873.578479979187,bench:4f8d8d64608b2282,5,5.58125,0.928888,5.18435615
4883.717562974198,bench:4f8d8d64608b2282,5,5.5366,0.928888,5.1428813008
4891.467905981699,bench:4f8d8d64608b2282,5,5.91166,0.9304997,5.500797856502
4899.130175996106,bench:4f8d8d64608b2282,5,4.465,0.9192177,4.1043070305
4906.287726975279,idle,5,1.64312,0.9286194,1.525833108528
4912.984819995472,idle,5,1.29485,0.8636134,1.11824981099
4928.414080990478,idle,5,1.27699,0.8633446,1.102482420754
4932.952746981755,idle,5,5.28656,0.8641506,4.568383995935999
4937.420653994195,idle,5,1.28592,0.8636134,1.110537743328
4951.965532993199,idle,5,1.26806,0.8638819,1.095454082114
4959.710375987925,bench:c7220a84bfaa8483,6,2.63435,0.7225879,1.903549434365
4971.644517994719,bench:c7220a84bfaa8483,6,4.74183,0.8633446,4.093833324618
4983.6238069983665,bench:c7220a84bfaa8483,6,5.4473,0.928888,5.059931602400001
4995.647466974333,bench:c7220a84bfaa8483,6,6.1617,0.9304997,5.73346000149
4999.687580973841,bench:c7220a84bfaa8483,6,6.09919,0.9291566,5.667102643154
5011.637352989055,bench:c7220a84bfaa8483,6,6.170629,0.9326486,5.7550284979694
5015.827835974051,bench:c7220a84bfaa8483,6,6.22421,0.9291566,5.783265801286
5019.869228999596,bench:c7220a84bfaa8483,6,5.92952,0.9280821,5.503081373592
5024.197822000133,bench:c7220a84bfaa8483,6,6.152769,0.9291566,5.7168859246254
5028.2318809768185,bench:c7220a84bfaa8483,6,6.20635,0.9280821,5.760002341334999
5032.48641997925,bench:c7220a84bfaa8483,6,6.28672,0.9294252,5.8430359933439995
5039.422954985639,bench:c7220a84bfaa8483,6,6.26886,0.9280821,5.818016753406
5043.674068001565,bench:c7220a84bfaa8483,6,6.11705,0.9302311,5.6902701502549995
5047.685942001408,bench:c7220a84bfaa8483,6,6.04561,0.9299625,5.622190589625
5051.757370994892,bench:c7220a84bfaa8483,6,6.22421,0.928888,5.78159397848
5059.58613997791,bench:c7220a84bfaa8483,6,6.18849,0.9304997,5.758388088453
5071.594818000449,bench:c7220a84bfaa8483,6,5.45623,0.928888,5.06822657224
5076.259205001406,bench:c7220a84bfaa8483,6,5.81343,0.9286194,5.3984638785420005
5080.559983995045,bench:c7220a84bfaa8483,6,3.32196,0.928888,3.0857287804799998
5099.65219598962,bench:c7220a84bfaa8483,6,5.76878,0.9192177,5.302764683406
5107.095170998946,bench:c7220a84bfaa8483,6,6.501039,0.9280821,6.0334979273019
5139.049257995794,bench:c7220a84bfaa8483,6,5.95631,0.9321114,5.551944452934
5143.652811995707,bench:c7220a84bfaa8483,6,6.170629,0.9294252,5.7351380924508
5147.651481995126,bench:c7220a84bfaa8483,6,5.42944,0.9280821,5.038966077024
5155.527323979186,bench:c7220a84bfaa8483,6,6.08133,0.9299625,5.655408850125
5163.239796995185,bench:c7220a84bfaa8483,6,5.92059,0.9194863,5.443901392917
5169.754576985724,bench:c7220a84bfaa8483,6,5.38479,0.9294252,5.0047595227079995
5175.6643789995,bench:c7220a84bfaa8483,6,5.42051,0.9280821,5.030678303871
5181.283091980731,bench:c7220a84bfaa8483,6,5.38479,0.9302311,5.009099124969
5191.54945097398,bench:c7220a84bfaa8483,6,6.08133,0.9326486,5.671743910638001
5199.579402978998,bench:c7220a84bfaa8483,6,6.18849,0.9286194,5.7467518707059995
5211.598469992168,bench:c7220a84bfaa8483,6,4.21496,0.928888,3.9152257644799997
5223.566962988116,bench:c7220a84bfaa8483,6,4.25068,0.9286194,3.947263911192
5227.650410990464,bench:c7220a84bfaa8483,6,6.27779,0.9291566,5.8330500119140005
5239.502608979819,bench:c7220a84bfaa8483,6,5.92059,0.9286194,5.497974733446
5243.668295996031,bench:c7220a84bfaa8483,6,6.18849,0.9286194,5.7467518707059995
5251.597730995854,bench:c7220a84bfaa8483,6,5.34907,0.9299625,4.9744345098750005
5259.528275986668,bench:c7220a84bfaa8483,6,5.42051,0.9291566,5.036502641866
5267.590208997717,bench:c7220a84bfaa8483,6,5.38479,0.9286194,5.0004204589259995
5275.359236984514,bench:c7220a84bfaa8483,6,6.18849,0.9283507,5.745089023443
5283.528428000864,bench:c7220a84bfaa8483,6,6.134909,0.9291566,5.7002911877494
5291.442769987043,bench:c7220a84bfaa8483,6,6.12598,0.9302311,5.698577113978
5299.5320729969535,bench:c7220a84bfaa8483,6,6.0724,0.9291566,5.64221053784
5303.632872994058,bench:c7220a84bfaa8483,6,5.97417,0.9296938,5.5541488091460005
5311.535788001493,bench:c7220a84bfaa8483,6,5.70627,0.9326486,5.321944726722
5319.531258981442,bench:c7220a84bfaa8483,6,6.14384,0.9294252,5.710239720768
5327.279916993575,bench:c7220a84bfaa8483,6,6.10812,0.9291566,5.675400011592
5335.586606990546,bench:c7220a84bfaa8483,6,5.97417,0.9296938,5.5541488091460005
5343.509948987048,bench:c7220a84bfaa8483,6,6.08133,0.928888,5.648874461040001
5351.598029985325,bench:c7220a84bfaa8483,6,5.92059,0.9280821,5.494793600439
5359.374612977263,bench:c7220a84bfaa8483,6,5.38479,0.928888,5.00186681352
5367.254066979513,bench:c7220a84bfaa8483,6,6.04561,0.9299625,5.622190589625
5371.623807994183,bench:c7220a84bfaa8483,6,5.40265,0.9291566,5.01990790499
5375.618422986008,bench:c7220a84bfaa8483,6,6.21528,0.9283507,5.769959538696
5383.304729999509,bench:c7220a84bfaa8483,6,6.1617,0.9304997,5.73346000149
5387.638415995752,bench:c7220a84bfaa8483,6,6.01882,0.9291566,5.592426327212
5391.812084999401,bench:c7220a84bfaa8483,6,5.42944,0.9296938,5.047716705471999
5395.848032989306,bench:c7220a84bfaa8483,6,5.983099,0.9291566,5.5592359243034
5399.86622199649,bench:c7220a84bfaa8483,6,6.134909,0.9286194,5.6969955146346
5404.086334980093,bench:c7220a84bfaa8483,6,6.05454,0.9283507,5.620736447178
5411.565032001818,bench:c7220a84bfaa8483,6,5.67055,0.9291566,5.26882895813
5419.550724996952,bench:c7220a84bfaa8483,6,5.983099,0.9280821,5.552807084427901
5427.297511982033,bench:c7220a84bfaa8483,6,6.12598,0.9280821,5.685412382958
5435.527832974913,bench:c7220a84bfaa8483,6,6.20635,0.928888,5.7650040388
5443.273712997325,bench:c7220a84bfaa8483,6,6.27779,0.9307683,5.843167926057
5451.544829993509,bench:c7220a84bfaa8483,6,5.4473,0.9296938,5.06432103674
5455.61811098014,bench:c7220a84bfaa8483,6,6.1617,0.928888,5.7235291896
5463.614526001038,bench:c7220a84bfaa8483,6,6.152769,0.9294252,5.7185385583788
5471.583107981132,bench:c7220a84bfaa8483,6,6.06347,0.9283507,5.629026618928999
5479.351227986626,bench:c7220a84bfaa8483,6,6.3403,0.9307683,5.90135025249
5487.5739379785955,bench:c7220a84bfaa8483,6,5.983099,0.9304997,5.567271824570301
5495.505908998894,bench:c7220a84bfaa8483,6,5.99203,0.9291566,5.567534221898
5503.5100459936075,bench:c7220a84bfaa8483,6,6.05454,0.9291566,5.625615800964
5507.714288978605,bench:c7220a84bfaa8483,6,6.19742,0.9296938,5.761702949996001
5515.68037099787,bench:c7220a84bfaa8483,6,5.56339,0.9280821,5.163282674319
5523.65597197786,bench:c7220a84bfaa8483,6,5.99203,0.9304997,5.575582117391
5531.637830979889,bench:c7220a84bfaa8483,6,5.43837,0.928888,5.05163663256
5539.570616994752,bench:c7220a84bfaa8483,6,6.17956,0.9299625,5.7467590665
5547.652049979661,bench:c7220a84bfaa8483,6,5.99203,0.9291566,5.567534221898
5555.535502993735,bench:c7220a84bfaa8483,6,5.99203,0.9302311,5.573972658133
5559.530376980547,idle,6,1.64312,0.9283507,1.525391602184
5563.705879991176,idle,6,1.66991,0.9286194,1.550710822254
5577.955723972991,idle,6,1.63419,0.9286194,1.517540537286
5586.707651993493,idle,6,4.16138,0.8190223,3.408263018774
5591.869515978033,idle,6,1.11625,0.8187538,0.9139339292499999
5610.677174990997,idle,6,1.11625,0.8179479,0.9130343433749999
5623.570178984664,bench:05d1bacdc3c147ff,7,3.25052,0.723125,2.350532275
5639.538305986207,bench:05d1bacdc3c147ff,7,6.59034,0.9291566,6.123457907244
5647.5597949756775,bench:05d1bacdc3c147ff,7,6.786799,0.928888,6.304176149512
5655.546783993486,bench:05d1bacdc3c147ff,7,6.81359,0.9299625,6.336383190375
5663.350292976247,bench:05d1bacdc3c147ff,7,6.99219,0.9291566,6.496839486954
5671.643020992633,bench:05d1bacdc3c147ff,7,4.36677,0.9286194,4.0550673373379995
5675.9991879807785,bench:05d1bacdc3c147ff,7,6.61713,0.928888,6.1465726514400005
5683.542847982608,bench:05d1bacdc3c147ff,7,6.751079,0.9294252,6.2746229497908
5687.692164996406,bench:05d1bacdc3c147ff,7,5.48302,0.9291566,5.094584220932
5691.995036992012,bench:05d1bacdc3c147ff,7,6.03668,0.9291566,5.609021064088
5696.361018985044,bench:05d1bacdc3c147ff,7,5.59911,0.9291566,5.202450010625999
5700.702352973167,bench:05d1bacdc3c147ff,7,6.72429,0.9291566,6.247918433814
5705.228704988258,bench:05d1bacdc3c147ff,7,5.161539,0.9291566,4.7958780280074
5710.151589999441,bench:05d1bacdc3c147ff,7,4.62574,0.928888,4.29679437712
5716.591998992953,bench:05d1bacdc3c147ff,7,5.34907,0.9192177,4.916959822539001
5727.485149982385,bench:05d1bacdc3c147ff,7,5.143679,0.9294252,4.780664883310799
5735.386879998259,bench:05d1bacdc3c147ff,7,6.85824,0.928888,6.37053683712
5739.727769978344,bench:05d1bacdc3c147ff,7,6.88503,0.9291566,6.397271065698001
5747.27657798212,bench:05d1bacdc3c147ff,7,6.76001,0.9296938,6.284739384938001
5751.630596991163,bench:05d1bacdc3c147ff,7,6.68857,0.9299625,6.220119278625001
5755.789766000817,bench:05d1bacdc3c147ff,7,6.02775,0.9294252,5.6023427493
5760.006267984863,bench:05d1bacdc3c147ff,7,5.63483,0.9291566,5.235639484378
5764.255788992159,bench:05d1bacdc3c147ff,7,5.42944,0.9294252,5.046258357887999
5768.528956978116,bench:05d1bacdc3c147ff,7,6.50997,0.9294252,6.0505301692439994
5772.730867000064,bench:05d1bacdc3c147ff,7,6.44746,0.9291566,5.990700012236
5776.999404974049,bench:05d1bacdc3c147ff,7,6.786799,0.9294252,6.3078220179348
5783.655830979114,bench:05d1bacdc3c147ff,7,7.01005,0.9280821,6.505901925104999
5788.111479982035,bench:05d1bacdc3c147ff,7,6.67964,0.9286194,6.202843289016
5793.1685489893425,bench:05d1bacdc3c147ff,7,6.73322,0.9286194,6.252598716468
5803.074651979841,bench:05d1bacdc3c147ff,7,6.66178,0.928888,6.188047500640001
5811.395026976243,bench:05d1bacdc3c147ff,7,6.63499,0.9296938,6.168509066062001
5819.359367975267,bench:05d1bacdc3c147ff,7,5.4473,0.9294252,5.06285789196
5823.6558139906265,bench:05d1bacdc3c147ff,7,6.92075,0.9296938,6.43417836635
5831.522933993256,bench:05d1bacdc3c147ff,7,6.92968,0.9294252,6.440619219936
5839.546218980104,bench:05d1bacdc3c147ff,7,5.61697,0.9299625,5.223571463625
5843.851386976894,bench:05d1bacdc3c147ff,7,6.88503,0.9302311,6.404669030433
5847.98416798003,bench:05d1bacdc3c147ff,7,6.53676,0.9291566,6.073673696616
5852.223335998133,bench:05d1bacdc3c147ff,7,6.62606,0.9294252,6.158427140712
5859.535886993399,bench:05d1bacdc3c147ff,7,6.62606,0.928888,6.15486762128
5863.661203999072,bench:05d1bacdc3c147ff,7,6.77787,0.9280821,6.290419823127
5871.606934000738,bench:05d1bacdc3c147ff,7,7.04577,0.9296938,6.550408685226
5875.711418979336,bench:05d1bacdc3c147ff,7,4.04529,0.9294252,3.7597944673079993
5883.554890984669,bench:05d1bacdc3c147ff,7,6.61713,0.9197549,6.086137741437001
5891.375084989704,bench:05d1bacdc3c147ff,7,6.83145,0.9294252,6.34932178254
5895.697937987279,bench:05d1bacdc3c147ff,7,6.911819,0.9294252,6.4240187564388
5899.861625977792,bench:05d1bacdc3c147ff,7,6.89396,0.9291566,6.405568434136
5904.239255993161,bench:05d1bacdc3c147ff,7,6.92075,0.9296938,6.43417836635
5911.506306991214,bench:05d1bacdc3c147ff,7,6.42067,0.9294252,5.967532498884
5919.54083298333,bench:05d1bacdc3c147ff,7,5.5366,0.928888,5.1428813008
5923.938722000457,bench:05d1bacdc3c147ff,7,7.04577,0.9294252,6.5485161914039995
5928.279000974726,bench:05d1bacdc3c147ff,7,5.43837,0.9294252,5.054558124923999
5935.505477973493,bench:05d1bacdc3c147ff,7,6.67071,0.9286194,6.194550717774
5943.538984982297,bench:05d1bacdc3c147ff,7,6.61713,0.9291566,6.148350012558001
5951.539825997315,bench:05d1bacdc3c147ff,7,6.77787,0.9291566,6.297702644442
5959.534740977688,bench:05d1bacdc3c147ff,7,6.4296,0.918949,5.9084744904
5963.933482998982,bench:05d1bacdc3c147ff,7,5.5366,0.9294252,5.1458555623199995
5968.202317977557,bench:05d1bacdc3c147ff,7,6.76001,0.9294252,6.282923646252
5972.470281994902,bench:05d1bacdc3c147ff,7,6.59034,0.9291566,6.123457907244
5979.533074976644,bench:05d1bacdc3c147ff,7,6.65285,0.928888,6.1797525308
5987.536767992424,bench:05d1bacdc3c147ff,7,6.79573,0.928888,6.31247204824
5995.548738981597,bench:05d1bacdc3c147ff,7,6.65285,0.9299625,6.186901018125
6003.532097995048,bench:05d1bacdc3c147ff,7,7.06363,0.9299625,6.568911013875
6007.753266982036,bench:05d1bacdc3c147ff,7,7.090419,0.9280821,6.5804909553999
6015.541405999102,bench:05d1bacdc3c147ff,7,7.02791,0.9294252,6.531916657332
6019.963424972957,bench:05d1bacdc3c147ff,7,6.66178,0.9294252,6.191626208856
6027.548639976885,bench:05d1bacdc3c147ff,7,6.786799,0.9286194,6.3023532153006006
6035.555461974582,bench:05d1bacdc3c147ff,7,6.62606,0.9286194,6.153087861564
6040.049609990092,bench:05d1bacdc3c147ff,7,5.52767,0.9294252,5.137555795283999
6044.443833001424,bench:05d1bacdc3c147ff,7,6.62606,0.9296938,6.160206900428
6048.673835000955,bench:05d1bacdc3c147ff,7,6.81359,0.9299625,6.336383190375
6059.539243986364,bench:05d1bacdc3c147ff,7,7.15293,0.9296938,6.650034672834
6063.836671994068,bench:05d1bacdc3c147ff,7,6.80466,0.9296938,6.3262502131080005
6071.534514980158,bench:05d1bacdc3c147ff,7,5.72413,0.9294252,5.320150670075999
6076.018199993996,bench:05d1bacdc3c147ff,7,6.79573,0.928888,6.31247204824
6080.260424001608,bench:05d1bacdc3c147ff,7,6.77787,0.9299625,6.303164929875
6087.5975669769105,bench:05d1bacdc3c147ff,7,6.81359,0.9291566,6.330892118194
6092.142176989,bench:05d1bacdc3c147ff,7,6.83145,0.9294252,6.34932178254
6099.540837982204,bench:05d1bacdc3c147ff,7,6.03668,0.9294252,5.610642516335999
6103.928042983171,bench:05d1bacdc3c147ff,7,7.072559,0.9294252,6.5734145630868
6108.249913988402,bench:05d1bacdc3c147ff,7,6.59927,0.9291566,6.131755275682
6112.342212989461,bench:05d1bacdc3c147ff,7,6.79573,0.9294252,6.316122714395999
6116.512252978282,bench:05d1bacdc3c147ff,7,5.54553,0.9294252,5.154155329356
6120.74299599044,bench:05d1bacdc3c147ff,7,3.95599,0.9291566,3.675734218034
6124.883386975853,bench:05d1bacdc3c147ff,7,4.13459,0.9294252,3.842792137668
6131.6607569751795,bench:05d1bacdc3c147ff,7,5.85808,0.9294252,5.444647175616
6135.832777974429,bench:05d1bacdc3c147ff,7,6.911819,0.9294252,6.4240187564388
6143.541250989074,bench:05d1bacdc3c147ff,7,6.93861,0.9294252,6.448918986971999
6147.794011980295,bench:05d1bacdc3c147ff,7,6.79573,0.9291566,6.314297381318
6155.258467973908,bench:05d1bacdc3c147ff,7,6.76001,0.9291566,6.281107907566001
6163.678397977492,bench:05d1bacdc3c147ff,7,6.61713,0.9296938,6.151904734794001
6167.892436991679,bench:05d1bacdc3c147ff,7,7.02791,0.9296938,6.533804353958001
6172.014143987326,bench:05d1bacdc3c147ff,7,5.74199,0.9291566,5.335207905634
6176.321403996553,bench:05d1bacdc3c147ff,7,6.65285,0.9296938,6.18511339733
6180.647219996899,bench:05d1bacdc3c147ff,7,6.76001,0.9294252,6.282923646252
6187.653272994794,bench:05d1bacdc3c147ff,7,5.45623,0.9299625,5.0740892913749995
6195.539707987336,bench:05d1bacdc3c147ff,7,6.59034,0.9294252,6.125228072568
6200.081280985614,bench:05d1bacdc3c147ff,7,5.5366,0.9291566,5.14436843156
6204.630798980361,bench:05d1bacdc3c147ff,7,6.03668,0.9294252,5.610642516335999
6211.623962997692,bench:05d1bacdc3c147ff,7,5.5366,0.9294252,5.1458555623199995
6215.890538995154,idle,7,1.68777,0.9286194,1.567295964738
6223.358828981873,idle,7,1.48238,0.8891322,1.3180317906360002
6241.222124983324,idle,7,0.9822999,0.7228564,0.71006176943436
6246.848262991989,idle,7,2.79509,0.7223192,2.018947172728
6254.262404982001,idle,7,4.71504,0.8918184,4.204959428736
6261.847434972879,idle,7,1.63419,0.9286194,1.517540537286
6266.847281978698,idle,7,1.65205,0.9286194,1.53412567977
6283.600531984121,idle,7,1.24127,0.8483019,1.052971699413
6293.207600974711,bench:744fa8b62e80e73a,8,4.04529,0.8493765,3.4359742616849998
6298.151410999708,bench:744fa8b62e80e73a,8,4.00957,0.8483019,3.4013258491830003
6307.6258879737,bench:744fa8b62e80e73a,8,5.52767,0.9291566,5.1360710631219995
6315.860671980772,bench:744fa8b62e80e73a,8,4.62574,0.918949,4.2508191472600005
6321.708696981659,bench:744fa8b62e80e73a,8,5.0008,0.9304997,4.65324289976
6329.769648989895,bench:744fa8b62e80e73a,8,4.59895,0.9291566,4.273144745570001
6336.194428993622,bench:744fa8b62e80e73a,8,4.75076,0.9286194,4.411647900744
6345.855866995407,bench:744fa8b62e80e73a,8,5.52767,0.931037,5.1464652937899995
6351.579596986994,bench:744fa8b62e80e73a,8,5.2687,0.9197549,4.84591264163
6357.177068974124,bench:744fa8b62e80e73a,8,4.47393,0.9291566,4.1569815874380005
6363.0039659910835,bench:744fa8b62e80e73a,8,4.59895,0.9294252,4.27438002354
6371.578079997562,bench:744fa8b62e80e73a,8,5.57232,0.9280821,5.171570447472001
6378.016562986886,bench:744fa8b62e80e73a,8,4.57216,0.9294252,4.249480722432
6383.941124979174,bench:744fa8b62e80e73a,8,4.00064,0.9286194,3.7150719164159995
6394.198465975933,bench:744fa8b62e80e73a,8,5.07224,0.9294252,4.714267676447999
6400.641726999311,bench:744fa8b62e80e73a,8,4.93829,0.9294252,4.5897711709080005
6407.90264797397,bench:744fa8b62e80e73a,8,5.58125,0.9291566,5.18585527375
6416.012506990228,bench:744fa8b62e80e73a,8,5.60804,0.9283507,5.206227859628
6426.7516209802125,bench:744fa8b62e80e73a,8,5.304419,0.9208294,4.8844649651186005
6433.706544979941,bench:744fa8b62e80e73a,8,5.20619,0.928888,4.835967416720001
6438.657114980742,bench:744fa8b62e80e73a,8,5.54553,0.9326486,5.172030790758001
6446.206181979505,bench:744fa8b62e80e73a,8,4.42928,0.9369466,4.149998836448
6455.839323985856,bench:744fa8b62e80e73a,8,5.55446,0.928888,5.15947124048
6462.446083984105,bench:744fa8b62e80e73a,8,4.45607,0.9197549,4.098492217243001
6470.192537992261,bench:744fa8b62e80e73a,8,4.43821,0.9278135,4.117831153835
6479.753625986632,bench:744fa8b62e80e73a,8,5.6259,0.9286194,5.22431988246
6488.47796098562,bench:744fa8b62e80e73a,8,4.96508,0.9194863,4.565323038404
6497.600865986897,bench:744fa8b62e80e73a,8,4.75076,0.9291566,4.414200009016
6504.053219978232,bench:744fa8b62e80e73a,8,4.43821,0.9291566,4.123792113686
6514.58666997496,bench:744fa8b62e80e73a,8,5.58125,0.9294252,5.187354397499999
6522.467381990282,bench:744fa8b62e80e73a,8,5.15261,0.9194863,4.737754304243
6529.098030994646,bench:744fa8b62e80e73a,8,4.50965,0.9304997,4.1962279721049995
6533.688584982883,bench:744fa8b62e80e73a,8,4.53644,0.9304997,4.221156059068
6540.176882990636,bench:744fa8b62e80e73a,8,4.75076,0.9286194,4.411647900744
6547.479599976214,bench:744fa8b62e80e73a,8,5.57232,0.9283507,5.173067172624
6555.264424998313,bench:744fa8b62e80e73a,8,4.25068,0.9170686,3.898165156648
6563.201339973602,bench:744fa8b62e80e73a,8,5.05438,0.9294252,4.697668142376
6568.036614975426,bench:744fa8b62e80e73a,8,4.56323,0.9280821,4.235052081183
6573.518680990674,bench:744fa8b62e80e73a,8,4.70611,0.9283507,4.368920512777
6579.333724977914,bench:744fa8b62e80e73a,8,4.88471,0.9186804,4.487487336684
6585.1431579794735,bench:744fa8b62e80e73a,8,4.71504,0.918949,4.33288129296
6589.907285000663,bench:744fa8b62e80e73a,8,4.78648,0.9197549,4.402388433752
6597.632146993419,bench:744fa8b62e80e73a,8,5.50088,0.9291566,5.111178957808001
6603.642781992676,bench:744fa8b62e80e73a,8,5.37586,0.9286194,4.992127887684
6616.298676992301,bench:744fa8b62e80e73a,8,4.42928,0.9280821,4.110735483888001
6625.543803995242,bench:744fa8b62e80e73a,8,5.0901,0.9291566,4.72950000966
6634.736042993609,bench:744fa8b62e80e73a,8,4.43821,0.9307683,4.130945176742999
6639.890869992087,bench:744fa8b62e80e73a,8,5.50088,0.928888,5.1097014214400005
6644.440239993855,bench:744fa8b62e80e73a,8,5.6259,0.9304997,5.23489826223
6649.71543700085,bench:744fa8b62e80e73a,8,4.42035,0.9294252,4.10838468282
6657.804276997922,bench:744fa8b62e80e73a,8,4.40249,0.9304997,4.0965156242530005
6663.700042990968,bench:744fa8b62e80e73a,8,5.40265,0.9304997,5.027164204205
6670.611670997459,bench:744fa8b62e80e73a,8,4.67932,0.9294252,4.349077926863999
6675.763312989147,bench:744fa8b62e80e73a,8,5.08117,0.9286194,4.718473036698
6682.88503200165,bench:744fa8b62e80e73a,8,4.43821,0.9296938,4.126176320098
6687.641917989822,bench:744fa8b62e80e73a,8,5.34907,0.9286194,4.967250173958
6694.851635984378,bench:744fa8b62e80e73a,8,4.16138,0.9286194,3.8643381987720002
6699.858205975033,bench:744fa8b62e80e73a,8,4.63467,0.9299625,4.310069299875
6704.760349995922,bench:744fa8b62e80e73a,8,4.48286,0.9291566,4.1652789558759995
6710.3964329871815,bench:744fa8b62e80e73a,8,4.99187,0.9304997,4.644933537439
6719.242451974424,bench:744fa8b62e80e73a,8,4.1971,0.9294252,3.9008905069199997
6724.185355997179,bench:744fa8b62e80e73a,8,2.64328,0.928888,2.45531107264
6730.555561982328,bench:744fa8b62e80e73a,8,2.81295,0.9294252,2.61442661634
6736.996600986458,bench:744fa8b62e80e73a,8,2.72365,0.928888,2.5299658012000004
6741.709061985603,bench:744fa8b62e80e73a,8,4.17031,0.9294252,3.8759912058119994
6751.615146000404,bench:744fa8b62e80e73a,8,4.25068,0.9291566,3.949547376488
6759.999705973314,bench:744fa8b62e80e73a,8,3.82204,0.9296938,3.553326891352
6764.710407995153,bench:744fa8b62e80e73a,8,5.43837,0.9294252,5.054558124923999
6769.782031973591,bench:744fa8b62e80e73a,8,5.06331,0.928888,4.703247899280001
6777.131267997902,bench:744fa8b62e80e73a,8,4.45607,0.9280821,4.135598803347
6782.909442001255,bench:744fa8b62e80e73a,8,4.93829,0.9291566,4.588444746214
6787.755864992505,bench:744fa8b62e80e73a,8,4.20603,0.9286194,3.905801054982
6793.6538709909655,bench:744fa8b62e80e73a,8,4.2864,0.928888,3.9815855232000006
6799.847727001179,bench:744fa8b62e80e73a,8,4.36677,0.9326486,4.072661927022
6805.9073989861645,bench:744fa8b62e80e73a,8,5.52767,0.9294252,5.137555795283999
6810.596989991609,bench:744fa8b62e80e73a,8,4.0185,0.9294252,3.7348951662000003
6823.821749974741,bench:744fa8b62e80e73a,8,5.25977,0.918949,4.83346038173
6829.183131980244,bench:744fa8b62e80e73a,8,4.12566,0.9304997,3.838925392302
6837.56141399499,bench:744fa8b62e80e73a,8,5.24191,0.9197549,4.821272407859
6844.7839279833715,bench:744fa8b62e80e73a,8,2.80402,0.928888,2.60462052976
6851.786536979489,bench:744fa8b62e80e73a,8,4.51858,0.9280821,4.193613215418
6861.91765597323,bench:744fa8b62e80e73a,8,5.06331,0.9194863,4.655644177653
6867.968475999078,bench:744fa8b62e80e73a,8,4.49179,0.9294252,4.174782819108
6872.839991992805,bench:744fa8b62e80e73a,8,2.87546,0.9294252,2.6725249855919997
6879.747841972858,bench:744fa8b62e80e73a,8,4.52751,0.9280821,4.201900988571
6886.314657982439,idle,8,5.491949,0.9304997,5.1102568969153
6893.5327459766995,idle,8,1.57168,0.9186804,1.4438716110719998
6911.616372992285,idle,8,1.13411,0.8187538,0.928556872118
6916.406240983633,idle,8,1.76814,0.8198282,1.449571033548
6921.112256997731,idle,8,1.97353,0.8184852,1.615305096756
6939.47728999774,idle,8,1.24127,0.8488392,1.053638633784
6951.558189990465,bench:f6bf2d84746ba6db,9,3.75953,0.8491078,3.192246247334
6955.70150698768,bench:f6bf2d84746ba6db,9,5.36693,0.918949,4.93193495657
6967.535890988074,bench:f6bf2d84746ba6db,9,5.51874,0.9291566,5.1277736946840005
6975.278640980832,bench:f6bf2d84746ba6db,9,5.83129,0.9286194,5.415049021026
6983.20729698753,bench:f6bf2d84746ba6db,9,4.21496,0.9326486,3.9310765430559997
6987.226411991287,bench:f6bf2d84746ba6db,9,4.1078,0.9294252,3.81789283656
6991.259396978421,bench:f6bf2d84746ba6db,9,4.23282,0.9283507,3.929541409974
6995.242993987631,bench:f6bf2d84746ba6db,9,4.09887,0.9291566,3.808492113042
6999.277719995007,bench:f6bf2d84746ba6db,9,4.05422,0.9283507,3.7637379749539996
7003.251871996326,bench:f6bf2d84746ba6db,9,4.57216,0.9280821,4.243339854336
7007.217023987323,bench:f6bf2d84746ba6db,9,4.42035,0.9283507,4.103635016745
7011.188564996701,bench:f6bf2d84746ba6db,9,4.09887,0.9291566,3.808492113042
7015.206901996862,bench:f6bf2d84746ba6db,9,4.09887,0.9286194,3.8062902000779997
7019.182368996553,bench:f6bf2d84746ba6db,9,4.15245,0.9286194,3.85604562753
7023.120428988477,bench:f6bf2d84746ba6db,9,4.15245,0.9294252,3.8593916717399996
7027.0682299742475,bench:f6bf2d84746ba6db,9,4.53644,0.9286194,4.212626190936
7030.9984009945765,bench:f6bf2d84746ba6db,9,4.15245,0.9286194,3.85604562753
7034.944793995237,bench:f6bf2d84746ba6db,9,4.1078,0.9299625,3.8200999575
7038.825761992484,bench:f6bf2d84746ba6db,9,4.11673,0.9286194,3.8228753425619995
7042.781913973158,bench:f6bf2d84746ba6db,9,4.08994,0.9286194,3.7979976288360002
7051.548470975831,bench:f6bf2d84746ba6db,9,5.50088,0.9286194,5.108223885072
7055.826156982221,bench:f6bf2d84746ba6db,9,5.83129,0.928888,5.416615305520001
7060.045252001146,bench:f6bf2d84746ba6db,9,5.93845,0.9369466,5.56401053677
7067.5685969763435,bench:f6bf2d84746ba6db,9,5.67948,0.9304997,5.284754436156
7075.530104979407,bench:f6bf2d84746ba6db,9,5.92059,0.9291566,5.501155274394
7083.510167984059,bench:f6bf2d84746ba6db,9,5.491949,0.9286194,5.0999303852106
7091.602230997523,bench:f6bf2d84746ba6db,9,5.93845,0.928888,5.5161549436
7095.92958400026,bench:f6bf2d84746ba6db,9,5.65269,0.9291566,5.252234221254
7099.959309998667,bench:f6bf2d84746ba6db,9,5.97417,0.928888,5.549334822960001
7103.943535999861,bench:f6bf2d84746ba6db,9,5.79557,0.928888,5.38343542616
7111.545398976887,bench:f6bf2d84746ba6db,9,5.93845,0.9294252,5.519345078939999
7119.274556986056,bench:f6bf2d84746ba6db,9,5.86701,0.9286194,5.448219305994
7123.621334991185,bench:f6bf2d84746ba6db,9,5.491949,0.9326486,5.1220585461214005
7127.918262995081,bench:f6bf2d84746ba6db,9,5.38479,0.928888,5.00186681352
7131.969302979996,bench:f6bf2d84746ba6db,9,5.50088,0.928888,5.1097014214400005
7135.933917976217,bench:f6bf2d84746ba6db,9,5.56339,0.928888,5.16776621032
7139.8529229918495,bench:f6bf2d84746ba6db,9,5.509809,0.9294252,5.120955331786799
7151.557954988675,bench:f6bf2d84746ba6db,9,5.45623,0.9304997,5.077020378131
7155.881085986039,bench:f6bf2d84746ba6db,9,5.43837,0.928888,5.05163663256
7159.846422990086,bench:f6bf2d84746ba6db,9,5.42944,0.928888,5.04334166272
7163.823390001198,bench:f6bf2d84746ba6db,9,5.42051,0.9296938,5.039414539838
7171.2646989908535,bench:f6bf2d84746ba6db,9,5.90273,0.928888,5.482975064240001
7175.595403998159,bench:f6bf2d84746ba6db,9,5.54553,0.928888,5.151176270640001
7179.8569789971225,bench:f6bf2d84746ba6db,9,5.51874,0.9286194,5.124809027556
7183.806223998545,bench:f6bf2d84746ba6db,9,5.86701,0.9299625,5.456099287124999
7191.5247709839605,bench:f6bf2d84746ba6db,9,5.93845,0.9294252,5.519345078939999
7199.283280991949,bench:f6bf2d84746ba6db,9,5.5366,0.9280821,5.13841935486
7203.6191709921695,bench:f6bf2d84746ba6db,9,5.5366,0.928888,5.1428813008
7211.5546979766805,bench:f6bf2d84746ba6db,9,5.90273,0.9280821,5.478218054133
7219.2686519993,bench:f6bf2d84746ba6db,9,5.5366,0.9286194,5.14139417004
7223.6002089921385,bench:f6bf2d84746ba6db,9,5.87594,0.9291566,5.459668432204
7231.545142974937,bench:f6bf2d84746ba6db,9,5.65269,0.9294252,5.253752533787999
7243.564987991704,bench:f6bf2d84746ba6db,9,5.57232,0.9286194,5.174564455008
7250.149432977196,bench:f6bf2d84746ba6db,9,5.65269,0.9286194,5.249197596186
7259.055025991984,bench:f6bf2d84746ba6db,9,5.34907,0.9192177,4.916959822539001
7265.465101983864,bench:f6bf2d84746ba6db,9,5.43837,0.9286194,5.050175886378
7271.613402990624,bench:f6bf2d84746ba6db,9,5.50088,0.9294252,5.112656494176
7275.601313973311,bench:f6bf2d84746ba6db,9,5.67948,0.9304997,5.284754436156
7283.575099980226,bench:f6bf2d84746ba6db,9,5.92952,0.9296938,5.512637980976
7295.56755599333,bench:f6bf2d84746ba6db,9,5.50088,0.9294252,5.112656494176
7299.649484979454,bench:f6bf2d84746ba6db,9,5.81343,0.9294252,5.403148340436
7303.659580997191,bench:f6bf2d84746ba6db,9,5.51874,0.9326486,5.147045134764
7307.623714994406,bench:f6bf2d84746ba6db,9,5.94738,0.9294252,5.527644845976
7315.513537992956,bench:f6bf2d84746ba6db,9,5.85808,0.9280821,5.436779188368
7319.782187987585,bench:f6bf2d84746ba6db,9,4.13459,0.9286194,3.839460485046
7323.784135980532,bench:f6bf2d84746ba6db,9,3.0362,0.928888,2.8202897456000002
7327.77254798566,bench:f6bf2d84746ba6db,9,4.09887,0.9291566,3.808492113042
7331.734236999182,bench:f6bf2d84746ba6db,9,4.00064,0.9291566,3.717221060224
7335.737925983267,bench:f6bf2d84746ba6db,9,4.1078,0.9286194,3.81458277132
7339.668152999366,bench:f6bf2d84746ba6db,9,4.13459,0.9326486,3.8561195750740005
7343.636378995143,bench:f6bf2d84746ba6db,9,4.1078,0.9294252,3.81789283656
7347.58908697404,bench:f6bf2d84746ba6db,9,2.96476,0.9291566,2.7547263214160003
7351.537534996169,bench:f6bf2d84746ba6db,9,3.00048,0.9294252,2.788721724096
7355.585297977086,bench:f6bf2d84746ba6db,9,4.1078,0.9283507,3.81347900546
7359.509468980832,bench:f6bf2d84746ba6db,9,4.06315,0.9299625,3.7785771318750005
7363.43532599858,bench:f6bf2d84746ba6db,9,3.56307,0.9291566,3.310650006762
7367.341534001753,bench:f6bf2d84746ba6db,9,4.05422,0.9286194,3.7648273438679998
7375.668742984999,bench:f6bf2d84746ba6db,9,4.13459,0.9291566,3.8416815867940004
7379.74987499183,bench:f6bf2d84746ba6db,9,5.5366,0.9286194,5.14139417004
7383.7693789973855,bench:f6bf2d84746ba6db,9,5.81343,0.9291566,5.401586853138
7388.078638992738,bench:f6bf2d84746ba6db,9,5.804499,0.9369466,5.438505602753399
7392.042957973899,bench:f6bf2d84746ba6db,9,5.5366,0.9291566,5.14436843156
7399.500988976797,bench:f6bf2d84746ba6db,9,5.90273,0.9291566,5.484560537518
7407.503700000234,bench:f6bf2d84746ba6db,9,5.81343,0.9369466,5.446873472838
7415.525541000534,bench:f6bf2d84746ba6db,9,5.87594,0.9347976,5.492814609744
7423.519585980102,bench:f6bf2d84746ba6db,9,5.93845,0.928888,5.5161549436
7430.28599297395,bench:f6bf2d84746ba6db,9,5.97417,0.9286194,5.547730160898
7435.6350589951035,bench:f6bf2d84746ba6db,9,5.52767,0.928888,5.1345863309599995
7443.551030999515,bench:f6bf2d84746ba6db,9,5.509809,0.9291566,5.1194753970894
7451.545112999156,bench:f6bf2d84746ba6db,9,5.66162,0.928888,5.259010878560001
7459.566378995078,bench:f6bf2d84746ba6db,9,5.50088,0.9291566,5.111178957808001
7467.523720988538,bench:f6bf2d84746ba6db,9,5.67948,0.928888,5.27560081824
7475.526801979868,bench:f6bf2d84746ba6db,9,5.93845,0.9280821,5.5113691467449994
7483.295774989529,bench:f6bf2d84746ba6db,9,5.93845,0.9291566,5.5177500112699995
7491.569557983894,bench:f6bf2d84746ba6db,9,5.509809,0.9294252,5.120955331786799
7495.570876984857,bench:f6bf2d84746ba6db,9,5.95631,0.9280821,5.527944693051
7503.322459990159,bench:f6bf2d84746ba6db,9,5.88487,0.9294252,5.469546476724
7507.569850975415,bench:f6bf2d84746ba6db,9,5.88487,0.9294252,5.469546476724
7515.298304992029,bench:f6bf2d84746ba6db,9,5.83129,0.9304997,5.426013595613
7519.347789988387,bench:f6bf2d84746ba6db,9,4.13459,0.9291566,3.8416815867940004
7523.438552976586,bench:f6bf2d84746ba6db,9,4.0185,0.9286194,3.7316570589
7527.429667999968,bench:f6bf2d84746ba6db,9,2.57184,0.928888,2.38895131392
7531.393152981764,bench:f6bf2d84746ba6db,9,3.572,0.9299625,3.3218260500000003
7535.348693985725,bench:f6bf2d84746ba6db,9,4.17031,0.9286194,3.8726307700139997
7539.330531988526,bench:f6bf2d84746ba6db,9,4.11673,0.9283507,3.8217691772109994
7543.303757993272,idle,9,1.70563,0.9304997,1.587088203311
7549.847406975459,idle,9,1.46452,0.888595,1.3013651494
7565.1329289830755,idle,9,1.68777,0.888595,1.4997439831500001
7569.536243972834,idle,9,1.41987,0.8883263,1.261307863581
7577.47130797361,idle,9,1.18769,0.8332592,0.9896536192479999
7592.140370979905,idle,9,1.19662,0.8332592,0.9970946239039999
7600.608207983896,bench:e3420e283c5066ac,10,1.88423,0.8182165,1.5417080757950001
7605.068245000439,bench:e3420e283c5066ac,10,1.84851,0.8184852,1.512978077052
7616.264244978083,bench:e3420e283c5066ac,10,2.88439,0.928888,2.67927525832
7620.289710990619,bench:e3420e283c5066ac,10,2.92011,0.9283507,2.710886162577
7624.360880989116,bench:e3420e283c5066ac,10,2.89332,0.9286194,2.686793082408
7628.364273987245,bench:e3420e283c5066ac,10,2.91118,0.928888,2.70416016784
7632.362277974607,bench:e3420e283c5066ac,10,2.89332,0.9283507,2.686015647324
7637.928471987834,bench:e3420e283c5066ac,10,2.79509,0.9192177,2.569296201093
7642.230639990885,bench:e3420e283c5066ac,10,2.78616,0.918949,2.5603389458400003
7646.279402979417,bench:e3420e283c5066ac,10,2.75044,0.9186804,2.526775319376
7650.350368989166,bench:e3420e283c5066ac,10,2.72365,0.9184118,2.50143229907
7655.883933999576,bench:e3420e283c5066ac,10,2.90225,0.928888,2.6958651980000004
7660.108880983898,bench:e3420e283c5066ac,10,2.88439,0.928888,2.67927525832
7664.121106994571,bench:e3420e283c5066ac,10,2.86653,0.9286194,2.661915368682
7668.166813993594,bench:e3420e283c5066ac,10,2.86653,0.9283507,2.661145132071
7672.1513549855445,bench:e3420e283c5066ac,10,2.91118,0.9286194,2.703378224892
7676.138358976459,bench:e3420e283c5066ac,10,2.88439,0.9291566,2.680050005474
7680.121269979281,bench:e3420e283c5066ac,10,2.90225,0.9291566,2.69664474235
7684.160625998629,bench:e3420e283c5066ac,10,2.91118,0.9286194,2.703378224892
7688.220850977814,bench:e3420e283c5066ac,10,2.91118,0.9283507,2.702595990826
7692.229946987936,bench:e3420e283c5066ac,10,2.92904,0.9291566,2.7215368476640003
7696.240783989197,bench:e3420e283c5066ac,10,2.90225,0.928888,2.6958651980000004
7700.232565985061,bench:e3420e283c5066ac,10,2.88439,0.9286194,2.678500511166
7704.263976978837,bench:e3420e283c5066ac,10,2.88439,0.928888,2.67927525832
7708.389627980068,bench:e3420e283c5066ac,10,2.67007,0.9304997,2.484499333979
7715.843824989861,bench:e3420e283c5066ac,10,2.90225,0.928888,2.6958651980000004
7719.882513978519,bench:e3420e283c5066ac,10,2.7683,0.9286194,2.57069708502
7723.916776973056,bench:e3420e283c5066ac,10,2.83974,0.9283507,2.636274616818
7730.068280972773,bench:e3420e283c5066ac,10,2.90225,0.928888,2.6958651980000004
7734.133839985589,bench:e3420e283c5066ac,10,2.71472,0.9286194,2.5209416575679997
7739.370111987228,bench:e3420e283c5066ac,10,2.78616,0.9283507,2.586533586312
7743.681908992585,bench:e3420e283c5066ac,10,2.79509,0.9294252,2.597827082268
7747.7349679975305,bench:e3420e283c5066ac,10,2.75937,0.928888,2.5631456805600004
7751.699286978692,bench:e3420e283c5066ac,10,2.79509,0.9286194,2.595574798746
7755.751660995884,bench:e3420e283c5066ac,10,2.7683,0.9294252,2.5729277811599998
7759.7432939801365,bench:e3420e283c5066ac,10,2.80402,0.9283507,2.603113929814
7763.748908997513,bench:e3420e283c5066ac,10,2.77723,0.9280821,2.577497450583
7767.734301974997,bench:e3420e283c5066ac,10,2.7683,0.928888,2.5714406504
7771.768860984594,bench:e3420e283c5066ac,10,2.80402,0.9291566,2.605373689532
7775.784161000047,bench:e3420e283c5066ac,10,2.81295,0.928888,2.6129154996
7782.4343649845105,bench:e3420e283c5066ac,10,2.91118,0.928888,2.70416016784
7786.468757985858,bench:e3420e283c5066ac,10,2.91118,0.928888,2.70416016784
7790.486094978405,bench:e3420e283c5066ac,10,2.91118,0.9291566,2.704942110788
7794.486597995274,bench:e3420e283c5066ac,10,2.92904,0.9291566,2.7215368476640003
7798.53617597837,bench:e3420e283c5066ac,10,2.90225,0.9286194,2.69508565365
7802.501809987007,bench:e3420e283c5066ac,10,2.88439,0.9291566,2.680050005474
7806.532571994467,bench:e3420e283c5066ac,10,2.91118,0.9283507,2.702595990826
7810.473279998405,bench:e3420e283c5066ac,10,2.90225,0.9283507,2.6943058190749998
7814.497302984819,bench:e3420e283c5066ac,10,2.90225,0.9291566,2.69664474235
7818.495657993481,bench:e3420e283c5066ac,10,2.90225,0.9286194,2.69508565365
7822.489365993533,bench:e3420e283c5066ac,10,2.93797,0.928888,2.72904507736
7826.474073983263,bench:e3420e283c5066ac,10,2.89332,0.9291566,2.6883473739120003
7830.506095982855,bench:e3420e283c5066ac,10,2.87546,0.9286194,2.670207939924
7834.502580983099,bench:e3420e283c5066ac,10,2.90225,0.9280821,2.693526274725
7841.2641729810275,bench:e3420e283c5066ac,10,2.78616,0.918949,2.5603389458400003
7845.439361000899,bench:e3420e283c5066ac,10,2.77723,0.9194863,2.553624936949
7851.917991996743,bench:e3420e283c5066ac,10,2.58077,0.903369,2.3313876141299996
7856.0709199809935,bench:e3420e283c5066ac,10,2.59863,0.9028318,2.3461258004339998
7860.1548679871485,bench:e3420e283c5066ac,10,2.59863,0.9036377,2.348220036351
7865.800579980714,bench:e3420e283c5066ac,10,2.80402,0.918949,2.57675137498
7870.125303976238,bench:e3420e283c5066ac,10,2.7683,0.9184118,2.54243938594
7876.56619498739,bench:e3420e283c5066ac,10,2.89332,0.928888,2.6875702281600002
7880.663567979354,bench:e3420e283c5066ac,10,2.93797,0.928888,2.72904507736
7884.638349991292,bench:e3420e283c5066ac,10,2.90225,0.9286194,2.69508565365
7888.644093996845,bench:e3420e283c5066ac,10,2.88439,0.9291566,2.680050005474
7895.093781989999,bench:e3420e283c5066ac,10,2.75937,0.9192177,2.5364617448490003
7899.192524986574,bench:e3420e283c5066ac,10,2.75044,0.9184118,2.526036551192
7905.609712994192,bench:e3420e283c5066ac,10,2.92011,0.9286194,2.7116707961340003
7909.704511985183,bench:e3420e283c5066ac,10,2.89332,0.9286194,2.686793082408
7913.709348998964,bench:e3420e283c5066ac,10,2.91118,0.9286194,2.703378224892
7917.742352990899,bench:e3420e283c5066ac,10,2.93797,0.9286194,2.728255938618
7921.800263982732,bench:e3420e283c5066ac,10,2.87546,0.9283507,2.669435303822
7925.7905449776445,bench:e3420e283c5066ac,10,2.88439,0.9294252,2.680824752628
7929.793326999061,bench:e3420e283c5066ac,10,2.88439,0.928888,2.67927525832
7933.752811979502,bench:e3420e283c5066ac,10,2.90225,0.928888,2.6958651980000004
7937.763167981757,bench:e3420e283c5066ac,10,2.91118,0.9294252,2.7057240537359997
7941.854485980002,bench:e3420e283c5066ac,10,2.89332,0.9283507,2.686015647324
7945.864952984266,bench:e3420e283c5066ac,10,2.86653,0.928888,2.6626853186400004
7949.832548998529,bench:e3420e283c5066ac,10,2.87546,0.9294252,2.6725249855919997
7953.813589992933,bench:e3420e283c5066ac,10,2.91118,0.9286194,2.703378224892
7957.794945978094,bench:e3420e283c5066ac,10,2.92904,0.9291566,2.7215368476640003
7963.375640974846,bench:e3420e283c5066ac,10,2.75044,0.9186804,2.526775319376
7967.7264929923695,bench:e3420e283c5066ac,10,2.7683,0.9184118,2.54243938594
7974.048459000187,bench:e3420e283c5066ac,10,2.89332,0.928888,2.6875702281600002
7978.060055989772,bench:e3420e283c5066ac,10,2.88439,0.9294252,2.680824752628
7982.1079849789385,bench:e3420e283c5066ac,10,2.89332,0.9286194,2.686793082408
7986.143173999153,bench:e3420e283c5066ac,10,2.90225,0.9294252,2.6974242867
7990.152269980172,bench:e3420e283c5066ac,10,2.92011,0.928888,2.71245513768
7995.778408978367,bench:e3420e283c5066ac,10,2.75044,0.9186804,2.526775319376
8000.099242985016,bench:e3420e283c5066ac,10,2.7683,0.9194863,2.54541392429
8005.702381982701,bench:e3420e283c5066ac,10,2.89332,0.9291566,2.6883473739120003
8009.934938978404,bench:e3420e283c5066ac,10,2.89332,0.928888,2.6875702281600002
8013.979479990667,bench:e3420e283c5066ac,10,2.88439,0.9283507,2.677725475573
8018.052204977721,bench:e3420e283c5066ac,10,2.89332,0.9286194,2.686793082408
8022.042023978429,bench:e3420e283c5066ac,10,2.91118,0.9286194,2.703378224892
8026.107100973604,bench:e3420e283c5066ac,10,2.88439,0.9286194,2.678500511166
8030.071864981437,bench:e3420e283c5066ac,10,2.92011,0.9286194,2.7116707961340003
8034.101182973245,bench:e3420e283c5066ac,10,2.89332,0.9283507,2.686015647324
8038.145000988152,bench:e3420e283c5066ac,10,2.91118,0.9286194,2.703378224892
8042.140356992604,bench:e3420e283c5066ac,10,2.87546,0.928888,2.67098028848
8046.15478697815,bench:e3420e283c5066ac,10,2.87546,0.9286194,2.670207939924
8050.126993999584,bench:e3420e283c5066ac,10,2.90225,0.9283507,2.6943058190749998
8054.158108978299,bench:e3420e283c5066ac,10,2.89332,0.9294252,2.689124519664
8058.197667996865,bench:e3420e283c5066ac,10,2.90225,0.9280821,2.693526274725
8062.2346899763215,bench:e3420e283c5066ac,10,2.91118,0.9291566,2.704942110788
8066.25358297606,bench:e3420e283c5066ac,10,2.87546,0.9291566,2.671752637036
8070.245974988211,bench:e3420e283c5066ac,10,2.87546,0.9286194,2.670207939924
8074.235293985112,bench:e3420e283c5066ac,10,2.88439,0.9286194,2.678500511166
8078.2949829881545,bench:e3420e283c5066ac,10,2.90225,0.9286194,2.69508565365
8082.311596983345,bench:e3420e283c5066ac,10,2.90225,0.928888,2.6958651980000004
8086.28804597538,bench:e3420e283c5066ac,10,2.86653,0.9291566,2.663455268598
8090.318141999887,bench:e3420e283c5066ac,10,2.86653,0.9294252,2.664225218556
8094.316015980439,bench:e3420e283c5066ac,10,2.92011,0.928888,2.71245513768
8098.338112991769,bench:e3420e283c5066ac,10,2.88439,0.9294252,2.680824752628
8102.387448976515,bench:e3420e283c5066ac,10,2.91118,0.9291566,2.704942110788
8106.431508000242,bench:e3420e283c5066ac,10,2.88439,0.9294252,2.680824752628
8110.45604897663,bench:e3420e283c5066ac,10,2.87546,0.9286194,2.670207939924
8114.448126987554,bench:e3420e283c5066ac,10,2.89332,0.9294252,2.689124519664
8118.491000990616,bench:e3420e283c5066ac,10,2.89332,0.9291566,2.6883473739120003
8122.483763989294,bench:e3420e283c5066ac,10,2.83974,0.928888,2.63780040912
8126.527433982119,bench:e3420e283c5066ac,10,2.86653,0.9286194,2.661915368682
8130.513215990504,bench:e3420e283c5066ac,10,2.92011,0.9286194,2.7116707961340003
8134.567996981787,bench:e3420e283c5066ac,10,2.92011,0.928888,2.71245513768
8138.566926994827,bench:e3420e283c5066ac,10,2.90225,0.928888,2.6958651980000004
8142.609411996091,bench:e3420e283c5066ac,10,2.92011,0.9291566,2.7132394792260004
8146.6270629898645,bench:e3420e283c5066ac,10,2.8576,0.9286194,2.65362279744
8150.593215978006,bench:e3420e283c5066ac,10,2.89332,0.928888,2.6875702281600002
8154.6603119932115,bench:e3420e283c5066ac,10,4.04529,0.928888,3.75762133752
8158.71594499913,bench:e3420e283c5066ac,10,2.87546,0.928888,2.67098028848
8162.788650981383,bench:e3420e283c5066ac,10,2.90225,0.9286194,2.69508565365
8166.790099989157,bench:e3420e283c5066ac,10,2.90225,0.9294252,2.6974242867
8170.829843991669,bench:e3420e283c5066ac,10,2.92011,0.928888,2.71245513768
8174.846939975396,bench:e3420e283c5066ac,10,2.8576,0.928888,2.6543903488000002
8178.836702980334,bench:e3420e283c5066ac,10,2.87546,0.9291566,2.671752637036
8182.863780995831,bench:e3420e283c5066ac,10,2.89332,0.928888,2.6875702281600002
8186.935691977851,bench:e3420e283c5066ac,10,2.90225,0.9283507,2.6943058190749998
8191.01284298813,bench:e3420e283c5066ac,10,3.4827,0.9283507,3.23316698289
8195.135567977559,bench:e3420e283c5066ac,10,2.91118,0.9294252,2.7057240537359997
8199.14305297425,idle,10,2.68793,0.9294252,2.498229877836
8203.376480989391,idle,10,1.63419,0.9286194,1.517540537286
8221.101203991566,idle,10,1.66991,0.8483019,1.4165878258290001
8229.199506982695,idle,10,1.41094,0.7225879,1.019528171626
8236.412798985839,idle,10,1.16983,0.8327221,0.974143294243
8252.098853990901,idle,10,1.15197,0.8329906,0.959580181482
8256.877906998852,bench:0311649639e769f1,11,1.99139,0.8335279,1.659879124781
8261.218111991184,bench:0311649639e769f1,11,2.29501,0.8332592,1.9123381965919999
8268.23486899957,bench:0311649639e769f1,11,2.57184,0.9031004,2.322629732736
8273.841543996241,bench:0311649639e769f1,11,2.86653,0.9286194,2.661915368682
8278.02989797783,bench:0311649639e769f1,11,2.89332,0.9283507,2.686015647324
8283.622647984885,bench:0311649639e769f1,11,2.72365,0.9192177,2.503627288605
8287.95624198392,bench:0311649639e769f1,11,2.77723,0.9192177,2.552878972971
8292.060615000082,bench:0311649639e769f1,11,2.73258,0.9184118,2.509633716444
8296.195339993574,bench:0311649639e769f1,11,2.74151,0.9184118,2.517835133818
8300.265639991267,bench:0311649639e769f1,11,2.74151,0.918949,2.51930787299
8307.077675999608,bench:0311649639e769f1,11,2.87546,0.9294252,2.6725249855919997
8311.179196985904,bench:0311649639e769f1,11,2.90225,0.9283507,2.6943058190749998
8315.321570000378,bench:0311649639e769f1,11,2.87546,0.9291566,2.671752637036
8319.373998994706,bench:0311649639e769f1,11,2.8576,0.928888,2.6543903488000002
8323.463631997583,bench:0311649639e769f1,11,2.86653,0.928888,2.6626853186400004
8327.521264989628,bench:0311649639e769f1,11,2.86653,0.928888,2.6626853186400004
8331.635248992825,bench:0311649639e769f1,11,2.89332,0.9283507,2.686015647324
8335.713622975163,bench:0311649639e769f1,11,2.89332,0.928888,2.6875702281600002
8342.15268099797,bench:0311649639e769f1,11,2.73258,0.9192177,2.511835902666
8346.286016982049,bench:0311649639e769f1,11,2.74151,0.918949,2.51930787299
8350.394574983511,bench:0311649639e769f1,11,2.72365,0.9192177,2.503627288605
8354.52089298633,bench:0311649639e769f1,11,2.7683,0.9192177,2.54467035891
8358.6590809864,bench:0311649639e769f1,11,2.73258,0.9186804,2.510367687432
8362.759638985153,bench:0311649639e769f1,11,2.73258,0.9192177,2.511835902666
8368.321648973506,bench:0311649639e769f1,11,2.86653,0.928888,2.6626853186400004
8372.521724988474,bench:0311649639e769f1,11,2.90225,0.9291566,2.69664474235
8376.58057999215,bench:0311649639e769f1,11,2.8576,0.9291566,2.6551579001600003
8380.653601983795,bench:0311649639e769f1,11,2.86653,0.928888,2.6626853186400004
8387.133343989262,bench:0311649639e769f1,11,2.75044,0.9194863,2.528991898972
8391.301383991959,bench:0311649639e769f1,11,2.77723,0.918949,2.55213273127
8395.439330983208,bench:0311649639e769f1,11,2.75044,0.9186804,2.526775319376
8402.224570978433,bench:0311649639e769f1,11,2.87546,0.9296938,2.6732973341479997
8406.320536974818,bench:0311649639e769f1,11,2.91118,0.9286194,2.703378224892
8410.399817978032,bench:0311649639e769f1,11,2.91118,0.928888,2.70416016784
8414.488783979323,bench:0311649639e769f1,11,2.90225,0.9294252,2.6974242867
8418.555971991736,bench:0311649639e769f1,11,2.90225,0.9286194,2.69508565365
8422.603808983695,bench:0311649639e769f1,11,2.88439,0.9291566,2.680050005474
8428.244798997184,bench:0311649639e769f1,11,2.72365,0.9184118,2.50143229907
8432.527448982,bench:0311649639e769f1,11,2.75937,0.9184118,2.534237968566
8438.945172994863,bench:0311649639e769f1,11,2.90225,0.9291566,2.69664474235
8443.040712998481,bench:0311649639e769f1,11,2.89332,0.9286194,2.686793082408
8448.602814984042,bench:0311649639e769f1,11,2.75044,0.918949,2.52751408756
8452.848261978943,bench:0311649639e769f1,11,2.75937,0.9192177,2.5364617448490003
8458.419456001138,bench:0311649639e769f1,11,2.87546,0.9294252,2.6725249855919997
8462.611328985076,bench:0311649639e769f1,11,2.92011,0.9286194,2.7116707961340003
8469.095312000718,bench:0311649639e769f1,11,2.74151,0.9197549,2.521517255899
8475.463037000736,bench:0311649639e769f1,11,2.90225,0.9291566,2.69664474235
8479.57761399448,bench:0311649639e769f1,11,2.8576,0.9283507,2.65285496032
8483.631894981954,bench:0311649639e769f1,11,2.8576,0.928888,2.6543903488000002
8489.237273985054,bench:0311649639e769f1,11,2.81295,0.9186804,2.58420203118
8493.516997987172,bench:0311649639e769f1,11,2.77723,0.9186804,2.5513867672919996
8499.065229989355,bench:0311649639e769f1,11,2.88439,0.928888,2.67927525832
8503.30076899263,bench:0311649639e769f1,11,2.87546,0.928888,2.67098028848
8507.330919994274,bench:0311649639e769f1,11,2.91118,0.928888,2.70416016784
8511.367330997018,bench:0311649639e769f1,11,2.90225,0.9286194,2.69508565365
8515.434704982908,bench:0311649639e769f1,11,2.86653,0.9291566,2.663455268598
8519.470707979053,bench:0311649639e769f1,11,2.87546,0.9294252,2.6725249855919997
8523.533378000138,bench:0311649639e769f1,11,2.90225,0.9286194,2.69508565365
8527.544326992938,bench:0311649639e769f1,11,2.87546,0.9286194,2.670207939924
8533.243557001697,bench:0311649639e769f1,11,2.83974,0.918949,2.60957623326
8537.497706973227,bench:0311649639e769f1,11,2.75937,0.9184118,2.534237968566
8543.92628298956,bench:0311649639e769f1,11,2.87546,0.9286194,2.670207939924
8547.949656989658,bench:0311649639e769f1,11,2.86653,0.9299625,2.665765405125
8551.954160997411,bench:0311649639e769f1,11,2.8576,0.9286194,2.65362279744
8557.532188977348,bench:0311649639e769f1,11,2.78616,0.9192177,2.5610875870320005
8561.85694897431,bench:0311649639e769f1,11,2.75937,0.9186804,2.534979135348
8565.876822976861,bench:0311649639e769f1,11,2.74151,0.918949,2.51930787299
8569.989751995308,bench:0311649639e769f1,11,2.71472,0.9192177,2.4954186745439997
8576.55284597422,bench:0311649639e769f1,11,2.84867,0.9294252,2.647625684484
8580.626977985958,bench:0311649639e769f1,11,2.84867,0.9286194,2.645330226198
8584.728795976844,bench:0311649639e769f1,11,2.8576,0.928888,2.6543903488000002
8588.742206979077,bench:0311649639e769f1,11,2.88439,0.9291566,2.680050005474
8592.793506977614,bench:0311649639e769f1,11,2.91118,0.9294252,2.7057240537359997
8596.863046986982,bench:0311649639e769f1,11,2.86653,0.9283507,2.661145132071
8600.90162497363,bench:0311649639e769f1,11,2.90225,0.9280821,2.693526274725
8604.87907298375,bench:0311649639e769f1,11,2.93797,0.9286194,2.728255938618
8612.881506996928,bench:0311649639e769f1,11,2.92904,0.928888,2.7207501075200002
8616.905381000834,bench:0311649639e769f1,11,2.91118,0.9286194,2.703378224892
8620.943439978873,bench:0311649639e769f1,11,2.90225,0.9286194,2.69508565365
8627.468997001415,bench:0311649639e769f1,11,2.74151,0.9186804,2.518571503404
8631.64879498072,bench:0311649639e769f1,11,2.75937,0.9197549,2.537944078413
8638.114926987328,bench:0311649639e769f1,11,2.8576,0.9291566,2.6551579001600003
8642.147948994534,bench:0311649639e769f1,11,2.86653,0.9291566,2.663455268598
8646.156804985367,bench:0311649639e769f1,11,2.87546,0.9286194,2.670207939924
8650.1269939763,bench:0311649639e769f1,11,2.89332,0.9291566,2.6883473739120003
8654.166496999096,bench:0311649639e769f1,11,2.91118,0.928888,2.70416016784
8658.182426996063,bench:0311649639e769f1,11,2.90225,0.928888,2.6958651980000004
8662.172652984736,bench:0311649639e769f1,11,2.90225,0.9294252,2.6974242867
8666.180952975992,bench:0311649639e769f1,11,2.90225,0.928888,2.6958651980000004
8670.19423499005,bench:0311649639e769f1,11,2.86653,0.9286194,2.661915368682
8674.22499798704,bench:0311649639e769f1,11,2.90225,0.928888,2.6958651980000004
8678.225723997457,bench:0311649639e769f1,11,2.8576,0.9286194,2.65362279744
8682.245782983955,bench:0311649639e769f1,11,2.88439,0.928888,2.67927525832
8686.244915996213,bench:0311649639e769f1,11,2.91118,0.9294252,2.7057240537359997
8690.247141988948,bench:0311649639e769f1,11,2.8576,0.9286194,2.65362279744
8696.687106974423,bench:0311649639e769f1,11,2.74151,0.9192177,2.520044516727
8703.135090996511,bench:0311649639e769f1,11,2.86653,0.9283507,2.661145132071
8707.190815999638,bench:0311649639e769f1,11,2.89332,0.928888,2.6875702281600002
8711.348818993429,bench:0311649639e769f1,11,2.80402,0.9283507,2.603113929814
8716.2637039728,bench:0311649639e769f1,11,2.78616,0.9286194,2.587282227504
8721.332439978141,bench:0311649639e769f1,11,2.91118,0.928888,2.70416016784
8727.349426975707,bench:0311649639e769f1,11,2.70579,0.9291566,2.514102636714
8733.439912990434,bench:0311649639e769f1,11,2.83081,0.9286194,2.628745083714
8737.507397978334,bench:0311649639e769f1,11,2.79509,0.9286194,2.595574798746
8742.704650998348,bench:0311649639e769f1,11,2.71472,0.9283507,2.5202122123039996
8746.970874984981,bench:0311649639e769f1,11,2.67007,0.9286194,2.479478801358
8751.106747979065,bench:0311649639e769f1,11,2.68793,0.9286194,2.496063943842
8757.677822984988,bench:0311649639e769f1,11,2.79509,0.9283507,2.594823758063
8761.827473994344,bench:0311649639e769f1,11,2.78616,0.9286194,2.587282227504
8765.89395897463,bench:0311649639e769f1,11,2.7683,0.9291566,2.57218421578
8769.938498997362,bench:0311649639e769f1,11,2.7683,0.928888,2.5714406504
8773.99705798598,bench:0311649639e769f1,11,2.77723,0.9280821,2.577497450583
8778.00628397381,bench:0311649639e769f1,11,2.75044,0.928888,2.5548507107200003
8783.291776984697,bench:0311649639e769f1,11,2.68793,0.9286194,2.496063943842
8787.58118598489,bench:0311649639e769f1,11,2.67007,0.9291566,2.480913162962
8794.73092299304,bench:0311649639e769f1,11,2.74151,0.9186804,2.518571503404
8801.109924999764,bench:0311649639e769f1,11,2.91118,0.9286194,2.703378224892
8805.171557993162,bench:0311649639e769f1,11,3.04513,0.9286194,2.8277667935219997
8809.129599976586,bench:0311649639e769f1,11,3.33982,0.9283507,3.100524234874
8813.174695998896,bench:0311649639e769f1,11,3.78632,0.9286194,3.516050206608
8817.242846998852,bench:0311649639e769f1,11,2.93797,0.9286194,2.728255938618
8821.283998986473,bench:0311649639e769f1,11,2.89332,0.9286194,2.686793082408
8825.324965000618,bench:0311649639e769f1,11,2.90225,0.9291566,2.69664474235
8829.409615980694,bench:0311649639e769f1,11,2.86653,0.9283507,2.661145132071
8833.487470983528,bench:0311649639e769f1,11,2.90225,0.928888,2.6958651980000004
8837.48147499864,bench:0311649639e769f1,11,2.89332,0.9286194,2.686793082408
8841.515941981925,bench:0311649639e769f1,11,2.88439,0.928888,2.67927525832
8845.594129990786,bench:0311649639e769f1,11,2.91118,0.9286194,2.703378224892
8849.614485981874,bench:0311649639e769f1,11,2.86653,0.9286194,2.661915368682
8853.893579973374,idle,11,2.90225,0.928888,2.6958651980000004
8858.345838991227,idle,11,1.62526,0.9286194,1.509247966044
8875.71376899723,idle,11,1.47345,0.903369,1.33106905305
8880.07080697571,idle,11,1.47345,0.903369,1.33106905305
8884.398159978446,idle,11,1.47345,0.9036377,1.331464969065
8902.55058297771,idle,11,1.10732,0.8184852,0.9063250316640001
8909.946521976963,bench:316475918a723cf1,12,1.46452,0.7223192,1.057850914784
8914.597723982297,bench:316475918a723cf1,12,1.46452,0.7225879,1.058244431308
8920.754875987768,bench:316475918a723cf1,12,2.26822,0.8740894,1.982627058868
8925.15339597594,bench:316475918a723cf1,12,2.25929,0.8732836,1.973000904644
8931.855357979657,bench:316475918a723cf1,12,2.78616,0.928888,2.5880305900800002
8936.016064981231,bench:316475918a723cf1,12,2.77723,0.9294252,2.581227548196
8940.180122997845,bench:316475918a723cf1,12,2.79509,0.9283507,2.594823758063
8945.724001998315,bench:316475918a723cf1,12,2.71472,0.9186804,2.4939600554879995
8950.006336992374,bench:316475918a723cf1,12,2.74151,0.9184118,2.517835133818
8954.216968995752,bench:316475918a723cf1,12,2.68793,0.9186804,2.469348607572
8958.42222997453,bench:316475918a723cf1,12,2.69686,0.9192177,2.479001446422
8962.66347297933,bench:316475918a723cf1,12,2.70579,0.9186804,2.4857562395159998
8966.84325300157,bench:316475918a723cf1,12,2.62542,0.9197549,2.414742909558
8971.147550997557,bench:316475918a723cf1,12,2.70579,0.9186804,2.4857562395159998
8975.33245998784,bench:316475918a723cf1,12,2.57184,0.9186804,2.3626989999359997
8979.557332990225,bench:316475918a723cf1,12,2.67007,0.918949,2.45365815643
8986.409145989455,bench:316475918a723cf1,12,2.81295,0.9286194,2.61215994123
8990.59266698896,bench:316475918a723cf1,12,2.83974,0.9294252,2.6393259174479997
8994.7471319756,bench:316475918a723cf1,12,2.75937,0.928888,2.5631456805600004
8998.939911980415,bench:316475918a723cf1,12,2.82188,0.928888,2.6212104694400002
9003.077656001551,bench:316475918a723cf1,12,2.74151,0.9286194,2.545819371294
9007.268324989127,bench:316475918a723cf1,12,2.81295,0.9286194,2.61215994123
9011.459289991762,bench:316475918a723cf1,12,2.82188,0.928888,2.6212104694400002
9015.590514987707,bench:316475918a723cf1,12,2.7683,0.9283507,2.56995324281
9022.17357099289,bench:316475918a723cf1,12,2.70579,0.9186804,2.4857562395159998
9026.53751699836,bench:316475918a723cf1,12,2.72365,0.9192177,2.503627288605
9030.794573976891,bench:316475918a723cf1,12,2.66114,0.9186804,2.444737159656
9035.007686994504,bench:316475918a723cf1,12,2.72365,0.9194863,2.504358860995
9039.205151988426,bench:316475918a723cf1,12,2.66114,0.9186804,2.444737159656
9046.06279899599,bench:316475918a723cf1,12,2.73258,0.9291566,2.538994742028
9050.326522992691,bench:316475918a723cf1,12,2.8576,0.9294252,2.65592545152
9054.583783989074,bench:316475918a723cf1,12,2.80402,0.9286194,2.603867369988
9058.764174988028,bench:316475918a723cf1,12,2.82188,0.9283507,2.619694273316
9062.932973989518,bench:316475918a723cf1,12,2.74151,0.928888,2.54655574088
9067.177883000113,bench:316475918a723cf1,12,2.83081,0.9286194,2.628745083714
9071.440050989622,bench:316475918a723cf1,12,2.80402,0.9286194,2.603867369988
9075.631145999068,bench:316475918a723cf1,12,2.79509,0.9283507,2.594823758063
9082.134239986772,bench:316475918a723cf1,12,2.71472,0.918949,2.49468922928
9086.373037978774,bench:316475918a723cf1,12,2.679,0.9186804,2.4611447915999998
9090.623336000135,bench:316475918a723cf1,12,2.72365,0.9192177,2.503627288605
9094.829634996131,bench:316475918a723cf1,12,2.63435,0.9192177,2.421541147995
9098.968081991188,bench:316475918a723cf1,12,2.60756,0.9186804,2.395514263824
9103.271101979772,bench:316475918a723cf1,12,2.64328,0.9192177,2.429749762056
9107.47549298685,bench:316475918a723cf1,12,2.60756,0.9192177,2.396915305812
9114.05443798867,bench:316475918a723cf1,12,2.75937,0.9286194,2.562404513778
9118.186440988211,bench:316475918a723cf1,12,2.87546,0.9291566,2.671752637036
9122.30922098388,bench:316475918a723cf1,12,2.83974,0.9283507,2.636274616818
9126.4413909812,bench:316475918a723cf1,12,2.83974,0.9286194,2.637037654956
9132.085861987434,bench:316475918a723cf1,12,2.67007,0.9186804,2.4529409756279996
9136.421196977608,bench:316475918a723cf1,12,2.71472,0.9186804,2.4939600554879995
9142.92345798458,bench:316475918a723cf1,12,2.71472,0.9286194,2.5209416575679997
9147.207921982044,bench:316475918a723cf1,12,2.74151,0.9286194,2.545819371294
9153.632590983761,bench:316475918a723cf1,12,2.679,0.9186804,2.4611447915999998
9159.980926982826,bench:316475918a723cf1,12,2.83974,0.928888,2.63780040912
9164.09117099829,bench:316475918a723cf1,12,2.80402,0.9286194,2.603867369988
9168.27946898411,bench:316475918a723cf1,12,2.75937,0.928888,2.5631456805600004
9172.434230975341,bench:316475918a723cf1,12,2.77723,0.9291566,2.580481584218
9178.862436994677,bench:316475918a723cf1,12,2.63435,0.9184118,2.41941812533
9183.164178975858,bench:316475918a723cf1,12,2.67007,0.9184118,2.452223794826
9187.336718983715,bench:316475918a723cf1,12,2.63435,0.9194863,2.422248734405
9195.102505997056,bench:316475918a723cf1,12,2.75044,0.9286194,2.554111942536
9199.362099985592,bench:316475918a723cf1,12,2.75937,0.9291566,2.5638868473420002
9203.464824997354,bench:316475918a723cf1,12,2.70579,0.9294252,2.514829411908
9207.565883989446,bench:316475918a723cf1,12,2.83081,0.9283507,2.627984445067
9211.727904999861,bench:316475918a723cf1,12,2.75937,0.928888,2.5631456805600004
9215.826555999229,bench:316475918a723cf1,12,2.78616,0.9291566,2.5887789526560003
9221.477156999754,bench:316475918a723cf1,12,2.63435,0.9186804,2.42012571174
9225.74449199601,bench:316475918a723cf1,12,2.61649,0.918949,2.4044208690100004
9229.962660989258,bench:316475918a723cf1,12,2.72365,0.9192177,2.503627288605
9234.133736987133,bench:316475918a723cf1,12,2.74151,0.9186804,2.518571503404
9238.348572980613,bench:316475918a723cf1,12,2.66114,0.9186804,2.444737159656
9242.640518990811,bench:316475918a723cf1,12,2.65221,0.9186804,2.436533343684
9246.86613198719,bench:316475918a723cf1,12,2.68793,0.9184118,2.468626629574
9251.140021980973,bench:316475918a723cf1,12,2.70579,0.918949,2.48648301471
9255.389560974436,bench:316475918a723cf1,12,2.67007,0.918949,2.45365815643
9262.150283000665,bench:316475918a723cf1,12,2.83081,0.9286194,2.628745083714
9266.269303974696,bench:316475918a723cf1,12,2.75937,0.9280821,2.560921904277
9270.443787972908,bench:316475918a723cf1,12,2.79509,0.9286194,2.595574798746
9274.58021597704,bench:316475918a723cf1,12,2.83974,0.928888,2.63780040912
9278.709440986859,bench:316475918a723cf1,12,2.78616,0.9286194,2.587282227504
9282.878665981116,bench:316475918a723cf1,12,2.88439,0.928888,2.67927525832
9287.052278988995,bench:316475918a723cf1,12,2.86653,0.9291566,2.663455268598
9291.289132990642,bench:316475918a723cf1,12,2.77723,0.9286194,2.578989656262
9295.494616992073,bench:316475918a723cf1,12,2.82188,0.9294252,2.622726383376
9299.732358980691,bench:316475918a723cf1,12,2.7683,0.9291566,2.57218421578
9303.880917985225,bench:316475918a723cf1,12,2.83081,0.928888,2.6295054392800004
9307.976271986263,bench:316475918a723cf1,12,2.77723,0.928888,2.57973562024
9312.086794001516,bench:316475918a723cf1,12,2.83974,0.9283507,2.636274616818
9316.260906984098,bench:316475918a723cf1,12,2.81295,0.9283507,2.611404101565
9320.378261996666,bench:316475918a723cf1,12,2.79509,0.9286194,2.595574798746
9324.498671980109,bench:316475918a723cf1,12,2.78616,0.9291566,2.5887789526560003
9330.085069988854,bench:316475918a723cf1,12,2.68793,0.9192177,2.470792832361
9334.359349973965,bench:316475918a723cf1,12,2.70579,0.9184118,2.485029464322
9338.62860998488,bench:316475918a723cf1,12,2.58077,0.9186804,2.370902815908
9342.853630980244,bench:316475918a723cf1,12,2.65221,0.9186804,2.436533343684
9347.066743997857,bench:316475918a723cf1,12,2.61649,0.9186804,2.403718079796
9351.332448975882,bench:316475918a723cf1,12,2.73258,0.9186804,2.510367687432
9356.906254979549,bench:316475918a723cf1,12,2.86653,0.9291566,2.663455268598
9361.072219995549,bench:316475918a723cf1,12,2.80402,0.9286194,2.603867369988
9365.2596489992,bench:316475918a723cf1,12,3.43805,0.928888,3.1935633884000003
9369.464279996464,bench:316475918a723cf1,12,2.83974,0.9283507,2.636274616818
9374.957641994115,bench:316475918a723cf1,12,2.67007,0.918949,2.45365815643
9379.34817999485,bench:316475918a723cf1,12,2.679,0.9192177,2.4625842183
9383.586718991864,bench:316475918a723cf1,12,2.68793,0.9192177,2.470792832361
9390.379550983198,bench:316475918a723cf1,12,2.79509,0.9283507,2.594823758063
9394.50657198904,bench:316475918a723cf1,12,2.679,0.9286194,2.4877713725999997
9398.687537992373,bench:316475918a723cf1,12,2.77723,0.928888,2.57973562024
9402.87055898807,bench:316475918a723cf1,12,2.82188,0.9283507,2.619694273316
9407.075171999168,bench:316475918a723cf1,12,2.79509,0.9286194,2.595574798746
9411.28956299508,bench:316475918a723cf1,12,2.75937,0.9286194,2.562404513778
9415.481416974217,bench:316475918a723cf1,12,2.75937,0.9280821,2.560921904277
9419.710881978972,bench:316475918a723cf1,12,2.77723,0.928888,2.57973562024
9423.963382985676,bench:316475918a723cf1,12,2.80402,0.928888,2.60462052976
9428.218699991703,bench:316475918a723cf1,12,2.80402,0.9294252,2.6061268493039997
9432.321072992636,bench:316475918a723cf1,12,2.81295,0.9291566,2.61367105797
9436.540241993498,bench:316475918a723cf1,12,2.78616,0.9294252,2.589527315232
9442.945021990454,bench:316475918a723cf1,12,2.67007,0.918949,2.45365815643
9447.251300996868,bench:316475918a723cf1,12,2.61649,0.9186804,2.403718079796
9451.374099997338,bench:316475918a723cf1,12,2.65221,0.9186804,2.436533343684
9458.243116998347,bench:316475918a723cf1,12,2.83974,0.9283507,2.636274616818
9462.560488987947,bench:316475918a723cf1,12,2.83081,0.928888,2.6295054392800004
9466.795582993655,bench:316475918a723cf1,12,2.80402,0.9291566,2.605373689532
9470.930455980124,bench:316475918a723cf1,12,2.83081,0.9283507,2.627984445067
9475.13392198016,bench:316475918a723cf1,12,2.84867,0.9283507,2.644564788569
9479.314330994384,bench:316475918a723cf1,12,2.75937,0.9286194,2.562404513778
9485.85407299106,bench:316475918a723cf1,12,2.68793,0.9184118,2.468626629574
9490.099889982957,bench:316475918a723cf1,12,2.67007,0.9186804,2.4529409756279996
9494.270669994876,bench:316475918a723cf1,12,2.64328,0.9192177,2.429749762056
9498.357413976919,bench:316475918a723cf1,12,2.66114,0.9184118,2.4440223774520002
9502.631303999806,bench:316475918a723cf1,12,2.64328,0.9192177,2.429749762056
9506.701399979647,idle,12,1.55382,0.9186804,1.427463979128
9511.013771989383,idle,12,1.55382,0.9186804,1.427463979128
9525.334374979138,idle,12,1.56275,0.9186804,1.4356677951
9533.640101988567,idle,12,1.09839,0.8184852,0.899015958828
9544.346753973514,idle,12,1.11625,0.8179479,0.9130343433749999
9560.152603982715,idle,12,1.08946,0.8182165,0.8914141480900001
9565.20987697877,bench:ae8d15f59a43e60a,13,1.79493,0.8184852,1.469123640036
9569.905208976706,bench:ae8d15f59a43e60a,13,1.75921,0.8184852,1.439887348692
9577.132703998359,bench:ae8d15f59a43e60a,13,2.47361,0.903369,2.2345825920899998
9583.518595987698,bench:ae8d15f59a43e60a,13,2.73258,0.9286194,2.537526800052
9587.752745981561,bench:ae8d15f59a43e60a,13,2.74151,0.928888,2.54655574088
9591.99085898581,bench:ae8d15f59a43e60a,13,2.77723,0.9280821,2.577497450583
9598.455322993686,bench:ae8d15f59a43e60a,13,2.60756,0.918949,2.39621465444
9602.665454993257,bench:ae8d15f59a43e60a,13,2.64328,0.918949,2.4290395127199997
9608.30233397428,bench:ae8d15f59a43e60a,13,2.74151,0.9286194,2.545819371294
9616.541506984504,bench:ae8d15f59a43e60a,13,2.7683,0.9283507,2.56995324281
9620.654342987109,bench:ae8d15f59a43e60a,13,2.80402,0.928888,2.60462052976
9624.844714999199,bench:ae8d15f59a43e60a,13,2.79509,0.9286194,2.595574798746
9628.951810998842,bench:ae8d15f59a43e60a,13,2.80402,0.928888,2.60462052976
9633.154201990692,bench:ae8d15f59a43e60a,13,2.79509,0.928888,2.5963255599200004
9637.290333979763,bench:ae8d15f59a43e60a,13,2.82188,0.9283507,2.619694273316
9641.464873973746,bench:ae8d15f59a43e60a,13,2.87546,0.9296938,2.6732973341479997
9645.68824597518,bench:ae8d15f59a43e60a,13,2.75937,0.928888,2.5631456805600004
9651.27542198752,bench:ae8d15f59a43e60a,13,2.88439,0.9192177,2.651382341703
9655.639588978374,bench:ae8d15f59a43e60a,13,2.67007,0.9192177,2.454375604239
9661.973962996854,bench:ae8d15f59a43e60a,13,2.75937,0.9283507,2.561663071059
9666.117964981822,bench:ae8d15f59a43e60a,13,2.78616,0.9286194,2.587282227504
9670.267652982147,bench:ae8d15f59a43e60a,13,2.74151,0.9283507,2.545082727557
9674.445895972895,bench:ae8d15f59a43e60a,13,2.7683,0.9294252,2.5729277811599998
9680.297161976341,bench:ae8d15f59a43e60a,13,2.38431,0.8891322,2.119966795782
9684.62149699917,bench:ae8d15f59a43e60a,13,2.36645,0.8888636,2.10345126622
9691.172202001326,bench:ae8d15f59a43e60a,13,2.77723,0.928888,2.57973562024
9695.364036975661,bench:ae8d15f59a43e60a,13,2.78616,0.9286194,2.587282227504
9699.53648399678,bench:ae8d15f59a43e60a,13,2.79509,0.9294252,2.597827082268
9706.026466999901,bench:ae8d15f59a43e60a,13,2.67007,0.9184118,2.452223794826
9710.274468990974,bench:ae8d15f59a43e60a,13,3.51842,0.918949,3.23324854058
9715.396240993869,bench:ae8d15f59a43e60a,13,2.58077,0.9184118,2.370209621086
9722.642995999195,bench:ae8d15f59a43e60a,13,2.63435,0.928888,2.4470161028
9727.010718983365,bench:ae8d15f59a43e60a,13,2.60756,0.928888,2.42213119328
9731.208813987905,bench:ae8d15f59a43e60a,13,2.70579,0.9294252,2.514829411908
9735.439241980202,bench:ae8d15f59a43e60a,13,2.70579,0.928888,2.51337586152
9740.604642982362,bench:ae8d15f59a43e60a,13,2.56291,0.9291566,2.381344741706
9744.88719998044,bench:ae8d15f59a43e60a,13,2.62542,0.928888,2.43872113296
9749.148793984205,bench:ae8d15f59a43e60a,13,2.62542,0.9291566,2.439426320772
9753.357073990628,bench:ae8d15f59a43e60a,13,2.57184,0.9283507,2.3875694642879997
9757.577057986055,bench:ae8d15f59a43e60a,13,2.63435,0.928888,2.4470161028
9761.715504981112,bench:ae8d15f59a43e60a,13,2.66114,0.928888,2.47190101232
9765.93391399365,bench:ae8d15f59a43e60a,13,2.56291,0.9286194,2.379967946454
9770.114638988161,bench:ae8d15f59a43e60a,13,2.60756,0.9280821,2.420029760676
9774.332492990652,bench:ae8d15f59a43e60a,13,2.62542,0.928888,2.43872113296
9778.552364994539,bench:ae8d15f59a43e60a,13,2.59863,0.928888,2.41383622344
9783.835376991192,bench:ae8d15f59a43e60a,13,2.68793,0.9294252,2.498229877836
9788.017452985514,bench:ae8d15f59a43e60a,13,2.67007,0.9283507,2.478761353549
9794.671990995994,bench:ae8d15f59a43e60a,13,2.73258,0.9286194,2.537526800052
9798.855936998734,bench:ae8d15f59a43e60a,13,2.73258,0.928888,2.53826077104
9804.389076976804,bench:ae8d15f59a43e60a,13,2.70579,0.9192177,2.487210060483
9808.6277639959,bench:ae8d15f59a43e60a,13,2.65221,0.9192177,2.4379583761170003
9815.1162469876,bench:ae8d15f59a43e60a,13,2.83081,0.928888,2.6295054392800004
9822.131225984776,bench:ae8d15f59a43e60a,13,2.66114,0.918949,2.44545194186
9826.402801001677,bench:ae8d15f59a43e60a,13,2.67007,0.918949,2.45365815643
9831.916458992055,bench:ae8d15f59a43e60a,13,2.78616,0.9291566,2.5887789526560003
9836.131923977518,bench:ae8d15f59a43e60a,13,2.73258,0.9286194,2.537526800052
9840.253018977819,bench:ae8d15f59a43e60a,13,2.78616,0.928888,2.5880305900800002
9844.38809598214,bench:ae8d15f59a43e60a,13,2.79509,0.9299625,2.599328884125
9849.932938988786,bench:ae8d15f59a43e60a,13,2.62542,0.9184118,2.411216707956
9854.276995989494,bench:ae8d15f59a43e60a,13,2.61649,0.9186804,2.403718079796
9858.385146973887,bench:ae8d15f59a43e60a,13,2.61649,0.9184118,2.403015290582
9862.613185978262,bench:ae8d15f59a43e60a,13,2.69686,0.9192177,2.479001446422
9866.806428995915,bench:ae8d15f59a43e60a,13,2.65221,0.9184118,2.4358209600780003
9871.039227000438,bench:ae8d15f59a43e60a,13,2.70579,0.9184118,2.485029464322
9876.599661976798,bench:ae8d15f59a43e60a,13,2.75937,0.928888,2.5631456805600004
9880.847941996763,bench:ae8d15f59a43e60a,13,2.75937,0.928888,2.5631456805600004
9885.011073987698,bench:ae8d15f59a43e60a,13,2.78616,0.9291566,2.5887789526560003
9889.241797995055,bench:ae8d15f59a43e60a,13,2.77723,0.9278135,2.5767514866049996
9895.662947994424,bench:ae8d15f59a43e60a,13,2.679,0.9184118,2.4604252121999997
9901.32847498171,bench:ae8d15f59a43e60a,13,2.82188,0.9286194,2.620452512472
9905.563847976737,bench:ae8d15f59a43e60a,13,2.80402,0.9283507,2.603113929814
9909.70790598658,bench:ae8d15f59a43e60a,13,2.77723,0.9291566,2.580481584218
9913.849407981616,bench:ae8d15f59a43e60a,13,2.75044,0.928888,2.5548507107200003
9917.954484990332,bench:ae8d15f59a43e60a,13,2.78616,0.9294252,2.589527315232
9922.140153998043,bench:ae8d15f59a43e60a,13,2.69686,0.928888,2.50508089168
9926.290341973072,bench:ae8d15f59a43e60a,13,2.75044,0.9283507,2.553372899308
9930.429362982977,bench:ae8d15f59a43e60a,13,2.78616,0.9291566,2.5887789526560003
9934.64217998553,bench:ae8d15f59a43e60a,13,2.78616,0.9283507,2.586533586312
9938.820867973845,bench:ae8d15f59a43e60a,13,2.81295,0.9286194,2.61215994123
9942.990443989402,bench:ae8d15f59a43e60a,13,2.83974,0.9286194,2.637037654956
9947.153020999394,bench:ae8d15f59a43e60a,13,2.74151,0.9286194,2.545819371294
9951.342300977558,bench:ae8d15f59a43e60a,13,2.71472,0.9291566,2.522400005152
9955.7195979869,bench:ae8d15f59a43e60a,13,2.81295,0.928888,2.6129154996
9962.164025986567,bench:ae8d15f59a43e60a,13,2.67007,0.9184118,2.452223794826
9966.378230979899,bench:ae8d15f59a43e60a,13,2.67007,0.9197549,2.455809965843
9970.58719699271,bench:ae8d15f59a43e60a,13,2.63435,0.9186804,2.42012571174
9974.829697981477,bench:ae8d15f59a43e60a,13,2.63435,0.9184118,2.41941812533
9979.060144978575,bench:ae8d15f59a43e60a,13,2.679,0.9186804,2.4611447915999998
9983.273238991387,bench:ae8d15f59a43e60a,13,2.679,0.9192177,2.4625842183
9987.472889974015,bench:ae8d15f59a43e60a,13,2.60756,0.9186804,2.395514263824
9994.074019981781,bench:ae8d15f59a43e60a,13,2.75937,0.9299625,2.566110623625
9998.228355980245,bench:ae8d15f59a43e60a,13,2.74151,0.928888,2.54655574088
10002.392413996859,bench:ae8d15f59a43e60a,13,2.77723,0.9286194,2.578989656262
10006.490064988611,bench:ae8d15f59a43e60a,13,2.75937,0.9291566,2.5638868473420002
10012.122703978093,bench:ae8d15f59a43e60a,13,2.66114,0.9194863,2.446881772382
10016.471907991217,bench:ae8d15f59a43e60a,13,2.68793,0.9192177,2.470792832361
10022.846002975712,bench:ae8d15f59a43e60a,13,2.75044,0.928888,2.5548507107200003
10027.02439497807,bench:ae8d15f59a43e60a,13,2.75937,0.9283507,2.561663071059
10032.6084959961,bench:ae8d15f59a43e60a,13,2.61649,0.9197549,2.4065294983010004
10037.011070991866,bench:ae8d15f59a43e60a,13,2.58077,0.918949,2.37159601073
10042.463636986213,bench:ae8d15f59a43e60a,13,2.7683,0.9286194,2.57069708502
10046.790804975899,bench:ae8d15f59a43e60a,13,2.80402,0.9286194,2.603867369988
10050.943065987667,bench:ae8d15f59a43e60a,13,2.77723,0.9291566,2.580481584218
10055.113049980719,bench:ae8d15f59a43e60a,13,2.7683,0.9283507,2.56995324281
10060.625763988355,bench:ae8d15f59a43e60a,13,2.679,0.9184118,2.4604252121999997
10064.940486976411,bench:ae8d15f59a43e60a,13,2.67007,0.9192177,2.454375604239
10071.245323983021,bench:ae8d15f59a43e60a,13,2.75044,0.9294252,2.556328247088
10075.34541899804,bench:ae8d15f59a43e60a,13,2.7683,0.928888,2.5714406504
10079.546846973244,bench:ae8d15f59a43e60a,13,2.78616,0.928888,2.5880305900800002
10086.061922978843,bench:ae8d15f59a43e60a,13,2.66114,0.9186804,2.444737159656
10090.312479995191,bench:ae8d15f59a43e60a,13,2.70579,0.9186804,2.4857562395159998
10094.50607499457,bench:ae8d15f59a43e60a,13,2.60756,0.9184118,2.3948138732079998
10098.67652200046,bench:ae8d15f59a43e60a,13,2.679,0.9197549,2.4640233770999997
10102.888504974544,bench:ae8d15f59a43e60a,13,2.60756,0.9184118,2.3948138732079998
10107.108118972974,bench:ae8d15f59a43e60a,13,2.65221,0.9186804,2.436533343684
10111.269379995065,bench:ae8d15f59a43e60a,13,2.65221,0.9192177,2.4379583761170003
10118.12967498554,bench:ae8d15f59a43e60a,13,2.71472,0.928888,2.52167083136
10122.291454987135,bench:ae8d15f59a43e60a,13,2.75937,0.928888,2.5631456805600004
10126.401939982316,bench:ae8d15f59a43e60a,13,2.83081,0.9283507,2.627984445067
10130.574460985372,bench:ae8d15f59a43e60a,13,2.75937,0.9283507,2.561663071059
10134.714351996081,bench:ae8d15f59a43e60a,13,2.80402,0.928888,2.60462052976
10138.908816996263,bench:ae8d15f59a43e60a,13,2.78616,0.9286194,2.587282227504
10146.139460994164,bench:ae8d15f59a43e60a,13,2.66114,0.9186804,2.444737159656
10160.454471973935,bench:ae8d15f59a43e60a,13,2.75044,0.9192177,2.5282531307880003
10167.587023985106,idle,13,1.59847,0.9283507,1.483940743429
10197.917382989544,idle,13,1.67884,0.8633446,1.449417448264
10212.447502999566,idle,13,1.26806,0.8633446,1.094772753476
10223.883389990078,idle,13,2.63435,0.7244682,1.90850280267
10231.314012984512,idle,13,1.26806,0.8636134,1.095113608004
10236.714782979107,idle,13,1.26806,0.8636134,1.095113608004
10254.487931990298,idle,13,1.32164,0.8735522,1.154521529608
10267.711747990688,bench:16e9496a9d339e32,14,2.9469,0.819291,2.4143686479
10273.830733989598,bench:16e9496a9d339e32,14,3.94706,0.8509882,3.358901484692
10279.808332998073,bench:16e9496a9d339e32,14,5.03652,0.9178746,4.622893780392
10286.909439979354,bench:16e9496a9d339e32,14,4.63467,0.9280821,4.301354266407
10295.193019992439,bench:16e9496a9d339e32,14,5.42944,0.9280821,5.038966077024
10300.095534999855,bench:16e9496a9d339e32,14,4.14352,0.9294252,3.8510919047039995
10304.900605988223,bench:16e9496a9d339e32,14,2.51826,0.9283507,2.337828433782
10310.443244990893,bench:16e9496a9d339e32,14,3.42912,0.9286194,3.1843473569280003
10315.156890981598,bench:16e9496a9d339e32,14,4.12566,0.9304997,3.838925392302
10319.669371994678,bench:16e9496a9d339e32,14,4.00064,0.928888,3.71614648832
10326.186761987628,bench:16e9496a9d339e32,14,4.13459,0.9326486,3.8561195750740005
10330.730242974823,bench:16e9496a9d339e32,14,5.03652,0.9280821,4.674304058292001
10335.534628975438,bench:16e9496a9d339e32,14,4.02743,0.9302311,3.7464406390729996
10340.12488697772,bench:16e9496a9d339e32,14,4.76862,0.9280821,4.425670863702001
10346.935960988048,bench:16e9496a9d339e32,14,5.07224,0.9294252,4.714267676447999
10352.569320995826,bench:16e9496a9d339e32,14,5.31335,0.9296938,4.93978855223
10359.989721997408,bench:16e9496a9d339e32,14,3.08085,0.9291566,2.8625921111099997
10365.272270981222,bench:16e9496a9d339e32,14,5.31335,0.9291566,4.9369342206099995
10369.767992990091,bench:16e9496a9d339e32,14,5.143679,0.9286194,4.776520106772599
10375.62499998603,bench:16e9496a9d339e32,14,4.86685,0.9291566,4.52206579871
10380.096721986774,bench:16e9496a9d339e32,14,4.93829,0.9280821,4.583138553609
10388.858760998119,bench:16e9496a9d339e32,14,4.20603,0.918949,3.86512706247
10393.38738998049,bench:16e9496a9d339e32,14,4.70611,0.9178746,4.3196188338059995
10399.372228974244,bench:16e9496a9d339e32,14,4.66146,0.918949,4.28364400554
10404.889052995713,bench:16e9496a9d339e32,14,6.152769,0.9294252,5.7185385583788
10409.527458978118,bench:16e9496a9d339e32,14,4.94722,0.9278135,4.590097503469999
10413.84173798724,bench:16e9496a9d339e32,14,4.87578,0.9283507,4.526433776046
10419.456209987402,bench:16e9496a9d339e32,14,5.509809,0.9291566,5.1194753970894
10424.081134988228,bench:16e9496a9d339e32,14,4.85792,0.9294252,4.5150732675839995
10432.760322000831,bench:16e9496a9d339e32,14,5.6259,0.9294252,5.22885323268
10441.283917985857,bench:16e9496a9d339e32,14,5.15261,0.9208294,4.744674774734
10449.771735991817,bench:16e9496a9d339e32,14,5.34907,0.9192177,4.916959822539001
10458.325572981266,bench:16e9496a9d339e32,14,5.18833,0.918949,4.76781066517
10466.890056995908,bench:16e9496a9d339e32,14,5.34014,0.9186804,4.905881951255999
10475.326560990652,bench:16e9496a9d339e32,14,5.34907,0.9186804,4.914085767228
10483.79489799845,bench:16e9496a9d339e32,14,4.8222,0.9178746,4.426174896119999
10488.439748995006,bench:16e9496a9d339e32,14,4.80434,0.9194863,4.417524810542
10495.34137599403,bench:16e9496a9d339e32,14,5.12582,0.9270077,4.751674608814
10502.449872990837,bench:16e9496a9d339e32,14,4.22389,0.928888,3.9235207343200003
10510.734544979641,bench:16e9496a9d339e32,14,5.56339,0.9286194,5.166271883766
10520.944329997292,bench:16e9496a9d339e32,14,5.4473,0.9194863,5.00871772199
10528.19665899733,bench:16e9496a9d339e32,14,5.17047,0.928888,4.80278753736
10532.78128799866,bench:16e9496a9d339e32,14,6.27779,0.9286194,5.829677583126
10537.64458099613,bench:16e9496a9d339e32,14,4.85792,0.9275449,4.505938920608
10543.270440975903,bench:16e9496a9d339e32,14,5.65269,0.9291566,5.252234221254
10551.609408983495,bench:16e9496a9d339e32,14,5.46516,0.9296938,5.080925368008
10560.186689981492,bench:16e9496a9d339e32,14,5.20619,0.918949,4.784223094310001
10568.84339597309,bench:16e9496a9d339e32,14,5.39372,0.9186804,4.955104847088
10577.38952798536,bench:16e9496a9d339e32,14,4.74183,0.918949,4.35749993667
10585.92049498111,bench:16e9496a9d339e32,14,5.24191,0.9184118,4.814231998538
10591.788760997588,bench:16e9496a9d339e32,14,4.72397,0.9194863,4.343625696610999
10598.938645998714,bench:16e9496a9d339e32,14,5.09903,0.9304997,4.744645885291
10605.933605984319,bench:16e9496a9d339e32,14,5.143679,0.9326486,4.7972450181993995
10617.511935997754,bench:16e9496a9d339e32,14,5.0901,0.9173373,4.66933859073
10623.381924000569,bench:16e9496a9d339e32,14,5.41158,0.9294252,5.029658823816
10630.356996000046,bench:16e9496a9d339e32,14,5.31335,0.9280821,4.931225026035
10638.83931498276,bench:16e9496a9d339e32,14,5.55446,0.9294252,5.162455096392
10647.331763000693,bench:16e9496a9d339e32,14,5.358,0.9194863,4.926607595399999
10655.907561973436,bench:16e9496a9d339e32,14,5.32228,0.918949,4.89090388372
10660.4302279884,bench:16e9496a9d339e32,14,4.89364,0.9186804,4.495691152656
10667.203430988593,bench:16e9496a9d339e32,14,5.358,0.9283507,4.974103050599999
10674.143465992529,bench:16e9496a9d339e32,14,5.17047,0.9304997,4.811120783859
10678.644706000341,bench:16e9496a9d339e32,14,5.28656,0.9291566,4.912042115296
10683.14648399246,bench:16e9496a9d339e32,14,4.67932,0.928888,4.34656419616
10690.788790991064,bench:16e9496a9d339e32,14,6.42067,0.9304997,5.974431508799
10695.722563978052,bench:16e9496a9d339e32,14,4.84899,0.9318428,4.518496418771999
10700.52822798607,bench:16e9496a9d339e32,14,5.06331,0.9326486,4.722288982866001
10708.355366979958,bench:16e9496a9d339e32,14,5.59911,0.9286194,5.199442168734
10714.734554989263,bench:16e9496a9d339e32,14,4.58109,0.9202922,4.2159413944979995
10722.376138990512,bench:16e9496a9d339e32,14,4.72397,0.9369466,4.426107630001999
10730.969178985106,bench:16e9496a9d339e32,14,5.03652,0.928888,4.678362989760001
10737.999305973062,bench:16e9496a9d339e32,14,4.45607,0.9304997,4.1463717981790005
10744.766730989795,bench:16e9496a9d339e32,14,3.0362,0.9291566,2.82110526892
10753.281993995188,bench:16e9496a9d339e32,14,3.572,0.9294252,3.3199068144
10764.683065994177,bench:16e9496a9d339e32,14,5.29549,0.9291566,4.920339483734
10771.511360973818,bench:16e9496a9d339e32,14,5.06331,0.9315742,4.7168489626020005
10775.94413899351,bench:16e9496a9d339e32,14,5.02759,0.9278135,4.664665874464999
10780.545600980986,bench:16e9496a9d339e32,14,6.134909,0.9278135,5.6920513914715
10787.664356990717,bench:16e9496a9d339e32,14,5.42051,0.928888,5.035046692880001
10796.0996569891,bench:16e9496a9d339e32,14,5.41158,0.928888,5.02675172304
10804.605530982371,bench:16e9496a9d339e32,14,4.74183,0.9294252,4.407176296116
10812.150486977771,bench:16e9496a9d339e32,14,5.0008,0.9184118,4.59279372944
10816.63678298355,bench:16e9496a9d339e32,14,6.06347,0.918949,5.57201969303
10825.268117972882,bench:16e9496a9d339e32,14,5.304419,0.9186804,4.8730657686876
10835.119943978498,bench:16e9496a9d339e32,14,5.25977,0.9294252,4.888562784204
10840.931765997084,bench:16e9496a9d339e32,14,6.02775,0.9197549,5.544052598475
10846.803605993045,bench:16e9496a9d339e32,14,4.67932,0.9291566,4.347821061512
10852.89935200126,bench:16e9496a9d339e32,14,3.61665,0.9286194,3.35849135301
10860.297697974602,idle,14,5.42051,0.9294252,5.037958590852
10866.09663098352,idle,14,1.58061,0.9186804,1.452075427044
10881.2665239966,idle,14,1.57168,0.9184118,1.443449457824
10889.068791992031,idle,14,3.84883,0.8638819,3.324934573177
10893.523143982748,idle,14,1.31271,0.8638819,1.134026408949
10911.530457990011,idle,14,1.23234,0.8488392,1.046058499728
10923.571542982245,bench:caab5d49ee296460,15,3.78632,0.8493765,3.21601122948
10935.938365990296,bench:caab5d49ee296460,15,5.93845,0.9326486,5.53848707867
10947.59321399033,bench:caab5d49ee296460,15,6.43853,0.9299625,5.987591455125
10959.554447996197,bench:caab5d49ee296460,15,5.63483,0.9286194,5.232612453702
10967.632898973534,bench:caab5d49ee296460,15,5.6259,0.9304997,5.23489826223
10975.302390987054,bench:caab5d49ee296460,15,5.92059,0.9304997,5.509107218823
10983.566840994172,bench:caab5d49ee296460,15,5.40265,0.9299625,5.024261900625
10987.607918999856,bench:caab5d49ee296460,15,5.491949,0.928888,5.1014055227120005
10995.542315999046,bench:caab5d49ee296460,15,5.491949,0.9302311,5.1087817594139
11003.529322973918,bench:caab5d49ee296460,15,6.20635,0.9280821,5.760002341334999
11011.538405000465,bench:caab5d49ee296460,15,5.95631,0.9291566,5.534344748146
11015.570167975966,bench:caab5d49ee296460,15,6.27779,0.9291566,5.8330500119140005
11023.535064974567,bench:caab5d49ee296460,15,6.14384,0.928888,5.7069392499200005
11031.529090978438,bench:caab5d49ee296460,15,6.28672,0.9286194,5.837970154368
11039.25478598103,bench:caab5d49ee296460,15,6.00989,0.9291566,5.584128958774
11047.532790980767,bench:caab5d49ee296460,15,6.27779,0.9307683,5.843167926057
11059.540488000493,bench:caab5d49ee296460,15,4.09887,0.9296938,3.810694026006
11067.577513982542,bench:caab5d49ee296460,15,6.22421,0.9294252,5.784937624092
11079.55687699723,bench:caab5d49ee296460,15,6.313509,0.9286194,5.8628469394746
11087.557495979127,bench:caab5d49ee296460,15,6.38495,0.928888,5.9309034356
11095.330543001182,bench:caab5d49ee296460,15,5.509809,0.9291566,5.1194753970894
11099.300953996135,bench:caab5d49ee296460,15,4.25961,0.9291566,3.957844744926
11103.326586977346,bench:caab5d49ee296460,15,4.6436,0.9280821,4.30964203956
11107.36040599295,bench:caab5d49ee296460,15,4.42928,0.928888,4.114305040640001
11111.440760985715,bench:caab5d49ee296460,15,5.491949,0.9291566,5.1028806602134
11115.432171995053,bench:caab5d49ee296460,15,4.13459,0.928888,3.8405710359200005
11119.510563992662,bench:caab5d49ee296460,15,4.08101,0.928888,3.7908012168800003
11123.535493999952,bench:caab5d49ee296460,15,4.08101,0.9291566,3.791897376166
11127.573311998276,bench:caab5d49ee296460,15,4.06315,0.9286194,3.77311991511
11131.572407990461,bench:caab5d49ee296460,15,4.1078,0.928888,3.8156861264
11135.588726989226,bench:caab5d49ee296460,15,4.11673,0.928888,3.82398109624
11140.077207994182,bench:caab5d49ee296460,15,4.17031,0.9280821,3.870390062451
11144.050082977628,bench:caab5d49ee296460,15,5.27763,0.9296938,4.906579889694
11148.011789977318,bench:caab5d49ee296460,15,4.1078,0.9307683,3.82341002274
11152.018145978218,bench:caab5d49ee296460,15,4.04529,0.928888,3.75762133752
11155.920705990866,bench:caab5d49ee296460,15,4.43821,0.9286194,4.1214079072739995
11159.908931993414,bench:caab5d49ee296460,15,4.65253,0.928888,4.32167928664
11163.934009993682,bench:caab5d49ee296460,15,3.92027,0.9286194,3.640438775238
11167.839736997848,bench:caab5d49ee296460,15,4.09887,0.9286194,3.8062902000779997
11171.890462981537,bench:caab5d49ee296460,15,4.13459,0.928888,3.8405710359200005
11175.89933698764,bench:caab5d49ee296460,15,4.09887,0.9294252,3.8095930695239995
11179.839433985762,bench:caab5d49ee296460,15,4.21496,0.9299625,3.9197547389999996
11183.811677998165,bench:caab5d49ee296460,15,4.50072,0.928888,4.180664799360001
11187.839366990374,bench:caab5d49ee296460,15,3.56307,0.9286194,3.308735925558
11191.801037988625,bench:caab5d49ee296460,15,4.2864,0.9286194,3.9804341961600005
11195.795226987684,bench:caab5d49ee296460,15,4.08101,0.9286194,3.789705057594
11199.712842993904,bench:caab5d49ee296460,15,4.1971,0.9283507,3.8963807229699996
11203.715179988649,bench:caab5d49ee296460,15,4.12566,0.9291566,3.833384218356
11207.7121839975,bench:caab5d49ee296460,15,4.2864,0.9286194,3.9804341961600005
11211.671465978725,bench:caab5d49ee296460,15,4.35784,0.9286194,4.046774766096
11215.786949993344,bench:caab5d49ee296460,15,4.35784,0.9291566,4.049115797744
11219.741953973426,bench:caab5d49ee296460,15,4.17031,0.9280821,3.870390062451
11223.778271989431,bench:caab5d49ee296460,15,4.43821,0.9283507,4.120215360246999
11227.699257986387,bench:caab5d49ee296460,15,4.17924,0.928888,3.88204588512
11234.584737976547,bench:caab5d49ee296460,15,4.27747,0.9186804,3.929627850588
11241.17416498484,bench:caab5d49ee296460,15,4.72397,0.9283507,4.385500856278999
11245.24176097475,bench:caab5d49ee296460,15,3.56307,0.9283507,3.307778528649
11249.261652992573,bench:caab5d49ee296460,15,4.16138,0.9291566,3.866573692108
11253.239101992222,bench:caab5d49ee296460,15,4.11673,0.9294252,3.826192603595999
11257.2746789956,bench:caab5d49ee296460,15,4.27747,0.9296938,3.976737338686
11261.225442984141,bench:caab5d49ee296460,15,4.22389,0.9294252,3.9257898080279996
11265.146632998949,bench:caab5d49ee296460,15,4.42035,0.9291566,4.10719737681
11271.649892994901,bench:caab5d49ee296460,15,2.58077,0.9291566,2.397939478582
11275.69621198927,bench:caab5d49ee296460,15,4.11673,0.928888,3.82398109624
11287.614797998685,bench:caab5d49ee296460,15,5.10796,0.9192177,4.6953272428920005
11295.32754898537,bench:caab5d49ee296460,15,5.38479,0.9286194,5.0004204589259995
11299.476939981105,bench:caab5d49ee296460,15,4.69718,0.9286194,4.361892473292
11303.466369980015,bench:caab5d49ee296460,15,4.0185,0.9291566,3.7338157971000006
11307.515687978594,bench:caab5d49ee296460,15,4.09887,0.9283507,3.805188833709
11311.522802978288,bench:caab5d49ee296460,15,4.35784,0.9286194,4.046774766096
11315.526306978427,bench:caab5d49ee296460,15,4.465,0.9286194,4.146285621
11319.515347975539,bench:caab5d49ee296460,15,4.13459,0.928888,3.8405710359200005
11323.448981973343,bench:caab5d49ee296460,15,3.84883,0.9286194,3.574098205302
11329.154989973176,bench:caab5d49ee296460,15,4.33998,0.918949,3.98822028102
11333.427639998263,bench:caab5d49ee296460,15,3.9292,0.918949,3.6107344107999997
11343.649443995673,bench:caab5d49ee296460,15,5.95631,0.9291566,5.534344748146
11351.62561800098,bench:caab5d49ee296460,15,6.29565,0.928888,5.8479537372
11355.89680497651,bench:caab5d49ee296460,15,6.20635,0.9294252,5.768338090019999
11359.893549990375,bench:caab5d49ee296460,15,6.27779,0.9286194,5.829677583126
11363.852368987864,bench:caab5d49ee296460,15,5.491949,0.9299625,5.1073066219125005
11368.138813995756,bench:caab5d49ee296460,15,4.17924,0.928888,3.88204588512
11375.64149298123,bench:caab5d49ee296460,15,5.65269,0.928888,5.25071590872
11383.229225990362,bench:caab5d49ee296460,15,6.465319,0.931037,6.019451205803
11387.563172000227,bench:caab5d49ee296460,15,5.42944,0.9283507,5.040424424607999
11391.943042981438,bench:caab5d49ee296460,15,5.509809,0.9294252,5.120955331786799
11396.243044000585,bench:caab5d49ee296460,15,5.42051,0.9326486,5.055431062786001
11403.25168997515,bench:caab5d49ee296460,15,5.4473,0.9291566,5.0613947471800005
11411.515287996735,bench:caab5d49ee296460,15,4.09887,0.9283507,3.805188833709
11419.567331991857,bench:caab5d49ee296460,15,5.65269,0.9286194,5.249197596186
11425.030304992106,bench:caab5d49ee296460,15,6.41174,0.9326486,5.979900334564
11431.625731987879,bench:caab5d49ee296460,15,5.92952,0.928888,5.5078599737600005
11435.645142977592,bench:caab5d49ee296460,15,6.134909,0.928888,5.6986433511920005
11439.635553979315,bench:caab5d49ee296460,15,6.00989,0.9286194,5.580900445866
11443.64279898582,bench:caab5d49ee296460,15,6.14384,0.9280821,5.701987929264
11447.603783977684,bench:caab5d49ee296460,15,5.95631,0.928888,5.53274488328
11455.594902974553,bench:caab5d49ee296460,15,6.25993,0.9304997,5.8248629870210005
11463.586595986271,bench:caab5d49ee296460,15,6.00096,0.9197549,5.519412364704
11471.534140990116,bench:caab5d49ee296460,15,5.65269,0.9286194,5.249197596186
11479.505148978205,bench:caab5d49ee296460,15,5.40265,0.9291566,5.01990790499
11487.49561997829,bench:caab5d49ee296460,15,5.68841,0.9291566,5.285423695006
11495.489034976345,bench:caab5d49ee296460,15,5.93845,0.9283507,5.512964214415
11503.556190000381,bench:caab5d49ee296460,15,5.43837,0.9291566,5.053097378742
11511.504642985528,bench:caab5d49ee296460,15,5.491949,0.9286194,5.0999303852106
11515.71307098493,idle,15,1.66991,0.9286194,1.550710822254
11519.939238991356,idle,15,1.66991,0.9286194,1.550710822254
11537.81270197942,idle,15,1.18769,0.8332592,0.9896536192479999
11547.92408098001,idle,15,2.33073,0.7225879,1.684157296167
11559.455262991833,idle,15,4.38463,0.8740894,3.832558605922
11568.196023989003,idle,15,4.31319,0.9304997,4.013422001043
11576.48958399659,idle,15,4.2864,0.9294252,3.9838881772800003
11584.25848299521,idle,15,4.17031,0.9299625,3.878231913375
11588.898332993267,idle,15,1.71456,0.9286194,1.5921736784640002
11593.106927990448,idle,15,2.26822,0.9286194,2.106313095468
11610.83037298522,idle,15,1.2502,0.8485706,1.06088296412
11624.880552990362,bench:2970aa1b42545dca,16,2.33073,0.7225879,1.684157296167
11634.31962300092,bench:2970aa1b42545dca,16,3.26838,0.8488392,2.774329064496
11639.50130197918,bench:2970aa1b42545dca,16,4.11673,0.9294252,3.826192603595999
11646.57303999411,bench:2970aa1b42545dca,16,4.84899,0.9280821,4.5002608220789995
11651.286240987247,bench:2970aa1b42545dca,16,3.98278,0.928888,3.6995565486400004
11659.748337988276,bench:2970aa1b42545dca,16,4.71504,0.9280821,4.375944224784
11668.2722849946,bench:2970aa1b42545dca,16,4.26854,0.9294252,3.9672886432079997
11679.696152976248,bench:2970aa1b42545dca,16,4.1971,0.928888,3.8986358248
11686.218969989568,bench:2970aa1b42545dca,16,4.24175,0.928888,3.940110674
11692.14593898505,bench:2970aa1b42545dca,16,4.12566,0.9286194,3.831167913804
11699.561099987477,bench:2970aa1b42545dca,16,4.84899,0.9280821,4.5002608220789995
11708.186046977062,bench:2970aa1b42545dca,16,4.16138,0.9286194,3.8643381987720002
11717.922650976107,bench:2970aa1b42545dca,16,4.05422,0.9291566,3.767005270852
11724.387578986352,bench:2970aa1b42545dca,16,3.08978,0.9283507,2.868399425846
11732.218309974996,bench:2970aa1b42545dca,16,4.34891,0.9280821,4.036145525511
11737.047381000593,bench:2970aa1b42545dca,16,4.07208,0.9291566,3.783600007728
11744.453893974423,bench:2970aa1b42545dca,16,4.7329,0.9275449,4.38997725721
11750.611712981481,bench:2970aa1b42545dca,16,4.0185,0.928888,3.7327364280000004
11760.539722978137,bench:2970aa1b42545dca,16,3.59879,0.928888,3.3428728455200005
11768.130270997062,bench:2970aa1b42545dca,16,3.88455,0.9296938,3.61144205079
11776.125093980227,bench:2970aa1b42545dca,16,4.23282,0.928888,3.9318157041600004
11781.922007998219,bench:2970aa1b42545dca,16,3.84883,0.928888,3.57513200104
11791.717667976627,bench:2970aa1b42545dca,16,4.94722,0.9294252,4.598070937944
11803.932232985971,bench:2970aa1b42545dca,16,4.83113,0.9304997,4.495365015661
11809.059875988169,bench:2970aa1b42545dca,16,4.08101,0.9294252,3.7929935354519997
11815.86702298955,bench:2970aa1b42545dca,16,4.18817,0.9275449,3.8847157238330006
11828.011921985308,bench:2970aa1b42545dca,16,4.70611,0.9275449,4.365128329339
11832.809529994847,bench:2970aa1b42545dca,16,4.15245,0.9291566,3.85827632367
11840.621520997956,bench:2970aa1b42545dca,16,4.75076,0.9304997,4.420580754772
11845.789236976998,bench:2970aa1b42545dca,16,4.13459,0.9280821,3.8372389698390004
11855.854505993193,bench:2970aa1b42545dca,16,4.14352,0.9294252,3.8510919047039995
11860.849037999287,bench:2970aa1b42545dca,16,4.03636,0.928888,3.74932636768
11871.785483992426,bench:2970aa1b42545dca,16,4.20603,0.928888,3.9069307946400005
11880.278191994876,bench:2970aa1b42545dca,16,4.14352,0.928888,3.8488660057599997
11888.097644987283,bench:2970aa1b42545dca,16,4.20603,0.9291566,3.908060534298
11895.67098999396,bench:2970aa1b42545dca,16,4.15245,0.9286194,3.85604562753
11905.819719977444,bench:2970aa1b42545dca,16,3.83097,0.928888,3.5585420613600003
11912.037168978713,bench:2970aa1b42545dca,16,4.1971,0.928888,3.8986358248
11919.689549977193,bench:2970aa1b42545dca,16,4.15245,0.9280821,3.853814516145
11931.611579988385,bench:2970aa1b42545dca,16,4.14352,0.9294252,3.8510919047039995
11936.329577991273,bench:2970aa1b42545dca,16,4.17924,0.9286194,3.880923341256
11944.43804799812,bench:2970aa1b42545dca,16,4.84899,0.9286194,4.502866184406
11952.430129982531,bench:2970aa1b42545dca,16,4.81327,0.9296938,4.474867276726
11960.797485982766,bench:2970aa1b42545dca,16,5.59911,0.9280821,5.1964337669309995
11965.61453898903,bench:2970aa1b42545dca,16,4.14352,0.9296938,3.8522048541759997
11975.72595498059,bench:2970aa1b42545dca,16,5.46516,0.9259331,5.060372540796
11982.314566994319,bench:2970aa1b42545dca,16,4.14352,0.928888,3.8488660057599997
11988.099962996785,bench:2970aa1b42545dca,16,4.68825,0.9307683,4.363674482475
11993.114957993384,bench:2970aa1b42545dca,16,4.18817,0.928888,3.8903408549600007
12000.127881998196,bench:2970aa1b42545dca,16,4.16138,0.9291566,3.866573692108
12008.084592991509,bench:2970aa1b42545dca,16,4.13459,0.9280821,3.8372389698390004
12019.104093982605,bench:2970aa1b42545dca,16,4.13459,0.928888,3.8405710359200005
12028.58947898494,bench:2970aa1b42545dca,16,4.33998,0.9294252,4.033686779496
12035.786066990113,bench:2970aa1b42545dca,16,4.07208,0.9286194,3.7814124863519996
12043.930443993304,bench:2970aa1b42545dca,16,4.23282,0.9286194,3.9306787687080003
12048.679441999411,bench:2970aa1b42545dca,16,4.15245,0.9294252,3.8593916717399996
12059.858700988116,bench:2970aa1b42545dca,16,4.76862,0.9294252,4.432075597224
12069.778858975042,bench:2970aa1b42545dca,16,4.16138,0.9291566,3.866573692108
12081.130264996318,bench:2970aa1b42545dca,16,5.91166,0.9291566,5.492857905956001
12087.143047974678,bench:2970aa1b42545dca,16,4.27747,0.9280821,3.9698433402870004
12095.564292976633,bench:2970aa1b42545dca,16,4.20603,0.9294252,3.909190273956
12104.56516299746,bench:2970aa1b42545dca,16,4.24175,0.9286194,3.9389713399499997
12112.123951985268,bench:2970aa1b42545dca,16,4.22389,0.9291566,3.9246552711739997
12119.647166982759,bench:2970aa1b42545dca,16,4.15245,0.9294252,3.8593916717399996
12128.0170789978,bench:2970aa1b42545dca,16,4.14352,0.9286194,3.8477530562879996
12136.070401000325,bench:2970aa1b42545dca,16,4.12566,0.9326486,3.847791023076
12143.66959698964,bench:2970aa1b42545dca,16,4.22389,0.9286194,3.922386197466
12151.166590978391,bench:2970aa1b42545dca,16,4.14352,0.9294252,3.8510919047039995
12163.74717099825,bench:2970aa1b42545dca,16,4.16138,0.9294252,3.867691438776
12172.215767990565,bench:2970aa1b42545dca,16,4.2864,0.9296938,3.9850395043200004
12180.076461983845,bench:2970aa1b42545dca,16,4.2864,0.9331858,4.00000761312
12187.689621001482,bench:2970aa1b42545dca,16,3.90241,0.9181431,3.582970814871
12198.487123998348,bench:2970aa1b42545dca,16,4.22389,0.9291566,3.9246552711739997
12204.545961983968,bench:2970aa1b42545dca,16,4.03636,0.9304997,3.7558317690920004
12215.731609991053,bench:2970aa1b42545dca,16,4.1971,0.9278135,3.89412604085
12224.237649992574,bench:2970aa1b42545dca,16,4.27747,0.928888,3.9732905533600005
12228.407059999881,idle,16,1.65205,0.9283507,1.533681773935
12232.6111359871,idle,16,1.66098,0.9286194,1.542418251012
12249.586661986541,idle,16,1.13411,0.8182165,0.9279475148149999
12260.090667987242,idle,16,3.70595,0.8184852,3.0332652269400002
12267.87510298891,idle,16,1.64312,0.9283507,1.525391602184
12285.925748990849,idle,16,1.10732,0.8182165,0.9060274947800001
12299.637709977105,bench:d95d4890038f6fc3,17,3.08978,0.7236622,2.2359569923160003
12311.944941000547,bench:d95d4890038f6fc3,17,4.84899,0.8888636,4.310090707764
12316.28473798628,bench:d95d4890038f6fc3,17,3.42912,0.928888,3.18526841856
12323.995580984047,bench:d95d4890038f6fc3,17,5.79557,0.9280821,5.3787647762969995
12332.065217982745,bench:d95d4890038f6fc3,17,4.1971,0.9302311,3.9042729498099997
12340.111502999207,bench:d95d4890038f6fc3,17,2.74151,0.928888,2.54655574088
12351.923126989277,bench:d95d4890038f6fc3,17,5.73306,0.9280821,5.320750364226
12357.206175976899,bench:d95d4890038f6fc3,17,5.76878,0.9304997,5.367848059366
12362.431706977077,bench:d95d4890038f6fc3,17,4.13459,0.9280821,3.8372389698390004
12371.738499990897,bench:d95d4890038f6fc3,17,5.63483,0.9296938,5.238666515054
12380.539018980926,bench:d95d4890038f6fc3,17,5.73306,0.9299625,5.33153081025
12385.390441981144,bench:d95d4890038f6fc3,17,5.67055,0.9296938,5.27187517759
12392.236532992683,bench:d95d4890038f6fc3,17,4.0185,0.9259331,3.72086216235
12397.066307981731,bench:d95d4890038f6fc3,17,4.20603,0.9326486,3.9227479910580003
12403.49571799743,bench:d95d4890038f6fc3,17,5.61697,0.9184118,5.158691528246
12415.734263980994,bench:d95d4890038f6fc3,17,5.69734,0.928888,5.29219075792
12424.041472986573,bench:d95d4890038f6fc3,17,4.0185,0.9275449,3.7273391806500005
12428.700378979556,bench:d95d4890038f6fc3,17,5.93845,0.9304997,5.525725943465
12435.917208000319,bench:d95d4890038f6fc3,17,4.04529,0.9294252,3.7597944673079993
12441.418346978026,bench:d95d4890038f6fc3,17,5.66162,0.9286194,5.257490167428
12447.72836897755,bench:d95d4890038f6fc3,17,5.0901,0.9304997,4.73633652297
12455.905023001833,bench:d95d4890038f6fc3,17,5.81343,0.9294252,5.403148340436
12464.016382000409,bench:d95d4890038f6fc3,17,2.75937,0.9296938,2.565369180906
12472.452107991558,bench:d95d4890038f6fc3,17,2.81295,0.9286194,2.61215994123
12479.591585986782,bench:d95d4890038f6fc3,17,5.74199,0.9280821,5.329038137379
12487.954589974834,bench:d95d4890038f6fc3,17,5.79557,0.9275449,5.375651396093
12496.210947982036,bench:d95d4890038f6fc3,17,2.77723,0.9294252,2.581227548196
12508.097867976176,bench:d95d4890038f6fc3,17,3.88455,0.9283507,3.606224711685
12516.341891983757,bench:d95d4890038f6fc3,17,3.65237,0.928888,3.39264266456
12523.80494098179,bench:d95d4890038f6fc3,17,4.1971,0.9278135,3.89412604085
12529.47044899338,bench:d95d4890038f6fc3,17,5.63483,0.9304997,5.243207624551
12533.797375974245,bench:d95d4890038f6fc3,17,3.38447,0.9278135,3.140156956345
12538.631391973468,bench:d95d4890038f6fc3,17,5.05438,0.9286194,4.693595322972
12548.141553997993,bench:d95d4890038f6fc3,17,5.491949,0.9197549,5.0512470033001
12559.624439978506,bench:d95d4890038f6fc3,17,5.76878,0.9296938,5.363198999563999
12568.895843985956,bench:d95d4890038f6fc3,17,5.58125,0.9294252,5.187354397499999
12576.22241298668,bench:d95d4890038f6fc3,17,5.75985,0.9294252,5.3533497382199995
12583.791924000252,bench:d95d4890038f6fc3,17,5.60804,0.9270077,5.198696261908
12591.997114999685,bench:d95d4890038f6fc3,17,4.22389,0.9296938,3.926924344882
12596.72931698151,bench:d95d4890038f6fc3,17,5.81343,0.9280821,5.395340322603
12604.159773996798,bench:d95d4890038f6fc3,17,5.67055,0.928888,5.2673058484
12612.1076339914,bench:d95d4890038f6fc3,17,2.87546,0.9286194,2.670207939924
12623.907349974615,bench:d95d4890038f6fc3,17,5.09903,0.9283507,4.7336880698209995
12628.82093898952,bench:d95d4890038f6fc3,17,5.66162,0.9286194,5.257490167428
12634.22106098733,bench:d95d4890038f6fc3,17,5.81343,0.9291566,5.401586853138
12647.637689980911,bench:d95d4890038f6fc3,17,5.822359,0.9304997,5.4177033027923
12653.051626984961,bench:d95d4890038f6fc3,17,5.73306,0.9280821,5.320750364226
12660.204807994887,bench:d95d4890038f6fc3,17,5.67055,0.928888,5.2673058484
12668.170556979021,bench:d95d4890038f6fc3,17,5.840219,0.9296938,5.4296153949422
12673.078571999213,bench:d95d4890038f6fc3,17,5.804499,0.9275449,5.3839334445051
12679.706145980163,bench:d95d4890038f6fc3,17,5.83129,0.9299625,5.422881026625
12691.709323989926,bench:d95d4890038f6fc3,17,5.63483,0.9291566,5.235639484378
12697.512812999776,bench:d95d4890038f6fc3,17,5.58125,0.9299625,5.190353203125
12702.211032999912,bench:d95d4890038f6fc3,17,5.81343,0.928888,5.40002536584
12708.34542697412,bench:d95d4890038f6fc3,17,5.67055,0.9291566,5.26882895813
12713.630382990232,bench:d95d4890038f6fc3,17,5.474089,0.928888,5.084815583032
12724.364108988084,bench:d95d4890038f6fc3,17,5.43837,0.9280821,5.047253850177
12729.093494999688,bench:d95d4890038f6fc3,17,4.11673,0.9280821,3.8206634235329995
12739.92025697953,bench:d95d4890038f6fc3,17,5.20619,0.9291566,4.837365799354
12745.310378988506,bench:d95d4890038f6fc3,17,5.67948,0.9291566,5.277126326568
12755.81858798978,bench:d95d4890038f6fc3,17,5.58125,0.9296938,5.1888535212499995
12760.649195988663,bench:d95d4890038f6fc3,17,3.19694,0.9283507,2.967881486858
12765.756542998133,bench:d95d4890038f6fc3,17,4.17031,0.9280821,3.870390062451
12771.194886998273,bench:d95d4890038f6fc3,17,3.42019,0.928888,3.17697344872
12777.751720976084,bench:d95d4890038f6fc3,17,4.88471,0.9294252,4.539972568692
12787.369362980826,bench:d95d4890038f6fc3,17,5.72413,0.9280821,5.3124625910729995
12792.279599991161,bench:d95d4890038f6fc3,17,5.00973,0.9294252,4.656169307196
12798.042403999716,bench:d95d4890038f6fc3,17,4.12566,0.9283507,3.8300593489619996
12807.590361975599,bench:d95d4890038f6fc3,17,5.08117,0.9299625,4.725297556125001
12816.069309978047,bench:d95d4890038f6fc3,17,5.81343,0.9278135,5.3937788353050005
12823.953225975856,bench:d95d4890038f6fc3,17,4.22389,0.9275449,3.917847627661
12829.057683993597,bench:d95d4890038f6fc3,17,5.72413,0.9291566,5.318613168758
12835.709257982671,bench:d95d4890038f6fc3,17,5.8938,0.9294252,5.477846243759999
12843.803635973018,bench:d95d4890038f6fc3,17,5.72413,0.928888,5.31707566744
12851.996159995906,bench:d95d4890038f6fc3,17,4.23282,0.9315742,3.9431859052440004
12856.846063979901,bench:d95d4890038f6fc3,17,5.81343,0.9296938,5.404709827734
12863.95924599492,bench:d95d4890038f6fc3,17,4.02743,0.928888,3.74103139784
12872.950244985987,bench:d95d4890038f6fc3,17,5.09903,0.9296938,4.740536577014
12880.056185997091,bench:d95d4890038f6fc3,17,3.87562,0.9302311,3.605222255782
12887.854787986726,bench:d95d4890038f6fc3,17,5.85808,0.9291566,5.443073695328001
12891.970235999906,idle,17,1.68777,0.9283507,1.566842460939
12896.194811997702,idle,17,1.68777,0.9283507,1.566842460939
12914.089273981517,idle,17,1.20555,0.8332592,1.0045356285599998
12923.918525979389,idle,17,3.51842,0.7228564,2.5433124148879998
12930.46663797577,idle,17,2.31287,0.8638819,1.9980465300530001
12937.13939798181,idle,17,1.67884,0.9286194,1.5590033934960001
12944.803666992811,idle,17,1.29485,0.8480334,1.09807604799
12959.398101986153,idle,17,1.26806,0.8488392,1.076379035952
12971.810886985622,bench:a6365cb3dc70bae7,18,3.56307,0.8187538,2.917277102166
12983.703362988308,bench:a6365cb3dc70bae7,18,5.48302,0.8646878,4.741100501156
12992.914433998521,bench:a6365cb3dc70bae7,18,3.32196,0.928888,3.0857287804799998
13003.901435993612,bench:a6365cb3dc70bae7,18,7.322599,0.9294252,6.8058080400948
13009.925755992299,bench:a6365cb3dc70bae7,18,3.00941,0.9291566,2.796213163606
13016.088686999865,bench:a6365cb3dc70bae7,18,7.34939,0.9304997,6.838605190183
13024.01300999918,bench:a6365cb3dc70bae7,18,4.89364,0.9294252,4.548272335728
13032.081108976854,bench:a6365cb3dc70bae7,18,5.13475,0.9294252,4.7723660457
13037.11712299264,bench:a6365cb3dc70bae7,18,3.78632,0.9283507,3.5150328224239997
13041.547900997102,bench:a6365cb3dc70bae7,18,4.62574,0.9304997,4.304249682278001
13047.838033991866,bench:a6365cb3dc70bae7,18,5.92059,0.9291566,5.501155274394
13056.46309198346,bench:a6365cb3dc70bae7,18,7.47441,0.9299625,6.950921009625
13063.77812399296,bench:a6365cb3dc70bae7,18,7.36725,0.9286194,6.84137127465
13068.384177982807,bench:a6365cb3dc70bae7,18,3.23266,0.928888,3.0027790820800004
13076.163520978298,bench:a6365cb3dc70bae7,18,6.97433,0.9302311,6.487738667663
13083.5409409774,bench:a6365cb3dc70bae7,18,6.6975,0.9039063,6.05391244425
13091.761316987686,bench:a6365cb3dc70bae7,18,3.25945,0.9291566,3.02853947987
13100.10330399382,bench:a6365cb3dc70bae7,18,7.527989,0.928888,6.992658646232
13106.106123974314,bench:a6365cb3dc70bae7,18,7.20651,0.9294252,6.697911998052
13113.247064989991,bench:a6365cb3dc70bae7,18,7.286879,0.9294252,6.7726089719508
13119.29121799767,bench:a6365cb3dc70bae7,18,7.179719,0.9286194,6.6672263499486
13124.875319976127,bench:a6365cb3dc70bae7,18,7.02791,0.9291566,6.530028960706001
13132.038482988719,bench:a6365cb3dc70bae7,18,7.161859,0.9291566,6.654488558119399
13137.907859985717,bench:a6365cb3dc70bae7,18,7.20651,0.9291566,6.695976329466
13144.171715975972,bench:a6365cb3dc70bae7,18,7.33153,0.9280821,6.804261758613
13151.761096989503,bench:a6365cb3dc70bae7,18,5.11689,0.9286194,4.751643321665999
13160.071471997071,bench:a6365cb3dc70bae7,18,7.17079,0.9286194,6.658934707326
13165.440112992655,bench:a6365cb3dc70bae7,18,7.27795,0.9291566,6.762355276969999
13171.812615997624,bench:a6365cb3dc70bae7,18,7.251159,0.9286194,6.7335669198846
13176.402262994088,bench:a6365cb3dc70bae7,18,7.54585,0.9291566,7.011276330109999
13187.617669987958,bench:a6365cb3dc70bae7,18,4.62574,0.9299625,4.301764734750001
13192.662127985386,bench:a6365cb3dc70bae7,18,7.18865,0.9299625,6.685174925625001
13203.592999983812,bench:a6365cb3dc70bae7,18,7.34939,0.9294252,6.830708270628
13208.367441984592,bench:a6365cb3dc70bae7,18,7.34046,0.9294252,6.8224085035919995
13215.928694000468,bench:a6365cb3dc70bae7,18,6.03668,0.9294252,5.610642516335999
13220.308934978675,bench:a6365cb3dc70bae7,18,7.15293,0.9291566,6.646192118838
13227.775872976054,bench:a6365cb3dc70bae7,18,7.34939,0.9296938,6.832682316782
13236.056452995399,bench:a6365cb3dc70bae7,18,7.269019,0.9304997,6.7638199987943
13241.244779987028,bench:a6365cb3dc70bae7,18,7.34046,0.9291566,6.820436856036
13247.730299975956,bench:a6365cb3dc70bae7,18,6.8761,0.928888,6.387126776800001
13255.669381993357,bench:a6365cb3dc70bae7,18,7.179719,0.9299625,6.676869430537501
13261.12420699792,bench:a6365cb3dc70bae7,18,7.27795,0.9291566,6.762355276969999
13267.183026997373,bench:a6365cb3dc70bae7,18,5.79557,0.9291566,5.384992116262
13275.931620999472,bench:a6365cb3dc70bae7,18,7.18865,0.9291566,6.67938159259
13281.017486995552,bench:a6365cb3dc70bae7,18,7.51906,0.9302311,6.994463454766
13291.933562984923,bench:a6365cb3dc70bae7,18,5.50088,0.928888,5.1097014214400005
13296.516116999555,bench:a6365cb3dc70bae7,18,3.24159,0.9291566,3.011944742994
13303.776112996275,bench:a6365cb3dc70bae7,18,7.20651,0.9302311,6.703719724460999
13315.820252988487,bench:a6365cb3dc70bae7,18,6.9654,0.9197549,6.40646078046
13322.660807985812,bench:a6365cb3dc70bae7,18,7.19758,0.9296938,6.691545501004001
13331.462622998515,bench:a6365cb3dc70bae7,18,5.45623,0.9192177,5.0154631912709995
13337.755163986003,bench:a6365cb3dc70bae7,18,5.87594,0.9294252,5.461246709688
13348.022763995687,bench:a6365cb3dc70bae7,18,3.2148,0.928888,2.9861891424
13353.71171598672,bench:a6365cb3dc70bae7,18,4.89364,0.9291566,4.5469579040240005
13358.650619979016,bench:a6365cb3dc70bae7,18,2.5004,0.9283507,2.3212480902799997
13363.51991299307,bench:a6365cb3dc70bae7,18,2.58077,0.9294252,2.3986326734039998
13368.939404987032,bench:a6365cb3dc70bae7,18,3.17908,0.9286194,2.952155362152
13373.457422974752,bench:a6365cb3dc70bae7,18,3.53628,0.9286194,3.283858211832
13380.156162980711,bench:a6365cb3dc70bae7,18,6.73322,0.903369,6.08258221818
13387.766229978297,bench:a6365cb3dc70bae7,18,6.84038,0.9291566,6.3557842235079995
13395.755959994858,bench:a6365cb3dc70bae7,18,3.34875,0.9280821,3.107914932375
13403.97363199736,bench:a6365cb3dc70bae7,18,3.27731,0.9294252,3.046014502212
13409.807694988558,bench:a6365cb3dc70bae7,18,5.50088,0.9194863,5.057983797944
13416.52428699308,bench:a6365cb3dc70bae7,18,3.10764,0.9286194,2.885814792216
13420.926768973004,bench:a6365cb3dc70bae7,18,7.35832,0.928888,6.83505514816
13431.85677099973,bench:a6365cb3dc70bae7,18,4.83113,0.9192177,4.440860207001
13440.07596198935,bench:a6365cb3dc70bae7,18,4.17924,0.9186804,3.8393858748959997
13446.49216797552,bench:a6365cb3dc70bae7,18,2.57184,0.928888,2.38895131392
13451.659309997922,bench:a6365cb3dc70bae7,18,7.11721,0.9280821,6.605355202941
13458.572678995552,bench:a6365cb3dc70bae7,18,2.8576,0.9186804,2.62522111104
13463.632877974305,bench:a6365cb3dc70bae7,18,5.60804,0.9184118,5.150490110872
13470.335063000675,bench:a6365cb3dc70bae7,18,5.83129,0.9294252,5.419747874507999
13475.249058974441,bench:a6365cb3dc70bae7,18,5.96524,0.9302311,5.549051766963999
13479.966908984352,bench:a6365cb3dc70bae7,18,3.97385,0.9283507,3.689126429195
13488.084914977662,bench:a6365cb3dc70bae7,18,6.09919,0.928888,5.66546440072
13499.616356974002,bench:a6365cb3dc70bae7,18,6.92075,0.9192177,6.361675897275
13505.999451997923,bench:a6365cb3dc70bae7,18,7.18865,0.9299625,6.685174925625001
13511.962772987317,bench:a6365cb3dc70bae7,18,7.64408,0.9307683,7.114867346664
13520.540330995573,bench:a6365cb3dc70bae7,18,7.42083,0.9315742,6.913053770586
13527.667864982504,bench:a6365cb3dc70bae7,18,7.38511,0.9291566,6.861923698226
13533.847794984467,bench:a6365cb3dc70bae7,18,3.23266,0.928888,3.0027790820800004
13538.371219998226,bench:a6365cb3dc70bae7,18,6.00989,0.9286194,5.580900445866
13542.78899799101,bench:a6365cb3dc70bae7,18,3.35768,0.9304997,3.1243202326960002
13547.616253985325,bench:a6365cb3dc70bae7,18,5.72413,0.9294252,5.320150670075999
13556.408810982248,bench:a6365cb3dc70bae7,18,5.76878,0.9194863,5.304314177714
13564.69918700168,idle,18,6.768939,0.9192177,6.2221285390203
13569.388943986269,idle,18,1.63419,0.9184118,1.500859379442
13583.69212198886,idle,18,1.63419,0.9184118,1.500859379442
13598.953420994803,idle,18,2.39324,0.7223192,1.728683202208
13607.073056977242,idle,18,4.14352,0.9294252,3.8510919047039995
13612.838767992798,idle,18,4.00957,0.9296938,3.727672369666
13621.219383989228,idle,18,1.71456,0.9286194,1.5921736784640002
13625.397719995817,idle,18,1.68777,0.9283507,1.566842460939
13643.10242497595,idle,18,1.28592,0.8488392,1.091539304064
13652.204052981688,bench:620de1949d25bf4f,19,2.47361,0.7241996,1.7913873725560001
13663.331552990712,bench:620de1949d25bf4f,19,4.13459,0.8894008,3.677307653672
13669.76659197826,bench:620de1949d25bf4f,19,4.60788,0.9291566,4.281442114008
13676.178908994189,bench:620de1949d25bf4f,19,4.12566,0.9294252,3.8344923706319998
13682.077730976744,bench:620de1949d25bf4f,19,3.67023,0.9286194,3.408246780462
13688.71860098443,bench:620de1949d25bf4f,19,4.34891,0.9294252,4.041986546532
13696.306111989543,bench:620de1949d25bf4f,19,5.03652,0.9291566,4.679715799032
13703.626699978486,bench:620de1949d25bf4f,19,4.00064,0.9286194,3.7150719164159995
13710.386809980264,bench:620de1949d25bf4f,19,4.33105,0.9294252,4.02538701246
13723.524478991749,bench:620de1949d25bf4f,19,4.50072,0.928888,4.180664799360001
13732.088685996132,bench:620de1949d25bf4f,19,4.7329,0.9299625,4.40141951625
13743.520664982498,bench:620de1949d25bf4f,19,4.07208,0.9294252,3.7846937684159996
13750.134220987093,bench:620de1949d25bf4f,19,4.05422,0.9286194,3.7648273438679998
13758.666057983646,bench:620de1949d25bf4f,19,3.56307,0.9291566,3.310650006762
13766.495029994985,bench:620de1949d25bf4f,19,3.84883,0.9278135,3.570996433205
13771.97539198096,bench:620de1949d25bf4f,19,3.90241,0.928888,3.6249018200800003
13777.882286987733,bench:620de1949d25bf4f,19,3.84883,0.9296938,3.578233388254
13788.240811991272,bench:620de1949d25bf4f,19,4.95615,0.9304997,4.611696088155
13793.729321972933,bench:620de1949d25bf4f,19,4.78648,0.9291566,4.447389482768
13798.64572599763,bench:620de1949d25bf4f,19,4.17031,0.9326486,3.889433783066
13803.540406981483,bench:620de1949d25bf4f,19,4.17031,0.9286194,3.8726307700139997
13808.352755993837,bench:620de1949d25bf4f,19,4.59895,0.9294252,4.27438002354
13813.292807986727,bench:620de1949d25bf4f,19,4.45607,0.928888,4.1391899501600005
13818.157859990606,bench:620de1949d25bf4f,19,4.20603,0.9291566,3.908060534298
13825.853369984543,bench:620de1949d25bf4f,19,4.45607,0.9291566,4.140386850562001
13843.627703987295,bench:620de1949d25bf4f,19,5.03652,0.9280821,4.674304058292001
13848.284405976301,bench:620de1949d25bf4f,19,5.01866,0.9296938,4.6658170863079995
13855.772010982037,bench:620de1949d25bf4f,19,4.42035,0.9286194,4.10482276479
13861.056836991338,bench:620de1949d25bf4f,19,4.74183,0.928888,4.40462898504
13869.292379997205,bench:620de1949d25bf4f,19,4.53644,0.9299625,4.2187190835
13878.414247999899,bench:620de1949d25bf4f,19,4.74183,0.928888,4.40462898504
13887.769299995853,bench:620de1949d25bf4f,19,4.87578,0.9294252,4.531672801656
13892.831387987826,bench:620de1949d25bf4f,19,5.10796,0.9304997,4.752955247612
13899.267593980767,bench:620de1949d25bf4f,19,4.77755,0.9291566,4.43909211433
13904.199922981206,bench:620de1949d25bf4f,19,4.7329,0.9280821,4.39251977109
13912.832517991774,bench:620de1949d25bf4f,19,3.33089,0.9280821,3.0913393860690004
13922.167625976726,bench:620de1949d25bf4f,19,4.43821,0.9299625,4.127368867125
13931.876304995967,bench:620de1949d25bf4f,19,4.17924,0.9294252,3.884290972848
13941.190560988616,bench:620de1949d25bf4f,19,4.25961,0.9299625,3.9612775646250005
13950.39061398711,bench:620de1949d25bf4f,19,4.74183,0.9286194,4.403355329502
13956.887448992347,bench:620de1949d25bf4f,19,4.74183,0.9294252,4.407176296116
13962.315662996843,bench:620de1949d25bf4f,19,4.02743,0.9291566,3.742113165538
13972.45817098883,bench:620de1949d25bf4f,19,4.39356,0.9304997,4.088206261932
13979.763591982191,bench:620de1949d25bf4f,19,5.25977,0.9304997,4.894214407069
13988.948237994919,bench:620de1949d25bf4f,19,3.98278,0.9291566,3.700626323348
13999.71738900058,bench:620de1949d25bf4f,19,4.0185,0.9283507,3.73057728795
14007.918505987618,bench:620de1949d25bf4f,19,3.99171,0.9302311,3.7132127841809996
14015.884347987594,bench:620de1949d25bf4f,19,4.14352,0.9286194,3.8477530562879996
14021.394227980636,bench:620de1949d25bf4f,19,4.49179,0.9294252,4.174782819108
14025.919189996785,bench:620de1949d25bf4f,19,4.07208,0.9286194,3.7814124863519996
14034.80776498327,bench:620de1949d25bf4f,19,4.67039,0.9192177,4.293105153903
14044.114631979028,bench:620de1949d25bf4f,19,3.29517,0.9280821,3.0581882934570004
14049.459216999821,bench:620de1949d25bf4f,19,2.63435,0.9283507,2.445600666545
14054.842634999659,bench:620de1949d25bf4f,19,3.31303,0.9283507,3.0756537196209996
14059.768001985503,bench:620de1949d25bf4f,19,3.99171,0.928888,3.70785151848
14065.297547989758,bench:620de1949d25bf4f,19,4.96508,0.9280821,4.608001873068001
14070.949352986645,bench:620de1949d25bf4f,19,3.55414,0.9294252,3.3033072803279997
14079.864908999298,bench:620de1949d25bf4f,19,5.24191,0.9294252,4.871963250132
14089.192442974309,bench:620de1949d25bf4f,19,4.11673,0.9192177,3.7841710821209995
14103.642414993374,bench:620de1949d25bf4f,19,4.98294,0.9256646,4.612531161924
14108.234172977973,bench:620de1949d25bf4f,19,4.974009,0.9278135,4.614952699321499
14112.820264999755,bench:620de1949d25bf4f,19,4.0185,0.9291566,3.7338157971000006
14119.906594976783,bench:620de1949d25bf4f,19,3.96492,0.9315742,3.6936171770640005
14127.057109988527,bench:620de1949d25bf4f,19,3.86669,0.9197549,3.556407074281
14143.534379982157,bench:620de1949d25bf4f,19,5.25977,0.9291566,4.887150009981999
14151.920236996375,bench:620de1949d25bf4f,19,4.45607,0.9294252,4.141583750964
14158.077333995607,bench:620de1949d25bf4f,19,3.98278,0.9286194,3.6984867739319998
14163.589157979004,bench:620de1949d25bf4f,19,5.07224,0.928888,4.7115428691200005
14172.736100998009,bench:620de1949d25bf4f,19,4.29533,0.9280821,3.986418886593
14179.066918994067,bench:620de1949d25bf4f,19,4.42928,0.9294252,4.116684449856
14186.806742975023,bench:620de1949d25bf4f,19,4.45607,0.928888,4.1391899501600005
14195.244746981189,bench:620de1949d25bf4f,19,4.24175,0.9283507,3.937831581725
14201.692656992236,bench:620de1949d25bf4f,19,3.97385,0.9286194,3.69019420269
14210.565175977536,bench:620de1949d25bf4f,19,4.465,0.9294252,4.149883517999999
14216.688679996878,bench:620de1949d25bf4f,19,4.74183,0.9280821,4.400807544243
14224.9111860001,bench:620de1949d25bf4f,19,4.29533,0.928888,3.9898804930400003
14235.18963798415,bench:620de1949d25bf4f,19,3.90241,0.9192177,3.5871643446570003
14243.935898994096,bench:620de1949d25bf4f,19,3.00048,0.928888,2.7871098662400002
14248.14695600071,idle,19,1.67884,0.9294252,1.560356202768
14252.354883996304,idle,19,1.67884,0.928888,1.55945432992
14269.212225975934,idle,19,1.22341,0.8329906,1.019089029946
14277.475434995722,idle,19,1.22341,0.8329906,1.019089029946
14282.091451983433,idle,19,1.21448,0.8332592,1.011976633216
14299.360456992872,idle,19,1.15197,0.8182165,0.942560861505
14311.720409983536,bench:0257af9bbefc04b7,20,3.86669,0.8182165,3.1637895583850004
14319.467289984459,bench:0257af9bbefc04b7,20,5.27763,0.9286194,4.900909604022
14327.541407983517,bench:0257af9bbefc04b7,20,5.2687,0.9280821,4.88978616027
14331.891630979953,bench:0257af9bbefc04b7,20,4.32212,0.9286194,4.013604481128
14336.241057986626,bench:0257af9bbefc04b7,20,4.15245,0.928888,3.8571609756000003
14340.537818992743,bench:0257af9bbefc04b7,20,4.17924,0.928888,3.88204588512
14344.821319973562,bench:0257af9bbefc04b7,20,4.16138,0.9294252,3.867691438776
14349.123635998694,bench:0257af9bbefc04b7,20,4.27747,0.9286194,3.972141624918
14355.590378982015,bench:0257af9bbefc04b7,20,5.20619,0.931037,4.84715551903
14363.7986620015,bench:0257af9bbefc04b7,20,5.96524,0.928888,5.54103985312
14371.616338001331,bench:0257af9bbefc04b7,20,5.822359,0.9286194,5.4067555211646
14379.562049987726,bench:0257af9bbefc04b7,20,5.81343,0.9280821,5.395340322603
14383.783681987552,bench:0257af9bbefc04b7,20,5.96524,0.931037,5.5538591538799995
14391.82076297584,bench:0257af9bbefc04b7,20,5.840219,0.9280821,5.420202713979901
14399.317811999936,bench:0257af9bbefc04b7,20,5.96524,0.9326486,5.563472734664
14403.768311982276,bench:0257af9bbefc04b7,20,3.62558,0.9280821,3.364835900118
14407.95661098673,bench:0257af9bbefc04b7,20,4.15245,0.9283507,3.854929864215
14412.195593991783,bench:0257af9bbefc04b7,20,4.21496,0.9294252,3.9174900409919995
14419.634088000748,bench:0257af9bbefc04b7,20,5.96524,0.928888,5.54103985312
14427.716575999511,bench:0257af9bbefc04b7,20,5.25084,0.9294252,4.880263017168
14435.712805978255,bench:0257af9bbefc04b7,20,5.91166,0.9286194,5.489682162204001
14440.109454997582,bench:0257af9bbefc04b7,20,6.03668,0.9264704,5.592805334272
14444.34582698159,bench:0257af9bbefc04b7,20,5.87594,0.9280821,5.453354734674
14451.781709998613,bench:0257af9bbefc04b7,20,5.822359,0.9291566,5.4098832924194
14459.535255999072,bench:0257af9bbefc04b7,20,5.34907,0.9291566,4.970123694362
14463.668925978709,bench:0257af9bbefc04b7,20,5.90273,0.9280821,5.478218054133
14467.76750299614,bench:0257af9bbefc04b7,20,5.95631,0.9278135,5.526344828185
14471.826950990362,bench:0257af9bbefc04b7,20,5.19726,0.9291566,4.829068430916
14479.61138599203,bench:0257af9bbefc04b7,20,5.509809,0.928888,5.117995462392
14487.751188979018,bench:0257af9bbefc04b7,20,4.2864,0.9291566,3.9827368502400002
14491.933042998426,bench:0257af9bbefc04b7,20,6.00096,0.9313055,5.58872705328
14499.568090977846,bench:0257af9bbefc04b7,20,5.94738,0.9280821,5.519656919898
14503.663815994514,bench:0257af9bbefc04b7,20,5.50088,0.9294252,5.112656494176
14507.764836977003,bench:0257af9bbefc04b7,20,5.79557,0.928888,5.38343542616
14511.890506983036,bench:0257af9bbefc04b7,20,5.8938,0.9280821,5.46993028098
14516.016990994103,bench:0257af9bbefc04b7,20,5.65269,0.9286194,5.249197596186
14520.120900997426,bench:0257af9bbefc04b7,20,5.79557,0.9280821,5.3787647762969995
14524.202404980315,bench:0257af9bbefc04b7,20,5.39372,0.9291566,5.011610536552
14528.265722998185,bench:0257af9bbefc04b7,20,5.34907,0.9294252,4.971560454564
14532.344669976737,bench:0257af9bbefc04b7,20,5.34907,0.9286194,4.967250173958
14536.446302983677,bench:0257af9bbefc04b7,20,5.34907,0.928888,4.968686934160001
14547.610451001674,bench:0257af9bbefc04b7,20,5.8938,0.9304997,5.48417913186
14551.911766990088,bench:0257af9bbefc04b7,20,5.24191,0.9259331,4.853657976220999
14559.451148990775,bench:0257af9bbefc04b7,20,5.34907,0.9283507,4.965812878849
14563.72961300076,bench:0257af9bbefc04b7,20,5.42944,0.9291566,5.044800010304
14567.97505999566,bench:0257af9bbefc04b7,20,5.86701,0.9283507,5.446642840407
14572.092154994607,bench:0257af9bbefc04b7,20,5.93845,0.9294252,5.519345078939999
14576.191027997993,bench:0257af9bbefc04b7,20,5.38479,0.9237842,4.974383922318
14581.002266000723,bench:0257af9bbefc04b7,20,4.39356,0.928888,4.08112516128
14587.703858996974,bench:0257af9bbefc04b7,20,6.11705,0.9280821,5.677124609805
14595.684588974109,bench:0257af9bbefc04b7,20,6.05454,0.9294252,5.627242050408
14599.950682983035,bench:0257af9bbefc04b7,20,4.26854,0.9283507,3.9627020969779996
14604.434478998883,bench:0257af9bbefc04b7,20,3.47377,0.9291566,3.227676322382
14611.779881000984,bench:0257af9bbefc04b7,20,4.32212,0.928888,4.01476540256
14619.682463991921,bench:0257af9bbefc04b7,20,6.04561,0.9299625,5.622190589625
14635.62140497379,bench:0257af9bbefc04b7,20,5.83129,0.9304997,5.426013595613
14643.786077998811,bench:0257af9bbefc04b7,20,5.509809,0.9294252,5.120955331786799
14647.929858998396,bench:0257af9bbefc04b7,20,5.65269,0.9280821,5.246160405849
14652.153526985785,bench:0257af9bbefc04b7,20,5.983099,0.9299625,5.5640577037875
14656.5421759733,bench:0257af9bbefc04b7,20,5.95631,0.928888,5.53274488328
14663.624024979072,bench:0257af9bbefc04b7,20,5.06331,0.9294252,4.705967909412
14671.710920985788,bench:0257af9bbefc04b7,20,5.95631,0.9315742,5.548744723202001
14683.674431988038,bench:0257af9bbefc04b7,20,5.97417,0.9278135,5.542915577295
14687.939729978098,bench:0257af9bbefc04b7,20,5.96524,0.9280821,5.536232466204
14695.312335999915,bench:0257af9bbefc04b7,20,4.50965,0.9286194,4.1877484772099995
14703.542970994022,bench:0257af9bbefc04b7,20,6.04561,0.9307683,5.627062142163
14708.926573977806,bench:0257af9bbefc04b7,20,4.54537,0.9286194,4.220918762178
14714.247122989036,bench:0257af9bbefc04b7,20,5.21512,0.9286194,4.842861605327999
14723.539415979758,bench:0257af9bbefc04b7,20,5.50088,0.9296938,5.114134030544
14731.80173599394,bench:0257af9bbefc04b7,20,4.25068,0.9291566,3.949547376488
14736.264273000415,bench:0257af9bbefc04b7,20,4.11673,0.9286194,3.8228753425619995
14743.736507982248,bench:0257af9bbefc04b7,20,5.822359,0.9307683,5.4192671884197
14747.890972997993,bench:0257af9bbefc04b7,20,5.22405,0.9291566,4.85396053623
14755.427835974842,bench:0257af9bbefc04b7,20,5.34907,0.928888,4.968686934160001
14759.819040977163,bench:0257af9bbefc04b7,20,5.95631,0.9307683,5.543944532973
14763.945894985227,bench:0257af9bbefc04b7,20,5.93845,0.9280821,5.5113691467449994
14771.573238976998,bench:0257af9bbefc04b7,20,5.95631,0.9280821,5.527944693051
14775.735167990206,bench:0257af9bbefc04b7,20,5.81343,0.9280821,5.395340322603
14779.844818986021,bench:0257af9bbefc04b7,20,5.34907,0.9280821,4.964376118647
14784.878091973951,bench:0257af9bbefc04b7,20,6.00096,0.9275449,5.566159843104
14791.514647979056,bench:0257af9bbefc04b7,20,5.65269,0.9283507,5.247678718383
14795.910444983747,bench:0257af9bbefc04b7,20,5.96524,0.928888,5.54103985312
14800.182908977149,bench:0257af9bbefc04b7,20,5.94738,0.9291566,5.526047379708
14804.410855984315,bench:0257af9bbefc04b7,20,5.42051,0.9294252,5.037958590852
14808.581042976584,bench:0257af9bbefc04b7,20,5.39372,0.928888,5.01016178336
14812.85013697925,bench:0257af9bbefc04b7,20,6.04561,0.9283507,5.612446275427
14823.643547977554,bench:0257af9bbefc04b7,20,5.95631,0.9291566,5.534344748146
14835.698262992082,bench:0257af9bbefc04b7,20,6.18849,0.9304997,5.758388088453
14839.94218998123,bench:0257af9bbefc04b7,20,5.34907,0.928888,4.968686934160001
14851.647555973614,bench:0257af9bbefc04b7,20,5.79557,0.9291566,5.384992116262
14855.83559499355,bench:0257af9bbefc04b7,20,6.00989,0.9307683,5.593815098487
14859.95831998298,bench:0257af9bbefc04b7,20,5.81343,0.9280821,5.395340322603
14864.080748986453,bench:0257af9bbefc04b7,20,5.95631,0.9280821,5.527944693051
14868.161455990048,bench:0257af9bbefc04b7,20,5.491949,0.9280821,5.0969795610129
14872.279180999612,bench:0257af9bbefc04b7,20,5.804499,0.9280821,5.3870516213679
14876.333647000138,bench:0257af9bbefc04b7,20,5.65269,0.9296938,5.2552708463219995
14880.706536991056,bench:0257af9bbefc04b7,20,3.58093,0.9294252,3.3282065814359996
14885.048593976535,bench:0257af9bbefc04b7,20,4.17031,0.928888,3.87375091528
14889.384112990228,bench:0257af9bbefc04b7,20,4.16138,0.9307683,3.8732805882540005
14893.573301000288,bench:0257af9bbefc04b7,20,4.98294,0.9294252,4.631270006088
14897.897115995875,bench:0257af9bbefc04b7,20,4.69718,0.9280821,4.359368678478001
14902.282672992442,idle,20,5.23298,0.928888,4.860852326240001
14906.440748978639,idle,20,1.6967,0.9283507,1.5751326326900001
14920.720111986157,idle,20,1.6967,0.928888,1.5760442696
14929.011931992136,idle,20,4.74183,0.8485706,4.023777528198
14935.802986990893,idle,20,1.25913,0.8332592,1.0491816564960001
14951.597484992817,idle,20,1.23234,0.8332592,1.026858642528
14959.82726899092,bench:d64609e0a16a0e78,21,4.65253,0.8488392,3.9492498431759997
14966.020569001557,bench:d64609e0a16a0e78,21,4.52751,0.8332592,3.7725893605920002
14970.864103001077,bench:d64609e0a16a0e78,21,3.47377,0.8335279,2.895484213183
14978.459335980006,bench:d64609e0a16a0e78,21,3.20587,0.9291566,2.978755269242
14982.501987979049,bench:d64609e0a16a0e78,21,5.491949,0.9286194,5.0999303852106
14991.594097984489,bench:d64609e0a16a0e78,21,6.81359,0.9291566,6.330892118194
14999.642104987288,bench:d64609e0a16a0e78,21,3.00941,0.9294252,2.797021491132
15007.64376099687,bench:d64609e0a16a0e78,21,3.18801,0.9286194,2.9604479333939997
15017.990655993344,bench:d64609e0a16a0e78,21,5.52767,0.9294252,5.137555795283999
15027.283782983432,bench:d64609e0a16a0e78,21,6.70643,0.9291566,6.231323696938
15031.63350597606,bench:d64609e0a16a0e78,21,6.67071,0.9291566,6.198134223186
15035.830155975418,bench:d64609e0a16a0e78,21,6.79573,0.9294252,6.316122714395999
15043.326112994691,bench:d64609e0a16a0e78,21,6.62606,0.9294252,6.158427140712
15051.323897991097,bench:d64609e0a16a0e78,21,6.67964,0.928888,6.20463744032
15059.301701985532,bench:d64609e0a16a0e78,21,6.97433,0.928888,6.4783714450400005
15063.650702999439,bench:d64609e0a16a0e78,21,6.82252,0.9291566,6.339189486632
15067.99225998111,bench:d64609e0a16a0e78,21,6.67071,0.9280821,6.190966545290999
15072.006485977909,bench:d64609e0a16a0e78,21,6.82252,0.9291566,6.339189486632
15076.083728985395,bench:d64609e0a16a0e78,21,6.59034,0.9296938,6.126998237892001
15080.13730699895,bench:d64609e0a16a0e78,21,6.65285,0.9291566,6.18153948631
15087.347876979038,bench:d64609e0a16a0e78,21,5.59911,0.9294252,5.203953931571999
15091.636747994926,bench:d64609e0a16a0e78,21,6.03668,0.9294252,5.610642516335999
15095.820491987979,bench:d64609e0a16a0e78,21,6.643919,0.9294252,6.1750257453588
15099.94895698037,bench:d64609e0a16a0e78,21,6.79573,0.9299625,6.319774060125
15103.991757001495,bench:d64609e0a16a0e78,21,6.67964,0.928888,6.20463744032
15108.071074995678,bench:d64609e0a16a0e78,21,6.59034,0.9294252,6.125228072568
15112.105318985414,bench:d64609e0a16a0e78,21,6.83145,0.9294252,6.34932178254
15116.16734098061,bench:d64609e0a16a0e78,21,6.643919,0.9296938,6.176810302002201
15123.354669980472,bench:d64609e0a16a0e78,21,6.82252,0.9294252,6.341022015504
15127.491505991202,bench:d64609e0a16a0e78,21,2.67007,0.9286194,2.479478801358
15131.698860001052,bench:d64609e0a16a0e78,21,6.00096,0.9299625,5.580667764
15143.477298988728,bench:d64609e0a16a0e78,21,6.94754,0.9291566,6.455352644764
15151.323844998842,bench:d64609e0a16a0e78,21,6.501039,0.9291566,6.0404832937074
15155.479921988444,bench:d64609e0a16a0e78,21,4.07208,0.9291566,3.783600007728
15159.589720977237,bench:d64609e0a16a0e78,21,4.96508,0.9294252,4.614670472016
15166.374719992746,bench:d64609e0a16a0e78,21,5.2687,0.918949,4.8416665963
15175.509495980805,bench:d64609e0a16a0e78,21,6.518899,0.9192177,5.992287345312301
15183.910666994052,bench:d64609e0a16a0e78,21,6.97433,0.9291566,6.4802447500780005
15188.40037100017,bench:d64609e0a16a0e78,21,3.01834,0.9294252,2.8053212581679996
15192.511243978515,bench:d64609e0a16a0e78,21,4.14352,0.9286194,3.8477530562879996
15199.480963987298,bench:d64609e0a16a0e78,21,3.572,0.9283507,3.3160687004
15211.300069990102,bench:d64609e0a16a0e78,21,6.88503,0.9296938,6.400969703814001
15215.58232998359,bench:d64609e0a16a0e78,21,5.54553,0.9296938,5.155644858714
15219.973478990141,bench:d64609e0a16a0e78,21,5.474089,0.9286194,5.0833452427266
15259.562964987708,bench:d64609e0a16a0e78,21,6.49211,0.9197549,5.971149983839
15264.06142799533,bench:d64609e0a16a0e78,21,6.84931,0.9291566,6.364081591946
15268.130875978386,bench:d64609e0a16a0e78,21,6.58141,0.9296938,6.118696072258
15275.518184993416,bench:d64609e0a16a0e78,21,5.54553,0.9294252,5.154155329356
15283.278952992987,bench:d64609e0a16a0e78,21,5.59911,0.9294252,5.203953931571999
15287.634805979906,bench:d64609e0a16a0e78,21,6.71536,0.9294252,6.241424811072
15291.828752990114,bench:d64609e0a16a0e78,21,6.84931,0.9283507,6.358561733017
15295.960495976033,bench:d64609e0a16a0e78,21,6.58141,0.9294252,6.116928305531999
15300.01322197495,bench:d64609e0a16a0e78,21,6.84038,0.9286194,6.352109571372
15304.136761988048,bench:d64609e0a16a0e78,21,6.6082,0.9296938,6.1436025691600005
15308.169616997475,bench:d64609e0a16a0e78,21,6.67964,0.9291566,6.206431591624
15312.301082973136,bench:d64609e0a16a0e78,21,6.84931,0.9296938,6.367761041278
15323.516304983059,bench:d64609e0a16a0e78,21,6.55462,0.9304997,6.099071943614
15331.345183978556,bench:d64609e0a16a0e78,21,6.53676,0.9294252,6.075429470352
15339.336191973416,bench:d64609e0a16a0e78,21,6.03668,0.9294252,5.610642516335999
15347.346736001782,bench:d64609e0a16a0e78,21,5.8938,0.9294252,5.477846243759999
15355.312095984118,bench:d64609e0a16a0e78,21,6.643919,0.9294252,6.1750257453588
15359.63574500056,bench:d64609e0a16a0e78,21,6.40281,0.9280821,5.942333350700999
15363.903413992375,bench:d64609e0a16a0e78,21,6.70643,0.928888,6.229522349840001
15367.955564986914,bench:d64609e0a16a0e78,21,6.6082,0.9294252,6.14182760664
15375.334429991199,bench:d64609e0a16a0e78,21,6.02775,0.9294252,5.6023427493
15379.511709994404,bench:d64609e0a16a0e78,21,5.38479,0.928888,5.00186681352
15387.53097699373,bench:d64609e0a16a0e78,21,6.84931,0.9280821,6.356722008351
15399.553283990826,bench:d64609e0a16a0e78,21,7.03684,0.9294252,6.540216424367999
15407.53166200011,bench:d64609e0a16a0e78,21,5.59018,0.9296938,5.197155686884
15415.53781798575,bench:d64609e0a16a0e78,21,6.01882,0.9296938,5.595659637316
15420.884514984209,bench:d64609e0a16a0e78,21,5.59911,0.9291566,5.202450010625999
15427.592624997487,bench:d64609e0a16a0e78,21,6.89396,0.9296938,6.409271869448
15431.824886996765,bench:d64609e0a16a0e78,21,6.8761,0.9283507,6.38343224827
15439.538562990492,bench:d64609e0a16a0e78,21,5.59911,0.9294252,5.203953931571999
15443.666139995912,bench:d64609e0a16a0e78,21,6.89396,0.9286194,6.401864998824
15447.753421001835,bench:d64609e0a16a0e78,21,6.768939,0.9291566,6.2894043468474
15451.798775990028,bench:d64609e0a16a0e78,21,6.68857,0.9291566,6.214728960062001
15456.016018986702,bench:d64609e0a16a0e78,21,6.6975,0.9291566,6.2230263285
15460.12848499231,bench:d64609e0a16a0e78,21,6.89396,0.928888,6.40371671648
15464.296005986398,bench:d64609e0a16a0e78,21,6.84038,0.9286194,6.352109571372
15471.52324198396,bench:d64609e0a16a0e78,21,6.8761,0.9294252,6.390820617719999
15475.762410991592,bench:d64609e0a16a0e78,21,6.01882,0.9294252,5.594042982264
15480.021764000412,bench:d64609e0a16a0e78,21,6.89396,0.9299625,6.4111242765
15487.569108983735,bench:d64609e0a16a0e78,21,6.84038,0.928888,6.35394689744
15491.966275993036,bench:d64609e0a16a0e78,21,6.67964,0.9286194,6.202843289016
15499.572990986053,bench:d64609e0a16a0e78,21,6.99219,0.9294252,6.498717589188
15503.994583996246,bench:d64609e0a16a0e78,21,5.63483,0.9291566,5.235639484378
15511.517039994942,bench:d64609e0a16a0e78,21,6.643919,0.9294252,6.1750257453588
15519.531268975697,bench:d64609e0a16a0e78,21,6.8761,0.9291566,6.38897369726
15530.039792996831,bench:d64609e0a16a0e78,21,7.01898,0.9296938,6.525502188324
15539.555528986966,bench:d64609e0a16a0e78,21,6.73322,0.9286194,6.252598716468
15547.52925899811,bench:d64609e0a16a0e78,21,6.88503,0.928888,6.39542174664
15556.363463983871,idle,21,5.63483,0.9294252,5.237152999716
15560.927647980861,idle,21,1.73242,0.9283507,1.608293319694
15575.173677993007,idle,21,1.71456,0.9286194,1.5921736784640002
15583.529404975707,idle,21,2.56291,0.8187538,2.098392301558
15590.545345999999,idle,21,0.9822999,0.7225879,0.70979802191121
15606.097235984635,idle,21,1.00016,0.7223192,0.722434771072
15619.633845984936,bench:4e080a3048b53489,22,3.75953,0.8491078,3.192246247334
15631.712431000778,bench:4e080a3048b53489,22,5.04545,0.9194863,4.639222152335
15639.753586001461,bench:4e080a3048b53489,22,4.11673,0.9283507,3.8217691772109994
15643.942902999697,bench:4e080a3048b53489,22,5.43837,0.9291566,5.053097378742
15648.063849977916,bench:4e080a3048b53489,22,4.16138,0.9286194,3.8643381987720002
15655.679638992297,bench:4e080a3048b53489,22,4.20603,0.9286194,3.905801054982
15667.600557993865,bench:4e080a3048b53489,22,6.00096,0.9294252,5.577443448192
15671.758541982854,bench:4e080a3048b53489,22,5.40265,0.9291566,5.01990790499
15679.567218001466,bench:4e080a3048b53489,22,5.43837,0.9299625,5.057480161125
15687.618854979519,bench:4e080a3048b53489,22,5.509809,0.9294252,5.120955331786799
15691.860597988125,bench:4e080a3048b53489,22,5.42944,0.931037,5.0550095292799995
15699.54275598866,bench:4e080a3048b53489,22,6.21528,0.9291566,5.7749684328479995
15707.615484978305,bench:4e080a3048b53489,22,5.43837,0.9291566,5.053097378742
15713.718082988635,bench:4e080a3048b53489,22,5.85808,0.9299625,5.447794722
15718.881613982376,bench:4e080a3048b53489,22,4.20603,0.9304997,3.9137096531910003
15723.764924972784,bench:4e080a3048b53489,22,5.8938,0.9280821,5.46993028098
15731.622211984359,bench:4e080a3048b53489,22,5.36693,0.9302311,4.992485197523
15739.59436797304,bench:4e080a3048b53489,22,5.2687,0.9286194,4.89261703278
15747.58430197835,bench:4e080a3048b53489,22,5.43837,0.9286194,5.050175886378
15751.71489699278,bench:4e080a3048b53489,22,5.56339,0.9294252,5.170754863428
15755.930676998105,bench:4e080a3048b53489,22,5.20619,0.9299625,4.8415614678750005
15760.118863981916,bench:4e080a3048b53489,22,5.8938,0.9304997,5.48417913186
15764.34088498354,bench:4e080a3048b53489,22,5.85808,0.9291566,5.443073695328001
15768.514534982387,bench:4e080a3048b53489,22,5.358,0.9321114,4.9942528811999995
15772.639593982603,bench:4e080a3048b53489,22,5.25977,0.9369466,4.928123618281999
15783.595261978917,bench:4e080a3048b53489,22,5.358,0.9286194,4.975542745199999
15791.618602990638,bench:4e080a3048b53489,22,5.63483,0.9294252,5.237152999716
15799.616054981016,bench:4e080a3048b53489,22,5.92952,0.9272762,5.498302773424
15803.814612998394,bench:4e080a3048b53489,22,5.42944,0.9286194,5.041883315135999
15808.053502987605,bench:4e080a3048b53489,22,5.34014,0.9280821,4.956088345494
15815.546977974009,bench:4e080a3048b53489,22,5.92952,0.9291566,5.5094526428320005
15823.58250397374,bench:4e080a3048b53489,22,5.58125,0.9291566,5.18585527375
15827.75915498496,bench:4e080a3048b53489,22,5.34907,0.9286194,4.967250173958
15831.989822996547,bench:4e080a3048b53489,22,5.509809,0.9291566,5.1194753970894
15839.601074985694,bench:4e080a3048b53489,22,5.97417,0.9291566,5.550939485022
15847.572137980023,bench:4e080a3048b53489,22,6.27779,0.9286194,5.829677583126
15855.451072973665,bench:4e080a3048b53489,22,5.85808,0.9291566,5.443073695328001
15863.624078978319,bench:4e080a3048b53489,22,5.34907,0.9315742,4.983055605994
15867.857802979415,bench:4e080a3048b53489,22,5.358,0.928888,4.976981904
15875.64733097679,bench:4e080a3048b53489,22,5.41158,0.9304997,5.035473566526
15883.590023993747,bench:4e080a3048b53489,22,5.58125,0.9286194,5.18285702625
15887.853580992669,bench:4e080a3048b53489,22,5.358,0.9291566,4.9784210628
15895.57466498809,bench:4e080a3048b53489,22,5.41158,0.9280821,5.022390530718
15899.74829700077,bench:4e080a3048b53489,22,5.38479,0.9315742,5.016331436418
15903.975761990296,bench:4e080a3048b53489,22,5.38479,0.9286194,5.0004204589259995
15911.621031991672,bench:4e080a3048b53489,22,5.36693,0.9321114,5.002576636002
15915.817478991812,bench:4e080a3048b53489,22,5.43837,0.928888,5.05163663256
15923.53452599491,bench:4e080a3048b53489,22,5.58125,0.928888,5.18435615
15927.836304996163,bench:4e080a3048b53489,22,5.63483,0.9283507,5.231098374881
15932.05458499142,bench:4e080a3048b53489,22,5.38479,0.9315742,5.016331436418
15936.170606000815,bench:4e080a3048b53489,22,5.36693,0.9275449,4.978068550157
15943.550878000678,bench:4e080a3048b53489,22,5.48302,0.928888,5.09311148176
15951.609551993897,bench:4e080a3048b53489,22,5.36693,0.9326486,5.005459750798
15959.641225985251,bench:4e080a3048b53489,22,5.97417,0.928888,5.549334822960001
15967.61110398802,bench:4e080a3048b53489,22,5.40265,0.9270077,5.008298150405
15971.822420979152,bench:4e080a3048b53489,22,5.32228,0.9304997,4.952379943316
15979.583745996933,bench:4e080a3048b53489,22,5.34907,0.9294252,4.971560454564
15983.744284982095,bench:4e080a3048b53489,22,5.43837,0.928888,5.05163663256
15988.02771299961,bench:4e080a3048b53489,22,5.41158,0.9283507,5.023844081106
15992.724580981303,bench:4e080a3048b53489,22,4.16138,0.9299625,3.8699273482500005
15999.683893984184,bench:4e080a3048b53489,22,4.24175,0.928888,3.940110674
16003.931005980121,bench:4e080a3048b53489,22,4.15245,0.9283507,3.854929864215
16011.717146000592,bench:4e080a3048b53489,22,6.00096,0.9321114,5.593563226944
16015.878147998592,bench:4e080a3048b53489,22,5.8938,0.9286194,5.47309701972
16023.670601978665,bench:4e080a3048b53489,22,5.8938,0.9286194,5.47309701972
16031.545202975394,bench:4e080a3048b53489,22,5.99203,0.928888,5.56592476264
16035.756853001658,bench:4e080a3048b53489,22,5.45623,0.9302311,5.0755548347529995
16043.54375199182,bench:4e080a3048b53489,22,5.509809,0.9315742,5.1327959113278
16047.765641997103,bench:4e080a3048b53489,22,5.37586,0.9369466,5.036893749076
16055.60061399592,bench:4e080a3048b53489,22,5.509809,0.9286194,5.1165155276946
16059.808616992086,bench:4e080a3048b53489,22,5.36693,0.9291566,4.986718431238
16067.625032999786,bench:4e080a3048b53489,22,5.509809,0.9286194,5.1165155276946
16071.869589999551,bench:4e080a3048b53489,22,5.34907,0.9283507,4.965812878849
16079.628284991486,bench:4e080a3048b53489,22,5.8938,0.9280821,5.46993028098
16083.83484298247,bench:4e080a3048b53489,22,5.34907,0.9286194,4.967250173958
16088.030159997288,bench:4e080a3048b53489,22,5.92952,0.9291566,5.5094526428320005
16095.597152976552,bench:4e080a3048b53489,22,5.68841,0.9291566,5.285423695006
16099.805246980395,bench:4e080a3048b53489,22,5.54553,0.9291566,5.152665799998
16107.625070988433,bench:4e080a3048b53489,22,6.28672,0.9294252,5.8430359933439995
16115.599115990335,bench:4e080a3048b53489,22,5.56339,0.9283507,5.164777000873
16119.821765983943,bench:4e080a3048b53489,22,5.36693,0.9291566,4.986718431238
16123.954583978048,bench:4e080a3048b53489,22,6.00096,0.9286194,5.5726078746239995
16131.5376139828,bench:4e080a3048b53489,22,5.97417,0.9299625,5.555754068625
16135.760911973193,bench:4e080a3048b53489,22,6.00989,0.928888,5.582514702320001
16140.182337985607,bench:4e080a3048b53489,22,5.70627,0.9294252,5.303551136004
16147.639757982688,bench:4e080a3048b53489,22,4.76862,0.9286194,4.428233043228
16155.356989998836,bench:4e080a3048b53489,22,5.509809,0.9286194,5.1165155276946
16159.608176996699,bench:4e080a3048b53489,22,4.39356,0.9296938,4.084665491928
16167.68940599286,bench:4e080a3048b53489,22,5.358,0.9291566,4.9784210628
16179.538584983675,bench:4e080a3048b53489,22,5.39372,0.9369466,5.053627615352
16191.633076989092,bench:4e080a3048b53489,22,5.48302,0.928888,5.09311148176
16199.243124981876,bench:4e080a3048b53489,22,5.43837,0.9294252,5.054558124923999
16211.758058983833,idle,22,5.38479,0.9369466,5.045260682214
16216.28124298877,idle,22,1.71456,0.9291566,1.593094740096
16233.884244982619,idle,22,1.41987,0.8732836,1.2399491851320001
16241.757420997601,idle,22,1.00909,0.7225879,0.729156224011
16250.003425986506,idle,22,1.24127,0.8332592,1.034299647184
16267.275634978432,idle,22,1.15197,0.8182165,0.942560861505
16275.374751974596,bench:56c837ca2ccc242a,23,1.90209,0.8182165,1.5563214224850002
16279.913343983935,bench:56c837ca2ccc242a,23,1.89316,0.8182165,1.54901474914
16287.029747996712,bench:56c837ca2ccc242a,23,2.98262,0.9283507,2.768917364834
16291.11438099062,bench:56c837ca2ccc242a,23,2.93797,0.9280821,2.726677367337
16295.182494999608,bench:56c837ca2ccc242a,23,2.90225,0.9291566,2.69664474235
16299.239498999668,bench:56c837ca2ccc242a,23,2.91118,0.9286194,2.703378224892
16305.7737039926,bench:56c837ca2ccc242a,23,2.82188,0.9184118,2.5916478901840003
16309.851428988623,bench:56c837ca2ccc242a,23,2.81295,0.9192177,2.585713429215
16315.402845997596,bench:56c837ca2ccc242a,23,2.97369,0.9294252,2.763822422988
16319.649402983487,bench:56c837ca2ccc242a,23,2.9469,0.9286194,2.73654850986
16323.703776986804,bench:56c837ca2ccc242a,23,2.99155,0.9291566,2.77961842673
16327.746206981828,bench:56c837ca2ccc242a,23,2.91118,0.9286194,2.703378224892
16331.766950985184,bench:56c837ca2ccc242a,23,2.92011,0.9283507,2.710886162577
16335.800528991967,bench:56c837ca2ccc242a,23,2.9469,0.928888,2.7373400472
16339.816050982336,bench:56c837ca2ccc242a,23,2.97369,0.9286194,2.761426223586
16343.824591982411,bench:56c837ca2ccc242a,23,2.92904,0.9286194,2.719963367376
16347.785891994135,bench:56c837ca2ccc242a,23,2.9469,0.9286194,2.73654850986
16351.844339980744,bench:56c837ca2ccc242a,23,2.92011,0.9286194,2.7116707961340003
16355.875250999816,bench:56c837ca2ccc242a,23,2.91118,0.9286194,2.703378224892
16359.898050985066,bench:56c837ca2ccc242a,23,2.95583,0.9286194,2.7448410811020003
16363.965442986228,bench:56c837ca2ccc242a,23,2.9469,0.9283507,2.73575667783
16367.99727997277,bench:56c837ca2ccc242a,23,2.90225,0.9294252,2.6974242867
16372.071115998551,bench:56c837ca2ccc242a,23,2.93797,0.9291566,2.729834216102
16376.079563982785,bench:56c837ca2ccc242a,23,2.92011,0.9283507,2.710886162577
16380.102512979647,bench:56c837ca2ccc242a,23,2.95583,0.9286194,2.7448410811020003
16384.081997995963,bench:56c837ca2ccc242a,23,2.92011,0.9286194,2.7116707961340003
16388.067668973235,bench:56c837ca2ccc242a,23,2.92904,0.928888,2.7207501075200002
16392.119967989856,bench:56c837ca2ccc242a,23,2.9469,0.9280821,2.73496514049
16396.156823990168,bench:56c837ca2ccc242a,23,2.93797,0.9294252,2.730623354844
16400.147641979856,bench:56c837ca2ccc242a,23,2.97369,0.9291566,2.763023689854
16404.18907199637,bench:56c837ca2ccc242a,23,2.95583,0.9291566,2.7464289529780004
16408.246093982598,bench:56c837ca2ccc242a,23,2.92011,0.9296938,2.714808162318
16412.31037498801,bench:56c837ca2ccc242a,23,2.96476,0.928888,2.7539299868800002
16416.327655984787,bench:56c837ca2ccc242a,23,2.9469,0.928888,2.7373400472
16420.306900981814,bench:56c837ca2ccc242a,23,2.92904,0.9291566,2.7215368476640003
16424.319274985464,bench:56c837ca2ccc242a,23,2.97369,0.9280821,2.759828459949
16428.364129998954,bench:56c837ca2ccc242a,23,2.92904,0.9286194,2.719963367376
16432.33291199431,bench:56c837ca2ccc242a,23,2.92904,0.9283507,2.719176334328
16436.35250799707,bench:56c837ca2ccc242a,23,2.93797,0.9280821,2.726677367337
16440.352233999874,bench:56c837ca2ccc242a,23,2.96476,0.9286194,2.753133652344
16444.387274998007,bench:56c837ca2ccc242a,23,2.9469,0.928888,2.7373400472
16448.44205598929,bench:56c837ca2ccc242a,23,2.93797,0.9291566,2.729834216102
16452.409115998307,bench:56c837ca2ccc242a,23,2.92904,0.928888,2.7207501075200002
16456.403174990555,bench:56c837ca2ccc242a,23,2.93797,0.928888,2.72904507736
16460.46219699201,bench:56c837ca2ccc242a,23,2.92904,0.928888,2.7207501075200002
16464.481681992766,bench:56c837ca2ccc242a,23,2.95583,0.9286194,2.7448410811020003
16468.55014798348,bench:56c837ca2ccc242a,23,2.95583,0.9283507,2.744046849581
16472.51946697361,bench:56c837ca2ccc242a,23,2.92011,0.9283507,2.710886162577
16476.582545001293,bench:56c837ca2ccc242a,23,2.92904,0.9283507,2.719176334328
16480.566640995676,bench:56c837ca2ccc242a,23,2.9469,0.928888,2.7373400472
16484.646514989436,bench:56c837ca2ccc242a,23,2.96476,0.928888,2.7539299868800002
16488.70101798093,bench:56c837ca2ccc242a,23,2.93797,0.9294252,2.730623354844
16492.717521992745,bench:56c837ca2ccc242a,23,2.9469,0.928888,2.7373400472
16496.720228984486,bench:56c837ca2ccc242a,23,2.93797,0.9286194,2.728255938618
16500.749750994146,bench:56c837ca2ccc242a,23,2.97369,0.9286194,2.761426223586
16504.741828975966,bench:56c837ca2ccc242a,23,2.92011,0.928888,2.71245513768
16508.75242598704,bench:56c837ca2ccc242a,23,2.92011,0.9291566,2.7132394792260004
16512.81061398913,bench:56c837ca2ccc242a,23,2.92904,0.9291566,2.7215368476640003
16516.823043988552,bench:56c837ca2ccc242a,23,2.93797,0.9291566,2.729834216102
16520.852046989603,bench:56c837ca2ccc242a,23,2.95583,0.9294252,2.747222888916
16524.88506998634,bench:56c837ca2ccc242a,23,2.96476,0.928888,2.7539299868800002
16528.862591978395,bench:56c837ca2ccc242a,23,2.98262,0.9294252,2.7721221900239996
16532.93709497666,bench:56c837ca2ccc242a,23,2.99155,0.928888,2.7788148964
16536.923135980032,bench:56c837ca2ccc242a,23,2.9469,0.9286194,2.73654850986
16540.876973973354,bench:56c837ca2ccc242a,23,2.93797,0.928888,2.72904507736
16544.942791981157,bench:56c837ca2ccc242a,23,2.92011,0.9294252,2.714023820772
16548.9733699942,bench:56c837ca2ccc242a,23,2.95583,0.928888,2.74563501704
16553.009483992355,bench:56c837ca2ccc242a,23,2.92904,0.9291566,2.7215368476640003
16557.009672978893,bench:56c837ca2ccc242a,23,2.88439,0.928888,2.67927525832
16561.000213987427,bench:56c837ca2ccc242a,23,2.97369,0.928888,2.76222495672
16565.01184697845,bench:56c837ca2ccc242a,23,2.97369,0.928888,2.76222495672
16569.024313997943,bench:56c837ca2ccc242a,23,2.91118,0.928888,2.70416016784
16573.09098399128,bench:56c837ca2ccc242a,23,2.95583,0.928888,2.74563501704
16577.09706199239,bench:56c837ca2ccc242a,23,2.95583,0.9286194,2.7448410811020003
16581.07254697825,bench:56c837ca2ccc242a,23,2.92011,0.9291566,2.7132394792260004
16585.13842098182,bench:56c837ca2ccc242a,23,2.97369,0.9294252,2.763822422988
16589.14944299613,bench:56c837ca2ccc242a,23,3.49163,0.9286194,3.2423953556219995
16593.184242985444,bench:56c837ca2ccc242a,23,3.4827,0.928888,3.2350382376
16597.207301994786,bench:56c837ca2ccc242a,23,3.05406,0.928888,2.8368796852800005
16601.21406498365,bench:56c837ca2ccc242a,23,2.96476,0.928888,2.7539299868800002
16605.248031992232,bench:56c837ca2ccc242a,23,2.96476,0.928888,2.7539299868800002
16609.290831984254,bench:56c837ca2ccc242a,23,2.97369,0.9283507,2.7606271930829998
16613.329390995204,bench:56c837ca2ccc242a,23,2.93797,0.9286194,2.728255938618
16617.36196797574,bench:56c837ca2ccc242a,23,2.97369,0.928888,2.76222495672
16621.333675982896,bench:56c837ca2ccc242a,23,2.95583,0.928888,2.74563501704
16625.39904998266,bench:56c837ca2ccc242a,23,2.93797,0.9286194,2.728255938618
16633.484704972943,bench:56c837ca2ccc242a,23,2.93797,0.9280821,2.726677367337
16637.478634977015,bench:56c837ca2ccc242a,23,2.92011,0.9294252,2.714023820772
16641.524507984286,bench:56c837ca2ccc242a,23,2.97369,0.9296938,2.764621156122
16645.544937986415,bench:56c837ca2ccc242a,23,2.98262,0.9291566,2.771321058292
16649.553033988923,bench:56c837ca2ccc242a,23,3.01834,0.9280821,2.801267325714
16653.57372298604,bench:56c837ca2ccc242a,23,2.9469,0.9294252,2.7389231218799996
16657.588004978606,bench:56c837ca2ccc242a,23,2.96476,0.9294252,2.755522655952
16661.632285977248,bench:56c837ca2ccc242a,23,2.95583,0.928888,2.74563501704
16665.58345698286,bench:56c837ca2ccc242a,23,2.90225,0.9286194,2.69508565365
16669.602848996874,bench:56c837ca2ccc242a,23,2.97369,0.9291566,2.763023689854
16673.668185976567,bench:56c837ca2ccc242a,23,2.92904,0.9294252,2.722323587808
16677.690671000164,bench:56c837ca2ccc242a,23,2.90225,0.9294252,2.6974242867
16681.68074899586,bench:56c837ca2ccc242a,23,2.93797,0.9283507,2.7274665060789998
16685.660196992103,bench:56c837ca2ccc242a,23,2.97369,0.9283507,2.7606271930829998
16689.679978997447,bench:56c837ca2ccc242a,23,2.97369,0.9294252,2.763822422988
16693.655408977065,bench:56c837ca2ccc242a,23,2.97369,0.9286194,2.761426223586
16697.69330098643,bench:56c837ca2ccc242a,23,2.91118,0.9291566,2.704942110788
16701.731137989555,bench:56c837ca2ccc242a,23,2.9469,0.9294252,2.7389231218799996
16705.758400988998,bench:56c837ca2ccc242a,23,2.91118,0.9286194,2.703378224892
16709.85781098716,bench:56c837ca2ccc242a,23,3.62558,0.9286194,3.3667839242519997
16716.497866989812,bench:56c837ca2ccc242a,23,2.89332,0.9291566,2.6883473739120003
16720.598443993367,bench:56c837ca2ccc242a,23,2.82188,0.9283507,2.619694273316
16724.586429976625,bench:56c837ca2ccc242a,23,2.84867,0.9291566,2.646860531722
16728.59376698034,bench:56c837ca2ccc242a,23,2.82188,0.928888,2.6212104694400002
16732.64593697968,bench:56c837ca2ccc242a,23,2.88439,0.9291566,2.680050005474
16736.642514995765,bench:56c837ca2ccc242a,23,2.83081,0.9283507,2.627984445067
16740.69531497662,bench:56c837ca2ccc242a,23,2.7683,0.9286194,2.57069708502
16744.676058995537,bench:56c837ca2ccc242a,23,2.84867,0.9286194,2.645330226198
16748.660359997302,bench:56c837ca2ccc242a,23,2.84867,0.9291566,2.646860531722
16752.69445599406,bench:56c837ca2ccc242a,23,2.86653,0.9294252,2.664225218556
16756.68081099866,bench:56c837ca2ccc242a,23,2.83974,0.928888,2.63780040912
16760.687351983506,bench:56c837ca2ccc242a,23,2.83974,0.9291566,2.638563163284
16764.728114998434,bench:56c837ca2ccc242a,23,2.81295,0.9286194,2.61215994123
16768.769062997308,bench:56c837ca2ccc242a,23,2.84867,0.9280821,2.643799635807
16772.770732990466,bench:56c837ca2ccc242a,23,2.83081,0.928888,2.6295054392800004
16776.769662974402,bench:56c837ca2ccc242a,23,2.83081,0.9286194,2.628745083714
16783.435644989368,bench:56c837ca2ccc242a,23,2.95583,0.9286194,2.7448410811020003
16787.502129998757,bench:56c837ca2ccc242a,23,2.92011,0.9294252,2.714023820772
16791.535817988915,bench:56c837ca2ccc242a,23,2.92904,0.928888,2.7207501075200002
16795.51511898171,bench:56c837ca2ccc242a,23,2.88439,0.928888,2.67927525832
16799.571343988646,bench:56c837ca2ccc242a,23,2.92011,0.928888,2.71245513768
16803.62447697553,bench:56c837ca2ccc242a,23,2.92011,0.9286194,2.7116707961340003
16807.663961983053,bench:56c837ca2ccc242a,23,2.9469,0.9294252,2.7389231218799996
16813.249026978156,bench:56c837ca2ccc242a,23,2.8576,0.9192177,2.6267564995200003
16817.55047297338,bench:56c837ca2ccc242a,23,2.81295,0.9192177,2.585713429215
16821.59975398099,bench:56c837ca2ccc242a,23,2.80402,0.9184118,2.575245055436
16825.601591001032,bench:56c837ca2ccc242a,23,2.82188,0.9192177,2.593922043276
16829.688352998346,bench:56c837ca2ccc242a,23,2.75044,0.9192177,2.5282531307880003
16833.76002300065,bench:56c837ca2ccc242a,23,2.80402,0.9184118,2.575245055436
16837.862210988533,bench:56c837ca2ccc242a,23,2.7683,0.9184118,2.54243938594
16841.909788985504,bench:56c837ca2ccc242a,23,2.79509,0.918949,2.5685451604100002
16847.47324298951,bench:56c837ca2ccc242a,23,2.92011,0.9286194,2.7116707961340003
16851.726262975717,bench:56c837ca2ccc242a,23,2.92904,0.928888,2.7207501075200002
16855.76608098927,bench:56c837ca2ccc242a,23,2.93797,0.9283507,2.7274665060789998
16859.724251989974,bench:56c837ca2ccc242a,23,2.93797,0.9286194,2.728255938618
16863.74501499813,bench:56c837ca2ccc242a,23,2.91118,0.9291566,2.704942110788
16867.72353798733,bench:56c837ca2ccc242a,23,2.92011,0.9286194,2.7116707961340003
16871.720707975328,idle,23,1.66991,0.928888,1.55115936008
16875.913339987164,idle,23,1.65205,0.928888,1.5345694204
16892.784625990316,idle,23,1.21448,0.8329906,1.011650423888
16898.55942997383,idle,23,1.22341,0.8335279,1.019746368139
16903.212631994393,idle,23,1.21448,0.8335279,1.012302963992
16920.567690976895,idle,23,1.14304,0.8187538,0.935868343552
16926.454050000757,bench:5bfd15a0c449e703,24,1.89316,0.8184852,1.549523441232
16930.92751299264,bench:5bfd15a0c449e703,24,1.86637,0.8187538,1.528097529706
16938.77996597439,bench:5bfd15a0c449e703,24,2.7683,0.9186804,2.54318295132
16942.864246986574,bench:5bfd15a0c449e703,24,2.77723,0.9192177,2.552878972971
16948.446792986942,bench:5bfd15a0c449e703,24,2.91118,0.9280821,2.701814047878
16952.68483198015,bench:5bfd15a0c449e703,24,2.90225,0.9291566,2.69664474235
16956.70959498966,bench:5bfd15a0c449e703,24,2.92011,0.9283507,2.710886162577
16960.86302297772,bench:5bfd15a0c449e703,24,2.92011,0.928888,2.71245513768
16964.88141597365,bench:5bfd15a0c449e703,24,3.00941,0.928888,2.79540483608
16968.890474992804,bench:5bfd15a0c449e703,24,2.98262,0.9286194,2.769718794828
16975.29518097872,bench:5bfd15a0c449e703,24,2.78616,0.9186804,2.5595905832640002
16981.7410169926,bench:5bfd15a0c449e703,24,2.95583,0.928888,2.74563501704
16985.8163530007,bench:5bfd15a0c449e703,24,2.92904,0.928888,2.7207501075200002
16989.810949977254,bench:5bfd15a0c449e703,24,2.93797,0.9283507,2.7274665060789998
16993.83469397435,bench:5bfd15a0c449e703,24,2.92904,0.928888,2.7207501075200002
16997.880085982615,bench:5bfd15a0c449e703,24,2.93797,0.9283507,2.7274665060789998
17001.888941973448,bench:5bfd15a0c449e703,24,2.92011,0.9294252,2.714023820772
17005.91057498241,bench:5bfd15a0c449e703,24,2.92011,0.9294252,2.714023820772
17009.924282989232,bench:5bfd15a0c449e703,24,2.92904,0.928888,2.7207501075200002
17013.928545988165,bench:5bfd15a0c449e703,24,2.90225,0.9283507,2.6943058190749998
17017.960456985747,bench:5bfd15a0c449e703,24,2.93797,0.9286194,2.728255938618
17022.013070993125,bench:5bfd15a0c449e703,24,2.98262,0.9291566,2.771321058292
17026.095092995092,bench:5bfd15a0c449e703,24,2.90225,0.9286194,2.69508565365
17030.144040996674,bench:5bfd15a0c449e703,24,2.90225,0.9286194,2.69508565365
17034.172599989688,bench:5bfd15a0c449e703,24,2.91118,0.9291566,2.704942110788
17038.178363000043,bench:5bfd15a0c449e703,24,2.9469,0.928888,2.7373400472
17042.20777397859,bench:5bfd15a0c449e703,24,2.92904,0.9294252,2.722323587808
17046.17111099651,bench:5bfd15a0c449e703,24,2.93797,0.9286194,2.728255938618
17050.225614977535,bench:5bfd15a0c449e703,24,2.9469,0.9286194,2.73654850986
17054.270747990813,bench:5bfd15a0c449e703,24,2.9469,0.928888,2.7373400472
17058.258826000383,bench:5bfd15a0c449e703,24,2.91118,0.9286194,2.703378224892
17062.25734797772,bench:5bfd15a0c449e703,24,2.93797,0.928888,2.72904507736
17066.298221994657,bench:5bfd15a0c449e703,24,2.91118,0.9286194,2.703378224892
17070.272410986945,bench:5bfd15a0c449e703,24,2.92011,0.9291566,2.7132394792260004
17074.2611369933,bench:5bfd15a0c449e703,24,2.90225,0.928888,2.6958651980000004
17078.28310399782,bench:5bfd15a0c449e703,24,2.91118,0.9283507,2.702595990826
17082.278625981417,bench:5bfd15a0c449e703,24,2.92011,0.9286194,2.7116707961340003
17086.268129991367,bench:5bfd15a0c449e703,24,2.90225,0.9296938,2.69820383105
17090.302262979094,bench:5bfd15a0c449e703,24,2.93797,0.928888,2.72904507736
17094.269618974067,bench:5bfd15a0c449e703,24,2.92904,0.9286194,2.719963367376
17098.343436984578,bench:5bfd15a0c449e703,24,2.92011,0.9286194,2.7116707961340003
17102.363977988716,bench:5bfd15a0c449e703,24,2.91118,0.9286194,2.703378224892
17106.356703996425,bench:5bfd15a0c449e703,24,2.9469,0.9294252,2.7389231218799996
17110.404299979564,bench:5bfd15a0c449e703,24,2.92011,0.9291566,2.7132394792260004
17114.433784998255,bench:5bfd15a0c449e703,24,2.93797,0.928888,2.72904507736
17118.46519599203,bench:5bfd15a0c449e703,24,2.92904,0.9294252,2.722323587808
17122.43953399593,bench:5bfd15a0c449e703,24,2.91118,0.9286194,2.703378224892
17126.44994497532,bench:5bfd15a0c449e703,24,2.92011,0.928888,2.71245513768
17130.574761977186,bench:5bfd15a0c449e703,24,2.95583,0.9294252,2.747222888916
17136.183215974597,bench:5bfd15a0c449e703,24,2.79509,0.9192177,2.569296201093
17140.458068985026,bench:5bfd15a0c449e703,24,2.80402,0.918949,2.57675137498
17146.024207992014,bench:5bfd15a0c449e703,24,2.95583,0.9286194,2.7448410811020003
17150.241728988476,bench:5bfd15a0c449e703,24,2.90225,0.9294252,2.6974242867
17154.235361987958,bench:5bfd15a0c449e703,24,2.91118,0.9286194,2.703378224892
17158.244254998863,bench:5bfd15a0c449e703,24,2.92011,0.9294252,2.714023820772
17162.225295993267,bench:5bfd15a0c449e703,24,2.9469,0.9283507,2.73575667783
17166.33874300169,bench:5bfd15a0c449e703,24,2.92904,0.928888,2.7207501075200002
17170.412319974275,bench:5bfd15a0c449e703,24,2.93797,0.928888,2.72904507736
17174.4946379913,bench:5bfd15a0c449e703,24,2.91118,0.928888,2.70416016784
17178.51778998738,bench:5bfd15a0c449e703,24,2.93797,0.9291566,2.729834216102
17182.533811981557,bench:5bfd15a0c449e703,24,2.90225,0.9291566,2.69664474235
17186.56244597514,bench:5bfd15a0c449e703,24,2.92011,0.928888,2.71245513768
17190.577522997046,bench:5bfd15a0c449e703,24,2.91118,0.9286194,2.703378224892
17194.635470979847,bench:5bfd15a0c449e703,24,3.00048,0.928888,2.7871098662400002
17198.67397498456,bench:5bfd15a0c449e703,24,2.9469,0.928888,2.7373400472
17205.201456992654,bench:5bfd15a0c449e703,24,3.17908,0.9192177,2.922266605716
17209.253552980954,bench:5bfd15a0c449e703,24,2.84867,0.9184118,2.6162521423059997
17214.816377992975,bench:5bfd15a0c449e703,24,2.91118,0.928888,2.70416016784
17219.065804994898,bench:5bfd15a0c449e703,24,2.92011,0.928888,2.71245513768
17223.07764197467,bench:5bfd15a0c449e703,24,2.93797,0.9291566,2.729834216102
17227.14244198869,bench:5bfd15a0c449e703,24,2.92904,0.9291566,2.7215368476640003
17231.18829698069,bench:5bfd15a0c449e703,24,2.91118,0.9291566,2.704942110788
17235.292429977562,bench:5bfd15a0c449e703,24,2.91118,0.9291566,2.704942110788
17241.736283991486,bench:5bfd15a0c449e703,24,2.77723,0.918949,2.55213273127
17245.82300899783,bench:5bfd15a0c449e703,24,2.78616,0.9192177,2.5610875870320005
17251.360073976684,bench:5bfd15a0c449e703,24,2.92904,0.9294252,2.722323587808
17255.685408978024,bench:5bfd15a0c449e703,24,2.92011,0.9286194,2.7116707961340003
17259.689671976957,bench:5bfd15a0c449e703,24,2.9469,0.9280821,2.73496514049
17263.786914991215,bench:5bfd15a0c449e703,24,2.9469,0.928888,2.7373400472
17267.762770992704,bench:5bfd15a0c449e703,24,2.91118,0.9291566,2.704942110788
17271.78666400141,bench:5bfd15a0c449e703,24,2.93797,0.928888,2.72904507736
17278.22749898769,bench:5bfd15a0c449e703,24,2.81295,0.9192177,2.585713429215
17282.330797985196,bench:5bfd15a0c449e703,24,2.78616,0.918949,2.5603389458400003
17286.36844997527,bench:5bfd15a0c449e703,24,2.81295,0.9181431,2.582690633145
17290.449305000948,bench:5bfd15a0c449e703,24,2.78616,0.9184118,2.558842220688
17296.02659199736,bench:5bfd15a0c449e703,24,2.91118,0.928888,2.70416016784
17300.262074975763,bench:5bfd15a0c449e703,24,2.9469,0.9291566,2.73813158454
17304.291485983413,bench:5bfd15a0c449e703,24,2.93797,0.928888,2.72904507736
17308.299100986915,bench:5bfd15a0c449e703,24,2.9469,0.9294252,2.7389231218799996
17312.310308974702,bench:5bfd15a0c449e703,24,2.91118,0.928888,2.70416016784
17316.290664981352,bench:5bfd15a0c449e703,24,2.87546,0.9280821,2.668662955266
17320.276019978337,bench:5bfd15a0c449e703,24,2.93797,0.9286194,2.728255938618
17324.296449980466,bench:5bfd15a0c449e703,24,2.90225,0.9286194,2.69508565365
17328.505377983674,bench:5bfd15a0c449e703,24,2.92904,0.928888,2.7207501075200002
17332.51812198432,bench:5bfd15a0c449e703,24,2.97369,0.9286194,2.761426223586
17336.522218975006,bench:5bfd15a0c449e703,24,2.92904,0.928888,2.7207501075200002
17340.502055973047,bench:5bfd15a0c449e703,24,2.90225,0.9286194,2.69508565365
17344.495300989365,bench:5bfd15a0c449e703,24,2.92904,0.9294252,2.722323587808
17348.447785974713,bench:5bfd15a0c449e703,24,2.96476,0.9294252,2.755522655952
17352.434197993716,bench:5bfd15a0c449e703,24,2.92011,0.9286194,2.7116707961340003
17356.40888698981,bench:5bfd15a0c449e703,24,2.90225,0.928888,2.6958651980000004
17360.400612989906,bench:5bfd15a0c449e703,24,2.92011,0.928888,2.71245513768
17364.483837998705,bench:5bfd15a0c449e703,24,2.92011,0.9291566,2.7132394792260004
17368.449805973796,bench:5bfd15a0c449e703,24,2.90225,0.9291566,2.69664474235
17372.45277198963,bench:5bfd15a0c449e703,24,2.91118,0.928888,2.70416016784
17376.462831976824,bench:5bfd15a0c449e703,24,2.91118,0.9291566,2.704942110788
17380.512390984222,bench:5bfd15a0c449e703,24,2.88439,0.9286194,2.678500511166
17384.55298700137,bench:5bfd15a0c449e703,24,2.90225,0.9280821,2.693526274725
17388.530842988985,bench:5bfd15a0c449e703,24,2.89332,0.9286194,2.686793082408
17392.494475992862,bench:5bfd15a0c449e703,24,2.91118,0.9291566,2.704942110788
17396.57153497683,bench:5bfd15a0c449e703,24,2.92011,0.9286194,2.7116707961340003
17400.612261000788,bench:5bfd15a0c449e703,24,2.88439,0.9286194,2.678500511166
17404.634523991263,bench:5bfd15a0c449e703,24,2.91118,0.9286194,2.703378224892
17408.633675979218,bench:5bfd15a0c449e703,24,2.92011,0.9291566,2.7132394792260004
17412.68410498742,bench:5bfd15a0c449e703,24,2.92011,0.9283507,2.710886162577
17416.677256987896,bench:5bfd15a0c449e703,24,2.91118,0.9283507,2.702595990826
17420.728907978628,bench:5bfd15a0c449e703,24,2.90225,0.928888,2.6958651980000004
17424.697837996064,bench:5bfd15a0c449e703,24,2.92904,0.9280821,2.718389594184
17428.743674972793,bench:5bfd15a0c449e703,24,2.96476,0.928888,2.7539299868800002
17432.831344980514,bench:5bfd15a0c449e703,24,2.93797,0.9286194,2.728255938618
17436.897181993118,bench:5bfd15a0c449e703,24,3.01834,0.9286194,2.8028890797959995
17440.90135197621,bench:5bfd15a0c449e703,24,2.92011,0.928888,2.71245513768
17444.9271329795,bench:5bfd15a0c449e703,24,2.92011,0.928888,2.71245513768
17448.946525983047,bench:5bfd15a0c449e703,24,2.92011,0.9286194,2.7116707961340003
17452.97964097699,bench:5bfd15a0c449e703,24,2.93797,0.928888,2.72904507736
17456.963977980195,bench:5bfd15a0c449e703,24,2.92011,0.9286194,2.7116707961340003
17460.936463990947,bench:5bfd15a0c449e703,24,2.92904,0.9286194,2.719963367376
17464.978540985612,bench:5bfd15a0c449e703,24,2.92011,0.9283507,2.710886162577
17468.9776559826,bench:5bfd15a0c449e703,24,2.93797,0.9286194,2.728255938618
17473.012103990186,bench:5bfd15a0c449e703,24,2.89332,0.9286194,2.686793082408
17477.00745999464,bench:5bfd15a0c449e703,24,2.92904,0.9280821,2.718389594184
17481.001333973836,bench:5bfd15a0c449e703,24,2.92904,0.9286194,2.719963367376
17485.047559981467,bench:5bfd15a0c449e703,24,2.91118,0.9294252,2.7057240537359997
17489.028859999962,bench:5bfd15a0c449e703,24,2.92011,0.928888,2.71245513768
17493.054622987984,bench:5bfd15a0c449e703,24,2.92011,0.9283507,2.710886162577
17497.05384898698,bench:5bfd15a0c449e703,24,2.88439,0.928888,2.67927525832
17501.064703974407,bench:5bfd15a0c449e703,24,2.91118,0.9280821,2.701814047878
17505.12157799676,bench:5bfd15a0c449e703,24,2.92904,0.9280821,2.718389594184
17509.21808098792,bench:5bfd15a0c449e703,24,4.06315,0.928888,3.7742112772000005
17513.235473976238,bench:5bfd15a0c449e703,24,2.99155,0.928888,2.7788148964
17517.240291985217,bench:5bfd15a0c449e703,24,3.05406,0.9291566,2.837700005796
17521.224147989415,bench:5bfd15a0c449e703,24,2.9469,0.928888,2.7373400472
17525.178022973705,idle,24,1.70563,0.9294252,1.585255503876
17531.748579000123,idle,24,1.43773,0.888595,1.27755968935
17547.101914999075,idle,24,1.4288,0.8888636,1.27000831168
17551.4956190018,idle,24,1.43773,0.8888636,1.277945863628
17555.86128597497,idle,24,1.4288,0.888595,1.269624536
17572.87884899415,idle,24,1.17876,0.8184852,0.9647976143520001
17583.546463982202,bench:9c35a2e70d6cc3c0,25,1.86637,0.8184852,1.527596222724
17588.36859097937,bench:9c35a2e70d6cc3c0,25,1.85744,0.8187538,1.5207860582719999
17592.955107975286,bench:9c35a2e70d6cc3c0,25,1.86637,0.8187538,1.528097529706
17599.229851999553,bench:9c35a2e70d6cc3c0,25,2.61649,0.918949,2.4044208690100004
17603.6259449902,bench:9c35a2e70d6cc3c0,25,2.71472,0.918949,2.49468922928
17607.85646599834,bench:9c35a2e70d6cc3c0,25,2.679,0.918949,2.461864371
17614.715297997463,bench:9c35a2e70d6cc3c0,25,2.84867,0.9286194,2.645330226198
17618.91852199915,bench:9c35a2e70d6cc3c0,25,2.88439,0.928888,2.67927525832
17623.148375976598,bench:9c35a2e70d6cc3c0,25,2.80402,0.9283507,2.603113929814
17627.27891598479,bench:9c35a2e70d6cc3c0,25,2.80402,0.928888,2.60462052976
17637.82095798524,bench:9c35a2e70d6cc3c0,25,2.74151,0.918949,2.51930787299
17643.405688984785,bench:9c35a2e70d6cc3c0,25,2.82188,0.9291566,2.6219684264080003
17647.67354298965,bench:9c35a2e70d6cc3c0,25,2.82188,0.928888,2.6212104694400002
17651.824989996385,bench:9c35a2e70d6cc3c0,25,2.82188,0.928888,2.6212104694400002
17656.05862098164,bench:9c35a2e70d6cc3c0,25,2.81295,0.928888,2.6129154996
17661.54161299346,bench:9c35a2e70d6cc3c0,25,2.74151,0.918949,2.51930787299
17665.841483976692,bench:9c35a2e70d6cc3c0,25,2.71472,0.9194863,2.496147848336
17670.15818899381,bench:9c35a2e70d6cc3c0,25,2.63435,0.918949,2.42083329815
17674.323024984915,bench:9c35a2e70d6cc3c0,25,2.70579,0.9192177,2.487210060483
17678.55235998286,bench:9c35a2e70d6cc3c0,25,2.67007,0.9186804,2.4529409756279996
17682.810453989077,bench:9c35a2e70d6cc3c0,25,2.68793,0.9186804,2.469348607572
17688.44620397431,bench:9c35a2e70d6cc3c0,25,2.75937,0.928888,2.5631456805600004
17692.721279978286,bench:9c35a2e70d6cc3c0,25,2.84867,0.9283507,2.644564788569
17696.877633978147,bench:9c35a2e70d6cc3c0,25,2.78616,0.9286194,2.587282227504
17700.973451981554,bench:9c35a2e70d6cc3c0,25,2.82188,0.928888,2.6212104694400002
17706.585367996013,bench:9c35a2e70d6cc3c0,25,2.72365,0.9184118,2.50143229907
17710.91349897324,bench:9c35a2e70d6cc3c0,25,2.67007,0.9186804,2.4529409756279996
17718.109790992457,bench:9c35a2e70d6cc3c0,25,2.72365,0.9283507,2.528502384055
17724.122925981646,bench:9c35a2e70d6cc3c0,25,2.72365,0.9291566,2.5306973735900002
17728.28079899773,bench:9c35a2e70d6cc3c0,25,2.70579,0.9286194,2.512649086326
17732.417949999217,bench:9c35a2e70d6cc3c0,25,2.71472,0.9294252,2.5231291789439996
17737.728757987497,bench:9c35a2e70d6cc3c0,25,2.66114,0.9286194,2.471186230116
17742.010129994014,bench:9c35a2e70d6cc3c0,25,2.679,0.9291566,2.4892105314
17747.25447499077,bench:9c35a2e70d6cc3c0,25,2.679,0.928888,2.488490952
17751.448161987355,bench:9c35a2e70d6cc3c0,25,2.63435,0.928888,2.4470161028
17755.58586898842,bench:9c35a2e70d6cc3c0,25,2.68793,0.9283507,2.4953416970510003
17759.76840799558,bench:9c35a2e70d6cc3c0,25,2.75937,0.928888,2.5631456805600004
17765.76928398572,bench:9c35a2e70d6cc3c0,25,2.68793,0.928888,2.4967859218400004
17770.00906399917,bench:9c35a2e70d6cc3c0,25,2.67007,0.928888,2.48019598216
17774.287509993883,bench:9c35a2e70d6cc3c0,25,2.65221,0.9283507,2.4621810100470003
17778.600214980543,bench:9c35a2e70d6cc3c0,25,2.62542,0.9286194,2.438015945148
17784.00378098013,bench:9c35a2e70d6cc3c0,25,2.60756,0.918949,2.39621465444
17789.078904985217,bench:9c35a2e70d6cc3c0,25,2.70579,0.9186804,2.4857562395159998
17794.708247995004,bench:9c35a2e70d6cc3c0,25,2.87546,0.9291566,2.671752637036
17798.831861000508,bench:9c35a2e70d6cc3c0,25,2.86653,0.9294252,2.664225218556
17805.345251981635,bench:9c35a2e70d6cc3c0,25,2.72365,0.9192177,2.503627288605
17811.709642992355,bench:9c35a2e70d6cc3c0,25,2.86653,0.928888,2.6626853186400004
17815.89777499903,bench:9c35a2e70d6cc3c0,25,2.77723,0.9291566,2.580481584218
17820.010536990594,bench:9c35a2e70d6cc3c0,25,2.89332,0.928888,2.6875702281600002
17824.174094974296,bench:9c35a2e70d6cc3c0,25,2.83081,0.9283507,2.627984445067
17830.570930993417,bench:9c35a2e70d6cc3c0,25,2.64328,0.9184118,2.427619542704
17834.82333997381,bench:9c35a2e70d6cc3c0,25,2.71472,0.9184118,2.493230881696
17839.05221297755,bench:9c35a2e70d6cc3c0,25,2.72365,0.9184118,2.50143229907
17843.32088098745,bench:9c35a2e70d6cc3c0,25,2.60756,0.9186804,2.395514263824
17847.48619797756,bench:9c35a2e70d6cc3c0,25,2.69686,0.9184118,2.476828046948
17854.340714984573,bench:9c35a2e70d6cc3c0,25,2.83974,0.9286194,2.637037654956
17858.518643974094,bench:9c35a2e70d6cc3c0,25,2.84867,0.928888,2.64609537896
17862.685960979434,bench:9c35a2e70d6cc3c0,25,2.8576,0.9286194,2.65362279744
17866.83116698987,bench:9c35a2e70d6cc3c0,25,2.83974,0.9294252,2.6393259174479997
17870.898743974976,bench:9c35a2e70d6cc3c0,25,2.8576,0.9286194,2.65362279744
17875.078505981946,bench:9c35a2e70d6cc3c0,25,2.83974,0.928888,2.63780040912
17879.34817399946,bench:9c35a2e70d6cc3c0,25,2.86653,0.9280821,2.660375182113
17883.58002799214,bench:9c35a2e70d6cc3c0,25,2.81295,0.9283507,2.611404101565
17887.712900992483,bench:9c35a2e70d6cc3c0,25,2.84867,0.9286194,2.645330226198
17891.87303298968,bench:9c35a2e70d6cc3c0,25,2.83974,0.9280821,2.635511862654
17896.103664999828,bench:9c35a2e70d6cc3c0,25,2.83081,0.9283507,2.627984445067
17900.196204980602,bench:9c35a2e70d6cc3c0,25,2.8576,0.9286194,2.65362279744
17904.33365199715,bench:9c35a2e70d6cc3c0,25,2.8576,0.9291566,2.6551579001600003
17908.5115059861,bench:9c35a2e70d6cc3c0,25,2.87546,0.9286194,2.670207939924
17915.041432977887,bench:9c35a2e70d6cc3c0,25,2.74151,0.918949,2.51930787299
17919.40626798896,bench:9c35a2e70d6cc3c0,25,2.70579,0.9186804,2.4857562395159998
17923.601824993966,bench:9c35a2e70d6cc3c0,25,2.75044,0.918949,2.52751408756
17929.67729299562,bench:9c35a2e70d6cc3c0,25,2.84867,0.9286194,2.645330226198
17933.903683995595,bench:9c35a2e70d6cc3c0,25,2.84867,0.9286194,2.645330226198
17938.05653898744,bench:9c35a2e70d6cc3c0,25,2.82188,0.9286194,2.620452512472
17942.226947983727,bench:9c35a2e70d6cc3c0,25,2.84867,0.9286194,2.645330226198
17947.785753989592,bench:9c35a2e70d6cc3c0,25,2.69686,0.9192177,2.479001446422
17952.14355099597,bench:9c35a2e70d6cc3c0,25,2.67007,0.9192177,2.454375604239
17958.52760897833,bench:9c35a2e70d6cc3c0,25,2.75937,0.9286194,2.562404513778
17962.61887199944,bench:9c35a2e70d6cc3c0,25,2.80402,0.9283507,2.603113929814
17968.247398996027,bench:9c35a2e70d6cc3c0,25,2.74151,0.9192177,2.520044516727
17972.532640997088,bench:9c35a2e70d6cc3c0,25,2.70579,0.9192177,2.487210060483
17978.11127998284,bench:9c35a2e70d6cc3c0,25,2.88439,0.928888,2.67927525832
17982.38311498426,bench:9c35a2e70d6cc3c0,25,2.77723,0.9286194,2.578989656262
17986.446747992886,bench:9c35a2e70d6cc3c0,25,2.80402,0.9291566,2.605373689532
17990.627694991417,bench:9c35a2e70d6cc3c0,25,2.8576,0.928888,2.6543903488000002
17996.149463986512,bench:9c35a2e70d6cc3c0,25,2.73258,0.9197549,2.513303844642
18000.502038979903,bench:9c35a2e70d6cc3c0,25,2.68793,0.9186804,2.469348607572
18006.903059984324,bench:9c35a2e70d6cc3c0,25,2.86653,0.928888,2.6626853186400004
18011.06033998076,bench:9c35a2e70d6cc3c0,25,2.82188,0.928888,2.6212104694400002
18015.25526799378,bench:9c35a2e70d6cc3c0,25,2.83974,0.9286194,2.637037654956
18021.764009987237,bench:9c35a2e70d6cc3c0,25,2.71472,0.9192177,2.4954186745439997
18026.04632699513,bench:9c35a2e70d6cc3c0,25,2.69686,0.9184118,2.476828046948
18030.41501197731,bench:9c35a2e70d6cc3c0,25,2.68793,0.9192177,2.470792832361
18034.635902993614,bench:9c35a2e70d6cc3c0,25,2.73258,0.9186804,2.510367687432
18038.810812984593,bench:9c35a2e70d6cc3c0,25,2.72365,0.9192177,2.503627288605
18042.99129699939,bench:9c35a2e70d6cc3c0,25,2.74151,0.9192177,2.520044516727
18047.137650981313,bench:9c35a2e70d6cc3c0,25,2.71472,0.918949,2.49468922928
18051.377171999775,bench:9c35a2e70d6cc3c0,25,2.72365,0.9192177,2.503627288605
18055.569174000993,bench:9c35a2e70d6cc3c0,25,2.63435,0.9184118,2.41941812533
18063.107425987255,bench:9c35a2e70d6cc3c0,25,2.77723,0.9286194,2.578989656262
18067.401834996417,bench:9c35a2e70d6cc3c0,25,2.83081,0.9294252,2.631026150412
18071.592336986214,bench:9c35a2e70d6cc3c0,25,2.8576,0.9283507,2.65285496032
18075.718617998064,bench:9c35a2e70d6cc3c0,25,2.84867,0.9286194,2.645330226198
18081.320496974513,bench:9c35a2e70d6cc3c0,25,2.71472,0.9192177,2.4954186745439997
18085.536924976623,bench:9c35a2e70d6cc3c0,25,2.75044,0.918949,2.52751408756
18089.7063909797,bench:9c35a2e70d6cc3c0,25,2.69686,0.9192177,2.479001446422
18094.014835980488,bench:9c35a2e70d6cc3c0,25,2.72365,0.9186804,2.50216387146
18098.24518999085,bench:9c35a2e70d6cc3c0,25,2.679,0.9192177,2.4625842183
18102.485006995266,bench:9c35a2e70d6cc3c0,25,2.71472,0.9186804,2.4939600554879995
18106.677989999298,bench:9c35a2e70d6cc3c0,25,2.69686,0.9184118,2.476828046948
18110.91075098375,bench:9c35a2e70d6cc3c0,25,2.72365,0.9192177,2.503627288605
18116.48694597534,bench:9c35a2e70d6cc3c0,25,2.80402,0.9286194,2.603867369988
18120.763724989956,bench:9c35a2e70d6cc3c0,25,2.81295,0.9283507,2.611404101565
18127.292577992193,bench:9c35a2e70d6cc3c0,25,2.65221,0.918949,2.43724572729
18134.0834289731,bench:9c35a2e70d6cc3c0,25,2.84867,0.9286194,2.645330226198
18138.30333898659,bench:9c35a2e70d6cc3c0,25,2.87546,0.928888,2.67098028848
18142.516932974104,bench:9c35a2e70d6cc3c0,25,2.83081,0.9291566,2.630265794846
18146.692379988963,bench:9c35a2e70d6cc3c0,25,2.87546,0.9291566,2.671752637036
18152.460202982184,bench:9c35a2e70d6cc3c0,25,2.74151,0.9186804,2.518571503404
18156.694778997917,bench:9c35a2e70d6cc3c0,25,2.72365,0.9192177,2.503627288605
18163.07383700041,bench:9c35a2e70d6cc3c0,25,2.83974,0.9286194,2.637037654956
18170.127537974622,bench:9c35a2e70d6cc3c0,25,2.65221,0.9186804,2.436533343684
18175.054440973327,idle,25,2.75044,0.9192177,2.5282531307880003
18180.669968976872,idle,25,1.64312,0.9283507,1.525391602184
18195.740657974966,idle,25,1.63419,0.928888,1.51797948072
18203.6165559839,idle,25,1.22341,0.8480334,1.0374925418940002
18208.162887982326,idle,25,1.24127,0.8488392,1.053638633784
18226.39686698676,idle,25,1.16983,0.8332592,0.9747716099359999
18234.737130987924,bench:e8df886c35d87f69,26,1.50917,0.7225879,1.0905079810429998
18241.82408998604,bench:e8df886c35d87f69,26,2.18785,0.8636134,1.88945657719
18248.60868198448,bench:e8df886c35d87f69,26,2.82188,0.9326486,2.631822431368
18252.815424988512,bench:e8df886c35d87f69,26,2.7683,0.9286194,2.57069708502
18257.02155698673,bench:e8df886c35d87f69,26,2.83081,0.9286194,2.628745083714
18262.571195984492,bench:e8df886c35d87f69,26,2.75937,0.9186804,2.534979135348
18266.86114197946,bench:e8df886c35d87f69,26,2.67007,0.918949,2.45365815643
18273.372587980703,bench:e8df886c35d87f69,26,2.78616,0.9286194,2.587282227504
18277.539793984033,bench:e8df886c35d87f69,26,2.75937,0.928888,2.5631456805600004
18281.611611979315,bench:e8df886c35d87f69,26,2.79509,0.928888,2.5963255599200004
18285.80742899794,bench:e8df886c35d87f69,26,2.78616,0.9286194,2.587282227504
18289.969578996534,bench:e8df886c35d87f69,26,2.81295,0.928888,2.6129154996
18296.465913997963,bench:e8df886c35d87f69,26,2.60756,0.9184118,2.3948138732079998
18301.944812992588,bench:e8df886c35d87f69,26,2.75044,0.9283507,2.553372899308
18306.203129992355,bench:e8df886c35d87f69,26,2.83081,0.928888,2.6295054392800004
18310.354242974427,bench:e8df886c35d87f69,26,2.7683,0.9286194,2.57069708502
18314.646318991436,bench:e8df886c35d87f69,26,2.83081,0.928888,2.6295054392800004
18318.79633999779,bench:e8df886c35d87f69,26,2.75044,0.9286194,2.554111942536
18322.9633239971,bench:e8df886c35d87f69,26,2.78616,0.9286194,2.587282227504
18327.14071497321,bench:e8df886c35d87f69,26,2.83974,0.9283507,2.636274616818
18331.337476993212,bench:e8df886c35d87f69,26,2.81295,0.9291566,2.61367105797
18335.519367974484,bench:e8df886c35d87f69,26,2.77723,0.9286194,2.578989656262
18339.694351976505,bench:e8df886c35d87f69,26,2.83974,0.9294252,2.6393259174479997
18346.144890994765,bench:e8df886c35d87f69,26,2.68793,0.9186804,2.469348607572
18350.29291198589,bench:e8df886c35d87f69,26,2.71472,0.9186804,2.4939600554879995
18356.762765994063,bench:e8df886c35d87f69,26,2.92011,0.928888,2.71245513768
18360.90710098506,bench:e8df886c35d87f69,26,2.75937,0.928888,2.5631456805600004
18365.110640996136,bench:e8df886c35d87f69,26,2.84867,0.928888,2.64609537896
18370.628612989094,bench:e8df886c35d87f69,26,2.679,0.9186804,2.4611447915999998
18374.952373997075,bench:e8df886c35d87f69,26,2.74151,0.918949,2.51930787299
18379.18811599957,bench:e8df886c35d87f69,26,2.63435,0.9184118,2.41941812533
18383.427969994955,bench:e8df886c35d87f69,26,2.75044,0.9192177,2.5282531307880003
18388.983145996463,bench:e8df886c35d87f69,26,2.8576,0.928888,2.6543903488000002
18393.217295990326,bench:e8df886c35d87f69,26,2.89332,0.9286194,2.686793082408
18397.32422499219,bench:e8df886c35d87f69,26,2.89332,0.928888,2.6875702281600002
18401.58517099917,bench:e8df886c35d87f69,26,2.7683,0.928888,2.5714406504
18405.69722998771,bench:e8df886c35d87f69,26,2.80402,0.9299625,2.60763344925
18409.922380000353,bench:e8df886c35d87f69,26,2.7683,0.9291566,2.57218421578
18414.081308001187,bench:e8df886c35d87f69,26,2.88439,0.9294252,2.680824752628
18418.225143977907,bench:e8df886c35d87f69,26,2.83974,0.928888,2.63780040912
18422.38592400099,bench:e8df886c35d87f69,26,2.82188,0.9294252,2.622726383376
18426.500111992937,bench:e8df886c35d87f69,26,2.83081,0.9286194,2.628745083714
18430.675392999547,bench:e8df886c35d87f69,26,2.91118,0.9280821,2.701814047878
18434.790820989292,bench:e8df886c35d87f69,26,2.7683,0.928888,2.5714406504
18438.95641597919,bench:e8df886c35d87f69,26,2.81295,0.9296938,2.6151821747099997
18443.135973997414,bench:e8df886c35d87f69,26,2.77723,0.9291566,2.580481584218
18447.236884996528,bench:e8df886c35d87f69,26,2.75044,0.9294252,2.556328247088
18451.393719995394,bench:e8df886c35d87f69,26,2.77723,0.928888,2.57973562024
18458.305718988413,bench:e8df886c35d87f69,26,2.18785,0.8636134,1.88945657719
18462.763495976105,bench:e8df886c35d87f69,26,2.15213,0.8641506,1.8597644307780001
18469.460218999302,bench:e8df886c35d87f69,26,2.69686,0.9186804,2.477552423544
18475.002191000385,bench:e8df886c35d87f69,26,2.79509,0.928888,2.5963255599200004
18479.20654498739,bench:e8df886c35d87f69,26,2.81295,0.9294252,2.61442661634
18483.312380994903,bench:e8df886c35d87f69,26,2.86653,0.9283507,2.661145132071
18487.65523399925,bench:e8df886c35d87f69,26,2.87546,0.9286194,2.670207939924
18493.995589000406,bench:e8df886c35d87f69,26,2.65221,0.9184118,2.4358209600780003
18498.192350001773,bench:e8df886c35d87f69,26,2.69686,0.9194863,2.479725823018
18502.328815986402,bench:e8df886c35d87f69,26,2.68793,0.918949,2.4700705855700003
18506.52678098413,bench:e8df886c35d87f69,26,2.63435,0.9194863,2.422248734405
18510.773708985653,bench:e8df886c35d87f69,26,2.67007,0.9186804,2.4529409756279996
18515.017747995444,bench:e8df886c35d87f69,26,2.65221,0.918949,2.43724572729
18519.245341973146,bench:e8df886c35d87f69,26,2.69686,0.9184118,2.476828046948
18526.09219297301,bench:e8df886c35d87f69,26,2.83974,0.9291566,2.638563163284
18530.19673298695,bench:e8df886c35d87f69,26,2.8576,0.928888,2.6543903488000002
18534.445882978616,bench:e8df886c35d87f69,26,2.75044,0.9294252,2.556328247088
18538.664532999974,bench:e8df886c35d87f69,26,2.83081,0.9286194,2.628745083714
18544.24744899734,bench:e8df886c35d87f69,26,2.52719,0.9036377,2.283664159063
18548.6233579868,bench:e8df886c35d87f69,26,2.55398,0.903369,2.30718635862
18555.03798899008,bench:e8df886c35d87f69,26,2.80402,0.928888,2.60462052976
18559.123307000846,bench:e8df886c35d87f69,26,2.83081,0.928888,2.6295054392800004
18563.302531983936,bench:e8df886c35d87f69,26,2.8576,0.9283507,2.65285496032
18567.42671999382,bench:e8df886c35d87f69,26,2.77723,0.928888,2.57973562024
18571.696961997077,bench:e8df886c35d87f69,26,2.81295,0.9283507,2.611404101565
18575.84468697314,bench:e8df886c35d87f69,26,2.71472,0.928888,2.52167083136
18580.002948991023,bench:e8df886c35d87f69,26,2.87546,0.9286194,2.670207939924
18584.124673972838,bench:e8df886c35d87f69,26,2.82188,0.928888,2.6212104694400002
18588.2348989835,bench:e8df886c35d87f69,26,2.77723,0.9294252,2.581227548196
18592.384530988056,bench:e8df886c35d87f69,26,2.77723,0.9286194,2.578989656262
18596.515774988802,bench:e8df886c35d87f69,26,2.77723,0.9280821,2.577497450583
18600.66503699636,bench:e8df886c35d87f69,26,2.77723,0.9294252,2.581227548196
18604.799520981032,bench:e8df886c35d87f69,26,2.83081,0.9286194,2.628745083714
18608.918300975347,bench:e8df886c35d87f69,26,2.75937,0.928888,2.5631456805600004
18613.05215599714,bench:e8df886c35d87f69,26,2.75044,0.9286194,2.554111942536
18617.188935982995,bench:e8df886c35d87f69,26,2.75044,0.928888,2.5548507107200003
18621.367327985354,bench:e8df886c35d87f69,26,2.75937,0.9291566,2.5638868473420002
18625.606458983384,bench:e8df886c35d87f69,26,2.83081,0.928888,2.6295054392800004
18629.746090999106,bench:e8df886c35d87f69,26,2.77723,0.9283507,2.578243414561
18637.882986979093,bench:e8df886c35d87f69,26,2.78616,0.9283507,2.586533586312
18642.083840997657,bench:e8df886c35d87f69,26,2.75044,0.928888,2.5548507107200003
18646.246676973533,bench:e8df886c35d87f69,26,2.7683,0.928888,2.5714406504
18650.375623983564,bench:e8df886c35d87f69,26,2.90225,0.928888,2.6958651980000004
18654.531699983636,bench:e8df886c35d87f69,26,2.82188,0.928888,2.6212104694400002
18658.695017977152,bench:e8df886c35d87f69,26,2.83974,0.928888,2.63780040912
18662.881778989686,bench:e8df886c35d87f69,26,2.83081,0.9286194,2.628745083714
18667.04648497398,bench:e8df886c35d87f69,26,2.86653,0.9286194,2.661915368682
18671.212079992983,bench:e8df886c35d87f69,26,2.81295,0.928888,2.6129154996
18675.316767999902,bench:e8df886c35d87f69,26,2.7683,0.9294252,2.5729277811599998
18679.49006697745,bench:e8df886c35d87f69,26,2.8576,0.9286194,2.65362279744
18683.740012987982,bench:e8df886c35d87f69,26,2.77723,0.928888,2.57973562024
18687.852719973307,bench:e8df886c35d87f69,26,2.83974,0.9283507,2.636274616818
18692.01972198789,bench:e8df886c35d87f69,26,2.80402,0.9283507,2.603113929814
18696.183372987434,bench:e8df886c35d87f69,26,3.17908,0.928888,2.95300926304
18700.369152997155,bench:e8df886c35d87f69,26,2.82188,0.9294252,2.622726383376
18704.52026699786,bench:e8df886c35d87f69,26,2.79509,0.9280821,2.594072996889
18708.730009995634,bench:e8df886c35d87f69,26,2.83974,0.9286194,2.637037654956
18715.76458099298,bench:e8df886c35d87f69,26,2.66114,0.9286194,2.471186230116
18720.993814989924,bench:e8df886c35d87f69,26,2.65221,0.928888,2.4636060424800004
18725.24355800124,bench:e8df886c35d87f69,26,2.5897,0.9291566,2.40623684702
18731.247488991357,bench:e8df886c35d87f69,26,2.72365,0.9283507,2.528502384055
18735.333825985435,bench:e8df886c35d87f69,26,2.64328,0.9283507,2.4538908382959996
18739.56051300047,bench:e8df886c35d87f69,26,2.75937,0.9291566,2.5638868473420002
18745.718220976414,bench:e8df886c35d87f69,26,2.67007,0.9291566,2.480913162962
18749.971333978465,bench:e8df886c35d87f69,26,2.67007,0.928888,2.48019598216
18754.21183599974,bench:e8df886c35d87f69,26,2.60756,0.9286194,2.4214308026639997
18758.318245992996,bench:e8df886c35d87f69,26,2.67007,0.928888,2.48019598216
18764.339547982672,bench:e8df886c35d87f69,26,2.70579,0.9296938,2.515556187102
18768.48721699207,bench:e8df886c35d87f69,26,2.70579,0.9286194,2.512649086326
18772.57638698211,bench:e8df886c35d87f69,26,2.71472,0.9294252,2.5231291789439996
18777.8839719831,bench:e8df886c35d87f69,26,3.52735,0.9286194,3.27556564059
18782.195159001276,bench:e8df886c35d87f69,26,2.68793,0.928888,2.4967859218400004
18787.63968797284,bench:e8df886c35d87f69,26,2.60756,0.918949,2.39621465444
18792.719256976852,bench:e8df886c35d87f69,26,2.67007,0.9197549,2.455809965843
18799.093721987447,bench:e8df886c35d87f69,26,2.75044,0.9291566,2.5555894789040003
18804.616731998976,bench:e8df886c35d87f69,26,2.68793,0.918949,2.4700705855700003
18808.86875197757,bench:e8df886c35d87f69,26,2.63435,0.9192177,2.421541147995
18814.494945982005,bench:e8df886c35d87f69,26,2.83081,0.928888,2.6295054392800004
18818.70441097999,bench:e8df886c35d87f69,26,2.75044,0.9294252,2.556328247088
18822.86276499508,bench:e8df886c35d87f69,26,2.82188,0.9294252,2.622726383376
18826.985119987512,bench:e8df886c35d87f69,26,2.78616,0.9286194,2.587282227504
18830.985160981072,idle,26,1.63419,0.9283507,1.517101430433
18835.208384989528,idle,26,1.63419,0.928888,1.51797948072
18851.992689975305,idle,26,1.34843,0.8727464,1.176837428152
18859.19368598843,idle,26,3.96492,0.8740894,3.4656945438480005
18864.371568983188,idle,26,3.81311,0.8735522,3.330950629342
18871.80459999945,idle,26,1.61633,0.928888,1.5013895410400002
18888.59629398212,idle,26,1.22341,0.8488392,1.038478365672
18897.018760995707,bench:ef9bbb6e185511e4,27,3.54521,0.8491078,3.010265463638
18903.868518973468,bench:ef9bbb6e185511e4,27,4.45607,0.8491078,3.783683794346
18915.61114299111,bench:ef9bbb6e185511e4,27,5.05438,0.9283507,4.692237211066
18920.339140982833,bench:ef9bbb6e185511e4,27,6.20635,0.9296938,5.77000511563
18926.27812898718,bench:ef9bbb6e185511e4,27,4.08994,0.928888,3.7990961867200004
18931.134384998586,bench:ef9bbb6e185511e4,27,4.1078,0.9294252,3.81789283656
18937.11326099583,bench:ef9bbb6e185511e4,27,5.03652,0.9307683,4.687833158316001
18942.815194983268,bench:ef9bbb6e185511e4,27,5.88487,0.9294252,5.469546476724
18947.217880981043,bench:ef9bbb6e185511e4,27,3.26838,0.928888,3.03595896144
18952.734149992466,bench:ef9bbb6e185511e4,27,5.52767,0.9291566,5.1360710631219995
18957.70981197711,bench:ef9bbb6e185511e4,27,4.20603,0.928888,3.9069307946400005
18962.988582992693,bench:ef9bbb6e185511e4,27,4.87578,0.928888,4.52905353264
18970.516150991898,bench:ef9bbb6e185511e4,27,4.81327,0.9184118,4.420563964586
18977.1776139969,bench:ef9bbb6e185511e4,27,4.09887,0.9291566,3.808492113042
18982.555364986183,bench:ef9bbb6e185511e4,27,4.96508,0.9294252,4.614670472016
18986.918291979237,bench:ef9bbb6e185511e4,27,4.06315,0.9291566,3.7753026392900004
18994.859484984772,bench:ef9bbb6e185511e4,27,5.8938,0.9194863,5.41926835494
19001.480059989262,bench:ef9bbb6e185511e4,27,4.07208,0.9286194,3.7814124863519996
19006.41090798308,bench:ef9bbb6e185511e4,27,4.09887,0.9286194,3.8062902000779997
19010.825704986928,bench:ef9bbb6e185511e4,27,4.09887,0.9304997,3.813997305339
19016.09536499018,bench:ef9bbb6e185511e4,27,4.20603,0.9286194,3.905801054982
19020.38821799215,bench:ef9bbb6e185511e4,27,4.18817,0.9291566,3.891465797422
19027.063717978308,bench:ef9bbb6e185511e4,27,3.91134,0.9194863,3.596423544642
19034.593747986946,bench:ef9bbb6e185511e4,27,5.02759,0.9286194,4.668717609246
19038.99359999923,bench:ef9bbb6e185511e4,27,4.1078,0.928888,3.8156861264
19043.563098995946,bench:ef9bbb6e185511e4,27,3.9292,0.9291566,3.65084211272
19048.288059973856,bench:ef9bbb6e185511e4,27,4.74183,0.9286194,4.403355329502
19053.74419997679,bench:ef9bbb6e185511e4,27,4.11673,0.928888,3.82398109624
19062.742884998443,bench:ef9bbb6e185511e4,27,4.72397,0.9197549,4.344894554953
19067.090218974045,bench:ef9bbb6e185511e4,27,3.92027,0.9186804,3.601475211708
19071.735161996912,bench:ef9bbb6e185511e4,27,3.90241,0.9208294,3.593453858854
19077.967942983378,bench:ef9bbb6e185511e4,27,4.11673,0.928888,3.82398109624
19082.466498977738,bench:ef9bbb6e185511e4,27,4.11673,0.9280821,3.8206634235329995
19086.896647000685,bench:ef9bbb6e185511e4,27,5.84915,0.9286194,5.43163416351
19091.354128991952,bench:ef9bbb6e185511e4,27,3.54521,0.9283507,3.291198185147
19096.016663999762,bench:ef9bbb6e185511e4,27,4.09887,0.9286194,3.8062902000779997
19100.21040699212,bench:ef9bbb6e185511e4,27,3.23266,0.9280821,3.000173881386
19105.03521899227,bench:ef9bbb6e185511e4,27,3.22373,0.928888,2.9944841122400003
19110.137860989198,bench:ef9bbb6e185511e4,27,4.13459,0.928888,3.8405710359200005
19114.529398997547,bench:ef9bbb6e185511e4,27,3.97385,0.9283507,3.689126429195
19120.869605976623,bench:ef9bbb6e185511e4,27,3.87562,0.9192177,3.562538502474
19126.61146497703,bench:ef9bbb6e185511e4,27,6.1617,0.9192177,5.66394370209
19132.198455976322,bench:ef9bbb6e185511e4,27,5.31335,0.928888,4.9355070548
19137.820297997678,bench:ef9bbb6e185511e4,27,6.85824,0.9299625,6.377906016000001
19142.16522499919,bench:ef9bbb6e185511e4,27,5.88487,0.9294252,5.469546476724
19146.515558997635,bench:ef9bbb6e185511e4,27,6.56355,0.9294252,6.10032877146
19150.8857079898,bench:ef9bbb6e185511e4,27,6.49211,0.9294252,6.033930635172
19156.731140974443,bench:ef9bbb6e185511e4,27,5.06331,0.9275449,4.696447367619
19161.124085978372,bench:ef9bbb6e185511e4,27,4.70611,0.9296938,4.375241289118
19165.499753988115,bench:ef9bbb6e185511e4,27,6.11705,0.9291566,5.68369738003
19169.887883996125,bench:ef9bbb6e185511e4,27,4.32212,0.9280821,4.011282206052
19174.58025200176,bench:ef9bbb6e185511e4,27,4.35784,0.9291566,4.049115797744
19180.252260994166,bench:ef9bbb6e185511e4,27,5.0008,0.9291566,4.64652632528
19184.68407599721,bench:ef9bbb6e185511e4,27,4.12566,0.928888,3.83227606608
19190.656414983096,bench:ef9bbb6e185511e4,27,5.01866,0.9291566,4.663121062156
19194.993841985706,bench:ef9bbb6e185511e4,27,4.08994,0.9283507,3.796898661958
19202.50283498899,bench:ef9bbb6e185511e4,27,4.94722,0.9184118,4.543585225196
19208.572488976642,bench:ef9bbb6e185511e4,27,3.25945,0.928888,3.0276639916000003
19213.536780996947,bench:ef9bbb6e185511e4,27,4.14352,0.928888,3.8488660057599997
19217.86761499243,bench:ef9bbb6e185511e4,27,4.1078,0.9304997,3.8223066676600004
19224.580021982547,bench:ef9bbb6e185511e4,27,5.74199,0.9192177,5.278138841223001
19230.553564993897,bench:ef9bbb6e185511e4,27,6.41174,0.918949,5.89206206126
19235.76129999128,bench:ef9bbb6e185511e4,27,4.52751,0.9369466,4.2420351009660004
19240.700350987026,bench:ef9bbb6e185511e4,27,4.78648,0.928888,4.4461038342400006
19247.70857099793,bench:ef9bbb6e185511e4,27,4.38463,0.928888,4.07283019144
19252.13201600127,bench:ef9bbb6e185511e4,27,5.01866,0.9321114,4.677950198724
19258.33322299877,bench:ef9bbb6e185511e4,27,4.7329,0.9197549,4.3531079662100005
19268.8679509738,bench:ef9bbb6e185511e4,27,6.03668,0.9286194,5.605778159591999
19274.356349982554,bench:ef9bbb6e185511e4,27,6.43853,0.928888,5.98067325464
19280.08502398734,bench:ef9bbb6e185511e4,27,4.50072,0.9275449,4.174619882328
19287.163706001593,bench:ef9bbb6e185511e4,27,4.33998,0.9283507,4.029023470986
19294.013890001224,bench:ef9bbb6e185511e4,27,5.8938,0.9192177,5.41768528026
19299.80700899614,bench:ef9bbb6e185511e4,27,4.59002,0.928888,4.26361449776
19306.677062995732,bench:ef9bbb6e185511e4,27,4.83113,0.9286194,4.486281041922
19311.153043992817,bench:ef9bbb6e185511e4,27,5.09903,0.9286194,4.7350581791819994
19319.318049994763,bench:ef9bbb6e185511e4,27,4.7329,0.9170686,4.34039397694
19326.753265981097,bench:ef9bbb6e185511e4,27,3.98278,0.9286194,3.6984867739319998
19331.109914986882,bench:ef9bbb6e185511e4,27,4.60788,0.9294252,4.282679790575999
19336.113725992618,bench:ef9bbb6e185511e4,27,5.32228,0.9280821,4.939512799188
19342.63674597605,bench:ef9bbb6e185511e4,27,4.42928,0.9184118,4.067903017504
19351.18008198333,bench:ef9bbb6e185511e4,27,5.33121,0.9302311,4.959257342630999
19355.74002598878,bench:ef9bbb6e185511e4,27,5.11689,0.9294252,4.755766511628
19362.90005900082,bench:ef9bbb6e185511e4,27,4.41142,0.9248587,4.079940166354
19368.58540098183,bench:ef9bbb6e185511e4,27,5.10796,0.9294252,4.747466744592
19373.04325198056,bench:ef9bbb6e185511e4,27,5.1794,0.9286194,4.80969132036
19380.120452988194,bench:ef9bbb6e185511e4,27,4.42035,0.9307683,4.114321654905
19385.319038992748,bench:ef9bbb6e185511e4,27,4.41142,0.93238,4.1131197796
19391.677374980645,bench:ef9bbb6e185511e4,27,4.39356,0.9291566,4.082305271496
19398.448430001736,bench:ef9bbb6e185511e4,27,4.17031,0.9194863,3.8345429117529997
19404.33697399567,bench:ef9bbb6e185511e4,27,6.58141,0.9184118,6.044444604638
19411.16415799479,bench:ef9bbb6e185511e4,27,6.93861,0.9304997,6.456374523417
19417.405216983752,bench:ef9bbb6e185511e4,27,6.20635,0.9286194,5.763337013189999
19422.124492994044,bench:ef9bbb6e185511e4,27,4.89364,0.9275449,4.539070824436
19429.022324999096,bench:ef9bbb6e185511e4,27,4.40249,0.9286194,4.088237622306
19435.78567597433,bench:ef9bbb6e185511e4,27,5.01866,0.9194863,4.614589114358
19441.462739981944,bench:ef9bbb6e185511e4,27,4.62574,0.9329173,4.315432871302
19447.65324398759,bench:ef9bbb6e185511e4,27,5.04545,0.928888,4.6866579596
19454.44374298677,bench:ef9bbb6e185511e4,27,4.12566,0.9291566,3.833384218356
19459.33770298143,bench:ef9bbb6e185511e4,27,4.17031,0.9283507,3.871510207717
19466.190552979242,bench:ef9bbb6e185511e4,27,4.6436,0.918949,4.2672315764
19471.27536300104,bench:ef9bbb6e185511e4,27,4.30426,0.9192177,3.9565519774020004
19476.802113000304,bench:ef9bbb6e185511e4,27,4.13459,0.9286194,3.839460485046
19481.61664698273,bench:ef9bbb6e185511e4,27,4.1971,0.9304997,3.90540029087
19487.00580597506,bench:ef9bbb6e185511e4,27,4.90257,0.9304997,4.561839914229
19491.31251097424,idle,27,5.0901,0.9304997,4.73633652297
19495.495735987788,idle,27,1.68777,0.928888,1.56774929976
19513.143162999768,idle,27,1.39308,0.8636134,1.2030825552720001
19520.157752995146,idle,27,0.95551,0.7223192,0.6901832187920001
19525.641614978667,idle,27,0.9733699,0.7228564,0.70360666178236
19543.99577699951,idle,27,1.19662,0.8327221,0.996451919302
19555.653846997302,bench:8bbc360542fe1077,28,3.50949,0.8198282,2.877178869618
19563.656891987193,bench:8bbc360542fe1077,28,3.32196,0.8184852,2.718975094992
19573.191887000576,bench:8bbc360542fe1077,28,5.97417,0.9294252,5.552544147083999
19577.40720399306,bench:8bbc360542fe1077,28,4.11673,0.9283507,3.8217691772109994
19581.345448998036,bench:8bbc360542fe1077,28,4.09887,0.9294252,3.8095930695239995
19585.31591598876,bench:8bbc360542fe1077,28,5.90273,0.9286194,5.481389590962
19591.586900991388,bench:8bbc360542fe1077,28,5.50088,0.9291566,5.111178957808001
19595.664366992423,bench:8bbc360542fe1077,28,5.93845,0.928888,5.5161549436
19599.649240990402,bench:8bbc360542fe1077,28,4.14352,0.9283507,3.8466396924639996
19603.651170997182,bench:8bbc360542fe1077,28,4.22389,0.9294252,3.9257898080279996
19607.62082299334,bench:8bbc360542fe1077,28,4.3757,0.9286194,4.06335990858
19611.58695697668,bench:8bbc360542fe1077,28,5.55446,0.9283507,5.156486829122
19623.479598987615,bench:8bbc360542fe1077,28,5.55446,0.9286194,5.157979312524
19627.74526697467,bench:8bbc360542fe1077,28,4.13459,0.928888,3.8405710359200005
19631.786140991608,bench:8bbc360542fe1077,28,4.12566,0.9283507,3.8300593489619996
19639.82286999817,bench:8bbc360542fe1077,28,4.11673,0.9299625,3.8284045226249996
19643.868447979912,bench:8bbc360542fe1077,28,4.11673,0.928888,3.82398109624
19647.832970978925,bench:8bbc360542fe1077,28,4.12566,0.928888,3.83227606608
19651.838973979466,bench:8bbc360542fe1077,28,4.1078,0.9291566,3.8167894814800003
19659.619057987584,bench:8bbc360542fe1077,28,5.92952,0.928888,5.5078599737600005
19667.126939981245,bench:8bbc360542fe1077,28,5.93845,0.9294252,5.519345078939999
19675.60660999152,bench:8bbc360542fe1077,28,4.33105,0.928888,4.023060372400001
19679.772593983216,bench:8bbc360542fe1077,28,5.491949,0.9286194,5.0999303852106
19683.828560984693,bench:8bbc360542fe1077,28,5.93845,0.9280821,5.5113691467449994
19687.85524897976,bench:8bbc360542fe1077,28,4.09887,0.9286194,3.8062902000779997
19691.871548973722,bench:8bbc360542fe1077,28,5.42944,0.9294252,5.046258357887999
19699.486393976258,bench:8bbc360542fe1077,28,5.97417,0.9286194,5.547730160898
19708.39563399204,bench:8bbc360542fe1077,28,4.11673,0.9283507,3.8217691772109994
19713.99680999457,bench:8bbc360542fe1077,28,5.86701,0.9304997,5.459251044897
19718.942120991414,bench:8bbc360542fe1077,28,3.36661,0.9294252,3.129012172572
19722.92434697738,bench:8bbc360542fe1077,28,4.00957,0.9291566,3.7255184286620002
19726.90051799873,bench:8bbc360542fe1077,28,4.00064,0.928888,3.71614648832
19730.944242997793,bench:8bbc360542fe1077,28,4.06315,0.928888,3.7742112772000005
19734.89748800057,bench:8bbc360542fe1077,28,3.96492,0.928888,3.6829666089600006
19738.882843987085,bench:8bbc360542fe1077,28,4.02743,0.928888,3.74103139784
19747.561771975597,bench:8bbc360542fe1077,28,5.39372,0.9291566,5.011610536552
19759.527042973787,bench:8bbc360542fe1077,28,4.2864,0.9294252,3.9838881772800003
19767.235387000255,bench:8bbc360542fe1077,28,5.42051,0.9296938,5.039414539838
19775.523855001666,bench:8bbc360542fe1077,28,5.77771,0.9321114,5.385469356894
19779.614598985063,bench:8bbc360542fe1077,28,5.38479,0.9283507,4.9989735658529995
19791.566832980607,bench:8bbc360542fe1077,28,5.50088,0.928888,5.1097014214400005
19799.21543598175,bench:8bbc360542fe1077,28,5.93845,0.9291566,5.5177500112699995
19803.596732992446,bench:8bbc360542fe1077,28,5.93845,0.9315742,5.53210680799
19807.643254986033,bench:8bbc360542fe1077,28,5.50088,0.9294252,5.112656494176
19815.554225991946,bench:8bbc360542fe1077,28,5.40265,0.9286194,5.01700560141
19827.579014992807,bench:8bbc360542fe1077,28,5.93845,0.928888,5.5161549436
19831.87440497568,bench:8bbc360542fe1077,28,5.43837,0.9286194,5.050175886378
19839.29969597375,bench:8bbc360542fe1077,28,5.92952,0.9280821,5.503081373592
19847.30020299321,bench:8bbc360542fe1077,28,5.93845,0.9291566,5.5177500112699995
19851.31857698434,bench:8bbc360542fe1077,28,4.44714,0.9291566,4.132089482124
19855.3660249745,bench:8bbc360542fe1077,28,3.38447,0.9296938,3.146520775286
19859.358250978403,bench:8bbc360542fe1077,28,4.13459,0.9280821,3.8372389698390004
19863.589178974507,bench:8bbc360542fe1077,28,5.63483,0.928888,5.23412596904
19871.222466987092,bench:8bbc360542fe1077,28,5.91166,0.9296938,5.496033649708
19883.561271999497,bench:8bbc360542fe1077,28,5.64376,0.9286194,5.240905024944
19887.85679198918,bench:8bbc360542fe1077,28,4.26854,0.9283507,3.9627020969779996
19891.85235198238,bench:8bbc360542fe1077,28,4.13459,0.9294252,3.842792137668
19895.823762984946,bench:8bbc360542fe1077,28,4.13459,0.9286194,3.839460485046
19903.583883977262,bench:8bbc360542fe1077,28,5.69734,0.9307683,5.302903466321999
19915.520691982238,bench:8bbc360542fe1077,28,5.48302,0.9302311,5.100475725921999
19923.53160699713,bench:8bbc360542fe1077,28,5.90273,0.9294252,5.486146010795999
19935.565154999495,bench:8bbc360542fe1077,28,5.90273,0.9304997,5.492488494181
19943.51840397576,bench:8bbc360542fe1077,28,5.38479,0.9294252,5.0047595227079995
19951.28426598967,bench:8bbc360542fe1077,28,5.55446,0.9294252,5.162455096392
19955.6585259852,bench:8bbc360542fe1077,28,5.50088,0.9291566,5.111178957808001
19963.56379298959,bench:8bbc360542fe1077,28,5.64376,0.9286194,5.240905024944
19971.279617981054,bench:8bbc360542fe1077,28,5.90273,0.931037,5.49566003101
19975.578618992586,bench:8bbc360542fe1077,28,5.45623,0.9283507,5.065294939860999
19983.57992299134,bench:8bbc360542fe1077,28,5.92059,0.9326486,5.5218299746740005
19991.553078987636,bench:8bbc360542fe1077,28,5.46516,0.9283507,5.073585111612
20003.566497995052,bench:8bbc360542fe1077,28,5.5366,0.9291566,5.14436843156
20007.867535983678,bench:8bbc360542fe1077,28,5.5366,0.9296938,5.14734269308
20011.86620700173,bench:8bbc360542fe1077,28,5.95631,0.9302311,5.540744803241
20015.819395979634,bench:8bbc360542fe1077,28,5.95631,0.9294252,5.535944613012
20023.212760977913,bench:8bbc360542fe1077,28,5.93845,0.9286194,5.51455987593
20027.612260979367,bench:8bbc360542fe1077,28,5.95631,0.9291566,5.534344748146
20031.650931981858,bench:8bbc360542fe1077,28,5.93845,0.9280821,5.5113691467449994
20035.641416994622,bench:8bbc360542fe1077,28,5.45623,0.9278135,5.0623638531049995
20043.517351994524,bench:8bbc360542fe1077,28,5.48302,0.9294252,5.096056960104
20047.66829899745,bench:8bbc360542fe1077,28,5.491949,0.9291566,5.1028806602134
20051.71137599973,bench:8bbc360542fe1077,28,5.95631,0.9286194,5.5311450184140005
20059.597476996714,bench:8bbc360542fe1077,28,5.66162,0.9286194,5.257490167428
20067.59805898764,bench:8bbc360542fe1077,28,5.90273,0.9315742,5.4988309775660005
20071.674209990306,bench:8bbc360542fe1077,28,5.50088,0.9294252,5.112656494176
20079.573755996535,bench:8bbc360542fe1077,28,5.491949,0.9291566,5.1028806602134
20087.50424598111,bench:8bbc360542fe1077,28,5.39372,0.9286194,5.008713030168
20099.587737990078,bench:8bbc360542fe1077,28,5.92952,0.9280821,5.503081373592
20103.62601900124,bench:8bbc360542fe1077,28,5.45623,0.9286194,5.0667610288619995
20111.510880000424,bench:8bbc360542fe1077,28,5.93845,0.9294252,5.519345078939999
20119.527553993976,bench:8bbc360542fe1077,28,5.491949,0.9326486,5.1220585461214005
20127.58061598288,bench:8bbc360542fe1077,28,5.43837,0.9286194,5.050175886378
20131.703174993163,bench:8bbc360542fe1077,28,5.50088,0.9286194,5.108223885072
20135.813529981533,bench:8bbc360542fe1077,28,5.94738,0.9286194,5.522852447172
20143.535909999628,bench:8bbc360542fe1077,28,5.7152,0.9302311,5.31645678272
20149.726858973736,idle,28,5.43837,0.9286194,5.050175886378
20154.22465399024,idle,28,1.71456,0.9283507,1.5917129761920001
20168.482924986165,idle,28,1.6967,0.928888,1.5760442696
20179.399481974542,idle,28,2.99155,0.8329906,2.49193302943
20184.208202001173,idle,28,2.10748,0.7225879,1.5228395474919998
20191.560640989337,idle,28,2.99155,0.9184118,2.7474748202900003
20197.946494998178,idle,28,1.67884,0.9283507,1.5585522891880002
20205.25180498953,idle,28,1.54489,0.903369,1.3956057344100001
20219.60072297952,idle,28,1.52703,0.9036377,1.3798818770310002
20229.2175499897,bench:2a41f5b8e853be70,29,3.08085,0.8179479,2.519974787715
20233.98545497912,bench:2a41f5b8e853be70,29,2.53612,0.8198282,2.079182694584
20241.348411975196,bench:2a41f5b8e853be70,29,4.42035,0.9186804,4.06088890614
20247.052753984462,bench:2a41f5b8e853be70,29,3.8399,0.9186804,3.5276408679599998
20253.98058499559,bench:2a41f5b8e853be70,29,4.15245,0.9291566,3.85827632367
20258.67178698536,bench:2a41f5b8e853be70,29,3.92027,0.928888,3.64149175976
20276.11321597942,bench:2a41f5b8e853be70,29,4.47393,0.9294252,4.158183285036
20280.64562298823,bench:2a41f5b8e853be70,29,3.96492,0.928888,3.6829666089600006
20307.54926998634,bench:2a41f5b8e853be70,29,4.71504,0.9304997,4.387343305488001
20314.434619998792,bench:2a41f5b8e853be70,29,4.7329,0.9304997,4.40396203013
20320.935954980087,bench:2a41f5b8e853be70,29,2.98262,0.9192177,2.741677096374
20329.841232975014,bench:2a41f5b8e853be70,29,3.70595,0.9304997,3.4483853632150003
20336.00058898446,bench:2a41f5b8e853be70,29,4.72397,0.9294252,4.390576762044
20343.154196976684,bench:2a41f5b8e853be70,29,4.65253,0.9283507,4.319179482270999
20351.310628990177,bench:2a41f5b8e853be70,29,4.65253,0.9184118,4.2729384518539995
20355.85336899385,bench:2a41f5b8e853be70,29,3.71488,0.918949,3.41378526112
20364.152670983458,bench:2a41f5b8e853be70,29,4.70611,0.9283507,4.368920512777
20372.72872898029,bench:2a41f5b8e853be70,29,3.71488,0.918949,3.41378526112
20379.01549198432,bench:2a41f5b8e853be70,29,4.18817,0.9294252,3.892590739884
20383.848284982378,bench:2a41f5b8e853be70,29,3.72381,0.9291566,3.460002638646
20392.480823997175,bench:2a41f5b8e853be70,29,4.45607,0.9294252,4.141583750964
20397.003582998877,bench:2a41f5b8e853be70,29,4.2864,0.9291566,3.9827368502400002
20401.837968995096,bench:2a41f5b8e853be70,29,4.85792,0.928888,4.5124635929600005
20407.247183000436,bench:2a41f5b8e853be70,29,4.50965,0.9294252,4.19138235318
20414.310457999818,bench:2a41f5b8e853be70,29,3.93813,0.9192177,3.619998800901
20421.94189399015,bench:2a41f5b8e853be70,29,4.21496,0.9184118,3.8710690005279997
20428.129027975956,bench:2a41f5b8e853be70,29,3.70595,0.9286194,3.44141706543
20434.85778698232,bench:2a41f5b8e853be70,29,4.92936,0.9347976,4.607953897536
20444.116061989916,bench:2a41f5b8e853be70,29,4.84899,0.9275449,4.497655944651
20450.89646897395,bench:2a41f5b8e853be70,29,4.78648,0.9192177,4.399817136696
20459.617173997685,bench:2a41f5b8e853be70,29,4.90257,0.9299625,4.559206253625
20465.51712497603,bench:2a41f5b8e853be70,29,3.15229,0.9291566,2.9289710586139996
20471.931478998158,bench:2a41f5b8e853be70,29,2.92011,0.928888,2.71245513768
20478.582979994826,bench:2a41f5b8e853be70,29,4.99187,0.9296938,4.640910589405999
20487.251351994928,bench:2a41f5b8e853be70,29,4.75076,0.9186804,4.364430097103999
20495.790169981774,bench:2a41f5b8e853be70,29,4.93829,0.9286194,4.5857918968260005
20501.859896990936,bench:2a41f5b8e853be70,29,3.85776,0.918949,3.54508469424
20508.28606597497,bench:2a41f5b8e853be70,29,4.57216,0.9286194,4.245796475904
20513.85257599759,bench:2a41f5b8e853be70,29,4.26854,0.9291566,3.9661421133639996
20521.73156599747,bench:2a41f5b8e853be70,29,4.08994,0.9286194,3.7979976288360002
20526.56519197626,bench:2a41f5b8e853be70,29,5.85808,0.9186804,5.381703277632
20532.691344997147,bench:2a41f5b8e853be70,29,4.99187,0.9299625,4.642251904875
20541.33632898447,bench:2a41f5b8e853be70,29,4.74183,0.9291566,4.405902640578001
20547.824496985413,bench:2a41f5b8e853be70,29,4.92043,0.9283507,4.567884634801
20555.752116983058,bench:2a41f5b8e853be70,29,4.77755,0.9286194,4.43652561447
20561.74347398337,bench:2a41f5b8e853be70,29,4.1078,0.9192177,3.7759624680600004
20569.400910986587,bench:2a41f5b8e853be70,29,4.92043,0.9296938,4.5744932643339995
20577.9035439773,bench:2a41f5b8e853be70,29,4.974009,0.9291566,4.6216332908094
20586.585008975817,bench:2a41f5b8e853be70,29,4.90257,0.9291566,4.5552552724619995
20595.151251996867,bench:2a41f5b8e853be70,29,4.9115,0.9294252,4.5648718698
20603.6412739777,bench:2a41f5b8e853be70,29,4.92043,0.9296938,4.5744932643339995
20611.79500297294,bench:2a41f5b8e853be70,29,4.90257,0.9286194,4.552621611858
20617.650768981548,bench:2a41f5b8e853be70,29,4.6436,0.9197549,4.27097385364
20623.474646999966,bench:2a41f5b8e853be70,29,5.79557,0.9208294,5.336731245758
20630.332070984878,bench:2a41f5b8e853be70,29,4.75969,0.9280821,4.417383090549
20640.78522499767,bench:2a41f5b8e853be70,29,6.12598,0.9186804,5.627817756792
20649.471634998918,bench:2a41f5b8e853be70,29,3.6613,0.928888,3.4009376344000004
20656.2434489897,bench:2a41f5b8e853be70,29,4.69718,0.9178746,4.311422213628
20663.81082998123,bench:2a41f5b8e853be70,29,4.42928,0.9299625,4.119064302000001
20671.14887997741,bench:2a41f5b8e853be70,29,3.00048,0.9192177,2.758094324496
20683.59699897701,bench:2a41f5b8e853be70,29,4.92043,0.9291566,4.571850009337999
20692.18761299271,bench:2a41f5b8e853be70,29,4.77755,0.9286194,4.43652561447
20698.412912985077,bench:2a41f5b8e853be70,29,4.7329,0.9200235,4.35437922315
20704.16043998557,bench:2a41f5b8e853be70,29,4.50072,0.9294252,4.183082586144
20709.688393981196,bench:2a41f5b8e853be70,29,5.33121,0.9256646,4.934912372165999
20718.72118898318,bench:2a41f5b8e853be70,29,4.11673,0.9291566,3.8250868499179997
20727.396116999444,bench:2a41f5b8e853be70,29,4.67932,0.9194863,4.302570633316
20735.655177995795,bench:2a41f5b8e853be70,29,4.67932,0.9272762,4.339022068184
20740.135529980762,bench:2a41f5b8e853be70,29,4.83113,0.9296938,4.491471607994
20744.711769977584,bench:2a41f5b8e853be70,29,4.8222,0.928888,4.4792837136
20751.462824991904,bench:2a41f5b8e853be70,29,4.81327,0.9291566,4.472281588082
20755.82030697842,bench:2a41f5b8e853be70,29,2.93797,0.928888,2.72904507736
20762.487695988966,bench:2a41f5b8e853be70,29,4.84899,0.9296938,4.508075939262
20769.03999398928,bench:2a41f5b8e853be70,29,4.32212,0.928888,4.01476540256
20773.415456991643,bench:2a41f5b8e853be70,29,4.00957,0.9286194,3.723364487658
20785.66168897669,bench:2a41f5b8e853be70,29,4.30426,0.9291566,3.999331587116
20790.12155899545,bench:2a41f5b8e853be70,29,3.73274,0.9291566,3.468300007084
20796.08869497315,bench:2a41f5b8e853be70,29,4.75969,0.9280821,4.417383090549
20801.0381719796,bench:2a41f5b8e853be70,29,4.75969,0.9270077,4.412269279613
20809.622100990964,bench:2a41f5b8e853be70,29,4.75969,0.9173373,4.366241173437
20815.928399999393,bench:2a41f5b8e853be70,29,4.69718,0.9216352,4.329086428736001
20821.367743978044,bench:2a41f5b8e853be70,29,4.15245,0.9286194,3.85604562753
20825.98807598697,idle,29,4.35784,0.928888,4.047945281920001
20832.952332973946,idle,29,1.61633,0.918949,1.48532483717
20850.832443975378,idle,29,1.23234,0.8332592,1.026858642528
20859.010986983776,idle,29,0.9912299,0.7223192,0.7159843883840801
20867.04897598247,idle,29,1.3395,0.8630761,1.15609043595
20885.011289996328,idle,29,0.9912299,0.7223192,0.7159843883840801
20895.590349973645,bench:3c80560d8cb1cc9c,30,3.31303,0.7225879,2.3939553903369997
20911.528754979372,bench:3c80560d8cb1cc9c,30,5.38479,0.931037,5.01343872723
20923.612783983117,bench:3c80560d8cb1cc9c,30,5.99203,0.9280821,5.5610957856629994
20931.623198994203,bench:3c80560d8cb1cc9c,30,6.59927,0.9296938,6.135300403526
20939.625576982507,bench:3c80560d8cb1cc9c,30,6.00096,0.9326486,5.596786942656
20947.627898975043,bench:3c80560d8cb1cc9c,30,6.30458,0.9299625,5.86302297825
20955.31016899622,bench:3c80560d8cb1cc9c,30,5.93845,0.928888,5.5161549436
20959.64452199405,bench:3c80560d8cb1cc9c,30,6.05454,0.9294252,5.627242050408
20967.596362985205,bench:3c80560d8cb1cc9c,30,6.05454,0.9286194,5.622363302076
20975.616222975077,bench:3c80560d8cb1cc9c,30,6.63499,0.9280821,6.157815452679
20983.334546996048,bench:3c80560d8cb1cc9c,30,5.93845,0.9286194,5.51455987593
20991.592663980555,bench:3c80560d8cb1cc9c,30,5.55446,0.9291566,5.160963168436
20999.536097981036,bench:3c80560d8cb1cc9c,30,6.09919,0.9286194,5.663826158286
21007.51145798131,bench:3c80560d8cb1cc9c,30,6.12598,0.9286194,5.688703872012
21015.572853997583,bench:3c80560d8cb1cc9c,30,6.09919,0.9291566,5.667102643154
21023.403473984217,bench:3c80560d8cb1cc9c,30,5.95631,0.928888,5.53274488328
21031.54462898965,bench:3c80560d8cb1cc9c,30,5.97417,0.9294252,5.552544147083999
21035.649353987537,bench:3c80560d8cb1cc9c,30,6.09026,0.928888,5.65716943088
21041.727247997187,bench:3c80560d8cb1cc9c,30,5.76878,0.9296938,5.363198999563999
21045.7296029781,bench:3c80560d8cb1cc9c,30,5.95631,0.928888,5.53274488328
21051.49005597923,bench:3c80560d8cb1cc9c,30,6.14384,0.9304997,5.716841276848
21059.516117995372,bench:3c80560d8cb1cc9c,30,6.11705,0.928888,5.682054340400001
21067.532606975874,bench:3c80560d8cb1cc9c,30,6.12598,0.9291566,5.691994748468
21075.605428981362,bench:3c80560d8cb1cc9c,30,6.11705,0.9304997,5.691913189885
21083.510103984736,bench:3c80560d8cb1cc9c,30,5.99203,0.9286194,5.564315303382
21091.533778992016,bench:3c80560d8cb1cc9c,30,6.20635,0.928888,5.7650040388
21099.542878975626,bench:3c80560d8cb1cc9c,30,6.04561,0.9326486,5.638429702646
21103.741584985983,bench:3c80560d8cb1cc9c,30,6.19742,0.9315742,5.773356578564
21111.5412239742,bench:3c80560d8cb1cc9c,30,6.17956,0.9326486,5.763357982616001
21119.52650899184,bench:3c80560d8cb1cc9c,30,6.20635,0.9283507,5.761669366944999
21127.50977597898,bench:3c80560d8cb1cc9c,30,5.983099,0.9280821,5.552807084427901
21131.655093980953,bench:3c80560d8cb1cc9c,30,6.18849,0.928888,5.748414099120001
21139.50889898115,bench:3c80560d8cb1cc9c,30,6.170629,0.9280821,5.7268503206409
21147.59155397769,bench:3c80560d8cb1cc9c,30,6.09919,0.9283507,5.662187305933
21152.519438997842,bench:3c80560d8cb1cc9c,30,6.26886,0.9326486,5.846643502596001
21159.550009993836,bench:3c80560d8cb1cc9c,30,6.22421,0.9294252,5.784937624092
21163.57862498262,bench:3c80560d8cb1cc9c,30,6.36709,0.9302311,5.922865134499
21171.55335500138,bench:3c80560d8cb1cc9c,30,6.22421,0.9326486,5.805000742606
21179.323400981957,bench:3c80560d8cb1cc9c,30,6.33137,0.9294252,5.884534828523999
21187.548036978114,bench:3c80560d8cb1cc9c,30,5.52767,0.9296938,5.139040527445999
21191.623391991016,bench:3c80560d8cb1cc9c,30,6.06347,0.9294252,5.6355418174439995
21199.523973977193,bench:3c80560d8cb1cc9c,30,6.04561,0.9302311,5.6238144404709995
21207.521463977173,bench:3c80560d8cb1cc9c,30,6.27779,0.9304997,5.8414817116630005
21215.312750980956,bench:3c80560d8cb1cc9c,30,6.36709,0.9299625,5.921154934125
21219.56984497956,bench:3c80560d8cb1cc9c,30,4.44714,0.9291566,4.132089482124
21223.64962598658,bench:3c80560d8cb1cc9c,30,4.25068,0.9286194,3.947263911192
21227.691480977228,bench:3c80560d8cb1cc9c,30,4.75969,0.9286194,4.419940471986
21235.613008000655,bench:3c80560d8cb1cc9c,30,4.25068,0.9280821,3.944980020828
21243.611533980584,bench:3c80560d8cb1cc9c,30,4.16138,0.928888,3.8654559454400004
21247.734388976824,bench:3c80560d8cb1cc9c,30,6.54569,0.9299625,6.087246236625
21255.535286996746,bench:3c80560d8cb1cc9c,30,5.92952,0.928888,5.5078599737600005
21263.522701978218,bench:3c80560d8cb1cc9c,30,6.32244,0.9286194,5.871140439336
21275.572453974746,bench:3c80560d8cb1cc9c,30,5.5366,0.928888,5.1428813008
21287.53083597985,bench:3c80560d8cb1cc9c,30,4.21496,0.9280821,3.911828928216
21295.515010977397,bench:3c80560d8cb1cc9c,30,4.34891,0.9291566,4.040818429306
21299.602439976297,bench:3c80560d8cb1cc9c,30,6.33137,0.9296938,5.886235434506
21303.62070299452,bench:3c80560d8cb1cc9c,30,5.92952,0.9286194,5.506267304688
21307.721816992853,bench:3c80560d8cb1cc9c,30,6.40281,0.9304997,5.957812784157
21315.613917977316,bench:3c80560d8cb1cc9c,30,6.28672,0.9315742,5.856546154624
21323.52933398215,bench:3c80560d8cb1cc9c,30,6.751079,0.931037,6.285504338922999
21331.58846999868,bench:3c80560d8cb1cc9c,30,6.25993,0.9315742,5.831589281806
21339.539755979786,bench:3c80560d8cb1cc9c,30,6.465319,0.9315742,6.0229243751698
21347.580485977232,bench:3c80560d8cb1cc9c,30,6.42067,0.9299625,5.970982324875
21355.51227198448,bench:3c80560d8cb1cc9c,30,6.56355,0.9299625,6.103855366875
21363.565759995254,bench:3c80560d8cb1cc9c,30,6.45639,0.9296938,6.002465753382
21375.518882996403,bench:3c80560d8cb1cc9c,30,6.36709,0.9296938,5.919444097042001
21387.546542973723,bench:3c80560d8cb1cc9c,30,6.28672,0.9304997,5.849791073984
21399.519628001144,bench:3c80560d8cb1cc9c,30,6.4296,0.9291566,5.9741052753599995
21407.49446998234,bench:3c80560d8cb1cc9c,30,6.251,0.9304997,5.816553624700001
21411.633490992244,bench:3c80560d8cb1cc9c,30,4.31319,0.9286194,4.005311909885999
21419.602701993426,bench:3c80560d8cb1cc9c,30,4.18817,0.928888,3.8903408549600007
21423.61002098187,bench:3c80560d8cb1cc9c,30,6.20635,0.9291566,5.76667106441
21427.64350597281,bench:3c80560d8cb1cc9c,30,6.35816,0.9302311,5.914558170776
21435.516273981193,bench:3c80560d8cb1cc9c,30,6.26886,0.9294252,5.826436459272
21443.49604099989,bench:3c80560d8cb1cc9c,30,6.26886,0.9304997,5.833172349342
21451.50838198606,bench:3c80560d8cb1cc9c,30,6.47425,0.9304997,6.024287682725
21459.549110993976,bench:3c80560d8cb1cc9c,30,5.99203,0.928888,5.56592476264
21463.635114982026,bench:3c80560d8cb1cc9c,30,6.4296,0.9299625,5.97928689
21467.705635994207,bench:3c80560d8cb1cc9c,30,6.28672,0.9283507,5.836280912704
21471.67930699652,bench:3c80560d8cb1cc9c,30,5.509809,0.9286194,5.1165155276946
21475.63288497622,bench:3c80560d8cb1cc9c,30,6.10812,0.9307683,5.685244468596
21479.68255498563,bench:3c80560d8cb1cc9c,30,5.93845,0.9304997,5.525725943465
21487.303269997938,idle,30,6.313509,0.9326486,5.8882853299374
21494.824132998474,idle,30,1.65205,0.9184118,1.51726221419
21509.150736994343,idle,30,1.65205,0.9184118,1.51726221419
21519.619871978648,idle,30,4.13459,0.8187538,3.385211273942
21525.540581991663,idle,30,1.01802,0.7228564,0.7358822723279999
21543.56406198349,idle,30,1.54489,0.9036377,1.3960208463530002
21555.76616397593,bench:4c4e1f1a33f7c6ea,31,4.0185,0.8187538,3.2901621453
21561.75678098225,bench:4c4e1f1a33f7c6ea,31,2.84867,0.723125,2.0599444937499998
21571.80228998186,bench:4c4e1f1a33f7c6ea,31,2.10748,0.7225879,1.5228395474919998
21578.885397990234,bench:4c4e1f1a33f7c6ea,31,3.28624,0.9194863,3.0216526585119996
21583.20401099627,bench:4c4e1f1a33f7c6ea,31,4.6436,0.9194863,4.26972658268
21587.456567998743,bench:4c4e1f1a33f7c6ea,31,3.27731,0.9186804,3.0108004617239996
21591.736976988614,bench:4c4e1f1a33f7c6ea,31,6.27779,0.9192177,5.770655684883001
21597.717778990045,bench:4c4e1f1a33f7c6ea,31,3.87562,0.9294252,3.602098893624
21607.565548998537,bench:4c4e1f1a33f7c6ea,31,6.8761,0.9291566,6.38897369726
21615.93755398644,bench:4c4e1f1a33f7c6ea,31,7.072559,0.9283507,6.5658150984413
21620.137555990368,bench:4c4e1f1a33f7c6ea,31,5.55446,0.9326486,5.180359342756
21624.37807599781,bench:4c4e1f1a33f7c6ea,31,4.59002,0.9283507,4.261148280014
21631.561830989085,bench:4c4e1f1a33f7c6ea,31,6.97433,0.9296938,6.4839913601540005
21635.871998994844,bench:4c4e1f1a33f7c6ea,31,6.72429,0.9283507,6.2424993285029995
21647.64586399542,bench:4c4e1f1a33f7c6ea,31,7.090419,0.9294252,6.590014097158799
21651.885013998253,bench:4c4e1f1a33f7c6ea,31,4.08101,0.9294252,3.7929935354519997
21657.53874499933,bench:4c4e1f1a33f7c6ea,31,5.25977,0.918949,4.83346038173
21667.528013989795,bench:4c4e1f1a33f7c6ea,31,6.65285,0.9194863,6.117204430955
21674.105551996036,bench:4c4e1f1a33f7c6ea,31,7.03684,0.9296938,6.542106519592
21683.637843001634,bench:4c4e1f1a33f7c6ea,31,6.84931,0.9304997,6.373280900207
21688.176767987898,bench:4c4e1f1a33f7c6ea,31,4.78648,0.928888,4.4461038342400006
21692.389899981208,bench:4c4e1f1a33f7c6ea,31,5.18833,0.9302311,4.826345923062999
21696.8776040012,bench:4c4e1f1a33f7c6ea,31,6.80466,0.9291566,6.322594749756
21701.385769993067,bench:4c4e1f1a33f7c6ea,31,7.01005,0.9283507,6.507784824534999
21708.700745977694,bench:4c4e1f1a33f7c6ea,31,5.54553,0.9294252,5.154155329356
21715.776001976337,bench:4c4e1f1a33f7c6ea,31,4.08994,0.9286194,3.7979976288360002
21723.576085991226,bench:4c4e1f1a33f7c6ea,31,3.14336,0.9294252,2.9215179966719997
21729.24968699226,bench:4c4e1f1a33f7c6ea,31,5.37586,0.928888,4.993571843680001
21739.63402598747,bench:4c4e1f1a33f7c6ea,31,6.63499,0.9294252,6.166726907748
21755.643133976264,bench:4c4e1f1a33f7c6ea,31,6.74215,0.9296938,6.26813505367
21759.835265984293,bench:4c4e1f1a33f7c6ea,31,5.54553,0.9294252,5.154155329356
21763.976527989144,bench:4c4e1f1a33f7c6ea,31,4.50965,0.9291566,4.19017106119
21768.123807996744,bench:4c4e1f1a33f7c6ea,31,5.64376,0.9299625,5.248485159
21779.57419498125,bench:4c4e1f1a33f7c6ea,31,4.68825,0.9291566,4.35611842995
21783.8002149947,bench:4c4e1f1a33f7c6ea,31,6.97433,0.928888,6.4783714450400005
21788.34873298183,bench:4c4e1f1a33f7c6ea,31,6.84931,0.9296938,6.367761041278
21795.235675992444,bench:4c4e1f1a33f7c6ea,31,6.82252,0.9294252,6.341022015504
21799.65193499811,bench:4c4e1f1a33f7c6ea,31,6.81359,0.928888,6.32906198792
21804.031620995374,bench:4c4e1f1a33f7c6ea,31,6.85824,0.928888,6.37053683712
21808.285344974138,bench:4c4e1f1a33f7c6ea,31,6.99219,0.9291566,6.496839486954
21812.443106988212,bench:4c4e1f1a33f7c6ea,31,6.00096,0.9294252,5.577443448192
21816.604590974748,bench:4c4e1f1a33f7c6ea,31,6.84038,0.9296938,6.359458875644
21823.573328991188,bench:4c4e1f1a33f7c6ea,31,5.75092,0.9291566,5.343505274072
21831.542225991143,bench:4c4e1f1a33f7c6ea,31,6.768939,0.9194863,6.223946676035699
21837.307140987832,bench:4c4e1f1a33f7c6ea,31,5.45623,0.9299625,5.0740892913749995
21843.642032996286,bench:4c4e1f1a33f7c6ea,31,5.59018,0.928888,5.192651119840001
21851.574874977814,bench:4c4e1f1a33f7c6ea,31,7.04577,0.9286194,6.542838709938
21859.551955974894,bench:4c4e1f1a33f7c6ea,31,7.126139,0.9299625,6.627042039787501
21867.3905019823,bench:4c4e1f1a33f7c6ea,31,6.77787,0.928888,6.295882108560001
21875.541545974556,bench:4c4e1f1a33f7c6ea,31,7.161859,0.9291566,6.654488558119399
21880.148710974026,bench:4c4e1f1a33f7c6ea,31,4.15245,0.9291566,3.85827632367
21891.556245973334,bench:4c4e1f1a33f7c6ea,31,7.00112,0.9291566,6.505136855392
21896.12657899852,bench:4c4e1f1a33f7c6ea,31,6.8761,0.9296938,6.39266753818
21900.749817985343,bench:4c4e1f1a33f7c6ea,31,5.74199,0.9291566,5.335207905634
21911.550857999828,bench:4c4e1f1a33f7c6ea,31,6.02775,0.9294252,5.6023427493
21919.560513983015,bench:4c4e1f1a33f7c6ea,31,6.43853,0.9294252,5.9841320329559995
21923.867737001274,bench:4c4e1f1a33f7c6ea,31,6.83145,0.928888,6.3456519276000005
21931.562376994407,bench:4c4e1f1a33f7c6ea,31,5.74199,0.9291566,5.335207905634
21935.950543993386,bench:4c4e1f1a33f7c6ea,31,6.58141,0.9291566,6.115160538806
21940.088694973383,bench:4c4e1f1a33f7c6ea,31,6.01882,0.9296938,5.595659637316
21951.56437798869,bench:4c4e1f1a33f7c6ea,31,6.02775,0.9291566,5.60072369565
21956.042876990978,bench:4c4e1f1a33f7c6ea,31,6.02775,0.9294252,5.6023427493
21960.207249998348,bench:4c4e1f1a33f7c6ea,31,7.01898,0.9286194,6.5179609962119995
21967.671002988936,bench:4c4e1f1a33f7c6ea,31,6.85824,0.9291566,6.372378960384
21971.874412993202,bench:4c4e1f1a33f7c6ea,31,7.01005,0.9291566,6.51343422383
21979.644310980802,bench:4c4e1f1a33f7c6ea,31,5.54553,0.9291566,5.152665799998
21984.093032981036,bench:4c4e1f1a33f7c6ea,31,6.65285,0.9286194,6.17796557529
21988.2510729949,bench:4c4e1f1a33f7c6ea,31,7.02791,0.9291566,6.530028960706001
21995.641825982602,bench:4c4e1f1a33f7c6ea,31,2.7683,0.9286194,2.57069708502
22003.57031598105,bench:4c4e1f1a33f7c6ea,31,5.43837,0.928888,5.05163663256
22008.206480997615,bench:4c4e1f1a33f7c6ea,31,5.5366,0.9291566,5.14436843156
22012.40653899731,bench:4c4e1f1a33f7c6ea,31,5.59018,0.9291566,5.194152642188
22016.596281988313,bench:4c4e1f1a33f7c6ea,31,5.59911,0.9286194,5.199442168734
22023.684111976763,bench:4c4e1f1a33f7c6ea,31,7.01005,0.9304997,6.522849421985
22027.869539975654,bench:4c4e1f1a33f7c6ea,31,5.6259,0.9299625,5.2318760287499995
22035.698382998817,bench:4c4e1f1a33f7c6ea,31,5.88487,0.9294252,5.469546476724
22040.133715985576,bench:4c4e1f1a33f7c6ea,31,7.108279,0.9291566,6.6047043474914
22044.43675497896,bench:4c4e1f1a33f7c6ea,31,7.01898,0.9283507,6.516074996286
22049.04278999311,bench:4c4e1f1a33f7c6ea,31,7.02791,0.9286194,6.526253567454
22055.698771990137,bench:4c4e1f1a33f7c6ea,31,7.179719,0.9299625,6.676869430537501
22067.566006997367,bench:4c4e1f1a33f7c6ea,31,7.090419,0.928888,6.586205124072
22071.923673996935,bench:4c4e1f1a33f7c6ea,31,7.126139,0.9299625,6.627042039787501
22076.229045982473,bench:4c4e1f1a33f7c6ea,31,6.83145,0.928888,6.3456519276000005
22083.503799978644,bench:4c4e1f1a33f7c6ea,31,7.11721,0.9291566,6.613002645086
22091.570436983602,bench:4c4e1f1a33f7c6ea,31,6.02775,0.9291566,5.60072369565
22096.156435989542,bench:4c4e1f1a33f7c6ea,31,6.02775,0.9291566,5.60072369565
22100.306604988873,bench:4c4e1f1a33f7c6ea,31,7.179719,0.9296938,6.674940240042201
22107.53761898377,bench:4c4e1f1a33f7c6ea,31,5.27763,0.9294252,4.905162318276
22115.54549698485,bench:4c4e1f1a33f7c6ea,31,7.072559,0.9299625,6.5772146490375
22123.697151982924,bench:4c4e1f1a33f7c6ea,31,6.59034,0.9294252,6.125228072568
22128.00126397633,bench:4c4e1f1a33f7c6ea,31,6.8761,0.9291566,6.38897369726
22132.676650973735,bench:4c4e1f1a33f7c6ea,31,7.17079,0.9294252,6.664712929908
22136.914134986,bench:4c4e1f1a33f7c6ea,31,5.60804,0.9294252,5.2122536986079995
22147.561397985555,bench:4c4e1f1a33f7c6ea,31,7.18865,0.9296938,6.68324333537
22152.076600992586,idle,31,1.74135,0.9286194,1.6170513921899998
22156.268325983547,idle,31,1.74135,0.9283507,1.616583491445
22173.987844988005,idle,31,1.32164,0.8488392,1.121859840288
22187.70632398082,idle,31,2.36645,0.721782,1.7080610139
22193.988956976682,idle,31,4.17924,0.8888636,3.7147743116639997
22199.126080988208,idle,31,1.50024,0.8888636,1.333508727264
22216.61358399433,idle,31,1.62526,0.9186804,1.4930945069039998
22227.623066981323,bench:002bbf7c4b8100c6,32,2.1432,0.7225879,1.5486503872800002
22233.32768600085,bench:002bbf7c4b8100c6,32,2.93797,0.8187538,2.405474101786
22239.162193000084,bench:002bbf7c4b8100c6,32,4.70611,0.9192177,4.325939610147
22254.439306998393,bench:002bbf7c4b8100c6,32,4.79541,0.9283507,4.451822230287
22259.338858973933,bench:002bbf7c4b8100c6,32,5.29549,0.928888,4.91891711512
22270.016603986733,bench:002bbf7c4b8100c6,32,4.5543,0.9296938,4.2341044733399995
22274.95358098531,bench:002bbf7c4b8100c6,32,4.75076,0.9275449,4.406543209124
22285.679287975654,bench:002bbf7c4b8100c6,32,4.71504,0.9283507,4.377210684528
22290.593358979095,bench:002bbf7c4b8100c6,32,4.74183,0.9294252,4.407176296116
22298.39520098176,bench:002bbf7c4b8100c6,32,4.974009,0.9283507,4.6176247369563
22303.510491998168,bench:002bbf7c4b8100c6,32,5.28656,0.9286194,4.909202175263999
22308.085620985366,bench:002bbf7c4b8100c6,32,4.6436,0.9294252,4.31587885872
22319.84128197655,bench:002bbf7c4b8100c6,32,4.61681,0.9299625,4.293460169625
22324.440558993956,bench:002bbf7c4b8100c6,32,4.71504,0.928888,4.379744075520001
22328.875392995542,bench:002bbf7c4b8100c6,32,4.71504,0.9294252,4.382276995008
22335.789834993193,bench:002bbf7c4b8100c6,32,4.465,0.9294252,4.149883517999999
22345.83543697954,bench:002bbf7c4b8100c6,32,5.2687,0.9294252,4.89686255124
22352.1799579903,bench:002bbf7c4b8100c6,32,4.75076,0.9326486,4.430789662936
22360.152447974542,bench:002bbf7c4b8100c6,32,4.57216,0.928888,4.247024558080001
22365.121591981733,bench:002bbf7c4b8100c6,32,4.66146,0.928888,4.32997425648
22372.082273999695,bench:002bbf7c4b8100c6,32,4.71504,0.9192177,4.3341482242080005
22379.938134981785,bench:002bbf7c4b8100c6,32,4.7329,0.9286194,4.39506275826
22384.8714279884,bench:002bbf7c4b8100c6,32,4.38463,0.9302311,4.078719187992999
22391.891720995773,bench:002bbf7c4b8100c6,32,4.71504,0.9286194,4.378477615776
22403.285422973568,bench:002bbf7c4b8100c6,32,4.52751,0.9294252,4.207981887252
22408.19599298993,bench:002bbf7c4b8100c6,32,5.27763,0.9286194,4.900909604022
22413.826760981465,bench:002bbf7c4b8100c6,32,4.465,0.9275449,4.1414879785
22423.829437000677,bench:002bbf7c4b8100c6,32,4.58109,0.9291566,4.256550008694
22428.40038097347,bench:002bbf7c4b8100c6,32,4.15245,0.9304997,3.8638534792650003
22435.377748974133,bench:002bbf7c4b8100c6,32,4.49179,0.9299625,4.177196257875
22443.78343797871,bench:002bbf7c4b8100c6,32,4.62574,0.9178746,4.245849252204001
22449.638444988523,bench:002bbf7c4b8100c6,32,2.79509,0.9291566,2.597076321094
22457.43682497414,bench:002bbf7c4b8100c6,32,4.51858,0.9294252,4.199682120216
22464.853429992218,bench:002bbf7c4b8100c6,32,4.79541,0.9296938,4.458262945458
22469.45135499118,bench:002bbf7c4b8100c6,32,4.21496,0.9286194,3.9140936262239996
22476.277760986704,bench:002bbf7c4b8100c6,32,4.95615,0.9294252,4.60637070498
22482.758243975695,bench:002bbf7c4b8100c6,32,5.32228,0.9286194,4.942372460232
22489.333226985764,bench:002bbf7c4b8100c6,32,5.161539,0.9291566,4.7958780280074
22498.14359800075,bench:002bbf7c4b8100c6,32,4.81327,0.9299625,4.476160602375001
22503.05466799182,bench:002bbf7c4b8100c6,32,5.01866,0.9291566,4.663121062156
22508.297402993776,bench:002bbf7c4b8100c6,32,4.63467,0.9294252,4.3075790916839996
22513.078399992082,bench:002bbf7c4b8100c6,32,4.95615,0.9294252,4.60637070498
22517.692287976388,bench:002bbf7c4b8100c6,32,4.1971,0.9291566,3.89976316586
22522.17513899086,bench:002bbf7c4b8100c6,32,4.52751,0.9294252,4.207981887252
22526.624823978636,bench:002bbf7c4b8100c6,32,5.161539,0.9280821,4.790331954351901
22531.850243976805,bench:002bbf7c4b8100c6,32,4.2864,0.928888,3.9815855232000006
22538.42065198114,bench:002bbf7c4b8100c6,32,4.52751,0.9294252,4.207981887252
22543.395740998676,bench:002bbf7c4b8100c6,32,5.27763,0.9286194,4.900909604022
22548.02070200094,bench:002bbf7c4b8100c6,32,4.66146,0.928888,4.32997425648
22556.251837988384,bench:002bbf7c4b8100c6,32,4.50965,0.9291566,4.19017106119
22564.79395198403,bench:002bbf7c4b8100c6,32,4.13459,0.9283507,3.8383495207130003
22569.780280988198,bench:002bbf7c4b8100c6,32,4.88471,0.9294252,4.539972568692
22576.342725980794,bench:002bbf7c4b8100c6,32,3.85776,0.9304997,3.589644522672
22580.876114981947,bench:002bbf7c4b8100c6,32,5.27763,0.9291566,4.903744746858
22585.42339198175,bench:002bbf7c4b8100c6,32,3.84883,0.9280821,3.572030228943
22590.652496000985,bench:002bbf7c4b8100c6,32,4.94722,0.9294252,4.598070937944
22597.91932499502,bench:002bbf7c4b8100c6,32,4.70611,0.918949,4.32467507839
22606.266366987256,bench:002bbf7c4b8100c6,32,5.25977,0.9294252,4.888562784204
22615.495919977548,bench:002bbf7c4b8100c6,32,4.43821,0.918949,4.07848864129
22624.65956597589,bench:002bbf7c4b8100c6,32,6.17956,0.9286194,5.738459299464
22629.57061798079,bench:002bbf7c4b8100c6,32,5.33121,0.9286194,4.950665031473999
22634.216374979587,bench:002bbf7c4b8100c6,32,4.63467,0.928888,4.30508934696
22643.565056991065,bench:002bbf7c4b8100c6,32,4.41142,0.9286194,4.096530193547999
22652.395224984502,bench:002bbf7c4b8100c6,32,4.42928,0.9296938,4.117874154464
22664.524530991912,bench:002bbf7c4b8100c6,32,4.5543,0.9291566,4.2316579033799995
22669.50891597662,bench:002bbf7c4b8100c6,32,4.59895,0.928888,4.2719094676000005
22674.100303993328,bench:002bbf7c4b8100c6,32,4.70611,0.9286194,4.370185044534
22683.380744972965,bench:002bbf7c4b8100c6,32,4.59895,0.9283507,4.269438451765001
22692.796555988025,bench:002bbf7c4b8100c6,32,4.974009,0.928888,4.620297271992
22697.754458989948,bench:002bbf7c4b8100c6,32,4.75076,0.9326486,4.430789662936
22702.41216098657,bench:002bbf7c4b8100c6,32,4.63467,0.9280821,4.301354266407
22709.069438977167,bench:002bbf7c4b8100c6,32,4.57216,0.9294252,4.249480722432
22717.27655598079,bench:002bbf7c4b8100c6,32,4.08994,0.9304997,3.8056879430180004
22723.561818973394,bench:002bbf7c4b8100c6,32,5.01866,0.9280821,4.657728511986
22728.52742599207,bench:002bbf7c4b8100c6,32,4.95615,0.9286194,4.60237703931
22734.49422797421,bench:002bbf7c4b8100c6,32,2.65221,0.9286194,2.462893658874
22740.568028995767,bench:002bbf7c4b8100c6,32,4.90257,0.9304997,4.561839914229
22749.78817498777,bench:002bbf7c4b8100c6,32,5.304419,0.9286194,4.9257863891286
22756.07427099021,bench:002bbf7c4b8100c6,32,4.8222,0.9299625,4.4844651675
22767.69165598671,bench:002bbf7c4b8100c6,32,4.61681,0.9291566,4.2897394824460005
22772.24222899531,bench:002bbf7c4b8100c6,32,4.06315,0.9283507,3.7720281467050003
22781.532597000478,bench:002bbf7c4b8100c6,32,5.20619,0.9286194,4.834569034086
22789.39254998113,bench:002bbf7c4b8100c6,32,4.17924,0.9304997,3.8887815662280003
22796.38428799808,bench:002bbf7c4b8100c6,32,4.72397,0.9304997,4.395652667809
22805.835135979578,bench:002bbf7c4b8100c6,32,4.57216,0.9294252,4.249480722432
22812.585653999122,bench:002bbf7c4b8100c6,32,4.57216,0.9294252,4.249480722432
22817.222225974547,bench:002bbf7c4b8100c6,32,4.15245,0.9304997,3.8638534792650003
22822.020148974843,bench:002bbf7c4b8100c6,32,4.17924,0.9294252,3.884290972848
22827.897155977553,idle,32,1.72349,0.9286194,1.600466249706
22845.500824972987,idle,32,1.41987,0.8732836,1.2399491851320001
22853.88123698067,idle,32,1.26806,0.7225879,0.916284812474
22860.92788199312,idle,32,1.48238,0.8883263,1.316837140594
22876.21714398847,idle,32,1.49131,0.888595,1.32517060945
22891.588831000263,bench:aa1e6ee8a9ac1653,33,3.33982,0.8184852,2.7335932406640002
22899.033305991907,bench:aa1e6ee8a9ac1653,33,5.5366,0.9347976,5.17560039216
22903.157697990537,bench:aa1e6ee8a9ac1653,33,4.14352,0.928888,3.8488660057599997
22907.149498001672,bench:aa1e6ee8a9ac1653,33,3.45591,0.9283507,3.2082964676369996
22915.561668982264,bench:aa1e6ee8a9ac1653,33,5.48302,0.9294252,5.096056960104
22923.333492974052,bench:aa1e6ee8a9ac1653,33,5.99203,0.9294252,5.569143681156
22927.636993990745,bench:aa1e6ee8a9ac1653,33,4.11673,0.9294252,3.826192603595999
22931.62751698401,bench:aa1e6ee8a9ac1653,33,4.12566,0.9294252,3.8344923706319998
22935.560205980437,bench:aa1e6ee8a9ac1653,33,3.37554,0.928888,3.13549859952
22939.595857984386,bench:aa1e6ee8a9ac1653,33,4.13459,0.9286194,3.839460485046
22943.59275099123,bench:aa1e6ee8a9ac1653,33,4.12566,0.928888,3.83227606608
22951.639498991426,bench:aa1e6ee8a9ac1653,33,5.97417,0.928888,5.549334822960001
22955.691427981947,bench:aa1e6ee8a9ac1653,33,2.74151,0.9296938,2.5487648496379998
22963.619695976377,bench:aa1e6ee8a9ac1653,33,5.67055,0.9280821,5.262735952155
22967.698587977793,bench:aa1e6ee8a9ac1653,33,3.02727,0.9291566,2.812807900482
22975.62441098853,bench:aa1e6ee8a9ac1653,33,5.491949,0.928888,5.1014055227120005
22983.634695992805,bench:aa1e6ee8a9ac1653,33,2.74151,0.9291566,2.547292110466
22987.71966199274,bench:aa1e6ee8a9ac1653,33,4.56323,0.928888,4.23872958824
22991.736424999544,bench:aa1e6ee8a9ac1653,33,4.15245,0.9291566,3.85827632367
22995.759668992832,bench:aa1e6ee8a9ac1653,33,4.13459,0.9283507,3.8383495207130003
22999.73098799819,bench:aa1e6ee8a9ac1653,33,4.23282,0.9280821,3.9284044745220004
23003.67321498925,bench:aa1e6ee8a9ac1653,33,4.71504,0.9294252,4.382276995008
23007.609866996063,bench:aa1e6ee8a9ac1653,33,4.42928,0.9286194,4.113115336032
23011.528667993844,bench:aa1e6ee8a9ac1653,33,4.20603,0.9299625,3.911450173875
23015.427042992087,bench:aa1e6ee8a9ac1653,33,4.13459,0.928888,3.8405710359200005
23019.472323998343,bench:aa1e6ee8a9ac1653,33,4.26854,0.9291566,3.9661421133639996
23023.409124987666,bench:aa1e6ee8a9ac1653,33,4.14352,0.9291566,3.849978955232
23027.44370297296,bench:aa1e6ee8a9ac1653,33,4.41142,0.9291566,4.0989000083719995
23031.379965977976,bench:aa1e6ee8a9ac1653,33,4.56323,0.928888,4.23872958824
23035.30463698553,bench:aa1e6ee8a9ac1653,33,4.7329,0.9294252,4.39887652908
23039.31145599927,bench:aa1e6ee8a9ac1653,33,4.15245,0.9286194,3.85604562753
23043.267570988974,bench:aa1e6ee8a9ac1653,33,4.20603,0.928888,3.9069307946400005
23047.220000997186,bench:aa1e6ee8a9ac1653,33,4.14352,0.928888,3.8488660057599997
23051.138338982128,bench:aa1e6ee8a9ac1653,33,4.6436,0.9291566,4.31463158776
23055.08163999184,bench:aa1e6ee8a9ac1653,33,4.57216,0.928888,4.247024558080001
23058.977810986107,bench:aa1e6ee8a9ac1653,33,4.6436,0.9291566,4.31463158776
23062.921166972956,bench:aa1e6ee8a9ac1653,33,4.15245,0.9283507,3.854929864215
23066.793023986975,bench:aa1e6ee8a9ac1653,33,4.15245,0.928888,3.8571609756000003
23075.53035899764,bench:aa1e6ee8a9ac1653,33,5.65269,0.9286194,5.249197596186
23079.818748985417,bench:aa1e6ee8a9ac1653,33,5.95631,0.9291566,5.534344748146
23087.296835001325,bench:aa1e6ee8a9ac1653,33,5.63483,0.9304997,5.243207624551
23091.654094983824,bench:aa1e6ee8a9ac1653,33,5.509809,0.9291566,5.1194753970894
23099.53378897626,bench:aa1e6ee8a9ac1653,33,6.00989,0.928888,5.582514702320001
23107.34585399041,bench:aa1e6ee8a9ac1653,33,5.92059,0.9304997,5.509107218823
23111.615318979602,bench:aa1e6ee8a9ac1653,33,5.5366,0.9294252,5.1458555623199995
23115.6623220013,bench:aa1e6ee8a9ac1653,33,3.00048,0.9294252,2.788721724096
23119.73293600022,bench:aa1e6ee8a9ac1653,33,4.06315,0.9294252,3.77639400138
23124.127843999304,bench:aa1e6ee8a9ac1653,33,4.16138,0.9291566,3.866573692108
23128.10247798916,bench:aa1e6ee8a9ac1653,33,4.17924,0.9286194,3.880923341256
23132.104721997166,bench:aa1e6ee8a9ac1653,33,4.17031,0.9326486,3.889433783066
23143.517256976338,bench:aa1e6ee8a9ac1653,33,4.13459,0.9294252,3.842792137668
23147.60020497488,bench:aa1e6ee8a9ac1653,33,5.93845,0.9294252,5.519345078939999
23151.96996499435,bench:aa1e6ee8a9ac1653,33,5.92952,0.928888,5.5078599737600005
23155.971727974247,bench:aa1e6ee8a9ac1653,33,5.509809,0.9326486,5.1387156501174
23159.99882397591,bench:aa1e6ee8a9ac1653,33,5.50088,0.9283507,5.106745798616
23167.301114997827,bench:aa1e6ee8a9ac1653,33,5.491949,0.9291566,5.1028806602134
23171.376840997254,bench:aa1e6ee8a9ac1653,33,4.14352,0.9259331,3.8366223185119996
23175.469251000322,bench:aa1e6ee8a9ac1653,33,4.16138,0.9286194,3.8643381987720002
23179.510161979124,bench:aa1e6ee8a9ac1653,33,4.17031,0.9286194,3.8726307700139997
23183.533739997074,bench:aa1e6ee8a9ac1653,33,4.16138,0.928888,3.8654559454400004
23187.481392000336,bench:aa1e6ee8a9ac1653,33,4.15245,0.9291566,3.85827632367
23191.54085899936,bench:aa1e6ee8a9ac1653,33,4.20603,0.9304997,3.9137096531910003
23195.488047989784,bench:aa1e6ee8a9ac1653,33,4.67932,0.9299625,4.3515921255
23199.45825598552,bench:aa1e6ee8a9ac1653,33,4.48286,0.928888,4.1640748596799995
23203.383518994087,bench:aa1e6ee8a9ac1653,33,4.30426,0.9296938,4.001643835588
23207.343930989737,bench:aa1e6ee8a9ac1653,33,4.16138,0.928888,3.8654559454400004
23211.360934976256,bench:aa1e6ee8a9ac1653,33,4.26854,0.9326486,3.981047855044
23215.338234993396,bench:aa1e6ee8a9ac1653,33,4.17031,0.9294252,3.8759912058119994
23219.28736899281,bench:aa1e6ee8a9ac1653,33,4.17031,0.9286194,3.8726307700139997
23223.28268797719,bench:aa1e6ee8a9ac1653,33,4.16138,0.9294252,3.867691438776
23227.239561994793,bench:aa1e6ee8a9ac1653,33,4.74183,0.928888,4.40462898504
23231.653432972962,bench:aa1e6ee8a9ac1653,33,4.06315,0.928888,3.7742112772000005
23239.603219000855,bench:aa1e6ee8a9ac1653,33,5.93845,0.9291566,5.5177500112699995
23251.572766981553,bench:aa1e6ee8a9ac1653,33,5.6259,0.9294252,5.22885323268
23263.579259975813,bench:aa1e6ee8a9ac1653,33,5.509809,0.928888,5.117995462392
23267.915112985065,bench:aa1e6ee8a9ac1653,33,5.94738,0.9286194,5.522852447172
23271.90372798941,bench:aa1e6ee8a9ac1653,33,3.14336,0.928888,2.9198293836800002
23275.939694984118,bench:aa1e6ee8a9ac1653,33,5.93845,0.9296938,5.52094014661
23283.259559975704,bench:aa1e6ee8a9ac1653,33,5.91166,0.9291566,5.492857905956001
23295.583012979478,bench:aa1e6ee8a9ac1653,33,5.97417,0.9291566,5.550939485022
23299.898569996003,bench:aa1e6ee8a9ac1653,33,5.97417,0.9280821,5.544520239357
23307.2829899902,bench:aa1e6ee8a9ac1653,33,5.52767,0.9299625,5.1405258123749995
23311.636323982384,bench:aa1e6ee8a9ac1653,33,5.93845,0.928888,5.5161549436
23319.305130979046,bench:aa1e6ee8a9ac1653,33,5.58125,0.9299625,5.190353203125
23327.280582976528,bench:aa1e6ee8a9ac1653,33,5.97417,0.9326486,5.571801286662001
23335.281238978496,bench:aa1e6ee8a9ac1653,33,5.65269,0.9294252,5.253752533787999
23347.587228985503,bench:aa1e6ee8a9ac1653,33,5.95631,0.9291566,5.534344748146
23359.582999983104,bench:aa1e6ee8a9ac1653,33,5.51874,0.9291566,5.1277736946840005
23371.619455982,bench:aa1e6ee8a9ac1653,33,5.67948,0.9286194,5.274075309912
23379.290761979064,bench:aa1e6ee8a9ac1653,33,5.491949,0.928888,5.1014055227120005
23387.35632499447,bench:aa1e6ee8a9ac1653,33,5.93845,0.928888,5.5161549436
23395.336202986073,bench:aa1e6ee8a9ac1653,33,5.93845,0.9291566,5.5177500112699995
23399.620907992357,bench:aa1e6ee8a9ac1653,33,5.91166,0.9280821,5.486505827286001
23411.585271998774,bench:aa1e6ee8a9ac1653,33,5.56339,0.928888,5.16776621032
23419.34709600173,bench:aa1e6ee8a9ac1653,33,5.70627,0.9304997,5.309682523119
23423.491783993086,bench:aa1e6ee8a9ac1653,33,4.16138,0.9286194,3.8643381987720002
23427.482972998405,bench:aa1e6ee8a9ac1653,33,4.71504,0.9294252,4.382276995008
23431.45162597648,bench:aa1e6ee8a9ac1653,33,4.57216,0.9291566,4.248252640256
23435.38283399539,bench:aa1e6ee8a9ac1653,33,4.23282,0.9286194,3.9306787687080003
23440.314292995026,bench:aa1e6ee8a9ac1653,33,4.17924,0.9291566,3.8831684289840003
23451.564420975046,bench:aa1e6ee8a9ac1653,33,3.36661,0.928888,3.1272036296800003
23455.866033997154,bench:aa1e6ee8a9ac1653,33,5.63483,0.9291566,5.235639484378
23459.838500974,bench:aa1e6ee8a9ac1653,33,5.93845,0.9286194,5.51455987593
23463.858022994827,bench:aa1e6ee8a9ac1653,33,5.93845,0.9280821,5.5113691467449994
23467.80839798157,bench:aa1e6ee8a9ac1653,33,5.55446,0.9286194,5.157979312524
23471.76006899099,bench:aa1e6ee8a9ac1653,33,5.6259,0.9304997,5.23489826223
23479.52704099589,bench:aa1e6ee8a9ac1653,33,5.90273,0.9291566,5.484560537518
23485.546286974568,idle,33,1.73242,0.9286194,1.608758820948
23489.802621974377,idle,33,1.72349,0.9286194,1.600466249706
23507.64278898714,idle,33,1.25913,0.8329906,1.048843454178
23512.334971979726,idle,33,1.26806,0.8332592,1.056622661152
23516.970266995486,idle,33,1.24127,0.8329906,1.0339662420620002
23531.64681198541,idle,33,1.24127,0.8335279,1.0346331764330001
23539.822854974773,bench:d8ec57ef24a86b18,34,1.58061,0.7223192,1.141704950712
23547.10636899108,bench:d8ec57ef24a86b18,34,1.89316,0.8182165,1.54901474914
23554.207235982176,bench:d8ec57ef24a86b18,34,2.77723,0.9194863,2.553624936949
23560.90692098951,bench:d8ec57ef24a86b18,34,2.40217,0.8732836,2.097775665412
23567.6821609959,bench:d8ec57ef24a86b18,34,2.95583,0.9283507,2.744046849581
23571.811274974607,bench:d8ec57ef24a86b18,34,2.92011,0.9286194,2.7116707961340003
23575.888721999945,bench:d8ec57ef24a86b18,34,2.95583,0.9291566,2.7464289529780004
23582.367668976076,bench:d8ec57ef24a86b18,34,2.83081,0.9192177,2.602130657337
23586.5484859969,bench:d8ec57ef24a86b18,34,2.80402,0.9184118,2.575245055436
23592.165160982404,bench:d8ec57ef24a86b18,34,2.96476,0.9286194,2.753133652344
23596.345792990178,bench:d8ec57ef24a86b18,34,2.9469,0.928888,2.7373400472
23600.357444986003,bench:d8ec57ef24a86b18,34,2.93797,0.9283507,2.7274665060789998
23604.375670984155,bench:d8ec57ef24a86b18,34,2.93797,0.928888,2.72904507736
23608.40408198419,bench:d8ec57ef24a86b18,34,2.9469,0.928888,2.7373400472
23612.434122973355,bench:d8ec57ef24a86b18,34,2.9469,0.9291566,2.73813158454
23616.43647798337,bench:d8ec57ef24a86b18,34,2.99155,0.9294252,2.78042195706
23620.42307498632,bench:d8ec57ef24a86b18,34,2.91118,0.9294252,2.7057240537359997
23624.456170975463,bench:d8ec57ef24a86b18,34,2.93797,0.928888,2.72904507736
23628.494729986414,bench:d8ec57ef24a86b18,34,2.93797,0.9283507,2.7274665060789998
23632.537881989265,bench:d8ec57ef24a86b18,34,2.97369,0.9291566,2.763023689854
23636.598015000345,bench:d8ec57ef24a86b18,34,2.91118,0.9283507,2.702595990826
23640.580684994347,bench:d8ec57ef24a86b18,34,2.92904,0.928888,2.7207501075200002
23644.61520698387,bench:d8ec57ef24a86b18,34,2.9469,0.9291566,2.73813158454
23652.654788980726,bench:d8ec57ef24a86b18,34,2.98262,0.9286194,2.769718794828
23656.727476976812,bench:d8ec57ef24a86b18,34,2.89332,0.9291566,2.6883473739120003
23660.79512797296,bench:d8ec57ef24a86b18,34,2.9469,0.9294252,2.7389231218799996
23664.875038986793,bench:d8ec57ef24a86b18,34,3.01834,0.9283507,2.8020780518379995
23668.85672797798,bench:d8ec57ef24a86b18,34,3.01834,0.9286194,2.8028890797959995
23672.868953988655,bench:d8ec57ef24a86b18,34,2.92011,0.9286194,2.7116707961340003
23676.937975978944,bench:d8ec57ef24a86b18,34,2.9469,0.9280821,2.73496514049
23680.982571997447,bench:d8ec57ef24a86b18,34,2.9469,0.9283507,2.73575667783
23685.015519993613,bench:d8ec57ef24a86b18,34,2.97369,0.9286194,2.761426223586
23689.106133999303,bench:d8ec57ef24a86b18,34,2.9469,0.9286194,2.73654850986
23693.140544986818,bench:d8ec57ef24a86b18,34,3.84883,0.9286194,3.574098205302
23697.190140985185,bench:d8ec57ef24a86b18,34,3.20587,0.928888,2.97789417256
23701.221458992222,bench:d8ec57ef24a86b18,34,3.00941,0.928888,2.79540483608
23705.285110976547,bench:d8ec57ef24a86b18,34,2.98262,0.928888,2.77051992656
23709.403946995735,bench:d8ec57ef24a86b18,34,2.98262,0.928888,2.77051992656
23714.378738979576,bench:d8ec57ef24a86b18,34,2.88439,0.9294252,2.680824752628
23719.45173398126,bench:d8ec57ef24a86b18,34,2.96476,0.928888,2.7539299868800002
23725.62601597747,bench:d8ec57ef24a86b18,34,2.79509,0.928888,2.5963255599200004
23729.700500989566,bench:d8ec57ef24a86b18,34,2.78616,0.9294252,2.589527315232
23734.90486497758,bench:d8ec57ef24a86b18,34,2.86653,0.928888,2.6626853186400004
23739.129681984195,bench:d8ec57ef24a86b18,34,2.88439,0.928888,2.67927525832
23743.24598099338,bench:d8ec57ef24a86b18,34,2.83974,0.9296938,2.640088671612
23747.331205988303,bench:d8ec57ef24a86b18,34,2.83081,0.928888,2.6295054392800004
23753.464099980192,bench:d8ec57ef24a86b18,34,2.79509,0.9283507,2.594823758063
23757.513288001064,bench:d8ec57ef24a86b18,34,2.77723,0.9291566,2.580481584218
23761.629605985945,bench:d8ec57ef24a86b18,34,2.79509,0.9291566,2.597076321094
23765.686516999267,bench:d8ec57ef24a86b18,34,2.77723,0.9294252,2.581227548196
23771.822391980095,bench:d8ec57ef24a86b18,34,2.79509,0.928888,2.5963255599200004
23775.8691359777,bench:d8ec57ef24a86b18,34,2.8576,0.9291566,2.6551579001600003
23779.9690089887,bench:d8ec57ef24a86b18,34,2.82188,0.9286194,2.620452512472
23786.64928697981,bench:d8ec57ef24a86b18,34,2.97369,0.9280821,2.759828459949
23793.05997499614,bench:d8ec57ef24a86b18,34,2.84867,0.9186804,2.6170172950679995
23799.443217983935,bench:d8ec57ef24a86b18,34,2.93797,0.928888,2.72904507736
23803.485794982407,bench:d8ec57ef24a86b18,34,2.93797,0.9299625,2.732201926125
23807.616316975327,bench:d8ec57ef24a86b18,34,2.95583,0.9286194,2.7448410811020003
23814.036855997983,bench:d8ec57ef24a86b18,34,2.8576,0.9186804,2.62522111104
23818.106784980046,bench:d8ec57ef24a86b18,34,2.83081,0.9186804,2.600609663124
23822.219472989673,bench:d8ec57ef24a86b18,34,2.8576,0.9192177,2.6267564995200003
23826.336790982168,bench:d8ec57ef24a86b18,34,2.81295,0.9194863,2.586468987585
23830.47610797803,bench:d8ec57ef24a86b18,34,2.79509,0.9186804,2.567794399236
23834.54537097714,bench:d8ec57ef24a86b18,34,2.79509,0.9192177,2.569296201093
23840.12776898453,bench:d8ec57ef24a86b18,34,2.92904,0.928888,2.7207501075200002
23844.35480798129,bench:d8ec57ef24a86b18,34,2.95583,0.9286194,2.7448410811020003
23848.376940994058,bench:d8ec57ef24a86b18,34,2.96476,0.9291566,2.7547263214160003
23852.466036973055,bench:d8ec57ef24a86b18,34,2.92011,0.928888,2.71245513768
23856.506132986397,bench:d8ec57ef24a86b18,34,2.95583,0.928888,2.74563501704
23860.583617992233,bench:d8ec57ef24a86b18,34,2.9469,0.9291566,2.73813158454
23864.573954982916,bench:d8ec57ef24a86b18,34,2.92904,0.9294252,2.722323587808
23868.572791980114,bench:d8ec57ef24a86b18,34,2.95583,0.928888,2.74563501704
23872.558906994527,bench:d8ec57ef24a86b18,34,2.93797,0.9294252,2.730623354844
23876.584318000823,bench:d8ec57ef24a86b18,34,2.92011,0.9280821,2.7101018210310004
23880.600691976724,bench:d8ec57ef24a86b18,34,2.93797,0.928888,2.72904507736
23884.690935985418,bench:d8ec57ef24a86b18,34,2.97369,0.9291566,2.763023689854
23888.732772989897,bench:d8ec57ef24a86b18,34,2.96476,0.9294252,2.755522655952
23892.752905987436,bench:d8ec57ef24a86b18,34,2.9469,0.9294252,2.7389231218799996
23896.788538986584,bench:d8ec57ef24a86b18,34,2.93797,0.928888,2.72904507736
23900.81228298368,bench:d8ec57ef24a86b18,34,2.92011,0.9286194,2.7116707961340003
23904.844064993085,bench:d8ec57ef24a86b18,34,2.96476,0.9286194,2.753133652344
23908.943789982004,bench:d8ec57ef24a86b18,34,2.95583,0.9286194,2.7448410811020003
23912.95377499773,bench:d8ec57ef24a86b18,34,2.92904,0.9294252,2.722323587808
23917.04566698172,bench:d8ec57ef24a86b18,34,2.91118,0.9286194,2.703378224892
23921.052633988438,bench:d8ec57ef24a86b18,34,2.92011,0.9286194,2.7116707961340003
23925.06178599433,bench:d8ec57ef24a86b18,34,2.9469,0.928888,2.7373400472
23929.08504899242,bench:d8ec57ef24a86b18,34,2.92904,0.9294252,2.722323587808
23933.12777398387,bench:d8ec57ef24a86b18,34,2.90225,0.9294252,2.6974242867
23939.57936897641,bench:d8ec57ef24a86b18,34,2.79509,0.9192177,2.569296201093
23943.66283499403,bench:d8ec57ef24a86b18,34,2.83081,0.9192177,2.602130657337
23949.208881997038,bench:d8ec57ef24a86b18,34,2.95583,0.9294252,2.747222888916
23953.43990199035,bench:d8ec57ef24a86b18,34,2.93797,0.9280821,2.726677367337
23957.453053997597,bench:d8ec57ef24a86b18,34,2.99155,0.928888,2.7788148964
23961.49696499924,bench:d8ec57ef24a86b18,34,2.96476,0.928888,2.7539299868800002
23965.515004994813,bench:d8ec57ef24a86b18,34,2.93797,0.9294252,2.730623354844
23969.557489996077,bench:d8ec57ef24a86b18,34,2.96476,0.9294252,2.755522655952
23973.62928997609,bench:d8ec57ef24a86b18,34,2.95583,0.928888,2.74563501704
23977.648181986297,bench:d8ec57ef24a86b18,34,2.96476,0.9286194,2.753133652344
23981.70509299962,bench:d8ec57ef24a86b18,34,2.96476,0.9286194,2.753133652344
23985.725040984107,bench:d8ec57ef24a86b18,34,2.92904,0.9294252,2.722323587808
23989.76178598241,bench:d8ec57ef24a86b18,34,2.9469,0.9283507,2.73575667783
23993.737955985125,bench:d8ec57ef24a86b18,34,2.99155,0.9286194,2.77801136607
23997.77477499447,bench:d8ec57ef24a86b18,34,2.91118,0.9291566,2.704942110788
24001.79462999222,bench:d8ec57ef24a86b18,34,2.95583,0.9286194,2.7448410811020003
24005.790633993456,bench:d8ec57ef24a86b18,34,2.92011,0.928888,2.71245513768
24009.77291597519,bench:d8ec57ef24a86b18,34,2.96476,0.9291566,2.7547263214160003
24013.808438001433,bench:d8ec57ef24a86b18,34,2.92904,0.9283507,2.719176334328
24017.873773991596,bench:d8ec57ef24a86b18,34,2.97369,0.928888,2.76222495672
24021.903314976953,bench:d8ec57ef24a86b18,34,2.95583,0.928888,2.74563501704
24025.92398499837,bench:d8ec57ef24a86b18,34,2.9469,0.9294252,2.7389231218799996
24029.95076699881,bench:d8ec57ef24a86b18,34,2.91118,0.9291566,2.704942110788
24033.992974000284,bench:d8ec57ef24a86b18,34,2.9469,0.928888,2.7373400472
24038.02262598765,bench:d8ec57ef24a86b18,34,2.95583,0.928888,2.74563501704
24042.066925001564,bench:d8ec57ef24a86b18,34,2.95583,0.928888,2.74563501704
24046.120391984005,bench:d8ec57ef24a86b18,34,2.9469,0.9286194,2.73654850986
24050.086524977814,bench:d8ec57ef24a86b18,34,2.93797,0.9294252,2.730623354844
24054.1276029835,bench:d8ec57ef24a86b18,34,2.92904,0.9286194,2.719963367376
24058.154161990387,bench:d8ec57ef24a86b18,34,2.92011,0.9286194,2.7116707961340003
24062.117813999066,bench:d8ec57ef24a86b18,34,2.9469,0.928888,2.7373400472
24066.113188979216,bench:d8ec57ef24a86b18,34,2.99155,0.9294252,2.78042195706
24070.184061973123,bench:d8ec57ef24a86b18,34,2.93797,0.9286194,2.728255938618
24074.173658998916,bench:d8ec57ef24a86b18,34,2.92904,0.928888,2.7207501075200002
24078.189569991082,bench:d8ec57ef24a86b18,34,2.9469,0.9291566,2.73813158454
24082.286016986473,bench:d8ec57ef24a86b18,34,2.92904,0.9294252,2.722323587808
24086.33396498044,bench:d8ec57ef24a86b18,34,2.9469,0.9294252,2.7389231218799996
24090.324524993775,bench:d8ec57ef24a86b18,34,2.93797,0.9286194,2.728255938618
24094.38499098178,bench:d8ec57ef24a86b18,34,2.93797,0.928888,2.72904507736
24098.390660976293,bench:d8ec57ef24a86b18,34,2.99155,0.928888,2.7788148964
24102.450349979335,bench:d8ec57ef24a86b18,34,2.92904,0.9283507,2.719176334328
24106.504334980855,bench:d8ec57ef24a86b18,34,2.93797,0.9291566,2.729834216102
24110.52963498514,bench:d8ec57ef24a86b18,34,2.95583,0.9286194,2.7448410811020003
24114.56556399935,bench:d8ec57ef24a86b18,34,2.97369,0.928888,2.76222495672
24118.56058597914,bench:d8ec57ef24a86b18,34,2.92011,0.9291566,2.7132394792260004
24122.6080529741,bench:d8ec57ef24a86b18,34,2.96476,0.9294252,2.755522655952
24126.615593995666,bench:d8ec57ef24a86b18,34,2.97369,0.9283507,2.7606271930829998
24130.66220798646,bench:d8ec57ef24a86b18,34,2.98262,0.9286194,2.769718794828
24134.720359987114,bench:d8ec57ef24a86b18,34,2.95583,0.9291566,2.7464289529780004
24138.73173398315,idle,34,2.67007,0.9286194,2.479478801358
24146.07446899754,idle,34,1.54489,0.9036377,1.3960208463530002
24160.425904992735,idle,34,1.52703,0.9036377,1.3798818770310002
24168.713391991332,idle,34,1.13411,0.8184852,0.928252250172
24173.461000988027,idle,34,1.15197,0.8184852,0.942870395844
24190.81337499665,idle,34,1.19662,0.8327221,0.996451919302
24199.3044159899,bench:a8947d3a81d888b0,35,2.01818,0.8335279,1.682209337222
24203.867784992326,bench:a8947d3a81d888b0,35,2.02711,0.8329906,1.688563575166
24208.311877999222,bench:a8947d3a81d888b0,35,1.97353,0.8335279,1.644992316487
24214.425752987154,bench:a8947d3a81d888b0,35,2.7683,0.9186804,2.54318295132
24218.727346975356,bench:a8947d3a81d888b0,35,2.80402,0.9184118,2.575245055436
24222.778220981127,bench:a8947d3a81d888b0,35,2.79509,0.918949,2.5685451604100002
24226.867945981212,bench:a8947d3a81d888b0,35,2.82188,0.918949,2.59316380412
24230.914078973,bench:a8947d3a81d888b0,35,2.81295,0.918949,2.58495758955
24235.01898997347,bench:a8947d3a81d888b0,35,2.7683,0.9192177,2.54467035891
24240.651183994487,bench:a8947d3a81d888b0,35,2.98262,0.9294252,2.7721221900239996
24244.856759993127,bench:a8947d3a81d888b0,35,2.93797,0.928888,2.72904507736
24250.42445398867,bench:a8947d3a81d888b0,35,2.77723,0.9184118,2.550640803314
24254.702621983597,bench:a8947d3a81d888b0,35,2.77723,0.9184118,2.550640803314
24258.810773986625,bench:a8947d3a81d888b0,35,2.79509,0.9186804,2.567794399236
24262.860906979768,bench:a8947d3a81d888b0,35,2.83974,0.9186804,2.608813479096
24266.939909983194,bench:a8947d3a81d888b0,35,2.81295,0.9186804,2.58420203118
24271.056504978333,bench:a8947d3a81d888b0,35,2.75044,0.9186804,2.526775319376
24276.65784797864,bench:a8947d3a81d888b0,35,2.92011,0.9283507,2.710886162577
24280.884423991665,bench:a8947d3a81d888b0,35,2.95583,0.9283507,2.744046849581
24284.889019996626,bench:a8947d3a81d888b0,35,2.99155,0.9286194,2.77801136607
24288.906709000003,bench:a8947d3a81d888b0,35,2.95583,0.9286194,2.7448410811020003
24292.91921199183,bench:a8947d3a81d888b0,35,2.96476,0.9286194,2.753133652344
24296.884493989637,bench:a8947d3a81d888b0,35,2.99155,0.9283507,2.777207536585
24302.480021986412,bench:a8947d3a81d888b0,35,2.77723,0.9194863,2.553624936949
24306.7489679961,bench:a8947d3a81d888b0,35,2.81295,0.9194863,2.586468987585
24310.847674991237,bench:a8947d3a81d888b0,35,2.80402,0.9186804,2.5759982152079997
24314.930918975733,bench:a8947d3a81d888b0,35,2.81295,0.9186804,2.58420203118
24320.53259399254,bench:a8947d3a81d888b0,35,2.92011,0.9286194,2.7116707961340003
24324.73524499801,bench:a8947d3a81d888b0,35,2.92904,0.9286194,2.719963367376
24328.74295199872,bench:a8947d3a81d888b0,35,2.92011,0.928888,2.71245513768
24332.76097397902,bench:a8947d3a81d888b0,35,2.90225,0.9286194,2.69508565365
24338.32835397334,bench:a8947d3a81d888b0,35,2.80402,0.9194863,2.5782579749259997
24342.60742997867,bench:a8947d3a81d888b0,35,2.77723,0.9192177,2.552878972971
24346.69961797772,bench:a8947d3a81d888b0,35,2.81295,0.9184118,2.58344647281
24350.786898983642,bench:a8947d3a81d888b0,35,2.81295,0.9192177,2.585713429215
24357.178493984975,bench:a8947d3a81d888b0,35,3.06299,0.928888,2.84517465512
24361.20544199366,bench:a8947d3a81d888b0,35,3.06299,0.9291566,2.845997374234
24365.231148985913,bench:a8947d3a81d888b0,35,2.99155,0.9286194,2.77801136607
24371.70937299379,bench:a8947d3a81d888b0,35,2.83081,0.9186804,2.600609663124
24375.771746999817,bench:a8947d3a81d888b0,35,2.83081,0.9192177,2.602130657337
24381.40092199319,bench:a8947d3a81d888b0,35,2.92011,0.9280821,2.7101018210310004
24385.609090997605,bench:a8947d3a81d888b0,35,2.96476,0.9294252,2.755522655952
24389.65237198863,bench:a8947d3a81d888b0,35,2.96476,0.928888,2.7539299868800002
24393.70056099142,bench:a8947d3a81d888b0,35,2.96476,0.928888,2.7539299868800002
24399.252440984128,bench:a8947d3a81d888b0,35,2.75937,0.9194863,2.537202911631
24403.55416398961,bench:a8947d3a81d888b0,35,2.79509,0.9186804,2.567794399236
24409.929814981297,bench:a8947d3a81d888b0,35,2.96476,0.928888,2.7539299868800002
24413.952855975367,bench:a8947d3a81d888b0,35,2.95583,0.9291566,2.7464289529780004
24417.94224799378,bench:a8947d3a81d888b0,35,2.91118,0.9283507,2.702595990826
24421.934677986428,bench:a8947d3a81d888b0,35,2.92904,0.9291566,2.7215368476640003
24425.945848983247,bench:a8947d3a81d888b0,35,2.9469,0.9283507,2.73575667783
24429.966297000647,bench:a8947d3a81d888b0,35,2.97369,0.9294252,2.763822422988
24433.947781973984,bench:a8947d3a81d888b0,35,2.98262,0.9286194,2.769718794828
24438.013933977345,bench:a8947d3a81d888b0,35,2.9469,0.9291566,2.73813158454
24443.58329498209,bench:a8947d3a81d888b0,35,2.80402,0.918949,2.57675137498
24447.926758992253,bench:a8947d3a81d888b0,35,2.77723,0.9184118,2.550640803314
24453.3972129866,bench:a8947d3a81d888b0,35,2.92904,0.928888,2.7207501075200002
24457.605103991227,bench:a8947d3a81d888b0,35,2.92904,0.9294252,2.722323587808
24461.667884985218,bench:a8947d3a81d888b0,35,2.9469,0.9286194,2.73654850986
24465.670870995382,bench:a8947d3a81d888b0,35,2.93797,0.928888,2.72904507736
24469.67865197803,bench:a8947d3a81d888b0,35,2.9469,0.928888,2.7373400472
24473.732043989003,bench:a8947d3a81d888b0,35,2.9469,0.9286194,2.73654850986
24479.341126978397,bench:a8947d3a81d888b0,35,2.80402,0.9184118,2.575245055436
24483.653406001395,bench:a8947d3a81d888b0,35,2.82188,0.9186804,2.592405847152
24489.220230985666,bench:a8947d3a81d888b0,35,2.96476,0.9291566,2.7547263214160003
24493.42367699137,bench:a8947d3a81d888b0,35,2.9469,0.9283507,2.73575667783
24497.43712498457,bench:a8947d3a81d888b0,35,2.97369,0.9286194,2.761426223586
24501.492202980444,bench:a8947d3a81d888b0,35,2.91118,0.9283507,2.702595990826
24505.46372498502,bench:a8947d3a81d888b0,35,2.97369,0.9283507,2.7606271930829998
24509.56507999217,bench:a8947d3a81d888b0,35,2.91118,0.928888,2.70416016784
24513.574916985817,bench:a8947d3a81d888b0,35,2.9469,0.928888,2.7373400472
24517.64086500043,bench:a8947d3a81d888b0,35,2.9469,0.9294252,2.7389231218799996
24521.681960992282,bench:a8947d3a81d888b0,35,2.9469,0.928888,2.7373400472
24525.686260982184,bench:a8947d3a81d888b0,35,2.96476,0.928888,2.7539299868800002
24529.723913001362,bench:a8947d3a81d888b0,35,2.92011,0.928888,2.71245513768
24533.760471997084,bench:a8947d3a81d888b0,35,2.92011,0.9283507,2.710886162577
24537.822752987267,bench:a8947d3a81d888b0,35,2.96476,0.928888,2.7539299868800002
24541.844700986985,bench:a8947d3a81d888b0,35,2.92011,0.928888,2.71245513768
24545.866222993936,bench:a8947d3a81d888b0,35,2.9469,0.928888,2.7373400472
24549.846930982312,bench:a8947d3a81d888b0,35,2.98262,0.9286194,2.769718794828
24553.849693998927,bench:a8947d3a81d888b0,35,2.96476,0.9296938,2.756318990488
24557.915622979635,bench:a8947d3a81d888b0,35,2.92011,0.9286194,2.7116707961340003
24561.99353397824,bench:a8947d3a81d888b0,35,2.92904,0.9286194,2.719963367376
24565.987999987556,bench:a8947d3a81d888b0,35,2.91118,0.9286194,2.703378224892
24569.983597000828,bench:a8947d3a81d888b0,35,2.95583,0.9286194,2.7448410811020003
24574.02139698388,bench:a8947d3a81d888b0,35,2.97369,0.9291566,2.763023689854
24578.036530001555,bench:a8947d3a81d888b0,35,2.9469,0.9294252,2.7389231218799996
24582.071236975025,bench:a8947d3a81d888b0,35,2.9469,0.9283507,2.73575667783
24587.76081999531,bench:a8947d3a81d888b0,35,2.83081,0.9192177,2.602130657337
24591.946136992192,bench:a8947d3a81d888b0,35,2.75937,0.9186804,2.534979135348
24598.402323987102,bench:a8947d3a81d888b0,35,2.95583,0.928888,2.74563501704
24602.4290130008,bench:a8947d3a81d888b0,35,2.90225,0.9286194,2.69508565365
24606.462108989945,bench:a8947d3a81d888b0,35,2.93797,0.928888,2.72904507736
24610.511426988523,bench:a8947d3a81d888b0,35,2.9469,0.9283507,2.73575667783
24614.548892976018,bench:a8947d3a81d888b0,35,2.95583,0.9286194,2.7448410811020003
24618.551841995213,bench:a8947d3a81d888b0,35,2.95583,0.9286194,2.7448410811020003
24622.612974984804,bench:a8947d3a81d888b0,35,2.92011,0.9291566,2.7132394792260004
24626.60757100093,bench:a8947d3a81d888b0,35,2.98262,0.928888,2.77051992656
24630.636260000756,bench:a8947d3a81d888b0,35,2.91118,0.928888,2.70416016784
24634.63855997543,bench:a8947d3a81d888b0,35,2.92011,0.9283507,2.710886162577
24638.664286001585,bench:a8947d3a81d888b0,35,2.93797,0.9291566,2.729834216102
24642.725121986587,bench:a8947d3a81d888b0,35,2.93797,0.9286194,2.728255938618
24646.776254987344,bench:a8947d3a81d888b0,35,2.93797,0.9283507,2.7274665060789998
24654.801188997226,bench:a8947d3a81d888b0,35,2.91118,0.928888,2.70416016784
24658.80993299652,bench:a8947d3a81d888b0,35,2.95583,0.9294252,2.747222888916
24662.85710298689,bench:a8947d3a81d888b0,35,2.91118,0.928888,2.70416016784
24666.881310986355,bench:a8947d3a81d888b0,35,2.93797,0.928888,2.72904507736
24670.876184973167,bench:a8947d3a81d888b0,35,2.96476,0.928888,2.7539299868800002
24674.891799979378,bench:a8947d3a81d888b0,35,2.93797,0.9286194,2.728255938618
24678.973135974957,bench:a8947d3a81d888b0,35,2.93797,0.9294252,2.730623354844
24682.946843997343,bench:a8947d3a81d888b0,35,2.93797,0.9294252,2.730623354844
24686.918625986436,bench:a8947d3a81d888b0,35,2.91118,0.928888,2.70416016784
24690.91981498059,bench:a8947d3a81d888b0,35,2.93797,0.928888,2.72904507736
24694.983410998248,bench:a8947d3a81d888b0,35,2.93797,0.928888,2.72904507736
24699.07017299556,bench:a8947d3a81d888b0,35,2.93797,0.9291566,2.729834216102
24703.205582976807,bench:a8947d3a81d888b0,35,2.97369,0.9294252,2.763822422988
24707.342659996357,bench:a8947d3a81d888b0,35,2.9469,0.9286194,2.73654850986
24711.504661972867,bench:a8947d3a81d888b0,35,2.87546,0.928888,2.67098028848
24716.41858498333,bench:a8947d3a81d888b0,35,2.84867,0.928888,2.64609537896
24721.494319994235,bench:a8947d3a81d888b0,35,2.9469,0.928888,2.7373400472
24727.537973987637,bench:a8947d3a81d888b0,35,2.77723,0.9280821,2.577497450583
24731.638105993625,bench:a8947d3a81d888b0,35,2.74151,0.928888,2.54655574088
24735.733090987196,bench:a8947d3a81d888b0,35,3.33982,0.9294252,3.104112871464
24739.809963997686,bench:a8947d3a81d888b0,35,2.71472,0.9283507,2.5202122123039996
24745.380065985955,bench:a8947d3a81d888b0,35,2.86653,0.9294252,2.664225218556
24749.598827998852,bench:a8947d3a81d888b0,35,2.81295,0.928888,2.6129154996
24753.57771999552,bench:a8947d3a81d888b0,35,2.83974,0.9286194,2.637037654956
24757.596742972964,bench:a8947d3a81d888b0,35,2.86653,0.9286194,2.661915368682
24761.60635697306,bench:a8947d3a81d888b0,35,2.8576,0.9283507,2.65285496032
24765.690823987825,bench:a8947d3a81d888b0,35,2.79509,0.928888,2.5963255599200004
24769.683215999976,bench:a8947d3a81d888b0,35,2.83974,0.9283507,2.636274616818
24773.706034990028,bench:a8947d3a81d888b0,35,2.84867,0.9291566,2.646860531722
24777.805038000224,bench:a8947d3a81d888b0,35,3.72381,0.9280821,3.456001404801
24781.984114000807,bench:a8947d3a81d888b0,35,2.8576,0.928888,2.6543903488000002
24786.971775989514,bench:a8947d3a81d888b0,35,2.87546,0.9286194,2.670207939924
24794.122457999038,idle,35,2.42003,0.9184118,2.2225841083540003
24799.240618973272,idle,35,1.59847,0.918949,1.46891240803
24816.652714973316,idle,35,1.5181,0.9031004,1.37099671724
24824.60185297532,idle,35,0.9822999,0.7223192,0.7095340779280801
24829.18290697853,idle,35,1.00909,0.7225879,0.729156224011
24847.495310998056,idle,35,1.20555,0.8332592,1.0045356285599998
24852.363029989647,bench:8d02e85b6aa85f88,36,1.94674,0.8337965,1.62318499841
24856.97252798127,bench:8d02e85b6aa85f88,36,1.9646,0.8332592,1.6370210243199999
24862.98468199675,bench:8d02e85b6aa85f88,36,2.5004,0.903369,2.2587838475999997
24867.286331980722,bench:8d02e85b6aa85f88,36,2.61649,0.9028318,2.362250376382
24873.789740988286,bench:8d02e85b6aa85f88,36,2.78616,0.928888,2.5880305900800002
24877.926520974142,bench:8d02e85b6aa85f88,36,2.83974,0.928888,2.63780040912
24883.637676975923,bench:8d02e85b6aa85f88,36,2.67007,0.9184118,2.452223794826
24887.97267799964,bench:8d02e85b6aa85f88,36,2.679,0.9184118,2.4604252121999997
24892.154513974674,bench:8d02e85b6aa85f88,36,2.64328,0.918949,2.4290395127199997
24899.03354999842,bench:8d02e85b6aa85f88,36,2.83081,0.928888,2.6295054392800004
24903.228458977537,bench:8d02e85b6aa85f88,36,2.8576,0.9299625,2.65746084
24907.399164978415,bench:8d02e85b6aa85f88,36,2.87546,0.9294252,2.6725249855919997
24911.54868598096,bench:8d02e85b6aa85f88,36,2.8576,0.9286194,2.65362279744
24918.020132987294,bench:8d02e85b6aa85f88,36,2.70579,0.918949,2.48648301471
24922.246874979464,bench:8d02e85b6aa85f88,36,2.72365,0.9184118,2.50143229907
24926.48561799433,bench:8d02e85b6aa85f88,36,2.72365,0.9192177,2.503627288605
24930.77065597754,bench:8d02e85b6aa85f88,36,2.68793,0.9186804,2.469348607572
24934.951324976282,bench:8d02e85b6aa85f88,36,2.74151,0.918949,2.51930787299
24939.180956978817,bench:8d02e85b6aa85f88,36,2.72365,0.9194863,2.504358860995
24943.3733849728,bench:8d02e85b6aa85f88,36,2.66114,0.9184118,2.4440223774520002
24950.207920977846,bench:8d02e85b6aa85f88,36,2.75044,0.9294252,2.556328247088
24954.435052000917,bench:8d02e85b6aa85f88,36,2.89332,0.9283507,2.686015647324
24958.650535991183,bench:8d02e85b6aa85f88,36,2.86653,0.9286194,2.661915368682
24962.846668000566,bench:8d02e85b6aa85f88,36,2.84867,0.9286194,2.645330226198
24967.029206978623,bench:8d02e85b6aa85f88,36,2.84867,0.9291566,2.646860531722
24971.2356349919,bench:8d02e85b6aa85f88,36,2.84867,0.9291566,2.646860531722
24975.395692978054,bench:8d02e85b6aa85f88,36,2.89332,0.9283507,2.686015647324
24979.50604799553,bench:8d02e85b6aa85f88,36,2.84867,0.928888,2.64609537896
24983.701549994294,bench:8d02e85b6aa85f88,36,2.84867,0.9286194,2.645330226198
24987.838164001005,bench:8d02e85b6aa85f88,36,2.8576,0.9291566,2.6551579001600003
24992.038591997698,bench:8d02e85b6aa85f88,36,2.91118,0.928888,2.70416016784
24996.19929798064,bench:8d02e85b6aa85f88,36,2.84867,0.928888,2.64609537896
25001.847306994023,bench:8d02e85b6aa85f88,36,2.7683,0.9184118,2.54243938594
25006.105826993007,bench:8d02e85b6aa85f88,36,2.70579,0.918949,2.48648301471
25011.722298979294,bench:8d02e85b6aa85f88,36,2.86653,0.9286194,2.661915368682
25015.863467997406,bench:8d02e85b6aa85f88,36,2.7683,0.928888,2.5714406504
25019.975452974904,bench:8d02e85b6aa85f88,36,2.84867,0.928888,2.64609537896
25024.069103994407,bench:8d02e85b6aa85f88,36,2.83974,0.928888,2.63780040912
25029.66639099759,bench:8d02e85b6aa85f88,36,2.75044,0.9184118,2.526036551192
25033.9962989965,bench:8d02e85b6aa85f88,36,2.75937,0.9186804,2.534979135348
25040.43068998726,bench:8d02e85b6aa85f88,36,2.88439,0.9286194,2.678500511166
25044.611432997044,bench:8d02e85b6aa85f88,36,2.8576,0.9283507,2.65285496032
25048.75312099466,bench:8d02e85b6aa85f88,36,2.8576,0.9280821,2.6520874089600004
25052.848697989248,bench:8d02e85b6aa85f88,36,2.87546,0.9280821,2.668662955266
25056.975070998305,bench:8d02e85b6aa85f88,36,2.87546,0.9280821,2.668662955266
25061.119054997107,bench:8d02e85b6aa85f88,36,2.84867,0.9286194,2.645330226198
25067.657611973118,bench:8d02e85b6aa85f88,36,2.74151,0.918949,2.51930787299
25074.07741100178,bench:8d02e85b6aa85f88,36,2.83081,0.928888,2.6295054392800004
25078.288097982295,bench:8d02e85b6aa85f88,36,2.77723,0.9294252,2.581227548196
25082.440414989833,bench:8d02e85b6aa85f88,36,2.90225,0.9286194,2.69508565365
25086.582991993055,bench:8d02e85b6aa85f88,36,2.83974,0.9291566,2.638563163284
25090.70951299509,bench:8d02e85b6aa85f88,36,2.81295,0.9294252,2.61442661634
25094.85116400174,bench:8d02e85b6aa85f88,36,2.84867,0.9283507,2.644564788569
25099.079647974577,bench:8d02e85b6aa85f88,36,2.80402,0.928888,2.60462052976
25103.22252099286,bench:8d02e85b6aa85f88,36,2.83081,0.928888,2.6295054392800004
25107.34981999849,bench:8d02e85b6aa85f88,36,2.84867,0.9286194,2.645330226198
25111.530654976377,bench:8d02e85b6aa85f88,36,2.8576,0.928888,2.6543903488000002
25115.70073198527,bench:8d02e85b6aa85f88,36,2.83081,0.928888,2.6295054392800004
25119.881641992833,bench:8d02e85b6aa85f88,36,2.82188,0.928888,2.6212104694400002
25125.412632973166,bench:8d02e85b6aa85f88,36,2.70579,0.9192177,2.487210060483
25129.767299978994,bench:8d02e85b6aa85f88,36,2.7683,0.9186804,2.54318295132
25134.005208994495,bench:8d02e85b6aa85f88,36,2.68793,0.9186804,2.469348607572
25138.249673997052,bench:8d02e85b6aa85f88,36,2.72365,0.9184118,2.50143229907
25142.529730976094,bench:8d02e85b6aa85f88,36,2.73258,0.9184118,2.509633716444
25146.758065995527,bench:8d02e85b6aa85f88,36,2.74151,0.9184118,2.517835133818
25151.000141981058,bench:8d02e85b6aa85f88,36,2.70579,0.9192177,2.487210060483
25155.20395897329,bench:8d02e85b6aa85f88,36,2.74151,0.9192177,2.520044516727
25160.892467974918,bench:8d02e85b6aa85f88,36,2.87546,0.928888,2.67098028848
25165.198079979746,bench:8d02e85b6aa85f88,36,2.83081,0.9286194,2.628745083714
25169.388452981366,bench:8d02e85b6aa85f88,36,2.83081,0.9283507,2.627984445067
25173.5170109896,bench:8d02e85b6aa85f88,36,2.84867,0.9286194,2.645330226198
25177.70136499894,bench:8d02e85b6aa85f88,36,2.91118,0.9283507,2.702595990826
25181.828571978258,bench:8d02e85b6aa85f88,36,2.87546,0.9291566,2.671752637036
25185.960851988057,bench:8d02e85b6aa85f88,36,2.87546,0.9283507,2.669435303822
25192.555426998297,bench:8d02e85b6aa85f88,36,2.71472,0.9186804,2.4939600554879995
25196.787391992984,bench:8d02e85b6aa85f88,36,2.64328,0.9184118,2.427619542704
25202.434381993953,bench:8d02e85b6aa85f88,36,2.87546,0.9291566,2.671752637036
25206.685105978977,bench:8d02e85b6aa85f88,36,2.8576,0.9291566,2.6551579001600003
25212.154968001414,bench:8d02e85b6aa85f88,36,2.75044,0.9192177,2.5282531307880003
25216.46850599791,bench:8d02e85b6aa85f88,36,2.70579,0.9186804,2.4857562395159998
25222.876396990614,bench:8d02e85b6aa85f88,36,2.83081,0.9283507,2.627984445067
25226.989788992796,bench:8d02e85b6aa85f88,36,2.86653,0.928888,2.6626853186400004
25232.594001980033,bench:8d02e85b6aa85f88,36,2.70579,0.918949,2.48648301471
25236.82944799657,bench:8d02e85b6aa85f88,36,2.68793,0.918949,2.4700705855700003
25242.42851298186,bench:8d02e85b6aa85f88,36,2.86653,0.9283507,2.661145132071
25246.690625994233,bench:8d02e85b6aa85f88,36,2.88439,0.9286194,2.678500511166
25252.17828399036,bench:8d02e85b6aa85f88,36,2.72365,0.9192177,2.503627288605
25256.488858984085,bench:8d02e85b6aa85f88,36,2.68793,0.918949,2.4700705855700003
25262.838120979723,bench:8d02e85b6aa85f88,36,2.90225,0.928888,2.6958651980000004
25267.051270988304,bench:8d02e85b6aa85f88,36,2.84867,0.928888,2.64609537896
25272.60494697839,bench:8d02e85b6aa85f88,36,2.70579,0.9186804,2.4857562395159998
25276.859300996875,bench:8d02e85b6aa85f88,36,2.73258,0.918949,2.51110165842
25283.27632197761,bench:8d02e85b6aa85f88,36,2.83081,0.9291566,2.630265794846
25287.539396987995,bench:8d02e85b6aa85f88,36,2.83081,0.9283507,2.627984445067
25291.65041897795,bench:8d02e85b6aa85f88,36,2.87546,0.9296938,2.6732973341479997
25298.582897987217,bench:8d02e85b6aa85f88,36,2.67007,0.918949,2.45365815643
25302.907232980942,bench:8d02e85b6aa85f88,36,2.68793,0.9184118,2.468626629574
25308.443038986297,bench:8d02e85b6aa85f88,36,2.83081,0.9283507,2.627984445067
25313.672365999082,bench:8d02e85b6aa85f88,36,2.91118,0.9291566,2.704942110788
25330.848185985815,bench:8d02e85b6aa85f88,36,2.7683,0.9192177,2.54467035891
25338.10855197953,bench:8d02e85b6aa85f88,36,2.83974,0.9294252,2.6393259174479997
25367.40373398061,bench:8d02e85b6aa85f88,36,2.69686,0.918949,2.47827680014
25373.800532979658,bench:8d02e85b6aa85f88,36,2.80402,0.928888,2.60462052976
25377.953572984552,bench:8d02e85b6aa85f88,36,2.79509,0.928888,2.5963255599200004
25383.648932998767,bench:8d02e85b6aa85f88,36,2.71472,0.918949,2.49468922928
25387.878322973847,bench:8d02e85b6aa85f88,36,2.72365,0.9184118,2.50143229907
25392.13430698146,bench:8d02e85b6aa85f88,36,2.70579,0.918949,2.48648301471
25398.95847198204,bench:8d02e85b6aa85f88,36,2.83974,0.9291566,2.638563163284
25403.199510998093,bench:8d02e85b6aa85f88,36,2.82188,0.928888,2.6212104694400002
25407.40671698586,bench:8d02e85b6aa85f88,36,2.84867,0.9291566,2.646860531722
25411.57312699943,bench:8d02e85b6aa85f88,36,2.75937,0.928888,2.5631456805600004
25415.71681399364,bench:8d02e85b6aa85f88,36,2.86653,0.9291566,2.663455268598
25419.94061297737,bench:8d02e85b6aa85f88,36,2.87546,0.9280821,2.668662955266
25426.243226975203,bench:8d02e85b6aa85f88,36,2.72365,0.918949,2.50289544385
25430.523339979118,bench:8d02e85b6aa85f88,36,2.71472,0.9192177,2.4954186745439997
25434.746137994807,bench:8d02e85b6aa85f88,36,2.68793,0.918949,2.4700705855700003
25439.0168619866,bench:8d02e85b6aa85f88,36,2.75044,0.9186804,2.526775319376
25443.2868079748,bench:8d02e85b6aa85f88,36,2.7683,0.9184118,2.54243938594
25450.066010991577,idle,36,2.84867,0.928888,2.64609537896
25454.288289998658,idle,36,1.64312,0.9291566,1.5267157925919999
25471.656756999437,idle,36,1.5181,0.9036377,1.37181239237
25476.026202988578,idle,36,1.50917,0.9036377,1.363742907709
25480.334740976105,idle,36,1.50024,0.903369,1.35527030856
25498.417830996914,idle,36,1.14304,0.8182165,0.93525418816
25506.80818798719,bench:1ec94b3f3ccde77c,37,1.53596,0.7223192,1.109453398432
25513.953127985587,bench:1ec94b3f3ccde77c,37,2.16999,0.8636134,1.874032441866
25520.661386981374,bench:1ec94b3f3ccde77c,37,2.8576,0.9291566,2.6551579001600003
25524.846981978044,bench:1ec94b3f3ccde77c,37,2.81295,0.9286194,2.61215994123
25529.081502987538,bench:1ec94b3f3ccde77c,37,2.90225,0.9286194,2.69508565365
25534.56964198267,bench:1ec94b3f3ccde77c,37,2.679,0.9186804,2.4611447915999998
25538.95004998776,bench:1ec94b3f3ccde77c,37,2.67007,0.9192177,2.454375604239
25543.23894099798,bench:1ec94b3f3ccde77c,37,2.67007,0.9186804,2.4529409756279996
25550.15914197429,bench:1ec94b3f3ccde77c,37,2.75044,0.9296938,2.557067015272
25554.373588995077,bench:1ec94b3f3ccde77c,37,2.87546,0.928888,2.67098028848
25558.50512898178,bench:1ec94b3f3ccde77c,37,2.79509,0.9299625,2.599328884125
25562.735870975303,bench:1ec94b3f3ccde77c,37,2.83081,0.9294252,2.631026150412
25568.29449199722,bench:1ec94b3f3ccde77c,37,2.70579,0.9192177,2.487210060483
25572.56932699238,bench:1ec94b3f3ccde77c,37,2.69686,0.9192177,2.479001446422
25579.060568998102,bench:1ec94b3f3ccde77c,37,2.73258,0.928888,2.53826077104
25585.31438797945,bench:1ec94b3f3ccde77c,37,2.75937,0.9186804,2.534979135348
25589.585481997347,bench:1ec94b3f3ccde77c,37,2.63435,0.9194863,2.422248734405
25595.172879984602,bench:1ec94b3f3ccde77c,37,2.83081,0.928888,2.6295054392800004
25599.38175199204,bench:1ec94b3f3ccde77c,37,2.83974,0.9304997,2.642377218078
25605.828568979632,bench:1ec94b3f3ccde77c,37,2.70579,0.918949,2.48648301471
25611.45796699566,bench:1ec94b3f3ccde77c,37,2.83081,0.9286194,2.628745083714
25615.72741298005,bench:1ec94b3f3ccde77c,37,2.83974,0.9280821,2.635511862654
25622.16854398139,bench:1ec94b3f3ccde77c,37,2.74151,0.9186804,2.518571503404
25626.42415697337,bench:1ec94b3f3ccde77c,37,2.71472,0.9192177,2.4954186745439997
25630.667936988175,bench:1ec94b3f3ccde77c,37,2.67007,0.9184118,2.452223794826
25634.82499498059,bench:1ec94b3f3ccde77c,37,2.64328,0.9186804,2.4283295277119996
25638.976404996356,bench:1ec94b3f3ccde77c,37,2.68793,0.918949,2.4700705855700003
25645.306038000854,bench:1ec94b3f3ccde77c,37,3.05406,0.9286194,2.836059364764
25649.49233600055,bench:1ec94b3f3ccde77c,37,2.7683,0.9291566,2.57218421578
25657.6699159923,bench:1ec94b3f3ccde77c,37,2.80402,0.9294252,2.6061268493039997
25661.77323399461,bench:1ec94b3f3ccde77c,37,2.83081,0.928888,2.6295054392800004
25665.97080999054,bench:1ec94b3f3ccde77c,37,2.84867,0.9294252,2.647625684484
25671.542374999262,bench:1ec94b3f3ccde77c,37,2.65221,0.9186804,2.436533343684
25677.99604398897,bench:1ec94b3f3ccde77c,37,2.83974,0.9291566,2.638563163284
25682.255637977505,bench:1ec94b3f3ccde77c,37,2.81295,0.9291566,2.61367105797
25686.389195994707,bench:1ec94b3f3ccde77c,37,2.83081,0.9286194,2.628745083714
25690.504476981005,bench:1ec94b3f3ccde77c,37,2.83974,0.928888,2.63780040912
25694.587738980772,bench:1ec94b3f3ccde77c,37,2.88439,0.9286194,2.678500511166
25698.721000982914,bench:1ec94b3f3ccde77c,37,2.80402,0.928888,2.60462052976
25704.378064983757,bench:1ec94b3f3ccde77c,37,2.65221,0.9186804,2.436533343684
25708.98958298494,bench:1ec94b3f3ccde77c,37,2.69686,0.9192177,2.479001446422
25714.301631000126,bench:1ec94b3f3ccde77c,37,2.67007,0.9280821,2.478044172747
25718.47389297909,bench:1ec94b3f3ccde77c,37,2.71472,0.9280821,2.519483038512
25723.50805500173,bench:1ec94b3f3ccde77c,37,2.73258,0.9286194,2.537526800052
25730.28786899522,bench:1ec94b3f3ccde77c,37,2.60756,0.928888,2.42213119328
25734.59803700098,bench:1ec94b3f3ccde77c,37,2.66114,0.928888,2.47190101232
25739.783585973782,bench:1ec94b3f3ccde77c,37,2.71472,0.928888,2.52167083136
25744.03095798334,bench:1ec94b3f3ccde77c,37,2.71472,0.9286194,2.5209416575679997
25748.152016982203,bench:1ec94b3f3ccde77c,37,2.74151,0.9280821,2.544346357971
25752.307759976247,bench:1ec94b3f3ccde77c,37,2.73258,0.928888,2.53826077104
25756.420299992897,bench:1ec94b3f3ccde77c,37,2.77723,0.9294252,2.581227548196
25760.602894995827,bench:1ec94b3f3ccde77c,37,2.68793,0.928888,2.4967859218400004
25764.773620001506,bench:1ec94b3f3ccde77c,37,2.70579,0.9286194,2.512649086326
25768.957213993417,bench:1ec94b3f3ccde77c,37,2.70579,0.9286194,2.512649086326
25773.141493991716,bench:1ec94b3f3ccde77c,37,2.75044,0.9280821,2.5526341311240004
25777.284848998534,bench:1ec94b3f3ccde77c,37,2.89332,0.9294252,2.689124519664
25781.425536988536,bench:1ec94b3f3ccde77c,37,2.75044,0.9283507,2.553372899308
25785.534965980332,bench:1ec94b3f3ccde77c,37,2.75044,0.9283507,2.553372899308
25789.634357992327,bench:1ec94b3f3ccde77c,37,2.72365,0.928888,2.5299658012000004
25796.292764978716,bench:1ec94b3f3ccde77c,37,2.83974,0.9291566,2.638563163284
25800.514229980763,bench:1ec94b3f3ccde77c,37,2.83974,0.9280821,2.635511862654
25804.67121399124,bench:1ec94b3f3ccde77c,37,2.78616,0.9286194,2.587282227504
25808.84493899066,bench:1ec94b3f3ccde77c,37,2.84867,0.9283507,2.644564788569
25813.046903989743,bench:1ec94b3f3ccde77c,37,2.84867,0.928888,2.64609537896
25817.214276990853,bench:1ec94b3f3ccde77c,37,2.84867,0.928888,2.64609537896
25821.423759975005,bench:1ec94b3f3ccde77c,37,2.83081,0.9294252,2.631026150412
25825.551669986453,bench:1ec94b3f3ccde77c,37,2.83081,0.9294252,2.631026150412
25829.67802498024,bench:1ec94b3f3ccde77c,37,2.83081,0.9294252,2.631026150412
25833.840952982428,bench:1ec94b3f3ccde77c,37,2.83081,0.9286194,2.628745083714
25839.46498099249,bench:1ec94b3f3ccde77c,37,2.68793,0.9192177,2.470792832361
25843.721963989083,bench:1ec94b3f3ccde77c,37,2.68793,0.918949,2.4700705855700003
25850.098966999212,bench:1ec94b3f3ccde77c,37,2.91118,0.9291566,2.704942110788
25854.279246996157,bench:1ec94b3f3ccde77c,37,2.84867,0.9286194,2.645330226198
25859.82149699703,bench:1ec94b3f3ccde77c,37,2.68793,0.9186804,2.469348607572
25864.12471998483,bench:1ec94b3f3ccde77c,37,2.77723,0.918949,2.55213273127
25869.702358992072,bench:1ec94b3f3ccde77c,37,2.80402,0.9291566,2.605373689532
25873.904472973663,bench:1ec94b3f3ccde77c,37,2.8576,0.9294252,2.65592545152
25878.045808000024,bench:1ec94b3f3ccde77c,37,2.81295,0.9283507,2.611404101565
25882.168644980993,bench:1ec94b3f3ccde77c,37,2.82188,0.9283507,2.619694273316
25886.318646982545,bench:1ec94b3f3ccde77c,37,2.7683,0.9291566,2.57218421578
25890.455297980225,bench:1ec94b3f3ccde77c,37,2.82188,0.9283507,2.619694273316
25894.5901900006,bench:1ec94b3f3ccde77c,37,2.79509,0.9286194,2.595574798746
25898.736525996355,bench:1ec94b3f3ccde77c,37,2.8576,0.9286194,2.65362279744
25902.917842991883,bench:1ec94b3f3ccde77c,37,2.82188,0.9294252,2.622726383376
25907.143641001312,bench:1ec94b3f3ccde77c,37,2.80402,0.928888,2.60462052976
25911.315994977485,bench:1ec94b3f3ccde77c,37,2.79509,0.9283507,2.594823758063
25915.55212700041,bench:1ec94b3f3ccde77c,37,2.83974,0.9286194,2.637037654956
25919.79436899419,bench:1ec94b3f3ccde77c,37,2.84867,0.9294252,2.647625684484
25923.926667979686,bench:1ec94b3f3ccde77c,37,2.77723,0.928888,2.57973562024
25928.040578990476,bench:1ec94b3f3ccde77c,37,2.83974,0.928888,2.63780040912
25932.189339975594,bench:1ec94b3f3ccde77c,37,2.83974,0.9286194,2.637037654956
25936.237621994223,bench:1ec94b3f3ccde77c,37,2.87546,0.9294252,2.6725249855919997
25940.3729759797,bench:1ec94b3f3ccde77c,37,2.7683,0.9286194,2.57069708502
25944.542589975754,bench:1ec94b3f3ccde77c,37,2.82188,0.9283507,2.619694273316
25948.66446297965,bench:1ec94b3f3ccde77c,37,2.80402,0.9294252,2.6061268493039997
25952.85011298256,bench:1ec94b3f3ccde77c,37,2.86653,0.928888,2.6626853186400004
25957.017412001733,bench:1ec94b3f3ccde77c,37,2.88439,0.9291566,2.680050005474
25961.207284999546,bench:1ec94b3f3ccde77c,37,2.84867,0.928888,2.64609537896
25965.331305982545,bench:1ec94b3f3ccde77c,37,2.91118,0.9291566,2.704942110788
25969.48377098306,bench:1ec94b3f3ccde77c,37,2.83081,0.9286194,2.628745083714
25973.652014974505,bench:1ec94b3f3ccde77c,37,2.77723,0.928888,2.57973562024
25977.8249799856,bench:1ec94b3f3ccde77c,37,2.89332,0.928888,2.6875702281600002
25982.08098197938,bench:1ec94b3f3ccde77c,37,2.84867,0.928888,2.64609537896
25986.22344699106,bench:1ec94b3f3ccde77c,37,2.83974,0.9283507,2.636274616818
25990.356653986964,bench:1ec94b3f3ccde77c,37,2.81295,0.928888,2.6129154996
25994.500989996595,bench:1ec94b3f3ccde77c,37,2.79509,0.9283507,2.594823758063
25998.721324984217,bench:1ec94b3f3ccde77c,37,2.77723,0.9283507,2.578243414561
26002.907622983912,bench:1ec94b3f3ccde77c,37,2.78616,0.9291566,2.5887789526560003
26007.008477987256,bench:1ec94b3f3ccde77c,37,2.78616,0.9291566,2.5887789526560003
26011.140406975755,bench:1ec94b3f3ccde77c,37,2.86653,0.9286194,2.661915368682
26015.36879799096,bench:1ec94b3f3ccde77c,37,2.79509,0.9294252,2.597827082268
26019.437078997726,bench:1ec94b3f3ccde77c,37,2.7683,0.9283507,2.56995324281
26023.61126599135,bench:1ec94b3f3ccde77c,37,2.88439,0.9286194,2.678500511166
26029.99199097394,bench:1ec94b3f3ccde77c,37,2.63435,0.9186804,2.42012571174
26034.15086399764,bench:1ec94b3f3ccde77c,37,2.71472,0.9192177,2.4954186745439997
26038.399383978685,bench:1ec94b3f3ccde77c,37,2.63435,0.9192177,2.421541147995
26042.574608989526,bench:1ec94b3f3ccde77c,37,2.65221,0.9186804,2.436533343684
26046.875592001015,bench:1ec94b3f3ccde77c,37,2.66114,0.9186804,2.444737159656
26051.105481979903,bench:1ec94b3f3ccde77c,37,2.71472,0.9192177,2.4954186745439997
26055.387613974744,bench:1ec94b3f3ccde77c,37,2.70579,0.9184118,2.485029464322
26062.0933729806,bench:1ec94b3f3ccde77c,37,2.82188,0.9286194,2.620452512472
26066.23787499848,bench:1ec94b3f3ccde77c,37,2.84867,0.9294252,2.647625684484
26070.50626599812,bench:1ec94b3f3ccde77c,37,2.80402,0.9286194,2.603867369988
26074.649619986303,bench:1ec94b3f3ccde77c,37,2.79509,0.928888,2.5963255599200004
26080.19111098838,bench:1ec94b3f3ccde77c,37,2.74151,0.9192177,2.520044516727
26084.493704984197,bench:1ec94b3f3ccde77c,37,2.71472,0.918949,2.49468922928
26090.89763398515,bench:1ec94b3f3ccde77c,37,2.88439,0.9286194,2.678500511166
26095.061191997956,bench:1ec94b3f3ccde77c,37,2.81295,0.928888,2.6129154996
26100.89766199235,idle,37,2.63435,0.9186804,2.42012571174
26105.642492999323,idle,37,1.58954,0.9184118,1.4598522925719999
26119.96605899185,idle,37,1.58061,0.9184118,1.451650875198
26131.813367974246,idle,37,2.39324,0.723125,1.730611675
26139.532877976308,idle,37,1.31271,0.8636134,1.133673946314
26143.944711977383,idle,37,1.32164,0.8633446,1.141030757144
26158.45383197302,idle,37,1.30378,0.8633446,1.125611422588
26166.54641297646,bench:2cfa7af074666ed0,38,2.47361,0.7228564,1.7880648196039999
26171.32691000006,bench:2cfa7af074666ed0,38,1.68777,0.7225879,1.2195621799829999
26178.77112599672,bench:2cfa7af074666ed0,38,4.21496,0.8477648,3.5732947214079998
26187.207981973188,bench:2cfa7af074666ed0,38,4.92936,0.9294252,4.5814714038719995
26191.618482000194,bench:2cfa7af074666ed0,38,3.26838,0.9296938,3.0385926220440003
26197.87467099377,bench:2cfa7af074666ed0,38,5.88487,0.9286194,5.4648044484780005
26202.850777975982,bench:2cfa7af074666ed0,38,4.33105,0.9275449,4.017243339145001
26209.135465993313,bench:2cfa7af074666ed0,38,5.06331,0.9291566,4.704607904346
26213.612428982742,bench:2cfa7af074666ed0,38,5.01866,0.9294252,4.664469074232
26219.151808996685,bench:2cfa7af074666ed0,38,6.03668,0.928888,5.60739961184
26224.045527982526,bench:2cfa7af074666ed0,38,5.03652,0.9294252,4.681068608304
26228.791025001556,bench:2cfa7af074666ed0,38,4.26854,0.9272762,3.958115550748
26235.511117993155,bench:2cfa7af074666ed0,38,6.42067,0.9286194,5.962358722998
26240.29215198243,bench:2cfa7af074666ed0,38,4.31319,0.926739,3.9972013874099996
26246.37799098855,bench:2cfa7af074666ed0,38,4.75969,0.9294252,4.423775830188
26251.249449996976,bench:2cfa7af074666ed0,38,4.34891,0.9331858,4.058341057478
26257.33084397507,bench:2cfa7af074666ed0,38,3.60772,0.9291566,3.352136848952
26262.102822976885,bench:2cfa7af074666ed0,38,4.31319,0.9294252,4.008787478387999
26267.24800199736,bench:2cfa7af074666ed0,38,5.8938,0.928888,5.4746800944
26274.99484497821,bench:2cfa7af074666ed0,38,3.58986,0.9194863,3.3008270889179996
26281.535086978693,bench:2cfa7af074666ed0,38,6.1617,0.9294252,5.72683925484
26287.788386980537,bench:2cfa7af074666ed0,38,2.89332,0.928888,2.6875702281600002
26292.716901982203,bench:2cfa7af074666ed0,38,4.35784,0.9296938,4.051456829392
26297.212512989063,bench:2cfa7af074666ed0,38,4.79541,0.928888,4.45439880408
26306.182326981798,bench:2cfa7af074666ed0,38,6.28672,0.9294252,5.8430359933439995
26311.7199849803,bench:2cfa7af074666ed0,38,4.34891,0.9304997,4.046659450327001
26316.586000000825,bench:2cfa7af074666ed0,38,4.34891,0.9275449,4.033809291059
26321.067610988393,bench:2cfa7af074666ed0,38,4.8222,0.9294252,4.481874199439999
26328.737602976616,bench:2cfa7af074666ed0,38,4.70611,0.9283507,4.368920512777
26333.5315999866,bench:2cfa7af074666ed0,38,4.34891,0.9280821,4.036145525511
26339.553439000156,bench:2cfa7af074666ed0,38,5.32228,0.928888,4.94380202464
26348.499419982545,bench:2cfa7af074666ed0,38,5.84915,0.9286194,5.43163416351
26357.341327995528,bench:2cfa7af074666ed0,38,4.70611,0.9291566,4.372713166826
26370.97128899768,bench:2cfa7af074666ed0,38,4.16138,0.9208294,3.8319210485720006
26378.184859000612,bench:2cfa7af074666ed0,38,4.42928,0.9326486,4.1309617910080005
26383.80129399593,bench:2cfa7af074666ed0,38,4.35784,0.9329173,4.065504326632
26392.844403977506,bench:2cfa7af074666ed0,38,2.99155,0.928888,2.7788148964
26400.02515897504,bench:2cfa7af074666ed0,38,4.21496,0.9181431,3.8699364407759997
26410.455590987112,bench:2cfa7af074666ed0,38,4.3757,0.9280821,4.06100884497
26416.91199998604,bench:2cfa7af074666ed0,38,4.17031,0.9194863,3.8345429117529997
26424.818045983557,bench:2cfa7af074666ed0,38,4.35784,0.9315742,4.059651311728
26430.320093000773,bench:2cfa7af074666ed0,38,4.27747,0.9278135,3.968694411845
26435.166088980623,bench:2cfa7af074666ed0,38,4.38463,0.9315742,4.084608184546
26441.74997898517,bench:2cfa7af074666ed0,38,5.63483,0.9299625,5.240180593875
26449.25836098264,bench:2cfa7af074666ed0,38,6.1617,0.928888,5.7235291896
26458.05449198815,bench:2cfa7af074666ed0,38,3.572,0.9291566,3.3189473752
26463.66970500094,bench:2cfa7af074666ed0,38,4.7329,0.9202922,4.35565095338
26471.907468978316,bench:2cfa7af074666ed0,38,5.28656,0.9294252,4.913462085311999
26479.117001988925,bench:2cfa7af074666ed0,38,4.2864,0.9194863,3.9412860763200004
26486.18272098247,bench:2cfa7af074666ed0,38,6.18849,0.9280821,5.743426795029
26491.976968973177,bench:2cfa7af074666ed0,38,5.84915,0.9294252,5.43634740858
26498.424359975616,bench:2cfa7af074666ed0,38,5.28656,0.9197549,4.862339464144
26506.15133298561,bench:2cfa7af074666ed0,38,4.85792,0.9286194,4.511158755648
26512.28570798412,bench:2cfa7af074666ed0,38,4.90257,0.9286194,4.552621611858
26521.252244972857,bench:2cfa7af074666ed0,38,2.92904,0.9294252,2.722323587808
26528.805181995267,bench:2cfa7af074666ed0,38,3.572,0.9291566,3.3189473752
26535.92452997691,bench:2cfa7af074666ed0,38,4.84006,0.9197549,4.451668901294
26541.6220939951,bench:2cfa7af074666ed0,38,4.25068,0.9283507,3.946121753476
26549.89843297517,bench:2cfa7af074666ed0,38,4.29533,0.9278135,3.9852651609549996
26556.942614988657,bench:2cfa7af074666ed0,38,4.13459,0.9202922,3.805030927198
26564.88897500094,bench:2cfa7af074666ed0,38,4.49179,0.9286194,4.171163334726
26569.631546997698,bench:2cfa7af074666ed0,38,4.13459,0.9326486,3.8561195750740005
26576.101622980786,bench:2cfa7af074666ed0,38,4.98294,0.9299625,4.633947339750001
26580.83884298685,bench:2cfa7af074666ed0,38,4.39356,0.928888,4.08112516128
26586.92851397791,bench:2cfa7af074666ed0,38,4.76862,0.928888,4.42951389456
26592.863112979103,bench:2cfa7af074666ed0,38,4.45607,0.9286194,4.137993049758
26601.845075987512,bench:2cfa7af074666ed0,38,2.86653,0.9286194,2.661915368682
26610.890462994576,bench:2cfa7af074666ed0,38,4.16138,0.9192177,3.8252141524260006
26615.795607998734,bench:2cfa7af074666ed0,38,4.30426,0.9181431,3.951926619606
26623.78241197439,bench:2cfa7af074666ed0,38,5.28656,0.9304997,4.919142494032
26632.744614995318,bench:2cfa7af074666ed0,38,4.70611,0.928888,4.37144910568
26640.3550519899,bench:2cfa7af074666ed0,38,4.74183,0.9186804,4.356226281132
26649.41460697446,bench:2cfa7af074666ed0,38,3.55414,0.9192177,3.267028396278
26661.496024986263,bench:2cfa7af074666ed0,38,6.00989,0.9165314,5.508252895546001
26673.629441997036,bench:2cfa7af074666ed0,38,4.44714,0.9270077,4.122533022978
26682.61470098514,bench:2cfa7af074666ed0,38,5.84915,0.9286194,5.43163416351
26691.66403298732,bench:2cfa7af074666ed0,38,6.00096,0.918949,5.51457619104
26699.189988983562,bench:2cfa7af074666ed0,38,3.55414,0.9192177,3.267028396278
26707.637938001426,bench:2cfa7af074666ed0,38,5.85808,0.9194863,5.386424304304
26714.427325990982,bench:2cfa7af074666ed0,38,4.76862,0.9186804,4.380837729048
26724.59846397396,bench:2cfa7af074666ed0,38,4.71504,0.9286194,4.378477615776
26730.2346759825,bench:2cfa7af074666ed0,38,5.96524,0.928888,5.54103985312
26735.65790898283,bench:2cfa7af074666ed0,38,4.60788,0.9294252,4.282679790575999
26741.9534859946,bench:2cfa7af074666ed0,38,4.67039,0.9294252,4.340778159828
26751.602553995326,bench:2cfa7af074666ed0,38,4.465,0.9280821,4.1438865765
26759.572618000675,bench:2cfa7af074666ed0,38,5.85808,0.9291566,5.443073695328001
26765.2885519783,idle,38,2.52719,0.9291566,2.348155267954
26769.45151700056,idle,38,1.58061,0.928888,1.4682096616800002
26785.805621999316,idle,38,1.47345,0.928888,1.3686700236
26791.280168981757,idle,38,1.47345,0.9286194,1.36827425493
26799.736191984266,idle,38,1.38415,0.8732836,1.2087554949400001
26817.96113299788,idle,38,1.14304,0.8187538,0.935868343552
26850.406659999862,bench:ed1e7a51e2a03b40,39,1.65205,0.7228564,1.19419491562
26896.426721999887,bench:ed1e7a51e2a03b40,39,2.91118,0.928888,2.70416016784
26937.272585986648,bench:ed1e7a51e2a03b40,39,2.91118,0.9286194,2.703378224892
26983.154704998014,bench:ed1e7a51e2a03b40,39,2.90225,0.9286194,2.69508565365
27018.935278989375,bench:ed1e7a51e2a03b40,39,2.93797,0.9283507,2.7274665060789998
27053.205363976303,bench:ed1e7a51e2a03b40,39,2.91118,0.9283507,2.702595990826
27102.75947098853,bench:ed1e7a51e2a03b40,39,2.91118,0.928888,2.70416016784
27137.035186984576,bench:ed1e7a51e2a03b40,39,2.92011,0.9286194,2.7116707961340003
27172.80709298211,bench:ed1e7a51e2a03b40,39,2.92011,0.9294252,2.714023820772
27213.61856898875,bench:ed1e7a51e2a03b40,39,2.92011,0.9286194,2.7116707961340003
27259.527909976896,bench:ed1e7a51e2a03b40,39,2.91118,0.928888,2.70416016784
27303.913726995233,bench:ed1e7a51e2a03b40,39,2.91118,0.9286194,2.703378224892
27338.248182000825,bench:ed1e7a51e2a03b40,39,2.90225,0.928888,2.6958651980000004
27387.759733974235,bench:ed1e7a51e2a03b40,39,2.92011,0.9286194,2.7116707961340003
27432.186253980035,bench:ed1e7a51e2a03b40,39,2.91118,0.9286194,2.703378224892
27478.08403999079,bench:ed1e7a51e2a03b40,39,2.92904,0.928888,2.7207501075200002
27503.69186399621,bench:ed1e7a51e2a03b40,39,2.92011,0.928888,2.71245513768
27544.496987975435,bench:ed1e7a51e2a03b40,39,2.92904,0.9286194,2.719963367376
27585.310352995293,bench:ed1e7a51e2a03b40,39,2.90225,0.928888,2.6958651980000004
27639.797103998717,bench:ed1e7a51e2a03b40,39,2.91118,0.9286194,2.703378224892
27670.465849980246,bench:ed1e7a51e2a03b40,39,2.91118,0.9286194,2.703378224892
27718.858224980067,bench:ed1e7a51e2a03b40,39,2.91118,0.9280821,2.701814047878
27769.870708987582,bench:ed1e7a51e2a03b40,39,2.80402,0.9294252,2.6061268493039997
27804.210053989664,bench:ed1e7a51e2a03b40,39,2.92011,0.9283507,2.710886162577
27839.932367991423,bench:ed1e7a51e2a03b40,39,2.91118,0.928888,2.70416016784
27889.40986499074,bench:ed1e7a51e2a03b40,39,2.91118,0.9286194,2.703378224892
27928.752241976326,bench:ed1e7a51e2a03b40,39,2.91118,0.9286194,2.703378224892
27974.618693988305,bench:ed1e7a51e2a03b40,39,2.90225,0.9286194,2.69508565365
28003.806266991887,bench:ed1e7a51e2a03b40,39,2.91118,0.9291566,2.704942110788
28048.274322994985,bench:ed1e7a51e2a03b40,39,2.90225,0.9291566,2.69664474235
28087.615366996033,bench:ed1e7a51e2a03b40,39,2.92011,0.9291566,2.7132394792260004
28132.00216498808,bench:ed1e7a51e2a03b40,39,2.91118,0.9294252,2.7057240537359997
28161.213014973328,bench:ed1e7a51e2a03b40,39,2.91118,0.9286194,2.703378224892
28210.685381985968,bench:ed1e7a51e2a03b40,39,2.91118,0.9286194,2.703378224892
28236.313205998158,bench:ed1e7a51e2a03b40,39,2.91118,0.9283507,2.702595990826
28270.58899597614,bench:ed1e7a51e2a03b40,39,2.91118,0.928888,2.70416016784
28299.79556798935,bench:ed1e7a51e2a03b40,39,2.91118,0.928888,2.70416016784
28340.591617976315,bench:ed1e7a51e2a03b40,39,2.91118,0.9286194,2.703378224892
28390.06191099179,bench:ed1e7a51e2a03b40,39,2.91118,0.9283507,2.702595990826
28414.19628399308,bench:ed1e7a51e2a03b40,39,2.91118,0.928888,2.70416016784
28424.033535993658,idle,39,1.63419,0.9286194,1.517540537286
28431.626195000717,idle,39,1.34843,0.8735522,1.177923993046
28448.654071980854,idle,39,1.13411,0.8187538,0.928556872118
28459.11442997749,idle,39,3.72381,0.8190223,3.049883430963
28466.867179988185,idle,39,1.61633,0.9283507,1.500521086931
28483.904464985244,idle,39,1.12518,0.8182165,0.92064084147
28491.199033975136,bench:f3fb008ccad1288b,40,3.63451,0.8182165,2.973816051415
28497.022429975914,bench:f3fb008ccad1288b,40,3.78632,0.819291,3.10209789912
28505.75476497761,bench:f3fb008ccad1288b,40,6.71536,0.9286194,6.236013573984001
28511.18077497813,bench:f3fb008ccad1288b,40,4.92043,0.9291566,4.571850009337999
28519.217300985474,bench:f3fb008ccad1288b,40,3.9292,0.9192177,3.61179018684
28528.750165976817,bench:f3fb008ccad1288b,40,4.05422,0.9326486,3.7811626070920004
28535.605997982202,bench:f3fb008ccad1288b,40,5.00973,0.928888,4.65347808024
28541.326617996674,bench:f3fb008ccad1288b,40,5.10796,0.9296938,4.748838742648
28545.692488987697,bench:f3fb008ccad1288b,40,6.483179,0.9278135,6.0151809991165
28552.101805980783,bench:f3fb008ccad1288b,40,5.4473,0.9283507,5.05700476811
28556.992468977114,bench:f3fb008ccad1288b,40,5.17047,0.9294252,4.805565113844
28564.736885979073,bench:f3fb008ccad1288b,40,5.75985,0.9296938,5.35489683393
28570.74970699614,bench:f3fb008ccad1288b,40,3.17908,0.9184118,2.9197045851439998
28575.32439098577,bench:f3fb008ccad1288b,40,3.88455,0.9192177,3.570747116535
28579.82276097755,bench:f3fb008ccad1288b,40,5.09903,0.9186804,4.684378920012
28587.795749976067,bench:f3fb008ccad1288b,40,4.85792,0.9286194,4.511158755648
28593.77703399514,bench:f3fb008ccad1288b,40,3.91134,0.9192177,3.5953729587180003
28598.329384985846,bench:f3fb008ccad1288b,40,4.0185,0.9197549,3.6960350656500007
28603.854597982718,bench:f3fb008ccad1288b,40,4.16138,0.9286194,3.8643381987720002
28608.49444899941,bench:f3fb008ccad1288b,40,4.11673,0.9280821,3.8206634235329995
28614.359362982213,bench:f3fb008ccad1288b,40,4.23282,0.9291566,3.932952639612
28622.103186993627,bench:f3fb008ccad1288b,40,6.4296,0.9296938,5.97755925648
28631.603719986742,bench:f3fb008ccad1288b,40,4.92043,0.918949,4.521624228069999
28637.181302998215,bench:f3fb008ccad1288b,40,6.14384,0.928888,5.7069392499200005
28643.010309984675,bench:f3fb008ccad1288b,40,6.45639,0.9291566,5.998997380674
28654.77048998582,bench:f3fb008ccad1288b,40,6.43853,0.9240528,5.949541674384
28661.368860979564,bench:f3fb008ccad1288b,40,6.465319,0.9299625,6.0125042205375
28666.26089499914,bench:f3fb008ccad1288b,40,6.14384,0.9291566,5.708589485344
28672.806358983507,bench:f3fb008ccad1288b,40,4.81327,0.9200235,4.428321511845001
28679.614542983472,bench:f3fb008ccad1288b,40,4.71504,0.9296938,4.383543454752
28684.58990898216,bench:f3fb008ccad1288b,40,6.47425,0.9326486,6.03820019855
28689.450979989488,bench:f3fb008ccad1288b,40,5.31335,0.9299625,4.941216249375
28699.732690991368,bench:f3fb008ccad1288b,40,4.8222,0.9184118,4.42876538196
28707.632087985985,bench:f3fb008ccad1288b,40,5.45623,0.9221726,5.031585805298
28714.87126898137,bench:f3fb008ccad1288b,40,4.77755,0.9186804,4.3890415450199995
28720.98397699301,bench:f3fb008ccad1288b,40,2.57184,0.9291566,2.389642110144
28728.790152992588,bench:f3fb008ccad1288b,40,5.85808,0.9259331,5.4241901744479994
28736.617106973426,bench:f3fb008ccad1288b,40,5.42051,0.9275449,5.027766405899
28741.180624987464,bench:f3fb008ccad1288b,40,4.76862,0.9270077,4.420547458374
28748.979670985136,bench:f3fb008ccad1288b,40,4.71504,0.928888,4.379744075520001
28756.804142991314,bench:f3fb008ccad1288b,40,5.27763,0.9283507,4.899491504841
28764.627855998697,bench:f3fb008ccad1288b,40,6.45639,0.9275449,5.988591616911
28772.443845984526,bench:f3fb008ccad1288b,40,6.12598,0.9307683,5.701867990434
28780.30378097901,bench:f3fb008ccad1288b,40,5.29549,0.928888,4.91891711512
28786.593302997062,bench:f3fb008ccad1288b,40,4.2864,0.9178746,3.9343776854400003
28791.632408974692,bench:f3fb008ccad1288b,40,5.28656,0.918949,4.8580790254399995
28799.120828974992,bench:f3fb008ccad1288b,40,4.79541,0.9296938,4.458262945458
28806.832412985386,bench:f3fb008ccad1288b,40,5.88487,0.9264704,5.452157862848001
28813.111008988926,bench:f3fb008ccad1288b,40,4.32212,0.9186804,3.970646930448
28817.9489679751,bench:f3fb008ccad1288b,40,6.00096,0.9213667,5.529084712032
28823.977103980724,bench:f3fb008ccad1288b,40,6.72429,0.9286194,6.244306145226
28831.818686972838,bench:f3fb008ccad1288b,40,5.13475,0.9278135,4.764090369125
28839.741101983236,bench:f3fb008ccad1288b,40,6.03668,0.9184118,5.544158144823999
28844.227620982565,bench:f3fb008ccad1288b,40,4.79541,0.9192177,4.408025750757001
28852.489588985918,bench:f3fb008ccad1288b,40,4.98294,0.9178746,4.573714059324
28860.48226300045,bench:f3fb008ccad1288b,40,6.501039,0.918949,5.974123288011
28868.205439997837,bench:f3fb008ccad1288b,40,5.78664,0.9173373,5.308300713672001
28876.099892979255,bench:f3fb008ccad1288b,40,4.92043,0.9181431,4.517658853533
28884.04756798991,bench:f3fb008ccad1288b,40,4.92043,0.9192177,4.522946347611
28891.937483975198,bench:f3fb008ccad1288b,40,4.95615,0.9178746,4.54912419879
28896.438260999275,bench:f3fb008ccad1288b,40,4.81327,0.9173373,4.415392105971001
28901.635717978934,bench:f3fb008ccad1288b,40,6.0724,0.9194863,5.58348860812
28910.55836598389,bench:f3fb008ccad1288b,40,6.43853,0.9280821,5.975484443313
28918.29319097451,bench:f3fb008ccad1288b,40,6.501039,0.9221726,5.9950800373314
28926.129180996213,bench:f3fb008ccad1288b,40,5.43837,0.9178746,4.991741688402
28931.774356984533,bench:f3fb008ccad1288b,40,5.12582,0.9205608,4.718628959856
28938.97431498044,bench:f3fb008ccad1288b,40,5.78664,0.9168001,5.305192130664
28943.937069998356,bench:f3fb008ccad1288b,40,4.31319,0.9184118,3.961284591642
28951.254453975707,bench:f3fb008ccad1288b,40,6.00096,0.928888,5.5742197324800005
28958.973889995832,bench:f3fb008ccad1288b,40,5.94738,0.9237842,5.494095675396
28966.824953997275,bench:f3fb008ccad1288b,40,6.10812,0.9186804,5.611410124848
28974.611926998477,bench:f3fb008ccad1288b,40,6.30458,0.9202922,5.802055798275999
28979.75086598308,bench:f3fb008ccad1288b,40,4.60788,0.9197549,4.238120208612
28984.831063979072,bench:f3fb008ccad1288b,40,6.57248,0.9184118,6.036243187264
28992.23846598761,bench:f3fb008ccad1288b,40,6.45639,0.9326486,6.0215430945540005
28997.07761098398,bench:f3fb008ccad1288b,40,5.28656,0.9302311,4.917722524016
29001.912181993248,bench:f3fb008ccad1288b,40,6.30458,0.9299625,5.86302297825
29006.769529980375,bench:f3fb008ccad1288b,40,6.43853,0.9275449,5.972025664997
29014.472206996288,bench:f3fb008ccad1288b,40,6.28672,0.9302311,5.848102460992
29022.016088973032,bench:f3fb008ccad1288b,40,6.47425,0.9280821,6.008635535924999
29027.774374000728,bench:f3fb008ccad1288b,40,6.26886,0.9184118,5.757394996548
29035.632141982205,bench:f3fb008ccad1288b,40,4.75076,0.9299625,4.4180286465
29043.339967000065,bench:f3fb008ccad1288b,40,4.88471,0.9299625,4.542597123375001
29051.02979199728,bench:f3fb008ccad1288b,40,6.06347,0.9202922,5.580164145934
29057.110130990623,bench:f3fb008ccad1288b,40,5.15261,0.9173373,4.7266813453530006
29062.738009990426,bench:f3fb008ccad1288b,40,4.86685,0.918949,4.472386940650001
29070.477685978403,bench:f3fb008ccad1288b,40,6.251,0.9184118,5.7409921618
29078.203528973972,bench:f3fb008ccad1288b,40,6.1617,0.9184118,5.65897798806
29083.795075974194,bench:f3fb008ccad1288b,40,6.00989,0.9192177,5.524397263053
29090.311798994662,idle,40,1.68777,0.9283507,1.566842460939
29094.477116974303,idle,40,1.70563,0.9286194,1.583881107222
29112.198005983373,idle,40,1.26806,0.8491078,1.0767196368679999
29120.273846987402,idle,40,0.9912299,0.7223192,0.7159843883840801
29127.486156998202,idle,40,1.20555,0.8332592,1.0045356285599998
29143.184304994065,idle,40,1.22341,0.8329906,1.019089029946
29155.52729499177,bench:a04d2bec904cb75f,41,4.13459,0.8329906,3.4440746048540003
29163.307488983264,bench:a04d2bec904cb75f,41,5.15261,0.918949,4.73498580689
29175.57703598868,bench:a04d2bec904cb75f,41,5.41158,0.9283507,5.023844081106
29183.60807999852,bench:a04d2bec904cb75f,41,5.48302,0.9280821,5.088692715942
29187.640934978845,bench:a04d2bec904cb75f,41,3.8399,0.9291566,3.56786842834
29195.54879597854,bench:a04d2bec904cb75f,41,5.96524,0.9286194,5.539437589656
29203.505099983886,bench:a04d2bec904cb75f,41,5.7152,0.928888,5.3087806976000005
29207.57834397955,bench:a04d2bec904cb75f,41,5.46516,0.9294252,5.079457426032
29212.825559981866,bench:a04d2bec904cb75f,41,4.13459,0.9291566,3.8416815867940004
29216.86621097615,bench:a04d2bec904cb75f,41,4.12566,0.9291566,3.833384218356
29220.866288989782,bench:a04d2bec904cb75f,41,5.54553,0.9304997,5.160114001341
29224.97306999867,bench:a04d2bec904cb75f,41,5.50088,0.9291566,5.111178957808001
29235.56885198923,bench:a04d2bec904cb75f,41,5.96524,0.9326486,5.563472734664
29247.566937992815,bench:a04d2bec904cb75f,41,5.7152,0.9326486,5.330273278720001
29259.51867198455,bench:a04d2bec904cb75f,41,5.46516,0.9280821,5.072117169636
29263.897153985454,bench:a04d2bec904cb75f,41,4.51858,0.928888,4.19725473904
29267.90687997709,bench:a04d2bec904cb75f,41,4.17031,0.9286194,3.8726307700139997
29271.884939982556,bench:a04d2bec904cb75f,41,3.38447,0.9286194,3.142884500718
29279.596912994748,bench:a04d2bec904cb75f,41,4.14352,0.9283507,3.8466396924639996
29283.59513898613,bench:a04d2bec904cb75f,41,5.48302,0.9294252,5.096056960104
29295.606371975737,bench:a04d2bec904cb75f,41,5.56339,0.9326486,5.1886878947540005
29303.283974993974,bench:a04d2bec904cb75f,41,6.00096,0.9286194,5.5726078746239995
29307.61904999963,bench:a04d2bec904cb75f,41,5.54553,0.9286194,5.149686741282
29315.29556098394,bench:a04d2bec904cb75f,41,6.20635,0.9291566,5.76667106441
29319.622801995138,bench:a04d2bec904cb75f,41,6.14384,0.928888,5.7069392499200005
29327.497403981397,bench:a04d2bec904cb75f,41,5.983099,0.9280821,5.552807084427901
29339.5883589983,bench:a04d2bec904cb75f,41,6.170629,0.9291566,5.7334806615014
29347.547829995165,bench:a04d2bec904cb75f,41,5.474089,0.9302311,5.0921678319679
29359.561710996786,bench:a04d2bec904cb75f,41,5.46516,0.9294252,5.079457426032
29363.610770000378,bench:a04d2bec904cb75f,41,5.57232,0.9299625,5.182048638
29371.3194099837,bench:a04d2bec904cb75f,41,6.21528,0.928888,5.7732990086400005
29375.624207983492,bench:a04d2bec904cb75f,41,5.64376,0.928888,5.2424209388800005
29379.584490001434,bench:a04d2bec904cb75f,41,5.56339,0.9326486,5.1886878947540005
29383.592881989898,bench:a04d2bec904cb75f,41,5.51874,0.9291566,5.1277736946840005
29387.57895998424,bench:a04d2bec904cb75f,41,5.50088,0.9286194,5.108223885072
29391.668073978508,bench:a04d2bec904cb75f,41,6.00096,0.9299625,5.580667764
29399.584526981926,bench:a04d2bec904cb75f,41,5.99203,0.9299625,5.572363198875
29403.8221219962,bench:a04d2bec904cb75f,41,5.58125,0.9280821,5.179858220625
29411.298410996096,bench:a04d2bec904cb75f,41,5.50088,0.9286194,5.108223885072
29415.33026698744,bench:a04d2bec904cb75f,41,4.21496,0.9280821,3.911828928216
29419.38693699194,bench:a04d2bec904cb75f,41,4.16138,0.9280821,3.8621022892980004
29424.688262981363,bench:a04d2bec904cb75f,41,4.13459,0.9283507,3.8383495207130003
29428.722321987152,bench:a04d2bec904cb75f,41,4.26854,0.9280821,3.961555567134
29435.58435799787,bench:a04d2bec904cb75f,41,4.14352,0.928888,3.8488660057599997
29439.63299097959,bench:a04d2bec904cb75f,41,5.92059,0.9286194,5.497974733446
29447.51414799248,bench:a04d2bec904cb75f,41,6.14384,0.928888,5.7069392499200005
29455.52598897484,bench:a04d2bec904cb75f,41,5.50088,0.9286194,5.108223885072
29463.56519998517,bench:a04d2bec904cb75f,41,5.54553,0.9291566,5.152665799998
29467.569147993345,bench:a04d2bec904cb75f,41,5.509809,0.9304997,5.1268756215573
29475.516081991373,bench:a04d2bec904cb75f,41,5.55446,0.928888,5.15947124048
29483.52886698558,bench:a04d2bec904cb75f,41,6.17956,0.9291566,5.741778959096
29491.27050698735,bench:a04d2bec904cb75f,41,5.54553,0.928888,5.151176270640001
29495.604136987822,bench:a04d2bec904cb75f,41,5.50088,0.9304997,5.118567189736001
29503.550219000317,bench:a04d2bec904cb75f,41,5.91166,0.928888,5.49127003408
29511.51939400006,bench:a04d2bec904cb75f,41,5.46516,0.9286194,5.075053600104
29519.529623998096,bench:a04d2bec904cb75f,41,5.92059,0.9291566,5.501155274394
29523.580552981002,bench:a04d2bec904cb75f,41,6.20635,0.928888,5.7650040388
29531.574467982864,bench:a04d2bec904cb75f,41,5.6259,0.9286194,5.22431988246
29535.5862499855,bench:a04d2bec904cb75f,41,5.92059,0.928888,5.49956500392
29543.53092398378,bench:a04d2bec904cb75f,41,6.00096,0.9299625,5.580667764
29551.299377984833,bench:a04d2bec904cb75f,41,6.170629,0.9286194,5.7301657996026
29559.515976987313,bench:a04d2bec904cb75f,41,5.70627,0.9299625,5.306617114875
29567.314800980967,bench:a04d2bec904cb75f,41,5.48302,0.9286194,5.091638742588
29571.310915984213,bench:a04d2bec904cb75f,41,4.14352,0.928888,3.8488660057599997
29575.290493987268,bench:a04d2bec904cb75f,41,4.17031,0.928888,3.87375091528
29579.300608980702,bench:a04d2bec904cb75f,41,4.23282,0.9294252,3.934089575064
29583.309760986594,bench:a04d2bec904cb75f,41,4.16138,0.928888,3.8654559454400004
29587.301986990497,bench:a04d2bec904cb75f,41,3.55414,0.928888,3.30139799632
29591.283953981474,bench:a04d2bec904cb75f,41,2.60756,0.9280821,2.420029760676
29595.226716977777,bench:a04d2bec904cb75f,41,4.15245,0.9299625,3.861622783125
29599.215442984132,bench:a04d2bec904cb75f,41,4.15245,0.9283507,3.854929864215
29603.339519992005,bench:a04d2bec904cb75f,41,4.43821,0.928888,4.12260001048
29607.292412983952,bench:a04d2bec904cb75f,41,3.00048,0.9294252,2.788721724096
29611.506914981874,bench:a04d2bec904cb75f,41,5.65269,0.928888,5.25071590872
29619.559533981374,bench:a04d2bec904cb75f,41,5.94738,0.9304997,5.534035305786
29627.501708979253,bench:a04d2bec904cb75f,41,5.92952,0.928888,5.5078599737600005
29635.518826980842,bench:a04d2bec904cb75f,41,5.92952,0.928888,5.5078599737600005
29643.526315980125,bench:a04d2bec904cb75f,41,5.93845,0.9307683,5.527321011134999
29651.561785984086,bench:a04d2bec904cb75f,41,5.92952,0.928888,5.5078599737600005
29659.51264600153,bench:a04d2bec904cb75f,41,6.08133,0.9291566,5.650507906278
29667.571967991535,bench:a04d2bec904cb75f,41,5.56339,0.9302311,5.175238399429
29675.533975998405,bench:a04d2bec904cb75f,41,5.64376,0.9280821,5.237872632696001
29680.429861997254,bench:a04d2bec904cb75f,41,6.14384,0.928888,5.7069392499200005
29684.535476000747,bench:a04d2bec904cb75f,41,5.92952,0.9286194,5.506267304688
29691.52180699166,bench:a04d2bec904cb75f,41,5.51874,0.928888,5.126291361120001
29707.594579987926,bench:a04d2bec904cb75f,41,5.48302,0.9294252,5.096056960104
29711.708545975853,bench:a04d2bec904cb75f,41,5.4473,0.9304997,5.068711015810001
29718.542285991134,bench:a04d2bec904cb75f,41,5.40265,0.9294252,5.02135905678
29727.537618979113,bench:a04d2bec904cb75f,41,5.91166,0.9291566,5.492857905956001
29734.36426598346,bench:a04d2bec904cb75f,41,6.00096,0.9294252,5.577443448192
29743.5295409814,bench:a04d2bec904cb75f,41,5.4473,0.928888,5.059931602400001
29750.158263981575,idle,41,1.61633,0.9283507,1.500521086931
29764.375997998286,idle,41,1.6074,0.9286194,1.49266282356
29771.878138999455,idle,41,4.06315,0.9294252,3.77639400138
29779.814128996804,idle,41,1.40201,0.9286194,1.301933684994
29797.739849978825,idle,41,1.43773,0.928888,1.33549014424
29811.571290978463,bench:872823d7592115c1,42,3.88455,0.8480334,3.2942281439700003
29820.017553982325,bench:872823d7592115c1,42,3.35768,0.8638819,2.900638977992
29824.344573979033,bench:872823d7592115c1,42,2.42896,0.8636134,2.097682404064
29834.980744984932,bench:872823d7592115c1,42,6.49211,0.9286194,6.028699292934
29839.60526197916,bench:872823d7592115c1,42,6.01882,0.9294252,5.594042982264
29847.256105975248,bench:872823d7592115c1,42,6.643919,0.9296938,6.176810302002201
29851.609569974244,bench:872823d7592115c1,42,4.32212,0.9280821,4.011282206052
29855.603943986353,bench:872823d7592115c1,42,4.15245,0.9283507,3.854929864215
29863.582414982375,bench:872823d7592115c1,42,5.73306,0.9291566,5.326910537196
29875.569222989725,bench:872823d7592115c1,42,6.67071,0.9296938,6.201717728598
29887.564011994982,bench:872823d7592115c1,42,6.02775,0.9294252,5.6023427493
29895.260466000764,bench:872823d7592115c1,42,5.59911,0.9294252,5.203953931571999
29903.294028976234,bench:872823d7592115c1,42,6.45639,0.9291566,5.998997380674
29911.255999992136,bench:872823d7592115c1,42,6.56355,0.9294252,6.10032877146
29919.2541379889,bench:872823d7592115c1,42,6.35816,0.9291566,5.9077263278559995
29927.255107992096,bench:872823d7592115c1,42,6.483179,0.928888,6.022147174952
29935.207987000467,bench:872823d7592115c1,42,6.00989,0.9280821,5.577671331969
29939.276526973117,bench:872823d7592115c1,42,3.56307,0.9294252,3.311607047364
29943.635916977655,bench:872823d7592115c1,42,6.501039,0.9294252,6.042229472782799
29955.521465977654,bench:872823d7592115c1,42,6.84038,0.928888,6.35394689744
29963.172624993604,bench:872823d7592115c1,42,6.483179,0.9296938,6.0273713205902
29967.56071798154,bench:872823d7592115c1,42,6.751079,0.9291566,6.2728096099714
29975.499318999937,bench:872823d7592115c1,42,6.73322,0.9291566,6.256215802252
29983.504159987206,bench:872823d7592115c1,42,6.29565,0.9291566,5.84964474879
29991.18309598998,bench:872823d7592115c1,42,5.72413,0.9291566,5.318613168758
29995.585651980946,bench:872823d7592115c1,42,6.00989,0.9294252,5.585743215228
30003.513863979606,bench:872823d7592115c1,42,6.67964,0.9299625,6.2118147135
30011.50420497288,bench:872823d7592115c1,42,6.03668,0.9294252,5.610642516335999
30019.498156994814,bench:872823d7592115c1,42,5.93845,0.9291566,5.5177500112699995
30027.542126976186,bench:872823d7592115c1,42,6.58141,0.9294252,6.116928305531999
30035.508856992237,bench:872823d7592115c1,42,6.02775,0.9294252,5.6023427493
30039.62235999643,bench:872823d7592115c1,42,6.6082,0.9299625,6.1453781925
30047.497183986707,bench:872823d7592115c1,42,6.501039,0.9280821,6.0334979273019
30055.495561973657,bench:872823d7592115c1,42,5.73306,0.9294252,5.328450437112
30059.606730996165,bench:872823d7592115c1,42,4.17924,0.9294252,3.884290972848
30063.678807986435,bench:872823d7592115c1,42,4.12566,0.928888,3.83227606608
30067.583571973955,bench:872823d7592115c1,42,4.14352,0.9302311,3.8544311674719998
30071.579983981792,bench:872823d7592115c1,42,4.50965,0.928888,4.1889597692
30075.54391399026,bench:872823d7592115c1,42,5.491949,0.928888,5.1014055227120005
30079.972580977483,bench:872823d7592115c1,42,4.16138,0.9291566,3.866573692108
30083.901565987617,bench:872823d7592115c1,42,4.16138,0.9286194,3.8643381987720002
30087.837718980154,bench:872823d7592115c1,42,4.16138,0.9286194,3.8643381987720002
30091.794907988515,bench:872823d7592115c1,42,4.15245,0.9294252,3.8593916717399996
30095.72078299243,bench:872823d7592115c1,42,4.13459,0.9286194,3.839460485046
30099.61184297572,bench:872823d7592115c1,42,4.14352,0.9302311,3.8544311674719998
30103.585459000897,bench:872823d7592115c1,42,4.17031,0.9286194,3.8726307700139997
30107.504388986854,bench:872823d7592115c1,42,4.14352,0.9294252,3.8510919047039995
30111.484540975653,bench:872823d7592115c1,42,4.17924,0.9280821,3.8786778356040004
30115.351397980703,bench:872823d7592115c1,42,4.08994,0.9283507,3.796898661958
30119.805360998726,bench:872823d7592115c1,42,4.14352,0.9291566,3.849978955232
30124.229638982797,bench:872823d7592115c1,42,4.15245,0.9294252,3.8593916717399996
30128.106477000983,bench:872823d7592115c1,42,4.21496,0.9280821,3.911828928216
30131.982981984038,bench:872823d7592115c1,42,4.33105,0.9286194,4.02189705237
30136.019355995813,bench:872823d7592115c1,42,4.14352,0.9286194,3.8477530562879996
30139.971618977142,bench:872823d7592115c1,42,4.13459,0.9294252,3.842792137668
30143.90056798584,bench:872823d7592115c1,42,4.16138,0.9286194,3.8643381987720002
30147.805276996223,bench:872823d7592115c1,42,4.15245,0.9280821,3.853814516145
30151.77024397417,bench:872823d7592115c1,42,4.18817,0.9294252,3.892590739884
30155.66298898193,bench:872823d7592115c1,42,4.07208,0.928888,3.7825062470399997
30160.088562988676,bench:872823d7592115c1,42,4.12566,0.9291566,3.833384218356
30164.490600989666,bench:872823d7592115c1,42,4.07208,0.928888,3.7825062470399997
30171.51056099101,bench:872823d7592115c1,42,4.09887,0.9291566,3.808492113042
30179.51088398695,bench:872823d7592115c1,42,5.60804,0.9294252,5.2122536986079995
30187.177097977838,bench:872823d7592115c1,42,6.67071,0.9291566,6.198134223186
30195.233345992165,bench:872823d7592115c1,42,6.67071,0.9291566,6.198134223186
30203.520776994992,bench:872823d7592115c1,42,6.74215,0.9291566,6.26451317069
30207.557002984686,bench:872823d7592115c1,42,6.49211,0.9291566,6.0321868544260004
30211.806003993843,bench:872823d7592115c1,42,6.35816,0.928888,5.90601852608
30215.846045000944,bench:872823d7592115c1,42,6.02775,0.9291566,5.60072369565
30220.181230979506,bench:872823d7592115c1,42,5.7152,0.9294252,5.31185090304
30224.117642996134,bench:872823d7592115c1,42,6.03668,0.9296938,5.612263968584
30228.39068097528,bench:872823d7592115c1,42,6.57248,0.9291566,6.106863170367999
30235.51299297833,bench:872823d7592115c1,42,5.69734,0.9291566,5.293721063444
30243.193520989735,bench:872823d7592115c1,42,6.00096,0.9296938,5.579055306048001
30247.248839994427,bench:872823d7592115c1,42,4.08994,0.9291566,3.8001947446040005
30251.208917994518,bench:872823d7592115c1,42,4.15245,0.928888,3.8571609756000003
30255.198217986617,bench:872823d7592115c1,42,4.68825,0.9296938,4.35863695785
30259.645069978433,bench:872823d7592115c1,42,4.16138,0.9291566,3.866573692108
30263.582166982815,bench:872823d7592115c1,42,4.15245,0.9280821,3.853814516145
30267.51543098362,bench:872823d7592115c1,42,4.31319,0.9286194,4.005311909885999
30271.383120998507,bench:872823d7592115c1,42,3.82204,0.9283507,3.5481935094279997
30275.231106992578,bench:872823d7592115c1,42,3.51842,0.9283507,3.266327669894
30279.212130000815,bench:872823d7592115c1,42,4.15245,0.9283507,3.854929864215
30283.115430996986,bench:872823d7592115c1,42,4.07208,0.9291566,3.783600007728
30287.091545993462,bench:872823d7592115c1,42,4.25961,0.9291566,3.957844744926
30291.01473497576,bench:872823d7592115c1,42,5.2687,0.9286194,4.89261703278
30294.926962000318,bench:872823d7592115c1,42,3.70595,0.9286194,3.44141706543
30298.758189979708,bench:872823d7592115c1,42,3.42019,0.9294252,3.178810774788
30302.656193991425,bench:872823d7592115c1,42,4.16138,0.9280821,3.8621022892980004
30307.596226979513,bench:872823d7592115c1,42,6.00096,0.9294252,5.577443448192
30315.12949799071,bench:872823d7592115c1,42,6.02775,0.9299625,5.605581459375
30319.585923978593,bench:872823d7592115c1,42,6.02775,0.9299625,5.605581459375
30327.494450990343,bench:872823d7592115c1,42,5.64376,0.9299625,5.248485159
30335.497217980446,bench:872823d7592115c1,42,6.35816,0.9294252,5.909434129631999
30339.7549049987,bench:872823d7592115c1,42,6.03668,0.9294252,5.610642516335999
30343.662945990218,bench:872823d7592115c1,42,6.01882,0.9294252,5.594042982264
30347.877929976676,bench:872823d7592115c1,42,5.7152,0.9296938,5.31338600576
30351.866692974,bench:872823d7592115c1,42,6.03668,0.9291566,5.609021064088
30359.533999988344,bench:872823d7592115c1,42,6.00096,0.9291566,5.575831590336
30364.34777500108,bench:872823d7592115c1,42,6.52783,0.9294252,6.067129703316
30375.493366998853,bench:872823d7592115c1,42,5.6259,0.9296938,5.230364349419999
30390.84883200121,bench:872823d7592115c1,42,5.92952,0.9194863,5.452112405576
30404.57521798089,idle,42,6.86717,0.9286194,6.376987285098
30430.476447974797,idle,42,1.72349,0.9283507,1.600003147943
30448.521482991055,idle,42,1.00909,0.7228564,0.729427164676
30453.143295977497,idle,42,1.67884,0.7228564,1.213560238576
30460.49032799783,idle,42,1.30378,0.8488392,1.106699572176
30476.154420000967,idle,42,1.28592,0.8485706,1.091193905952
30491.54760700185,bench:314c396d171167fd,43,3.3041,0.8174106,2.70080636346
30498.825935996138,bench:314c396d171167fd,43,5.50088,0.9291566,5.111178957808001
30507.506548980018,bench:314c396d171167fd,43,5.79557,0.9326486,5.405230246702
30515.674665977713,bench:314c396d171167fd,43,5.5366,0.9304997,5.15180463902
30523.288861993933,bench:314c396d171167fd,43,5.81343,0.9304997,5.409394870971001
30527.689639973687,bench:314c396d171167fd,43,5.50088,0.928888,5.1097014214400005
30539.537948992802,bench:314c396d171167fd,43,5.65269,0.9304997,5.259826349193
30543.66713698255,bench:314c396d171167fd,43,3.06299,0.9294252,2.846820093348
30547.74995497428,bench:314c396d171167fd,43,4.13459,0.9283507,3.8383495207130003
30551.764791976893,bench:314c396d171167fd,43,4.42928,0.928888,4.114305040640001
30559.63105999399,bench:314c396d171167fd,43,5.55446,0.9304997,5.168423363662
30563.6941010016,bench:314c396d171167fd,43,3.0362,0.9296938,2.8227363155600003
30567.77354798396,bench:314c396d171167fd,43,4.03636,0.9280821,3.7460734651560004
30571.86608799384,bench:314c396d171167fd,43,4.15245,0.9291566,3.85827632367
30575.84955499624,bench:314c396d171167fd,43,4.16138,0.9283507,3.863220035966
30579.915076988982,bench:314c396d171167fd,43,4.15245,0.9291566,3.85827632367
30587.314126983983,bench:314c396d171167fd,43,4.15245,0.928888,3.8571609756000003
30591.485665994696,bench:314c396d171167fd,43,2.61649,0.9283507,2.4290203230430003
30599.514913978055,bench:314c396d171167fd,43,5.50088,0.9369466,5.154030813008
30611.59929499263,bench:314c396d171167fd,43,5.63483,0.9299625,5.240180593875
30615.750575991115,bench:314c396d171167fd,43,5.50088,0.9291566,5.111178957808001
30619.787467992865,bench:314c396d171167fd,43,5.63483,0.9286194,5.232612453702
30623.88632298098,bench:314c396d171167fd,43,5.5366,0.9291566,5.14436843156
30631.642998981988,bench:314c396d171167fd,43,4.16138,0.9283507,3.863220035966
30635.738723998656,bench:314c396d171167fd,43,5.50088,0.9286194,5.108223885072
30643.61410299898,bench:314c396d171167fd,43,5.50088,0.928888,5.1097014214400005
30647.633977991063,bench:314c396d171167fd,43,5.52767,0.9294252,5.137555795283999
30655.561855994165,bench:314c396d171167fd,43,5.804499,0.9294252,5.394847643974799
30659.602322994033,bench:314c396d171167fd,43,5.50088,0.928888,5.1097014214400005
30663.68243697798,bench:314c396d171167fd,43,4.17924,0.9283507,3.879800379468
30667.73206999642,bench:314c396d171167fd,43,4.15245,0.9283507,3.854929864215
30671.77635099506,bench:314c396d171167fd,43,4.15245,0.9291566,3.85827632367
30675.812595000025,bench:314c396d171167fd,43,4.0185,0.9291566,3.7338157971000006
30679.78233998292,bench:314c396d171167fd,43,4.16138,0.9286194,3.8643381987720002
30687.548589979997,bench:314c396d171167fd,43,5.64376,0.928888,5.2424209388800005
30699.572416982846,bench:314c396d171167fd,43,5.66162,0.9326486,5.280301966732001
30707.77594097308,bench:314c396d171167fd,43,5.64376,0.928888,5.2424209388800005
30719.518268975662,bench:314c396d171167fd,43,5.48302,0.9291566,5.094584220932
30727.57288799039,bench:314c396d171167fd,43,5.63483,0.928888,5.23412596904
30731.99159197975,bench:314c396d171167fd,43,5.6259,0.9326486,5.24698775874
30739.549806981813,bench:314c396d171167fd,43,5.509809,0.928888,5.117995462392
30747.513443988282,bench:314c396d171167fd,43,5.79557,0.928888,5.38343542616
30755.57089599897,bench:314c396d171167fd,43,5.65269,0.9280821,5.246160405849
30763.548681978136,bench:314c396d171167fd,43,5.63483,0.928888,5.23412596904
30771.59342999221,bench:314c396d171167fd,43,5.509809,0.9286194,5.1165155276946
30776.037225994514,bench:314c396d171167fd,43,5.79557,0.9291566,5.384992116262
30783.595866989344,bench:314c396d171167fd,43,5.46516,0.9294252,5.079457426032
30791.586485982407,bench:314c396d171167fd,43,5.66162,0.9294252,5.262052300824
30799.531753000338,bench:314c396d171167fd,43,5.51874,0.9294252,5.129256028248
30807.519556983607,bench:314c396d171167fd,43,5.65269,0.9280821,5.246160405849
30815.528008999536,bench:314c396d171167fd,43,5.86701,0.9326486,5.4718586626859995
30823.592682980234,bench:314c396d171167fd,43,5.50088,0.9326486,5.1303880307680005
30831.59400499426,bench:314c396d171167fd,43,5.64376,0.9291566,5.243936852816001
30839.55130999675,bench:314c396d171167fd,43,5.86701,0.9369466,5.497075071665999
30847.52702098922,bench:314c396d171167fd,43,5.78664,0.9326486,5.396901694704001
30855.569046980236,bench:314c396d171167fd,43,5.509809,0.9286194,5.1165155276946
30859.75303099258,bench:314c396d171167fd,43,5.52767,0.9286194,5.1331015987979995
30867.528670001775,bench:314c396d171167fd,43,5.509809,0.9294252,5.120955331786799
30875.520770001458,bench:314c396d171167fd,43,5.64376,0.9294252,5.245452766752
30883.51166699431,bench:314c396d171167fd,43,5.65269,0.9326486,5.271973414734
30891.54546998907,bench:314c396d171167fd,43,5.491949,0.9299625,5.1073066219125005
30895.717879990116,bench:314c396d171167fd,43,5.93845,0.9291566,5.5177500112699995
30903.529981995234,bench:314c396d171167fd,43,5.66162,0.9291566,5.260531589692
30911.517563974485,bench:314c396d171167fd,43,5.509809,0.928888,5.117995462392
30919.5437009912,bench:314c396d171167fd,43,5.93845,0.9291566,5.5177500112699995
30927.51120898174,bench:314c396d171167fd,43,5.67055,0.9280821,5.262735952155
30935.54867900093,bench:314c396d171167fd,43,5.54553,0.928888,5.151176270640001
30943.536871985998,bench:314c396d171167fd,43,5.52767,0.9315742,5.149434758113999
30951.542027993128,bench:314c396d171167fd,43,5.81343,0.9296938,5.404709827734
30959.582719980972,bench:314c396d171167fd,43,5.65269,0.928888,5.25071590872
30967.578579991823,bench:314c396d171167fd,43,5.50088,0.9291566,5.111178957808001
30975.587253982667,bench:314c396d171167fd,43,5.54553,0.9291566,5.152665799998
30983.581724984106,bench:314c396d171167fd,43,5.65269,0.9291566,5.252234221254
30991.555639979197,bench:314c396d171167fd,43,5.78664,0.928888,5.3751404563200005
30999.51268499717,bench:314c396d171167fd,43,5.6259,0.9294252,5.22885323268
31007.538784993812,bench:314c396d171167fd,43,5.5366,0.9291566,5.14436843156
31015.575311001157,bench:314c396d171167fd,43,5.491949,0.9291566,5.1028806602134
31023.566966992803,bench:314c396d171167fd,43,5.93845,0.9280821,5.5113691467449994
31031.53356697294,bench:314c396d171167fd,43,5.50088,0.9302311,5.117089653368001
31039.50961199007,bench:314c396d171167fd,43,5.50088,0.928888,5.1097014214400005
31047.576766985003,bench:314c396d171167fd,43,5.52767,0.9299625,5.1405258123749995
31055.520385998534,bench:314c396d171167fd,43,5.67055,0.9294252,5.27035206786
31063.57643098454,bench:314c396d171167fd,43,5.50088,0.928888,5.1097014214400005
31071.513456990942,bench:314c396d171167fd,43,5.509809,0.9304997,5.1268756215573
31079.544260981493,bench:314c396d171167fd,43,5.81343,0.9326486,5.421887350698
31083.838576974813,idle,43,2.63435,0.9291566,2.44772368921
31088.03131998866,idle,43,1.73242,0.9283507,1.608293319694
31105.746487999568,idle,43,1.33057,0.8485706,1.129082583242
31115.7607199857,idle,43,1.00016,0.7223192,0.722434771072
31124.067187978653,idle,43,1.31271,0.8483019,1.113574387149
31142.382534977514,idle,43,1.16983,0.8184852,0.9574885415159999
31159.653298993362,bench:0fd74097814a4478,44,2.8576,0.7228564,2.06563444864
31164.02811498847,bench:0fd74097814a4478,44,4.87578,0.904175,4.4085583815
31171.72305099666,bench:0fd74097814a4478,44,4.25961,0.9286194,3.9555564824340004
31175.932774989633,bench:0fd74097814a4478,44,5.358,0.9296938,4.981299380399999
31187.64836297487,bench:0fd74097814a4478,44,5.17047,0.9173373,4.743064989531
31191.92632799968,bench:0fd74097814a4478,44,5.92952,0.9270077,5.496710697304
31196.561436983757,bench:0fd74097814a4478,44,4.13459,0.9294252,3.842792137668
31207.650085998466,bench:0fd74097814a4478,44,3.38447,0.9294252,3.145611706644
31211.90849499544,bench:0fd74097814a4478,44,5.92059,0.9291566,5.501155274394
31219.530338974437,bench:0fd74097814a4478,44,6.56355,0.9294252,6.10032877146
31227.699641982326,bench:0fd74097814a4478,44,5.92059,0.9291566,5.501155274394
31231.919439975172,bench:0fd74097814a4478,44,5.63483,0.928888,5.23412596904
31239.44196998491,bench:0fd74097814a4478,44,5.42051,0.9286194,5.033590743894
31247.532087989384,bench:0fd74097814a4478,44,5.63483,0.9291566,5.235639484378
31255.565446976107,bench:0fd74097814a4478,44,5.94738,0.9283507,5.5212543861659995
31263.506714982213,bench:0fd74097814a4478,44,5.91166,0.9286194,5.489682162204001
31267.753494001226,bench:0fd74097814a4478,44,6.483179,0.9280821,6.0169223809959
31272.142438974697,bench:0fd74097814a4478,44,6.74215,0.9286194,6.26089128771
31276.67032799218,bench:0fd74097814a4478,44,5.93845,0.9291566,5.5177500112699995
31280.879144993378,bench:0fd74097814a4478,44,5.93845,0.9291566,5.5177500112699995
31287.66340299626,bench:0fd74097814a4478,44,5.66162,0.9291566,5.260531589692
31295.570540998597,bench:0fd74097814a4478,44,5.92059,0.9280821,5.494793600439
31303.43982798513,bench:0fd74097814a4478,44,5.42944,0.9280821,5.038966077024
31311.664351989748,bench:0fd74097814a4478,44,5.73306,0.9294252,5.328450437112
31319.34984397958,bench:0fd74097814a4478,44,5.43837,0.9299625,5.057480161125
31331.67090799543,bench:0fd74097814a4478,44,5.67055,0.9237842,5.238364495310001
31336.188758985372,bench:0fd74097814a4478,44,5.48302,0.9294252,5.096056960104
31343.70197498356,bench:0fd74097814a4478,44,6.86717,0.9286194,6.376987285098
31351.51222499553,bench:0fd74097814a4478,44,5.34907,0.9294252,4.971560454564
31355.99807597464,bench:0fd74097814a4478,44,6.20635,0.9283507,5.761669366944999
31363.656160974642,bench:0fd74097814a4478,44,6.00989,0.9286194,5.580900445866
31371.65818698122,bench:0fd74097814a4478,44,6.84931,0.928888,6.362241867280001
31379.654564982047,bench:0fd74097814a4478,44,5.804499,0.928888,5.391729467112
31384.255304990802,bench:0fd74097814a4478,44,5.92059,0.9296938,5.504335815342
31391.643613984343,bench:0fd74097814a4478,44,5.92952,0.9294252,5.511045311904
31396.355111995945,bench:0fd74097814a4478,44,5.94738,0.9294252,5.527644845976
31403.378719987813,bench:0fd74097814a4478,44,5.55446,0.9299625,5.1654395077499995
31407.65986900078,bench:0fd74097814a4478,44,5.52767,0.9299625,5.1405258123749995
31411.804982984904,bench:0fd74097814a4478,44,4.67932,0.928888,4.34656419616
31415.930300980108,bench:0fd74097814a4478,44,4.14352,0.9286194,3.8477530562879996
31420.064321981044,bench:0fd74097814a4478,44,3.67916,0.928888,3.41752757408
31424.17267698329,bench:0fd74097814a4478,44,4.13459,0.928888,3.8405710359200005
31428.35225298768,bench:0fd74097814a4478,44,5.509809,0.928888,5.117995462392
31432.552680984372,bench:0fd74097814a4478,44,4.14352,0.928888,3.8488660057599997
31436.734609975247,bench:0fd74097814a4478,44,4.18817,0.928888,3.8903408549600007
31440.92642699252,bench:0fd74097814a4478,44,2.88439,0.9291566,2.680050005474
31445.12855799985,bench:0fd74097814a4478,44,4.18817,0.928888,3.8903408549600007
31449.256486986997,bench:0fd74097814a4478,44,4.21496,0.9283507,3.9129610664719996
31453.38828599779,bench:0fd74097814a4478,44,4.17031,0.928888,3.87375091528
31457.5448629912,bench:0fd74097814a4478,44,4.16138,0.9286194,3.8643381987720002
31461.79291998851,bench:0fd74097814a4478,44,4.18817,0.9286194,3.8892159124980004
31465.961403999245,bench:0fd74097814a4478,44,4.16138,0.928888,3.8654559454400004
31470.25314599159,bench:0fd74097814a4478,44,6.76001,0.9291566,6.281107907566001
31479.591549985344,bench:0fd74097814a4478,44,5.65269,0.9280821,5.246160405849
31487.372356001288,bench:0fd74097814a4478,44,5.78664,0.9299625,5.381358201
31491.772429988487,bench:0fd74097814a4478,44,4.2864,0.9291566,3.9827368502400002
31495.986691996222,bench:0fd74097814a4478,44,4.16138,0.9294252,3.867691438776
31500.204822979867,bench:0fd74097814a4478,44,5.63483,0.9299625,5.240180593875
31504.655286000343,bench:0fd74097814a4478,44,5.50088,0.9296938,5.114134030544
31508.889046992408,bench:0fd74097814a4478,44,4.15245,0.928888,3.8571609756000003
31513.068141997792,bench:0fd74097814a4478,44,4.15245,0.9294252,3.8593916717399996
31519.789215992205,bench:0fd74097814a4478,44,5.0008,0.9304997,4.65324289976
31527.57078097784,bench:0fd74097814a4478,44,6.86717,0.9286194,6.376987285098
31531.746245978866,bench:0fd74097814a4478,44,5.63483,0.9291566,5.235639484378
31543.570943991654,bench:0fd74097814a4478,44,6.86717,0.9294252,6.382520850683999
31547.734668973135,bench:0fd74097814a4478,44,5.92059,0.9291566,5.501155274394
31555.675602983683,bench:0fd74097814a4478,44,5.60804,0.9304997,5.218279537588
31567.576485977042,bench:0fd74097814a4478,44,6.50997,0.9294252,6.0505301692439994
31575.70814099745,bench:0fd74097814a4478,44,5.64376,0.9304997,5.251516986872001
31580.326323979534,bench:0fd74097814a4478,44,6.86717,0.9278135,6.371453032794999
31587.7115589974,bench:0fd74097814a4478,44,4.18817,0.9283507,3.8880905512190003
31591.87548799673,bench:0fd74097814a4478,44,4.15245,0.9283507,3.854929864215
31598.190120974323,bench:0fd74097814a4478,44,6.84038,0.9283507,6.350271561265999
31607.709615986096,bench:0fd74097814a4478,44,5.2687,0.9202922,4.84874351414
31615.49336600001,bench:0fd74097814a4478,44,5.491949,0.9291566,5.1028806602134
31623.675223992905,bench:0fd74097814a4478,44,5.60804,0.9304997,5.218279537588
31628.06987197837,bench:0fd74097814a4478,44,5.42944,0.9326486,5.063759614784
31635.58438399923,bench:0fd74097814a4478,44,6.86717,0.9286194,6.376987285098
31640.02888399409,bench:0fd74097814a4478,44,5.491949,0.9294252,5.1043557977148
31647.568135987967,bench:0fd74097814a4478,44,5.94738,0.9286194,5.522852447172
31659.57140698447,bench:0fd74097814a4478,44,6.00096,0.9294252,5.577443448192
31663.96259298199,bench:0fd74097814a4478,44,5.474089,0.9294252,5.0877562636428
31671.575510990806,bench:0fd74097814a4478,44,6.84038,0.9291566,6.3557842235079995
31679.39276099787,bench:0fd74097814a4478,44,5.94738,0.9286194,5.522852447172
31687.523859989597,bench:0fd74097814a4478,44,5.65269,0.9294252,5.253752533787999
31691.705861972878,bench:0fd74097814a4478,44,5.65269,0.9291566,5.252234221254
31703.60220799921,bench:0fd74097814a4478,44,5.93845,0.9291566,5.5177500112699995
31711.867083999095,bench:0fd74097814a4478,44,5.25084,0.9283507,4.874620989588
31721.049655985553,bench:0fd74097814a4478,44,5.39372,0.9296938,5.014508042936
31727.538045990514,bench:0fd74097814a4478,44,6.49211,0.9270077,6.018235959247
31735.580812994158,bench:0fd74097814a4478,44,6.70643,0.9296938,6.2349263911340005
31745.45423098607,idle,44,5.63483,0.9280821,5.229584859543
31749.995138001395,idle,44,1.64312,0.9286194,1.525833108528
31764.225370978238,idle,44,1.61633,0.9283507,1.500521086931
31770.94096399378,idle,44,3.17908,0.9304997,2.958132986276
31776.676378998673,idle,44,1.46452,0.928888,1.3603750537600001
31794.684691994917,idle,44,1.41987,0.928888,1.31890020456
31811.582125985296,bench:8d756fb0f4600e20,45,3.25052,0.8184852,2.660502512304
31831.55064599123,bench:8d756fb0f4600e20,45,5.42051,0.9283507,5.032134252857
31843.585194001207,bench:8d756fb0f4600e20,45,5.46516,0.9326486,5.097073822776
31851.6493299976,bench:8d756fb0f4600e20,45,5.4473,0.9283507,5.05700476811
31859.613949985942,bench:8d756fb0f4600e20,45,5.509809,0.9283507,5.1150350420162995
31863.615156995365,bench:8d756fb0f4600e20,45,4.21496,0.928888,3.9152257644799997
31867.614215996582,bench:8d756fb0f4600e20,45,4.27747,0.9304997,3.980184551759
31871.587664994877,bench:8d756fb0f4600e20,45,5.42944,0.9304997,5.052092291168
31875.62053898,bench:8d756fb0f4600e20,45,4.02743,0.9286194,3.7399496301419997
31879.639634978957,bench:8d756fb0f4600e20,45,4.13459,0.9291566,3.8416815867940004
31883.80513698212,bench:8d756fb0f4600e20,45,4.16138,0.928888,3.8654559454400004
31887.73049399606,bench:8d756fb0f4600e20,45,4.23282,0.9294252,3.934089575064
31891.649775992846,bench:8d756fb0f4600e20,45,4.2864,0.928888,3.9815855232000006
31895.66448298865,bench:8d756fb0f4600e20,45,4.14352,0.928888,3.8488660057599997
31899.56624698243,bench:8d756fb0f4600e20,45,4.45607,0.928888,4.1391899501600005
31903.5418619751,bench:8d756fb0f4600e20,45,4.16138,0.928888,3.8654559454400004
31907.45988499839,bench:8d756fb0f4600e20,45,4.21496,0.9286194,3.9140936262239996
31911.361111997394,bench:8d756fb0f4600e20,45,4.42928,0.9294252,4.116684449856
31915.528003999498,bench:8d756fb0f4600e20,45,5.64376,0.928888,5.2424209388800005
31923.56762199779,bench:8d756fb0f4600e20,45,5.66162,0.928888,5.259010878560001
31927.847882994683,bench:8d756fb0f4600e20,45,5.56339,0.928888,5.16776621032
31931.84516398469,bench:8d756fb0f4600e20,45,4.42928,0.928888,4.114305040640001
31935.853945993586,bench:8d756fb0f4600e20,45,4.17031,0.9291566,3.874871060546
31939.83941298211,bench:8d756fb0f4600e20,45,4.17031,0.9286194,3.8726307700139997
31943.843193992507,bench:8d756fb0f4600e20,45,4.25068,0.928888,3.94840564384
31947.79340198147,bench:8d756fb0f4600e20,45,4.17031,0.928888,3.87375091528
31951.717887975974,bench:8d756fb0f4600e20,45,4.25068,0.928888,3.94840564384
31955.644207977457,bench:8d756fb0f4600e20,45,4.17031,0.9291566,3.874871060546
31959.615544998087,bench:8d756fb0f4600e20,45,4.16138,0.928888,3.8654559454400004
31963.5596969747,bench:8d756fb0f4600e20,45,4.465,0.928888,4.14748492
31967.527775996132,bench:8d756fb0f4600e20,45,4.17031,0.9291566,3.874871060546
31971.50509399944,bench:8d756fb0f4600e20,45,4.17031,0.928888,3.87375091528
31975.532967975596,bench:8d756fb0f4600e20,45,4.24175,0.9286194,3.9389713399499997
31979.510101984488,bench:8d756fb0f4600e20,45,4.14352,0.9294252,3.8510919047039995
31983.37664399878,bench:8d756fb0f4600e20,45,4.1971,0.9294252,3.9008905069199997
31987.30638899724,bench:8d756fb0f4600e20,45,4.18817,0.928888,3.8903408549600007
31991.28468899289,bench:8d756fb0f4600e20,45,4.16138,0.9286194,3.8643381987720002
31995.24204499903,bench:8d756fb0f4600e20,45,4.21496,0.928888,3.9152257644799997
31999.13741997443,bench:8d756fb0f4600e20,45,4.16138,0.928888,3.8654559454400004
32003.069776983466,bench:8d756fb0f4600e20,45,4.42928,0.928888,4.114305040640001
32007.012706977548,bench:8d756fb0f4600e20,45,4.17031,0.9304997,3.880472203907
32010.94963698415,bench:8d756fb0f4600e20,45,4.17031,0.928888,3.87375091528
32019.516861997545,bench:8d756fb0f4600e20,45,5.52767,0.9283507,5.131616313868999
32023.760604992276,bench:8d756fb0f4600e20,45,5.45623,0.928888,5.06822657224
32027.773478999734,bench:8d756fb0f4600e20,45,5.67055,0.9291566,5.26882895813
32031.734334974317,bench:8d756fb0f4600e20,45,5.509809,0.9296938,5.1224352664841994
32039.51406700071,bench:8d756fb0f4600e20,45,5.474089,0.928888,5.084815583032
32043.59306997503,bench:8d756fb0f4600e20,45,5.4473,0.9304997,5.068711015810001
32047.631333000027,bench:8d756fb0f4600e20,45,5.52767,0.9291566,5.1360710631219995
32055.260916997213,bench:8d756fb0f4600e20,45,5.52767,0.9294252,5.137555795283999
32059.6508809831,bench:8d756fb0f4600e20,45,5.51874,0.9286194,5.124809027556
32063.922752975486,bench:8d756fb0f4600e20,45,5.474089,0.9291566,5.0862859233374005
32068.196050997358,bench:8d756fb0f4600e20,45,5.78664,0.9294252,5.378249039328
32072.21694299369,bench:8d756fb0f4600e20,45,5.51874,0.9291566,5.1277736946840005
32083.558311976958,bench:8d756fb0f4600e20,45,5.48302,0.9286194,5.091638742588
32087.872331991093,bench:8d756fb0f4600e20,45,5.52767,0.9299625,5.1405258123749995
32095.265158975963,bench:8d756fb0f4600e20,45,5.66162,0.9286194,5.257490167428
32099.59275298752,bench:8d756fb0f4600e20,45,5.491949,0.9294252,5.1043557977148
32103.648440999677,bench:8d756fb0f4600e20,45,5.474089,0.9326486,5.105401442125401
32107.901812996715,bench:8d756fb0f4600e20,45,5.64376,0.9291566,5.243936852816001
32115.26534499717,bench:8d756fb0f4600e20,45,5.46516,0.9304997,5.085329740452
32119.59940197994,bench:8d756fb0f4600e20,45,5.46516,0.9294252,5.079457426032
32123.59325698344,bench:8d756fb0f4600e20,45,4.56323,0.9286194,4.237503904662
32127.641742001288,bench:8d756fb0f4600e20,45,4.18817,0.928888,3.8903408549600007
32135.605880001094,bench:8d756fb0f4600e20,45,4.22389,0.9291566,3.9246552711739997
32139.867603982566,bench:8d756fb0f4600e20,45,5.68841,0.9304997,5.293063798477
32147.503743995912,bench:8d756fb0f4600e20,45,5.64376,0.9291566,5.243936852816001
32151.637949980795,bench:8d756fb0f4600e20,45,5.491949,0.928888,5.1014055227120005
32155.635231989436,bench:8d756fb0f4600e20,45,5.474089,0.9286194,5.0833452427266
32159.626068983926,bench:8d756fb0f4600e20,45,5.51874,0.928888,5.126291361120001
32167.51676297281,bench:8d756fb0f4600e20,45,5.4473,0.9291566,5.0613947471800005
32179.56631098059,bench:8d756fb0f4600e20,45,5.509809,0.9294252,5.120955331786799
32183.68196199299,bench:8d756fb0f4600e20,45,5.67055,0.9286194,5.2657827386700005
32187.740501976805,bench:8d756fb0f4600e20,45,5.66162,0.928888,5.259010878560001
32192.051595979137,bench:8d756fb0f4600e20,45,5.509809,0.928888,5.117995462392
32196.147654991364,bench:8d756fb0f4600e20,45,5.42944,0.9304997,5.052092291168
32203.58420399134,bench:8d756fb0f4600e20,45,5.45623,0.928888,5.06822657224
32211.300102993846,bench:8d756fb0f4600e20,45,5.4473,0.9296938,5.06432103674
32219.505941990064,bench:8d756fb0f4600e20,45,5.46516,0.9286194,5.075053600104
32231.558415980544,bench:8d756fb0f4600e20,45,5.57232,0.9291566,5.177557905312001
32235.845399001846,bench:8d756fb0f4600e20,45,5.474089,0.9304997,5.093638172273301
32239.817717985716,bench:8d756fb0f4600e20,45,5.54553,0.9294252,5.154155329356
32247.541745979106,bench:8d756fb0f4600e20,45,5.64376,0.928888,5.2424209388800005
32255.502809974132,bench:8d756fb0f4600e20,45,5.509809,0.9294252,5.120955331786799
32267.566116992384,bench:8d756fb0f4600e20,45,5.54553,0.9291566,5.152665799998
32271.860804001335,bench:8d756fb0f4600e20,45,5.56339,0.9294252,5.170754863428
32279.557220987044,bench:8d756fb0f4600e20,45,5.509809,0.9291566,5.1194753970894
32283.57774298638,bench:8d756fb0f4600e20,45,5.55446,0.9286194,5.157979312524
32287.570265994873,bench:8d756fb0f4600e20,45,5.42944,0.9286194,5.041883315135999
32295.568050991278,bench:8d756fb0f4600e20,45,5.48302,0.9304997,5.101948465094
32299.570276984014,bench:8d756fb0f4600e20,45,5.509809,0.9291566,5.1194753970894
32303.57109598117,bench:8d756fb0f4600e20,45,5.509809,0.928888,5.117995462392
32311.54836298083,bench:8d756fb0f4600e20,45,5.509809,0.9291566,5.1194753970894
32315.576829976635,bench:8d756fb0f4600e20,45,4.20603,0.928888,3.9069307946400005
32319.70353599172,bench:8d756fb0f4600e20,45,4.17924,0.9283507,3.879800379468
32323.664502997417,bench:8d756fb0f4600e20,45,4.1971,0.928888,3.8986358248
32327.642432996072,bench:8d756fb0f4600e20,45,3.56307,0.9280821,3.3068214880470004
32331.54638198903,bench:8d756fb0f4600e20,45,2.91118,0.9283507,2.702595990826
32335.48488598899,bench:8d756fb0f4600e20,45,4.15245,0.9283507,3.854929864215
32343.516745982924,bench:8d756fb0f4600e20,45,5.4473,0.9283507,5.05700476811
32351.51782698813,bench:8d756fb0f4600e20,45,5.509809,0.9291566,5.1194753970894
32359.582056989893,bench:8d756fb0f4600e20,45,5.64376,0.9286194,5.240905024944
32363.5672829987,bench:8d756fb0f4600e20,45,5.63483,0.9296938,5.238666515054
32367.571008973755,bench:8d756fb0f4600e20,45,5.45623,0.9286194,5.0667610288619995
32375.527053984115,bench:8d756fb0f4600e20,45,5.46516,0.9294252,5.079457426032
32383.53893198655,bench:8d756fb0f4600e20,45,5.474089,0.9296938,5.0892266039482
32387.581008981215,bench:8d756fb0f4600e20,45,5.509809,0.9294252,5.120955331786799
32395.578201976605,bench:8d756fb0f4600e20,45,5.4473,0.9291566,5.0613947471800005
32399.892480985727,idle,45,5.50088,0.9304997,5.118567189736001
32404.248388978885,idle,45,1.72349,0.9286194,1.600466249706
32420.919602998765,idle,45,1.45559,0.8732836,1.271142875324
32428.019821993075,idle,45,3.83097,0.8732836,3.345523273092
32432.748300983803,idle,45,1.41987,0.8732836,1.2399491851320001
32450.359635986388,idle,45,1.49131,0.8888636,1.325571175316
32463.38250898407,bench:a5027fac9d664b48,46,3.56307,0.7228564,2.575587953148
32471.77490298054,bench:a5027fac9d664b48,46,5.99203,0.8902067,5.334145252601
32479.74689200055,bench:a5027fac9d664b48,46,4.07208,0.8896694,3.622804970352
32487.72525199456,bench:a5027fac9d664b48,46,6.99219,0.9286194,6.493083282485999
32492.86013498204,bench:a5027fac9d664b48,46,4.80434,0.928888,4.46269377392
32497.117099992465,bench:a5027fac9d664b48,46,4.15245,0.9283507,3.854929864215
32502.70966399694,bench:a5027fac9d664b48,46,4.12566,0.9192177,3.792379696182
32507.33801498427,bench:a5027fac9d664b48,46,3.95599,0.918949,3.63535305451
32515.731222985778,bench:a5027fac9d664b48,46,7.00112,0.9294252,6.507017356224
32521.653247997165,bench:a5027fac9d664b48,46,5.32228,0.9291566,4.945231589048
32526.59087299253,bench:a5027fac9d664b48,46,4.18817,0.928888,3.8903408549600007
32531.684738991316,bench:a5027fac9d664b48,46,3.42019,0.928888,3.17697344872
32537.749946990516,bench:a5027fac9d664b48,46,4.14352,0.9197549,3.811022823248
32544.241578987567,bench:a5027fac9d664b48,46,4.16138,0.9286194,3.8643381987720002
32548.64776399336,bench:a5027fac9d664b48,46,3.28624,0.9286194,3.051666217056
32552.86228499608,bench:a5027fac9d664b48,46,4.17031,0.9286194,3.8726307700139997
32557.274358987343,bench:a5027fac9d664b48,46,4.17031,0.928888,3.87375091528
32561.51886098087,bench:a5027fac9d664b48,46,4.0185,0.9286194,3.7316570589
32565.729714988265,bench:a5027fac9d664b48,46,3.3934,0.9283507,3.1502652653800003
32569.869402999757,bench:a5027fac9d664b48,46,2.88439,0.928888,2.67927525832
32574.680899997475,bench:a5027fac9d664b48,46,5.34907,0.9294252,4.971560454564
32579.859986988595,bench:a5027fac9d664b48,46,5.09903,0.9283507,4.7336880698209995
32587.65829197364,bench:a5027fac9d664b48,46,4.67932,0.9194863,4.302570633316
32594.320884993067,bench:a5027fac9d664b48,46,5.491949,0.9291566,5.1028806602134
32598.71605198714,bench:a5027fac9d664b48,46,3.42912,0.9286194,3.1843473569280003
32603.655047976645,bench:a5027fac9d664b48,46,4.18817,0.9291566,3.891465797422
32608.887652982958,bench:a5027fac9d664b48,46,7.00112,0.9286194,6.501375853728
32613.22956098593,bench:a5027fac9d664b48,46,5.19726,0.9304997,4.836048870822
32617.619820986874,bench:a5027fac9d664b48,46,3.54521,0.9286194,3.2921507830739998
32621.79886098602,bench:a5027fac9d664b48,46,4.17031,0.9286194,3.8726307700139997
32627.44979499257,bench:a5027fac9d664b48,46,3.9292,0.9186804,3.6096790276799995
32631.827869976405,bench:a5027fac9d664b48,46,3.97385,0.9173373,3.645360829605
32639.742896979442,bench:a5027fac9d664b48,46,5.20619,0.9294252,4.838764181988
32644.19369297684,bench:a5027fac9d664b48,46,4.17031,0.9291566,3.874871060546
32649.06096699997,bench:a5027fac9d664b48,46,3.28624,0.9286194,3.051666217056
32654.21094300109,bench:a5027fac9d664b48,46,5.10796,0.9291566,4.746094746536
32660.42957699392,bench:a5027fac9d664b48,46,3.08978,0.9186804,2.838520326312
32667.86836698884,bench:a5027fac9d664b48,46,5.31335,0.9173373,4.874134142955
32675.657505984418,bench:a5027fac9d664b48,46,5.33121,0.9304997,4.960689305637
32681.22112599667,bench:a5027fac9d664b48,46,5.88487,0.928888,5.46638512456
32691.60433599609,bench:a5027fac9d664b48,46,5.21512,0.9291566,4.845663167792
32696.24544598628,bench:a5027fac9d664b48,46,4.84006,0.9283507,4.493273089042
32701.462254975922,bench:a5027fac9d664b48,46,5.86701,0.9294252,5.452946942651999
32708.925469982205,bench:a5027fac9d664b48,46,5.31335,0.9286194,4.9340798889899995
32722.65939298086,bench:a5027fac9d664b48,46,4.84899,0.9192177,4.457277435123
32728.805563994683,bench:a5027fac9d664b48,46,4.62574,0.9291566,4.298036850884
32739.532882987987,bench:a5027fac9d664b48,46,5.143679,0.9286194,4.776520106772599
32751.624764001463,bench:a5027fac9d664b48,46,6.4296,0.9294252,5.975832265919999
32759.59160499042,bench:a5027fac9d664b48,46,5.161539,0.9272762,4.7861722700718
32763.951142987935,bench:a5027fac9d664b48,46,5.0008,0.9296938,4.64921275504
32768.89093499631,bench:a5027fac9d664b48,46,5.18833,0.9291566,4.820771062477999
32776.97970098234,bench:a5027fac9d664b48,46,4.78648,0.9299625,4.451246907
32782.24993500044,bench:a5027fac9d664b48,46,5.03652,0.928888,4.678362989760001
32791.817188990535,bench:a5027fac9d664b48,46,6.79573,0.9294252,6.316122714395999
32801.54497898184,bench:a5027fac9d664b48,46,4.49179,0.9186804,4.126519433916
32807.22982098814,bench:a5027fac9d664b48,46,5.474089,0.931037,5.096579400293
32812.710144993616,bench:a5027fac9d664b48,46,4.1971,0.9283507,3.8963807229699996
32817.51608700142,bench:a5027fac9d664b48,46,4.24175,0.9270077,3.9321349114749995
32827.617669972824,bench:a5027fac9d664b48,46,5.304419,0.9369466,4.9699573470254
32835.76801000163,bench:a5027fac9d664b48,46,4.75076,0.9294252,4.415476063151999
32844.54858498066,bench:a5027fac9d664b48,46,5.21512,0.9291566,4.845663167792
32848.79986397573,bench:a5027fac9d664b48,46,6.99219,0.9294252,6.498717589188
32855.76469497755,bench:a5027fac9d664b48,46,5.22405,0.9278135,4.846944114675
32859.99403099413,bench:a5027fac9d664b48,46,5.29549,0.9286194,4.917494746506
32871.535082987975,bench:a5027fac9d664b48,46,5.23298,0.9275449,4.853823910802
32875.871436001034,bench:a5027fac9d664b48,46,5.25977,0.9286194,4.884324461537999
32883.82090697996,bench:a5027fac9d664b48,46,5.0901,0.9315742,4.74180583542
32891.58437898732,bench:a5027fac9d664b48,46,5.25084,0.9278135,4.87180023834
32903.65259398823,bench:a5027fac9d664b48,46,5.87594,0.928888,5.45809015472
32911.88271099236,bench:a5027fac9d664b48,46,7.03684,0.9294252,6.540216424367999
32919.672127987724,bench:a5027fac9d664b48,46,5.88487,0.9291566,5.467965800642
32923.980480991304,bench:a5027fac9d664b48,46,5.88487,0.928888,5.46638512456
32929.57304499578,bench:a5027fac9d664b48,46,5.2687,0.9302311,4.901108596569999
32935.761697997805,bench:a5027fac9d664b48,46,6.99219,0.9286194,6.493083282485999
32939.97019997914,bench:a5027fac9d664b48,46,5.32228,0.9286194,4.942372460232
32951.52962199063,bench:a5027fac9d664b48,46,5.2687,0.925396,4.8756339052
32963.631687976886,bench:a5027fac9d664b48,46,5.304419,0.9294252,4.9300606899587995
32968.21392799029,bench:a5027fac9d664b48,46,5.33121,0.9286194,4.950665031473999
32979.630980989896,bench:a5027fac9d664b48,46,5.38479,0.9294252,5.0047595227079995
32987.76841399376,bench:a5027fac9d664b48,46,5.32228,0.928888,4.94380202464
32995.77603299986,bench:a5027fac9d664b48,46,5.17047,0.928888,4.80278753736
33003.53887499659,bench:a5027fac9d664b48,46,5.33121,0.9291566,4.953528957485999
33011.6585859796,bench:a5027fac9d664b48,46,7.01898,0.928888,6.519846294240001
33019.670833979035,bench:a5027fac9d664b48,46,5.2687,0.9299625,4.8996934237500005
33024.04246397782,bench:a5027fac9d664b48,46,5.87594,0.9294252,5.461246709688
33035.601423995104,bench:a5027fac9d664b48,46,5.18833,0.9294252,4.822164647916
33040.1818859973,bench:a5027fac9d664b48,46,5.29549,0.9278135,4.913227111115
33052.711855998496,idle,46,5.20619,0.9326486,4.8555458148340005
33057.74123998708,idle,46,1.73242,0.9283507,1.608293319694
33071.97130698478,idle,46,1.72349,0.9286194,1.600466249706
33079.23609900172,idle,46,3.36661,0.8184852,2.755520459172
33085.02492099069,idle,46,1.18769,0.8184852,0.972106687188
33102.32896197704,idle,46,1.24127,0.8332592,1.034299647184
33115.51770498045,bench:d75b6620acb99d9a,47,4.1078,0.8332592,3.42286214176
33127.578400977654,bench:d75b6620acb99d9a,47,6.04561,0.9208294,5.566975428934
33135.53170498926,bench:d75b6620acb99d9a,47,6.29565,0.9326486,5.87162915859
33147.55730898469,bench:d75b6620acb99d9a,47,5.99203,0.9304997,5.575582117391
33159.55278399633,bench:d75b6620acb99d9a,47,5.491949,0.928888,5.1014055227120005
33167.67014199286,bench:d75b6620acb99d9a,47,6.35816,0.9280821,5.900894484936
33171.69553498388,bench:d75b6620acb99d9a,47,6.27779,0.9296938,5.836422440702001
33175.85183298797,bench:d75b6620acb99d9a,47,5.46516,0.9291566,5.077989484056
33179.95657699066,bench:d75b6620acb99d9a,47,5.65269,0.9283507,5.247678718383
33191.57418399118,bench:d75b6620acb99d9a,47,6.26886,0.928888,5.82306882768
33195.633001974784,bench:d75b6620acb99d9a,47,5.56339,0.931037,5.17972193543
33199.798874993576,bench:d75b6620acb99d9a,47,6.43853,0.9294252,5.9841320329559995
33207.57443999173,bench:d75b6620acb99d9a,47,5.983099,0.9280821,5.552807084427901
33211.83999697678,bench:d75b6620acb99d9a,47,6.27779,0.9294252,5.834736226308
33217.07734299707,bench:d75b6620acb99d9a,47,5.92059,0.9307683,5.510697489297
33227.54871897632,bench:d75b6620acb99d9a,47,6.313509,0.9291566,5.8662385565093995
33235.563762980746,bench:d75b6620acb99d9a,47,6.28672,0.9299625,5.846413848
33243.32666199189,bench:d75b6620acb99d9a,47,6.21528,0.9283507,5.769959538696
33251.53063097969,bench:d75b6620acb99d9a,47,6.14384,0.9283507,5.703638164688
33259.56099000177,bench:d75b6620acb99d9a,47,6.56355,0.9321114,6.1179597794700005
33267.522330977954,bench:d75b6620acb99d9a,47,5.97417,0.9280821,5.544520239357
33275.55376497912,bench:d75b6620acb99d9a,47,5.93845,0.9286194,5.51455987593
33279.593286977615,bench:d75b6620acb99d9a,47,6.29565,0.9286194,5.84626272561
33287.5205729797,bench:d75b6620acb99d9a,47,6.35816,0.9280821,5.900894484936
33295.519284001784,bench:d75b6620acb99d9a,47,5.92059,0.9294252,5.502745544868
33303.53653198108,bench:d75b6620acb99d9a,47,5.91166,0.9286194,5.489682162204001
33311.51759598288,bench:d75b6620acb99d9a,47,6.58141,0.9280821,6.108088813761
33319.52823299798,bench:d75b6620acb99d9a,47,5.57232,0.9283507,5.173067172624
33323.610253981315,bench:d75b6620acb99d9a,47,5.64376,0.9280821,5.237872632696001
33331.4996889967,bench:d75b6620acb99d9a,47,5.92059,0.9286194,5.497974733446
33339.5293809881,bench:d75b6620acb99d9a,47,5.92952,0.9286194,5.506267304688
33347.56933298195,bench:d75b6620acb99d9a,47,5.59911,0.928888,5.2009460896799995
33355.54215600132,bench:d75b6620acb99d9a,47,5.93845,0.9286194,5.51455987593
33363.6265329842,bench:d75b6620acb99d9a,47,6.58141,0.9280821,6.108088813761
33371.59092997899,bench:d75b6620acb99d9a,47,6.50997,0.9299625,6.054027976125
33379.28545899922,bench:d75b6620acb99d9a,47,5.99203,0.9315742,5.582020553626
33383.58570099808,bench:d75b6620acb99d9a,47,5.52767,0.9291566,5.1360710631219995
33387.609944998985,bench:d75b6620acb99d9a,47,5.48302,0.9302311,5.100475725921999
33391.632781975204,bench:d75b6620acb99d9a,47,5.45623,0.9296938,5.072623202373999
33395.60221199645,bench:d75b6620acb99d9a,47,6.27779,0.9280821,5.826304526559
33403.501553984825,bench:d75b6620acb99d9a,47,5.63483,0.9304997,5.243207624551
33411.57580199069,bench:d75b6620acb99d9a,47,5.92059,0.9294252,5.502745544868
33419.520012976136,bench:d75b6620acb99d9a,47,6.27779,0.9291566,5.8330500119140005
33427.502279984765,bench:d75b6620acb99d9a,47,6.42067,0.9299625,5.970982324875
33435.52643599105,bench:d75b6620acb99d9a,47,5.983099,0.9296938,5.562450045086201
33443.52692499524,bench:d75b6620acb99d9a,47,5.95631,0.928888,5.53274488328
33451.593857986154,bench:d75b6620acb99d9a,47,5.54553,0.9302311,5.158624471983
33455.94158099266,bench:d75b6620acb99d9a,47,4.23282,0.9283507,3.929541409974
33460.42306299205,bench:d75b6620acb99d9a,47,4.57216,0.9291566,4.248252640256
33467.55363297416,bench:d75b6620acb99d9a,47,4.06315,0.928888,3.7742112772000005
33475.530288997106,bench:d75b6620acb99d9a,47,5.50088,0.9304997,5.118567189736001
33483.30264998367,bench:d75b6620acb99d9a,47,5.92059,0.9304997,5.509107218823
33487.60216997471,bench:d75b6620acb99d9a,47,5.92059,0.9296938,5.504335815342
33491.62261799211,bench:d75b6620acb99d9a,47,6.313509,0.9286194,5.8628469394746
33499.28855500184,bench:d75b6620acb99d9a,47,6.42067,0.9294252,5.967532498884
33503.5992039775,bench:d75b6620acb99d9a,47,5.92059,0.9294252,5.502745544868
33507.586633990286,bench:d75b6620acb99d9a,47,5.68841,0.9299625,5.290007984625
33515.58128997567,bench:d75b6620acb99d9a,47,6.17956,0.9294252,5.743438788912
33523.60274197417,bench:d75b6620acb99d9a,47,5.66162,0.9307683,5.269656422646
33531.52947197668,bench:d75b6620acb99d9a,47,5.69734,0.9299625,5.298312549749999
33539.57951598568,bench:d75b6620acb99d9a,47,6.152769,0.9286194,5.7135806571186
33547.572838986525,bench:d75b6620acb99d9a,47,6.0724,0.9286194,5.6389484445599996
33555.576345999725,bench:d75b6620acb99d9a,47,5.5366,0.9296938,5.14734269308
33563.53113197838,bench:d75b6620acb99d9a,47,6.19742,0.9294252,5.760038322984
33571.51743597933,bench:d75b6620acb99d9a,47,6.42067,0.9304997,5.974431508799
33579.511258983985,bench:d75b6620acb99d9a,47,6.02775,0.9280821,5.594246878275
33583.63790999283,bench:d75b6620acb99d9a,47,5.92059,0.9283507,5.496383870912999
33591.548362979665,bench:d75b6620acb99d9a,47,5.92059,0.9280821,5.494793600439
33595.67808799329,bench:d75b6620acb99d9a,47,5.63483,0.9294252,5.237152999716
33599.75920198485,bench:d75b6620acb99d9a,47,5.92952,0.9299625,5.514231243
33607.52215597313,bench:d75b6620acb99d9a,47,6.20635,0.9283507,5.761669366944999
33611.61743698176,bench:d75b6620acb99d9a,47,5.983099,0.9291566,5.5592359243034
33615.765123977326,bench:d75b6620acb99d9a,47,6.10812,0.9294252,5.677040652624
33619.80055397726,bench:d75b6620acb99d9a,47,6.21528,0.9286194,5.771629584432
33623.84601999656,bench:d75b6620acb99d9a,47,6.37602,0.9280821,5.917470031242
33627.91763499263,bench:d75b6620acb99d9a,47,6.41174,0.928888,5.95578834512
33635.48992399592,bench:d75b6620acb99d9a,47,6.14384,0.9304997,5.716841276848
33639.70605499344,bench:d75b6620acb99d9a,47,5.50088,0.9326486,5.1303880307680005
33647.59711897932,bench:d75b6620acb99d9a,47,5.92059,0.9304997,5.509107218823
33651.65584499482,bench:d75b6620acb99d9a,47,4.22389,0.9283507,3.921251238223
33659.54851999413,bench:d75b6620acb99d9a,47,5.509809,0.9286194,5.1165155276946
33667.54604599555,bench:d75b6620acb99d9a,47,6.00989,0.928888,5.582514702320001
33675.57951697381,bench:d75b6620acb99d9a,47,6.4296,0.9286194,5.97065129424
33683.57522797305,bench:d75b6620acb99d9a,47,6.20635,0.9280821,5.760002341334999
33691.50112499483,bench:d75b6620acb99d9a,47,6.20635,0.9294252,5.768338090019999
33699.59576198016,bench:d75b6620acb99d9a,47,5.64376,0.9299625,5.248485159
33705.94415298547,idle,47,6.14384,0.9286194,5.705289014496
33710.53574499092,idle,47,2.75937,0.9283507,2.561663071059
33730.99340798217,idle,47,1.49131,0.903369,1.34720322339
33737.898368999595,idle,47,1.49131,0.903369,1.34720322339
33743.914337974275,idle,47,1.48238,0.9036377,1.339534453726
33760.39575698087,idle,47,1.56275,0.9286194,1.45119996735
33767.548696981976,bench:6e2a953602a17cb1,48,4.68825,0.9286194,4.35359990205
33775.53905698005,bench:6e2a953602a17cb1,48,3.96492,0.928888,3.6829666089600006
33783.6491749913,bench:6e2a953602a17cb1,48,4.42928,0.9294252,4.116684449856
33791.82997698081,bench:6e2a953602a17cb1,48,5.38479,0.9286194,5.0004204589259995
33795.805980975274,bench:6e2a953602a17cb1,48,4.16138,0.9286194,3.8643381987720002
33799.84985498595,bench:6e2a953602a17cb1,48,3.55414,0.9294252,3.3033072803279997
33803.8173589739,bench:6e2a953602a17cb1,48,3.99171,0.9294252,3.7099958650919995
33807.85971399746,bench:6e2a953602a17cb1,48,2.95583,0.928888,2.74563501704
33819.50615497772,bench:6e2a953602a17cb1,48,6.751079,0.9294252,6.2746229497908
33823.57521299855,bench:6e2a953602a17cb1,48,5.64376,0.9291566,5.243936852816001
33831.267482979456,bench:6e2a953602a17cb1,48,5.50088,0.9294252,5.112656494176
33839.21610197285,bench:6e2a953602a17cb1,48,6.93861,0.9291566,6.447055276326
33843.593603000045,bench:6e2a953602a17cb1,48,5.69734,0.9296938,5.296781674491999
33847.68766097841,bench:6e2a953602a17cb1,48,5.93845,0.9291566,5.5177500112699995
33851.645627990365,bench:6e2a953602a17cb1,48,6.93861,0.928888,6.44519156568
33855.647428979864,bench:6e2a953602a17cb1,48,6.62606,0.9294252,6.158427140712
33863.24217999936,bench:6e2a953602a17cb1,48,6.85824,0.9299625,6.377906016000001
33871.26809498295,bench:6e2a953602a17cb1,48,6.79573,0.928888,6.31247204824
33879.30810198304,bench:6e2a953602a17cb1,48,6.92075,0.9296938,6.43417836635
33887.23773998208,bench:6e2a953602a17cb1,48,5.93845,0.9286194,5.51455987593
33891.5910559881,bench:6e2a953602a17cb1,48,6.61713,0.9294252,6.150127373676
33899.2207889969,bench:6e2a953602a17cb1,48,5.56339,0.9291566,5.169260536874
33907.24118499202,bench:6e2a953602a17cb1,48,6.768939,0.9294252,6.291222483862799
33915.261469985126,bench:6e2a953602a17cb1,48,6.80466,0.928888,6.320767018080001
33923.26545997639,bench:6e2a953602a17cb1,48,6.81359,0.9291566,6.330892118194
33927.59857198689,bench:6e2a953602a17cb1,48,5.52767,0.928888,5.1345863309599995
33931.63394599105,bench:6e2a953602a17cb1,48,6.74215,0.9294252,6.2663241121799995
33935.68313398282,bench:6e2a953602a17cb1,48,5.99203,0.9294252,5.569143681156
33943.24825698277,bench:6e2a953602a17cb1,48,6.63499,0.9294252,6.166726907748
33947.60271999985,bench:6e2a953602a17cb1,48,6.76001,0.9291566,6.281107907566001
33951.640130981104,bench:6e2a953602a17cb1,48,5.93845,0.928888,5.5161549436
33955.611283978214,bench:6e2a953602a17cb1,48,5.52767,0.928888,5.1345863309599995
33959.72126798006,bench:6e2a953602a17cb1,48,6.82252,0.9326486,6.363013726472
33967.50914797303,bench:6e2a953602a17cb1,48,5.93845,0.928888,5.5161549436
33975.57465499267,bench:6e2a953602a17cb1,48,5.70627,0.9291566,5.302018431882
33983.5440699826,bench:6e2a953602a17cb1,48,6.82252,0.928888,6.33735695776
33987.698294979054,bench:6e2a953602a17cb1,48,5.70627,0.9291566,5.302018431882
33991.85885299812,bench:6e2a953602a17cb1,48,5.56339,0.9291566,5.169260536874
33996.059133001836,bench:6e2a953602a17cb1,48,6.57248,0.9286194,6.103332434112
34000.27478300035,bench:6e2a953602a17cb1,48,6.01882,0.9296938,5.595659637316
34004.275230981875,bench:6e2a953602a17cb1,48,6.72429,0.9291566,6.247918433814
34011.49652298773,bench:6e2a953602a17cb1,48,6.88503,0.928888,6.39542174664
34015.56637798785,bench:6e2a953602a17cb1,48,6.72429,0.9291566,6.247918433814
34023.49407199654,bench:6e2a953602a17cb1,48,6.72429,0.9299625,6.253337539125
34031.49567198125,bench:6e2a953602a17cb1,48,6.79573,0.9291566,6.314297381318
34035.59224898345,bench:6e2a953602a17cb1,48,6.92075,0.9294252,6.4323194529
34039.7929729952,bench:6e2a953602a17cb1,48,6.00096,0.9291566,5.575831590336
34047.501464985544,bench:6e2a953602a17cb1,48,6.21528,0.9294252,5.7766378570559995
34055.49004700151,bench:6e2a953602a17cb1,48,5.59911,0.9294252,5.203953931571999
34063.560423994204,bench:6e2a953602a17cb1,48,5.52767,0.9291566,5.1360710631219995
34067.69320499734,bench:6e2a953602a17cb1,48,5.99203,0.9302311,5.573972658133
34071.73861499177,bench:6e2a953602a17cb1,48,5.99203,0.9294252,5.569143681156
34079.49882899993,bench:6e2a953602a17cb1,48,6.59927,0.9299625,6.137073627375
34083.6448869959,bench:6e2a953602a17cb1,48,5.70627,0.9299625,5.306617114875
34087.84387097694,bench:6e2a953602a17cb1,48,5.70627,0.9291566,5.302018431882
34092.063909978606,bench:6e2a953602a17cb1,48,5.70627,0.9291566,5.302018431882
34096.18844898068,bench:6e2a953602a17cb1,48,6.59927,0.9283507,6.126436923989
34103.500054974575,bench:6e2a953602a17cb1,48,5.93845,0.9291566,5.5177500112699995
34107.595854991814,bench:6e2a953602a17cb1,48,6.86717,0.9294252,6.382520850683999
34115.49245598144,bench:6e2a953602a17cb1,48,5.70627,0.9296938,5.305083840126
34123.49074098165,bench:6e2a953602a17cb1,48,5.6259,0.9286194,5.22431988246
34131.49054499809,bench:6e2a953602a17cb1,48,5.70627,0.9304997,5.309682523119
34139.498385979095,bench:6e2a953602a17cb1,48,5.92952,0.9286194,5.506267304688
34143.6602959875,bench:6e2a953602a17cb1,48,5.69734,0.9291566,5.293721063444
34151.49980498245,bench:6e2a953602a17cb1,48,5.70627,0.9304997,5.309682523119
34155.55701198173,bench:6e2a953602a17cb1,48,5.99203,0.9294252,5.569143681156
34159.62005199981,bench:6e2a953602a17cb1,48,6.93861,0.9294252,6.448918986971999
34163.79118399345,bench:6e2a953602a17cb1,48,6.28672,0.9286194,5.837970154368
34168.01570498501,bench:6e2a953602a17cb1,48,6.79573,0.9286194,6.310646715162
34172.14600398438,bench:6e2a953602a17cb1,48,6.86717,0.928888,6.37883180696
34179.55431298469,bench:6e2a953602a17cb1,48,6.79573,0.9294252,6.316122714395999
34187.51156097278,bench:6e2a953602a17cb1,48,5.99203,0.9299625,5.572363198875
34195.50406897906,bench:6e2a953602a17cb1,48,5.56339,0.9291566,5.169260536874
34203.520946990466,bench:6e2a953602a17cb1,48,5.52767,0.9286194,5.1331015987979995
34211.510472989175,bench:6e2a953602a17cb1,48,6.59034,0.9283507,6.118146752238
34215.640827984316,bench:6e2a953602a17cb1,48,6.85824,0.928888,6.37053683712
34223.51828098181,bench:6e2a953602a17cb1,48,6.85824,0.9294252,6.374221083648
34231.54630698264,bench:6e2a953602a17cb1,48,5.509809,0.9294252,5.120955331786799
34235.72406798485,bench:6e2a953602a17cb1,48,5.99203,0.9296938,5.570753140414
34239.821478986414,bench:6e2a953602a17cb1,48,4.17031,0.928888,3.87375091528
34251.23179098591,bench:6e2a953602a17cb1,48,5.64376,0.928888,5.2424209388800005
34255.5722919933,bench:6e2a953602a17cb1,48,6.72429,0.9294252,6.249724578107999
34263.280783983646,bench:6e2a953602a17cb1,48,5.99203,0.9299625,5.572363198875
34267.5971549761,bench:6e2a953602a17cb1,48,6.88503,0.9291566,6.397271065698001
34271.71134398668,bench:6e2a953602a17cb1,48,5.70627,0.9299625,5.306617114875
34275.85269798874,bench:6e2a953602a17cb1,48,5.99203,0.9299625,5.572363198875
34279.94203398703,bench:6e2a953602a17cb1,48,5.58125,0.9283507,5.181357344375
34287.494952994166,bench:6e2a953602a17cb1,48,5.99203,0.9296938,5.570753140414
34295.49931298243,bench:6e2a953602a17cb1,48,5.70627,0.9296938,5.305083840126
34303.50846800138,bench:6e2a953602a17cb1,48,5.99203,0.9299625,5.572363198875
34307.615359983174,bench:6e2a953602a17cb1,48,5.64376,0.9291566,5.243936852816001
34315.56449798518,bench:6e2a953602a17cb1,48,5.99203,0.9296938,5.570753140414
34319.66781598749,bench:6e2a953602a17cb1,48,6.8761,0.9296938,6.39266753818
34323.63804199849,bench:6e2a953602a17cb1,48,5.99203,0.9294252,5.569143681156
34331.54654997634,bench:6e2a953602a17cb1,48,5.99203,0.9294252,5.569143681156
34335.69395999075,bench:6e2a953602a17cb1,48,5.59018,0.9291566,5.194152642188
34339.878554979805,bench:6e2a953602a17cb1,48,5.99203,0.9296938,5.570753140414
34343.99126199423,bench:6e2a953602a17cb1,48,6.9654,0.9291566,6.47194738164
34348.04982098285,bench:6e2a953602a17cb1,48,4.30426,0.9294252,4.000487711352
34355.59892500169,bench:6e2a953602a17cb1,48,5.99203,0.9294252,5.569143681156
34363.556413998595,bench:6e2a953602a17cb1,48,5.70627,0.9291566,5.302018431882
34367.9936369881,idle,48,1.76814,0.9280821,1.640979084294
34372.179138998035,idle,48,1.77707,0.9283507,1.649744178449
34389.12009098567,idle,48,1.41987,0.8485706,1.204859937822
34395.65018497524,idle,48,3.61665,0.8485706,3.06898286049
34400.377663987456,idle,48,2.97369,0.8485706,2.5233859075139997
34407.21843999927,idle,48,4.67932,0.918949,4.30005643468
34411.45473899087,idle,48,1.67884,0.9184118,1.541866466312
34425.760434998665,idle,48,1.66991,0.9184118,1.533665048938
34435.732462996384,bench:c5211a97014a1079,49,3.13443,0.8168735,2.560432804605
34442.28288999875,bench:c5211a97014a1079,49,4.07208,0.7223192,2.941341567936
34448.51933798054,bench:c5211a97014a1079,49,3.72381,0.9039063,3.365975319003
34456.128292978974,bench:c5211a97014a1079,49,5.07224,0.928888,4.7115428691200005
34461.10393697745,bench:c5211a97014a1079,49,4.17031,0.9299625,3.878231913375
34465.85552798933,bench:c5211a97014a1079,49,4.72397,0.9347976,4.415955818472
34472.6849149738,bench:c5211a97014a1079,49,4.47393,0.9304997,4.1629905228210005
34477.11572999833,bench:c5211a97014a1079,49,5.86701,0.9294252,5.452946942651999
34482.65790598816,bench:c5211a97014a1079,49,4.00064,0.9197549,3.6796082431359998
34487.134683993645,bench:c5211a97014a1079,49,3.97385,0.918949,3.65176548365
34493.66542598,bench:c5211a97014a1079,49,4.92043,0.9270077,4.561276497311
34499.51458099531,bench:c5211a97014a1079,49,4.92043,0.9283507,4.567884634801
34503.912562999176,bench:c5211a97014a1079,49,4.88471,0.9302311,4.543909156481
34508.213008986786,bench:c5211a97014a1079,49,3.65237,0.928888,3.39264266456
34512.65602797503,bench:c5211a97014a1079,49,3.40233,0.9326486,3.1731783112380003
34517.88709498942,bench:c5211a97014a1079,49,4.85792,0.9296938,4.516378104896
34523.32497597672,bench:c5211a97014a1079,49,3.07192,0.9286194,2.852644507248
34528.321416000836,bench:c5211a97014a1079,49,5.13475,0.9283507,4.766848756825
34532.7381019888,bench:c5211a97014a1079,49,5.00973,0.9275449,4.646749511877
34539.71535898745,bench:c5211a97014a1079,49,5.04545,0.928888,4.6866579596
34544.76901999442,bench:c5211a97014a1079,49,4.17924,0.9283507,3.879800379468
34549.55862899078,bench:c5211a97014a1079,49,4.70611,0.9307683,4.3802980043129995
34554.03235097765,bench:c5211a97014a1079,49,4.75969,0.9259331,4.407154516738999
34561.69237999711,bench:c5211a97014a1079,49,5.45623,0.931037,5.07995201051
34566.74659697455,bench:c5211a97014a1079,49,4.17031,0.9286194,3.8726307700139997
34571.13311599824,bench:c5211a97014a1079,49,4.74183,0.9278135,4.399533888705
34578.831422986696,bench:c5211a97014a1079,49,5.46516,0.9313055,5.08973356638
34586.414988996694,bench:c5211a97014a1079,49,5.45623,0.9326486,5.088745270778
34591.67625999544,bench:c5211a97014a1079,49,4.87578,0.9178746,4.475354617188
34599.31819699705,bench:c5211a97014a1079,49,6.43853,0.9294252,5.9841320329559995
34606.22332498315,bench:c5211a97014a1079,49,5.46516,0.9304997,5.085329740452
34612.42190297344,bench:c5211a97014a1079,49,4.60788,0.9173373,4.226980197924
34620.15085699386,bench:c5211a97014a1079,49,5.143679,0.9151884,4.7074353541236
34624.6837079816,bench:c5211a97014a1079,49,4.74183,0.9186804,4.356226281132
34632.48862497858,bench:c5211a97014a1079,49,5.17047,0.9291566,4.804176325602
34638.58296300168,bench:c5211a97014a1079,49,4.84899,0.9194863,4.4585798738369995
34643.15522197285,bench:c5211a97014a1079,49,4.465,0.9151884,4.086316206
34652.22521999385,bench:c5211a97014a1079,49,5.32228,0.9294252,4.946661153456
34658.279336988926,bench:c5211a97014a1079,49,4.20603,0.9192177,3.8662572227310004
34665.76553398045,bench:c5211a97014a1079,49,7.01005,0.9280821,6.505901925104999
34673.154527990846,bench:c5211a97014a1079,49,5.41158,0.9237842,4.999132101036
34682.320155989146,bench:c5211a97014a1079,49,6.73322,0.9200235,6.19472063067
34688.47040098626,bench:c5211a97014a1079,49,5.02759,0.928888,4.67006801992
34694.04759499594,bench:c5211a97014a1079,49,4.98294,0.9283507,4.625915837058
34700.499504979234,bench:c5211a97014a1079,49,5.17047,0.9326486,4.822231606842
34705.73496099678,bench:c5211a97014a1079,49,4.86685,0.9202922,4.478924093570001
34718.61966900178,bench:c5211a97014a1079,49,5.86701,0.9291566,5.451371063766
34725.912478985265,bench:c5211a97014a1079,49,4.5543,0.9294252,4.2328811883599995
34732.3024069774,bench:c5211a97014a1079,49,5.02759,0.93238,4.6876243641999995
34738.39957898599,bench:c5211a97014a1079,49,4.80434,0.928888,4.46269377392
34747.32474598568,bench:c5211a97014a1079,49,4.31319,0.9286194,4.005311909885999
34754.28346497938,bench:c5211a97014a1079,49,5.01866,0.9294252,4.664469074232
34759.44849697407,bench:c5211a97014a1079,49,5.28656,0.9286194,4.909202175263999
34767.16289599426,bench:c5211a97014a1079,49,6.45639,0.931037,6.01113797643
34772.89253298659,bench:c5211a97014a1079,49,5.86701,0.928888,5.44979518488
34778.02723099012,bench:c5211a97014a1079,49,4.47393,0.923247,4.13054245071
34785.62259397586,bench:c5211a97014a1079,49,5.01866,0.9307683,4.671209636477999
34791.800579987466,bench:c5211a97014a1079,49,4.87578,0.9286194,4.527743898132
34797.12486898643,bench:c5211a97014a1079,49,4.92936,0.9219038,4.544395715568
34805.37404099596,bench:c5211a97014a1079,49,5.17047,0.9331858,4.825009183325999
34812.930070998846,bench:c5211a97014a1079,49,5.33121,0.9331858,4.9750094688179995
34825.464244990144,bench:c5211a97014a1079,49,4.75969,0.9197549,4.377748199981
34831.55073097441,bench:c5211a97014a1079,49,5.21512,0.9278135,4.83865874012
34839.13179798401,bench:c5211a97014a1079,49,5.31335,0.9194863,4.885552532105
34848.05811298429,bench:c5211a97014a1079,49,4.90257,0.9186804,4.503894968628
34853.50415998255,bench:c5211a97014a1079,49,5.31335,0.9294252,4.9383613864199996
34859.04137298348,bench:c5211a97014a1079,49,4.84899,0.9294252,4.506773500547999
34863.47348499112,bench:c5211a97014a1079,49,4.76862,0.9318428,4.443604212936
34871.16247598897,bench:c5211a97014a1079,49,5.42944,0.9329173,5.065218505311999
34879.259519977495,bench:c5211a97014a1079,49,5.03652,0.9186804,4.626952208208
34883.7631859933,bench:c5211a97014a1079,49,4.00957,0.9108904,3.652278821128
34888.28640797874,bench:c5211a97014a1079,49,3.51842,0.918949,3.23324854058
34894.30765400175,bench:c5211a97014a1079,49,4.18817,0.9296938,3.8937156823460004
34898.83135797572,bench:c5211a97014a1079,49,4.16138,0.9291566,3.866573692108
34903.265542990994,bench:c5211a97014a1079,49,4.16138,0.928888,3.8654559454400004
34907.90602299967,bench:c5211a97014a1079,49,5.70627,0.928888,5.30048572776
34912.41783698206,bench:c5211a97014a1079,49,4.09887,0.9291566,3.808492113042
34916.820318991086,bench:c5211a97014a1079,49,4.25961,0.928888,3.9567006136800007
34921.45044798963,bench:c5211a97014a1079,49,3.70595,0.928888,3.4424124836
34925.847929989686,bench:c5211a97014a1079,49,3.00048,0.9280821,2.784691779408
34930.85123997298,bench:c5211a97014a1079,49,4.67932,0.9291566,4.347821061512
34936.62491400028,bench:c5211a97014a1079,49,4.00064,0.9184118,3.6742349835519996
34941.30644897814,bench:c5211a97014a1079,49,3.98278,0.9192177,3.661041871206
34946.84575498104,bench:c5211a97014a1079,49,3.84883,0.9294252,3.5771995925159996
34951.90891699167,bench:c5211a97014a1079,49,6.44746,0.9294252,5.9924317999920005
34956.616599985864,bench:c5211a97014a1079,49,4.72397,0.9291566,4.389307903702
34964.19909299584,bench:c5211a97014a1079,49,5.17047,0.928888,4.80278753736
34968.71472199564,bench:c5211a97014a1079,49,4.75076,0.9286194,4.411647900744
34976.55837898492,bench:c5211a97014a1079,49,5.03652,0.928888,4.678362989760001
34982.613809988834,bench:c5211a97014a1079,49,2.92011,0.918949,2.68343216439
34988.084468001034,bench:c5211a97014a1079,49,4.61681,0.9291566,4.2897394824460005
34992.50711698551,bench:c5211a97014a1079,49,4.17031,0.9283507,3.871510207717
34997.17707798118,bench:c5211a97014a1079,49,4.13459,0.928888,3.8405710359200005
35002.295238984516,bench:c5211a97014a1079,49,4.22389,0.9299625,3.928059304125
35008.10257997364,bench:c5211a97014a1079,49,4.87578,0.9294252,4.531672801656
35012.54152398906,bench:c5211a97014a1079,49,4.76862,0.928888,4.42951389456
35020.13601697399,bench:c5211a97014a1079,49,5.31335,0.9286194,4.9340798889899995
35024.62490598555,bench:c5211a97014a1079,49,4.75969,0.9291566,4.422497377454
35033.74694098602,idle,49,4.71504,0.9208294,4.341747454176001
35038.098867982626,idle,49,1.68777,0.9181431,1.549614379887
35052.40776698338,idle,49,1.66098,0.918949,1.52635591002
35060.375200991984,idle,49,1.98246,0.8483019,1.681724584674
35068.47737499629,idle,49,1.26806,0.8332592,1.056622661152
35083.171104983194,idle,49,1.25913,0.8329906,1.048843454178
35095.528890989954,bench:a57dc48d9d76cde2,50,2.77723,0.723125,2.00828444375
35103.44850999536,bench:a57dc48d9d76cde2,50,4.14352,0.8638819,3.5795119302879996
35114.39510399941,bench:a57dc48d9d76cde2,50,5.43837,0.928888,5.05163663256
35118.68292099098,bench:a57dc48d9d76cde2,50,4.15245,0.928888,3.8571609756000003
35122.69803497475,bench:a57dc48d9d76cde2,50,4.42035,0.928888,4.1060100708
35131.55318397912,bench:a57dc48d9d76cde2,50,5.61697,0.9291566,5.219044747502
35143.577954993816,bench:a57dc48d9d76cde2,50,5.4473,0.928888,5.059931602400001
35147.69560599234,bench:a57dc48d9d76cde2,50,5.64376,0.9294252,5.245452766752
35151.67718398152,bench:a57dc48d9d76cde2,50,5.48302,0.928888,5.09311148176
35155.750223988434,bench:a57dc48d9d76cde2,50,5.65269,0.9304997,5.259826349193
35159.68785798759,bench:a57dc48d9d76cde2,50,5.50088,0.9296938,5.114134030544
35163.75754598994,bench:a57dc48d9d76cde2,50,5.51874,0.928888,5.126291361120001
35171.516148984665,bench:a57dc48d9d76cde2,50,5.65269,0.9326486,5.271973414734
35179.57421098254,bench:a57dc48d9d76cde2,50,5.509809,0.9294252,5.120955331786799
35183.57084499439,bench:a57dc48d9d76cde2,50,5.50088,0.928888,5.1097014214400005
35191.52411198593,bench:a57dc48d9d76cde2,50,5.79557,0.9286194,5.381878736058
35199.56258198363,bench:a57dc48d9d76cde2,50,5.509809,0.9291566,5.1194753970894
35203.59453000128,bench:a57dc48d9d76cde2,50,5.804499,0.928888,5.391729467112
35211.525075981626,bench:a57dc48d9d76cde2,50,5.51874,0.928888,5.126291361120001
35215.5656159739,bench:a57dc48d9d76cde2,50,5.5366,0.928888,5.1428813008
35223.52679100004,bench:a57dc48d9d76cde2,50,5.63483,0.928888,5.23412596904
35231.54205697938,bench:a57dc48d9d76cde2,50,5.57232,0.928888,5.1760611801600005
35239.529712998774,bench:a57dc48d9d76cde2,50,5.92952,0.9326486,5.530158526672
35243.56243899092,bench:a57dc48d9d76cde2,50,5.55446,0.9294252,5.162455096392
35251.540798984934,bench:a57dc48d9d76cde2,50,5.50088,0.9286194,5.108223885072
35255.576247000135,bench:a57dc48d9d76cde2,50,5.64376,0.928888,5.2424209388800005
35263.526920985896,bench:a57dc48d9d76cde2,50,5.65269,0.928888,5.25071590872
35271.547613985604,bench:a57dc48d9d76cde2,50,5.61697,0.9294252,5.220553465644
35275.5843209743,bench:a57dc48d9d76cde2,50,5.64376,0.9286194,5.240905024944
35283.538717980264,bench:a57dc48d9d76cde2,50,5.57232,0.9291566,5.177557905312001
35287.57649997715,bench:a57dc48d9d76cde2,50,5.50088,0.928888,5.1097014214400005
35291.60379897803,bench:a57dc48d9d76cde2,50,4.20603,0.9296938,3.910320013614
35296.0131149739,bench:a57dc48d9d76cde2,50,4.1971,0.928888,3.8986358248
35303.5447189759,bench:a57dc48d9d76cde2,50,4.20603,0.928888,3.9069307946400005
35307.55959299859,bench:a57dc48d9d76cde2,50,5.55446,0.928888,5.15947124048
35315.56671200087,bench:a57dc48d9d76cde2,50,5.79557,0.9326486,5.405230246702
35319.59291899693,bench:a57dc48d9d76cde2,50,5.79557,0.9286194,5.381878736058
35323.58253397979,bench:a57dc48d9d76cde2,50,5.509809,0.9294252,5.120955331786799
35327.58811197709,bench:a57dc48d9d76cde2,50,5.51874,0.9291566,5.1277736946840005
35335.26726998389,bench:a57dc48d9d76cde2,50,5.65269,0.9369466,5.296268676354
35339.59080799832,bench:a57dc48d9d76cde2,50,5.474089,0.928888,5.084815583032
35343.637885991484,bench:a57dc48d9d76cde2,50,5.57232,0.9291566,5.177557905312001
35351.53324599378,bench:a57dc48d9d76cde2,50,5.55446,0.9304997,5.168423363662
35359.498568985146,bench:a57dc48d9d76cde2,50,5.48302,0.9294252,5.096056960104
35367.5609829952,bench:a57dc48d9d76cde2,50,5.64376,0.9280821,5.237872632696001
35371.58433898003,bench:a57dc48d9d76cde2,50,5.63483,0.9286194,5.232612453702
35379.58564297878,bench:a57dc48d9d76cde2,50,5.45623,0.9286194,5.0667610288619995
35387.58731697453,bench:a57dc48d9d76cde2,50,5.66162,0.9326486,5.280301966732001
35395.55641799234,bench:a57dc48d9d76cde2,50,5.55446,0.9280821,5.154994901166
35399.661012983415,bench:a57dc48d9d76cde2,50,5.51874,0.928888,5.126291361120001
35407.54865098279,bench:a57dc48d9d76cde2,50,5.65269,0.9280821,5.246160405849
35415.516973997,bench:a57dc48d9d76cde2,50,5.57232,0.9294252,5.179054630464
35427.03169299057,bench:a57dc48d9d76cde2,50,5.51874,0.9294252,5.129256028248
35439.56105198595,bench:a57dc48d9d76cde2,50,5.65269,0.9294252,5.253752533787999
35449.51539498288,bench:a57dc48d9d76cde2,50,5.50088,0.9291566,5.111178957808001
35453.790063998895,bench:a57dc48d9d76cde2,50,5.45623,0.9286194,5.0667610288619995
35483.5017430014,bench:a57dc48d9d76cde2,50,5.67055,0.9326486,5.288630518730001
35490.89390397421,bench:a57dc48d9d76cde2,50,5.34014,0.9283507,4.957522707098
35499.548312975094,bench:a57dc48d9d76cde2,50,5.65269,0.9291566,5.252234221254
35503.582149976864,bench:a57dc48d9d76cde2,50,5.61697,0.9326486,5.238659206742001
35511.52358399122,bench:a57dc48d9d76cde2,50,5.54553,0.9304997,5.160114001341
35519.49311100179,bench:a57dc48d9d76cde2,50,5.67948,0.9291566,5.277126326568
35527.55509898998,bench:a57dc48d9d76cde2,50,5.65269,0.9369466,5.296268676354
35531.67423198465,bench:a57dc48d9d76cde2,50,5.491949,0.9280821,5.0969795610129
35535.99525097525,bench:a57dc48d9d76cde2,50,5.79557,0.9291566,5.384992116262
35539.97518098913,bench:a57dc48d9d76cde2,50,5.66162,0.928888,5.259010878560001
35547.52904397901,bench:a57dc48d9d76cde2,50,5.50088,0.9291566,5.111178957808001
35555.53606999456,bench:a57dc48d9d76cde2,50,5.65269,0.9294252,5.253752533787999
35559.63727697963,bench:a57dc48d9d76cde2,50,5.64376,0.9326486,5.263644862736
35563.59437399078,bench:a57dc48d9d76cde2,50,5.5366,0.9294252,5.1458555623199995
35571.555529983016,bench:a57dc48d9d76cde2,50,5.491949,0.9286194,5.0999303852106
35575.61442197766,bench:a57dc48d9d76cde2,50,4.24175,0.9299625,3.944668434375
35583.51724498789,bench:a57dc48d9d76cde2,50,4.1971,0.9291566,3.89976316586
35587.64259997406,bench:a57dc48d9d76cde2,50,5.55446,0.9291566,5.160963168436
35595.533478975995,bench:a57dc48d9d76cde2,50,5.65269,0.928888,5.25071590872
35603.53604197735,bench:a57dc48d9d76cde2,50,5.78664,0.9286194,5.373586164816
35607.66826698091,bench:a57dc48d9d76cde2,50,5.54553,0.9291566,5.152665799998
35615.5365909799,bench:a57dc48d9d76cde2,50,5.64376,0.9294252,5.245452766752
35623.5476169968,bench:a57dc48d9d76cde2,50,5.64376,0.9326486,5.263644862736
35631.54610598576,bench:a57dc48d9d76cde2,50,5.64376,0.9286194,5.240905024944
35639.558650000254,bench:a57dc48d9d76cde2,50,5.79557,0.928888,5.38343542616
35647.56975098862,bench:a57dc48d9d76cde2,50,5.55446,0.9291566,5.160963168436
35651.66412398685,bench:a57dc48d9d76cde2,50,5.509809,0.928888,5.117995462392
35659.53885499039,bench:a57dc48d9d76cde2,50,5.55446,0.9280821,5.154994901166
35667.5076779793,bench:a57dc48d9d76cde2,50,5.5366,0.928888,5.1428813008
35671.62464300054,bench:a57dc48d9d76cde2,50,5.65269,0.9291566,5.252234221254
35679.51607797295,bench:a57dc48d9d76cde2,50,5.65269,0.9304997,5.259826349193
35688.28848598059,idle,50,5.65269,0.9326486,5.271973414734
35692.7917819994,idle,50,1.76814,0.9286194,1.641929105916
35707.06697899732,idle,50,1.74135,0.9286194,1.6170513921899998
35719.42315399065,idle,50,1.73242,0.8187538,1.418425458196
35726.22970800148,idle,50,1.15197,0.8187538,0.9431798149859999
35743.526749982266,idle,50,1.44666,0.9286194,1.343396541204
35750.39550798829,bench:13183612f85554a5,51,2.2325,0.9283507,2.0725429377499998
35755.033727997215,bench:13183612f85554a5,51,2.26822,0.9283507,2.1057036247539997
35759.57652399666,bench:13183612f85554a5,51,2.24143,0.9283507,2.080833109501
35765.53308599978,bench:13183612f85554a5,51,2.92904,0.928888,2.7207501075200002
35769.77649499895,bench:13183612f85554a5,51,2.90225,0.928888,2.6958651980000004
35775.11691398104,bench:13183612f85554a5,51,2.83081,0.928888,2.6295054392800004
35779.33889697306,bench:13183612f85554a5,51,2.79509,0.9294252,2.597827082268
35783.545491984114,bench:13183612f85554a5,51,2.84867,0.9283507,2.644564788569
35790.081325976644,bench:13183612f85554a5,51,2.91118,0.9291566,2.704942110788
35794.177791976836,bench:13183612f85554a5,51,2.92011,0.9291566,2.7132394792260004
35800.94951399951,bench:13183612f85554a5,51,3.06299,0.928888,2.84517465512
35805.083664978156,bench:13183612f85554a5,51,2.98262,0.9286194,2.769718794828
35809.136408992345,bench:13183612f85554a5,51,3.05406,0.928888,2.8368796852800005
35813.19041198003,bench:13183612f85554a5,51,3.49163,0.9286194,3.2423953556219995
35818.833624973195,bench:13183612f85554a5,51,2.8576,0.918949,2.6259886624
35823.146532988176,bench:13183612f85554a5,51,2.86653,0.918949,2.63419487697
35827.31949799927,bench:13183612f85554a5,51,2.86653,0.9186804,2.633424927012
35831.43927899073,bench:13183612f85554a5,51,2.89332,0.918949,2.6588135206800003
35835.58607799932,bench:13183612f85554a5,51,2.87546,0.9194863,2.643946076198
35842.28681898094,bench:13183612f85554a5,51,3.02727,0.928888,2.81199477576
35846.36037697783,bench:13183612f85554a5,51,3.0362,0.9291566,2.82110526892
35850.39875097573,bench:13183612f85554a5,51,3.15229,0.9286194,2.9272776484259997
35854.48842099868,bench:13183612f85554a5,51,3.00048,0.928888,2.7871098662400002
35860.15328098438,bench:13183612f85554a5,51,2.87546,0.9192177,2.643173727642
35864.41680198186,bench:13183612f85554a5,51,2.84867,0.9192177,2.618547885459
35870.88593299268,bench:13183612f85554a5,51,3.00941,0.9283507,2.7937878800869997
35874.97802899452,bench:13183612f85554a5,51,3.0362,0.9291566,2.82110526892
35880.619425995974,bench:13183612f85554a5,51,2.86653,0.9184118,2.632654977054
35884.93144599488,bench:13183612f85554a5,51,2.9469,0.9197549,2.71042571481
35890.4543449753,bench:13183612f85554a5,51,2.9469,0.9291566,2.73813158454
35894.68788297381,bench:13183612f85554a5,51,3.00941,0.928888,2.79540483608
35898.777108988725,bench:13183612f85554a5,51,2.98262,0.9291566,2.771321058292
35902.83444497618,bench:13183612f85554a5,51,3.06299,0.9283507,2.843528910593
35908.47356498125,bench:13183612f85554a5,51,2.679,0.9036377,2.4208453983
35912.785454973346,bench:13183612f85554a5,51,2.75044,0.9028318,2.483184695992
35918.459223001264,bench:13183612f85554a5,51,3.02727,0.9286194,2.811181651038
35922.675243986305,bench:13183612f85554a5,51,2.99155,0.9294252,2.78042195706
35928.2493639912,bench:13183612f85554a5,51,2.83081,0.918949,2.60137001869
35932.53029100015,bench:13183612f85554a5,51,2.8576,0.918949,2.6259886624
35938.10381897492,bench:13183612f85554a5,51,2.97369,0.9283507,2.7606271930829998
35942.3181359889,bench:13183612f85554a5,51,2.97369,0.9286194,2.761426223586
35947.86442298209,bench:13183612f85554a5,51,2.84867,0.9186804,2.6170172950679995
35952.13038797374,bench:13183612f85554a5,51,2.89332,0.918949,2.6588135206800003
35958.50714997505,bench:13183612f85554a5,51,3.00048,0.9286194,2.7863039373119998
35962.59633798036,bench:13183612f85554a5,51,3.00048,0.9286194,2.7863039373119998
35968.17377299885,bench:13183612f85554a5,51,2.8576,0.918949,2.6259886624
35972.4975709978,bench:13183612f85554a5,51,2.88439,0.9192177,2.651382341703
35977.96800697688,bench:13183612f85554a5,51,2.99155,0.9286194,2.77801136607
35982.18321197783,bench:13183612f85554a5,51,3.00941,0.9291566,2.796213163606
35986.27397499513,bench:13183612f85554a5,51,3.02727,0.9286194,2.811181651038
35990.33966299612,bench:13183612f85554a5,51,3.01834,0.9286194,2.8028890797959995
35995.89589500101,bench:13183612f85554a5,51,2.8576,0.9192177,2.6267564995200003
36000.20439599757,bench:13183612f85554a5,51,2.86653,0.9194863,2.635735063539
36006.61910200142,bench:13183612f85554a5,51,2.98262,0.9286194,2.769718794828
36010.68034599302,bench:13183612f85554a5,51,2.98262,0.9280821,2.768116233102
36014.7845709871,bench:13183612f85554a5,51,3.01834,0.9286194,2.8028890797959995
36020.50739398692,bench:13183612f85554a5,51,2.8576,0.918949,2.6259886624
36024.75435897941,bench:13183612f85554a5,51,2.84867,0.9194863,2.6193130382209997
36030.424848984694,bench:13183612f85554a5,51,2.98262,0.9291566,2.771321058292
36034.595054981764,bench:13183612f85554a5,51,3.00048,0.9294252,2.788721724096
36040.194544999395,bench:13183612f85554a5,51,2.87546,0.9184118,2.640856394428
36044.461027981015,bench:13183612f85554a5,51,2.87546,0.918949,2.64240109154
36050.031444989145,bench:13183612f85554a5,51,2.99155,0.9286194,2.77801136607
36054.200373997446,bench:13183612f85554a5,51,3.02727,0.9286194,2.811181651038
36058.31328398199,bench:13183612f85554a5,51,3.01834,0.9283507,2.8020780518379995
36062.311101995874,bench:13183612f85554a5,51,3.0362,0.928888,2.8202897456000002
36068.785751995165,bench:13183612f85554a5,51,2.87546,0.9192177,2.643173727642
36075.12762598344,bench:13183612f85554a5,51,2.97369,0.928888,2.76222495672
36082.09049399011,bench:13183612f85554a5,51,2.84867,0.9186804,2.6170172950679995
36086.22195897624,bench:13183612f85554a5,51,2.8576,0.918949,2.6259886624
36092.71996098687,bench:13183612f85554a5,51,2.98262,0.928888,2.77051992656
36096.84705597465,bench:13183612f85554a5,51,2.96476,0.9278135,2.75074435226
36100.955781992525,bench:13183612f85554a5,51,2.96476,0.9286194,2.753133652344
36105.004691984504,bench:13183612f85554a5,51,3.00048,0.9286194,2.7863039373119998
36110.562441986986,bench:13183612f85554a5,51,2.86653,0.9192177,2.634965113581
36114.91151698283,bench:13183612f85554a5,51,2.87546,0.9184118,2.640856394428
36120.51984097343,bench:13183612f85554a5,51,2.97369,0.9286194,2.761426223586
36124.720546999015,bench:13183612f85554a5,51,2.99155,0.9283507,2.777207536585
36130.28679697891,bench:13183612f85554a5,51,2.87546,0.9192177,2.643173727642
36134.592816990335,bench:13183612f85554a5,51,2.83974,0.9197549,2.611864779726
36138.70115298778,bench:13183612f85554a5,51,2.86653,0.9186804,2.633424927012
36142.86063698819,bench:13183612f85554a5,51,2.84867,0.9181431,2.6154867046769996
36146.98030697764,bench:13183612f85554a5,51,2.87546,0.918949,2.64240109154
36151.08712398796,bench:13183612f85554a5,51,2.83974,0.9181431,2.607287686794
36155.200571985915,bench:13183612f85554a5,51,2.8576,0.9186804,2.62522111104
36159.3518149748,bench:13183612f85554a5,51,2.84867,0.9192177,2.618547885459
36164.984045986785,bench:13183612f85554a5,51,3.00048,0.9294252,2.788721724096
36169.20708498219,bench:13183612f85554a5,51,3.2148,0.9283507,2.98446183036
36175.7480489905,bench:13183612f85554a5,51,2.88439,0.918949,2.65060730611
36181.34202098008,bench:13183612f85554a5,51,2.99155,0.9286194,2.77801136607
36185.609003994614,bench:13183612f85554a5,51,3.05406,0.9291566,2.837700005796
36191.247864975594,bench:13183612f85554a5,51,2.83081,0.9184118,2.5998493075580003
36195.57312497636,bench:13183612f85554a5,51,2.83974,0.918949,2.60957623326
36202.03181199031,bench:13183612f85554a5,51,2.97369,0.9280821,2.759828459949
36206.12890800112,bench:13183612f85554a5,51,3.00941,0.9291566,2.796213163606
36212.52224399359,bench:13183612f85554a5,51,2.86653,0.9192177,2.634965113581
36218.10949398787,bench:13183612f85554a5,51,2.99155,0.928888,2.7788148964
36222.29697697912,bench:13183612f85554a5,51,2.97369,0.9280821,2.759828459949
36227.86326499772,bench:13183612f85554a5,51,2.84867,0.9186804,2.6170172950679995
36232.141747983405,bench:13183612f85554a5,51,2.84867,0.918949,2.61778244783
36237.69140499644,bench:13183612f85554a5,51,2.98262,0.9286194,2.769718794828
36241.90616598935,bench:13183612f85554a5,51,2.99155,0.9286194,2.77801136607
36247.458953992464,bench:13183612f85554a5,51,2.82188,0.9184118,2.5916478901840003
36251.71886300086,bench:13183612f85554a5,51,2.8576,0.918949,2.6259886624
36258.08771699667,bench:13183612f85554a5,51,3.00941,0.9286194,2.7945965085539997
36262.225071986904,bench:13183612f85554a5,51,3.00941,0.928888,2.79540483608
36267.79063697904,bench:13183612f85554a5,51,2.90225,0.9186804,2.6662401909
36272.1839339938,bench:13183612f85554a5,51,2.86653,0.918949,2.63419487697
36276.28226997331,bench:13183612f85554a5,51,2.8576,0.9186804,2.62522111104
36280.43134699692,bench:13183612f85554a5,51,2.86653,0.918949,2.63419487697
36285.97337499377,bench:13183612f85554a5,51,3.01834,0.9283507,2.8020780518379995
36290.18111698679,bench:13183612f85554a5,51,2.98262,0.9291566,2.771321058292
36295.76005297713,bench:13183612f85554a5,51,2.83974,0.9186804,2.608813479096
36300.02062799758,bench:13183612f85554a5,51,2.83081,0.9186804,2.600609663124
36306.41807499342,bench:13183612f85554a5,51,3.02727,0.9286194,2.811181651038
36310.45707897283,bench:13183612f85554a5,51,3.00048,0.928888,2.7871098662400002
36316.90248797531,bench:13183612f85554a5,51,2.86653,0.918949,2.63419487697
36323.27099097893,bench:13183612f85554a5,51,2.99155,0.9286194,2.77801136607
36327.46275200043,bench:13183612f85554a5,51,2.99155,0.9291566,2.77961842673
36331.53853297699,bench:13183612f85554a5,51,3.00048,0.9304997,2.791945739856
36335.6418509793,bench:13183612f85554a5,51,3.00941,0.9283507,2.7937878800869997
36339.71405797638,bench:13183612f85554a5,51,2.98262,0.9304997,2.775327015214
36346.554963995004,bench:13183612f85554a5,51,2.86653,0.9186804,2.633424927012
36350.668355997186,idle,51,1.63419,0.9184118,1.500859379442
36357.02556199976,idle,51,1.71456,0.9283507,1.5917129761920001
36372.10491899168,idle,51,1.72349,0.9283507,1.600003147943
36380.43038599426,idle,51,1.16983,0.8182165,0.957174208195
36385.18356898567,idle,51,1.27699,0.8182165,1.044854288335
36403.54052800103,idle,51,1.24127,0.8329906,1.0339662420620002
36408.355616993504,bench:c5fb326d9c1c3b1b,52,2.08962,0.8329906,1.740633817572
36412.75183999096,bench:c5fb326d9c1c3b1b,52,2.0539,0.8329906,1.7108793933400002
36418.88649298926,bench:c5fb326d9c1c3b1b,52,2.84867,0.918949,2.61778244783
36423.21012399043,bench:c5fb326d9c1c3b1b,52,2.84867,0.918949,2.61778244783
36427.36683000112,bench:c5fb326d9c1c3b1b,52,2.83974,0.9194863,2.611102025562
36434.54238100094,bench:c5fb326d9c1c3b1b,52,2.38431,0.8735522,2.0828192459820003
36438.8239379914,bench:c5fb326d9c1c3b1b,52,2.38431,0.8746268,2.0853814255080003
36444.76064798073,bench:c5fb326d9c1c3b1b,52,3.01834,0.9294252,2.8053212581679996
36449.00511298329,bench:c5fb326d9c1c3b1b,52,3.01834,0.9286194,2.8028890797959995
36454.695250984514,bench:c5fb326d9c1c3b1b,52,2.84867,0.9192177,2.618547885459
36458.93501199316,bench:c5fb326d9c1c3b1b,52,2.8576,0.9184118,2.62445355968
36463.10410698061,bench:c5fb326d9c1c3b1b,52,2.87546,0.9197549,2.644718424754
36467.25035097916,bench:c5fb326d9c1c3b1b,52,2.82188,0.918949,2.59316380412
36471.368704980705,bench:c5fb326d9c1c3b1b,52,2.84867,0.9186804,2.6170172950679995
36475.59676298988,bench:c5fb326d9c1c3b1b,52,2.8576,0.918949,2.6259886624
36479.70546898432,bench:c5fb326d9c1c3b1b,52,2.83081,0.9192177,2.602130657337
36483.83167598513,bench:c5fb326d9c1c3b1b,52,2.83974,0.9186804,2.608813479096
36487.953252973966,bench:c5fb326d9c1c3b1b,52,2.84867,0.9194863,2.6193130382209997
36492.069921980146,bench:c5fb326d9c1c3b1b,52,2.83974,0.9186804,2.608813479096
36498.42377699679,bench:c5fb326d9c1c3b1b,52,2.97369,0.9294252,2.763822422988
36502.54720597877,bench:c5fb326d9c1c3b1b,52,2.97369,0.9291566,2.763023689854
36508.08575199335,bench:c5fb326d9c1c3b1b,52,2.84867,0.9192177,2.618547885459
36512.426715984475,bench:c5fb326d9c1c3b1b,52,2.83974,0.9178746,2.606525216604
36518.78564499202,bench:c5fb326d9c1c3b1b,52,2.9469,0.9283507,2.73575667783
36522.93835100136,bench:c5fb326d9c1c3b1b,52,2.99155,0.9286194,2.77801136607
36527.10442797979,bench:c5fb326d9c1c3b1b,52,2.97369,0.9286194,2.761426223586
36532.716010988224,bench:c5fb326d9c1c3b1b,52,2.88439,0.918949,2.65060730611
36537.005863996455,bench:c5fb326d9c1c3b1b,52,2.83974,0.9186804,2.608813479096
36541.10642199521,bench:c5fb326d9c1c3b1b,52,2.83081,0.9186804,2.600609663124
36545.26390598039,bench:c5fb326d9c1c3b1b,52,2.88439,0.9197549,2.652931836011
36549.391353997635,bench:c5fb326d9c1c3b1b,52,2.87546,0.9192177,2.643173727642
36553.53352299426,bench:c5fb326d9c1c3b1b,52,2.8576,0.918949,2.6259886624
36557.61419297778,bench:c5fb326d9c1c3b1b,52,2.88439,0.9194863,2.652157088857
36561.72371399589,bench:c5fb326d9c1c3b1b,52,2.83974,0.9186804,2.608813479096
36565.82238400006,bench:c5fb326d9c1c3b1b,52,2.83974,0.9184118,2.6080507249319997
36569.911404978484,bench:c5fb326d9c1c3b1b,52,2.83081,0.9184118,2.5998493075580003
36574.057500984054,bench:c5fb326d9c1c3b1b,52,2.8576,0.9186804,2.62522111104
36578.13454099232,bench:c5fb326d9c1c3b1b,52,2.84867,0.9197549,2.620078190983
36582.27578399237,bench:c5fb326d9c1c3b1b,52,2.82188,0.9192177,2.593922043276
36586.38028698624,bench:c5fb326d9c1c3b1b,52,2.91118,0.918949,2.6752259498199997
36590.491641982226,bench:c5fb326d9c1c3b1b,52,2.81295,0.9186804,2.58420203118
36594.64908897644,bench:c5fb326d9c1c3b1b,52,2.84867,0.9192177,2.618547885459
36601.037313987035,bench:c5fb326d9c1c3b1b,52,2.99155,0.9286194,2.77801136607
36605.12865000055,bench:c5fb326d9c1c3b1b,52,3.06299,0.9294252,2.846820093348
36609.233893977944,bench:c5fb326d9c1c3b1b,52,3.07192,0.928888,2.8534696249600002
36613.23526798515,bench:c5fb326d9c1c3b1b,52,3.07192,0.9286194,2.852644507248
36618.91070197453,bench:c5fb326d9c1c3b1b,52,2.86653,0.9184118,2.632654977054
36623.11120398226,bench:c5fb326d9c1c3b1b,52,2.86653,0.9184118,2.632654977054
36629.58672500099,bench:c5fb326d9c1c3b1b,52,2.99155,0.9283507,2.777207536585
36633.711987000424,bench:c5fb326d9c1c3b1b,52,2.97369,0.928888,2.76222495672
36639.23601497663,bench:c5fb326d9c1c3b1b,52,2.83081,0.918949,2.60137001869
36643.56303398381,bench:c5fb326d9c1c3b1b,52,2.86653,0.9192177,2.634965113581
36647.7147959813,bench:c5fb326d9c1c3b1b,52,2.84867,0.9194863,2.6193130382209997
36651.78587398259,bench:c5fb326d9c1c3b1b,52,2.84867,0.9192177,2.618547885459
36658.2495420007,bench:c5fb326d9c1c3b1b,52,2.9469,0.9286194,2.73654850986
36662.3473779764,bench:c5fb326d9c1c3b1b,52,2.91118,0.9291566,2.704942110788
36667.93173897895,bench:c5fb326d9c1c3b1b,52,2.87546,0.9184118,2.640856394428
36672.24194397568,bench:c5fb326d9c1c3b1b,52,2.84867,0.9192177,2.618547885459
36677.80902798404,bench:c5fb326d9c1c3b1b,52,2.99155,0.9294252,2.78042195706
36681.976992986165,bench:c5fb326d9c1c3b1b,52,2.95583,0.9299625,2.748811056375
36686.01744098123,bench:c5fb326d9c1c3b1b,52,2.98262,0.9286194,2.769718794828
36690.06135198288,bench:c5fb326d9c1c3b1b,52,2.99155,0.9286194,2.77801136607
36695.62115799636,bench:c5fb326d9c1c3b1b,52,2.82188,0.9184118,2.5916478901840003
36699.9931029859,bench:c5fb326d9c1c3b1b,52,2.83081,0.9184118,2.5998493075580003
36704.067679995205,bench:c5fb326d9c1c3b1b,52,2.86653,0.9197549,2.636505013497
36708.219126972836,bench:c5fb326d9c1c3b1b,52,2.84867,0.9186804,2.6170172950679995
36712.43505500024,bench:c5fb326d9c1c3b1b,52,2.71472,0.9192177,2.4954186745439997
36721.52273898246,bench:c5fb326d9c1c3b1b,52,2.75937,0.9186804,2.534979135348
36727.030637994176,bench:c5fb326d9c1c3b1b,52,2.88439,0.9291566,2.680050005474
36733.3589369955,bench:c5fb326d9c1c3b1b,52,2.58077,0.9294252,2.3986326734039998
36738.747243973194,bench:c5fb326d9c1c3b1b,52,2.88439,0.9294252,2.680824752628
36743.021485977806,bench:c5fb326d9c1c3b1b,52,2.87546,0.9294252,2.6725249855919997
36747.17813698226,bench:c5fb326d9c1c3b1b,52,2.84867,0.928888,2.64609537896
36751.26382499002,bench:c5fb326d9c1c3b1b,52,2.91118,0.928888,2.70416016784
36755.375012988225,bench:c5fb326d9c1c3b1b,52,2.83081,0.9283507,2.627984445067
36759.51884899405,bench:c5fb326d9c1c3b1b,52,2.88439,0.9286194,2.678500511166
36764.655380975455,bench:c5fb326d9c1c3b1b,52,2.77723,0.9291566,2.580481584218
36768.94941899809,bench:c5fb326d9c1c3b1b,52,2.78616,0.9294252,2.589527315232
36773.16669898573,bench:c5fb326d9c1c3b1b,52,2.83974,0.9283507,2.636274616818
36777.403792977566,bench:c5fb326d9c1c3b1b,52,3.25945,0.9286194,3.02678850333
36781.586961995345,bench:c5fb326d9c1c3b1b,52,2.82188,0.9286194,2.620452512472
36785.69889097707,bench:c5fb326d9c1c3b1b,52,2.83974,0.928888,2.63780040912
36789.8244120006,bench:c5fb326d9c1c3b1b,52,2.80402,0.9294252,2.6061268493039997
36796.949593990576,bench:c5fb326d9c1c3b1b,52,2.8576,0.9192177,2.6267564995200003
36801.12098497921,bench:c5fb326d9c1c3b1b,52,2.83081,0.9186804,2.600609663124
36806.67832799372,bench:c5fb326d9c1c3b1b,52,2.95583,0.928888,2.74563501704
36810.88547798572,bench:c5fb326d9c1c3b1b,52,2.98262,0.9294252,2.7721221900239996
36814.935925998725,bench:c5fb326d9c1c3b1b,52,2.99155,0.9286194,2.77801136607
36819.03942898498,bench:c5fb326d9c1c3b1b,52,3.02727,0.9280821,2.8095550988670004
36825.559707998764,bench:c5fb326d9c1c3b1b,52,2.83081,0.9184118,2.5998493075580003
36829.67385899974,bench:c5fb326d9c1c3b1b,52,2.83081,0.9184118,2.5998493075580003
36833.827935974114,bench:c5fb326d9c1c3b1b,52,2.83974,0.9186804,2.608813479096
36837.940308992984,bench:c5fb326d9c1c3b1b,52,2.8576,0.918949,2.6259886624
36842.02366397949,bench:c5fb326d9c1c3b1b,52,2.81295,0.9186804,2.58420203118
36846.16042597918,bench:c5fb326d9c1c3b1b,52,2.83974,0.918949,2.60957623326
36850.2830209909,bench:c5fb326d9c1c3b1b,52,2.86653,0.9197549,2.636505013497
36854.35030199005,bench:c5fb326d9c1c3b1b,52,2.83974,0.9173373,2.604999424302
36858.45717598568,bench:c5fb326d9c1c3b1b,52,2.84867,0.9192177,2.618547885459
36862.56601198693,bench:c5fb326d9c1c3b1b,52,2.84867,0.9192177,2.618547885459
36866.69399598031,bench:c5fb326d9c1c3b1b,52,2.86653,0.918949,2.63419487697
36870.82485097926,bench:c5fb326d9c1c3b1b,52,2.82188,0.9184118,2.5916478901840003
36876.483340980485,bench:c5fb326d9c1c3b1b,52,2.93797,0.9286194,2.728255938618
36880.69489799091,bench:c5fb326d9c1c3b1b,52,2.97369,0.9283507,2.7606271930829998
36887.16434498201,bench:c5fb326d9c1c3b1b,52,2.83081,0.9178746,2.598328596426
36891.30288397428,bench:c5fb326d9c1c3b1b,52,2.84867,0.9197549,2.620078190983
36895.51049799775,bench:c5fb326d9c1c3b1b,52,2.84867,0.9194863,2.6193130382209997
36902.035516977776,bench:c5fb326d9c1c3b1b,52,2.93797,0.9286194,2.728255938618
36906.11044698744,bench:c5fb326d9c1c3b1b,52,3.00941,0.9294252,2.797021491132
36910.22187497583,bench:c5fb326d9c1c3b1b,52,2.98262,0.9286194,2.769718794828
36914.32380399783,bench:c5fb326d9c1c3b1b,52,3.02727,0.9304997,2.816873826819
36918.38504798943,bench:c5fb326d9c1c3b1b,52,3.05406,0.9283507,2.835238738842
36922.507532988675,bench:c5fb326d9c1c3b1b,52,2.97369,0.9283507,2.7606271930829998
36928.14980098046,bench:c5fb326d9c1c3b1b,52,2.84867,0.9186804,2.6170172950679995
36932.43719098973,bench:c5fb326d9c1c3b1b,52,2.89332,0.9186804,2.658036374928
36938.8899889891,bench:c5fb326d9c1c3b1b,52,2.99155,0.928888,2.7788148964
36942.978621984366,bench:c5fb326d9c1c3b1b,52,2.95583,0.9286194,2.7448410811020003
36948.55705698137,bench:c5fb326d9c1c3b1b,52,2.84867,0.9184118,2.6162521423059997
36952.87957697292,bench:c5fb326d9c1c3b1b,52,2.83081,0.9184118,2.5998493075580003
36959.28759800154,bench:c5fb326d9c1c3b1b,52,2.97369,0.9283507,2.7606271930829998
36963.4202849993,bench:c5fb326d9c1c3b1b,52,2.97369,0.928888,2.76222495672
36967.57565799635,bench:c5fb326d9c1c3b1b,52,2.95583,0.928888,2.74563501704
36973.98917897954,bench:c5fb326d9c1c3b1b,52,2.83974,0.9192177,2.610339271398
36978.09457097901,bench:c5fb326d9c1c3b1b,52,2.81295,0.9192177,2.585713429215
36982.27914699237,bench:c5fb326d9c1c3b1b,52,2.83974,0.9186804,2.608813479096
36986.403538991,bench:c5fb326d9c1c3b1b,52,2.83081,0.9186804,2.600609663124
36990.539152990095,bench:c5fb326d9c1c3b1b,52,2.82188,0.9186804,2.592405847152
36994.61047098157,bench:c5fb326d9c1c3b1b,52,2.84867,0.9184118,2.6162521423059997
36998.703621997265,bench:c5fb326d9c1c3b1b,52,2.79509,0.9192177,2.569296201093
37002.86680998397,bench:c5fb326d9c1c3b1b,52,2.83974,0.9184118,2.6080507249319997
37006.90853499691,idle,52,2.53612,0.9184118,2.329202534216
37011.20177799021,idle,52,1.62526,0.918949,1.49353105174
37027.8049359913,idle,52,1.54489,0.903369,1.3956057344100001
37033.10889197746,idle,52,2.22357,0.9031004,2.008106956428
37037.456651974935,idle,52,1.54489,0.9031004,1.3951907769560001
37054.462011001306,idle,52,1.1609,0.8182165,0.9498675348500001
37060.64079297357,bench:6261213efe6fd0e3,53,1.85744,0.8174106,1.518291144864
37065.36040198989,bench:6261213efe6fd0e3,53,1.86637,0.8187538,1.528097529706
37071.79271898349,bench:6261213efe6fd0e3,53,2.84867,0.9280821,2.643799635807
37076.029553980334,bench:6261213efe6fd0e3,53,2.84867,0.9280821,2.643799635807
37082.52946299035,bench:6261213efe6fd0e3,53,2.679,0.9184118,2.4604252121999997
37086.8307609926,bench:6261213efe6fd0e3,53,2.65221,0.918949,2.43724572729
37091.0525029758,bench:6261213efe6fd0e3,53,2.7683,0.9192177,2.54467035891
37095.43802199187,bench:6261213efe6fd0e3,53,2.75937,0.9186804,2.534979135348
37100.89130999404,bench:6261213efe6fd0e3,53,2.90225,0.9286194,2.69508565365
37105.17649698886,bench:6261213efe6fd0e3,53,2.90225,0.9283507,2.6943058190749998
37111.66072098422,bench:6261213efe6fd0e3,53,2.74151,0.9192177,2.520044516727
37118.174351984635,bench:6261213efe6fd0e3,53,2.91118,0.9283507,2.702595990826
37122.36677997862,bench:6261213efe6fd0e3,53,2.8576,0.9291566,2.6551579001600003
37127.91393799125,bench:6261213efe6fd0e3,53,2.71472,0.9186804,2.4939600554879995
37132.33280897839,bench:6261213efe6fd0e3,53,2.74151,0.9186804,2.518571503404
37136.54799599317,bench:6261213efe6fd0e3,53,2.75044,0.918949,2.52751408756
37143.28147697961,bench:6261213efe6fd0e3,53,2.8576,0.9283507,2.65285496032
37147.596866998356,bench:6261213efe6fd0e3,53,2.81295,0.9283507,2.611404101565
37151.80386899738,bench:6261213efe6fd0e3,53,2.88439,0.9291566,2.680050005474
37156.00301898667,bench:6261213efe6fd0e3,53,2.84867,0.9286194,2.645330226198
37162.360299989814,bench:6261213efe6fd0e3,53,2.68793,0.9192177,2.470792832361
37166.630060994066,bench:6261213efe6fd0e3,53,2.66114,0.9186804,2.444737159656
37170.793192985,bench:6261213efe6fd0e3,53,2.68793,0.9192177,2.470792832361
37175.05095398519,bench:6261213efe6fd0e3,53,2.7683,0.9192177,2.54467035891
37179.31817797944,bench:6261213efe6fd0e3,53,2.75044,0.9186804,2.526775319376
37186.132973001804,bench:6261213efe6fd0e3,53,2.87546,0.9291566,2.671752637036
37190.265993995126,bench:6261213efe6fd0e3,53,2.89332,0.9283507,2.686015647324
37194.407329981914,bench:6261213efe6fd0e3,53,2.90225,0.9294252,2.6974242867
37198.57362899347,bench:6261213efe6fd0e3,53,2.84867,0.9283507,2.644564788569
37202.71657599369,bench:6261213efe6fd0e3,53,2.83081,0.9280821,2.627224089501
37206.81428298121,bench:6261213efe6fd0e3,53,2.82188,0.9291566,2.6219684264080003
37210.88345197495,bench:6261213efe6fd0e3,53,2.91118,0.928888,2.70416016784
37215.06932500051,bench:6261213efe6fd0e3,53,2.90225,0.9286194,2.69508565365
37219.194660981884,bench:6261213efe6fd0e3,53,2.92904,0.9286194,2.719963367376
37223.43901498243,bench:6261213efe6fd0e3,53,2.81295,0.9286194,2.61215994123
37229.95583098964,bench:6261213efe6fd0e3,53,2.74151,0.9197549,2.521517255899
37234.18396298075,bench:6261213efe6fd0e3,53,2.81295,0.9186804,2.58420203118
37238.46579698147,bench:6261213efe6fd0e3,53,2.74151,0.9192177,2.520044516727
37242.68294798094,bench:6261213efe6fd0e3,53,2.69686,0.9194863,2.479725823018
37246.85007997323,bench:6261213efe6fd0e3,53,2.72365,0.9184118,2.50143229907
37251.0680819978,bench:6261213efe6fd0e3,53,2.75044,0.9186804,2.526775319376
37255.29350998113,bench:6261213efe6fd0e3,53,2.74151,0.9186804,2.518571503404
37262.05310199293,bench:6261213efe6fd0e3,53,2.81295,0.9280821,2.610648543195
37266.231862973655,bench:6261213efe6fd0e3,53,2.83974,0.9278135,2.63474910849
37270.37530997768,bench:6261213efe6fd0e3,53,2.81295,0.9294252,2.61442661634
37274.59062699927,bench:6261213efe6fd0e3,53,2.79509,0.9294252,2.597827082268
37278.799628984416,bench:6261213efe6fd0e3,53,2.84867,0.9291566,2.646860531722
37282.932039001025,bench:6261213efe6fd0e3,53,2.90225,0.928888,2.6958651980000004
37289.49830000056,bench:6261213efe6fd0e3,53,2.68793,0.9184118,2.468626629574
37293.768485978944,bench:6261213efe6fd0e3,53,2.75937,0.9184118,2.534237968566
37297.93039598735,bench:6261213efe6fd0e3,53,2.73258,0.9192177,2.511835902666
37302.20361999818,bench:6261213efe6fd0e3,53,2.7683,0.9192177,2.54467035891
37306.40151098487,bench:6261213efe6fd0e3,53,2.70579,0.9192177,2.487210060483
37310.61934598256,bench:6261213efe6fd0e3,53,2.679,0.9186804,2.4611447915999998
37314.80316299712,bench:6261213efe6fd0e3,53,2.75937,0.9184118,2.534237968566
37318.94751798245,bench:6261213efe6fd0e3,53,2.73258,0.918949,2.51110165842
37323.08950199513,bench:6261213efe6fd0e3,53,2.74151,0.9192177,2.520044516727
37327.3329109943,bench:6261213efe6fd0e3,53,2.65221,0.9192177,2.4379583761170003
37333.76341298572,bench:6261213efe6fd0e3,53,2.87546,0.9280821,2.668662955266
37337.84602797823,bench:6261213efe6fd0e3,53,2.83081,0.9278135,2.626463733935
37341.986807994545,bench:6261213efe6fd0e3,53,2.83081,0.928888,2.6295054392800004
37346.06623699074,bench:6261213efe6fd0e3,53,2.83974,0.9291566,2.638563163284
37352.52523899544,bench:6261213efe6fd0e3,53,2.70579,0.9192177,2.487210060483
37358.826223993674,bench:6261213efe6fd0e3,53,2.84867,0.9286194,2.645330226198
37363.030225998955,bench:6261213efe6fd0e3,53,2.83974,0.9286194,2.637037654956
37369.38302498311,bench:6261213efe6fd0e3,53,2.68793,0.9186804,2.469348607572
37375.81261998275,bench:6261213efe6fd0e3,53,2.80402,0.9286194,2.603867369988
37379.88504898385,bench:6261213efe6fd0e3,53,2.84867,0.928888,2.64609537896
37383.99942198885,bench:6261213efe6fd0e3,53,2.88439,0.9286194,2.678500511166
37388.09783299803,bench:6261213efe6fd0e3,53,2.8576,0.9286194,2.65362279744
37393.69637897471,bench:6261213efe6fd0e3,53,2.68793,0.9181431,2.4679043827830003
37397.92165797553,bench:6261213efe6fd0e3,53,2.74151,0.9186804,2.518571503404
37402.12292000069,bench:6261213efe6fd0e3,53,2.72365,0.9184118,2.50143229907
37406.27773699816,bench:6261213efe6fd0e3,53,2.71472,0.9192177,2.4954186745439997
37410.432053991826,bench:6261213efe6fd0e3,53,2.66114,0.9197549,2.447596554586
37414.63240797748,bench:6261213efe6fd0e3,53,2.75044,0.918949,2.52751408756
37418.82766998606,bench:6261213efe6fd0e3,53,2.75044,0.918949,2.52751408756
37423.0786159751,bench:6261213efe6fd0e3,53,2.71472,0.9194863,2.496147848336
37428.62412598333,bench:6261213efe6fd0e3,53,2.83974,0.9286194,2.637037654956
37432.872589997714,bench:6261213efe6fd0e3,53,2.79509,0.928888,2.5963255599200004
37437.05757398857,bench:6261213efe6fd0e3,53,2.82188,0.928888,2.6212104694400002
37441.167132987175,bench:6261213efe6fd0e3,53,2.86653,0.9286194,2.661915368682
37447.517672000686,bench:6261213efe6fd0e3,53,2.73258,0.9186804,2.510367687432
37453.38114199694,bench:6261213efe6fd0e3,53,2.88439,0.9283507,2.677725475573
37457.635254977504,bench:6261213efe6fd0e3,53,2.86653,0.928888,2.6626853186400004
37461.75479498925,bench:6261213efe6fd0e3,53,2.86653,0.928888,2.6626853186400004
37465.879167983076,bench:6261213efe6fd0e3,53,2.84867,0.9286194,2.645330226198
37469.98557797633,bench:6261213efe6fd0e3,53,2.90225,0.928888,2.6958651980000004
37474.10887698061,bench:6261213efe6fd0e3,53,2.83081,0.9296938,2.631786505978
37479.796070983866,bench:6261213efe6fd0e3,53,2.73258,0.9186804,2.510367687432
37484.04888799996,bench:6261213efe6fd0e3,53,2.72365,0.9192177,2.503627288605
37490.44605699601,bench:6261213efe6fd0e3,53,2.91118,0.9286194,2.703378224892
37494.58174497704,bench:6261213efe6fd0e3,53,2.83081,0.9283507,2.627984445067
37501.11504198867,bench:6261213efe6fd0e3,53,2.679,0.9186804,2.4611447915999998
37507.35860099667,bench:6261213efe6fd0e3,53,2.84867,0.9294252,2.647625684484
37514.27161798347,bench:6261213efe6fd0e3,53,2.67007,0.9192177,2.454375604239
37518.5323600017,bench:6261213efe6fd0e3,53,2.75044,0.9186804,2.526775319376
37524.3045159732,bench:6261213efe6fd0e3,53,2.84867,0.9291566,2.646860531722
37528.56435099966,bench:6261213efe6fd0e3,53,2.86653,0.9286194,2.661915368682
37532.81401999993,bench:6261213efe6fd0e3,53,2.83081,0.928888,2.6295054392800004
37539.33105798205,bench:6261213efe6fd0e3,53,2.65221,0.9192177,2.4379583761170003
37545.78985599801,bench:6261213efe6fd0e3,53,2.90225,0.928888,2.6958651980000004
37550.00765499426,bench:6261213efe6fd0e3,53,2.86653,0.9291566,2.663455268598
37555.58990399004,bench:6261213efe6fd0e3,53,2.67007,0.9184118,2.452223794826
37559.90999797359,bench:6261213efe6fd0e3,53,2.69686,0.9186804,2.477552423544
37565.492433001054,bench:6261213efe6fd0e3,53,2.77723,0.9283507,2.578243414561
37569.76686097914,bench:6261213efe6fd0e3,53,2.84867,0.9291566,2.646860531722
37575.33912899089,bench:6261213efe6fd0e3,53,2.73258,0.9184118,2.509633716444
37579.691222985275,bench:6261213efe6fd0e3,53,2.75044,0.918949,2.52751408756
37583.858614001656,bench:6261213efe6fd0e3,53,2.71472,0.918949,2.49468922928
37588.10252297553,bench:6261213efe6fd0e3,53,2.93797,0.9184118,2.698266316046
37592.336987989256,bench:6261213efe6fd0e3,53,2.73258,0.918949,2.51110165842
37598.75719397678,bench:6261213efe6fd0e3,53,2.86653,0.9286194,2.661915368682
37602.86599298706,bench:6261213efe6fd0e3,53,2.83974,0.9294252,2.6393259174479997
37607.0454029832,bench:6261213efe6fd0e3,53,2.84867,0.9283507,2.644564788569
37611.2143129867,bench:6261213efe6fd0e3,53,2.84867,0.9286194,2.645330226198
37615.35929699312,bench:6261213efe6fd0e3,53,2.84867,0.9294252,2.647625684484
37619.54139199224,bench:6261213efe6fd0e3,53,2.83081,0.9283507,2.627984445067
37623.69424599456,bench:6261213efe6fd0e3,53,2.86653,0.9286194,2.661915368682
37627.86656297976,bench:6261213efe6fd0e3,53,2.84867,0.928888,2.64609537896
37632.0084919862,bench:6261213efe6fd0e3,53,2.88439,0.928888,2.67927525832
37636.10784697812,bench:6261213efe6fd0e3,53,2.89332,0.928888,2.6875702281600002
37640.29553398723,bench:6261213efe6fd0e3,53,2.88439,0.9294252,2.680824752628
37644.45346299908,bench:6261213efe6fd0e3,53,2.83974,0.9286194,2.637037654956
37648.584390990436,bench:6261213efe6fd0e3,53,2.84867,0.9291566,2.646860531722
37652.78720797505,bench:6261213efe6fd0e3,53,2.77723,0.9286194,2.578989656262
37657.23267098656,idle,53,2.90225,0.9291566,2.69664474235
37661.69991198694,idle,53,1.66991,0.9283507,1.550262117437
37679.16748899734,idle,53,1.46452,0.888595,1.3013651494
37686.05267300154,idle,53,0.95551,0.7225879,0.6904399643289999
37691.66834797943,idle,53,0.9733699,0.7225879,0.7033453119642099
37710.01230698312,idle,53,1.17876,0.8182165,0.96448088154
37722.41724099149,bench:07534a5ec8f823e8,54,1.50917,0.7223192,1.090102467064
37730.23826899589,bench:07534a5ec8f823e8,54,2.22357,0.9291566,2.066044741062
37736.05642397888,bench:07534a5ec8f823e8,54,2.58077,0.9286194,2.3965530889379996
37740.325999999186,bench:07534a5ec8f823e8,54,2.5897,0.9286194,2.40484566018
37746.53617097647,bench:07534a5ec8f823e8,54,2.69686,0.928888,2.50508089168
37750.652154994896,bench:07534a5ec8f823e8,54,2.74151,0.928888,2.54655574088
37756.76388197462,bench:07534a5ec8f823e8,54,2.64328,0.9283507,2.4538908382959996
37762.84929399844,bench:07534a5ec8f823e8,54,2.679,0.928888,2.488490952
37766.96735297446,bench:07534a5ec8f823e8,54,2.73258,0.928888,2.53826077104
37771.207539975876,bench:07534a5ec8f823e8,54,2.72365,0.9294252,2.53142894598
37775.36456097732,bench:07534a5ec8f823e8,54,2.75044,0.9283507,2.553372899308
37779.56752598402,bench:07534a5ec8f823e8,54,2.70579,0.928888,2.51337586152
37783.80467600073,bench:07534a5ec8f823e8,54,2.72365,0.9304997,2.5343555079050004
37787.96545599471,bench:07534a5ec8f823e8,54,2.75937,0.9294252,2.564628014124
37793.054542999016,bench:07534a5ec8f823e8,54,2.72365,0.928888,2.5299658012000004
37798.0643909832,bench:07534a5ec8f823e8,54,2.83081,0.928888,2.6295054392800004
37802.21805998008,bench:07534a5ec8f823e8,54,2.82188,0.928888,2.6212104694400002
37806.32187798619,bench:07534a5ec8f823e8,54,2.87546,0.928888,2.67098028848
37810.47680598567,bench:07534a5ec8f823e8,54,2.83974,0.928888,2.63780040912
37814.66482699034,bench:07534a5ec8f823e8,54,2.83974,0.9283507,2.636274616818
37818.769496981986,bench:07534a5ec8f823e8,54,2.75937,0.9283507,2.561663071059
37822.9373319773,bench:07534a5ec8f823e8,54,2.83081,0.9283507,2.627984445067
37827.09257598617,bench:07534a5ec8f823e8,54,2.79509,0.928888,2.5963255599200004
37831.237577978754,bench:07534a5ec8f823e8,54,2.83974,0.9286194,2.637037654956
37835.35691400175,bench:07534a5ec8f823e8,54,2.83081,0.9286194,2.628745083714
37839.46476900019,bench:07534a5ec8f823e8,54,2.83974,0.9286194,2.637037654956
37843.60388299683,bench:07534a5ec8f823e8,54,2.84867,0.928888,2.64609537896
37847.73742299876,bench:07534a5ec8f823e8,54,2.91118,0.9291566,2.704942110788
37851.76888899878,bench:07534a5ec8f823e8,54,2.81295,0.928888,2.6129154996
37855.89635497308,bench:07534a5ec8f823e8,54,2.84867,0.9291566,2.646860531722
37860.00783898635,bench:07534a5ec8f823e8,54,2.83974,0.9286194,2.637037654956
37864.16889698012,bench:07534a5ec8f823e8,54,2.77723,0.9291566,2.580481584218
37868.304455972975,bench:07534a5ec8f823e8,54,2.84867,0.9286194,2.645330226198
37872.40979197668,bench:07534a5ec8f823e8,54,2.88439,0.928888,2.67927525832
37876.55662797624,bench:07534a5ec8f823e8,54,2.90225,0.9286194,2.69508565365
37880.66296398756,bench:07534a5ec8f823e8,54,2.84867,0.9286194,2.645330226198
37884.79717000155,bench:07534a5ec8f823e8,54,2.83974,0.9286194,2.637037654956
37888.94102498307,bench:07534a5ec8f823e8,54,2.82188,0.9286194,2.620452512472
37893.04900899879,bench:07534a5ec8f823e8,54,2.78616,0.9291566,2.5887789526560003
37897.24314099294,bench:07534a5ec8f823e8,54,2.91118,0.9294252,2.7057240537359997
37901.34138497524,bench:07534a5ec8f823e8,54,2.91118,0.928888,2.70416016784
37905.475868989015,bench:07534a5ec8f823e8,54,2.84867,0.9286194,2.645330226198
37909.549593983684,bench:07534a5ec8f823e8,54,2.88439,0.9286194,2.678500511166
37913.726022990886,bench:07534a5ec8f823e8,54,2.80402,0.9280821,2.602360770042
37917.88745098165,bench:07534a5ec8f823e8,54,2.78616,0.9283507,2.586533586312
37921.9688619778,bench:07534a5ec8f823e8,54,2.82188,0.9280821,2.6189363163480004
37926.04819798726,bench:07534a5ec8f823e8,54,2.84867,0.9294252,2.647625684484
37930.211070983205,bench:07534a5ec8f823e8,54,2.82188,0.9286194,2.620452512472
37934.45910999435,bench:07534a5ec8f823e8,54,2.8576,0.9296938,2.65669300288
37938.65427898709,bench:07534a5ec8f823e8,54,2.8576,0.9294252,2.65592545152
37942.83415097743,bench:07534a5ec8f823e8,54,2.87546,0.928888,2.67098028848
37947.01324598282,bench:07534a5ec8f823e8,54,2.79509,0.9286194,2.595574798746
37951.26441499451,bench:07534a5ec8f823e8,54,2.75937,0.928888,2.5631456805600004
37955.42158398894,bench:07534a5ec8f823e8,54,2.75044,0.9294252,2.556328247088
37959.62328999303,bench:07534a5ec8f823e8,54,2.83081,0.9294252,2.631026150412
37966.03679200052,bench:07534a5ec8f823e8,54,2.70579,0.9186804,2.4857562395159998
37970.21925699664,bench:07534a5ec8f823e8,54,2.70579,0.9192177,2.487210060483
37974.395555997035,bench:07534a5ec8f823e8,54,2.7683,0.9184118,2.54243938594
37978.639094973914,bench:07534a5ec8f823e8,54,2.72365,0.9184118,2.50143229907
37984.12353100139,bench:07534a5ec8f823e8,54,2.86653,0.9286194,2.661915368682
37988.35027299356,bench:07534a5ec8f823e8,54,2.83974,0.9294252,2.6393259174479997
37992.43396197562,bench:07534a5ec8f823e8,54,2.83974,0.9294252,2.6393259174479997
37996.625556988874,bench:07534a5ec8f823e8,54,2.91118,0.9286194,2.703378224892
38000.78292898252,bench:07534a5ec8f823e8,54,2.80402,0.9294252,2.6061268493039997
38004.95394997415,bench:07534a5ec8f823e8,54,2.84867,0.928888,2.64609537896
38009.124026983045,bench:07534a5ec8f823e8,54,2.81295,0.928888,2.6129154996
38013.25675199041,bench:07534a5ec8f823e8,54,3.78632,0.928888,3.51706721216
38017.40829099435,bench:07534a5ec8f823e8,54,2.84867,0.928888,2.64609537896
38021.54047897784,bench:07534a5ec8f823e8,54,2.77723,0.9286194,2.578989656262
38025.69085199502,bench:07534a5ec8f823e8,54,2.88439,0.9286194,2.678500511166
38029.78057699511,bench:07534a5ec8f823e8,54,2.8576,0.9286194,2.65362279744
38033.957523992285,bench:07534a5ec8f823e8,54,2.81295,0.928888,2.6129154996
38038.132303976454,bench:07534a5ec8f823e8,54,2.83081,0.928888,2.6295054392800004
38042.281306989025,bench:07534a5ec8f823e8,54,2.79509,0.9283507,2.594823758063
38046.40773599385,bench:07534a5ec8f823e8,54,2.84867,0.928888,2.64609537896
38050.536089984234,bench:07534a5ec8f823e8,54,2.79509,0.9294252,2.597827082268
38054.6296859975,bench:07534a5ec8f823e8,54,2.90225,0.9286194,2.69508565365
38058.79357698723,bench:07534a5ec8f823e8,54,2.77723,0.9294252,2.581227548196
38062.924542988185,bench:07534a5ec8f823e8,54,2.8576,0.9286194,2.65362279744
38067.05556399538,bench:07534a5ec8f823e8,54,2.84867,0.9291566,2.646860531722
38071.218899975065,bench:07534a5ec8f823e8,54,2.83974,0.9296938,2.640088671612
38075.34623600077,bench:07534a5ec8f823e8,54,2.75937,0.9286194,2.562404513778
38079.4378319988,bench:07534a5ec8f823e8,54,2.82188,0.9283507,2.619694273316
38083.62364899949,bench:07534a5ec8f823e8,54,2.84867,0.9280821,2.643799635807
38087.76205897448,bench:07534a5ec8f823e8,54,2.83081,0.9283507,2.627984445067
38091.906672983896,bench:07534a5ec8f823e8,54,2.8576,0.9283507,2.65285496032
38096.10335997422,bench:07534a5ec8f823e8,54,2.87546,0.9286194,2.670207939924
38100.23482597899,bench:07534a5ec8f823e8,54,2.83081,0.928888,2.6295054392800004
38104.43888299051,bench:07534a5ec8f823e8,54,2.84867,0.9283507,2.644564788569
38108.5961079807,bench:07534a5ec8f823e8,54,2.84867,0.9286194,2.645330226198
38112.75016597938,bench:07534a5ec8f823e8,54,2.86653,0.9291566,2.663455268598
38116.89324298641,bench:07534a5ec8f823e8,54,2.83081,0.9294252,2.631026150412
38120.97528297454,bench:07534a5ec8f823e8,54,2.90225,0.9286194,2.69508565365
38125.1365999924,bench:07534a5ec8f823e8,54,2.82188,0.9291566,2.6219684264080003
38129.253898980096,bench:07534a5ec8f823e8,54,2.91118,0.9294252,2.7057240537359997
38133.38406899129,bench:07534a5ec8f823e8,54,2.88439,0.9283507,2.677725475573
38137.49190498493,bench:07534a5ec8f823e8,54,2.86653,0.9283507,2.661145132071
38141.6267969762,bench:07534a5ec8f823e8,54,2.79509,0.9291566,2.597076321094
38145.797446981305,bench:07534a5ec8f823e8,54,2.83081,0.9286194,2.628745083714
38149.92504299153,bench:07534a5ec8f823e8,54,2.83974,0.9294252,2.6393259174479997
38154.02282300056,bench:07534a5ec8f823e8,54,2.87546,0.9283507,2.669435303822
38158.12754898798,bench:07534a5ec8f823e8,54,2.82188,0.9286194,2.620452512472
38162.311754975235,bench:07534a5ec8f823e8,54,2.83974,0.9294252,2.6393259174479997
38166.471330972854,bench:07534a5ec8f823e8,54,2.88439,0.928888,2.67927525832
38170.60974097694,bench:07534a5ec8f823e8,54,2.81295,0.9283507,2.611404101565
38174.752095976146,bench:07534a5ec8f823e8,54,2.86653,0.9280821,2.660375182113
38178.85415398632,bench:07534a5ec8f823e8,54,2.86653,0.9286194,2.661915368682
38183.02832299378,bench:07534a5ec8f823e8,54,2.77723,0.928888,2.57973562024
38187.174621998565,bench:07534a5ec8f823e8,54,2.84867,0.9286194,2.645330226198
38191.33558799513,bench:07534a5ec8f823e8,54,2.83081,0.928888,2.6295054392800004
38195.49688597908,bench:07534a5ec8f823e8,54,2.79509,0.9286194,2.595574798746
38201.0633960017,bench:07534a5ec8f823e8,54,2.72365,0.918949,2.50289544385
38205.378396989545,bench:07534a5ec8f823e8,54,2.77723,0.918949,2.55213273127
38211.75949199824,bench:07534a5ec8f823e8,54,2.88439,0.9294252,2.680824752628
38215.92245699139,bench:07534a5ec8f823e8,54,2.86653,0.9283507,2.661145132071
38220.02981198602,bench:07534a5ec8f823e8,54,2.80402,0.928888,2.60462052976
38224.18201799155,bench:07534a5ec8f823e8,54,2.82188,0.9294252,2.622726383376
38228.31727997982,bench:07534a5ec8f823e8,54,2.86653,0.928888,2.6626853186400004
38234.71591199632,bench:07534a5ec8f823e8,54,2.60756,0.9197549,2.398316087044
38238.88746998273,bench:07534a5ec8f823e8,54,2.75044,0.9186804,2.526775319376
38245.3436020005,bench:07534a5ec8f823e8,54,2.77723,0.928888,2.57973562024
38249.487122986466,bench:07534a5ec8f823e8,54,2.90225,0.9299625,2.698983665625
38253.628440987086,bench:07534a5ec8f823e8,54,2.81295,0.9291566,2.61367105797
38257.817312987754,bench:07534a5ec8f823e8,54,2.83081,0.9283507,2.627984445067
38261.96544498089,bench:07534a5ec8f823e8,54,2.86653,0.928888,2.6626853186400004
38266.076299973065,bench:07534a5ec8f823e8,54,2.92011,0.9283507,2.710886162577
38271.653253992554,bench:07534a5ec8f823e8,54,2.65221,0.9186804,2.436533343684
38275.92331098276,bench:07534a5ec8f823e8,54,2.70579,0.9192177,2.487210060483
38282.39060897613,bench:07534a5ec8f823e8,54,2.90225,0.9291566,2.69664474235
38286.525055998936,bench:07534a5ec8f823e8,54,2.81295,0.928888,2.6129154996
38290.60572598246,bench:07534a5ec8f823e8,54,2.8576,0.9291566,2.6551579001600003
38296.23421598808,bench:07534a5ec8f823e8,54,2.77723,0.9173373,2.5476566696789997
38300.5767359864,bench:07534a5ec8f823e8,54,2.68793,0.9186804,2.469348607572
38306.93625699496,bench:07534a5ec8f823e8,54,2.83081,0.9286194,2.628745083714
38311.13403697964,bench:07534a5ec8f823e8,54,2.86653,0.9283507,2.661145132071
38318.257921986515,idle,54,1.59847,0.9186804,1.468483058988
38334.86335899215,idle,54,1.45559,0.888595,1.29342999605
38340.42255298118,idle,54,4.58109,0.8894008,4.074425110871999
38345.04595899489,idle,54,1.48238,0.8883263,1.316837140594
38362.78016399592,idle,54,1.33057,0.8638819,1.149455339683
38375.44163299026,bench:30701d78ef2de7e3,55,2.72365,0.721782,1.9658815443000002
38381.69232098153,bench:30701d78ef2de7e3,55,3.77739,0.903369,3.4123770269099998
38386.013433977496,bench:30701d78ef2de7e3,55,2.84867,0.903369,2.5734001692299997
38391.66697897599,bench:30701d78ef2de7e3,55,4.25961,0.9299625,3.9612775646250005
38399.73180097877,bench:30701d78ef2de7e3,55,5.33121,0.9294252,4.954960920492
38404.53590999823,bench:30701d78ef2de7e3,55,3.2148,0.928888,2.9861891424
38408.688226976665,bench:30701d78ef2de7e3,55,4.1078,0.9294252,3.81789283656
38412.96709899325,bench:30701d78ef2de7e3,55,4.18817,0.9304997,3.8970909285490007
38419.34378698352,bench:30701d78ef2de7e3,55,4.06315,0.918949,3.7338276293500003
38427.12255497463,bench:30701d78ef2de7e3,55,5.5366,0.9286194,5.14139417004
38431.372186983936,bench:30701d78ef2de7e3,55,4.07208,0.9286194,3.7814124863519996
38435.69959499291,bench:30701d78ef2de7e3,55,4.13459,0.9286194,3.839460485046
38439.79746897821,bench:30701d78ef2de7e3,55,4.12566,0.928888,3.83227606608
38447.71642098203,bench:30701d78ef2de7e3,55,6.84931,0.9294252,6.365921316612
38455.52067097742,bench:30701d78ef2de7e3,55,5.91166,0.9291566,5.492857905956001
38467.658921988914,bench:30701d78ef2de7e3,55,6.85824,0.9280821,6.365009781504001
38471.97883098852,bench:30701d78ef2de7e3,55,5.91166,0.9286194,5.489682162204001
38476.65484799654,bench:30701d78ef2de7e3,55,6.786799,0.9294252,6.3078220179348
38487.61403397657,bench:30701d78ef2de7e3,55,6.768939,0.9296938,6.2930406208782
38495.54096898646,bench:30701d78ef2de7e3,55,6.77787,0.9291566,6.297702644442
38499.951023986796,bench:30701d78ef2de7e3,55,6.89396,0.9296938,6.409271869448
38507.59355397895,bench:30701d78ef2de7e3,55,6.88503,0.9280821,6.389873100963
38512.26694099023,bench:30701d78ef2de7e3,55,6.57248,0.928888,6.10509780224
38519.58717597881,bench:30701d78ef2de7e3,55,6.786799,0.9291566,6.305999083723401
38527.654627978336,bench:30701d78ef2de7e3,55,6.86717,0.9294252,6.382520850683999
38532.41586597869,bench:30701d78ef2de7e3,55,7.06363,0.9291566,6.563218434458
38539.715064980555,bench:30701d78ef2de7e3,55,5.37586,0.9291566,4.9950157996760005
38544.421876984416,bench:30701d78ef2de7e3,55,7.06363,0.9294252,6.565115725476
38551.70290899696,bench:30701d78ef2de7e3,55,5.36693,0.9294252,4.988159988635999
38556.351777981035,bench:30701d78ef2de7e3,55,5.92059,0.9291566,5.501155274394
38567.66603598953,bench:30701d78ef2de7e3,55,5.59911,0.9304997,5.209970175267
38575.687191972975,bench:30701d78ef2de7e3,55,5.75985,0.9291566,5.35180264251
38580.31402397319,bench:30701d78ef2de7e3,55,6.49211,0.9286194,6.028699292934
38584.96705899597,bench:30701d78ef2de7e3,55,5.75985,0.9286194,5.34870845109
38595.69017399917,bench:30701d78ef2de7e3,55,6.85824,0.9291566,6.372378960384
38603.58518199064,bench:30701d78ef2de7e3,55,6.85824,0.9294252,6.374221083648
38607.87934999098,bench:30701d78ef2de7e3,55,6.85824,0.9286194,6.368694713856001
38612.5337749836,bench:30701d78ef2de7e3,55,7.03684,0.928888,6.53643623392
38619.66515998938,bench:30701d78ef2de7e3,55,5.42051,0.928888,5.035046692880001
38627.68124099239,bench:30701d78ef2de7e3,55,5.42944,0.9280821,5.038966077024
38635.3960109991,bench:30701d78ef2de7e3,55,5.42051,0.9280821,5.030678303871
38640.1137119974,bench:30701d78ef2de7e3,55,6.85824,0.9296938,6.376063206912001
38647.59883499937,bench:30701d78ef2de7e3,55,6.8761,0.9286194,6.38527985634
38655.68300898303,bench:30701d78ef2de7e3,55,5.42944,0.9270077,5.033132686688
38660.22441597306,bench:30701d78ef2de7e3,55,6.911819,0.9283507,6.4165920069233
38667.58303999086,bench:30701d78ef2de7e3,55,5.92952,0.928888,5.5078599737600005
38679.58971799817,bench:30701d78ef2de7e3,55,6.82252,0.928888,6.33735695776
38687.74600198958,bench:30701d78ef2de7e3,55,5.42944,0.9275449,5.0360493818559995
38692.3982599983,bench:30701d78ef2de7e3,55,6.92968,0.9237842,6.401528895056001
38699.56336700125,bench:30701d78ef2de7e3,55,5.63483,0.9294252,5.237152999716
38707.68089199555,bench:30701d78ef2de7e3,55,6.768939,0.9294252,6.291222483862799
38712.33794599539,bench:30701d78ef2de7e3,55,5.358,0.9299625,4.982739075
38721.44559197477,bench:30701d78ef2de7e3,55,5.42944,0.9280821,5.038966077024
38731.700877979165,bench:30701d78ef2de7e3,55,6.81359,0.9291566,6.330892118194
38739.76073699305,bench:30701d78ef2de7e3,55,5.45623,0.9286194,5.0667610288619995
38745.176079974044,bench:30701d78ef2de7e3,55,6.85824,0.9291566,6.372378960384
38751.715358986985,bench:30701d78ef2de7e3,55,5.28656,0.928888,4.91062214528
38759.67473798664,bench:30701d78ef2de7e3,55,5.358,0.9283507,4.974103050599999
38767.6224129973,bench:30701d78ef2de7e3,55,5.90273,0.9291566,5.484560537518
38775.51351397415,bench:30701d78ef2de7e3,55,6.80466,0.9299625,6.328078625250001
38783.44850297435,bench:30701d78ef2de7e3,55,5.5366,0.9329173,5.16518992318
38795.62958699535,bench:30701d78ef2de7e3,55,6.80466,0.9291566,6.322594749756
38800.27497498668,bench:30701d78ef2de7e3,55,7.00112,0.9294252,6.507017356224
38804.961157991784,bench:30701d78ef2de7e3,55,6.57248,0.9291566,6.106863170367999
38811.73189799301,bench:30701d78ef2de7e3,55,6.88503,0.9291566,6.397271065698001
38816.37947098352,bench:30701d78ef2de7e3,55,7.03684,0.9294252,6.540216424367999
38823.58661398757,bench:30701d78ef2de7e3,55,5.42944,0.9302311,5.050633943584
38835.58962598909,bench:30701d78ef2de7e3,55,6.8761,0.928888,6.387126776800001
38843.53128197836,bench:30701d78ef2de7e3,55,6.88503,0.9291566,6.397271065698001
38851.56852999353,bench:30701d78ef2de7e3,55,6.57248,0.9286194,6.103332434112
38859.51446398394,bench:30701d78ef2de7e3,55,6.90289,0.9294252,6.415719918828
38864.737864991184,bench:30701d78ef2de7e3,55,6.89396,0.9291566,6.405568434136
38869.358659983845,bench:30701d78ef2de7e3,55,5.42944,0.928888,5.04334166272
38875.5176650011,bench:30701d78ef2de7e3,55,5.50088,0.9294252,5.112656494176
38883.58531999984,bench:30701d78ef2de7e3,55,6.768939,0.9294252,6.291222483862799
38887.7812110004,bench:30701d78ef2de7e3,55,6.786799,0.9291566,6.305999083723401
38895.71544100181,bench:30701d78ef2de7e3,55,5.358,0.9280821,4.9726638918
38903.59754298697,bench:30701d78ef2de7e3,55,6.768939,0.9286194,6.2857680728166
38915.58016499039,bench:30701d78ef2de7e3,55,6.768939,0.9296938,6.2930406208782
38927.56912097684,bench:30701d78ef2de7e3,55,6.768939,0.9291566,6.2894043468474
38931.84682598803,bench:30701d78ef2de7e3,55,6.911819,0.9280821,6.414735492339901
38936.02527299663,bench:30701d78ef2de7e3,55,6.88503,0.9296938,6.400969703814001
38943.57426598435,bench:30701d78ef2de7e3,55,5.64376,0.9291566,5.243936852816001
38948.158338986104,bench:30701d78ef2de7e3,55,6.85824,0.9294252,6.374221083648
38952.32380498783,bench:30701d78ef2de7e3,55,6.89396,0.928888,6.40371671648
38959.59228099673,bench:30701d78ef2de7e3,55,5.91166,0.9294252,5.494445777832
38963.772431976395,bench:30701d78ef2de7e3,55,5.57232,0.928888,5.1760611801600005
38967.92524898774,idle,55,3.42019,0.928888,3.17697344872
38974.385454988806,idle,55,1.58061,0.903369,1.42787407509
38989.622438995866,idle,55,1.57168,0.9036377,1.420229300336
38993.978235987015,idle,55,1.56275,0.9031004,1.4113201501000001
38998.30421898514,idle,55,1.57168,0.904175,1.421073764
39016.2511249946,idle,55,1.22341,0.8332592,1.0194176378720001
39046.17758098175,bench:faf4b10766e05405,56,2.03604,0.8335279,1.6970961455159999
39081.96289499756,bench:faf4b10766e05405,56,2.9469,0.928888,2.7373400472
39117.77398598497,bench:faf4b10766e05405,56,2.91118,0.9294252,2.7057240537359997
39148.52982299635,bench:faf4b10766e05405,56,2.95583,0.928888,2.74563501704
39187.89377398207,bench:faf4b10766e05405,56,2.9469,0.928888,2.7373400472
39223.665883997455,bench:faf4b10766e05405,56,2.9469,0.9286194,2.73654850986
39259.45125397993,bench:faf4b10766e05405,56,2.93797,0.9283507,2.7274665060789998
39290.14338797424,bench:faf4b10766e05405,56,2.92904,0.928888,2.7207501075200002
39330.94241897925,bench:faf4b10766e05405,56,2.93797,0.928888,2.72904507736
39370.26037098258,bench:faf4b10766e05405,56,2.9469,0.9291566,2.73813158454
39400.94250498805,bench:faf4b10766e05405,56,2.92904,0.928888,2.7207501075200002
39431.61254597362,bench:faf4b10766e05405,56,2.93797,0.9291566,2.729834216102
39465.87353898212,bench:faf4b10766e05405,56,2.93797,0.9291566,2.729834216102
39506.68158897315,bench:faf4b10766e05405,56,2.95583,0.9283507,2.744046849581
39551.089275977574,bench:faf4b10766e05405,56,2.9469,0.9291566,2.73813158454
39590.42783797486,bench:faf4b10766e05405,56,2.9469,0.9286194,2.73654850986
39621.17148999823,bench:faf4b10766e05405,56,2.95583,0.928888,2.74563501704
39650.489116989775,bench:faf4b10766e05405,56,2.9469,0.9286194,2.73654850986
39681.18167697685,bench:faf4b10766e05405,56,2.93797,0.928888,2.72904507736
39720.550571975764,bench:faf4b10766e05405,56,2.93797,0.9286194,2.728255938618
39779.19325197581,bench:faf4b10766e05405,56,2.84867,0.9291566,2.646860531722
39814.98536199797,bench:faf4b10766e05405,56,2.92011,0.9283507,2.710886162577
39844.2064159899,bench:faf4b10766e05405,56,2.92904,0.9291566,2.7215368476640003
39888.647472980665,bench:faf4b10766e05405,56,2.93797,0.9283507,2.7274665060789998
39928.02292297711,bench:faf4b10766e05405,56,2.93797,0.928888,2.72904507736
39977.4996979977,bench:faf4b10766e05405,56,2.91118,0.9286194,2.703378224892
40018.329765996896,bench:faf4b10766e05405,56,2.92904,0.9283507,2.719176334328
40059.19542699121,bench:faf4b10766e05405,56,2.93797,0.928888,2.72904507736
40089.950281981146,bench:faf4b10766e05405,56,2.92904,0.9291566,2.7215368476640003
40119.26366799162,bench:faf4b10766e05405,56,2.9469,0.9286194,2.73654850986
40153.56736499234,bench:faf4b10766e05405,56,2.92011,0.9283507,2.710886162577
40189.33430899051,bench:faf4b10766e05405,56,2.92904,0.9286194,2.719963367376
40220.087960973615,bench:faf4b10766e05405,56,3.05406,0.9294252,2.838520326312
40259.45159699768,bench:faf4b10766e05405,56,2.93797,0.928888,2.72904507736
40290.12880497612,bench:faf4b10766e05405,56,2.92904,0.9291566,2.7215368476640003
40339.60137597751,bench:faf4b10766e05405,56,2.92011,0.928888,2.71245513768
40378.977899992606,bench:faf4b10766e05405,56,2.92011,0.9291566,2.7132394792260004
40423.39866099064,bench:faf4b10766e05405,56,2.92904,0.928888,2.7207501075200002
40454.088257974945,bench:faf4b10766e05405,56,2.92011,0.928888,2.71245513768
40506.32232398493,bench:faf4b10766e05405,56,2.93797,0.9294252,2.730623354844
40567.816350987414,bench:faf4b10766e05405,56,2.92904,0.9286194,2.719963367376
40613.75285798567,bench:faf4b10766e05405,56,2.92904,0.9283507,2.719176334328
40629.97877897578,idle,56,1.66098,0.9286194,1.542418251012
40637.602955976035,idle,56,1.38415,0.8740894,1.20987084301
40655.50736300065,idle,56,0.95551,0.7225879,0.6904399643289999
40661.67488598148,idle,56,2.53612,0.7220506,1.831206967672
40668.30188597669,idle,56,1.32164,0.8633446,1.141030757144
40686.36780997622,idle,56,1.17876,0.8329906,0.981895999656
40699.58782999311,bench:49f0143e55984c10,57,2.68793,0.721782,1.9400994912600003
40704.015718976734,bench:49f0143e55984c10,57,3.45591,0.8883263,3.069975743433
40710.59103499283,bench:49f0143e55984c10,57,4.6436,0.9286194,4.31213704584
40717.48310799012,bench:49f0143e55984c10,57,4.71504,0.9294252,4.382276995008
40723.84875797434,bench:49f0143e55984c10,57,4.92043,0.9286194,4.569206754342
40731.61234197323,bench:49f0143e55984c10,57,5.90273,0.928888,5.482975064240001
40735.84576998837,bench:49f0143e55984c10,57,4.00957,0.928888,3.7244414581600003
40739.977309975075,bench:49f0143e55984c10,57,5.22405,0.9283507,4.849750474335
40747.7483379771,bench:49f0143e55984c10,57,5.88487,0.9286194,5.4648044484780005
40759.597997996025,bench:49f0143e55984c10,57,5.18833,0.928888,4.81937747704
40763.806981995,bench:49f0143e55984c10,57,5.06331,0.9270077,4.693727357487
40768.15435299068,bench:49f0143e55984c10,57,4.05422,0.9283507,3.7637379749539996
40772.40720699774,bench:49f0143e55984c10,57,6.47425,0.9291566,6.01559211755
40776.685281976825,bench:49f0143e55984c10,57,5.18833,0.9294252,4.822164647916
40787.572413973976,bench:49f0143e55984c10,57,6.00096,0.9296938,5.579055306048001
40791.874859976815,bench:49f0143e55984c10,57,5.27763,0.9286194,4.900909604022
40796.13371400046,bench:49f0143e55984c10,57,4.14352,0.9286194,3.8477530562879996
40800.39462298737,bench:49f0143e55984c10,57,4.09887,0.9270077,3.7996840512989998
40807.71496897796,bench:49f0143e55984c10,57,5.34014,0.9286194,4.958957602716
40812.029136985075,bench:49f0143e55984c10,57,5.28656,0.9283507,4.907781676591999
40816.33280499955,bench:49f0143e55984c10,57,5.21512,0.9278135,4.83865874012
40822.91441698908,bench:49f0143e55984c10,57,5.07224,0.9280821,4.707455150904
40827.86472799489,bench:49f0143e55984c10,57,5.25084,0.9275449,4.870389862716
40832.805630983785,bench:49f0143e55984c10,57,5.92059,0.928888,5.49956500392
40839.88855397911,bench:49f0143e55984c10,57,5.34907,0.9272762,4.960065303134
40845.399748999625,bench:49f0143e55984c10,57,5.31335,0.9186804,4.88127050334
40855.61466397485,bench:49f0143e55984c10,57,5.05438,0.9151884,4.625709945192
40864.06138999155,bench:49f0143e55984c10,57,5.358,0.9294252,4.979860221599999
40868.3187069837,bench:49f0143e55984c10,57,5.91166,0.9294252,5.494445777832
40875.48359198263,bench:49f0143e55984c10,57,7.072559,0.9294252,6.5734145630868
40880.442605994176,bench:49f0143e55984c10,57,7.06363,0.9280821,6.555628564023
40885.36041698535,bench:49f0143e55984c10,57,4.47393,0.9291566,4.1569815874380005
40895.65262797987,bench:49f0143e55984c10,57,5.50088,0.9197549,5.059461334312001
40903.62111697323,bench:49f0143e55984c10,57,5.25084,0.928888,4.87744226592
40911.72286498477,bench:49f0143e55984c10,57,5.8938,0.9278135,5.4683472063
40916.321566997794,bench:49f0143e55984c10,57,5.91166,0.9296938,5.496033649708
40921.327247982845,bench:49f0143e55984c10,57,3.64344,0.9280821,3.381411446424
40927.39180897479,bench:49f0143e55984c10,57,6.77787,0.9192177,6.230338072299
40931.83108698577,bench:49f0143e55984c10,57,5.07224,0.9219038,4.6761173305120005
40939.636873983545,bench:49f0143e55984c10,57,5.34014,0.9192177,4.908751208478
40951.145147992065,bench:49f0143e55984c10,57,5.75985,0.9280821,5.345613683685
40955.623610992916,bench:49f0143e55984c10,57,4.18817,0.9283507,3.8880905512190003
40963.737061974825,bench:49f0143e55984c10,57,4.13459,0.9291566,3.8416815867940004
40971.61877498729,bench:49f0143e55984c10,57,5.91166,0.9294252,5.494445777832
40979.73791099503,bench:49f0143e55984c10,57,4.14352,0.928888,3.8488660057599997
40987.683307990665,bench:49f0143e55984c10,57,5.29549,0.9278135,4.913227111115
40991.85023599421,bench:49f0143e55984c10,57,4.12566,0.9283507,3.8300593489619996
41003.58115698327,bench:49f0143e55984c10,57,4.15245,0.9280821,3.853814516145
41011.719404981704,bench:49f0143e55984c10,57,4.17031,0.928888,3.87375091528
41016.302236996125,bench:49f0143e55984c10,57,6.501039,0.9286194,6.0369909355566
41023.62310199533,bench:49f0143e55984c10,57,5.24191,0.9302311,4.876187705401
41028.31837799749,bench:49f0143e55984c10,57,6.92968,0.9280821,6.431311966728001
41035.68774298765,bench:49f0143e55984c10,57,5.18833,0.9286194,4.817983891601999
41040.30235199025,bench:49f0143e55984c10,57,5.96524,0.9296938,5.545846643512
41047.65725397738,bench:49f0143e55984c10,57,5.29549,0.9296938,4.923184220962
41052.59674999979,bench:49f0143e55984c10,57,5.6259,0.9286194,5.22431988246
41059.57787699299,bench:49f0143e55984c10,57,5.19726,0.9291566,4.829068430916
41063.92256397521,bench:49f0143e55984c10,57,4.98294,0.9194863,4.581745063722
41071.18892899598,bench:49f0143e55984c10,57,5.25977,0.9286194,4.884324461537999
41075.727705989266,bench:49f0143e55984c10,57,5.28656,0.9299625,4.916302554
41079.99361498514,bench:49f0143e55984c10,57,5.20619,0.9280821,4.831771748199
41084.77161297924,bench:49f0143e55984c10,57,6.77787,0.9291566,6.297702644442
41091.74118397641,bench:49f0143e55984c10,57,7.06363,0.928888,6.56132114344
41096.748643001774,bench:49f0143e55984c10,57,5.55446,0.9280821,5.154994901166
41104.33993197512,bench:49f0143e55984c10,57,5.91166,0.9294252,5.494445777832
41119.533119985135,bench:49f0143e55984c10,57,5.88487,0.9186804,5.406314725548
41127.601923974,bench:49f0143e55984c10,57,5.20619,0.9302311,4.842959850509001
41135.69839298725,bench:49f0143e55984c10,57,6.768939,0.9326486,6.3130414818354
41140.29218899668,bench:49f0143e55984c10,57,5.6259,0.9294252,5.22885323268
41147.62925700052,bench:49f0143e55984c10,57,5.1794,0.9286194,4.80969132036
41159.60580599494,bench:49f0143e55984c10,57,5.1794,0.9275449,4.80412605506
41163.85945599177,bench:49f0143e55984c10,57,6.98326,0.9291566,6.4885421185159995
41168.56223199284,bench:49f0143e55984c10,57,5.91166,0.9291566,5.492857905956001
41179.62806599098,bench:49f0143e55984c10,57,5.34907,0.9272762,4.960065303134
41186.18297399371,bench:49f0143e55984c10,57,4.14352,0.928888,3.8488660057599997
41190.46016098582,bench:49f0143e55984c10,57,4.26854,0.9291566,3.9661421133639996
41199.54345599399,bench:49f0143e55984c10,57,5.19726,0.9331858,4.850009230907999
41207.78881298611,bench:49f0143e55984c10,57,5.27763,0.9331858,4.925009373654
41211.99109297595,bench:49f0143e55984c10,57,5.18833,0.9259331,4.804046480723
41223.608033993514,bench:49f0143e55984c10,57,5.28656,0.9369466,4.953224417695999
41227.888145978795,bench:49f0143e55984c10,57,5.02759,0.9291566,4.671418430594
41232.573847984895,bench:49f0143e55984c10,57,6.47425,0.9291566,6.01559211755
41243.60181199154,bench:49f0143e55984c10,57,5.358,0.9294252,4.979860221599999
41250.76652999269,bench:49f0143e55984c10,57,5.57232,0.9280821,5.171570447472001
41255.747340997914,bench:49f0143e55984c10,57,7.04577,0.918949,6.47470329573
41267.57689099759,bench:49f0143e55984c10,57,5.50088,0.9296938,5.114134030544
41271.84320698143,bench:49f0143e55984c10,57,5.34907,0.9286194,4.967250173958
41276.22663398506,bench:49f0143e55984c10,57,6.483179,0.9280821,6.0169223809959
41280.90852097375,bench:49f0143e55984c10,57,6.92968,0.928888,6.43689659584
41289.687280979706,idle,57,5.7152,0.9299625,5.31492168
41294.327112991596,idle,57,1.65205,0.9186804,1.51770595482
41311.8015229993,idle,57,1.50024,0.888595,1.3331057628
41316.23709798441,idle,57,3.3041,0.8891322,2.93778170202
41320.5871359969,idle,57,1.50917,0.8883263,1.3406354021709999
41337.51266199397,idle,57,1.28592,0.8488392,1.091539304064
41351.57208199962,bench:a838ff16439e9fff,58,3.83097,0.8488392,3.2518775100240003
41362.44984299992,bench:a838ff16439e9fff,58,5.79557,0.9286194,5.381878736058
41371.6231189901,bench:a838ff16439e9fff,58,4.13459,0.928888,3.8405710359200005
41379.112334980164,bench:a838ff16439e9fff,58,5.50088,0.928888,5.1097014214400005
41383.67274097982,bench:a838ff16439e9fff,58,5.43837,0.928888,5.05163663256
41387.733782001305,bench:a838ff16439e9fff,58,5.54553,0.9280821,5.146707128013
41391.74991499749,bench:a838ff16439e9fff,58,2.75937,0.9296938,2.565369180906
41399.58762799506,bench:a838ff16439e9fff,58,5.86701,0.928888,5.44979518488
41403.64870498888,bench:a838ff16439e9fff,58,5.92952,0.9286194,5.506267304688
41411.21488297358,bench:a838ff16439e9fff,58,5.54553,0.9315742,5.166072673326
41415.63771700021,bench:a838ff16439e9fff,58,5.78664,0.9315742,5.390684528688
41423.40278197662,bench:a838ff16439e9fff,58,5.46516,0.928888,5.07652154208
41427.656894986285,bench:a838ff16439e9fff,58,5.54553,0.9299625,5.157134942625
41431.85300799087,bench:a838ff16439e9fff,58,5.64376,0.928888,5.2424209388800005
41439.53972199233,bench:a838ff16439e9fff,58,5.50088,0.9326486,5.1303880307680005
41447.51032197382,bench:a838ff16439e9fff,58,5.474089,0.9286194,5.0833452427266
41455.51177399466,bench:a838ff16439e9fff,58,5.92952,0.9286194,5.506267304688
41467.56580399233,bench:a838ff16439e9fff,58,5.50088,0.928888,5.1097014214400005
41471.847045992035,bench:a838ff16439e9fff,58,5.68841,0.9291566,5.285423695006
41475.82123498432,bench:a838ff16439e9fff,58,5.54553,0.9294252,5.154155329356
41483.517689979635,bench:a838ff16439e9fff,58,5.92952,0.9291566,5.5094526428320005
41491.50521599222,bench:a838ff16439e9fff,58,5.85808,0.928888,5.4415002150400005
41499.560185999144,bench:a838ff16439e9fff,58,5.43837,0.9304997,5.060401653489
41507.5449719734,bench:a838ff16439e9fff,58,5.48302,0.9291566,5.094584220932
41515.56099799927,bench:a838ff16439e9fff,58,5.64376,0.9291566,5.243936852816001
41523.5066729947,bench:a838ff16439e9fff,58,5.52767,0.9326486,5.155373686762
41531.578160997014,bench:a838ff16439e9fff,58,5.64376,0.928888,5.2424209388800005
41539.5702800015,bench:a838ff16439e9fff,58,5.78664,0.928888,5.3751404563200005
41547.59156497312,bench:a838ff16439e9fff,58,5.50088,0.9291566,5.111178957808001
41555.510128993774,bench:a838ff16439e9fff,58,5.92952,0.9286194,5.506267304688
41563.50743299117,bench:a838ff16439e9fff,58,5.5366,0.9326486,5.16370223876
41571.532125992235,bench:a838ff16439e9fff,58,5.68841,0.9294252,5.2869516019319995
41579.51957799378,bench:a838ff16439e9fff,58,5.491949,0.928888,5.1014055227120005
41583.58548799879,bench:a838ff16439e9fff,58,5.79557,0.9299625,5.389662766124999
41591.50619999855,bench:a838ff16439e9fff,58,5.65269,0.9291566,5.252234221254
41599.58485499374,bench:a838ff16439e9fff,58,5.50088,0.9294252,5.112656494176
41607.56960397703,bench:a838ff16439e9fff,58,5.48302,0.928888,5.09311148176
41615.58620398864,bench:a838ff16439e9fff,58,5.92952,0.928888,5.5078599737600005
41623.57480399078,bench:a838ff16439e9fff,58,5.64376,0.928888,5.2424209388800005
41631.51355297305,bench:a838ff16439e9fff,58,5.52767,0.9304997,5.143495276699
41635.84347997676,bench:a838ff16439e9fff,58,5.54553,0.9304997,5.160114001341
41643.56167498045,bench:a838ff16439e9fff,58,5.64376,0.928888,5.2424209388800005
41647.57703099167,bench:a838ff16439e9fff,58,5.52767,0.9291566,5.1360710631219995
41655.564390996005,bench:a838ff16439e9fff,58,5.54553,0.9304997,5.160114001341
41659.568616974866,bench:a838ff16439e9fff,58,5.54553,0.9304997,5.160114001341
41667.53547597909,bench:a838ff16439e9fff,58,5.50088,0.928888,5.1097014214400005
41675.53511398728,bench:a838ff16439e9fff,58,5.86701,0.9286194,5.448219305994
41683.52591799339,bench:a838ff16439e9fff,58,5.804499,0.9286194,5.3901703786806
41691.280742001254,bench:a838ff16439e9fff,58,5.50088,0.928888,5.1097014214400005
41699.521506991005,bench:a838ff16439e9fff,58,5.63483,0.928888,5.23412596904
41707.524847995955,bench:a838ff16439e9fff,58,5.52767,0.928888,5.1345863309599995
41711.86257098452,bench:a838ff16439e9fff,58,5.51874,0.9286194,5.124809027556
41719.59198798868,bench:a838ff16439e9fff,58,5.64376,0.928888,5.2424209388800005
41727.332071983255,bench:a838ff16439e9fff,58,5.50088,0.9307683,5.120044726104
41735.53678198368,bench:a838ff16439e9fff,58,5.37586,0.9291566,4.9950157996760005
41739.64289599098,bench:a838ff16439e9fff,58,4.09887,0.9294252,3.8095930695239995
41743.678213999374,bench:a838ff16439e9fff,58,4.08101,0.9291566,3.791897376166
41748.05010398268,bench:a838ff16439e9fff,58,2.54505,0.9278135,2.3613317481749996
41752.0588299958,bench:a838ff16439e9fff,58,4.07208,0.928888,3.7825062470399997
41760.09461499052,bench:a838ff16439e9fff,58,4.07208,0.928888,3.7825062470399997
41764.11608199123,bench:a838ff16439e9fff,58,4.07208,0.9294252,3.7846937684159996
41771.59083398874,bench:a838ff16439e9fff,58,4.16138,0.9294252,3.867691438776
41775.64735600026,bench:a838ff16439e9fff,58,5.39372,0.9294252,5.013059289744
41779.91707998444,bench:a838ff16439e9fff,58,5.42944,0.9294252,5.046258357887999
41787.532331974944,bench:a838ff16439e9fff,58,5.34907,0.928888,4.968686934160001
41795.52235797746,bench:a838ff16439e9fff,58,5.64376,0.9291566,5.243936852816001
41803.58319799416,bench:a838ff16439e9fff,58,5.79557,0.9291566,5.384992116262
41811.55585398665,bench:a838ff16439e9fff,58,5.67948,0.9291566,5.277126326568
41819.54165798379,bench:a838ff16439e9fff,58,5.54553,0.9315742,5.166072673326
41827.52209197497,bench:a838ff16439e9fff,58,5.56339,0.9294252,5.170754863428
41835.5255999777,bench:a838ff16439e9fff,58,5.58125,0.9291566,5.18585527375
41843.523903982714,bench:a838ff16439e9fff,58,5.50088,0.9299625,5.115612117
41851.530373998685,bench:a838ff16439e9fff,58,5.804499,0.9286194,5.3901703786806
41859.56888098735,bench:a838ff16439e9fff,58,5.93845,0.9291566,5.5177500112699995
41867.58486999315,bench:a838ff16439e9fff,58,5.51874,0.9291566,5.1277736946840005
41879.56195598235,bench:a838ff16439e9fff,58,5.509809,0.9286194,5.1165155276946
41883.66371797747,bench:a838ff16439e9fff,58,5.50088,0.928888,5.1097014214400005
41887.93375698151,bench:a838ff16439e9fff,58,5.79557,0.9280821,5.3787647762969995
41891.962223977316,bench:a838ff16439e9fff,58,5.4473,0.928888,5.059931602400001
41896.03357898886,bench:a838ff16439e9fff,58,5.64376,0.9291566,5.243936852816001
41903.51497899974,bench:a838ff16439e9fff,58,5.79557,0.9291566,5.384992116262
41911.509134981316,bench:a838ff16439e9fff,58,5.87594,0.9299625,5.46440385225
41919.561567978235,bench:a838ff16439e9fff,58,5.509809,0.928888,5.117995462392
41927.543723984854,bench:a838ff16439e9fff,58,5.50088,0.928888,5.1097014214400005
41935.5046399869,bench:a838ff16439e9fff,58,5.491949,0.9326486,5.1220585461214005
41940.66898597521,idle,58,5.79557,0.928888,5.38343542616
41944.94661697536,idle,58,1.71456,0.9286194,1.5921736784640002
41959.200016979594,idle,58,1.72349,0.9283507,1.600003147943
41967.50566997798,idle,58,3.08085,0.8187538,2.52245764473
41975.637398980325,idle,58,1.01802,0.7225879,0.7356089339579999
41992.91884797276,idle,58,1.28592,0.8483019,1.090848379248
42003.565296996385,bench:a45d21aa621b4e24,59,3.85776,0.8483019,3.2725451377440002
42010.39496198064,bench:a45d21aa621b4e24,59,5.21512,0.9194863,4.7952313928559995
42016.60092899692,bench:a45d21aa621b4e24,59,5.23298,0.9192177,4.810247839746
42026.931472995784,bench:a45d21aa621b4e24,59,5.67055,0.9291566,5.26882895813
42035.46092097531,bench:a45d21aa621b4e24,59,5.37586,0.9291566,4.9950157996760005
42039.57918297965,bench:a45d21aa621b4e24,59,5.91166,0.9291566,5.492857905956001
42043.572204973316,bench:a45d21aa621b4e24,59,5.50088,0.9291566,5.111178957808001
42047.88152099354,bench:a45d21aa621b4e24,59,3.14336,0.9283507,2.918140456352
42051.83789599687,bench:a45d21aa621b4e24,59,4.1078,0.9291566,3.8167894814800003
42059.62633099989,bench:a45d21aa621b4e24,59,3.2148,0.9299625,2.989643445
42067.21760099754,bench:a45d21aa621b4e24,59,5.75985,0.9296938,5.35489683393
42075.57567997719,bench:a45d21aa621b4e24,59,5.804499,0.9294252,5.394847643974799
42079.53203597572,bench:a45d21aa621b4e24,59,5.92952,0.9294252,5.511045311904
42087.49956198153,bench:a45d21aa621b4e24,59,5.64376,0.928888,5.2424209388800005
42091.57680597855,bench:a45d21aa621b4e24,59,5.86701,0.9296938,5.454522821538
42095.75367899379,bench:a45d21aa621b4e24,59,5.822359,0.9291566,5.4098832924194
42103.53141097585,bench:a45d21aa621b4e24,59,5.65269,0.9291566,5.252234221254
42107.70748698269,bench:a45d21aa621b4e24,59,4.16138,0.928888,3.8654559454400004
42111.64276898489,bench:a45d21aa621b4e24,59,4.27747,0.928888,3.9732905533600005
42115.555625990964,bench:a45d21aa621b4e24,59,4.21496,0.9291566,3.916357902736
42119.44809299894,bench:a45d21aa621b4e24,59,5.0008,0.9294252,4.647869540159999
42123.586540983524,bench:a45d21aa621b4e24,59,5.804499,0.9286194,5.3901703786806
42131.491641979665,bench:a45d21aa621b4e24,59,5.65269,0.9286194,5.249197596186
42135.61238499824,bench:a45d21aa621b4e24,59,5.77771,0.9291566,5.368397379386
42143.554966984084,bench:a45d21aa621b4e24,59,5.79557,0.928888,5.38343542616
42147.60698899045,bench:a45d21aa621b4e24,59,5.52767,0.9291566,5.1360710631219995
42151.57269698102,bench:a45d21aa621b4e24,59,5.78664,0.9291566,5.376694747824001
42155.73684798437,bench:a45d21aa621b4e24,59,4.16138,0.9291566,3.866573692108
42159.64701899793,bench:a45d21aa621b4e24,59,4.35784,0.9291566,4.049115797744
42163.571468001464,bench:a45d21aa621b4e24,59,4.17031,0.928888,3.87375091528
42167.48791697319,bench:a45d21aa621b4e24,59,5.06331,0.928888,4.703247899280001
42171.409014001256,bench:a45d21aa621b4e24,59,4.18817,0.928888,3.8903408549600007
42175.33179599559,bench:a45d21aa621b4e24,59,4.21496,0.928888,3.9152257644799997
42179.24000398489,bench:a45d21aa621b4e24,59,4.15245,0.9291566,3.85827632367
42183.15986098605,bench:a45d21aa621b4e24,59,4.85792,0.9291566,4.513768430272
42187.11227198946,bench:a45d21aa621b4e24,59,4.71504,0.9291566,4.381010535264
42191.54695799807,bench:a45d21aa621b4e24,59,4.17031,0.9286194,3.8726307700139997
42195.45210999786,bench:a45d21aa621b4e24,59,4.2864,0.9291566,3.9827368502400002
42199.35631897533,bench:a45d21aa621b4e24,59,4.17031,0.9286194,3.8726307700139997
42203.236915986054,bench:a45d21aa621b4e24,59,4.99187,0.9286194,4.635547324278
42207.59189798264,bench:a45d21aa621b4e24,59,4.48286,0.9294252,4.1664830520719995
42211.56038399204,bench:a45d21aa621b4e24,59,4.71504,0.9286194,4.378477615776
42215.44051798992,bench:a45d21aa621b4e24,59,4.71504,0.928888,4.379744075520001
42219.53883598326,bench:a45d21aa621b4e24,59,4.47393,0.9280821,4.152174349653
42223.482914996566,bench:a45d21aa621b4e24,59,4.17924,0.928888,3.88204588512
42227.607176988386,bench:a45d21aa621b4e24,59,4.47393,0.9280821,4.152174349653
42231.543292000424,bench:a45d21aa621b4e24,59,4.17924,0.928888,3.88204588512
42235.558665997814,bench:a45d21aa621b4e24,59,4.57216,0.9291566,4.248252640256
42239.45961499703,bench:a45d21aa621b4e24,59,4.45607,0.9294252,4.141583750964
42243.341008987045,bench:a45d21aa621b4e24,59,4.2864,0.928888,3.9815855232000006
42247.36147598014,bench:a45d21aa621b4e24,59,4.85792,0.928888,4.5124635929600005
42251.309257990215,bench:a45d21aa621b4e24,59,4.7329,0.928888,4.3963340152
42255.60773999314,bench:a45d21aa621b4e24,59,4.9115,0.9286194,4.5609141831
42259.81137200142,bench:a45d21aa621b4e24,59,4.17924,0.9286194,3.880923341256
42263.73622799292,bench:a45d21aa621b4e24,59,4.20603,0.9283507,3.904670894721
42267.66075097839,bench:a45d21aa621b4e24,59,4.15245,0.928888,3.8571609756000003
42271.55932999449,bench:a45d21aa621b4e24,59,4.71504,0.9286194,4.378477615776
42275.51501899143,bench:a45d21aa621b4e24,59,4.71504,0.9294252,4.382276995008
42279.54417097499,bench:a45d21aa621b4e24,59,4.40249,0.9296938,4.092967657562
42283.679469983326,bench:a45d21aa621b4e24,59,4.18817,0.928888,3.8903408549600007
42287.8472689772,bench:a45d21aa621b4e24,59,4.17924,0.928888,3.88204588512
42291.732013982255,bench:a45d21aa621b4e24,59,5.07224,0.9286194,4.710180465456
42295.62383398297,bench:a45d21aa621b4e24,59,4.17031,0.9286194,3.8726307700139997
42299.55365299247,bench:a45d21aa621b4e24,59,4.34891,0.928888,4.03965031208
42303.468953992706,bench:a45d21aa621b4e24,59,4.17031,0.928888,3.87375091528
42307.32247798005,bench:a45d21aa621b4e24,59,4.70611,0.9296938,4.375241289118
42311.539941991214,bench:a45d21aa621b4e24,59,4.48286,0.9291566,4.1652789558759995
42315.53318697843,bench:a45d21aa621b4e24,59,4.16138,0.9291566,3.866573692108
42319.53811697895,bench:a45d21aa621b4e24,59,4.16138,0.9286194,3.8643381987720002
42323.53475000127,bench:a45d21aa621b4e24,59,4.47393,0.9294252,4.158183285036
42327.46882899664,bench:a45d21aa621b4e24,59,4.49179,0.9291566,4.173576324314
42331.384147983044,bench:a45d21aa621b4e24,59,4.17031,0.9286194,3.8726307700139997
42335.2818749845,bench:a45d21aa621b4e24,59,5.0008,0.9283507,4.642496180559999
42339.5380989823,bench:a45d21aa621b4e24,59,4.17031,0.928888,3.87375091528
42343.510806997074,bench:a45d21aa621b4e24,59,4.21496,0.9291566,3.916357902736
42347.38688598736,bench:a45d21aa621b4e24,59,5.07224,0.9286194,4.710180465456
42351.35318597895,bench:a45d21aa621b4e24,59,5.03652,0.9286194,4.677010180488001
42355.371244979324,bench:a45d21aa621b4e24,59,5.06331,0.928888,4.703247899280001
42359.3768409919,bench:a45d21aa621b4e24,59,5.06331,0.9291566,4.704607904346
42363.37886398542,bench:a45d21aa621b4e24,59,5.0008,0.9304997,4.65324289976
42367.59895799332,bench:a45d21aa621b4e24,59,4.16138,0.9286194,3.8643381987720002
42372.01842200011,bench:a45d21aa621b4e24,59,4.17924,0.9286194,3.880923341256
42375.896388984984,bench:a45d21aa621b4e24,59,4.17924,0.928888,3.88204588512
42379.7661169956,bench:a45d21aa621b4e24,59,4.49179,0.9291566,4.173576324314
42383.625324990135,bench:a45d21aa621b4e24,59,4.71504,0.928888,4.379744075520001
42387.58156998665,bench:a45d21aa621b4e24,59,4.74183,0.9294252,4.407176296116
42391.53546298621,bench:a45d21aa621b4e24,59,4.47393,0.9294252,4.158183285036
42395.45507897856,bench:a45d21aa621b4e24,59,4.14352,0.928888,3.8488660057599997
42399.32615798898,bench:a45d21aa621b4e24,59,5.02759,0.9291566,4.671418430594
42403.26032898156,bench:a45d21aa621b4e24,59,4.27747,0.9291566,3.974439481802
42407.163500000024,bench:a45d21aa621b4e24,59,4.18817,0.9286194,3.8892159124980004
42411.054930998944,bench:a45d21aa621b4e24,59,4.15245,0.9291566,3.85827632367
42414.89930599346,bench:a45d21aa621b4e24,59,4.71504,0.928888,4.379744075520001
42419.593100989005,bench:a45d21aa621b4e24,59,4.17031,0.9286194,3.8726307700139997
42423.53315997752,bench:a45d21aa621b4e24,59,4.9115,0.928888,4.562233412
42427.469368994934,bench:a45d21aa621b4e24,59,4.27747,0.9291566,3.974439481802
42431.589870975586,bench:a45d21aa621b4e24,59,4.48286,0.9294252,4.1664830520719995
42435.54430099903,bench:a45d21aa621b4e24,59,4.16138,0.9291566,3.866573692108
42439.58873098018,bench:a45d21aa621b4e24,59,4.48286,0.9291566,4.1652789558759995
42443.500661000144,bench:a45d21aa621b4e24,59,4.25961,0.9291566,3.957844744926
42447.4320729787,bench:a45d21aa621b4e24,59,4.16138,0.928888,3.8654559454400004
42451.31965199835,bench:a45d21aa621b4e24,59,4.99187,0.9286194,4.635547324278
42455.29039698886,bench:a45d21aa621b4e24,59,4.71504,0.928888,4.379744075520001
42459.44262199919,bench:a45d21aa621b4e24,59,4.71504,0.9294252,4.382276995008
42463.3704959997,bench:a45d21aa621b4e24,59,4.7329,0.928888,4.3963340152
42467.59249799652,bench:a45d21aa621b4e24,59,4.17031,0.9286194,3.8726307700139997
42471.5312429762,bench:a45d21aa621b4e24,59,4.71504,0.9286194,4.378477615776
42475.390914973104,bench:a45d21aa621b4e24,59,4.41142,0.9291566,4.0989000083719995
42479.25521599245,bench:a45d21aa621b4e24,59,4.14352,0.9286194,3.8477530562879996
42483.16825798247,bench:a45d21aa621b4e24,59,4.3757,0.9302311,4.07041222427
42487.05650298507,bench:a45d21aa621b4e24,59,3.572,0.9291566,3.3189473752
42490.91778599541,bench:a45d21aa621b4e24,59,4.20603,0.9299625,3.911450173875
42494.829067989485,bench:a45d21aa621b4e24,59,4.22389,0.9286194,3.922386197466
42498.67723998614,bench:a45d21aa621b4e24,59,3.42912,0.9294252,3.187110541824
42502.57870799396,bench:a45d21aa621b4e24,59,5.63483,0.9291566,5.235639484378
42511.54439197853,bench:a45d21aa621b4e24,59,5.804499,0.928888,5.391729467112
42515.62256200123,bench:a45d21aa621b4e24,59,5.92059,0.9286194,5.497974733446
42523.54440398631,bench:a45d21aa621b4e24,59,5.93845,0.9291566,5.5177500112699995
42535.52402698551,bench:a45d21aa621b4e24,59,5.65269,0.9291566,5.252234221254
42547.57731498103,bench:a45d21aa621b4e24,59,5.92059,0.9304997,5.509107218823
42551.59731899039,bench:a45d21aa621b4e24,59,5.92059,0.9291566,5.501155274394
42555.54778597434,bench:a45d21aa621b4e24,59,5.81343,0.928888,5.40002536584
42559.57423397922,bench:a45d21aa621b4e24,59,5.68841,0.9286194,5.282367881154
42567.16457899893,bench:a45d21aa621b4e24,59,5.77771,0.9291566,5.368397379386
42571.58239398268,bench:a45d21aa621b4e24,59,5.79557,0.9294252,5.386548806363999
42575.87563598645,bench:a45d21aa621b4e24,59,5.97417,0.9291566,5.550939485022
42583.16209400073,bench:a45d21aa621b4e24,59,5.67055,0.9294252,5.27035206786
42587.60929797427,bench:a45d21aa621b4e24,59,5.81343,0.9291566,5.401586853138
42596.91255399957,idle,59,5.92059,0.9291566,5.501155274394
42601.378275983734,idle,59,1.73242,0.9283507,1.608293319694
42615.63821299933,idle,59,1.72349,0.9286194,1.600466249706
42622.88826398435,idle,59,1.75921,0.8182165,1.439414648965
42628.76995597617,idle,59,1.21448,0.8187538,0.994360115024
42643.58212897787,idle,59,1.19662,0.8187538,0.979737172156
42658.958223997615,bench:88da3869c56a940a,60,2.79509,0.7225879,2.019698213411
42671.061531000305,bench:88da3869c56a940a,60,5.474089,0.9299625,5.0906974916625005
42683.58212997555,bench:88da3869c56a940a,60,5.45623,0.9286194,5.0667610288619995
42687.71578097949,bench:88da3869c56a940a,60,5.66162,0.9283507,5.255968890134
42695.571104995906,bench:88da3869c56a940a,60,5.509809,0.9280821,5.1135551073189
42703.56281599379,bench:88da3869c56a940a,60,5.50088,0.9304997,5.118567189736001
42708.789124997566,bench:88da3869c56a940a,60,5.43837,0.9286194,5.050175886378
42719.54325799015,bench:88da3869c56a940a,60,5.358,0.9294252,4.979860221599999
42727.52333898097,bench:88da3869c56a940a,60,5.39372,0.9291566,5.011610536552
42735.52553198533,bench:88da3869c56a940a,60,5.38479,0.9294252,5.0047595227079995
42743.56905798777,bench:88da3869c56a940a,60,5.358,0.928888,4.976981904
42747.57696897723,bench:88da3869c56a940a,60,5.42944,0.9296938,5.047716705471999
42755.516569974134,bench:88da3869c56a940a,60,5.39372,0.928888,5.01016178336
42767.52448899788,bench:88da3869c56a940a,60,5.34907,0.9291566,4.970123694362
42775.52690397715,bench:88da3869c56a940a,60,5.43837,0.9286194,5.050175886378
42783.42387499288,bench:88da3869c56a940a,60,5.59018,0.9296938,5.197155686884
42787.5947849825,bench:88da3869c56a940a,60,5.64376,0.9283507,5.239388546632
42795.55812597391,bench:88da3869c56a940a,60,5.50088,0.9291566,5.111178957808001
42799.571999988984,bench:88da3869c56a940a,60,5.59018,0.9304997,5.201660812946001
42803.57772597927,bench:88da3869c56a940a,60,5.509809,0.9286194,5.1165155276946
42811.54684498324,bench:88da3869c56a940a,60,5.48302,0.928888,5.09311148176
42815.59212697903,bench:88da3869c56a940a,60,5.65269,0.9291566,5.252234221254
42823.54363499326,bench:88da3869c56a940a,60,5.491949,0.9286194,5.0999303852106
42827.582044992596,bench:88da3869c56a940a,60,5.509809,0.9291566,5.1194753970894
42835.53736799513,bench:88da3869c56a940a,60,5.43837,0.9291566,5.053097378742
42843.5663569835,bench:88da3869c56a940a,60,5.509809,0.9326486,5.1387156501174
42847.588841977995,bench:88da3869c56a940a,60,5.46516,0.9299625,5.0823938565
42855.52527598338,bench:88da3869c56a940a,60,5.5366,0.9326486,5.16370223876
42863.34128599265,bench:88da3869c56a940a,60,5.50088,0.9294252,5.112656494176
42867.48462097603,bench:88da3869c56a940a,60,4.27747,0.9294252,3.975588410244
42871.5587539773,bench:88da3869c56a940a,60,4.20603,0.928888,3.9069307946400005
42875.61681299121,bench:88da3869c56a940a,60,4.42928,0.9291566,4.115494745248
42879.59718797356,bench:88da3869c56a940a,60,4.17924,0.9286194,3.880923341256
42883.568820980145,bench:88da3869c56a940a,60,4.18817,0.928888,3.8903408549600007
42887.54695499665,bench:88da3869c56a940a,60,4.20603,0.9291566,3.908060534298
42891.58405098715,bench:88da3869c56a940a,60,4.16138,0.9291566,3.866573692108
42895.64885100117,bench:88da3869c56a940a,60,4.14352,0.928888,3.8488660057599997
42899.601761979284,bench:88da3869c56a940a,60,4.18817,0.9286194,3.8892159124980004
42903.53604397387,bench:88da3869c56a940a,60,4.17924,0.928888,3.88204588512
42907.49517799122,bench:88da3869c56a940a,60,4.20603,0.928888,3.9069307946400005
42911.53171900078,bench:88da3869c56a940a,60,4.16138,0.928888,3.8654559454400004
42915.49237098661,bench:88da3869c56a940a,60,4.18817,0.9286194,3.8892159124980004
42919.506245001685,bench:88da3869c56a940a,60,4.25068,0.9294252,3.950689109136
42923.466007981915,bench:88da3869c56a940a,60,4.17031,0.9283507,3.871510207717
42927.399012987735,bench:88da3869c56a940a,60,4.17031,0.9283507,3.871510207717
42931.36842397507,bench:88da3869c56a940a,60,4.17031,0.928888,3.87375091528
42935.38601999171,bench:88da3869c56a940a,60,4.17924,0.9280821,3.8786778356040004
42939.3207289977,bench:88da3869c56a940a,60,4.17031,0.9291566,3.874871060546
42943.286380992504,bench:88da3869c56a940a,60,4.18817,0.928888,3.8903408549600007
42947.224810981425,bench:88da3869c56a940a,60,4.2864,0.928888,3.9815855232000006
42951.188129984075,bench:88da3869c56a940a,60,4.18817,0.928888,3.8903408549600007
42955.13363397913,bench:88da3869c56a940a,60,4.15245,0.9286194,3.85604562753
42959.139618993504,bench:88da3869c56a940a,60,4.45607,0.9286194,4.137993049758
42963.087419979274,bench:88da3869c56a940a,60,4.17031,0.9283507,3.871510207717
42967.09749798174,bench:88da3869c56a940a,60,4.16138,0.9286194,3.8643381987720002
42971.14526099176,bench:88da3869c56a940a,60,4.17924,0.928888,3.88204588512
42979.554153978825,bench:88da3869c56a940a,60,5.51874,0.9304997,5.135185914378001
42991.57859099796,bench:88da3869c56a940a,60,5.509809,0.9283507,5.1150350420162995
42995.67622298491,bench:88da3869c56a940a,60,5.48302,0.9286194,5.091638742588
42999.67550497968,bench:88da3869c56a940a,60,5.51874,0.9286194,5.124809027556
43003.75100798556,bench:88da3869c56a940a,60,5.58125,0.9283507,5.181357344375
43007.78462298331,bench:88da3869c56a940a,60,5.509809,0.928888,5.117995462392
43012.12979099364,bench:88da3869c56a940a,60,5.509809,0.928888,5.117995462392
43016.16849799757,bench:88da3869c56a940a,60,5.52767,0.9294252,5.137555795283999
43021.3913799962,bench:88da3869c56a940a,60,5.509809,0.9291566,5.1194753970894
43035.57181797805,bench:88da3869c56a940a,60,5.52767,0.9299625,5.1405258123749995
43039.68448800151,bench:88da3869c56a940a,60,5.51874,0.9280821,5.121843808554
43043.693101993995,bench:88da3869c56a940a,60,5.509809,0.9280821,5.1135551073189
43047.70736498176,bench:88da3869c56a940a,60,5.509809,0.9291566,5.1194753970894
43051.969477994135,bench:88da3869c56a940a,60,5.5366,0.9304997,5.15180463902
43056.03581498144,bench:88da3869c56a940a,60,5.45623,0.928888,5.06822657224
43060.01633699634,bench:88da3869c56a940a,60,5.66162,0.9291566,5.260531589692
43064.08878497314,bench:88da3869c56a940a,60,5.50088,0.9294252,5.112656494176
43068.083343998296,bench:88da3869c56a940a,60,5.509809,0.9291566,5.1194753970894
43072.17962498544,bench:88da3869c56a940a,60,5.38479,0.9294252,5.0047595227079995
43076.19520300068,bench:88da3869c56a940a,60,5.4473,0.9291566,5.0613947471800005
43080.218594986945,bench:88da3869c56a940a,60,5.474089,0.9280821,5.0804040147069
43087.243647983996,bench:88da3869c56a940a,60,5.54553,0.9294252,5.154155329356
43091.6088160011,bench:88da3869c56a940a,60,5.52767,0.9294252,5.137555795283999
43095.62048598309,bench:88da3869c56a940a,60,5.50088,0.928888,5.1097014214400005
43099.931190983625,bench:88da3869c56a940a,60,5.57232,0.928888,5.1760611801600005
43103.947860974586,bench:88da3869c56a940a,60,5.52767,0.9291566,5.1360710631219995
43107.93860600097,bench:88da3869c56a940a,60,5.42051,0.9280821,5.030678303871
43112.20701498678,bench:88da3869c56a940a,60,5.52767,0.928888,5.1345863309599995
43116.19479698129,bench:88da3869c56a940a,60,5.46516,0.9280821,5.072117169636
43120.28366999584,bench:88da3869c56a940a,60,5.509809,0.9304997,5.1268756215573
43124.29213698488,bench:88da3869c56a940a,60,5.51874,0.9294252,5.129256028248
43128.292918001534,bench:88da3869c56a940a,60,5.474089,0.9286194,5.0833452427266
43132.31181100127,bench:88da3869c56a940a,60,5.51874,0.9283507,5.123326142118
43136.36622199556,bench:88da3869c56a940a,60,5.52767,0.928888,5.1345863309599995
43140.4428909882,bench:88da3869c56a940a,60,5.51874,0.9280821,5.121843808554
43144.435709982645,bench:88da3869c56a940a,60,5.51874,0.9280821,5.121843808554
43148.46467698226,bench:88da3869c56a940a,60,5.50088,0.9291566,5.111178957808001
43152.45992099517,bench:88da3869c56a940a,60,5.51874,0.9291566,5.1277736946840005
43156.53457297594,bench:88da3869c56a940a,60,5.43837,0.9291566,5.053097378742
43160.474798991345,bench:88da3869c56a940a,60,5.51874,0.9299625,5.13222124725
43164.577486983035,bench:88da3869c56a940a,60,5.48302,0.9299625,5.0990029867499995
43168.63323099096,bench:88da3869c56a940a,60,5.60804,0.9283507,5.206227859628
43172.616272000596,bench:88da3869c56a940a,60,5.43837,0.9304997,5.060401653489
43179.66930597322,bench:88da3869c56a940a,60,5.491949,0.9294252,5.1043557977148
43183.67727298755,bench:88da3869c56a940a,60,5.59018,0.9280821,5.188145993778
43187.70757300081,bench:88da3869c56a940a,60,5.58125,0.9291566,5.18585527375
43191.712187981466,bench:88da3869c56a940a,60,5.51874,0.928888,5.126291361120001
43195.74945099885,bench:88da3869c56a940a,60,5.52767,0.9294252,5.137555795283999
43203.53838597657,bench:88da3869c56a940a,60,5.58125,0.9291566,5.18585527375
43211.52557898313,bench:88da3869c56a940a,60,5.64376,0.9326486,5.263644862736
43219.555622985354,bench:88da3869c56a940a,60,5.474089,0.928888,5.084815583032
43227.5456310017,bench:88da3869c56a940a,60,5.509809,0.928888,5.117995462392
43235.54086097283,bench:88da3869c56a940a,60,5.474089,0.9304997,5.093638172273301
43243.560016999254,bench:88da3869c56a940a,60,5.59911,0.9304997,5.209970175267
43247.82796300133,idle,60,2.72365,0.9294252,2.53142894598
43255.13177199173,idle,60,1.58954,0.9036377,1.436368269658
43273.19364098366,idle,60,1.21448,0.8182165,0.9937075749200001
43284.9304319825,idle,60,1.44666,0.8735522,1.263733025652
43290.219350979896,idle,60,1.44666,0.8735522,1.263733025652
43308.33551599062,idle,60,1.17876,0.8184852,0.9647976143520001
43319.563810975524,bench:389e2a26e3876a34,61,3.38447,0.8182165,2.769229197755
43327.56352299475,bench:389e2a26e3876a34,61,4.12566,0.8625388,3.558541825608
43335.52404897637,bench:389e2a26e3876a34,61,7.01898,0.9299625,6.52738818825
43345.91183299199,bench:389e2a26e3876a34,61,5.36693,0.9280821,4.980951664953
43350.57231297833,bench:389e2a26e3876a34,61,4.17924,0.9286194,3.880923341256
43354.745129996445,bench:389e2a26e3876a34,61,4.17031,0.928888,3.87375091528
43358.87461400125,bench:389e2a26e3876a34,61,4.18817,0.9315742,3.9015911172140005
43362.98246899969,bench:389e2a26e3876a34,61,4.17031,0.9302311,3.8793520586409995
43367.07463898347,bench:389e2a26e3876a34,61,4.36677,0.9286194,4.0550673373379995
43375.5683649797,bench:389e2a26e3876a34,61,4.35784,0.928888,4.047945281920001
43379.91382798646,bench:389e2a26e3876a34,61,5.33121,0.9280821,4.9478005723409995
43387.54383899504,bench:389e2a26e3876a34,61,5.92952,0.9280821,5.503081373592
43395.70328997797,bench:389e2a26e3876a34,61,5.43837,0.9286194,5.050175886378
43399.81884797453,bench:389e2a26e3876a34,61,3.59879,0.9286194,3.341906210526
43403.92912898096,bench:389e2a26e3876a34,61,5.75985,0.928888,5.350255546800001
43411.556657985784,bench:389e2a26e3876a34,61,5.840219,0.9286194,5.423340663648601
43415.74132698588,bench:389e2a26e3876a34,61,4.36677,0.9291566,4.057413166182
43419.9362739746,bench:389e2a26e3876a34,61,4.1971,0.9286194,3.89750848374
43427.69141297322,bench:389e2a26e3876a34,61,4.22389,0.9286194,3.922386197466
43431.91571100033,bench:389e2a26e3876a34,61,2.95583,0.9296938,2.748016824854
43436.16408397793,bench:389e2a26e3876a34,61,5.58125,0.928888,5.18435615
43443.64770699758,bench:389e2a26e3876a34,61,4.15245,0.928888,3.8571609756000003
43447.82415300142,bench:389e2a26e3876a34,61,4.16138,0.9283507,3.863220035966
43451.90535997972,bench:389e2a26e3876a34,61,4.16138,0.928888,3.8654559454400004
43455.99599299021,bench:389e2a26e3876a34,61,4.17031,0.9280821,3.870390062451
43463.55389300152,bench:389e2a26e3876a34,61,4.25068,0.9286194,3.947263911192
43467.738339997595,bench:389e2a26e3876a34,61,4.27747,0.9294252,3.975588410244
43471.919100993546,bench:389e2a26e3876a34,61,4.15245,0.9291566,3.85827632367
43479.6897409833,bench:389e2a26e3876a34,61,7.072559,0.928888,6.569615184392
43483.97081598523,bench:389e2a26e3876a34,61,4.17924,0.9283507,3.879800379468
43488.146503979806,bench:389e2a26e3876a34,61,4.16138,0.9291566,3.866573692108
43492.32048797421,bench:389e2a26e3876a34,61,4.18817,0.9299625,3.8948410436250005
43499.694814992836,bench:389e2a26e3876a34,61,4.21496,0.9291566,3.916357902736
43503.888409992214,bench:389e2a26e3876a34,61,5.86701,0.9291566,5.451371063766
43511.53853198048,bench:389e2a26e3876a34,61,7.143999,0.9286194,6.6340560649806
43515.93127299566,bench:389e2a26e3876a34,61,4.17924,0.9286194,3.880923341256
43520.091071986826,bench:389e2a26e3876a34,61,4.27747,0.9326486,3.989376407042
43524.65586698963,bench:389e2a26e3876a34,61,4.17031,0.9286194,3.8726307700139997
43528.807295981096,bench:389e2a26e3876a34,61,4.20603,0.9286194,3.905801054982
43532.93085398036,bench:389e2a26e3876a34,61,4.17924,0.9304997,3.8887815662280003
43537.09470797912,bench:389e2a26e3876a34,61,5.42944,0.9291566,5.044800010304
43541.23385899584,bench:389e2a26e3876a34,61,3.00048,0.9283507,2.785497708336
43547.6849169936,bench:389e2a26e3876a34,61,4.17031,0.9304997,3.880472203907
43552.07628797507,bench:389e2a26e3876a34,61,5.509809,0.9291566,5.1194753970894
43559.6656499838,bench:389e2a26e3876a34,61,5.79557,0.9291566,5.384992116262
43571.61399599863,bench:389e2a26e3876a34,61,6.53676,0.9283507,6.068405721732
43575.80016498105,bench:389e2a26e3876a34,61,6.85824,0.9286194,6.368694713856001
43587.57512198645,bench:389e2a26e3876a34,61,5.94738,0.9299625,5.53084037325
43591.81091998471,bench:389e2a26e3876a34,61,6.53676,0.9286194,6.070162149144
43596.08392199152,bench:389e2a26e3876a34,61,5.59911,0.9294252,5.203953931571999
43603.49482297897,bench:389e2a26e3876a34,61,5.358,0.9283507,4.974103050599999
43607.881953998,bench:389e2a26e3876a34,61,5.18833,0.9184118,4.765023494294
43619.170192978345,bench:389e2a26e3876a34,61,7.072559,0.9299625,6.5772146490375
43627.66058597481,bench:389e2a26e3876a34,61,7.21544,0.9280821,6.696520707624
43632.18088098802,bench:389e2a26e3876a34,61,5.38479,0.9286194,5.0004204589259995
43639.571226987755,bench:389e2a26e3876a34,61,7.072559,0.9280821,6.5639154090939
43644.03181997477,bench:389e2a26e3876a34,61,5.20619,0.9192177,4.785621997563
43650.34752700012,bench:389e2a26e3876a34,61,7.2333,0.9291566,6.72086843478
43655.70590799325,bench:389e2a26e3876a34,61,5.65269,0.9296938,5.2552708463219995
43659.914354997454,bench:389e2a26e3876a34,61,7.090419,0.9283507,6.5823954419433
43664.02798698982,bench:389e2a26e3876a34,61,7.22437,0.9296938,6.716451997906001
43671.34453798644,bench:389e2a26e3876a34,61,5.58125,0.9299625,5.190353203125
43683.55113998405,bench:389e2a26e3876a34,61,6.00096,0.9286194,5.5726078746239995
43691.365833976306,bench:389e2a26e3876a34,61,5.39372,0.9291566,5.011610536552
43699.63515497511,bench:389e2a26e3876a34,61,7.00112,0.9291566,6.505136855392
43704.041117976885,bench:389e2a26e3876a34,61,5.43837,0.9294252,5.054558124923999
43708.79317098297,bench:389e2a26e3876a34,61,6.53676,0.9286194,6.070162149144
43719.54872997594,bench:389e2a26e3876a34,61,5.20619,0.9315742,4.849952284298
43731.094559974736,bench:389e2a26e3876a34,61,5.358,0.928888,4.976981904
43735.65870698076,bench:389e2a26e3876a34,61,5.79557,0.928888,5.38343542616
43743.54975298047,bench:389e2a26e3876a34,61,5.92952,0.9304997,5.517416581144
43748.02714199177,bench:389e2a26e3876a34,61,5.27763,0.928888,4.902327175440001
43755.63955999678,bench:389e2a26e3876a34,61,7.072559,0.9326486,6.5962122497674
43764.04521198128,bench:389e2a26e3876a34,61,5.86701,0.9280821,5.4450669615209994
43775.58254197356,bench:389e2a26e3876a34,61,5.65269,0.9294252,5.253752533787999
43783.353014994645,bench:389e2a26e3876a34,61,5.96524,0.9283507,5.537834729668
43791.57983500045,bench:389e2a26e3876a34,61,5.63483,0.9280821,5.229584859543
43803.630919981515,bench:389e2a26e3876a34,61,5.983099,0.9283507,5.5544141448193
43811.587150994455,bench:389e2a26e3876a34,61,7.08149,0.9304997,6.589324320553
43816.04040999082,bench:389e2a26e3876a34,61,5.491949,0.9304997,5.1102568969153
43820.57198300026,bench:389e2a26e3876a34,61,5.39372,0.9296938,5.014508042936
43827.630535990465,bench:389e2a26e3876a34,61,4.86685,0.9286194,4.5194513268900005
43832.10238799802,bench:389e2a26e3876a34,61,5.42051,0.9304997,5.043782928847
43839.55904797767,bench:389e2a26e3876a34,61,5.983099,0.9286194,5.5560218035206
43843.99928897619,bench:389e2a26e3876a34,61,5.20619,0.918949,4.784223094310001
43849.580167996464,bench:389e2a26e3876a34,61,5.96524,0.9283507,5.537834729668
43859.06745999819,bench:389e2a26e3876a34,61,5.4473,0.9299625,5.06578472625
43867.56522298674,bench:389e2a26e3876a34,61,5.79557,0.9304997,5.392776146329
43871.72466999618,bench:389e2a26e3876a34,61,5.59911,0.9294252,5.203953931571999
43879.63788199704,bench:389e2a26e3876a34,61,5.56339,0.9299625,5.173744072875
43891.57544900081,bench:389e2a26e3876a34,61,5.358,0.928888,4.976981904
43896.0714119894,bench:389e2a26e3876a34,61,5.39372,0.9286194,5.008713030168
43903.562775987666,bench:389e2a26e3876a34,61,7.090419,0.9326486,6.6128693537634
43911.68344899779,idle,61,6.786799,0.9280821,6.298706668197901
43916.12887498923,idle,61,1.75921,0.9283507,1.633163834947
43930.401774996426,idle,61,1.73242,0.9283507,1.608293319694
43938.4997820016,idle,61,3.36661,0.8335279,2.806163363419
43946.520622994285,idle,61,1.03588,0.7223192,0.748236012896
43964.79606299545,idle,61,1.31271,0.8485706,1.113927112326
43975.65565799596,bench:014653ad081f9c01,62,3.32196,0.8187538,2.719867373448
43983.66662897752,bench:014653ad081f9c01,62,3.3934,0.8187538,2.77835914492
43991.45680500078,bench:014653ad081f9c01,62,4.08101,0.8638819,3.5255106727189998
44003.55616697925,bench:014653ad081f9c01,62,5.40265,0.9294252,5.02135905678
44007.66307799495,bench:014653ad081f9c01,62,5.491949,0.9286194,5.0999303852106
44011.683488992276,bench:014653ad081f9c01,62,4.17031,0.9286194,3.8726307700139997
44015.71188098751,bench:014653ad081f9c01,62,4.17924,0.9283507,3.879800379468
44019.67964498908,bench:014653ad081f9c01,62,4.17924,0.928888,3.88204588512
44027.54220899078,bench:014653ad081f9c01,62,4.1971,0.928888,3.8986358248
44031.952264980646,bench:014653ad081f9c01,62,5.474089,0.9283507,5.0818743550123004
44036.10721198493,bench:014653ad081f9c01,62,5.48302,0.928888,5.09311148176
44040.17125198152,bench:014653ad081f9c01,62,5.43837,0.9283507,5.048714596359
44044.21316299704,bench:014653ad081f9c01,62,5.509809,0.9291566,5.1194753970894
44048.24490699684,bench:014653ad081f9c01,62,5.42051,0.9291566,5.036502641866
44052.32253999566,bench:014653ad081f9c01,62,5.45623,0.9326486,5.088745270778
44063.60235399916,bench:014653ad081f9c01,62,5.491949,0.9291566,5.1028806602134
44071.385363000445,bench:014653ad081f9c01,62,5.56339,0.928888,5.16776621032
44075.62053197762,bench:014653ad081f9c01,62,5.50088,0.9304997,5.118567189736001
44079.71138699213,bench:014653ad081f9c01,62,5.48302,0.9291566,5.094584220932
44083.733538980596,bench:014653ad081f9c01,62,4.11673,0.9291566,3.8250868499179997
44091.672898997786,bench:014653ad081f9c01,62,5.42944,0.9291566,5.044800010304
44095.830770995235,bench:014653ad081f9c01,62,4.17924,0.928888,3.88204588512
44099.88086699741,bench:014653ad081f9c01,62,4.18817,0.9291566,3.891465797422
44103.84509398136,bench:014653ad081f9c01,62,4.17031,0.9286194,3.8726307700139997
44107.7890979941,bench:014653ad081f9c01,62,4.20603,0.9286194,3.905801054982
44112.14498800109,bench:014653ad081f9c01,62,4.1971,0.928888,3.8986358248
44116.09465899528,bench:014653ad081f9c01,62,4.17924,0.928888,3.88204588512
44120.083069981774,bench:014653ad081f9c01,62,4.24175,0.9291566,3.94125000805
44123.98868598393,bench:014653ad081f9c01,62,4.17924,0.928888,3.88204588512
44127.92594899656,bench:014653ad081f9c01,62,4.42035,0.928888,4.1060100708
44131.89248999697,bench:014653ad081f9c01,62,5.43837,0.9294252,5.054558124923999
44136.150991980685,bench:014653ad081f9c01,62,5.4473,0.9280821,5.055541623330001
44140.19043999724,bench:014653ad081f9c01,62,4.56323,0.9291566,4.239955271818
44144.21799898264,bench:014653ad081f9c01,62,4.20603,0.928888,3.9069307946400005
44151.54095698381,bench:014653ad081f9c01,62,5.59018,0.9369466,5.237700144388
44155.648922984255,bench:014653ad081f9c01,62,5.58125,0.9291566,5.18585527375
44159.77144398494,bench:014653ad081f9c01,62,4.18817,0.928888,3.8903408549600007
44163.72687398689,bench:014653ad081f9c01,62,4.18817,0.928888,3.8903408549600007
44167.665137996664,bench:014653ad081f9c01,62,4.17924,0.9286194,3.880923341256
44171.640827000374,bench:014653ad081f9c01,62,4.25068,0.928888,3.94840564384
44175.572275999,bench:014653ad081f9c01,62,4.17924,0.928888,3.88204588512
44179.53581697657,bench:014653ad081f9c01,62,4.18817,0.9286194,3.8892159124980004
44183.58285698923,bench:014653ad081f9c01,62,4.21496,0.928888,3.9152257644799997
44187.5784539734,bench:014653ad081f9c01,62,4.18817,0.928888,3.8903408549600007
44191.54353198246,bench:014653ad081f9c01,62,4.18817,0.9286194,3.8892159124980004
44195.468258985784,bench:014653ad081f9c01,62,4.18817,0.9294252,3.892590739884
44199.34957797523,bench:014653ad081f9c01,62,4.21496,0.9291566,3.916357902736
44203.2594899938,bench:014653ad081f9c01,62,4.17924,0.928888,3.88204588512
44207.231086998945,bench:014653ad081f9c01,62,4.1971,0.928888,3.8986358248
44211.17151697399,bench:014653ad081f9c01,62,4.18817,0.928888,3.8903408549600007
44215.094539977144,bench:014653ad081f9c01,62,4.20603,0.9283507,3.904670894721
44219.10393299186,bench:014653ad081f9c01,62,4.35784,0.9294252,4.050286313568
44223.041195975384,bench:014653ad081f9c01,62,4.20603,0.928888,3.9069307946400005
44226.981477986556,bench:014653ad081f9c01,62,3.99171,0.928888,3.70785151848
44230.966500996146,bench:014653ad081f9c01,62,4.21496,0.9291566,3.916357902736
44234.87869100063,bench:014653ad081f9c01,62,4.17924,0.9286194,3.880923341256
44243.53208197863,bench:014653ad081f9c01,62,5.40265,0.928888,5.018456753200001
44247.64143599896,bench:014653ad081f9c01,62,5.51874,0.9294252,5.129256028248
44251.664921990596,bench:014653ad081f9c01,62,5.42051,0.9280821,5.030678303871
44255.76599899796,bench:014653ad081f9c01,62,5.42944,0.9291566,5.044800010304
44259.78059499175,bench:014653ad081f9c01,62,5.509809,0.928888,5.117995462392
44263.80946897552,bench:014653ad081f9c01,62,5.474089,0.9291566,5.0862859233374005
44267.79447298031,bench:014653ad081f9c01,62,5.50088,0.9291566,5.111178957808001
44272.05602999311,bench:014653ad081f9c01,62,5.509809,0.9304997,5.1268756215573
44276.36151298066,bench:014653ad081f9c01,62,5.43837,0.9283507,5.048714596359
44280.66288397531,bench:014653ad081f9c01,62,5.45623,0.9291566,5.0696921156179995
44284.68759197858,bench:014653ad081f9c01,62,5.52767,0.9286194,5.1331015987979995
44295.57988999295,bench:014653ad081f9c01,62,5.50088,0.9286194,5.108223885072
44299.91298398818,bench:014653ad081f9c01,62,5.474089,0.9294252,5.0877562636428
44303.93500599894,bench:014653ad081f9c01,62,5.45623,0.928888,5.06822657224
44308.03232398466,bench:014653ad081f9c01,62,5.58125,0.9280821,5.179858220625
44312.34265799867,bench:014653ad081f9c01,62,5.51874,0.9286194,5.124809027556
44316.33492099354,bench:014653ad081f9c01,62,5.509809,0.928888,5.117995462392
44320.37601797492,bench:014653ad081f9c01,62,4.14352,0.9283507,3.8466396924639996
44324.41222498892,bench:014653ad081f9c01,62,4.18817,0.9286194,3.8892159124980004
44328.48524599103,bench:014653ad081f9c01,62,4.17924,0.928888,3.88204588512
44332.4579539767,bench:014653ad081f9c01,62,4.17924,0.9286194,3.880923341256
44336.42758798669,bench:014653ad081f9c01,62,4.17031,0.928888,3.87375091528
44340.41353597422,bench:014653ad081f9c01,62,4.17031,0.928888,3.87375091528
44344.442502973834,bench:014653ad081f9c01,62,4.17031,0.928888,3.87375091528
44348.401006980566,bench:014653ad081f9c01,62,4.17924,0.9286194,3.880923341256
44359.50398899149,bench:014653ad081f9c01,62,5.45623,0.9283507,5.065294939860999
44367.50649599708,bench:014653ad081f9c01,62,5.51874,0.9294252,5.129256028248
44371.82336798287,bench:014653ad081f9c01,62,5.509809,0.9294252,5.120955331786799
44376.045184995746,bench:014653ad081f9c01,62,5.42944,0.928888,5.04334166272
44380.10996597586,bench:014653ad081f9c01,62,5.51874,0.9286194,5.124809027556
44384.06737698824,bench:014653ad081f9c01,62,5.509809,0.9326486,5.1387156501174
44388.07693700073,bench:014653ad081f9c01,62,5.50088,0.9304997,5.118567189736001
44392.0492559846,bench:014653ad081f9c01,62,5.509809,0.9304997,5.1268756215573
44396.00044497638,bench:014653ad081f9c01,62,5.509809,0.9291566,5.1194753970894
44400.286612974014,bench:014653ad081f9c01,62,5.491949,0.928888,5.1014055227120005
44404.28324698587,bench:014653ad081f9c01,62,5.50088,0.9291566,5.111178957808001
44411.31085497909,bench:014653ad081f9c01,62,5.59018,0.9280821,5.188145993778
44415.60772698722,bench:014653ad081f9c01,62,5.60804,0.9280821,5.204721540084
44419.625285983784,bench:014653ad081f9c01,62,5.51874,0.9294252,5.129256028248
44423.622270987835,bench:014653ad081f9c01,62,5.509809,0.9291566,5.1194753970894
44427.6094789966,bench:014653ad081f9c01,62,5.509809,0.9291566,5.1194753970894
44435.55885698879,bench:014653ad081f9c01,62,5.509809,0.9294252,5.120955331786799
44443.536827981006,bench:014653ad081f9c01,62,5.51874,0.9280821,5.121843808554
44451.49853997282,bench:014653ad081f9c01,62,5.51874,0.9280821,5.121843808554
44463.57677297783,bench:014653ad081f9c01,62,5.51874,0.928888,5.126291361120001
44467.89234798052,bench:014653ad081f9c01,62,5.50088,0.9296938,5.114134030544
44471.872258989606,bench:014653ad081f9c01,62,5.43837,0.928888,5.05163663256
44479.5298439858,bench:014653ad081f9c01,62,5.51874,0.928888,5.126291361120001
44487.49713000143,bench:014653ad081f9c01,62,5.509809,0.9294252,5.120955331786799
44495.54132198682,bench:014653ad081f9c01,62,5.57232,0.9291566,5.177557905312001
44503.530421992764,bench:014653ad081f9c01,62,5.52767,0.9291566,5.1360710631219995
44511.540134000825,bench:014653ad081f9c01,62,5.4473,0.928888,5.059931602400001
44519.56447400153,bench:014653ad081f9c01,62,5.46516,0.9280821,5.072117169636
44527.49625997967,bench:014653ad081f9c01,62,5.51874,0.928888,5.126291361120001
44535.49408298568,bench:014653ad081f9c01,62,5.491949,0.9294252,5.1043557977148
44543.55658998247,bench:014653ad081f9c01,62,5.45623,0.9294252,5.0711576589959995
44551.54406098882,bench:014653ad081f9c01,62,5.509809,0.9286194,5.1165155276946
44559.58364199614,bench:014653ad081f9c01,62,5.58125,0.928888,5.18435615
44567.55753897596,bench:014653ad081f9c01,62,5.54553,0.928888,5.151176270640001
44571.77728097304,idle,62,2.73258,0.9280821,2.536058584818
44579.14614598849,idle,62,1.58954,0.9036377,1.436368269658
44593.513100990094,idle,62,1.58954,0.9036377,1.436368269658
44600.84242897574,idle,62,4.45607,0.8187538,3.6484242455660003
44606.60147399176,idle,62,1.21448,0.8187538,0.994360115024
44624.92458097404,idle,62,1.28592,0.8332592,1.0715046704639999
44632.59896097588,bench:512c1e7c7e47251c,63,4.09887,0.8190223,3.3570659348009997
44637.290477985516,bench:512c1e7c7e47251c,63,4.09887,0.819291,3.35816730117
44642.20438199118,bench:512c1e7c7e47251c,63,4.465,0.819291,3.658134315
44646.75445499597,bench:512c1e7c7e47251c,63,4.465,0.819291,3.658134315
44653.77534099389,bench:512c1e7c7e47251c,63,7.072559,0.9304997,6.581014027732301
44658.16332297982,bench:512c1e7c7e47251c,63,7.20651,0.9283507,6.690168603057
44662.591711996356,bench:512c1e7c7e47251c,63,5.77771,0.9291566,5.368397379386
44666.76934398129,bench:512c1e7c7e47251c,63,7.143999,0.9304997,6.6474889263003005
44670.897383999545,bench:512c1e7c7e47251c,63,5.78664,0.928888,5.3751404563200005
44675.14408999705,bench:512c1e7c7e47251c,63,5.78664,0.9283507,5.372031294648
44679.50744199334,bench:512c1e7c7e47251c,63,6.06347,0.9286194,5.630655873317999
44683.59309298103,bench:512c1e7c7e47251c,63,5.79557,0.9299625,5.389662766124999
44687.671873980435,bench:512c1e7c7e47251c,63,5.79557,0.9304997,5.392776146329
44692.0411530009,bench:512c1e7c7e47251c,63,7.35832,0.9296938,6.840984482416
44696.35244997335,bench:512c1e7c7e47251c,63,6.0724,0.928888,5.6405794912000005
44700.82609797828,bench:512c1e7c7e47251c,63,4.21496,0.9286194,3.9140936262239996
44705.257857975084,bench:512c1e7c7e47251c,63,7.072559,0.9291566,6.5715148737394005
44709.546469995985,bench:512c1e7c7e47251c,63,5.7152,0.9283507,5.30570992064
44716.21459999005,bench:512c1e7c7e47251c,63,4.35784,0.9294252,4.050286313568
44720.55717499461,bench:512c1e7c7e47251c,63,7.143999,0.9280821,6.6302175943179
44724.59427098511,bench:512c1e7c7e47251c,63,7.143999,0.9291566,6.6378938212433996
44728.617996996036,bench:512c1e7c7e47251c,63,7.143999,0.9286194,6.6340560649806
44732.826702995226,bench:512c1e7c7e47251c,63,5.64376,0.928888,5.2424209388800005
44737.0664459886,bench:512c1e7c7e47251c,63,5.93845,0.9299625,5.522535808124999
44741.246854973724,bench:512c1e7c7e47251c,63,5.92952,0.9304997,5.517416581144
44745.27382198721,bench:512c1e7c7e47251c,63,5.64376,0.9280821,5.237872632696001
44749.5864709781,bench:512c1e7c7e47251c,63,5.56339,0.9304997,5.176732725983
44754.00980497943,bench:512c1e7c7e47251c,63,7.20651,0.928888,6.69404066088
44758.04578998941,bench:512c1e7c7e47251c,63,7.27795,0.9280821,6.754535119695
44766.11644498189,bench:512c1e7c7e47251c,63,6.63499,0.928888,6.163162591120001
44770.20831897971,bench:512c1e7c7e47251c,63,7.143999,0.9291566,6.6378938212433996
44774.25911798491,bench:512c1e7c7e47251c,63,5.70627,0.9283507,5.297419748889
44778.31743599381,bench:512c1e7c7e47251c,63,7.20651,0.9304997,6.705655393047
44784.985436999705,bench:512c1e7c7e47251c,63,6.00096,0.9291566,5.575831590336
44789.20062398538,bench:512c1e7c7e47251c,63,5.92952,0.9291566,5.5094526428320005
44793.4841249953,bench:512c1e7c7e47251c,63,7.090419,0.9280821,6.5804909553999
44797.633942973334,bench:512c1e7c7e47251c,63,5.81343,0.9286194,5.3984638785420005
44801.92790698493,bench:512c1e7c7e47251c,63,7.22437,0.9299625,6.718393186125001
44806.18272299762,bench:512c1e7c7e47251c,63,7.143999,0.9302311,6.6455700481689
44810.42652198812,bench:512c1e7c7e47251c,63,7.072559,0.9304997,6.581014027732301
44814.83624398243,bench:512c1e7c7e47251c,63,7.20651,0.9286194,6.6921049922939995
44819.316391978646,bench:512c1e7c7e47251c,63,7.19758,0.928888,6.685745691040001
44823.636059998535,bench:512c1e7c7e47251c,63,5.72413,0.9280821,5.3124625910729995
44827.692988998024,bench:512c1e7c7e47251c,63,5.79557,0.9283507,5.380321466399
44831.865861982806,bench:512c1e7c7e47251c,63,7.143999,0.9299625,6.6436511700375
44835.92047597631,bench:512c1e7c7e47251c,63,5.78664,0.9286194,5.373586164816
44840.12573797372,bench:512c1e7c7e47251c,63,5.78664,0.9294252,5.378249039328
44844.202240987215,bench:512c1e7c7e47251c,63,7.179719,0.9304997,6.6807263755843005
44848.23229999165,bench:512c1e7c7e47251c,63,7.143999,0.9296938,6.6417315775062
44852.2767109971,bench:512c1e7c7e47251c,63,7.20651,0.9286194,6.6921049922939995
44856.64634098066,bench:512c1e7c7e47251c,63,6.06347,0.9280821,5.6273979708869994
44861.041953001404,bench:512c1e7c7e47251c,63,6.03668,0.9280821,5.602534651428
44865.20976998145,bench:512c1e7c7e47251c,63,5.79557,0.9286194,5.381878736058
44869.46847598301,bench:512c1e7c7e47251c,63,5.804499,0.9294252,5.394847643974799
44873.685588972876,bench:512c1e7c7e47251c,63,7.090419,0.9291566,6.5881096106154
44877.9645350005,bench:512c1e7c7e47251c,63,7.251159,0.9294252,6.7394099038068
44882.29544297792,bench:512c1e7c7e47251c,63,7.286879,0.9296938,6.7745662276502
44886.62533299066,bench:512c1e7c7e47251c,63,7.251159,0.9304997,6.7472012741523
44890.8122239809,bench:512c1e7c7e47251c,63,7.108279,0.9294252,6.6066136312307995
44895.03528198111,bench:512c1e7c7e47251c,63,6.06347,0.9291566,5.633913169402
44899.37306099455,bench:512c1e7c7e47251c,63,7.108279,0.9291566,6.6047043474914
44903.6316179845,bench:512c1e7c7e47251c,63,5.78664,0.9299625,5.381358201
44907.92530399631,bench:512c1e7c7e47251c,63,5.77771,0.9283507,5.363741122896999
44911.96045599645,bench:512c1e7c7e47251c,63,6.0724,0.928888,5.6405794912000005
44916.00616299547,bench:512c1e7c7e47251c,63,7.20651,0.9280821,6.688232934471
44920.08807399543,bench:512c1e7c7e47251c,63,5.78664,0.9326486,5.396901694704001
44924.156372988364,bench:512c1e7c7e47251c,63,5.822359,0.9286194,5.4067555211646
44928.200172988,bench:512c1e7c7e47251c,63,7.20651,0.9296938,6.699847666638
44932.68248799723,bench:512c1e7c7e47251c,63,7.20651,0.928888,6.69404066088
44936.987340974156,bench:512c1e7c7e47251c,63,5.65269,0.9286194,5.249197596186
44941.202231973875,bench:512c1e7c7e47251c,63,7.48334,0.9291566,6.953194751044
44945.403344987426,bench:512c1e7c7e47251c,63,7.20651,0.9302311,6.703719724460999
44949.474143999396,bench:512c1e7c7e47251c,63,5.67055,0.9286194,5.2657827386700005
44953.53935100138,bench:512c1e7c7e47251c,63,6.0724,0.9280821,5.63568574404
44957.98435198958,bench:512c1e7c7e47251c,63,5.78664,0.9286194,5.373586164816
44962.01183699304,bench:512c1e7c7e47251c,63,7.35832,0.9280821,6.829125078072
44966.05904397438,bench:512c1e7c7e47251c,63,7.143999,0.9280821,6.6302175943179
44970.25602697977,bench:512c1e7c7e47251c,63,6.0724,0.9294252,5.64384158448
44974.48325197911,bench:512c1e7c7e47251c,63,7.33153,0.9280821,6.804261758613
44978.53866199148,bench:512c1e7c7e47251c,63,7.29581,0.9326486,6.804426982366
44982.84734899062,bench:512c1e7c7e47251c,63,5.79557,0.9304997,5.392776146329
44986.89935199218,bench:512c1e7c7e47251c,63,7.21544,0.9299625,6.710088621000001
44991.147168999305,bench:512c1e7c7e47251c,63,7.143999,0.9294252,6.6398126993748
44995.740760001354,bench:512c1e7c7e47251c,63,5.72413,0.9283507,5.314000092391
44999.777374992846,bench:512c1e7c7e47251c,63,7.143999,0.9299625,6.6436511700375
45004.19659700128,bench:512c1e7c7e47251c,63,6.06347,0.9286194,5.630655873317999
45008.461413992336,bench:512c1e7c7e47251c,63,5.78664,0.9286194,5.373586164816
45012.487731990404,bench:512c1e7c7e47251c,63,5.78664,0.928888,5.3751404563200005
45016.513827984454,bench:512c1e7c7e47251c,63,7.20651,0.9280821,6.688232934471
45020.553868991556,bench:512c1e7c7e47251c,63,7.21544,0.9286194,6.700397563536
45024.60476098349,bench:512c1e7c7e47251c,63,7.21544,0.9283507,6.698458774808
45028.687411977444,bench:512c1e7c7e47251c,63,5.804499,0.9299625,5.3979664012875
45032.926691987086,bench:512c1e7c7e47251c,63,6.05454,0.928888,5.62398955152
45036.96950999438,bench:512c1e7c7e47251c,63,6.00096,0.9291566,5.575831590336
45041.0256619798,bench:512c1e7c7e47251c,63,7.08149,0.9299625,6.585520144125
45045.30447800062,bench:512c1e7c7e47251c,63,5.77771,0.9280821,5.362189229991
45049.6170349943,bench:512c1e7c7e47251c,63,7.20651,0.9286194,6.6921049922939995
45053.755240980536,bench:512c1e7c7e47251c,63,7.21544,0.9291566,6.704273697904
45057.947131979745,bench:512c1e7c7e47251c,63,7.29581,0.931037,6.79266905497
45062.10104198544,bench:512c1e7c7e47251c,63,5.78664,0.9283507,5.372031294648
45066.30995197338,bench:512c1e7c7e47251c,63,5.78664,0.9299625,5.381358201
45070.61761998921,bench:512c1e7c7e47251c,63,6.06347,0.9286194,5.630655873317999
45074.657807999756,bench:512c1e7c7e47251c,63,7.29581,0.9280821,6.771110666001
45078.693329996895,bench:512c1e7c7e47251c,63,5.94738,0.9291566,5.526047379708
45082.95322099002,bench:512c1e7c7e47251c,63,7.143999,0.9291566,6.6378938212433996
45087.2353889863,bench:512c1e7c7e47251c,63,5.72413,0.9286194,5.315538166122
45091.29989199573,bench:512c1e7c7e47251c,63,7.21544,0.928888,6.70233563072
45095.47813597601,bench:512c1e7c7e47251c,63,5.81343,0.928888,5.40002536584
45099.60086099454,bench:512c1e7c7e47251c,63,7.20651,0.9294252,6.697911998052
45103.886898985365,bench:512c1e7c7e47251c,63,5.804499,0.9294252,5.394847643974799
45108.1102899916,bench:512c1e7c7e47251c,63,5.81343,0.9304997,5.409394870971001
45112.51299397554,bench:512c1e7c7e47251c,63,7.21544,0.9280821,6.696520707624
45116.80656898534,bench:512c1e7c7e47251c,63,6.0724,0.928888,5.6405794912000005
45120.8864239743,bench:512c1e7c7e47251c,63,7.179719,0.9286194,6.6672263499486
45125.180351984454,bench:512c1e7c7e47251c,63,7.429759,0.9280821,6.8954263352139
45129.376557975775,bench:512c1e7c7e47251c,63,7.22437,0.9299625,6.718393186125001
45133.448615990346,bench:512c1e7c7e47251c,63,6.0724,0.9304997,5.65036637828
45137.67635897966,bench:512c1e7c7e47251c,63,7.143999,0.928888,6.635974943112
45141.907564975554,bench:512c1e7c7e47251c,63,5.78664,0.9270077,5.364259837128
45145.98908598418,bench:512c1e7c7e47251c,63,7.2333,0.9313055,6.73641207315
45150.26847698027,bench:512c1e7c7e47251c,63,5.79557,0.9286194,5.381878736058
45154.662754997844,bench:512c1e7c7e47251c,63,7.143999,0.9294252,6.6398126993748
45158.7525359937,bench:512c1e7c7e47251c,63,5.77771,0.9286194,5.365293593574
45162.791668990394,bench:512c1e7c7e47251c,63,7.179719,0.9302311,6.6787979030609
45167.27263198118,bench:512c1e7c7e47251c,63,7.143999,0.9286194,6.6340560649806
45171.336339000845,bench:512c1e7c7e47251c,63,6.643919,0.9278135,6.1643177411065
45175.58315498172,bench:512c1e7c7e47251c,63,7.22437,0.9286194,6.708690134778
45179.95363799855,bench:512c1e7c7e47251c,63,7.21544,0.9286194,6.700397563536
45184.31954598054,bench:512c1e7c7e47251c,63,7.143999,0.9291566,6.6378938212433996
45188.56612200034,bench:512c1e7c7e47251c,63,5.78664,0.9369466,5.421772673424
45192.816178983776,bench:512c1e7c7e47251c,63,5.75985,0.9283507,5.347160779395
45197.19306798652,bench:512c1e7c7e47251c,63,6.08133,0.928888,5.648874461040001
45201.23438700102,bench:512c1e7c7e47251c,63,6.08133,0.9270077,5.637439736241
45205.29733499279,bench:512c1e7c7e47251c,63,6.63499,0.9286194,6.161380432806
45209.5124849875,bench:512c1e7c7e47251c,63,6.0724,0.9304997,5.65036637828
45213.57600597548,bench:512c1e7c7e47251c,63,7.21544,0.9296938,6.708149832272
45217.7621939918,bench:512c1e7c7e47251c,63,5.804499,0.9283507,5.3886107097993
45222.223378979834,bench:512c1e7c7e47251c,63,7.20651,0.9299625,6.701784055875
45226.35047399672,bench:512c1e7c7e47251c,63,7.2333,0.9315742,6.73835566086
45230.76301199035,idle,63,5.07224,0.9294252,4.714267676447999
45235.142086981796,idle,63,1.786,0.9283507,1.6580343502
45252.6963109849,idle,63,1.48238,0.8735522,1.294936310236
45257.17140399502,idle,63,3.99171,0.8722091,3.4816057865609995
45261.57758900081,idle,63,1.46452,0.8735522,1.279334667944
45279.508569976315,idle,63,1.34843,0.8483019,1.143875731017
45287.660964997485,bench:a0084f422d6d88f7,64,3.89348,0.8488392,3.304938448416
45295.60043598758,bench:a0084f422d6d88f7,64,5.28656,0.9184118,4.855239085408
45303.00242998055,bench:a0084f422d6d88f7,64,5.65269,0.9286194,5.249197596186
45311.064048990374,bench:a0084f422d6d88f7,64,5.509809,0.9299625,5.1239157521625
45315.111625997815,bench:a0084f422d6d88f7,64,4.21496,0.928888,3.9152257644799997
45319.136203994276,bench:a0084f422d6d88f7,64,4.465,0.9296938,4.151082817
45323.15311499406,bench:a0084f422d6d88f7,64,4.34891,0.9286194,4.038482194854
45327.13545198203,bench:a0084f422d6d88f7,64,4.27747,0.9291566,3.974439481802
45331.59302599961,bench:a0084f422d6d88f7,64,5.50088,0.928888,5.1097014214400005
45339.14337097667,bench:a0084f422d6d88f7,64,6.43853,0.9280821,5.975484443313
45343.609351984924,bench:a0084f422d6d88f7,64,6.4296,0.9280821,5.96719667016
45347.83596498892,bench:a0084f422d6d88f7,64,6.29565,0.928888,5.8479537372
45355.51236500032,bench:a0084f422d6d88f7,64,5.983099,0.9280821,5.552807084427901
45359.53873899416,bench:a0084f422d6d88f7,64,5.67948,0.928888,5.27560081824
45371.567434980534,bench:a0084f422d6d88f7,64,5.99203,0.9286194,5.564315303382
45375.86545498925,bench:a0084f422d6d88f7,64,5.56339,0.9294252,5.170754863428
45383.5735579778,bench:a0084f422d6d88f7,64,6.27779,0.9286194,5.829677583126
45387.87889198284,bench:a0084f422d6d88f7,64,5.54553,0.9326486,5.172030790758001
45399.56618400174,bench:a0084f422d6d88f7,64,5.52767,0.9299625,5.1405258123749995
45403.870499983896,bench:a0084f422d6d88f7,64,5.67055,0.928888,5.2673058484
45415.556958992966,bench:a0084f422d6d88f7,64,5.65269,0.9280821,5.246160405849
45419.87992299255,bench:a0084f422d6d88f7,64,5.65269,0.9315742,5.2659001645979995
45431.6111029766,bench:a0084f422d6d88f7,64,6.28672,0.9291566,5.8413473803519995
45439.36201999895,bench:a0084f422d6d88f7,64,5.99203,0.928888,5.56592476264
45447.32813898008,bench:a0084f422d6d88f7,64,5.65269,0.9304997,5.259826349193
45451.43754899618,bench:a0084f422d6d88f7,64,4.56323,0.9299625,4.243632778875
45455.56571899215,bench:a0084f422d6d88f7,64,4.1971,0.928888,3.8986358248
45459.567777987104,bench:a0084f422d6d88f7,64,4.18817,0.928888,3.8903408549600007
45463.64293000079,bench:a0084f422d6d88f7,64,4.23282,0.9291566,3.932952639612
45467.65459998278,bench:a0084f422d6d88f7,64,4.21496,0.928888,3.9152257644799997
45475.576274999185,bench:a0084f422d6d88f7,64,4.21496,0.9286194,3.9140936262239996
45483.599596977,bench:a0084f422d6d88f7,64,5.55446,0.9299625,5.1654395077499995
45495.56760897394,bench:a0084f422d6d88f7,64,5.92059,0.9294252,5.502745544868
45499.8585919966,bench:a0084f422d6d88f7,64,5.67055,0.928888,5.2673058484
45507.28521498968,bench:a0084f422d6d88f7,64,5.52767,0.9291566,5.1360710631219995
45515.3002969746,bench:a0084f422d6d88f7,64,5.52767,0.9302311,5.1420105445369995
45527.58143597748,bench:a0084f422d6d88f7,64,6.28672,0.9294252,5.8430359933439995
45531.90295500099,bench:a0084f422d6d88f7,64,6.27779,0.9286194,5.829677583126
45539.31278298842,bench:a0084f422d6d88f7,64,5.93845,0.9286194,5.51455987593
45543.62226498779,bench:a0084f422d6d88f7,64,6.43853,0.9280821,5.975484443313
45547.883581981296,bench:a0084f422d6d88f7,64,5.7152,0.9291566,5.310315800320001
45551.879029982956,bench:a0084f422d6d88f7,64,6.29565,0.9286194,5.84626272561
45555.86534898612,bench:a0084f422d6d88f7,64,5.95631,0.9291566,5.534344748146
45563.55124799302,bench:a0084f422d6d88f7,64,5.51874,0.9291566,5.1277736946840005
45571.28127597389,bench:a0084f422d6d88f7,64,6.40281,0.9326486,5.971571782566
45575.66172099905,bench:a0084f422d6d88f7,64,5.70627,0.9304997,5.309682523119
45579.64733598055,bench:a0084f422d6d88f7,64,5.93845,0.9286194,5.51455987593
45587.564714980545,bench:a0084f422d6d88f7,64,5.72413,0.9286194,5.315538166122
45591.65664398461,bench:a0084f422d6d88f7,64,5.99203,0.928888,5.56592476264
45595.655851997435,bench:a0084f422d6d88f7,64,5.63483,0.9318428,5.250775764724
45599.884130991995,bench:a0084f422d6d88f7,64,5.52767,0.9291566,5.1360710631219995
45603.88091299683,bench:a0084f422d6d88f7,64,5.65269,0.9283507,5.247678718383
45611.518238001736,bench:a0084f422d6d88f7,64,6.27779,0.9294252,5.834736226308
45619.52226498397,bench:a0084f422d6d88f7,64,5.92059,0.9326486,5.5218299746740005
45623.592285992345,bench:a0084f422d6d88f7,64,3.44698,0.928888,3.20185835824
45627.61591997696,bench:a0084f422d6d88f7,64,5.0008,0.9280821,4.64115296568
45632.227677997435,bench:a0084f422d6d88f7,64,4.23282,0.9291566,3.932952639612
45647.68590099993,bench:a0084f422d6d88f7,64,5.70627,0.9294252,5.303551136004
45652.34902899829,bench:a0084f422d6d88f7,64,6.42067,0.9286194,5.962358722998
45656.927342992276,bench:a0084f422d6d88f7,64,5.65269,0.9283507,5.247678718383
45687.522384978365,bench:a0084f422d6d88f7,64,6.25993,0.9280821,5.809728980253
45699.56980299321,bench:a0084f422d6d88f7,64,5.65269,0.9283507,5.247678718383
45703.88319299673,bench:a0084f422d6d88f7,64,6.00989,0.928888,5.582514702320001
45711.847275000764,bench:a0084f422d6d88f7,64,5.54553,0.9296938,5.155644858714
45719.58124797675,bench:a0084f422d6d88f7,64,5.41158,0.9302311,5.034020016137999
45725.57777297334,bench:a0084f422d6d88f7,64,5.99203,0.9283507,5.562705244920999
45729.826718976256,bench:a0084f422d6d88f7,64,6.29565,0.9283507,5.844571084455
45733.847092982614,bench:a0084f422d6d88f7,64,5.55446,0.9291566,5.160963168436
45743.29858800047,bench:a0084f422d6d88f7,64,6.00989,0.9286194,5.580900445866
45751.53177898028,bench:a0084f422d6d88f7,64,5.45623,0.9286194,5.0667610288619995
45759.53699098318,bench:a0084f422d6d88f7,64,6.27779,0.9286194,5.829677583126
45771.52852099971,bench:a0084f422d6d88f7,64,5.99203,0.9315742,5.582020553626
45779.52074998757,bench:a0084f422d6d88f7,64,5.509809,0.9283507,5.1150350420162995
45783.56906899717,bench:a0084f422d6d88f7,64,5.983099,0.9304997,5.567271824570301
45790.28308700072,bench:a0084f422d6d88f7,64,5.5366,0.9296938,5.14734269308
45799.30875299033,bench:a0084f422d6d88f7,64,5.95631,0.9286194,5.5311450184140005
45803.61625397927,bench:a0084f422d6d88f7,64,6.00989,0.9280821,5.577671331969
45807.69601598149,bench:a0084f422d6d88f7,64,6.00989,0.928888,5.582514702320001
45811.64479799918,bench:a0084f422d6d88f7,64,6.28672,0.9286194,5.837970154368
45819.538454990834,bench:a0084f422d6d88f7,64,5.99203,0.9286194,5.564315303382
45823.5959399899,bench:a0084f422d6d88f7,64,5.99203,0.9286194,5.564315303382
45831.28620899515,bench:a0084f422d6d88f7,64,5.57232,0.9280821,5.171570447472001
45835.32917598495,bench:a0084f422d6d88f7,64,4.23282,0.928888,3.9318157041600004
45843.55244098697,bench:a0084f422d6d88f7,64,5.52767,0.9304997,5.143495276699
45847.87301599863,bench:a0084f422d6d88f7,64,5.5366,0.9294252,5.1458555623199995
45851.86640897882,bench:a0084f422d6d88f7,64,4.23282,0.9286194,3.9306787687080003
45855.84193098475,bench:a0084f422d6d88f7,64,3.46484,0.9291566,3.219378953944
45863.54392298381,bench:a0084f422d6d88f7,64,4.21496,0.9294252,3.9174900409919995
45871.57180099166,bench:a0084f422d6d88f7,64,6.28672,0.9286194,5.837970154368
45882.48319199192,idle,64,5.54553,0.9299625,5.157134942625
45886.96882099612,idle,64,1.75921,0.9283507,1.633163834947
45901.23514700099,idle,64,1.75921,0.928888,1.63410905848
45908.14486698946,idle,64,2.35752,0.8638819,2.036618856888
45912.55271999398,idle,64,1.39308,0.8638819,1.2034565972520002
45917.038033978315,idle,64,1.4288,0.8633446,1.23354676448
45935.11716197827,idle,64,1.26806,0.8332592,1.056622661152
45942.33267600066,bench:ea1b73ded7b540c0,65,3.08085,0.7223192,2.2253571073200002
45951.54978497885,bench:ea1b73ded7b540c0,65,2.92011,0.7225879,2.110036152669
45957.445938984165,bench:ea1b73ded7b540c0,65,6.4296,0.9280821,5.96719667016
45963.56562897563,bench:ea1b73ded7b540c0,65,4.41142,0.9283507,4.095344844994
45975.51445598947,bench:ea1b73ded7b540c0,65,6.4296,0.9291566,5.9741052753599995
45983.55105597875,bench:ea1b73ded7b540c0,65,5.96524,0.9291566,5.542642116584
45995.50608597929,bench:ea1b73ded7b540c0,65,4.69718,0.928888,4.36315413584
46007.50194999273,bench:ea1b73ded7b540c0,65,6.42067,0.9280821,5.958908897007
46019.503016985254,bench:ea1b73ded7b540c0,65,6.251,0.9296938,5.811515943800001
46023.63375999266,bench:ea1b73ded7b540c0,65,6.42067,0.9299625,5.970982324875
46031.49956499692,bench:ea1b73ded7b540c0,65,6.00096,0.9299625,5.580667764
46035.56247599772,bench:ea1b73ded7b540c0,65,5.96524,0.9294252,5.544244380047999
46043.49152097711,bench:ea1b73ded7b540c0,65,5.96524,0.9291566,5.542642116584
46047.54993200186,bench:ea1b73ded7b540c0,65,5.983099,0.9286194,5.5560218035206
46055.4925139877,bench:ea1b73ded7b540c0,65,6.01882,0.9294252,5.594042982264
46059.57807297818,bench:ea1b73ded7b540c0,65,5.58125,0.9294252,5.187354397499999
46067.50739598647,bench:ea1b73ded7b540c0,65,6.00096,0.9294252,5.577443448192
46071.55165798031,bench:ea1b73ded7b540c0,65,6.28672,0.928888,5.8396587673600004
46079.50738898944,bench:ea1b73ded7b540c0,65,6.00096,0.9291566,5.575831590336
46083.54453998618,bench:ea1b73ded7b540c0,65,6.38495,0.9294252,5.93433343074
46087.591357994825,bench:ea1b73ded7b540c0,65,5.7152,0.9294252,5.31185090304
46091.5791769803,bench:ea1b73ded7b540c0,65,6.00989,0.9294252,5.585743215228
46099.51305598952,bench:ea1b73ded7b540c0,65,5.77771,0.9291566,5.368397379386
46103.55813297792,bench:ea1b73ded7b540c0,65,5.57232,0.9294252,5.179054630464
46107.55889597931,bench:ea1b73ded7b540c0,65,6.00989,0.9291566,5.584128958774
46115.49042299157,bench:ea1b73ded7b540c0,65,6.00096,0.9294252,5.577443448192
46119.565222994424,bench:ea1b73ded7b540c0,65,6.4296,0.9294252,5.975832265919999
46127.513174986234,bench:ea1b73ded7b540c0,65,6.4296,0.9294252,5.975832265919999
46135.15557398205,bench:ea1b73ded7b540c0,65,5.96524,0.9291566,5.542642116584
46139.549870975316,bench:ea1b73ded7b540c0,65,6.501039,0.9296938,6.0439756518582
46143.56291198055,bench:ea1b73ded7b540c0,65,6.28672,0.9294252,5.8430359933439995
46151.490697986446,bench:ea1b73ded7b540c0,65,5.57232,0.9294252,5.179054630464
46159.48720599408,bench:ea1b73ded7b540c0,65,5.92952,0.9291566,5.5094526428320005
46163.55456097517,bench:ea1b73ded7b540c0,65,5.70627,0.928888,5.30048572776
46167.60634200182,bench:ea1b73ded7b540c0,65,5.99203,0.9294252,5.569143681156
46175.48553599045,bench:ea1b73ded7b540c0,65,6.4296,0.9291566,5.9741052753599995
46183.5400989803,bench:ea1b73ded7b540c0,65,6.00096,0.928888,5.5742197324800005
46191.48310698802,bench:ea1b73ded7b540c0,65,5.69734,0.9294252,5.295251368968
46199.48709598975,bench:ea1b73ded7b540c0,65,6.27779,0.9291566,5.8330500119140005
46203.61078399583,bench:ea1b73ded7b540c0,65,5.57232,0.9291566,5.177557905312001
46211.49010700174,bench:ea1b73ded7b540c0,65,6.28672,0.9294252,5.8430359933439995
46215.546554973116,bench:ea1b73ded7b540c0,65,6.00989,0.9286194,5.580900445866
46223.48097097711,bench:ea1b73ded7b540c0,65,5.983099,0.9294252,5.5608429846947995
46227.542843989795,bench:ea1b73ded7b540c0,65,5.56339,0.9294252,5.170754863428
46231.61564397742,bench:ea1b73ded7b540c0,65,6.1617,0.9294252,5.72683925484
46239.53528198763,bench:ea1b73ded7b540c0,65,5.7152,0.9294252,5.31185090304
46243.56135897688,bench:ea1b73ded7b540c0,65,6.26886,0.9291566,5.824752643476
46251.484181993874,bench:ea1b73ded7b540c0,65,5.99203,0.9291566,5.567534221898
46259.49331998709,bench:ea1b73ded7b540c0,65,6.28672,0.9291566,5.8413473803519995
46267.52804897842,bench:ea1b73ded7b540c0,65,5.59018,0.9291566,5.194152642188
46275.18948598299,bench:ea1b73ded7b540c0,65,5.99203,0.928888,5.56592476264
46279.55481997924,bench:ea1b73ded7b540c0,65,5.99203,0.9294252,5.569143681156
46283.558600989636,bench:ea1b73ded7b540c0,65,5.99203,0.9294252,5.569143681156
46291.54707197449,bench:ea1b73ded7b540c0,65,6.465319,0.9294252,6.0090304046388
46299.530413001776,bench:ea1b73ded7b540c0,65,5.58125,0.9294252,5.187354397499999
46303.64130498492,bench:ea1b73ded7b540c0,65,6.43853,0.9291566,5.982402643798
46311.50638798135,bench:ea1b73ded7b540c0,65,6.00096,0.9291566,5.575831590336
46315.609001991106,bench:ea1b73ded7b540c0,65,6.09026,0.9291566,5.658805274715999
46323.508287983714,bench:ea1b73ded7b540c0,65,5.69734,0.9294252,5.295251368968
46327.568512992,bench:ea1b73ded7b540c0,65,6.49211,0.928888,6.030443073680001
46335.50109597854,bench:ea1b73ded7b540c0,65,6.49211,0.9291566,6.0321868544260004
46339.549857977545,bench:ea1b73ded7b540c0,65,6.501039,0.9294252,6.042229472782799
46347.52514399588,bench:ea1b73ded7b540c0,65,6.465319,0.9299625,6.0125042205375
46355.54268799024,bench:ea1b73ded7b540c0,65,6.28672,0.9294252,5.8430359933439995
46363.54406600003,bench:ea1b73ded7b540c0,65,6.49211,0.9294252,6.033930635172
46367.553051997675,bench:ea1b73ded7b540c0,65,5.69734,0.9283507,5.289129577138
46371.54120398918,bench:ea1b73ded7b540c0,65,5.99203,0.9291566,5.567534221898
46379.5312109869,bench:ea1b73ded7b540c0,65,6.00096,0.9291566,5.575831590336
46387.25812899065,bench:ea1b73ded7b540c0,65,6.28672,0.9280821,5.834592299712
46391.59149999614,bench:ea1b73ded7b540c0,65,5.6259,0.928888,5.2258309992
46399.509563983884,bench:ea1b73ded7b540c0,65,6.30458,0.9294252,5.859635527416
46407.507071999134,bench:ea1b73ded7b540c0,65,6.30458,0.9291566,5.857942117227999
46415.254341001855,bench:ea1b73ded7b540c0,65,6.3403,0.9291566,5.89113159098
46419.543915981194,bench:ea1b73ded7b540c0,65,6.14384,0.9280821,5.701987929264
46427.20838999958,bench:ea1b73ded7b540c0,65,6.10812,0.9291566,5.675400011592
46431.57607599278,bench:ea1b73ded7b540c0,65,6.36709,0.9286194,5.912603295546
46439.50513898744,bench:ea1b73ded7b540c0,65,5.7152,0.9291566,5.310315800320001
46447.50103598926,bench:ea1b73ded7b540c0,65,5.57232,0.9291566,5.177557905312001
46451.59327998408,bench:ea1b73ded7b540c0,65,5.983099,0.9286194,5.5560218035206
46463.568494975334,bench:ea1b73ded7b540c0,65,5.59911,0.9294252,5.203953931571999
46467.59475799627,bench:ea1b73ded7b540c0,65,6.00989,0.9294252,5.585743215228
46471.56779898796,bench:ea1b73ded7b540c0,65,6.23314,0.9286194,5.788214726915999
46475.59685798478,bench:ea1b73ded7b540c0,65,5.7152,0.9294252,5.31185090304
46479.59126898786,bench:ea1b73ded7b540c0,65,5.99203,0.9294252,5.569143681156
46487.485036981525,bench:ea1b73ded7b540c0,65,6.00096,0.9294252,5.577443448192
46491.55120700016,bench:ea1b73ded7b540c0,65,6.30458,0.9294252,5.859635527416
46495.62396897818,bench:ea1b73ded7b540c0,65,6.00096,0.9291566,5.575831590336
46503.51453397889,bench:ea1b73ded7b540c0,65,5.983099,0.928888,5.557628863912001
46511.165506992256,bench:ea1b73ded7b540c0,65,6.00096,0.9294252,5.577443448192
46515.59630400152,bench:ea1b73ded7b540c0,65,5.840219,0.9294252,5.4280467121188
46523.566422984004,bench:ea1b73ded7b540c0,65,6.49211,0.9299625,6.037418845875
46527.639832987916,bench:ea1b73ded7b540c0,65,5.85808,0.9294252,5.444647175616
46531.62122599315,bench:ea1b73ded7b540c0,65,6.00989,0.9294252,5.585743215228
46539.21494097449,idle,65,2.679,0.9283507,2.4870515252999996
46546.46710297675,idle,65,1.63419,0.903369,1.47627658611
46560.838501987746,idle,65,1.65205,0.9036377,1.492854662285
46572.06183497328,idle,65,2.75044,0.8184852,2.251194433488
46579.376773996046,idle,65,1.63419,0.9036377,1.476715692963
46594.59933298058,idle,65,1.59847,0.9036377,1.4444377543190001
46607.711667980766,bench:cc40062856d82e29,66,4.60788,0.9031004,4.1613782711519995
46614.39398297807,bench:cc40062856d82e29,66,4.44714,0.9280821,4.127311030194
46618.864612973994,bench:cc40062856d82e29,66,5.34014,0.9237842,4.933136957788
46623.13109598472,bench:cc40062856d82e29,66,5.13475,0.9455424,4.8551238384
46627.99196297419,bench:cc40062856d82e29,66,5.10796,0.9304997,4.752955247612
46632.297000993276,bench:cc40062856d82e29,66,5.34907,0.9286194,4.967250173958
46637.000961985905,bench:cc40062856d82e29,66,6.92075,0.928888,6.428601626
46641.269055980956,bench:cc40062856d82e29,66,4.63467,0.9326486,4.322518486962
46645.56003897451,bench:cc40062856d82e29,66,5.48302,0.9291566,5.094584220932
46649.963150994154,bench:cc40062856d82e29,66,5.05438,0.9283507,4.692237211066
46654.804702993715,bench:cc40062856d82e29,66,4.29533,0.9286194,3.988726767402
46659.600458981,bench:cc40062856d82e29,66,5.13475,0.9283507,4.766848756825
46663.89847898972,bench:cc40062856d82e29,66,3.53628,0.9326486,3.298106591208
46668.19042499992,bench:cc40062856d82e29,66,4.23282,0.9291566,3.932952639612
46672.8289789753,bench:cc40062856d82e29,66,4.22389,0.928888,3.9235207343200003
46677.986972994404,bench:cc40062856d82e29,66,3.05406,0.9296938,2.8393406468280005
46683.746906986926,bench:cc40062856d82e29,66,5.143679,0.928888,4.777901698952
46691.5926009824,bench:cc40062856d82e29,66,5.1794,0.9192177,4.76099615538
46697.91938198614,bench:cc40062856d82e29,66,5.13475,0.9294252,4.7723660457
46702.18577198102,bench:cc40062856d82e29,66,5.06331,0.9286194,4.701887894214
46706.44558899221,bench:cc40062856d82e29,66,6.911819,0.9294252,6.4240187564388
46711.712952994276,bench:cc40062856d82e29,66,7.02791,0.9326486,6.554570422426001
46716.8380029907,bench:cc40062856d82e29,66,5.90273,0.9294252,5.486146010795999
46723.030876979465,bench:cc40062856d82e29,66,4.69718,0.9307683,4.371986243394001
46728.41620299732,bench:cc40062856d82e29,66,5.91166,0.9294252,5.494445777832
46732.78135198052,bench:cc40062856d82e29,66,7.03684,0.928888,6.53643623392
46743.56489197817,bench:cc40062856d82e29,66,5.0008,0.9299625,4.65055647
46747.87131897756,bench:cc40062856d82e29,66,5.01866,0.9280821,4.657728511986
46753.85128799826,bench:cc40062856d82e29,66,5.08117,0.9304997,4.728027160649001
46758.15439998405,bench:cc40062856d82e29,66,5.0901,0.9270077,4.71856189377
46763.900111982366,bench:cc40062856d82e29,66,5.28656,0.9291566,4.912042115296
46772.2121719853,bench:cc40062856d82e29,66,7.0547,0.9286194,6.55113128118
46780.22167997551,bench:cc40062856d82e29,66,5.04545,0.9275449,4.679881415705
46787.58069299511,bench:cc40062856d82e29,66,5.358,0.9291566,4.9784210628
46795.62486699433,bench:cc40062856d82e29,66,5.12582,0.9315742,4.7750816658440005
46799.93586798082,bench:cc40062856d82e29,66,5.34907,0.9286194,4.967250173958
46804.446200985694,bench:cc40062856d82e29,66,4.20603,0.9315742,3.9182290324260003
46808.81664599292,bench:cc40062856d82e29,66,4.43821,0.9286194,4.1214079072739995
46814.4555069739,bench:cc40062856d82e29,66,5.11689,0.9304997,4.761264609933
46822.39923698944,bench:cc40062856d82e29,66,4.92936,0.9197549,4.533803013864
46828.31748397439,bench:cc40062856d82e29,66,5.17047,0.9192177,4.752787541319
46833.106332982425,bench:cc40062856d82e29,66,4.1971,0.9283507,3.8963807229699996
46838.296271977015,bench:cc40062856d82e29,66,5.11689,0.9286194,4.751643321665999
46843.934150994755,bench:cc40062856d82e29,66,5.11689,0.9283507,4.750268413323
46848.95566399791,bench:cc40062856d82e29,66,5.08117,0.9318428,4.734851680076
46853.86823498993,bench:cc40062856d82e29,66,4.98294,0.9380211,4.674102860034
46858.180105977226,bench:cc40062856d82e29,66,5.0008,0.9291566,4.64652632528
46864.047983981436,bench:cc40062856d82e29,66,5.09903,0.928888,4.73642777864
46869.01951598702,bench:cc40062856d82e29,66,5.18833,0.9237842,4.7928972783859995
46873.299684986705,bench:cc40062856d82e29,66,4.56323,0.9280821,4.235052081183
46878.917044989066,bench:cc40062856d82e29,66,5.474089,0.9283507,5.0818743550123004
46883.18982499186,bench:cc40062856d82e29,66,5.10796,0.9283507,4.741978241572
46889.291125989985,bench:cc40062856d82e29,66,5.25084,0.9374838,4.922577436392
46893.63338597468,bench:cc40062856d82e29,66,5.1794,0.9337231,4.8361254241400005
46899.0855809825,bench:cc40062856d82e29,66,5.56339,0.9296938,5.172249189982
46903.36236098665,bench:cc40062856d82e29,66,5.143679,0.9304997,4.7861917663963
46909.07888699439,bench:cc40062856d82e29,66,5.34014,0.9291566,4.961826325924
46913.327092974214,bench:cc40062856d82e29,66,5.01866,0.9283507,4.659076524062
46918.262644001516,bench:cc40062856d82e29,66,5.13475,0.9294252,4.7723660457
46923.54221199639,bench:cc40062856d82e29,66,5.15261,0.9326486,4.805574502846
46928.50505898241,bench:cc40062856d82e29,66,7.072559,0.9286194,6.5677154950446
46934.33923297562,bench:cc40062856d82e29,66,5.41158,0.9296938,5.031112374204
46939.537578989984,bench:cc40062856d82e29,66,4.92936,0.9197549,4.533803013864
46944.232262001606,bench:cc40062856d82e29,66,5.19726,0.918949,4.77601687974
46951.102111983346,bench:cc40062856d82e29,66,5.32228,0.9304997,4.952379943316
46955.619278975064,bench:cc40062856d82e29,66,5.143679,0.9299625,4.7834285820375
46961.1826579785,bench:cc40062856d82e29,66,7.0547,0.9278135,6.54544589845
46965.41714199702,bench:cc40062856d82e29,66,5.143679,0.928888,4.777901698952
46971.74594097305,bench:cc40062856d82e29,66,5.491949,0.9294252,5.1043557977148
46977.38822698011,bench:cc40062856d82e29,66,5.0901,0.9291566,4.72950000966
46984.132152982056,bench:cc40062856d82e29,66,5.12582,0.9286194,4.759935892908
46990.31902698334,bench:cc40062856d82e29,66,5.12582,0.9326486,4.780588846852
46994.599565980025,bench:cc40062856d82e29,66,5.17047,0.9315742,4.816676453874
46999.637506,bench:cc40062856d82e29,66,5.10796,0.9283507,4.741978241572
47004.33266998152,bench:cc40062856d82e29,66,5.20619,0.9315742,4.849952284298
47009.32048098184,bench:cc40062856d82e29,66,7.0547,0.9296938,6.558710850860001
47015.01802599523,bench:cc40062856d82e29,66,5.41158,0.9283507,5.023844081106
47020.43742497335,bench:cc40062856d82e29,66,5.19726,0.9294252,4.830464414952
47027.59656999842,bench:cc40062856d82e29,66,5.12582,0.9286194,4.759935892908
47039.64141398319,bench:cc40062856d82e29,66,5.13475,0.9280821,4.765469562975
47044.665019988315,bench:cc40062856d82e29,66,6.911819,0.9283507,6.4165920069233
47050.30347398133,bench:cc40062856d82e29,66,5.41158,0.9237842,4.999132101036
47055.923815991264,bench:cc40062856d82e29,66,5.54553,0.928888,5.151176270640001
47062.2980039916,bench:cc40062856d82e29,66,4.89364,0.9219038,4.5114653118320005
47071.615944994846,bench:cc40062856d82e29,66,5.24191,0.9283507,4.8663308178369995
47075.88226097869,bench:cc40062856d82e29,66,5.13475,0.9294252,4.7723660457
47080.77031298308,bench:cc40062856d82e29,66,6.90289,0.9291566,6.4138658025740005
47086.41795098083,bench:cc40062856d82e29,66,5.509809,0.9283507,5.1150350420162995
47091.49011300178,bench:cc40062856d82e29,66,5.18833,0.9291566,4.820771062477999
47097.887374984566,bench:cc40062856d82e29,66,5.07224,0.9286194,4.710180465456
47103.80197397899,bench:cc40062856d82e29,66,5.00973,0.9151884,4.584846783132
47110.99008098245,bench:cc40062856d82e29,66,7.0547,0.9304997,6.564396233590001
47115.24702698807,bench:cc40062856d82e29,66,5.11689,0.9347976,4.783256491464
47120.88631300139,bench:cc40062856d82e29,66,5.161539,0.9280821,4.790331954351901
47125.181777984835,bench:cc40062856d82e29,66,5.0901,0.9280821,4.72403069721
47130.96593299997,bench:cc40062856d82e29,66,5.491949,0.9296938,5.1058309352162
47137.17978898785,bench:cc40062856d82e29,66,5.12582,0.9194863,4.713121266266
47143.6168839864,bench:cc40062856d82e29,66,5.28656,0.9294252,4.913462085311999
47148.56661998783,bench:cc40062856d82e29,66,5.09903,0.9264704,4.724100363712
47155.7856349973,bench:cc40062856d82e29,66,4.88471,0.9186804,4.487487336684
47164.67331998865,bench:cc40062856d82e29,66,5.58125,0.9296938,5.1888535212499995
47168.91011799453,bench:cc40062856d82e29,66,5.11689,0.9283507,4.750268413323
47174.61901498609,bench:cc40062856d82e29,66,5.4473,0.9283507,5.05700476811
47178.874868986895,bench:cc40062856d82e29,66,5.143679,0.9369466,4.819352550541399
47184.4828039757,bench:cc40062856d82e29,66,5.09903,0.9270077,4.726840072531
47188.71728697559,bench:cc40062856d82e29,66,5.12582,0.9286194,4.759935892908
47194.37453598948,bench:cc40062856d82e29,66,5.48302,0.9291566,5.094584220932
47198.60229699407,idle,66,2.64328,0.9286194,2.4546010876319997
47202.88587297546,idle,66,1.75921,0.9286194,1.6336365346739998
47217.11897698697,idle,66,1.83958,0.9286194,1.708269675852
47224.371491000056,idle,66,1.84851,0.819291,1.51446760641
47230.17033198266,idle,66,1.22341,0.8182165,1.0010142482650002
47244.96959798853,idle,66,1.22341,0.8182165,1.0010142482650002
47251.61287598894,bench:80b12732923fc30f,67,3.35768,0.8187538,2.749113259184
47259.95628797682,bench:80b12732923fc30f,67,4.63467,0.8877891,4.114609508097
47266.717249993235,bench:80b12732923fc30f,67,5.42944,0.9286194,5.041883315135999
47271.606246999,bench:80b12732923fc30f,67,5.50088,0.9291566,5.111178957808001
47279.520550975576,bench:80b12732923fc30f,67,5.65269,0.9291566,5.252234221254
47287.56581799826,bench:80b12732923fc30f,67,5.58125,0.9280821,5.179858220625
47291.845189989544,bench:80b12732923fc30f,67,5.50088,0.9291566,5.111178957808001
47295.82247097278,bench:80b12732923fc30f,67,2.68793,0.9291566,2.4975078998380003
47303.58155499562,bench:80b12732923fc30f,67,5.50088,0.9326486,5.1303880307680005
47311.532673978945,bench:80b12732923fc30f,67,5.491949,0.928888,5.1014055227120005
47315.5413819768,bench:80b12732923fc30f,67,2.74151,0.928888,2.54655574088
47319.528162974166,bench:80b12732923fc30f,67,3.24159,0.9283507,3.0093323456129997
47323.51533399196,bench:80b12732923fc30f,67,5.474089,0.928888,5.084815583032
47331.24465899891,bench:80b12732923fc30f,67,5.509809,0.9291566,5.1194753970894
47339.55597897875,bench:80b12732923fc30f,67,5.66162,0.928888,5.259010878560001
47343.576592975296,bench:80b12732923fc30f,67,5.52767,0.9294252,5.137555795283999
47347.64998499304,bench:80b12732923fc30f,67,5.474089,0.928888,5.084815583032
47351.59280497464,bench:80b12732923fc30f,67,5.52767,0.9291566,5.1360710631219995
47355.61552998843,bench:80b12732923fc30f,67,5.46516,0.928888,5.07652154208
47359.58647899679,bench:80b12732923fc30f,67,5.50088,0.9291566,5.111178957808001
47363.62303799251,bench:80b12732923fc30f,67,5.52767,0.9304997,5.143495276699
47367.6496159751,bench:80b12732923fc30f,67,5.509809,0.9294252,5.120955331786799
47371.62554598763,bench:80b12732923fc30f,67,5.51874,0.9286194,5.124809027556
47379.55616498948,bench:80b12732923fc30f,67,5.65269,0.9280821,5.246160405849
47387.520487973234,bench:80b12732923fc30f,67,5.65269,0.9291566,5.252234221254
47395.50853197579,bench:80b12732923fc30f,67,5.509809,0.928888,5.117995462392
47403.33041199483,bench:80b12732923fc30f,67,5.509809,0.9280821,5.1135551073189
47411.52021399466,bench:80b12732923fc30f,67,5.52767,0.928888,5.1345863309599995
47419.517221977,bench:80b12732923fc30f,67,5.64376,0.931037,5.25454937912
47427.49835900031,bench:80b12732923fc30f,67,5.66162,0.928888,5.259010878560001
47435.56071797502,bench:80b12732923fc30f,67,5.67055,0.928888,5.2673058484
47439.671220985474,bench:80b12732923fc30f,67,5.66162,0.9294252,5.262052300824
47443.70072497986,bench:80b12732923fc30f,67,5.5366,0.9286194,5.14139417004
47451.556844986044,bench:80b12732923fc30f,67,5.59911,0.9369466,5.246067077525999
47459.56114897854,bench:80b12732923fc30f,67,5.5366,0.928888,5.1428813008
47467.49624898075,bench:80b12732923fc30f,67,5.51874,0.9291566,5.1277736946840005
47471.65925198351,bench:80b12732923fc30f,67,5.64376,0.9294252,5.245452766752
47479.540759988595,bench:80b12732923fc30f,67,5.57232,0.9283507,5.173067172624
47487.549878977006,bench:80b12732923fc30f,67,5.6259,0.9294252,5.22885323268
47495.5172019836,bench:80b12732923fc30f,67,5.50088,0.9326486,5.1303880307680005
47507.585212995764,bench:80b12732923fc30f,67,5.52767,0.9283507,5.131616313868999
47511.88449197798,bench:80b12732923fc30f,67,5.51874,0.9326486,5.147045134764
47515.86482897983,bench:80b12732923fc30f,67,5.65269,0.9294252,5.253752533787999
47523.5441539844,bench:80b12732923fc30f,67,5.509809,0.928888,5.117995462392
47531.55117999995,bench:80b12732923fc30f,67,5.65269,0.928888,5.25071590872
47539.535446994705,bench:80b12732923fc30f,67,5.48302,0.9296938,5.0975296992759995
47547.54612100078,bench:80b12732923fc30f,67,5.63483,0.9299625,5.240180593875
47555.56260998128,bench:80b12732923fc30f,67,5.64376,0.928888,5.2424209388800005
47563.582265982404,bench:80b12732923fc30f,67,5.56339,0.9286194,5.166271883766
47569.76182598737,bench:80b12732923fc30f,67,5.64376,0.9326486,5.263644862736
47579.5289480011,bench:80b12732923fc30f,67,5.48302,0.9291566,5.094584220932
47587.52564099268,bench:80b12732923fc30f,67,5.34907,0.918949,4.91552252743
47595.595703984145,bench:80b12732923fc30f,67,5.45623,0.9280821,5.0638293964829995
47603.069974982645,bench:80b12732923fc30f,67,5.64376,0.9291566,5.243936852816001
47611.5402939904,bench:80b12732923fc30f,67,5.64376,0.9286194,5.240905024944
47619.54406098812,bench:80b12732923fc30f,67,5.52767,0.9299625,5.1405258123749995
47623.64648899529,bench:80b12732923fc30f,67,5.64376,0.928888,5.2424209388800005
47631.51946099242,bench:80b12732923fc30f,67,5.65269,0.9304997,5.259826349193
47639.529894979205,bench:80b12732923fc30f,67,5.509809,0.9286194,5.1165155276946
47647.52838399727,bench:80b12732923fc30f,67,5.491949,0.9294252,5.1043557977148
47655.52500198828,bench:80b12732923fc30f,67,5.66162,0.9291566,5.260531589692
47663.54369497276,bench:80b12732923fc30f,67,5.56339,0.928888,5.16776621032
47668.419024994364,bench:80b12732923fc30f,67,5.5366,0.9280821,5.13841935486
47675.49974398571,bench:80b12732923fc30f,67,5.64376,0.9294252,5.245452766752
47683.56039898936,bench:80b12732923fc30f,67,5.5366,0.9294252,5.1458555623199995
47691.554387973156,bench:80b12732923fc30f,67,5.52767,0.9286194,5.1331015987979995
47699.502988980385,bench:80b12732923fc30f,67,5.5366,0.928888,5.1428813008
47707.514107984025,bench:80b12732923fc30f,67,5.60804,0.9286194,5.207734739976
47711.84253497631,bench:80b12732923fc30f,67,5.65269,0.9326486,5.271973414734
47719.61850699154,bench:80b12732923fc30f,67,5.40265,0.9291566,5.01990790499
47725.13592397445,bench:80b12732923fc30f,67,5.25977,0.9294252,4.888562784204
47735.535170999356,bench:80b12732923fc30f,67,5.48302,0.928888,5.09311148176
47743.52249398362,bench:80b12732923fc30f,67,5.48302,0.9291566,5.094584220932
47751.55240899767,bench:80b12732923fc30f,67,5.50088,0.9291566,5.111178957808001
47755.60607897933,bench:80b12732923fc30f,67,5.50088,0.9291566,5.111178957808001
47763.52134600165,bench:80b12732923fc30f,67,5.41158,0.928888,5.02675172304
47771.539019973716,bench:80b12732923fc30f,67,5.42944,0.928888,5.04334166272
47779.5593609917,bench:80b12732923fc30f,67,5.42944,0.928888,5.04334166272
47783.6954559898,bench:80b12732923fc30f,67,5.42944,0.9299625,5.0491755959999995
47788.65109998151,bench:80b12732923fc30f,67,5.40265,0.9280821,5.014102757565
47799.55713899108,bench:80b12732923fc30f,67,5.6259,0.9294252,5.22885323268
47803.56899497565,bench:80b12732923fc30f,67,5.58125,0.9270077,5.173861725625
47811.5353359899,bench:80b12732923fc30f,67,5.5366,0.9280821,5.13841935486
47819.51769598527,bench:80b12732923fc30f,67,5.64376,0.9283507,5.239388546632
47823.553772992454,bench:80b12732923fc30f,67,4.25068,0.9280821,3.944980020828
47827.960069989786,bench:80b12732923fc30f,67,4.20603,0.9286194,3.905801054982
47832.01498098788,bench:80b12732923fc30f,67,4.14352,0.928888,3.8488660057599997
47836.25738997944,bench:80b12732923fc30f,67,4.22389,0.9291566,3.9246552711739997
47843.52995897643,bench:80b12732923fc30f,67,5.51874,0.9291566,5.1277736946840005
47848.48726997734,idle,67,4.25961,0.928888,3.9567006136800007
47852.98108498682,idle,67,1.77707,0.9283507,1.649744178449
47870.5615309882,idle,67,1.47345,0.8732836,1.28673972042
47877.50219597365,idle,67,1.06267,0.7225879,0.767872483693
47883.02611297695,idle,67,1.06267,0.7223192,0.7675869442640001
47901.31879399996,idle,67,1.26806,0.8327221,1.055941586126
47906.05243999744,bench:271f856d9a76f7e9,68,2.09855,0.8329906,1.74807242363
47910.398181993514,bench:271f856d9a76f7e9,68,2.09855,0.8332592,1.7486360941599999
47917.52689998248,bench:271f856d9a76f7e9,68,2.5004,0.8732836,2.1835583134400003
47923.350536992075,bench:271f856d9a76f7e9,68,3.02727,0.928888,2.81199477576
47927.61037198943,bench:271f856d9a76f7e9,68,3.01834,0.9291566,2.804510532044
47933.97644898505,bench:271f856d9a76f7e9,68,2.91118,0.9181431,2.6728798298579997
47940.44717299403,bench:271f856d9a76f7e9,68,3.07192,0.9283507,2.851819082344
47944.59217597614,bench:271f856d9a76f7e9,68,3.06299,0.9369466,2.869858066334
47948.7198269926,bench:271f856d9a76f7e9,68,3.01834,0.9280821,2.801267325714
47952.79319997644,bench:271f856d9a76f7e9,68,3.07192,0.9294252,2.855119860384
47959.188961976906,bench:271f856d9a76f7e9,68,2.90225,0.9186804,2.6662401909
47963.403944973834,bench:271f856d9a76f7e9,68,2.92011,0.918949,2.68343216439
47969.88194697769,bench:271f856d9a76f7e9,68,3.02727,0.928888,2.81199477576
47973.93357998226,bench:271f856d9a76f7e9,68,3.02727,0.9283507,2.810368223589
47979.51979297795,bench:271f856d9a76f7e9,68,2.92011,0.918949,2.68343216439
47983.80273897783,bench:271f856d9a76f7e9,68,2.91118,0.9197549,2.677572069782
47987.92198198498,bench:271f856d9a76f7e9,68,2.90225,0.9186804,2.6662401909
47992.00533700059,bench:271f856d9a76f7e9,68,2.92011,0.9192177,2.684216797947
47996.13145098556,bench:271f856d9a76f7e9,68,2.92904,0.9186804,2.690851638816
48000.29267597711,bench:271f856d9a76f7e9,68,2.91118,0.9192177,2.676008183886
48004.41932698595,bench:271f856d9a76f7e9,68,2.92011,0.9192177,2.684216797947
48008.52149599814,bench:271f856d9a76f7e9,68,2.92011,0.9192177,2.684216797947
48014.12698699278,bench:271f856d9a76f7e9,68,3.0362,0.9291566,2.82110526892
48018.34245197824,bench:271f856d9a76f7e9,68,3.0362,0.928888,2.8202897456000002
48022.42117698188,bench:271f856d9a76f7e9,68,3.0362,0.9286194,2.8194742222799998
48026.46482898854,bench:271f856d9a76f7e9,68,3.00941,0.9286194,2.7945965085539997
48032.01180099859,bench:271f856d9a76f7e9,68,2.93797,0.9194863,2.701423164811
48036.33959899889,bench:271f856d9a76f7e9,68,2.88439,0.9197549,2.652931836011
48042.68713897909,bench:271f856d9a76f7e9,68,3.01834,0.928888,2.80369980592
48046.80547499447,bench:271f856d9a76f7e9,68,3.06299,0.9286194,2.844351936006
48050.86584799574,bench:271f856d9a76f7e9,68,3.02727,0.9294252,2.813621025204
48054.91474099108,bench:271f856d9a76f7e9,68,3.0362,0.9286194,2.8194742222799998
48060.525119974045,bench:271f856d9a76f7e9,68,2.88439,0.9181431,2.6482827762089998
48064.77247399744,bench:271f856d9a76f7e9,68,2.90225,0.9184118,2.66546064655
48071.2306239875,bench:271f856d9a76f7e9,68,3.00941,0.9291566,2.796213163606
48075.33823797712,bench:271f856d9a76f7e9,68,3.00941,0.9286194,2.7945965085539997
48079.33259397396,bench:271f856d9a76f7e9,68,3.06299,0.928888,2.84517465512
48083.439781999914,bench:271f856d9a76f7e9,68,3.05406,0.9283507,2.835238738842
48087.522358982824,bench:271f856d9a76f7e9,68,3.06299,0.9286194,2.844351936006
48091.655601980165,bench:271f856d9a76f7e9,68,3.00048,0.9286194,2.7863039373119998
48095.706308988156,bench:271f856d9a76f7e9,68,3.00941,0.9286194,2.7945965085539997
48099.77518298547,bench:271f856d9a76f7e9,68,3.04513,0.928888,2.82858471544
48103.884629992535,bench:271f856d9a76f7e9,68,3.02727,0.9291566,2.812807900482
48107.961503992556,bench:271f856d9a76f7e9,68,3.02727,0.9299625,2.815247577375
48112.04241399537,bench:271f856d9a76f7e9,68,2.98262,0.9291566,2.771321058292
48117.74784899899,bench:271f856d9a76f7e9,68,2.91118,0.9151884,2.664278166312
48122.01533198822,bench:271f856d9a76f7e9,68,2.89332,0.9186804,2.658036374928
48127.65535898507,bench:271f856d9a76f7e9,68,3.0362,0.928888,2.8202897456000002
48131.87400897732,bench:271f856d9a76f7e9,68,3.02727,0.9283507,2.810368223589
48135.974807984894,bench:271f856d9a76f7e9,68,3.05406,0.9291566,2.837700005796
48140.05649698083,bench:271f856d9a76f7e9,68,3.06299,0.928888,2.84517465512
48146.54942398192,bench:271f856d9a76f7e9,68,2.8576,0.9173373,2.62138306848
48150.66400097567,bench:271f856d9a76f7e9,68,2.91118,0.9178746,2.672098178028
48156.314731983,bench:271f856d9a76f7e9,68,3.02727,0.9291566,2.812807900482
48160.4989929765,bench:271f856d9a76f7e9,68,3.02727,0.9283507,2.810368223589
48167.04117998597,bench:271f856d9a76f7e9,68,2.92904,0.9186804,2.690851638816
48171.17742297705,bench:271f856d9a76f7e9,68,2.88439,0.9162628,2.642859257692
48175.28455599677,bench:271f856d9a76f7e9,68,2.87546,0.9178746,2.639311697316
48182.03477800125,bench:271f856d9a76f7e9,68,3.04513,0.9286194,2.8277667935219997
48186.11609598156,bench:271f856d9a76f7e9,68,3.00941,0.9283507,2.7937878800869997
48190.204635990085,bench:271f856d9a76f7e9,68,3.02727,0.9294252,2.813621025204
48194.29456497892,bench:271f856d9a76f7e9,68,3.07192,0.9294252,2.855119860384
48199.92346200161,bench:271f856d9a76f7e9,68,2.90225,0.9192177,2.667799569825
48204.23903799383,bench:271f856d9a76f7e9,68,2.8576,0.9192177,2.6267564995200003
48210.66705798148,bench:271f856d9a76f7e9,68,3.00941,0.928888,2.79540483608
48214.72869097488,bench:271f856d9a76f7e9,68,3.04513,0.9286194,2.8277667935219997
48218.834101979155,bench:271f856d9a76f7e9,68,3.04513,0.9275449,2.824494801337
48222.882974980166,bench:271f856d9a76f7e9,68,3.05406,0.9280821,2.8344184183260004
48228.55440998683,bench:271f856d9a76f7e9,68,2.92011,0.9186804,2.682647822844
48232.81352198683,bench:271f856d9a76f7e9,68,2.87546,0.9194863,2.643946076198
48236.94145097397,bench:271f856d9a76f7e9,68,2.90225,0.9192177,2.667799569825
48241.08013897785,bench:271f856d9a76f7e9,68,2.92011,0.918949,2.68343216439
48245.23338198196,bench:271f856d9a76f7e9,68,3.46484,0.918949,3.18401125316
48249.30273697828,bench:271f856d9a76f7e9,68,2.9469,0.9192177,2.70884264013
48253.44222100102,bench:271f856d9a76f7e9,68,2.92904,0.9178746,2.688491418384
48257.52663199091,bench:271f856d9a76f7e9,68,2.92904,0.9186804,2.690851638816
48263.049253000645,bench:271f856d9a76f7e9,68,3.07192,0.9286194,2.852644507248
48267.29819897446,bench:271f856d9a76f7e9,68,3.00941,0.9283507,2.7937878800869997
48271.3291279797,bench:271f856d9a76f7e9,68,3.0362,0.9286194,2.8194742222799998
48275.382372987224,bench:271f856d9a76f7e9,68,3.24159,0.9304997,3.016298522523
48279.45850498509,bench:271f856d9a76f7e9,68,2.99155,0.9286194,2.77801136607
48283.53058299399,bench:271f856d9a76f7e9,68,3.0362,0.9286194,2.8194742222799998
48287.64401099761,bench:271f856d9a76f7e9,68,3.05406,0.928888,2.8368796852800005
48291.692107974086,bench:271f856d9a76f7e9,68,3.01834,0.9291566,2.804510532044
48295.737128995825,bench:271f856d9a76f7e9,68,3.07192,0.9280821,2.850993964632
48299.754021980334,bench:271f856d9a76f7e9,68,3.04513,0.928888,2.82858471544
48306.23170899344,bench:271f856d9a76f7e9,68,2.89332,0.9192177,2.659590955764
48310.29995298013,bench:271f856d9a76f7e9,68,2.88439,0.9184118,2.649057811802
48314.34504897334,bench:271f856d9a76f7e9,68,2.91118,0.9151884,2.664278166312
48318.41258899658,bench:271f856d9a76f7e9,68,2.92904,0.9186804,2.690851638816
48324.04702398344,bench:271f856d9a76f7e9,68,2.99155,0.928888,2.7788148964
48328.26206297614,bench:271f856d9a76f7e9,68,3.07192,0.928888,2.8534696249600002
48332.253529981244,bench:271f856d9a76f7e9,68,2.98262,0.9286194,2.769718794828
48336.292088992195,bench:271f856d9a76f7e9,68,3.02727,0.9283507,2.810368223589
48340.29988897964,bench:271f856d9a76f7e9,68,3.00048,0.9283507,2.785497708336
48344.30042997701,bench:271f856d9a76f7e9,68,3.23266,0.9304997,3.0079891602020004
48348.36672898382,bench:271f856d9a76f7e9,68,2.95583,0.9299625,2.748811056375
48352.42180697969,bench:271f856d9a76f7e9,68,3.10764,0.928888,2.8866495043200002
48356.4319399884,bench:271f856d9a76f7e9,68,3.00048,0.9286194,2.7863039373119998
48360.47036998207,bench:271f856d9a76f7e9,68,3.07192,0.9291566,2.854294742672
48365.97910197452,bench:271f856d9a76f7e9,68,2.92011,0.9192177,2.684216797947
48370.281991985394,bench:271f856d9a76f7e9,68,2.84867,0.9192177,2.618547885459
48374.33492098353,bench:271f856d9a76f7e9,68,2.86653,0.918949,2.63419487697
48378.44290598878,bench:271f856d9a76f7e9,68,2.89332,0.9186804,2.658036374928
48384.82962999842,bench:271f856d9a76f7e9,68,3.0362,0.9291566,2.82110526892
48388.81913397927,bench:271f856d9a76f7e9,68,3.01834,0.9294252,2.8053212581679996
48392.85460099927,bench:271f856d9a76f7e9,68,3.06299,0.9286194,2.844351936006
48399.380731978454,bench:271f856d9a76f7e9,68,2.92011,0.9192177,2.684216797947
48403.48886398715,bench:271f856d9a76f7e9,68,2.91118,0.9192177,2.676008183886
48409.93173699826,bench:271f856d9a76f7e9,68,3.00941,0.928888,2.79540483608
48413.941332983086,bench:271f856d9a76f7e9,68,3.08978,0.9286194,2.869229649732
48418.0185579753,bench:271f856d9a76f7e9,68,3.0362,0.9283507,2.81865839534
48422.02650598483,bench:271f856d9a76f7e9,68,3.01834,0.9291566,2.804510532044
48426.08378798468,bench:271f856d9a76f7e9,68,3.01834,0.9291566,2.804510532044
48430.1223839866,bench:271f856d9a76f7e9,68,3.01834,0.9283507,2.8020780518379995
48434.14322097669,bench:271f856d9a76f7e9,68,3.00941,0.9283507,2.7937878800869997
48438.14694698085,bench:271f856d9a76f7e9,68,3.06299,0.9283507,2.843528910593
48442.15126498602,bench:271f856d9a76f7e9,68,3.06299,0.928888,2.84517465512
48446.16043599672,bench:271f856d9a76f7e9,68,3.0362,0.9280821,2.81784287202
48450.20993897924,bench:271f856d9a76f7e9,68,3.06299,0.9286194,2.844351936006
48454.285182990134,bench:271f856d9a76f7e9,68,3.06299,0.9326486,2.856693335314
48458.27701999224,bench:271f856d9a76f7e9,68,3.00941,0.9291566,2.796213163606
48462.30557898525,bench:271f856d9a76f7e9,68,3.08085,0.9326486,2.8733504393100002
48466.292990982765,bench:271f856d9a76f7e9,68,3.01834,0.9283507,2.8020780518379995
48470.38940098719,bench:271f856d9a76f7e9,68,3.02727,0.928888,2.81199477576
48474.39723799471,bench:271f856d9a76f7e9,68,3.08085,0.9294252,2.86341962742
48478.4567229799,bench:271f856d9a76f7e9,68,3.02727,0.928888,2.81199477576
48482.46455998742,bench:271f856d9a76f7e9,68,3.02727,0.9286194,2.811181651038
48486.4664709894,bench:271f856d9a76f7e9,68,3.07192,0.928888,2.8534696249600002
48490.507196984254,bench:271f856d9a76f7e9,68,3.00941,0.9280821,2.792979552561
48494.58964497899,bench:271f856d9a76f7e9,68,3.00941,0.9291566,2.796213163606
48498.62766699516,bench:271f856d9a76f7e9,68,3.0362,0.9283507,2.81865839534
48504.47033997625,idle,68,2.99155,0.9283507,2.777207536585
48508.95983999362,idle,68,1.71456,0.9286194,1.5921736784640002
48523.204184981296,idle,68,1.70563,0.9283507,1.583422804441
48530.26873699855,idle,68,1.25913,0.8337965,1.0498581870450001
48535.924041992985,idle,68,1.25913,0.8329906,1.048843454178
48550.59767898638,idle,68,1.2502,0.8332592,1.0417406518399999
48557.96333999024,bench:dba65862e2c741ee,69,1.94674,0.8184852,1.593377878248
48562.738392996835,bench:dba65862e2c741ee,69,1.93781,0.8184852,1.586068805412
48569.93466700078,bench:dba65862e2c741ee,69,2.16106,0.8329906,1.800142666036
48576.13107797806,bench:dba65862e2c741ee,69,3.0362,0.928888,2.8202897456000002
48580.36148798419,bench:dba65862e2c741ee,69,3.01834,0.9304997,2.808564464498
48586.79728599964,bench:dba65862e2c741ee,69,2.89332,0.918949,2.6588135206800003
48592.420979985036,bench:dba65862e2c741ee,69,3.02727,0.9278135,2.808741974145
48596.60033398541,bench:dba65862e2c741ee,69,3.00048,0.9280821,2.784691779408
48600.67094897386,bench:dba65862e2c741ee,69,3.06299,0.9280821,2.842706191479
48604.69397099223,bench:dba65862e2c741ee,69,2.98262,0.9291566,2.771321058292
48608.6803819926,bench:dba65862e2c741ee,69,3.0362,0.9304997,2.82518318914
48612.73262597388,bench:dba65862e2c741ee,69,3.05406,0.9286194,2.836059364764
48616.71266698977,bench:dba65862e2c741ee,69,3.00048,0.9283507,2.785497708336
48620.69630098995,bench:dba65862e2c741ee,69,2.98262,0.9291566,2.771321058292
48624.72158198943,bench:dba65862e2c741ee,69,3.01834,0.928888,2.80369980592
48628.75969699235,bench:dba65862e2c741ee,69,3.00048,0.9286194,2.7863039373119998
48632.75579299079,bench:dba65862e2c741ee,69,2.99155,0.9291566,2.77961842673
48636.74227899173,bench:dba65862e2c741ee,69,3.06299,0.9286194,2.844351936006
48640.74161599274,bench:dba65862e2c741ee,69,2.96476,0.9286194,2.753133652344
48644.77248999174,bench:dba65862e2c741ee,69,3.06299,0.9280821,2.842706191479
48648.75708598993,bench:dba65862e2c741ee,69,3.0362,0.928888,2.8202897456000002
48652.750145993195,bench:dba65862e2c741ee,69,3.00941,0.9286194,2.7945965085539997
48656.74331597984,bench:dba65862e2c741ee,69,2.98262,0.9291566,2.771321058292
48660.810467990814,bench:dba65862e2c741ee,69,3.00941,0.9283507,2.7937878800869997
48664.876488997834,bench:dba65862e2c741ee,69,3.10764,0.928888,2.8866495043200002
48668.87588199461,bench:dba65862e2c741ee,69,3.00941,0.9299625,2.798638447125
48672.895033989334,bench:dba65862e2c741ee,69,3.08978,0.9283507,2.868399425846
48676.884574990254,bench:dba65862e2c741ee,69,3.02727,0.9286194,2.811181651038
48680.884448986035,bench:dba65862e2c741ee,69,3.15229,0.9280821,2.925583923009
48684.9289709935,bench:dba65862e2c741ee,69,2.97369,0.9299625,2.765420186625
48688.95904897363,bench:dba65862e2c741ee,69,3.07192,0.9283507,2.851819082344
48692.97262598411,bench:dba65862e2c741ee,69,3.06299,0.9283507,2.843528910593
48696.95159298135,bench:dba65862e2c741ee,69,3.06299,0.9291566,2.845997374234
48700.947855977574,bench:dba65862e2c741ee,69,3.07192,0.9286194,2.852644507248
48704.948193975724,bench:dba65862e2c741ee,69,3.00048,0.928888,2.7871098662400002
48709.095473983325,bench:dba65862e2c741ee,69,3.01834,0.928888,2.80369980592
48716.18004498305,bench:dba65862e2c741ee,69,2.95583,0.9286194,2.7448410811020003
48720.24851097376,bench:dba65862e2c741ee,69,2.92011,0.9280821,2.7101018210310004
48724.28390299319,bench:dba65862e2c741ee,69,2.92011,0.9283507,2.710886162577
48728.32620298141,bench:dba65862e2c741ee,69,2.87546,0.9280821,2.668662955266
48733.502011979,bench:dba65862e2c741ee,69,2.91118,0.9280821,2.701814047878
48737.80366097344,bench:dba65862e2c741ee,69,2.84867,0.9283507,2.644564788569
48743.796703987755,bench:dba65862e2c741ee,69,2.91118,0.9294252,2.7057240537359997
48747.82111498644,bench:dba65862e2c741ee,69,2.92011,0.928888,2.71245513768
48751.86422999832,bench:dba65862e2c741ee,69,2.91118,0.9280821,2.701814047878
48757.10138998693,bench:dba65862e2c741ee,69,2.91118,0.9286194,2.703378224892
48761.42787298886,bench:dba65862e2c741ee,69,2.81295,0.9278135,2.6098929848249997
48767.58489597705,bench:dba65862e2c741ee,69,2.92011,0.928888,2.71245513768
48771.664861997124,bench:dba65862e2c741ee,69,2.91118,0.928888,2.70416016784
48779.93971898104,bench:dba65862e2c741ee,69,2.92011,0.928888,2.71245513768
48786.536811996484,bench:dba65862e2c741ee,69,3.02727,0.9304997,2.816873826819
48792.98611098784,bench:dba65862e2c741ee,69,2.92011,0.918949,2.68343216439
48798.50223098765,bench:dba65862e2c741ee,69,2.99155,0.9259331,2.769975165305
48802.72660398623,bench:dba65862e2c741ee,69,3.49163,0.9294252,3.245208911076
48806.77484799526,bench:dba65862e2c741ee,69,3.00941,0.9294252,2.797021491132
48810.81640699995,bench:dba65862e2c741ee,69,3.00941,0.9280821,2.792979552561
48816.383545985445,bench:dba65862e2c741ee,69,2.92011,0.9186804,2.682647822844
48820.69971397868,bench:dba65862e2c741ee,69,2.91118,0.9184118,2.673662063924
48827.06384599442,bench:dba65862e2c741ee,69,3.07192,0.928888,2.8534696249600002
48831.10170098371,bench:dba65862e2c741ee,69,2.99155,0.9280821,2.7764040062550004
48835.14963099151,bench:dba65862e2c741ee,69,3.17908,0.928888,2.95300926304
48841.66742800153,bench:dba65862e2c741ee,69,2.86653,0.9173373,2.629574890569
48845.77580197947,bench:dba65862e2c741ee,69,2.86653,0.9151884,2.623415004252
48851.35734800133,bench:dba65862e2c741ee,69,2.99155,0.9291566,2.77961842673
48855.57775699999,bench:dba65862e2c741ee,69,2.99155,0.9291566,2.77961842673
48859.54281699378,bench:dba65862e2c741ee,69,2.99155,0.9291566,2.77961842673
48863.6076169787,bench:dba65862e2c741ee,69,2.99155,0.9286194,2.77801136607
48867.65810099314,bench:dba65862e2c741ee,69,3.02727,0.928888,2.81199477576
48871.64904997917,bench:dba65862e2c741ee,69,2.98262,0.9299625,2.77372475175
48875.63381297514,bench:dba65862e2c741ee,69,2.98262,0.9286194,2.769718794828
48879.66964999214,bench:dba65862e2c741ee,69,3.07192,0.9326486,2.8650218873120004
48883.71881999774,bench:dba65862e2c741ee,69,3.07192,0.9286194,2.852644507248
48887.77002698043,bench:dba65862e2c741ee,69,3.02727,0.9283507,2.810368223589
48891.74164200085,bench:dba65862e2c741ee,69,3.06299,0.9304997,2.850111276103
48895.83488597418,bench:dba65862e2c741ee,69,2.99155,0.9286194,2.77801136607
48899.80796398595,bench:dba65862e2c741ee,69,3.02727,0.9286194,2.811181651038
48903.82954198867,bench:dba65862e2c741ee,69,2.99155,0.9304997,2.783636377535
48907.828785973834,bench:dba65862e2c741ee,69,3.01834,0.9286194,2.8028890797959995
48911.85110498918,bench:dba65862e2c741ee,69,2.99155,0.9286194,2.77801136607
48918.30607000156,bench:dba65862e2c741ee,69,2.89332,0.9184118,2.657259229176
48922.42325798725,bench:dba65862e2c741ee,69,2.87546,0.9194863,2.643946076198
48928.89125997317,bench:dba65862e2c741ee,69,3.14336,0.9280821,2.917296149856
48932.90539298323,bench:dba65862e2c741ee,69,3.01834,0.9280821,2.801267325714
48936.924710986204,bench:dba65862e2c741ee,69,3.04513,0.9296938,2.831038481194
48940.941566979745,bench:dba65862e2c741ee,69,3.06299,0.9283507,2.843528910593
48945.017254998675,bench:dba65862e2c741ee,69,2.99155,0.9280821,2.7764040062550004
48949.02405497851,bench:dba65862e2c741ee,69,3.0362,0.9286194,2.8194742222799998
48953.07379899896,bench:dba65862e2c741ee,69,3.14336,0.928888,2.9198293836800002
48957.07621099427,bench:dba65862e2c741ee,69,3.07192,0.9283507,2.851819082344
48961.084824986756,bench:dba65862e2c741ee,69,3.05406,0.9304997,2.8418019137820005
48965.13849598705,bench:dba65862e2c741ee,69,3.20587,0.9304997,2.983061073239
48969.19088799041,bench:dba65862e2c741ee,69,3.09871,0.9283507,2.876689597597
48973.16150297411,bench:dba65862e2c741ee,69,3.50056,0.9286194,3.250687926864
48977.14956197888,bench:dba65862e2c741ee,69,3.572,0.9286194,3.3170284968
48981.16901097819,bench:dba65862e2c741ee,69,3.50056,0.928888,3.25162817728
48985.18818098819,bench:dba65862e2c741ee,69,3.50056,0.9286194,3.250687926864
48989.211998996325,bench:dba65862e2c741ee,69,3.07192,0.9291566,2.854294742672
48993.232150998665,bench:dba65862e2c741ee,69,3.09871,0.928888,2.87835453448
48997.21615499584,bench:dba65862e2c741ee,69,3.06299,0.9304997,2.850111276103
49001.24632497318,bench:dba65862e2c741ee,69,3.14336,0.9283507,2.918140456352
49005.2470699884,bench:dba65862e2c741ee,69,3.07192,0.928888,2.8534696249600002
49009.245128982,bench:dba65862e2c741ee,69,3.06299,0.9286194,2.844351936006
49013.24961398495,bench:dba65862e2c741ee,69,3.13443,0.9283507,2.909850284601
49017.280284984736,bench:dba65862e2c741ee,69,3.04513,0.928888,2.82858471544
49021.32600999903,bench:dba65862e2c741ee,69,3.0362,0.9286194,2.8194742222799998
49025.3186810005,bench:dba65862e2c741ee,69,3.07192,0.9283507,2.851819082344
49029.35231398442,bench:dba65862e2c741ee,69,3.06299,0.928888,2.84517465512
49033.32761398633,bench:dba65862e2c741ee,69,3.0362,0.9291566,2.82110526892
49037.32808100176,bench:dba65862e2c741ee,69,3.07192,0.9291566,2.854294742672
49041.32210399257,bench:dba65862e2c741ee,69,3.07192,0.9286194,2.852644507248
49045.33112599165,bench:dba65862e2c741ee,69,3.07192,0.9280821,2.850993964632
49049.31133298669,bench:dba65862e2c741ee,69,3.04513,0.9286194,2.8277667935219997
49053.391984984046,bench:dba65862e2c741ee,69,3.06299,0.9278135,2.841883472365
49057.40674797562,bench:dba65862e2c741ee,69,3.14336,0.9294252,2.9215179966719997
49061.427918000845,bench:dba65862e2c741ee,69,3.06299,0.928888,2.84517465512
49065.43434798368,bench:dba65862e2c741ee,69,3.06299,0.9283507,2.843528910593
49069.43035198492,bench:dba65862e2c741ee,69,3.07192,0.9286194,2.852644507248
49073.44378097332,bench:dba65862e2c741ee,69,3.00941,0.9283507,2.7937878800869997
49077.43706298061,bench:dba65862e2c741ee,69,3.08978,0.9283507,2.868399425846
49081.48375098244,bench:dba65862e2c741ee,69,3.06299,0.9304997,2.850111276103
49085.52910698927,bench:dba65862e2c741ee,69,2.99155,0.9283507,2.777207536585
49089.554387988755,bench:dba65862e2c741ee,69,3.04513,0.928888,2.82858471544
49093.56448397739,bench:dba65862e2c741ee,69,3.06299,0.9294252,2.846820093348
49097.62311697705,bench:dba65862e2c741ee,69,3.0362,0.9286194,2.8194742222799998
49101.588361983886,bench:dba65862e2c741ee,69,3.07192,0.9286194,2.852644507248
49105.594809981994,bench:dba65862e2c741ee,69,3.00941,0.928888,2.79540483608
49109.587239974644,bench:dba65862e2c741ee,69,3.05406,0.9304997,2.8418019137820005
49113.62116999226,bench:dba65862e2c741ee,69,3.50056,0.9283507,3.249747326392
49117.742060974706,bench:dba65862e2c741ee,69,3.02727,0.928888,2.81199477576
49121.764101990266,bench:dba65862e2c741ee,69,3.00941,0.9304997,2.800255102177
49125.78649498755,bench:dba65862e2c741ee,69,3.07192,0.9326486,2.8650218873120004
49131.38902198989,bench:dba65862e2c741ee,69,2.88439,0.9184118,2.649057811802
49135.716356977355,bench:dba65862e2c741ee,69,2.88439,0.9186804,2.6498325589559997
49142.09252598812,bench:dba65862e2c741ee,69,2.97369,0.9283507,2.7606271930829998
49146.09904799727,bench:dba65862e2c741ee,69,3.07192,0.9283507,2.851819082344
49150.134365976555,bench:dba65862e2c741ee,69,3.05406,0.9280821,2.8344184183260004
49154.090184980305,bench:dba65862e2c741ee,69,3.00048,0.9286194,2.7863039373119998
49158.14931798377,idle,69,2.67007,0.9291566,2.480913162962
49162.35956098535,idle,69,1.70563,0.9283507,1.583422804441
49179.11214398919,idle,69,1.41094,0.8732836,1.2321507625840002
49184.48356297449,idle,69,1.41094,0.8735522,1.232529741068
49188.900247972924,idle,69,1.40201,0.8732836,1.2243523400360001
49203.40079398011,idle,69,1.41094,0.8732836,1.2321507625840002
49211.77242900012,bench:702ae99535d0a2c1,70,1.83958,0.8187538,1.506163115404
49218.90162897762,bench:702ae99535d0a2c1,70,1.50024,0.7225879,1.0840552710959999
49226.01692099124,bench:702ae99535d0a2c1,70,2.16999,0.8633446,1.873449148554
49231.9369459874,bench:702ae99535d0a2c1,70,2.87546,0.9283507,2.669435303822
49236.03117099265,bench:702ae99535d0a2c1,70,2.8576,0.9280821,2.6520874089600004
49240.13428599574,bench:702ae99535d0a2c1,70,2.84867,0.928888,2.64609537896
49244.276750978315,bench:702ae99535d0a2c1,70,2.90225,0.928888,2.6958651980000004
49250.653382972814,bench:702ae99535d0a2c1,70,2.77723,0.9192177,2.552878972971
49254.88929299172,bench:702ae99535d0a2c1,70,2.75937,0.918949,2.53572030213
49261.31955397432,bench:702ae99535d0a2c1,70,3.4827,0.928888,3.2350382376
49265.46355697792,bench:702ae99535d0a2c1,70,2.87546,0.928888,2.67098028848
49269.677613978274,bench:702ae99535d0a2c1,70,2.90225,0.9286194,2.69508565365
49275.40380699793,bench:702ae99535d0a2c1,70,2.70579,0.918949,2.48648301471
49279.83010397293,bench:702ae99535d0a2c1,70,2.73258,0.9184118,2.509633716444
49286.15597699536,bench:702ae99535d0a2c1,70,2.86653,0.928888,2.6626853186400004
49290.39942397503,bench:702ae99535d0a2c1,70,2.84867,0.9286194,2.645330226198
49295.91873000027,bench:702ae99535d0a2c1,70,2.74151,0.9192177,2.520044516727
49300.16197200166,bench:702ae99535d0a2c1,70,2.75937,0.9186804,2.534979135348
49306.65010298253,bench:702ae99535d0a2c1,70,2.89332,0.9283507,2.686015647324
49310.960807983065,bench:702ae99535d0a2c1,70,2.84867,0.9291566,2.646860531722
49316.447077988414,bench:702ae99535d0a2c1,70,2.74151,0.918949,2.51930787299
49320.761337992735,bench:702ae99535d0a2c1,70,2.70579,0.918949,2.48648301471
49326.28445897717,bench:702ae99535d0a2c1,70,2.92011,0.9291566,2.7132394792260004
49330.57921999716,bench:702ae99535d0a2c1,70,2.90225,0.9286194,2.69508565365
49334.79262900073,bench:702ae99535d0a2c1,70,2.83974,0.9286194,2.637037654956
49339.00703798281,bench:702ae99535d0a2c1,70,2.91118,0.9286194,2.703378224892
49345.460095995804,bench:702ae99535d0a2c1,70,2.7683,0.9178746,2.54095225518
49349.729763984215,bench:702ae99535d0a2c1,70,2.68793,0.9192177,2.470792832361
49354.00380298961,bench:702ae99535d0a2c1,70,2.71472,0.9186804,2.4939600554879995
49358.30280400114,bench:702ae99535d0a2c1,70,2.75937,0.9192177,2.5364617448490003
49362.58010199526,bench:702ae99535d0a2c1,70,2.73258,0.9184118,2.509633716444
49366.820492985426,bench:702ae99535d0a2c1,70,2.75937,0.9178746,2.532755635002
49371.07014199137,bench:702ae99535d0a2c1,70,2.75044,0.918949,2.52751408756
49375.31344097806,bench:702ae99535d0a2c1,70,2.75937,0.9192177,2.5364617448490003
49379.75064397324,bench:702ae99535d0a2c1,70,2.75937,0.9186804,2.534979135348
49385.33941298374,bench:702ae99535d0a2c1,70,2.91118,0.928888,2.70416016784
49389.60913699702,bench:702ae99535d0a2c1,70,2.87546,0.9283507,2.669435303822
49396.27137797652,bench:702ae99535d0a2c1,70,2.45575,0.888595,2.18216717125
49402.83745297347,bench:702ae99535d0a2c1,70,2.81295,0.9291566,2.61367105797
49407.099435979035,bench:702ae99535d0a2c1,70,2.88439,0.9294252,2.680824752628
49411.24390097684,bench:702ae99535d0a2c1,70,2.84867,0.928888,2.64609537896
49415.39177397499,bench:702ae99535d0a2c1,70,2.92011,0.9283507,2.710886162577
49421.97568298434,bench:702ae99535d0a2c1,70,2.74151,0.9186804,2.518571503404
49426.17938798503,bench:702ae99535d0a2c1,70,2.77723,0.9186804,2.5513867672919996
49430.44766798266,bench:702ae99535d0a2c1,70,2.75044,0.9186804,2.526775319376
49434.55089299823,bench:702ae99535d0a2c1,70,2.68793,0.9186804,2.469348607572
49441.062949976185,bench:702ae99535d0a2c1,70,2.80402,0.928888,2.60462052976
49445.265877991915,bench:702ae99535d0a2c1,70,2.89332,0.9291566,2.6883473739120003
49449.48374998057,bench:702ae99535d0a2c1,70,2.91118,0.9307683,2.709634059594
49455.18907299265,bench:702ae99535d0a2c1,70,2.7683,0.9186804,2.54318295132
49459.5386479923,bench:702ae99535d0a2c1,70,2.70579,0.918949,2.48648301471
49463.769964990206,bench:702ae99535d0a2c1,70,2.71472,0.9192177,2.4954186745439997
49467.97050398891,bench:702ae99535d0a2c1,70,2.7683,0.918949,2.5439265167
49472.28596798959,bench:702ae99535d0a2c1,70,2.70579,0.9184118,2.485029464322
49476.552321983036,bench:702ae99535d0a2c1,70,2.71472,0.918949,2.49468922928
49480.83393397974,bench:702ae99535d0a2c1,70,2.70579,0.9184118,2.485029464322
49485.13213999104,bench:702ae99535d0a2c1,70,2.75044,0.9186804,2.526775319376
49489.43080799654,bench:702ae99535d0a2c1,70,2.73258,0.9186804,2.510367687432
49493.69556797319,bench:702ae99535d0a2c1,70,2.78616,0.9178746,2.557345495536
49497.99062497914,bench:702ae99535d0a2c1,70,2.63435,0.918949,2.42083329815
49502.292238001246,bench:702ae99535d0a2c1,70,2.71472,0.9184118,2.493230881696
49506.56438697479,bench:702ae99535d0a2c1,70,2.75044,0.918949,2.52751408756
49510.803204000695,bench:702ae99535d0a2c1,70,2.66114,0.9197549,2.447596554586
49515.08733499213,bench:702ae99535d0a2c1,70,2.74151,0.9186804,2.518571503404
49519.35428098659,bench:702ae99535d0a2c1,70,2.71472,0.9184118,2.493230881696
49523.60139400116,bench:702ae99535d0a2c1,70,2.68793,0.918949,2.4700705855700003
49527.84800698282,bench:702ae99535d0a2c1,70,2.67007,0.9192177,2.454375604239
49532.12910098955,bench:702ae99535d0a2c1,70,2.69686,0.9192177,2.479001446422
49536.35745498468,bench:702ae99535d0a2c1,70,2.71472,0.9186804,2.4939600554879995
49540.601104992675,bench:702ae99535d0a2c1,70,2.75937,0.9192177,2.5364617448490003
49544.76588498801,bench:702ae99535d0a2c1,70,2.73258,0.9184118,2.509633716444
49548.94955398049,bench:702ae99535d0a2c1,70,2.7683,0.9192177,2.54467035891
49553.185129974736,bench:702ae99535d0a2c1,70,2.79509,0.9192177,2.569296201093
49557.4438170006,bench:702ae99535d0a2c1,70,2.71472,0.918949,2.49468922928
49561.6676149948,bench:702ae99535d0a2c1,70,2.78616,0.9184118,2.558842220688
49565.838764974615,bench:702ae99535d0a2c1,70,2.78616,0.918949,2.5603389458400003
49570.136395981535,bench:702ae99535d0a2c1,70,2.7683,0.9186804,2.54318295132
49575.78742399346,bench:702ae99535d0a2c1,70,2.86653,0.9286194,2.661915368682
49579.965092998464,bench:702ae99535d0a2c1,70,2.84867,0.9291566,2.646860531722
49585.55356497527,bench:702ae99535d0a2c1,70,2.68793,0.9192177,2.470792832361
49589.8650099989,bench:702ae99535d0a2c1,70,2.679,0.9186804,2.4611447915999998
49594.071900995914,bench:702ae99535d0a2c1,70,2.75937,0.9186804,2.534979135348
49598.326273000566,bench:702ae99535d0a2c1,70,2.74151,0.9184118,2.517835133818
49604.028447996825,bench:702ae99535d0a2c1,70,2.83974,0.9286194,2.637037654956
49608.217098983005,bench:702ae99535d0a2c1,70,2.83974,0.9291566,2.638563163284
49613.96808800055,bench:702ae99535d0a2c1,70,2.7683,0.9186804,2.54318295132
49619.16195199592,bench:702ae99535d0a2c1,70,2.68793,0.9184118,2.468626629574
49623.371398978634,bench:702ae99535d0a2c1,70,2.679,0.9186804,2.4611447915999998
49630.2548229869,bench:702ae99535d0a2c1,70,2.88439,0.9280821,2.676950728419
49634.509898984106,bench:702ae99535d0a2c1,70,2.83974,0.9286194,2.637037654956
49638.64319797722,bench:702ae99535d0a2c1,70,2.80402,0.9270077,2.599348130954
49642.83840399003,bench:702ae99535d0a2c1,70,2.88439,0.9291566,2.680050005474
49648.503726988565,bench:702ae99535d0a2c1,70,2.75044,0.9192177,2.5282531307880003
49652.7554509812,bench:702ae99535d0a2c1,70,2.66114,0.918949,2.44545194186
49657.03663797467,bench:702ae99535d0a2c1,70,2.73258,0.918949,2.51110165842
49661.18347397423,bench:702ae99535d0a2c1,70,3.27731,0.9178746,3.008159605326
49665.45721597504,bench:702ae99535d0a2c1,70,2.79509,0.9192177,2.569296201093
49669.66306997347,bench:702ae99535d0a2c1,70,2.77723,0.9186804,2.5513867672919996
49673.95251599373,bench:702ae99535d0a2c1,70,2.71472,0.9184118,2.493230881696
49678.200276975986,bench:702ae99535d0a2c1,70,2.79509,0.9197549,2.570797723441
49682.46990797343,bench:702ae99535d0a2c1,70,2.74151,0.9184118,2.517835133818
49686.722223996185,bench:702ae99535d0a2c1,70,2.72365,0.9192177,2.503627288605
49692.39365897374,bench:702ae99535d0a2c1,70,2.86653,0.9294252,2.664225218556
49696.60541997291,bench:702ae99535d0a2c1,70,2.90225,0.9283507,2.6943058190749998
49703.07136597694,bench:702ae99535d0a2c1,70,2.70579,0.9186804,2.4857562395159998
49707.376367994584,bench:702ae99535d0a2c1,70,2.75044,0.9192177,2.5282531307880003
49711.815034999745,bench:702ae99535d0a2c1,70,2.60756,0.9186804,2.395514263824
49716.84452999034,bench:702ae99535d0a2c1,70,2.59863,0.9184118,2.386612455834
49724.12035797606,bench:702ae99535d0a2c1,70,2.75044,0.928888,2.5548507107200003
49728.388359973906,bench:702ae99535d0a2c1,70,2.79509,0.9286194,2.595574798746
49733.604816981824,bench:702ae99535d0a2c1,70,2.72365,0.928888,2.5299658012000004
49737.906928989105,bench:702ae99535d0a2c1,70,2.75044,0.9286194,2.554111942536
49742.179967986885,bench:702ae99535d0a2c1,70,2.63435,0.9291566,2.44772368921
49746.43174698576,bench:702ae99535d0a2c1,70,2.72365,0.928888,2.5299658012000004
49750.649267982226,bench:702ae99535d0a2c1,70,2.69686,0.9291566,2.505805268276
49754.832250997424,bench:702ae99535d0a2c1,70,2.67007,0.9286194,2.479478801358
49759.09641999169,bench:702ae99535d0a2c1,70,2.74151,0.9286194,2.545819371294
49763.43860599445,bench:702ae99535d0a2c1,70,2.67007,0.9283507,2.478761353549
49767.791143996874,bench:702ae99535d0a2c1,70,2.64328,0.928888,2.45531107264
49772.89436099818,bench:702ae99535d0a2c1,70,2.83081,0.9286194,2.628745083714
49781.15543999593,bench:702ae99535d0a2c1,70,2.72365,0.9286194,2.52923422881
49786.27302698442,bench:702ae99535d0a2c1,70,2.7683,0.9283507,2.56995324281
49791.21083798236,bench:702ae99535d0a2c1,70,2.83081,0.928888,2.6295054392800004
49796.746847976465,bench:702ae99535d0a2c1,70,2.79509,0.9186804,2.567794399236
49801.16136698052,bench:702ae99535d0a2c1,70,2.71472,0.918949,2.49468922928
49805.47199698049,bench:702ae99535d0a2c1,70,2.75044,0.9192177,2.5282531307880003
49811.467095976695,idle,70,2.59863,0.928888,2.41383622344
49816.47694300045,idle,70,1.6967,0.9283507,1.5751326326900001
49833.18572997814,idle,70,1.3395,0.8638819,1.1571698050499999
49838.718517974485,idle,70,1.34843,0.8633446,1.164159758978
49843.207868980244,idle,70,1.35736,0.8638819,1.172598735784
49860.3448929789,idle,70,1.1609,0.8182165,0.9498675348500001
49866.501935001,bench:897a2b3b0f1d037a,71,1.84851,0.8184852,1.512978077052
49871.150747989304,bench:897a2b3b0f1d037a,71,1.85744,0.8187538,1.5207860582719999
49878.33487399621,bench:897a2b3b0f1d037a,71,2.86653,0.9291566,2.663455268598
49882.545393978944,bench:897a2b3b0f1d037a,71,2.88439,0.9294252,2.680824752628
49888.22145797894,bench:897a2b3b0f1d037a,71,2.72365,0.9186804,2.50216387146
49892.55833000061,bench:897a2b3b0f1d037a,71,2.75937,0.9186804,2.534979135348
49898.9548139798,bench:897a2b3b0f1d037a,71,2.92904,0.9294252,2.722323587808
49903.118426998844,bench:897a2b3b0f1d037a,71,2.89332,0.9286194,2.686793082408
49907.30933699524,bench:897a2b3b0f1d037a,71,2.90225,0.9283507,2.6943058190749998
49913.80839399062,bench:897a2b3b0f1d037a,71,2.67007,0.9186804,2.4529409756279996
49918.051413987996,bench:897a2b3b0f1d037a,71,2.679,0.9181431,2.4597053649
49922.29460098315,bench:897a2b3b0f1d037a,71,2.68793,0.9184118,2.468626629574
49926.507361989934,bench:897a2b3b0f1d037a,71,2.73258,0.9186804,2.510367687432
49930.73167899274,bench:897a2b3b0f1d037a,71,2.74151,0.9186804,2.518571503404
49934.94355198345,bench:897a2b3b0f1d037a,71,2.73258,0.9186804,2.510367687432
49939.2153309891,bench:897a2b3b0f1d037a,71,2.75937,0.9184118,2.534237968566
49946.1054589774,bench:897a2b3b0f1d037a,71,2.82188,0.9286194,2.620452512472
49950.298201991245,bench:897a2b3b0f1d037a,71,2.89332,0.9280821,2.685238501572
49954.492740973365,bench:897a2b3b0f1d037a,71,2.89332,0.9286194,2.686793082408
49958.684668992646,bench:897a2b3b0f1d037a,71,2.91118,0.928888,2.70416016784
49962.917967000976,bench:897a2b3b0f1d037a,71,2.81295,0.9280821,2.610648543195
49967.13324697339,bench:897a2b3b0f1d037a,71,2.90225,0.9286194,2.69508565365
49973.65993398125,bench:897a2b3b0f1d037a,71,2.75937,0.9186804,2.534979135348
49977.889731992036,bench:897a2b3b0f1d037a,71,2.83081,0.9184118,2.5998493075580003
49982.07221599296,bench:897a2b3b0f1d037a,71,2.66114,0.9197549,2.447596554586
49986.271884990856,bench:897a2b3b0f1d037a,71,2.7683,0.9184118,2.54243938594
49992.73325697868,bench:897a2b3b0f1d037a,71,2.83081,0.9291566,2.630265794846
49996.90990700037,bench:897a2b3b0f1d037a,71,2.88439,0.9291566,2.680050005474
50001.09061299008,bench:897a2b3b0f1d037a,71,2.8576,0.928888,2.6543903488000002
50005.176393984584,bench:897a2b3b0f1d037a,71,2.90225,0.928888,2.6958651980000004
50009.368062979775,bench:897a2b3b0f1d037a,71,2.81295,0.928888,2.6129154996
50016.11978499568,bench:897a2b3b0f1d037a,71,2.29501,0.8735522,2.004811034522
50020.455118996324,bench:897a2b3b0f1d037a,71,2.31287,0.8727464,2.0185489661680003
50027.06215699436,bench:897a2b3b0f1d037a,71,2.87546,0.928888,2.67098028848
50031.22754799551,bench:897a2b3b0f1d037a,71,2.90225,0.9280821,2.693526274725
50035.354383988306,bench:897a2b3b0f1d037a,71,2.86653,0.9283507,2.661145132071
50039.524978987174,bench:897a2b3b0f1d037a,71,2.79509,0.928888,2.5963255599200004
50043.6779629963,bench:897a2b3b0f1d037a,71,2.93797,0.9296938,2.731412493586
50047.81855898909,bench:897a2b3b0f1d037a,71,2.88439,0.9286194,2.678500511166
50051.94033897715,bench:897a2b3b0f1d037a,71,2.90225,0.9291566,2.69664474235
50056.07193399919,bench:897a2b3b0f1d037a,71,2.86653,0.9286194,2.661915368682
50060.143529990455,bench:897a2b3b0f1d037a,71,2.90225,0.9286194,2.69508565365
50064.29758798913,bench:897a2b3b0f1d037a,71,2.8576,0.928888,2.6543903488000002
50068.34959198022,bench:897a2b3b0f1d037a,71,2.83081,0.9286194,2.628745083714
50072.470724000596,bench:897a2b3b0f1d037a,71,2.88439,0.9294252,2.680824752628
50076.60494899028,bench:897a2b3b0f1d037a,71,2.88439,0.9283507,2.677725475573
50080.736062984215,bench:897a2b3b0f1d037a,71,2.80402,0.9294252,2.6061268493039997
50084.878490975825,bench:897a2b3b0f1d037a,71,2.79509,0.928888,2.5963255599200004
50089.15997398435,bench:897a2b3b0f1d037a,71,2.84867,0.9286194,2.645330226198
50093.340661987895,bench:897a2b3b0f1d037a,71,2.91118,0.9294252,2.7057240537359997
50097.45610898244,bench:897a2b3b0f1d037a,71,2.91118,0.9291566,2.704942110788
50101.583130977815,bench:897a2b3b0f1d037a,71,2.84867,0.928888,2.64609537896
50105.72850398603,bench:897a2b3b0f1d037a,71,2.8576,0.9283507,2.65285496032
50109.83065498294,bench:897a2b3b0f1d037a,71,2.82188,0.9280821,2.6189363163480004
50114.02736097807,bench:897a2b3b0f1d037a,71,2.88439,0.9294252,2.680824752628
50118.18719599978,bench:897a2b3b0f1d037a,71,2.89332,0.9283507,2.686015647324
50122.27669899585,bench:897a2b3b0f1d037a,71,2.87546,0.928888,2.67098028848
50126.38483199407,bench:897a2b3b0f1d037a,71,2.92011,0.9283507,2.710886162577
50130.5382969731,bench:897a2b3b0f1d037a,71,2.91118,0.928888,2.70416016784
50134.65022598393,bench:897a2b3b0f1d037a,71,2.78616,0.9280821,2.5857852237360004
50138.861783983884,bench:897a2b3b0f1d037a,71,2.81295,0.9286194,2.61215994123
50142.99411998945,bench:897a2b3b0f1d037a,71,2.83081,0.928888,2.6295054392800004
50147.18673299649,bench:897a2b3b0f1d037a,71,2.8576,0.9286194,2.65362279744
50151.38629099238,bench:897a2b3b0f1d037a,71,2.80402,0.9286194,2.603867369988
50155.581756000174,bench:897a2b3b0f1d037a,71,2.91118,0.9283507,2.702595990826
50159.71544399508,bench:897a2b3b0f1d037a,71,2.90225,0.9286194,2.69508565365
50163.81366900168,bench:897a2b3b0f1d037a,71,2.88439,0.928888,2.67927525832
50167.98404199653,bench:897a2b3b0f1d037a,71,2.86653,0.9294252,2.664225218556
50172.06861899467,bench:897a2b3b0f1d037a,71,2.83974,0.9286194,2.637037654956
50176.18288099766,bench:897a2b3b0f1d037a,71,2.84867,0.9286194,2.645330226198
50180.29136597761,bench:897a2b3b0f1d037a,71,2.81295,0.9291566,2.61367105797
50184.44312698557,bench:897a2b3b0f1d037a,71,2.86653,0.9286194,2.661915368682
50188.595759973396,bench:897a2b3b0f1d037a,71,2.90225,0.928888,2.6958651980000004
50192.685188987525,bench:897a2b3b0f1d037a,71,2.89332,0.9286194,2.686793082408
50196.792487986386,bench:897a2b3b0f1d037a,71,2.86653,0.9296938,2.664995168514
50200.85410197498,bench:897a2b3b0f1d037a,71,2.82188,0.928888,2.6212104694400002
50205.00673397328,bench:897a2b3b0f1d037a,71,2.92904,0.9286194,2.719963367376
50209.1705329949,bench:897a2b3b0f1d037a,71,2.83974,0.928888,2.63780040912
50213.31266500056,bench:897a2b3b0f1d037a,71,2.91118,0.9283507,2.702595990826
50217.43953897385,bench:897a2b3b0f1d037a,71,2.83974,0.9296938,2.640088671612
50221.50802297983,bench:897a2b3b0f1d037a,71,2.78616,0.9286194,2.587282227504
50225.63732200069,bench:897a2b3b0f1d037a,71,2.83081,0.9286194,2.628745083714
50229.82819497702,bench:897a2b3b0f1d037a,71,2.88439,0.928888,2.67927525832
50233.91680899658,bench:897a2b3b0f1d037a,71,2.86653,0.9286194,2.661915368682
50238.100310991285,bench:897a2b3b0f1d037a,71,2.93797,0.9283507,2.7274665060789998
50242.15631498373,bench:897a2b3b0f1d037a,71,2.86653,0.9283507,2.661145132071
50246.3605949888,bench:897a2b3b0f1d037a,71,2.8576,0.928888,2.6543903488000002
50250.40474598063,bench:897a2b3b0f1d037a,71,2.89332,0.928888,2.6875702281600002
50254.51591599267,bench:897a2b3b0f1d037a,71,2.82188,0.9291566,2.6219684264080003
50258.71376998839,bench:897a2b3b0f1d037a,71,2.78616,0.9294252,2.589527315232
50262.785291997716,bench:897a2b3b0f1d037a,71,2.86653,0.9304997,2.6673053050410003
50266.85023898608,bench:897a2b3b0f1d037a,71,2.82188,0.9283507,2.619694273316
50270.990722987335,bench:897a2b3b0f1d037a,71,2.8576,0.9286194,2.65362279744
50275.144651997834,bench:897a2b3b0f1d037a,71,2.89332,0.9294252,2.689124519664
50279.273469001055,bench:897a2b3b0f1d037a,71,2.77723,0.9283507,2.578243414561
50283.4716939833,bench:897a2b3b0f1d037a,71,2.83974,0.928888,2.63780040912
50287.600010982715,bench:897a2b3b0f1d037a,71,2.90225,0.9291566,2.69664474235
50291.735124978004,bench:897a2b3b0f1d037a,71,2.93797,0.9286194,2.728255938618
50295.8881459781,bench:897a2b3b0f1d037a,71,2.84867,0.928888,2.64609537896
50300.0187969883,bench:897a2b3b0f1d037a,71,2.87546,0.928888,2.67098028848
50304.17176298215,bench:897a2b3b0f1d037a,71,2.86653,0.928888,2.6626853186400004
50308.361338975374,bench:897a2b3b0f1d037a,71,2.8576,0.9286194,2.65362279744
50312.46532298974,bench:897a2b3b0f1d037a,71,2.83974,0.9280821,2.635511862654
50316.553233977174,bench:897a2b3b0f1d037a,71,2.88439,0.9283507,2.677725475573
50320.780420996016,bench:897a2b3b0f1d037a,71,2.83974,0.9286194,2.637037654956
50324.9320529867,bench:897a2b3b0f1d037a,71,2.88439,0.9294252,2.680824752628
50329.05425998615,bench:897a2b3b0f1d037a,71,2.82188,0.9294252,2.622726383376
50333.21520697791,bench:897a2b3b0f1d037a,71,2.91118,0.9291566,2.704942110788
50337.35948699177,bench:897a2b3b0f1d037a,71,2.84867,0.9283507,2.644564788569
50341.42004599562,bench:897a2b3b0f1d037a,71,2.86653,0.931037,2.66884549161
50345.5263270007,bench:897a2b3b0f1d037a,71,2.8576,0.9283507,2.65285496032
50349.69105100026,bench:897a2b3b0f1d037a,71,2.83974,0.928888,2.63780040912
50353.79946199828,bench:897a2b3b0f1d037a,71,2.89332,0.9291566,2.6883473739120003
50357.97063098289,bench:897a2b3b0f1d037a,71,2.90225,0.9291566,2.69664474235
50362.094262993196,bench:897a2b3b0f1d037a,71,2.86653,0.9286194,2.661915368682
50366.195543989306,bench:897a2b3b0f1d037a,71,2.88439,0.9286194,2.678500511166
50370.317046996206,bench:897a2b3b0f1d037a,71,2.87546,0.9294252,2.6725249855919997
50374.37908697757,bench:897a2b3b0f1d037a,71,2.87546,0.9304997,2.675614667362
50378.427645977354,bench:897a2b3b0f1d037a,71,2.80402,0.928888,2.60462052976
50382.51414897968,bench:897a2b3b0f1d037a,71,2.83974,0.9286194,2.637037654956
50386.57255997532,bench:897a2b3b0f1d037a,71,2.89332,0.9294252,2.689124519664
50390.658136981074,bench:897a2b3b0f1d037a,71,2.84867,0.9283507,2.644564788569
50394.720639975276,bench:897a2b3b0f1d037a,71,2.83974,0.9286194,2.637037654956
50398.921734973555,bench:897a2b3b0f1d037a,71,2.8576,0.9286194,2.65362279744
50403.01694200025,bench:897a2b3b0f1d037a,71,2.91118,0.9286194,2.703378224892
50407.1112969832,bench:897a2b3b0f1d037a,71,2.91118,0.9283507,2.702595990826
50411.30666897516,bench:897a2b3b0f1d037a,71,2.81295,0.9278135,2.6098929848249997
50415.472004999174,bench:897a2b3b0f1d037a,71,2.79509,0.928888,2.5963255599200004
50419.63032199419,bench:897a2b3b0f1d037a,71,2.77723,0.9291566,2.580481584218
50423.76099198009,bench:897a2b3b0f1d037a,71,2.83974,0.928888,2.63780040912
50427.867938997224,bench:897a2b3b0f1d037a,71,2.89332,0.9294252,2.689124519664
50432.00357098249,bench:897a2b3b0f1d037a,71,2.82188,0.928888,2.6212104694400002
50436.13961097435,bench:897a2b3b0f1d037a,71,2.89332,0.9286194,2.686793082408
50440.199317992665,bench:897a2b3b0f1d037a,71,2.87546,0.9283507,2.669435303822
50444.29233999108,bench:897a2b3b0f1d037a,71,2.88439,0.9286194,2.678500511166
50448.38895398425,bench:897a2b3b0f1d037a,71,2.83081,0.9283507,2.627984445067
50452.538585988805,bench:897a2b3b0f1d037a,71,2.91118,0.9296938,2.7065059966839997
50456.64373697946,bench:897a2b3b0f1d037a,71,2.87546,0.928888,2.67098028848
50460.75396199012,bench:897a2b3b0f1d037a,71,2.88439,0.9294252,2.680824752628
50464.72955899662,idle,71,2.5004,0.9286194,2.32191994776
50468.92781998031,idle,71,1.68777,0.9283507,1.566842460939
50483.1927389896,idle,71,1.67884,0.9286194,1.5590033934960001
50493.08652698528,idle,71,3.25945,0.8182165,2.6669357709250003
50498.840034997556,idle,71,0.9912299,0.7225879,0.71625073185821
50514.40447897767,idle,71,0.9912299,0.7223192,0.7159843883840801
50527.63498100103,bench:340061d7326b5d4e,72,4.6436,0.8638819,4.01152199084
50535.60878499411,bench:340061d7326b5d4e,72,4.22389,0.8649564,3.653480688396
50547.15698497603,bench:340061d7326b5d4e,72,5.78664,0.9302311,5.382912492504
50551.44233899773,bench:340061d7326b5d4e,72,5.5366,0.9302311,5.15031750826
50555.675802985206,bench:340061d7326b5d4e,72,4.66146,0.928888,4.32997425648
50559.87608298892,bench:340061d7326b5d4e,72,4.11673,0.928888,3.82398109624
50567.73244397482,bench:340061d7326b5d4e,72,6.134909,0.9286194,5.6969955146346
50575.682007998694,bench:340061d7326b5d4e,72,7.49227,0.9283507,6.955454099089001
50579.860657977406,bench:340061d7326b5d4e,72,5.42944,0.928888,5.04334166272
50584.07193797757,bench:340061d7326b5d4e,72,5.33121,0.9286194,4.950665031473999
50588.60891897348,bench:340061d7326b5d4e,72,4.14352,0.9286194,3.8477530562879996
50592.90258699912,bench:340061d7326b5d4e,72,4.15245,0.9283507,3.854929864215
50596.99999698205,bench:340061d7326b5d4e,72,4.13459,0.9280821,3.8372389698390004
50603.759329998866,bench:340061d7326b5d4e,72,6.05454,0.9280821,5.619110197734001
50608.679307973944,bench:340061d7326b5d4e,72,5.358,0.9294252,4.979860221599999
50615.5917319993,bench:340061d7326b5d4e,72,5.304419,0.9296938,4.9314854569022
50623.75484898803,bench:340061d7326b5d4e,72,7.15293,0.928888,6.64427084184
50631.607246992644,bench:340061d7326b5d4e,72,4.13459,0.928888,3.8405710359200005
50635.863136994885,bench:340061d7326b5d4e,72,4.17924,0.9294252,3.884290972848
50640.11432399275,bench:340061d7326b5d4e,72,4.15245,0.9291566,3.85827632367
50647.74177898653,bench:340061d7326b5d4e,72,3.572,0.9291566,3.3189473752
50651.89944897429,bench:340061d7326b5d4e,72,5.28656,0.9280821,4.906361706576
50659.54868099652,bench:340061d7326b5d4e,72,6.49211,0.9286194,6.028699292934
50667.71140997298,bench:340061d7326b5d4e,72,6.1617,0.9280821,5.71856347557
50671.938263985794,bench:340061d7326b5d4e,72,5.33121,0.9294252,4.954960920492
50676.0988959868,bench:340061d7326b5d4e,72,4.12566,0.928888,3.83227606608
50680.32971199136,bench:340061d7326b5d4e,72,5.84915,0.9286194,5.43163416351
50684.7897679836,bench:340061d7326b5d4e,72,4.16138,0.928888,3.8654559454400004
50695.376031973865,bench:340061d7326b5d4e,72,7.59943,0.9294252,7.063101747636
50714.130653999746,bench:340061d7326b5d4e,72,5.143679,0.9304997,4.7861917663963
50723.38957697502,bench:340061d7326b5d4e,72,5.33121,0.9283507,4.949232535346999
50753.1620519876,bench:340061d7326b5d4e,72,4.1078,0.9294252,3.81789283656
50763.60670599388,bench:340061d7326b5d4e,72,5.21512,0.9291566,4.845663167792
50771.74980498967,bench:340061d7326b5d4e,72,5.23298,0.9280821,4.856635067658001
50775.91643697815,bench:340061d7326b5d4e,72,4.17924,0.9291566,3.8831684289840003
50787.807430984685,bench:340061d7326b5d4e,72,5.7152,0.9294252,5.31185090304
50792.99779498251,bench:340061d7326b5d4e,72,4.07208,0.9286194,3.7814124863519996
50803.16680300166,bench:340061d7326b5d4e,72,7.15293,0.9291566,6.646192118838
50807.51291499473,bench:340061d7326b5d4e,72,5.37586,0.9291566,4.9950157996760005
50815.66969898995,bench:340061d7326b5d4e,72,7.06363,0.9291566,6.563218434458
50823.602151998784,bench:340061d7326b5d4e,72,5.28656,0.9302311,4.917722524016
50828.180429001804,bench:340061d7326b5d4e,72,7.143999,0.9280821,6.6302175943179
50835.79051398556,bench:340061d7326b5d4e,72,5.840219,0.9304997,5.434322027434301
50847.59648999898,bench:340061d7326b5d4e,72,5.90273,0.9299625,5.489317547625
50855.39505499764,bench:340061d7326b5d4e,72,5.92952,0.9304997,5.517416581144
50860.3318099922,bench:340061d7326b5d4e,72,5.91166,0.9283507,5.488093699162
50867.547139001545,bench:340061d7326b5d4e,72,5.358,0.9294252,4.979860221599999
50872.041860973695,bench:340061d7326b5d4e,72,7.49227,0.9286194,6.957467272038
50879.70125998254,bench:340061d7326b5d4e,72,5.34014,0.928888,4.96039196432
50887.5388429733,bench:340061d7326b5d4e,72,4.92936,0.9197549,4.533803013864
50893.378294975264,bench:340061d7326b5d4e,72,5.34014,0.9294252,4.963260687528
50903.543394990265,bench:340061d7326b5d4e,72,5.41158,0.9286194,5.025298172652
50907.92467398569,bench:340061d7326b5d4e,72,6.05454,0.9286194,5.622363302076
50915.57455499424,bench:340061d7326b5d4e,72,6.501039,0.9283507,6.0352441063772995
50923.573729000054,bench:340061d7326b5d4e,72,5.34907,0.9291566,4.970123694362
50931.59093998838,bench:340061d7326b5d4e,72,6.501039,0.9369466,6.0911263875173995
50943.583729997044,bench:340061d7326b5d4e,72,5.91166,0.9294252,5.494445777832
50955.64274099888,bench:340061d7326b5d4e,72,6.49211,0.928888,6.030443073680001
50960.2193319879,bench:340061d7326b5d4e,72,6.01882,0.9294252,5.594042982264
50971.60634899046,bench:340061d7326b5d4e,72,5.42051,0.9296938,5.039414539838
50979.54859799938,bench:340061d7326b5d4e,72,6.501039,0.9283507,6.0352441063772995
50984.0587079816,bench:340061d7326b5d4e,72,5.7152,0.928888,5.3087806976000005
50991.69784798869,bench:340061d7326b5d4e,72,7.06363,0.9299625,6.568911013875
50999.706911999965,bench:340061d7326b5d4e,72,5.983099,0.9291566,5.5592359243034
51007.39975497709,bench:340061d7326b5d4e,72,7.429759,0.9294252,6.9054052445268
51019.685485982336,bench:340061d7326b5d4e,72,5.5366,0.9291566,5.14436843156
51024.30198498769,bench:340061d7326b5d4e,72,7.143999,0.9286194,6.6340560649806
51031.61934998934,bench:340061d7326b5d4e,72,5.34907,0.9307683,4.9787447904810005
51036.22712698416,bench:340061d7326b5d4e,72,7.143999,0.9299625,6.6436511700375
51040.5624609848,bench:340061d7326b5d4e,72,4.20603,0.928888,3.9069307946400005
51044.75492599886,bench:340061d7326b5d4e,72,4.71504,0.928888,4.379744075520001
51051.58510999172,bench:340061d7326b5d4e,72,4.24175,0.928888,3.940110674
51063.678342994535,bench:340061d7326b5d4e,72,5.63483,0.928888,5.23412596904
51071.577128983336,bench:340061d7326b5d4e,72,5.491949,0.9294252,5.1043557977148
51079.4339159911,bench:340061d7326b5d4e,72,6.49211,0.9291566,6.0321868544260004
51083.89778598212,bench:340061d7326b5d4e,72,7.572639,0.9294252,7.0382015171028
51095.58861498954,bench:340061d7326b5d4e,72,5.45623,0.9294252,5.0711576589959995
51099.96233799029,bench:340061d7326b5d4e,72,5.91166,0.928888,5.49127003408
51107.6836999855,bench:340061d7326b5d4e,72,6.501039,0.9294252,6.042229472782799
51115.71626298246,bench:340061d7326b5d4e,72,6.18849,0.9291566,5.750076327534
51120.59362998116,idle,72,5.27763,0.9296938,4.906579889694
51125.12731397874,idle,72,2.25929,0.9286194,2.098020524226
51142.723352997564,idle,72,1.44666,0.8735522,1.263733025652
51149.619277974125,idle,72,1.01802,0.7223192,0.735335391984
51155.13293497497,idle,72,1.02695,0.7223192,0.7417857024400001
51173.54302297463,idle,72,1.18769,0.8182165,0.9717875548849999
51203.55838499381,bench:6802849b49dff51c,73,1.91995,0.8184852,1.57145065974
51237.84524798975,bench:6802849b49dff51c,73,2.99155,0.9291566,2.77961842673
51278.630112996325,bench:6802849b49dff51c,73,2.97369,0.9294252,2.763822422988
51307.800500973826,bench:6802849b49dff51c,73,2.96476,0.928888,2.7539299868800002
51352.199594984995,bench:6802849b49dff51c,73,2.96476,0.9291566,2.7547263214160003
51396.52528197621,bench:6802849b49dff51c,73,2.95583,0.9291566,2.7464289529780004
51435.83160400158,bench:6802849b49dff51c,73,2.95583,0.9291566,2.7464289529780004
51480.24173500016,bench:6802849b49dff51c,73,2.97369,0.9286194,2.761426223586
51529.665694979485,bench:6802849b49dff51c,73,2.97369,0.928888,2.76222495672
51575.5309809756,bench:6802849b49dff51c,73,2.99155,0.9291566,2.77961842673
51609.8260479921,bench:6802849b49dff51c,73,2.96476,0.928888,2.7539299868800002
51639.015878987266,bench:6802849b49dff51c,73,2.95583,0.928888,2.74563501704
51683.380862989,bench:6802849b49dff51c,73,2.95583,0.928888,2.74563501704
51727.784604998305,bench:6802849b49dff51c,73,2.95583,0.928888,2.74563501704
51767.31985097285,bench:6802849b49dff51c,73,2.83974,0.928888,2.63780040912
51816.603849001694,bench:6802849b49dff51c,73,2.95583,0.9286194,2.7448410811020003
51852.43677298422,bench:6802849b49dff51c,73,2.95583,0.9286194,2.7448410811020003
51903.42244197382,bench:6802849b49dff51c,73,2.95583,0.928888,2.74563501704
51934.1180389747,bench:6802849b49dff51c,73,2.93797,0.9286194,2.728255938618
51974.92607097956,bench:6802849b49dff51c,73,2.95583,0.928888,2.74563501704
52020.78920797794,bench:6802849b49dff51c,73,2.95583,0.9286194,2.7448410811020003
52056.517577992054,bench:6802849b49dff51c,73,2.95583,0.9286194,2.7448410811020003
52111.04710699874,bench:6802849b49dff51c,73,2.93797,0.928888,2.72904507736
52155.429478996666,bench:6802849b49dff51c,73,2.9469,0.9291566,2.73813158454
52199.806220975006,bench:6802849b49dff51c,73,2.95583,0.928888,2.74563501704
52229.03236799175,bench:6802849b49dff51c,73,2.96476,0.928888,2.7539299868800002
52269.840805995045,bench:6802849b49dff51c,73,2.95583,0.9286194,2.7448410811020003
52309.20118300128,bench:6802849b49dff51c,73,2.93797,0.9283507,2.7274665060789998
52344.94870097842,bench:6802849b49dff51c,73,2.9469,0.9294252,2.7389231218799996
52379.22691597487,bench:6802849b49dff51c,73,2.9469,0.9283507,2.73575667783
52433.79553698469,bench:6802849b49dff51c,73,2.9469,0.9280821,2.73496514049
52473.13035899424,bench:6802849b49dff51c,73,2.93797,0.9291566,2.729834216102
52512.47895800043,bench:6802849b49dff51c,73,2.9469,0.9286194,2.73654850986
52551.81563098449,bench:6802849b49dff51c,73,2.9469,0.9280821,2.73496514049
52591.24983998481,bench:6802849b49dff51c,73,2.93797,0.928888,2.72904507736
52621.96460398263,bench:6802849b49dff51c,73,2.9469,0.9291566,2.73813158454
52671.40347097302,bench:6802849b49dff51c,73,2.9469,0.9286194,2.73654850986
52710.7506809989,bench:6802849b49dff51c,73,2.9469,0.928888,2.7373400472
52751.64748998941,bench:6802849b49dff51c,73,2.8576,0.928888,2.6543903488000002
52776.55467198929,idle,73,2.83081,0.9280821,2.627224089501
52785.80002099625,idle,73,1.57168,0.928888,1.4599146918400001
52804.080627975054,idle,73,1.44666,0.8888636,1.285883415576
52811.01345998468,idle,73,4.22389,0.8891322,3.755596608258
52815.614920982625,idle,73,1.45559,0.888595,1.29342999605
52833.22233098443,idle,73,1.40201,0.8732836,1.2243523400360001
52844.43394097616,bench:be9ccfc7d33f91c5,74,2.70579,0.7247367,1.960985315493
52851.584510994144,bench:be9ccfc7d33f91c5,74,6.84931,0.8877891,6.080742760521
52857.55809198599,bench:be9ccfc7d33f91c5,74,3.95599,0.9286194,3.6736090602059996
52861.76288998104,bench:be9ccfc7d33f91c5,74,5.06331,0.9237842,4.677405777702001
52871.66380797862,bench:be9ccfc7d33f91c5,74,5.5366,0.9294252,5.1458555623199995
52879.6226119739,bench:be9ccfc7d33f91c5,74,5.18833,0.9283507,4.816589787331
52883.927427988965,bench:be9ccfc7d33f91c5,74,4.13459,0.928888,3.8405710359200005
52888.25050299056,bench:be9ccfc7d33f91c5,74,4.42035,0.9286194,4.10482276479
52892.47722699656,bench:be9ccfc7d33f91c5,74,5.08117,0.9280821,4.715742924057
52899.59652000107,bench:be9ccfc7d33f91c5,74,5.39372,0.928888,5.01016178336
52903.908002976095,bench:be9ccfc7d33f91c5,74,4.13459,0.9291566,3.8416815867940004
52911.77423397312,bench:be9ccfc7d33f91c5,74,5.0901,0.9291566,4.72950000966
52916.06812397367,bench:be9ccfc7d33f91c5,74,5.29549,0.9270077,4.908960005273
52923.752541973954,bench:be9ccfc7d33f91c5,74,3.7506,0.928888,3.4838873328
52928.10759798158,bench:be9ccfc7d33f91c5,74,4.70611,0.9294252,4.3739772279719995
52932.3803219886,bench:be9ccfc7d33f91c5,74,7.911979,0.9291566,7.3514675069113995
52939.631853980245,bench:be9ccfc7d33f91c5,74,3.02727,0.9291566,2.812807900482
52943.92857799539,bench:be9ccfc7d33f91c5,74,5.20619,0.9286194,4.834569034086
52951.54258899856,bench:be9ccfc7d33f91c5,74,5.54553,0.9286194,5.149686741282
52956.01310697384,bench:be9ccfc7d33f91c5,74,5.358,0.9262018,4.962589244399999
52967.725361988414,bench:be9ccfc7d33f91c5,74,5.21512,0.9294252,4.847063949023999
52971.95432698936,bench:be9ccfc7d33f91c5,74,5.10796,0.9304997,4.752955247612
52979.578614991624,bench:be9ccfc7d33f91c5,74,5.77771,0.9296938,5.371501165198
52984.51322197798,bench:be9ccfc7d33f91c5,74,5.32228,0.9280821,4.939512799188
52991.55318198609,bench:be9ccfc7d33f91c5,74,5.96524,0.928888,5.54103985312
53003.71204398107,bench:be9ccfc7d33f91c5,74,5.59018,0.9291566,5.194152642188
53008.46157898195,bench:be9ccfc7d33f91c5,74,5.25084,0.9294252,4.880263017168
53015.569223993225,bench:be9ccfc7d33f91c5,74,5.60804,0.9286194,5.207734739976
53023.62685999833,bench:be9ccfc7d33f91c5,74,5.0901,0.9315742,4.74180583542
53031.701626983704,bench:be9ccfc7d33f91c5,74,5.10796,0.9315742,4.758443750632001
53039.60333898431,bench:be9ccfc7d33f91c5,74,5.22405,0.9302311,4.859573777955
53047.58584598312,bench:be9ccfc7d33f91c5,74,6.465319,0.9280821,6.0003468346899
53055.59435399482,bench:be9ccfc7d33f91c5,74,5.09903,0.9315742,4.750124793026
53060.06387199159,bench:be9ccfc7d33f91c5,74,5.77771,0.928888,5.36684548648
53067.618124972796,bench:be9ccfc7d33f91c5,74,5.11689,0.9304997,4.761264609933
53079.59495097748,bench:be9ccfc7d33f91c5,74,5.34014,0.9278135,4.95465398389
53083.873340976425,bench:be9ccfc7d33f91c5,74,5.28656,0.9286194,4.909202175263999
53088.238897995325,bench:be9ccfc7d33f91c5,74,5.60804,0.9299625,5.2152668985
53095.52687397809,bench:be9ccfc7d33f91c5,74,5.20619,0.9318428,4.851350666932
53100.01007799292,bench:be9ccfc7d33f91c5,74,5.03652,0.9151884,4.609364680368
53111.58942600014,bench:be9ccfc7d33f91c5,74,5.11689,0.9326486,4.772260294854
53119.586710992735,bench:be9ccfc7d33f91c5,74,5.59911,0.9291566,5.202450010625999
53123.96702700062,bench:be9ccfc7d33f91c5,74,5.358,0.9283507,4.974103050599999
53128.27758397907,bench:be9ccfc7d33f91c5,74,5.161539,0.9278135,4.7889455649765
53132.96813698253,bench:be9ccfc7d33f91c5,74,5.40265,0.9291566,5.01990790499
53143.62375199562,bench:be9ccfc7d33f91c5,74,5.19726,0.9291566,4.829068430916
53148.40400899993,bench:be9ccfc7d33f91c5,74,5.42051,0.9291566,5.036502641866
53155.434542975854,bench:be9ccfc7d33f91c5,74,4.86685,0.9315742,4.5338318952700005
53160.18339298898,bench:be9ccfc7d33f91c5,74,7.02791,0.9186804,6.456403169964
53171.17444999167,bench:be9ccfc7d33f91c5,74,5.92952,0.9278135,5.50148870452
53183.60434597707,bench:be9ccfc7d33f91c5,74,5.18833,0.9294252,4.822164647916
53191.53348400141,bench:be9ccfc7d33f91c5,74,5.51874,0.9291566,5.1277736946840005
53199.59400998778,bench:be9ccfc7d33f91c5,74,5.34907,0.9275449,4.961502598243
53203.96534400061,bench:be9ccfc7d33f91c5,74,4.17031,0.928888,3.87375091528
53208.393176988466,bench:be9ccfc7d33f91c5,74,5.17047,0.9291566,4.804176325602
53215.648801997304,bench:be9ccfc7d33f91c5,74,5.33121,0.9248587,4.930615950027
53219.880174990976,bench:be9ccfc7d33f91c5,74,4.20603,0.928888,3.9069307946400005
53224.145397980465,bench:be9ccfc7d33f91c5,74,6.6975,0.9294252,6.224825277
53228.33523398731,bench:be9ccfc7d33f91c5,74,3.40233,0.9291566,3.161297374878
53232.690012984676,bench:be9ccfc7d33f91c5,74,4.42928,0.9280821,4.110735483888001
53236.87806999078,bench:be9ccfc7d33f91c5,74,4.17031,0.9286194,3.8726307700139997
53243.801234988496,bench:be9ccfc7d33f91c5,74,4.41142,0.9304997,4.104824986574
53251.60933699226,bench:be9ccfc7d33f91c5,74,5.92952,0.9237842,5.477596889584
53263.590885995654,bench:be9ccfc7d33f91c5,74,7.03684,0.9278135,6.528875149339999
53271.72994799912,bench:be9ccfc7d33f91c5,74,5.13475,0.9296938,4.77374523955
53276.59455497633,bench:be9ccfc7d33f91c5,74,5.2687,0.928888,4.8940322056
53287.54487200058,bench:be9ccfc7d33f91c5,74,5.143679,0.9296938,4.7820464754901995
53295.62250798335,bench:be9ccfc7d33f91c5,74,5.161539,0.931037,4.805583785943
53303.70816399227,bench:be9ccfc7d33f91c5,74,5.36693,0.9283507,4.982393222351
53311.54700598563,bench:be9ccfc7d33f91c5,74,5.34907,0.9286194,4.967250173958
53315.937246981775,bench:be9ccfc7d33f91c5,74,5.15261,0.928888,4.78619759768
53323.56872098171,bench:be9ccfc7d33f91c5,74,5.6259,0.9291566,5.22734211594
53328.30214398564,bench:be9ccfc7d33f91c5,74,5.21512,0.9286194,4.842861605327999
53335.59686198714,bench:be9ccfc7d33f91c5,74,5.11689,0.9304997,4.761264609933
53339.94228899246,bench:be9ccfc7d33f91c5,74,7.03684,0.9186804,6.464606985935999
53346.45910499967,bench:be9ccfc7d33f91c5,74,5.28656,0.9280821,4.906361706576
53351.636913983384,bench:be9ccfc7d33f91c5,74,5.161539,0.9315742,4.8083565646938
53356.36789299315,bench:be9ccfc7d33f91c5,74,7.03684,0.9184118,6.462716890712
53360.65165398759,bench:be9ccfc7d33f91c5,74,5.11689,0.9194863,4.704910253606999
53371.6164509824,bench:be9ccfc7d33f91c5,74,5.58125,0.9280821,5.179858220625
53375.87426797836,bench:be9ccfc7d33f91c5,74,5.12582,0.9286194,4.759935892908
53383.574999985285,bench:be9ccfc7d33f91c5,74,5.92059,0.9286194,5.497974733446
53395.601659984095,bench:be9ccfc7d33f91c5,74,5.17047,0.9302311,4.809731995617
53403.58150098473,bench:be9ccfc7d33f91c5,74,5.77771,0.9280821,5.362189229991
53411.54810099397,bench:be9ccfc7d33f91c5,74,5.491949,0.9280821,5.0969795610129
53415.85571397445,bench:be9ccfc7d33f91c5,74,5.13475,0.9270077,4.759952787575
53423.68670398719,bench:be9ccfc7d33f91c5,74,5.22405,0.9313055,4.865186497275
53427.99927899614,bench:be9ccfc7d33f91c5,74,5.13475,0.9299625,4.7751249468750006
53436.82313198224,idle,74,5.143679,0.9313055,4.7903365429345
53441.337427997496,idle,74,1.72349,0.9296938,1.602317967362
53459.001576993614,idle,74,1.38415,0.8633446,1.1949984280900001
53467.05962199485,idle,74,2.3218,0.723125,1.678951625
53472.527520993026,idle,74,1.02695,0.7225879,0.742061643905
53490.66894399584,idle,74,1.36629,0.8633446,1.179579093534
53503.62772497465,bench:091934f880263155,75,3.22373,0.8179479,2.636843183667
53511.63582497975,bench:091934f880263155,75,5.12582,0.9192177,4.711744471014
53523.703354992904,bench:091934f880263155,75,7.35832,0.928888,6.83505514816
53531.771139998455,bench:091934f880263155,75,7.072559,0.9326486,6.5962122497674
53539.60031497991,bench:091934f880263155,75,6.35816,0.9280821,5.900894484936
53547.7821919776,bench:091934f880263155,75,5.88487,0.9291566,5.467965800642
53552.3269129917,bench:091934f880263155,75,4.05422,0.9280821,3.762649011462
53556.43032398075,bench:091934f880263155,75,3.55414,0.9294252,3.3033072803279997
53563.540227973135,bench:091934f880263155,75,4.04529,0.9294252,3.7597944673079993
53575.569608976366,bench:091934f880263155,75,5.90273,0.9294252,5.486146010795999
53579.85729599022,bench:091934f880263155,75,6.35816,0.928888,5.90601852608
53584.16020398727,bench:091934f880263155,75,4.14352,0.928888,3.8488660057599997
53588.40783598134,bench:091934f880263155,75,4.17031,0.928888,3.87375091528
53592.62337497785,bench:091934f880263155,75,6.12598,0.9286194,5.688703872012
53596.829469985096,bench:091934f880263155,75,4.17031,0.928888,3.87375091528
53601.66459597531,bench:091934f880263155,75,7.02791,0.9294252,6.531916657332
53605.81852498581,bench:091934f880263155,75,3.74167,0.928888,3.47559236296
53609.97552698245,bench:091934f880263155,75,3.29517,0.9286194,3.059958788298
53619.7242240014,bench:091934f880263155,75,5.92059,0.9291566,5.501155274394
53623.98826298886,bench:091934f880263155,75,4.17031,0.9283507,3.871510207717
53628.28678198275,bench:091934f880263155,75,4.2864,0.9280821,3.9781311134400004
53632.51932099229,bench:091934f880263155,75,5.97417,0.9294252,5.552544147083999
53639.77246498689,bench:091934f880263155,75,5.32228,0.9294252,4.946661153456
53651.575718977256,bench:091934f880263155,75,5.18833,0.9192177,4.769204769441
53659.597892983584,bench:091934f880263155,75,7.03684,0.9291566,6.538326329144
53663.91439398285,bench:091934f880263155,75,4.17031,0.9280821,3.870390062451
53668.131487997016,bench:091934f880263155,75,4.77755,0.9291566,4.43909211433
53672.346415987704,bench:091934f880263155,75,4.17924,0.9291566,3.8831684289840003
53679.72524400102,bench:091934f880263155,75,7.59943,0.9296938,7.065142954534
53683.97631999687,bench:091934f880263155,75,4.17924,0.9291566,3.8831684289840003
53688.201432989445,bench:091934f880263155,75,6.170629,0.928888,5.731823230552
53692.3406579881,bench:091934f880263155,75,4.20603,0.928888,3.9069307946400005
53696.638547990005,bench:091934f880263155,75,4.45607,0.9283507,4.136795703749001
53700.77540297643,bench:091934f880263155,75,4.16138,0.9294252,3.867691438776
53707.73388197995,bench:091934f880263155,75,5.36693,0.931037,4.99681040641
53712.721839983715,bench:091934f880263155,75,5.18833,0.9291566,4.820771062477999
53717.69646598841,bench:091934f880263155,75,4.2864,0.9270077,3.9735258052800004
53727.68388298573,bench:091934f880263155,75,4.23282,0.928888,3.9318157041600004
53732.056142995134,bench:091934f880263155,75,4.14352,0.9294252,3.8510919047039995
53736.66043797857,bench:091934f880263155,75,6.00096,0.928888,5.5742197324800005
53743.70726797497,bench:091934f880263155,75,4.20603,0.9283507,3.904670894721
53750.328453985276,bench:091934f880263155,75,5.40265,0.9280821,5.014102757565
53754.669454996474,bench:091934f880263155,75,3.87562,0.9294252,3.602098893624
53763.15142097883,bench:091934f880263155,75,6.50997,0.9280821,6.041786628537
53767.84647497698,bench:091934f880263155,75,5.6259,0.9286194,5.22431988246
53775.622002984164,bench:091934f880263155,75,5.8938,0.9291566,5.47626316908
53783.57838100055,bench:091934f880263155,75,6.47425,0.9294252,6.017331101099999
53795.152081991546,bench:091934f880263155,75,5.67948,0.9283507,5.272549233636
53803.61508499482,bench:091934f880263155,75,7.06363,0.9296938,6.567013016494
53808.33645397797,bench:091934f880263155,75,7.0547,0.9291566,6.55492106602
53819.525434984826,bench:091934f880263155,75,7.53692,0.9286194,6.998930128248
53827.57751600002,bench:091934f880263155,75,5.66162,0.9278135,5.25292746787
53835.69681897643,bench:091934f880263155,75,5.42944,0.928888,5.04334166272
53840.46598299756,bench:091934f880263155,75,5.39372,0.9313055,5.02320110146
53844.682151975576,bench:091934f880263155,75,5.94738,0.9299625,5.53084037325
53848.91500498634,bench:091934f880263155,75,7.03684,0.9286194,6.534546138695999
53855.71957897628,bench:091934f880263155,75,5.43837,0.9291566,5.053097378742
53863.58462399221,bench:091934f880263155,75,7.06363,0.9296938,6.567013016494
53871.59413198242,bench:091934f880263155,75,6.49211,0.9291566,6.0321868544260004
53879.604361980455,bench:091934f880263155,75,6.04561,0.928888,5.615694581680001
53891.60405797884,bench:091934f880263155,75,5.358,0.928888,4.976981904
53895.79296798911,bench:091934f880263155,75,5.8938,0.9286194,5.47309701972
53900.0087659806,bench:091934f880263155,75,6.35816,0.9291566,5.9077263278559995
53904.20250897296,bench:091934f880263155,75,4.23282,0.928888,3.9318157041600004
53908.445491979364,bench:091934f880263155,75,4.22389,0.9304997,3.9303283778330003
53912.58788399864,bench:091934f880263155,75,5.94738,0.9294252,5.527644845976
53919.530751998536,bench:091934f880263155,75,5.23298,0.9294252,4.863663483096
53927.553925983375,bench:091934f880263155,75,5.6259,0.9291566,5.22734211594
53935.40958297672,bench:091934f880263155,75,5.64376,0.9283507,5.239388546632
53939.73158398876,bench:091934f880263155,75,3.84883,0.9280821,3.572030228943
53943.90532799298,bench:091934f880263155,75,3.572,0.928888,3.317987936
53948.11334798578,bench:091934f880263155,75,4.3757,0.9286194,4.06335990858
53952.25855399622,bench:091934f880263155,75,4.17031,0.928888,3.87375091528
53956.832386989845,bench:091934f880263155,75,4.1971,0.9280821,3.89525338191
53961.02736998,bench:091934f880263155,75,6.45639,0.9280821,5.992059989619
53967.53905699006,bench:091934f880263155,75,5.2687,0.9294252,4.89686255124
53976.1530039832,bench:091934f880263155,75,7.47441,0.9283507,6.938873755586999
53983.49618399516,bench:091934f880263155,75,5.491949,0.9291566,5.1028806602134
53989.05217499123,bench:091934f880263155,75,5.91166,0.928888,5.49127003408
53999.60342000122,bench:091934f880263155,75,5.50088,0.9296938,5.114134030544
54007.71118598641,bench:091934f880263155,75,5.56339,0.9286194,5.166271883766
54011.94913298241,bench:091934f880263155,75,5.99203,0.928888,5.56592476264
54023.583831993164,bench:091934f880263155,75,6.06347,0.9291566,5.633913169402
54031.69524599798,bench:091934f880263155,75,5.67948,0.9286194,5.274075309912
54039.53908898984,bench:091934f880263155,75,5.97417,0.9286194,5.547730160898
54047.73422397557,bench:091934f880263155,75,5.50088,0.9291566,5.111178957808001
54055.70160297793,bench:091934f880263155,75,7.072559,0.9280821,6.5639154090939
54063.689554983284,bench:091934f880263155,75,5.63483,0.9291566,5.235639484378
54075.58136299485,bench:091934f880263155,75,6.49211,0.9294252,6.033930635172
54083.754461986246,bench:091934f880263155,75,5.41158,0.928888,5.02675172304
54088.470941991545,bench:091934f880263155,75,5.36693,0.9286194,4.983835316442
54097.53925498808,idle,75,6.21528,0.9280821,5.768290114488
54102.484639995964,idle,75,1.74135,0.9283507,1.616583491445
54120.10143799125,idle,75,1.43773,0.8732836,1.255546030228
54127.00719598797,idle,75,1.04481,0.7223192,0.754686323352
54132.48798297718,idle,75,1.03588,0.7225879,0.7485143538519999
54150.78149799956,idle,75,1.24127,0.8329906,1.0339662420620002
54155.61999499914,bench:922701ce2e99f754,76,3.56307,0.8337965,2.9708752952550004
54163.523002993315,bench:922701ce2e99f754,76,4.07208,0.8636134,3.5167028538719998
54170.40101997554,bench:922701ce2e99f754,76,5.65269,0.9294252,5.253752533787999
54174.46617200039,bench:922701ce2e99f754,76,4.13459,0.9291566,3.8416815867940004
54179.52001898084,bench:922701ce2e99f754,76,5.42944,0.928888,5.04334166272
54187.508729984984,bench:922701ce2e99f754,76,5.491949,0.9294252,5.1043557977148
54199.53677797457,bench:922701ce2e99f754,76,5.43837,0.9283507,5.048714596359
54206.668940983946,bench:922701ce2e99f754,76,5.48302,0.9291566,5.094584220932
54211.60527097527,bench:922701ce2e99f754,76,5.51874,0.9291566,5.1277736946840005
54215.613996988395,bench:922701ce2e99f754,76,3.00048,0.9283507,2.785497708336
54219.80923999217,bench:922701ce2e99f754,76,3.46484,0.9296938,3.2212402659920003
54227.60256397305,bench:922701ce2e99f754,76,3.46484,0.9283507,3.216586639388
54231.668177992105,bench:922701ce2e99f754,76,2.65221,0.928888,2.4636060424800004
54235.686718981015,bench:922701ce2e99f754,76,3.56307,0.928888,3.3096929661600005
54243.59767200076,bench:922701ce2e99f754,76,4.17031,0.9286194,3.8726307700139997
54251.59649399575,bench:922701ce2e99f754,76,4.16138,0.9291566,3.866573692108
54259.57461298094,bench:922701ce2e99f754,76,5.41158,0.9291566,5.028205273428
54271.55251297518,bench:922701ce2e99f754,76,5.509809,0.9280821,5.1135551073189
54283.55802499573,bench:922701ce2e99f754,76,5.45623,0.9296938,5.072623202373999
54287.84861898748,bench:922701ce2e99f754,76,5.65269,0.9280821,5.246160405849
54292.13391698431,bench:922701ce2e99f754,76,5.4473,0.9294252,5.06285789196
54303.09330698219,bench:922701ce2e99f754,76,5.304419,0.9197549,4.8787653669031
54311.53279298451,bench:922701ce2e99f754,76,5.51874,0.928888,5.126291361120001
54315.809089981485,bench:922701ce2e99f754,76,5.509809,0.9291566,5.1194753970894
54323.55709999683,bench:922701ce2e99f754,76,5.474089,0.9283507,5.0818743550123004
54331.553551979596,bench:922701ce2e99f754,76,5.509809,0.9294252,5.120955331786799
54339.56389297964,bench:922701ce2e99f754,76,5.509809,0.9283507,5.1150350420162995
54347.49984598602,bench:922701ce2e99f754,76,5.50088,0.928888,5.1097014214400005
54355.53735299618,bench:922701ce2e99f754,76,5.43837,0.928888,5.05163663256
54363.52278699633,bench:922701ce2e99f754,76,5.42944,0.9286194,5.041883315135999
54371.54025697964,bench:922701ce2e99f754,76,5.50088,0.9294252,5.112656494176
54379.50224598171,bench:922701ce2e99f754,76,5.64376,0.928888,5.2424209388800005
54383.59086099081,bench:922701ce2e99f754,76,5.509809,0.9280821,5.1135551073189
54391.56364600058,bench:922701ce2e99f754,76,5.509809,0.9299625,5.1239157521625
54399.55230199848,bench:922701ce2e99f754,76,5.474089,0.9299625,5.0906974916625005
54407.559957995545,bench:922701ce2e99f754,76,5.59911,0.9291566,5.202450010625999
54415.581446985016,bench:922701ce2e99f754,76,5.509809,0.9291566,5.1194753970894
54419.58515398437,bench:922701ce2e99f754,76,5.46516,0.928888,5.07652154208
54427.5507919956,bench:922701ce2e99f754,76,5.45623,0.9283507,5.065294939860999
54435.557947988855,bench:922701ce2e99f754,76,5.59911,0.9304997,5.209970175267
54443.55847398401,bench:922701ce2e99f754,76,5.66162,0.928888,5.259010878560001
54451.55559197883,bench:922701ce2e99f754,76,5.58125,0.9280821,5.179858220625
54459.50869299122,bench:922701ce2e99f754,76,5.67055,0.9294252,5.27035206786
54467.50299699488,bench:922701ce2e99f754,76,5.45623,0.928888,5.06822657224
54475.52767099114,bench:922701ce2e99f754,76,5.50088,0.9291566,5.111178957808001
54483.49651199533,bench:922701ce2e99f754,76,5.509809,0.9291566,5.1194753970894
54491.58924099174,bench:922701ce2e99f754,76,5.61697,0.928888,5.217536029360001
54499.535730981734,bench:922701ce2e99f754,76,5.491949,0.928888,5.1014055227120005
54507.59718197514,bench:922701ce2e99f754,76,5.45623,0.9291566,5.0696921156179995
54515.52085697767,bench:922701ce2e99f754,76,5.509809,0.9286194,5.1165155276946
54523.516197979916,bench:922701ce2e99f754,76,5.66162,0.928888,5.259010878560001
54531.495520990575,bench:922701ce2e99f754,76,5.46516,0.9296938,5.080925368008
54539.55519499141,bench:922701ce2e99f754,76,5.56339,0.9291566,5.169260536874
54547.54335098551,bench:922701ce2e99f754,76,5.50088,0.928888,5.1097014214400005
54555.58537598699,bench:922701ce2e99f754,76,5.491949,0.9291566,5.1028806602134
54563.541198993335,bench:922701ce2e99f754,76,5.509809,0.928888,5.117995462392
54571.564298996236,bench:922701ce2e99f754,76,5.50088,0.9294252,5.112656494176
54579.50501097366,bench:922701ce2e99f754,76,5.509809,0.928888,5.117995462392
54587.535573984496,bench:922701ce2e99f754,76,5.509809,0.9286194,5.1165155276946
54591.64683599374,bench:922701ce2e99f754,76,5.474089,0.928888,5.084815583032
54595.669746981,bench:922701ce2e99f754,76,5.50088,0.9291566,5.111178957808001
54599.633436999284,bench:922701ce2e99f754,76,5.51874,0.9286194,5.124809027556
54603.66710697417,bench:922701ce2e99f754,76,5.59018,0.9291566,5.194152642188
54611.58681899542,bench:922701ce2e99f754,76,5.51874,0.9291566,5.1277736946840005
54619.52445699717,bench:922701ce2e99f754,76,5.509809,0.928888,5.117995462392
54627.53772299038,bench:922701ce2e99f754,76,5.60804,0.9291566,5.210747379064
54635.55743399775,bench:922701ce2e99f754,76,5.491949,0.9294252,5.1043557977148
54643.55151599739,bench:922701ce2e99f754,76,5.66162,0.928888,5.259010878560001
54651.58780099591,bench:922701ce2e99f754,76,5.45623,0.9286194,5.0667610288619995
54659.51990199392,bench:922701ce2e99f754,76,5.509809,0.9299625,5.1239157521625
54667.51552099595,bench:922701ce2e99f754,76,5.491949,0.928888,5.1014055227120005
54675.49536199658,bench:922701ce2e99f754,76,5.51874,0.9291566,5.1277736946840005
54683.54520297726,bench:922701ce2e99f754,76,5.54553,0.9291566,5.152665799998
54687.62964999769,bench:922701ce2e99f754,76,5.51874,0.9291566,5.1277736946840005
54695.56856597774,bench:922701ce2e99f754,76,5.5366,0.9294252,5.1458555623199995
54703.54512898484,bench:922701ce2e99f754,76,5.48302,0.9283507,5.090165455114
54708.76489998773,bench:922701ce2e99f754,76,5.509809,0.9286194,5.1165155276946
54716.24644898111,bench:922701ce2e99f754,76,5.38479,0.9291566,5.0033131681139995
54722.176010982366,bench:922701ce2e99f754,76,3.84883,0.9286194,3.574098205302
54727.44720798801,bench:922701ce2e99f754,76,4.08994,0.928888,3.7990961867200004
54731.80750498432,bench:922701ce2e99f754,76,4.08101,0.9286194,3.789705057594
54735.857452993514,bench:922701ce2e99f754,76,4.07208,0.928888,3.7825062470399997
54739.84004999511,bench:922701ce2e99f754,76,4.08101,0.9286194,3.789705057594
54743.777646974195,bench:922701ce2e99f754,76,4.08994,0.9286194,3.7979976288360002
54751.647654979024,bench:922701ce2e99f754,76,4.11673,0.9280821,3.8206634235329995
54759.32372099487,idle,76,1.59847,0.9286194,1.484370252318
54764.48225197964,idle,76,1.58954,0.9283507,1.475650571678
54782.21775297425,idle,76,1.4288,0.9283507,1.32642748016
54796.347005991265,idle,76,1.41094,0.9283507,1.309847136658
54803.19528299151,idle,76,1.00016,0.7228564,0.7229720570239999
54819.696497987024,idle,76,1.00016,0.7225879,0.7227035140639999
54831.6349349916,bench:1943596383569ec9,77,4.50965,0.8732836,3.93820338674
54839.70494198729,bench:1943596383569ec9,77,4.05422,0.8722091,3.5361275774019996
54847.11543598678,bench:1943596383569ec9,77,5.09903,0.9296938,4.740536577014
54851.49227097281,bench:1943596383569ec9,77,4.15245,0.9291566,3.85827632367
54856.58050599159,bench:1943596383569ec9,77,6.90289,0.9304997,6.423137074133001
54860.8472479973,bench:1943596383569ec9,77,4.17924,0.9291566,3.8831684289840003
54866.13551899791,bench:1943596383569ec9,77,5.29549,0.9291566,4.920339483734
54870.48107598093,bench:1943596383569ec9,77,5.19726,0.9194863,4.778809367538
54876.224379986525,bench:1943596383569ec9,77,5.32228,0.9272762,4.935223573736
54880.529714981094,bench:1943596383569ec9,77,5.29549,0.9286194,4.917494746506
54886.188648990355,bench:1943596383569ec9,77,4.67932,0.9304997,4.354105856204
54891.504808998434,bench:1943596383569ec9,77,6.98326,0.9294252,6.490417822152
54899.65703699272,bench:1943596383569ec9,77,5.19726,0.9194863,4.778809367538
54906.23437098111,bench:1943596383569ec9,77,6.99219,0.9283507,6.491204481033
54910.669185977895,bench:1943596383569ec9,77,6.47425,0.9304997,6.024287682725
54916.57784098061,bench:1943596383569ec9,77,5.65269,0.9291566,5.252234221254
54921.828056976665,bench:1943596383569ec9,77,4.77755,0.9291566,4.43909211433
54926.418944000034,bench:1943596383569ec9,77,4.66146,0.9291566,4.331226324636
54935.56235000142,bench:1943596383569ec9,77,5.42944,0.918949,4.98937845856
54943.65763498354,bench:1943596383569ec9,77,4.81327,0.9291566,4.472281588082
54948.046153993346,bench:1943596383569ec9,77,5.4473,0.9291566,5.0613947471800005
54953.375701996265,bench:1943596383569ec9,77,4.63467,0.9455424,4.382276995008
54959.813555993605,bench:1943596383569ec9,77,6.62606,0.9245901,6.126389478006
54967.619101982564,bench:1943596383569ec9,77,5.09903,0.9294252,4.739166977556
54972.15932398103,bench:1943596383569ec9,77,5.09903,0.9280821,4.732318470363
54976.516064984025,bench:1943596383569ec9,77,5.02759,0.9283507,4.667366695813
54987.63762100134,bench:1943596383569ec9,77,4.92936,0.9216352,4.543071689472
54995.61107298359,bench:1943596383569ec9,77,5.34907,0.9237842,4.941386350694001
54999.91348199546,bench:1943596383569ec9,77,5.33121,0.9294252,4.954960920492
55006.16770799388,bench:1943596383569ec9,77,5.25977,0.9280821,4.8814983871169995
55010.43763497728,bench:1943596383569ec9,77,4.90257,0.9280821,4.549987460997
55014.73824799177,bench:1943596383569ec9,77,5.32228,0.9272762,4.935223573736
55019.31093199528,bench:1943596383569ec9,77,5.13475,0.931037,4.78064223575
55023.608692979906,bench:1943596383569ec9,77,4.90257,0.9291566,4.5552552724619995
55031.61790399463,bench:1943596383569ec9,77,4.94722,0.9280821,4.591426326762
55036.69095397345,bench:1943596383569ec9,77,5.34014,0.9299625,4.9661299447500005
55047.663362987805,bench:1943596383569ec9,77,5.29549,0.9237842,4.891889993258
55052.62111799675,bench:1943596383569ec9,77,5.06331,0.9286194,4.701887894214
55057.4721149751,bench:1943596383569ec9,77,5.05438,0.9294252,4.697668142376
55063.7123779743,bench:1943596383569ec9,77,5.33121,0.9227097,4.919159179736999
55071.61308999639,bench:1943596383569ec9,77,5.18833,0.928888,4.81937747704
55075.87146197329,bench:1943596383569ec9,77,5.34014,0.9294252,4.963260687528
55082.16963199084,bench:1943596383569ec9,77,5.34907,0.9369466,5.011792949662
55086.36526399641,bench:1943596383569ec9,77,3.98278,0.9283507,3.6974166009459997
55091.31587098818,bench:1943596383569ec9,77,5.00973,0.9286194,4.6521324667620005
55095.717519987375,bench:1943596383569ec9,77,5.19726,0.9304997,4.836048870822
55100.710774975596,bench:1943596383569ec9,77,5.11689,0.9280821,4.7488940166689995
55106.73537297407,bench:1943596383569ec9,77,5.07224,0.9291566,4.712905272784
55112.263566988986,bench:1943596383569ec9,77,6.59927,0.9184118,6.0608474393859995
55119.77761599701,bench:1943596383569ec9,77,5.32228,0.9291566,4.945231589048
55124.063580995426,bench:1943596383569ec9,77,4.20603,0.9286194,3.905801054982
55131.80527597433,bench:1943596383569ec9,77,5.05438,0.928888,4.69495292944
55137.18239800073,bench:1943596383569ec9,77,4.77755,0.9286194,4.43652561447
55147.66201397288,bench:1943596383569ec9,77,5.34907,0.931037,4.98018208559
55153.384429984726,bench:1943596383569ec9,77,4.20603,0.9286194,3.905801054982
55157.82083699014,bench:1943596383569ec9,77,4.35784,0.9286194,4.046774766096
55167.631255986635,bench:1943596383569ec9,77,5.92059,0.9278135,5.493203329965
55179.607155994745,bench:1943596383569ec9,77,5.36693,0.9278135,4.979510107555
55184.70839198562,bench:1943596383569ec9,77,5.34014,0.9299625,4.9661299447500005
55189.15672498406,bench:1943596383569ec9,77,4.92936,0.9286194,4.577499325584
55195.11326798238,bench:1943596383569ec9,77,4.22389,0.9286194,3.922386197466
55199.450120999245,bench:1943596383569ec9,77,4.9115,0.928888,4.562233412
55207.801477983594,bench:1943596383569ec9,77,5.0901,0.9294252,4.73086721052
55212.06744198571,bench:1943596383569ec9,77,4.90257,0.9291566,4.5552552724619995
55217.27297297912,bench:1943596383569ec9,77,5.32228,0.9337231,4.969535780668
55221.57827098272,bench:1943596383569ec9,77,5.31335,0.9262018,4.921234334029999
55228.78435897292,bench:1943596383569ec9,77,5.143679,0.9294252,4.780664883310799
55233.08493397781,bench:1943596383569ec9,77,5.48302,0.9291566,5.094584220932
55237.363250984345,bench:1943596383569ec9,77,4.23282,0.9283507,3.929541409974
55242.657335998956,bench:1943596383569ec9,77,5.43837,0.9291566,5.053097378742
55247.994254983496,bench:1943596383569ec9,77,5.37586,0.9264704,4.980575164544001
55252.25255297846,bench:1943596383569ec9,77,5.358,0.9294252,4.979860221599999
55259.62910297676,bench:1943596383569ec9,77,5.36693,0.9337231,5.011226517083
55267.75862797513,bench:1943596383569ec9,77,4.92936,0.9299625,4.584119949
55275.77341298456,bench:1943596383569ec9,77,5.12582,0.9299625,4.766820381750001
55280.07882199017,bench:1943596383569ec9,77,5.41158,0.9291566,5.028205273428
55287.644795986125,bench:1943596383569ec9,77,4.9115,0.9270077,4.55299831855
55291.99538897956,bench:1943596383569ec9,77,4.974009,0.9280821,4.616288718138899
55296.28368699923,bench:1943596383569ec9,77,5.34014,0.9294252,4.963260687528
55307.62090798817,bench:1943596383569ec9,77,5.17047,0.9294252,4.805565113844
55315.80445097643,bench:1943596383569ec9,77,6.9654,0.9291566,6.47194738164
55320.135155983735,bench:1943596383569ec9,77,4.22389,0.9291566,3.9246552711739997
55324.460137984715,bench:1943596383569ec9,77,4.9115,0.9291566,4.5635526409
55330.366107984446,bench:1943596383569ec9,77,5.20619,0.9294252,4.838764181988
55334.62771997438,bench:1943596383569ec9,77,4.89364,0.9294252,4.548272335728
55343.63297899836,bench:1943596383569ec9,77,5.474089,0.9294252,5.0877562636428
55351.72802300076,bench:1943596383569ec9,77,4.92043,0.9291566,4.571850009337999
55356.69475898612,bench:1943596383569ec9,77,5.06331,0.9304997,4.711408436007001
55363.77675598487,bench:1943596383569ec9,77,5.2687,0.9280821,4.88978616027
55368.118275975576,bench:1943596383569ec9,77,5.34014,0.9237842,4.933136957788
55379.66264298302,bench:1943596383569ec9,77,5.04545,0.9248587,4.666328327915
55384.623749996535,bench:1943596383569ec9,77,5.05438,0.9294252,4.697668142376
55392.59812797536,bench:1943596383569ec9,77,5.15261,0.9294252,4.788965579771999
55396.849555982044,bench:1943596383569ec9,77,4.92043,0.9294252,4.573171636835999
55403.775071987184,bench:1943596383569ec9,77,5.10796,0.9283507,4.741978241572
55408.02383297705,bench:1943596383569ec9,77,5.02759,0.9294252,4.672768841268
55412.59907299536,bench:1943596383569ec9,77,5.34907,0.9302311,4.9758712700770005
55419.56938497606,bench:1943596383569ec9,77,5.36693,0.9283507,4.982393222351
55423.79996099044,idle,77,2.54505,0.9286194,2.36338280397
55427.97587098903,idle,77,1.75921,0.928888,1.63410905848
55442.22375299432,idle,77,1.75028,0.9286194,1.625343963432
55449.38721199287,idle,77,3.60772,0.8308417,2.997444217924
55455.117571982555,idle,77,1.28592,0.8329906,1.071159272352
55473.55641800095,idle,77,1.20555,0.8182165,0.9864009015749999
55481.617702986114,bench:a34006005417d937,78,1.82172,0.7225879,1.316352829188
55488.03648297326,bench:a34006005417d937,78,3.97385,0.8184852,3.25253741202
55495.3129599744,bench:a34006005417d937,78,3.42912,0.819291,2.8094471539200003
55501.607851998415,bench:a34006005417d937,78,5.97417,0.9291566,5.550939485022
55505.817612982355,bench:a34006005417d937,78,4.14352,0.9291566,3.849978955232
55511.599527992075,bench:a34006005417d937,78,4.70611,0.928888,4.37144910568
55515.65354998456,bench:a34006005417d937,78,5.42051,0.9315742,5.049607266842
55523.652075993596,bench:a34006005417d937,78,5.92059,0.9280821,5.494793600439
55527.67919100006,bench:a34006005417d937,78,4.50072,0.928888,4.180664799360001
55531.71284298878,bench:a34006005417d937,78,4.16138,0.9291566,3.866573692108
55535.623198986286,bench:a34006005417d937,78,4.65253,0.928888,4.32167928664
55543.63179899519,bench:a34006005417d937,78,5.509809,0.9304997,5.1268756215573
55547.72698698798,bench:a34006005417d937,78,6.27779,0.928888,5.831363797520001
55552.09406197537,bench:a34006005417d937,78,5.93845,0.928888,5.5161549436
55559.30483597331,bench:a34006005417d937,78,5.97417,0.928888,5.549334822960001
55567.61054499657,bench:a34006005417d937,78,5.92059,0.9286194,5.497974733446
55571.78295397898,bench:a34006005417d937,78,5.99203,0.9291566,5.567534221898
55575.841216981644,bench:a34006005417d937,78,6.25993,0.9272762,5.804684102666
55579.86525798333,bench:a34006005417d937,78,3.41126,0.9291566,3.169594743316
55587.58160099387,bench:a34006005417d937,78,5.491949,0.9304997,5.1102568969153
55591.981545992894,bench:a34006005417d937,78,5.50088,0.9291566,5.111178957808001
55596.04027098976,bench:a34006005417d937,78,6.14384,0.9283507,5.703638164688
55600.173162994906,bench:a34006005417d937,78,5.46516,0.9294252,5.079457426032
55604.30153599009,bench:a34006005417d937,78,5.61697,0.9296938,5.222062183786
55608.677869982785,bench:a34006005417d937,78,5.50088,0.9291566,5.111178957808001
55612.69687398453,bench:a34006005417d937,78,5.491949,0.9294252,5.1043557977148
55616.673525975784,bench:a34006005417d937,78,5.92059,0.928888,5.49956500392
55620.63264098833,bench:a34006005417d937,78,6.24207,0.9304997,5.8082442623790005
55624.96793799801,bench:a34006005417d937,78,6.251,0.9286194,5.8047998694
55628.974608989665,bench:a34006005417d937,78,5.97417,0.9286194,5.547730160898
55639.51418799115,bench:a34006005417d937,78,5.46516,0.9304997,5.085329740452
55647.25899399491,bench:a34006005417d937,78,6.28672,0.9283507,5.836280912704
55655.61086899834,bench:a34006005417d937,78,6.25993,0.9326486,5.838314950598
55659.86603798228,bench:a34006005417d937,78,6.25993,0.9280821,5.809728980253
55663.91354097868,bench:a34006005417d937,78,5.56339,0.9286194,5.166271883766
55671.05566698592,bench:a34006005417d937,78,5.54553,0.9291566,5.152665799998
55675.6122589868,bench:a34006005417d937,78,5.93845,0.9280821,5.5113691467449994
55679.616558976704,bench:a34006005417d937,78,6.251,0.9304997,5.816553624700001
55687.310531997355,bench:a34006005417d937,78,5.65269,0.9286194,5.249197596186
55695.273539982736,bench:a34006005417d937,78,5.56339,0.9291566,5.169260536874
55699.64992898167,bench:a34006005417d937,78,6.24207,0.928888,5.79818391816
55707.26655097678,bench:a34006005417d937,78,5.48302,0.9315742,5.107839970084
55715.341779985465,bench:a34006005417d937,78,5.97417,0.928888,5.549334822960001
55722.21107498626,bench:a34006005417d937,78,5.52767,0.9291566,5.1360710631219995
55727.68032597378,bench:a34006005417d937,78,5.50088,0.9280821,5.105268262248001
55732.04197498853,bench:a34006005417d937,78,3.00048,0.9294252,2.788721724096
55739.575652987696,bench:a34006005417d937,78,5.63483,0.9294252,5.237152999716
55751.58864597324,bench:a34006005417d937,78,5.97417,0.9304997,5.558963392749
55759.48722899193,bench:a34006005417d937,78,6.04561,0.9299625,5.622190589625
55773.957996978424,bench:a34006005417d937,78,5.43837,0.9291566,5.053097378742
55777.97600100166,bench:a34006005417d937,78,5.96524,0.9302311,5.549051766963999
55782.59649997926,bench:a34006005417d937,78,5.93845,0.928888,5.5161549436
55814.38440197962,bench:a34006005417d937,78,5.491949,0.9283507,5.0984546985143
55823.04307099548,bench:a34006005417d937,78,5.63483,0.9286194,5.232612453702
55835.56318900082,bench:a34006005417d937,78,5.65269,0.928888,5.25071590872
55839.62384099141,bench:a34006005417d937,78,6.06347,0.9294252,5.6355418174439995
55843.66325198789,bench:a34006005417d937,78,5.51874,0.9294252,5.129256028248
55847.681218001526,bench:a34006005417d937,78,5.52767,0.9291566,5.1360710631219995
55851.98333099834,bench:a34006005417d937,78,5.491949,0.931037,5.113207721113
55855.99800097407,bench:a34006005417d937,78,5.56339,0.9302311,5.175238399429
55859.995652979705,bench:a34006005417d937,78,5.92059,0.9286194,5.497974733446
55864.0210449812,bench:a34006005417d937,78,5.65269,0.9286194,5.249197596186
55868.038068001624,bench:a34006005417d937,78,5.63483,0.9291566,5.235639484378
55875.29022997478,bench:a34006005417d937,78,6.26886,0.9280821,5.818016753406
55879.63363798917,bench:a34006005417d937,78,6.00989,0.9286194,5.580900445866
55883.67230797303,bench:a34006005417d937,78,6.06347,0.9280821,5.6273979708869994
55887.731848983094,bench:a34006005417d937,78,5.983099,0.9294252,5.5608429846947995
55891.77751899115,bench:a34006005417d937,78,5.92059,0.9275449,5.491613059491
55899.28956699441,bench:a34006005417d937,78,6.25993,0.9280821,5.809728980253
55903.637401992455,bench:a34006005417d937,78,6.20635,0.9302311,5.773339787485
55907.67034998862,bench:a34006005417d937,78,5.491949,0.9304997,5.1102568969153
55911.84085200075,bench:a34006005417d937,78,5.63483,0.9296938,5.238666515054
55915.878095984226,bench:a34006005417d937,78,5.99203,0.9280821,5.5610957856629994
55919.880414992804,bench:a34006005417d937,78,5.58125,0.9326486,5.20534499875
55927.32337198686,bench:a34006005417d937,78,5.99203,0.9286194,5.564315303382
55935.25117597892,bench:a34006005417d937,78,6.23314,0.9304997,5.799934900058
55939.65334299719,bench:a34006005417d937,78,5.4473,0.9302311,5.06724787103
55943.70988398441,bench:a34006005417d937,78,5.72413,0.9291566,5.318613168758
55947.712442983175,bench:a34006005417d937,78,6.29565,0.928888,5.8479537372
55951.7506689881,bench:a34006005417d937,78,5.92059,0.9294252,5.502745544868
55955.74928398128,bench:a34006005417d937,78,5.491949,0.9326486,5.1220585461214005
55959.71921397722,bench:a34006005417d937,78,5.63483,0.9280821,5.229584859543
55963.7663839967,bench:a34006005417d937,78,5.56339,0.9296938,5.172249189982
55968.714008980896,bench:a34006005417d937,78,5.61697,0.9272762,5.208482597114
55979.51151197776,bench:a34006005417d937,78,6.170629,0.9294252,5.7351380924508
55987.57388998638,bench:a34006005417d937,78,5.50088,0.9315742,5.124477885296001
55995.28762197588,bench:a34006005417d937,78,5.63483,0.9280821,5.229584859543
55999.64428899693,bench:a34006005417d937,78,5.51874,0.9326486,5.147045134764
56003.64273798186,bench:a34006005417d937,78,6.40281,0.9304997,5.957812784157
56007.67257498228,bench:a34006005417d937,78,5.52767,0.9291566,5.1360710631219995
56011.677485978,bench:a34006005417d937,78,5.55446,0.9326486,5.180359342756
56019.60856799269,bench:a34006005417d937,78,5.59018,0.9302311,5.200159290598
56023.65607098909,bench:a34006005417d937,78,5.93845,0.9315742,5.53210680799
56027.98431299743,bench:a34006005417d937,78,5.56339,0.9280821,5.163282674319
56031.9387249765,bench:a34006005417d937,78,6.00096,0.928888,5.5742197324800005
56035.95645099995,bench:a34006005417d937,78,5.5366,0.9296938,5.14734269308
56040.129878994776,bench:a34006005417d937,78,5.51874,0.9286194,5.124809027556
56044.22706697369,bench:a34006005417d937,78,5.491949,0.9291566,5.1028806602134
56051.526246999856,bench:a34006005417d937,78,5.5366,0.9280821,5.13841935486
56059.530735976296,bench:a34006005417d937,78,5.63483,0.9304997,5.243207624551
56066.024422994815,bench:a34006005417d937,78,5.36693,0.9151884,4.911752079612
56071.53265498346,bench:a34006005417d937,78,5.51874,0.9294252,5.129256028248
56080.44093300123,idle,78,5.983099,0.9299625,5.5640577037875
56085.00633999938,idle,78,1.75921,0.9283507,1.633163834947
56099.24531399156,idle,78,1.75028,0.9286194,1.625343963432
56107.23476597923,idle,78,2.40217,0.8493765,2.040346747005
56115.278846991714,idle,78,1.04481,0.7220506,0.754405687386
56133.40971499565,idle,78,1.41094,0.8633446,1.2181274299240001
56147.47515399358,bench:bdda0de60c0c17f3,79,3.99171,0.8195596,3.271444250916
56154.74424199783,bench:bdda0de60c0c17f3,79,6.1617,0.9194863,5.66559873471
56158.75826397678,bench:bdda0de60c0c17f3,79,5.34907,0.9192177,4.916959822539001
56162.766822992126,bench:bdda0de60c0c17f3,79,4.06315,0.9192177,3.734919397755
56166.80967897992,bench:bdda0de60c0c17f3,79,3.13443,0.9192177,2.8812235354110003
56173.2223109866,bench:bdda0de60c0c17f3,79,4.20603,0.9283507,3.904670894721
56177.191499999026,bench:bdda0de60c0c17f3,79,5.34014,0.9280821,4.956088345494
56181.13807798363,bench:bdda0de60c0c17f3,79,4.21496,0.9283507,3.9129610664719996
56185.05710098543,bench:bdda0de60c0c17f3,79,4.15245,0.9302311,3.862738131195
56188.97495698184,bench:bdda0de60c0c17f3,79,4.15245,0.9304997,3.8638534792650003
56192.98336899374,bench:bdda0de60c0c17f3,79,3.11657,0.928888,2.89494447416
56196.90144699416,bench:bdda0de60c0c17f3,79,4.1971,0.9283507,3.8963807229699996
56200.83437699941,bench:bdda0de60c0c17f3,79,5.97417,0.9291566,5.550939485022
56207.61278399732,bench:bdda0de60c0c17f3,79,6.28672,0.9294252,5.8430359933439995
56211.59736198024,bench:bdda0de60c0c17f3,79,3.46484,0.9283507,3.216586639388
56215.65577297588,bench:bdda0de60c0c17f3,79,4.31319,0.928888,4.00647043272
56219.62949898443,bench:bdda0de60c0c17f3,79,4.29533,0.9283507,3.987572612231
56227.589358983096,bench:bdda0de60c0c17f3,79,6.28672,0.9291566,5.8413473803519995
56231.66225099703,bench:bdda0de60c0c17f3,79,6.71536,0.9294252,6.241424811072
56235.78043899033,bench:bdda0de60c0c17f3,79,6.65285,0.9294252,6.183326441819999
56243.218987976434,bench:bdda0de60c0c17f3,79,6.77787,0.9286194,6.294061572678
56247.601062990725,bench:bdda0de60c0c17f3,79,6.57248,0.9291566,6.106863170367999
56251.52858599904,bench:bdda0de60c0c17f3,79,3.27731,0.9286194,3.043373645814
56255.59942299151,bench:bdda0de60c0c17f3,79,4.05422,0.9302311,3.771361530242
56263.47007899312,bench:bdda0de60c0c17f3,79,6.02775,0.9294252,5.6023427493
56271.50449398323,bench:bdda0de60c0c17f3,79,6.00096,0.9294252,5.577443448192
56275.80071799457,bench:bdda0de60c0c17f3,79,6.67071,0.9299625,6.203510148375
56283.50694998517,bench:bdda0de60c0c17f3,79,6.71536,0.9294252,6.241424811072
56287.55328699481,bench:bdda0de60c0c17f3,79,6.71536,0.9294252,6.241424811072
56295.50731298514,bench:bdda0de60c0c17f3,79,6.00096,0.9294252,5.577443448192
56303.54285798967,bench:bdda0de60c0c17f3,79,6.71536,0.9294252,6.241424811072
56307.565249997424,bench:bdda0de60c0c17f3,79,6.94754,0.9291566,6.455352644764
56315.51779498113,bench:bdda0de60c0c17f3,79,5.63483,0.9296938,5.238666515054
56323.14617600059,bench:bdda0de60c0c17f3,79,5.63483,0.9291566,5.235639484378
56331.25683097751,bench:bdda0de60c0c17f3,79,6.02775,0.928888,5.599104642
56335.57735098293,bench:bdda0de60c0c17f3,79,6.72429,0.9291566,6.247918433814
56343.50782199181,bench:bdda0de60c0c17f3,79,6.02775,0.9294252,5.6023427493
56351.51618099189,bench:bdda0de60c0c17f3,79,6.57248,0.9296938,6.110393906624
56359.513503994094,bench:bdda0de60c0c17f3,79,6.92075,0.9294252,6.4323194529
56367.51014098991,bench:bdda0de60c0c17f3,79,6.786799,0.9294252,6.3078220179348
56375.519740977325,bench:bdda0de60c0c17f3,79,6.95647,0.9294252,6.465518521044
56383.53434097371,bench:bdda0de60c0c17f3,79,6.57248,0.9291566,6.106863170367999
56387.56854899111,bench:bdda0de60c0c17f3,79,6.01882,0.9294252,5.594042982264
56395.23207797902,bench:bdda0de60c0c17f3,79,6.92075,0.9294252,6.4323194529
56399.56942998106,bench:bdda0de60c0c17f3,79,6.00096,0.9291566,5.575831590336
56407.52349398099,bench:bdda0de60c0c17f3,79,5.65269,0.928888,5.25071590872
56415.53296498023,bench:bdda0de60c0c17f3,79,6.01882,0.9296938,5.595659637316
56419.55594997853,bench:bdda0de60c0c17f3,79,6.01882,0.9286194,5.589193017107999
56427.512808993924,bench:bdda0de60c0c17f3,79,6.6082,0.9294252,6.14182760664
56435.50339099602,bench:bdda0de60c0c17f3,79,5.61697,0.928888,5.217536029360001
56443.54808397475,bench:bdda0de60c0c17f3,79,5.61697,0.9294252,5.220553465644
56447.57347597624,bench:bdda0de60c0c17f3,79,6.92968,0.9286194,6.435035283792
56455.50700297463,bench:bdda0de60c0c17f3,79,6.02775,0.9294252,5.6023427493
56463.28353098943,bench:bdda0de60c0c17f3,79,5.6259,0.9294252,5.22885323268
56467.57790297852,bench:bdda0de60c0c17f3,79,6.786799,0.9286194,6.3023532153006006
56475.51316997851,bench:bdda0de60c0c17f3,79,6.28672,0.9296938,5.844724606336
56483.23679098394,bench:bdda0de60c0c17f3,79,6.70643,0.9296938,6.2349263911340005
56487.21985099837,bench:bdda0de60c0c17f3,79,6.89396,0.9296938,6.409271869448
56495.23346897331,bench:bdda0de60c0c17f3,79,6.70643,0.9294252,6.233125044036
56503.21610699757,bench:bdda0de60c0c17f3,79,6.6082,0.9294252,6.14182760664
56511.553925985936,bench:bdda0de60c0c17f3,79,6.02775,0.9294252,5.6023427493
56519.53250798397,bench:bdda0de60c0c17f3,79,6.751079,0.9294252,6.2746229497908
56527.245017990936,bench:bdda0de60c0c17f3,79,6.43853,0.9286194,5.978943865482
56531.25796598033,bench:bdda0de60c0c17f3,79,4.22389,0.9291566,3.9246552711739997
56535.24922899669,bench:bdda0de60c0c17f3,79,6.71536,0.9294252,6.241424811072
56539.562470978126,bench:bdda0de60c0c17f3,79,5.73306,0.9294252,5.328450437112
56543.56064199237,bench:bdda0de60c0c17f3,79,6.73322,0.9280821,6.248980957362001
56551.50127998786,bench:bdda0de60c0c17f3,79,6.03668,0.9294252,5.610642516335999
56559.50471299002,bench:bdda0de60c0c17f3,79,5.74199,0.9291566,5.335207905634
56567.24446397857,bench:bdda0de60c0c17f3,79,6.59034,0.9291566,6.123457907244
56571.220893994905,bench:bdda0de60c0c17f3,79,4.16138,0.928888,3.8654559454400004
56575.19547198899,bench:bdda0de60c0c17f3,79,4.24175,0.9294252,3.9423893420999994
56579.14230899769,bench:bdda0de60c0c17f3,79,4.63467,0.928888,4.30508934696
56583.08351697633,bench:bdda0de60c0c17f3,79,4.16138,0.9299625,3.8699273482500005
56587.56110997638,bench:bdda0de60c0c17f3,79,5.75092,0.9294252,5.345049971183999
56595.2426379954,bench:bdda0de60c0c17f3,79,5.74199,0.9291566,5.335207905634
56603.50829199888,bench:bdda0de60c0c17f3,79,6.00096,0.9294252,5.577443448192
56611.54157697456,bench:bdda0de60c0c17f3,79,6.8761,0.9294252,6.390820617719999
56615.56048798957,bench:bdda0de60c0c17f3,79,6.89396,0.9296938,6.409271869448
56623.507773998426,bench:bdda0de60c0c17f3,79,6.04561,0.9294252,5.618942283371999
56631.5138929931,bench:bdda0de60c0c17f3,79,6.00096,0.9291566,5.575831590336
56639.50630798354,bench:bdda0de60c0c17f3,79,6.57248,0.9294252,6.108628538495999
56647.508592985105,bench:bdda0de60c0c17f3,79,6.59927,0.9294252,6.133527839604
56655.24619599455,bench:bdda0de60c0c17f3,79,6.59034,0.9294252,6.125228072568
56663.2549619826,bench:bdda0de60c0c17f3,79,6.85824,0.9291566,6.372378960384
56667.589352000505,bench:bdda0de60c0c17f3,79,6.6082,0.9294252,6.14182760664
56671.65772599401,bench:bdda0de60c0c17f3,79,6.70643,0.9299625,6.236728408875
56679.50053099776,bench:bdda0de60c0c17f3,79,6.44746,0.9280821,5.983772216466001
56686.667045985814,bench:bdda0de60c0c17f3,79,6.59034,0.9294252,6.125228072568
56691.04117597453,bench:bdda0de60c0c17f3,79,4.66146,0.928888,4.32997425648
56695.082642982015,bench:bdda0de60c0c17f3,79,3.56307,0.9291566,3.310650006762
56699.10364598036,bench:bdda0de60c0c17f3,79,4.25068,0.9283507,3.946121753476
56703.10939097544,bench:bdda0de60c0c17f3,79,4.33998,0.9280821,4.027857752358
56707.53957598936,bench:bdda0de60c0c17f3,79,5.27763,0.9286194,4.900909604022
56714.249427983304,bench:bdda0de60c0c17f3,79,2.99155,0.9186804,2.74827835062
56719.388717989204,bench:bdda0de60c0c17f3,79,4.0185,0.9186804,3.6917171874
56725.28085499653,bench:bdda0de60c0c17f3,79,4.45607,0.928888,4.1391899501600005
56731.24902698328,bench:bdda0de60c0c17f3,79,5.23298,0.9286194,4.859446747812
56735.25516098016,bench:bdda0de60c0c17f3,79,5.19726,0.9291566,4.829068430916
56740.45145098353,idle,79,4.68825,0.9291566,4.35611842995
56745.046967989765,idle,79,1.66098,0.9283507,1.541971945686
56762.27904699044,idle,79,1.53596,0.9286194,1.426322253624
56772.002484998666,idle,79,3.0362,0.9283507,2.81865839534
56777.61308697518,idle,79,3.65237,0.9304997,3.398529189289
56782.8798389819,idle,79,1.54489,0.9286194,1.434614824866
56800.09949198575,idle,79,1.58954,0.9286194,1.476077681076
56809.60367299849,bench:eba76744a2a51948,80,5.06331,0.903369,4.574037291390001
56831.477157975314,bench:eba76744a2a51948,80,4.00957,0.866031,3.47241191667
56840.73400698253,bench:eba76744a2a51948,80,5.04545,0.9280821,4.6825918314449995
56848.39118400123,bench:eba76744a2a51948,80,5.25084,0.9170686,4.815380487624
56855.928694974864,bench:eba76744a2a51948,80,5.01866,0.9280821,4.657728511986
56864.38036599429,bench:eba76744a2a51948,80,5.77771,0.918949,5.30942082679
56871.604490996106,bench:eba76744a2a51948,80,5.32228,0.9296938,4.948090717864
56877.48314597411,bench:eba76744a2a51948,80,4.3757,0.9291566,4.06571053462
56881.8692950008,bench:eba76744a2a51948,80,4.31319,0.928888,4.00647043272
56886.370367981726,bench:eba76744a2a51948,80,4.31319,0.928888,4.00647043272
56891.46660399274,bench:eba76744a2a51948,80,4.21496,0.9283507,3.9129610664719996
56895.87638198282,bench:eba76744a2a51948,80,4.40249,0.928888,4.089420131120001
56901.483279973036,bench:eba76744a2a51948,80,4.80434,0.9286194,4.461403328196
56905.8662809839,bench:eba76744a2a51948,80,3.83097,0.9291566,3.5595710599020003
56913.21347898338,bench:eba76744a2a51948,80,5.15261,0.9299625,4.7917340771250005
56919.79542397894,bench:eba76744a2a51948,80,5.09903,0.9286194,4.7350581791819994
56926.37157297577,bench:eba76744a2a51948,80,4.92936,0.9197549,4.533803013864
56932.90399998659,bench:eba76744a2a51948,80,5.20619,0.9331858,4.858342580102
56939.50392698753,bench:eba76744a2a51948,80,5.09903,0.928888,4.73642777864
56946.1995199963,bench:eba76744a2a51948,80,4.77755,0.9178746,4.38519179523
56951.809398975456,bench:eba76744a2a51948,80,4.86685,0.9173373,4.464543038505
56959.21265200013,bench:eba76744a2a51948,80,3.99171,0.928888,3.70785151848
56964.82190198731,bench:eba76744a2a51948,80,7.03684,0.9197549,6.472168070516
56971.10559098655,bench:eba76744a2a51948,80,5.34014,0.9302311,4.967564306353999
56976.686562993564,bench:eba76744a2a51948,80,4.99187,0.9304997,4.644933537439
56983.58154197922,bench:eba76744a2a51948,80,5.06331,0.9283507,4.700527382817
56989.5030859916,bench:eba76744a2a51948,80,4.99187,0.9291566,4.638228956841999
56993.85921598878,bench:eba76744a2a51948,80,3.8399,0.9294252,3.56889982548
56999.14067197824,bench:eba76744a2a51948,80,5.07224,0.9315742,4.725167920208
57003.68557899492,bench:eba76744a2a51948,80,3.8399,0.9291566,3.56786842834
57008.1283019972,bench:eba76744a2a51948,80,4.99187,0.9286194,4.635547324278
57012.68335597706,bench:eba76744a2a51948,80,3.72381,0.9280821,3.456001404801
57019.277208979474,bench:eba76744a2a51948,80,5.06331,0.9280821,4.699167377751
57027.6020289748,bench:eba76744a2a51948,80,4.95615,0.928888,4.6037082612
57032.34672997496,bench:eba76744a2a51948,80,3.99171,0.9186804,3.6671057394839996
57039.55161498743,bench:eba76744a2a51948,80,7.51906,0.9280821,6.978304994826
57044.84731098637,bench:eba76744a2a51948,80,4.74183,0.9286194,4.403355329502
57051.24770299881,bench:eba76744a2a51948,80,5.04545,0.9272762,4.67852570329
57057.753259985475,bench:eba76744a2a51948,80,3.70595,0.9192177,3.4065748353150003
57064.31968699326,bench:eba76744a2a51948,80,3.91134,0.9294252,3.635297961768
57069.15522099007,bench:eba76744a2a51948,80,3.08085,0.928888,2.8617645948
57074.530897982186,bench:eba76744a2a51948,80,4.98294,0.9299625,4.633947339750001
57080.08833299391,bench:eba76744a2a51948,80,4.87578,0.9315742,4.5421508528759995
57085.433992993785,bench:eba76744a2a51948,80,6.05454,0.9291566,5.625615800964
57091.60425598384,bench:eba76744a2a51948,80,5.09903,0.9291566,4.737797378098
57096.59954797826,bench:eba76744a2a51948,80,5.88487,0.9197549,5.412638018363
57108.58411499066,bench:eba76744a2a51948,80,4.93829,0.9302311,4.593750938819
57115.06869099685,bench:eba76744a2a51948,80,5.06331,0.9280821,4.699167377751
57123.225678980816,bench:eba76744a2a51948,80,4.92043,0.9302311,4.577137011373
57128.56539399945,bench:eba76744a2a51948,80,4.96508,0.9291566,4.613336851528
57135.57052100077,bench:eba76744a2a51948,80,5.23298,0.9304997,4.869286320106
57141.252158995485,bench:eba76744a2a51948,80,5.07224,0.9283507,4.708817554567999
57146.67820598697,bench:eba76744a2a51948,80,5.18833,0.9280821,4.8151962018929995
57152.17060499708,bench:eba76744a2a51948,80,5.34014,0.928888,4.96039196432
57156.48775399313,bench:eba76744a2a51948,80,5.0008,0.9294252,4.647869540159999
57162.95666398946,bench:eba76744a2a51948,80,5.15261,0.9280821,4.782045109281
57168.538320984226,bench:eba76744a2a51948,80,4.96508,0.9286194,4.610669610552001
57172.85222999635,bench:eba76744a2a51948,80,4.92043,0.9286194,4.569206754342
57179.31132399826,bench:eba76744a2a51948,80,5.12582,0.9280821,4.757181789822
57184.97388798278,bench:eba76744a2a51948,80,5.08117,0.9286194,4.718473036698
57195.57492999593,bench:eba76744a2a51948,80,5.12582,0.9283507,4.758558585074
57200.72546097799,bench:eba76744a2a51948,80,4.95615,0.9149198,4.53447976677
57207.91714199004,bench:eba76744a2a51948,80,8.18881,0.9321114,7.632883153434
57215.546726976754,bench:eba76744a2a51948,80,4.96508,0.9286194,4.610669610552001
57221.5547139931,bench:eba76744a2a51948,80,5.08117,0.9291566,4.721202641222
57228.059363987995,bench:eba76744a2a51948,80,5.07224,0.9280821,4.707455150904
57236.55375599628,bench:eba76744a2a51948,80,4.79541,0.918949,4.4067372240900005
57247.54279397894,bench:eba76744a2a51948,80,5.07224,0.9296938,4.715630080112
57255.63500498538,bench:eba76744a2a51948,80,5.07224,0.9326486,4.730617534864
57261.29899499938,bench:eba76744a2a51948,80,5.12582,0.9278135,4.75580499457
57266.78441200056,bench:eba76744a2a51948,80,5.20619,0.9275449,4.828974982931
57273.48035699106,bench:eba76744a2a51948,80,5.09903,0.9326486,4.755603190858
57280.015338998055,bench:eba76744a2a51948,80,5.10796,0.9275449,4.737862247404
57286.56139597297,bench:eba76744a2a51948,80,4.77755,0.9304997,4.445508841735
57292.170608998276,bench:eba76744a2a51948,80,5.13475,0.9259331,4.754434985225
57298.683424975025,bench:eba76744a2a51948,80,4.34891,0.9283507,4.037313642737
57305.31744399923,bench:eba76744a2a51948,80,5.72413,0.9194863,5.263259114418999
57311.72433498432,bench:eba76744a2a51948,80,5.34907,0.9296938,4.972997214766
57318.29372499487,bench:eba76744a2a51948,80,5.20619,0.9299625,4.8415614678750005
57325.38661098806,bench:eba76744a2a51948,80,4.89364,0.9197549,4.500949368836
57331.72479897621,bench:eba76744a2a51948,80,4.75076,0.9181431,4.361877513755999
57339.235439983895,bench:eba76744a2a51948,80,4.54537,0.928888,4.222139648560001
57345.97195798415,bench:eba76744a2a51948,80,5.0901,0.928888,4.7281328088
57353.574431996094,bench:eba76744a2a51948,80,5.36693,0.9192177,4.933377050661
57360.930481983814,bench:eba76744a2a51948,80,5.10796,0.9326486,4.763931742856
57367.6262779918,bench:eba76744a2a51948,80,5.0008,0.9270077,4.6357801061599995
57371.91290897317,bench:eba76744a2a51948,80,4.96508,0.928888,4.612003231040001
57378.97829498979,bench:eba76744a2a51948,80,4.78648,0.9197549,4.402388433752
57387.199096992845,bench:eba76744a2a51948,80,5.95631,0.9291566,5.534344748146
57393.7219879881,bench:eba76744a2a51948,80,5.18833,0.9272762,4.811014926746
57399.15331298835,bench:eba76744a2a51948,80,4.81327,0.9280821,4.467109729467
57407.405428995844,idle,80,4.95615,0.9192177,4.555780803855
57412.852550973184,idle,80,1.786,0.9283507,1.6580343502
57427.11408098694,idle,80,1.74135,0.9286194,1.6170513921899998
57435.23849497433,idle,80,2.77723,0.8329906,2.313406484038
57442.52378598321,idle,80,1.05374,0.7225879,0.7614197737459999
57449.65357898036,idle,80,1.46452,0.8735522,1.279334667944
57465.04017297411,idle,80,1.46452,0.873015,1.2785479278
57476.333782979054,bench:d8d235c65a601d89,81,4.42928,0.8735522,3.8692072884160003
57486.07870200067,bench:d8d235c65a601d89,81,5.45623,0.9294252,5.0711576589959995
57495.569863996934,bench:d8d235c65a601d89,81,5.509809,0.9280821,5.1135551073189
57507.56554197869,bench:d8d235c65a601d89,81,5.46516,0.9291566,5.077989484056
57519.572052988224,bench:d8d235c65a601d89,81,5.509809,0.9286194,5.1165155276946
57530.17677998287,bench:d8d235c65a601d89,81,5.64376,0.9304997,5.251516986872001
57535.61317897402,bench:d8d235c65a601d89,81,5.509809,0.9291566,5.1194753970894
57539.61364598945,bench:d8d235c65a601d89,81,5.65269,0.928888,5.25071590872
57543.608186999336,bench:d8d235c65a601d89,81,5.57232,0.9291566,5.177557905312001
57551.32258599042,bench:d8d235c65a601d89,81,5.57232,0.9294252,5.179054630464
57559.332704986446,bench:d8d235c65a601d89,81,5.5366,0.9280821,5.13841935486
57563.621168985264,bench:d8d235c65a601d89,81,5.66162,0.928888,5.259010878560001
57571.298086986644,bench:d8d235c65a601d89,81,5.67055,0.9291566,5.26882895813
57575.36427499144,bench:d8d235c65a601d89,81,4.30426,0.9294252,4.000487711352
57579.3925379985,bench:d8d235c65a601d89,81,4.24175,0.928888,3.940110674
57583.4071529971,bench:d8d235c65a601d89,81,3.56307,0.9283507,3.307778528649
57589.07997599454,bench:d8d235c65a601d89,81,4.13459,0.9197549,3.8028094119910003
57593.37529199547,bench:d8d235c65a601d89,81,3.85776,0.9192177,3.546121274352
57599.72612798447,bench:d8d235c65a601d89,81,4.30426,0.9291566,3.999331587116
57603.69094699854,bench:d8d235c65a601d89,81,4.1971,0.9286194,3.89750848374
57607.66067399527,bench:d8d235c65a601d89,81,4.20603,0.9286194,3.905801054982
57611.604121979326,bench:d8d235c65a601d89,81,4.18817,0.928888,3.8903408549600007
57615.56638599723,bench:d8d235c65a601d89,81,4.20603,0.928888,3.9069307946400005
57619.59361098707,bench:d8d235c65a601d89,81,4.45607,0.9286194,4.137993049758
57623.5645969864,bench:d8d235c65a601d89,81,4.20603,0.9286194,3.905801054982
57627.52258297405,bench:d8d235c65a601d89,81,4.22389,0.9286194,3.922386197466
57631.47936499445,bench:d8d235c65a601d89,81,4.20603,0.928888,3.9069307946400005
57635.44381299289,bench:d8d235c65a601d89,81,4.18817,0.9286194,3.8892159124980004
57639.401594991796,bench:d8d235c65a601d89,81,4.24175,0.9286194,3.9389713399499997
57643.348432990024,bench:d8d235c65a601d89,81,4.23282,0.9304997,3.9386377401540003
57647.59502699599,bench:d8d235c65a601d89,81,4.24175,0.928888,3.940110674
57651.603234000504,bench:d8d235c65a601d89,81,4.42928,0.928888,4.114305040640001
57655.56664598989,bench:d8d235c65a601d89,81,4.1971,0.9291566,3.89976316586
57659.467188001145,bench:d8d235c65a601d89,81,4.24175,0.9294252,3.9423893420999994
57663.402487989515,bench:d8d235c65a601d89,81,4.1971,0.9286194,3.89750848374
57667.35384397907,bench:d8d235c65a601d89,81,4.21496,0.928888,3.9152257644799997
57671.28138599219,bench:d8d235c65a601d89,81,4.17031,0.9286194,3.8726307700139997
57675.50047999248,bench:d8d235c65a601d89,81,4.27747,0.9304997,3.980184551759
57683.64274597843,bench:d8d235c65a601d89,81,4.14352,0.9326486,3.864448127072
57687.75958198239,bench:d8d235c65a601d89,81,4.02743,0.9283507,3.738867459701
57691.84141900041,bench:d8d235c65a601d89,81,4.07208,0.9280821,3.779224557768
57695.85340397316,bench:d8d235c65a601d89,81,4.1971,0.9283507,3.8963807229699996
57699.861055996735,bench:d8d235c65a601d89,81,4.17924,0.928888,3.88204588512
57703.856448992155,bench:d8d235c65a601d89,81,4.16138,0.9286194,3.8643381987720002
57707.82819300075,bench:d8d235c65a601d89,81,4.14352,0.9326486,3.864448127072
57711.920899979305,bench:d8d235c65a601d89,81,3.00048,0.9294252,2.788721724096
57718.552400998306,bench:d8d235c65a601d89,81,4.20603,0.928888,3.9069307946400005
57722.62336697895,bench:d8d235c65a601d89,81,4.0185,0.9294252,3.7348951662000003
57726.645943999756,bench:d8d235c65a601d89,81,4.13459,0.9294252,3.842792137668
57730.62979997485,bench:d8d235c65a601d89,81,4.11673,0.9286194,3.8228753425619995
57734.645118995104,bench:d8d235c65a601d89,81,4.11673,0.9286194,3.8228753425619995
57738.61725197639,bench:d8d235c65a601d89,81,4.1078,0.9286194,3.81458277132
57742.5816449977,bench:d8d235c65a601d89,81,4.11673,0.928888,3.82398109624
57746.529963973444,bench:d8d235c65a601d89,81,4.42035,0.928888,4.1060100708
57750.41967298603,bench:d8d235c65a601d89,81,4.11673,0.9283507,3.8217691772109994
57754.34052897617,bench:d8d235c65a601d89,81,4.11673,0.928888,3.82398109624
57758.27971898252,bench:d8d235c65a601d89,81,4.15245,0.9304997,3.8638534792650003
57762.1867969865,bench:d8d235c65a601d89,81,4.53644,0.928888,4.21384467872
57766.1145979946,bench:d8d235c65a601d89,81,4.14352,0.9286194,3.8477530562879996
57770.09854599601,bench:d8d235c65a601d89,81,4.13459,0.9304997,3.8472347546230004
57774.054587993305,bench:d8d235c65a601d89,81,4.49179,0.928888,4.17236982952
57777.96188899083,bench:d8d235c65a601d89,81,4.1078,0.9294252,3.81789283656
57781.946058996255,bench:d8d235c65a601d89,81,4.18817,0.9286194,3.8892159124980004
57788.56802298105,bench:d8d235c65a601d89,81,4.22389,0.9286194,3.922386197466
57792.57141498965,bench:d8d235c65a601d89,81,4.20603,0.9286194,3.905801054982
57796.50882698479,bench:d8d235c65a601d89,81,4.21496,0.9283507,3.9129610664719996
57800.43288698653,bench:d8d235c65a601d89,81,4.21496,0.9291566,3.916357902736
57804.35594698065,bench:d8d235c65a601d89,81,4.26854,0.9291566,3.9661421133639996
57808.30130298273,bench:d8d235c65a601d89,81,4.20603,0.928888,3.9069307946400005
57816.2554219889,bench:d8d235c65a601d89,81,4.21496,0.928888,3.9152257644799997
57820.19418597338,bench:d8d235c65a601d89,81,4.57216,0.928888,4.247024558080001
57824.10539398552,bench:d8d235c65a601d89,81,4.20603,0.928888,3.9069307946400005
57828.046435985016,bench:d8d235c65a601d89,81,4.20603,0.9291566,3.908060534298
57831.99103199877,bench:d8d235c65a601d89,81,4.1971,0.9286194,3.89750848374
57835.9520919912,bench:d8d235c65a601d89,81,4.18817,0.9286194,3.8892159124980004
57839.87635598169,bench:d8d235c65a601d89,81,4.25068,0.9280821,3.944980020828
57843.829507997725,bench:d8d235c65a601d89,81,4.18817,0.9270077,3.8824658389090003
57851.55435098568,bench:d8d235c65a601d89,81,5.66162,0.9291566,5.260531589692
57855.8719449793,bench:d8d235c65a601d89,81,5.491949,0.9283507,5.0984546985143
57859.94628199842,bench:d8d235c65a601d89,81,5.50088,0.9286194,5.108223885072
57867.29001699132,bench:d8d235c65a601d89,81,5.50088,0.9326486,5.1303880307680005
57871.66503598564,bench:d8d235c65a601d89,81,5.51874,0.928888,5.126291361120001
57875.74207599391,bench:d8d235c65a601d89,81,5.64376,0.9294252,5.245452766752
57879.77043198771,bench:d8d235c65a601d89,81,5.67055,0.928888,5.2673058484
57883.80193497869,bench:d8d235c65a601d89,81,5.58125,0.9291566,5.18585527375
57887.81497598393,bench:d8d235c65a601d89,81,5.59018,0.9286194,5.191149597492
57892.84869399853,bench:d8d235c65a601d89,81,5.52767,0.9280821,5.1301315817069995
57903.51701198961,bench:d8d235c65a601d89,81,5.67055,0.9291566,5.26882895813
57907.62184897903,bench:d8d235c65a601d89,81,5.65269,0.9304997,5.259826349193
57915.52528299508,bench:d8d235c65a601d89,81,5.63483,0.9280821,5.229584859543
57923.5586419818,bench:d8d235c65a601d89,81,5.51874,0.928888,5.126291361120001
57931.55453898362,bench:d8d235c65a601d89,81,5.474089,0.928888,5.084815583032
57935.582615988096,bench:d8d235c65a601d89,81,5.52767,0.928888,5.1345863309599995
57943.31764499657,bench:d8d235c65a601d89,81,5.51874,0.9291566,5.1277736946840005
57947.61623899103,bench:d8d235c65a601d89,81,5.64376,0.928888,5.2424209388800005
57951.73909299774,bench:d8d235c65a601d89,81,5.51874,0.9286194,5.124809027556
57959.53400997678,bench:d8d235c65a601d89,81,5.63483,0.9286194,5.232612453702
57971.585687977495,bench:d8d235c65a601d89,81,5.55446,0.9280821,5.154994901166
57975.69437598577,bench:d8d235c65a601d89,81,5.50088,0.928888,5.1097014214400005
57979.70276797423,bench:d8d235c65a601d89,81,5.5366,0.9286194,5.14139417004
57983.67847598274,bench:d8d235c65a601d89,81,5.60804,0.9286194,5.207734739976
57991.55733699445,bench:d8d235c65a601d89,81,5.67055,0.9304997,5.276445073835001
57995.592969993595,bench:d8d235c65a601d89,81,5.67948,0.9291566,5.277126326568
58003.55027397745,bench:d8d235c65a601d89,81,5.509809,0.9291566,5.1194753970894
58007.59662897326,bench:d8d235c65a601d89,81,4.21496,0.928888,3.9152257644799997
58011.6237809998,bench:d8d235c65a601d89,81,4.22389,0.928888,3.9235207343200003
58015.60793298995,bench:d8d235c65a601d89,81,4.18817,0.9291566,3.891465797422
58019.58571499563,bench:d8d235c65a601d89,81,4.20603,0.9291566,3.908060534298
58023.63279199926,bench:d8d235c65a601d89,81,4.31319,0.9286194,4.005311909885999
58027.61118498165,bench:d8d235c65a601d89,81,4.20603,0.928888,3.9069307946400005
58035.57513799751,bench:d8d235c65a601d89,81,5.509809,0.9326486,5.1387156501174
58043.562441976974,bench:d8d235c65a601d89,81,5.64376,0.9294252,5.245452766752
58051.25876699458,bench:d8d235c65a601d89,81,5.55446,0.9291566,5.160963168436
58055.576433980605,bench:d8d235c65a601d89,81,5.57232,0.928888,5.1760611801600005
58063.55090497527,bench:d8d235c65a601d89,81,5.65269,0.9369466,5.296268676354
58071.27606298309,idle,81,1.76814,0.9286194,1.641929105916
58078.70407597511,idle,81,1.55382,0.888595,1.3807166829
58093.10734499013,idle,81,1.6967,0.8883263,1.5072232332100002
58100.29624798335,idle,81,1.70563,0.8179479,1.395116476677
58106.09818098601,idle,81,1.22341,0.8187538,1.0016715864580001
58120.88926197612,idle,81,1.23234,0.8182165,1.00832092161
58128.23042398668,bench:4ac5e7ca403f9b14,82,1.72349,0.7223192,1.244909918008
58132.853755989345,bench:4ac5e7ca403f9b14,82,1.70563,0.7225879,1.2324675998769998
58139.87227098551,bench:4ac5e7ca403f9b14,82,2.7683,0.903369,2.5007964027
58146.38488399214,bench:4ac5e7ca403f9b14,82,3.02727,0.9291566,2.812807900482
58150.46566497767,bench:4ac5e7ca403f9b14,82,3.06299,0.928888,2.84517465512
58156.162913976004,bench:4ac5e7ca403f9b14,82,2.92011,0.9184118,2.681863481298
58160.49352599657,bench:4ac5e7ca403f9b14,82,2.92904,0.9184118,2.690064898672
58164.59767697961,bench:4ac5e7ca403f9b14,82,2.92011,0.9192177,2.684216797947
58168.7556799734,bench:4ac5e7ca403f9b14,82,3.00048,0.9186804,2.756482166592
58172.858311998425,bench:4ac5e7ca403f9b14,82,2.92011,0.918949,2.68343216439
58176.957703981316,bench:4ac5e7ca403f9b14,82,2.92011,0.9184118,2.681863481298
58183.33678098861,bench:4ac5e7ca403f9b14,82,3.14336,0.9286194,2.918985077184
58187.49035699875,bench:4ac5e7ca403f9b14,82,3.01834,0.9283507,2.8020780518379995
58191.60697099869,bench:4ac5e7ca403f9b14,82,3.08085,0.9286194,2.8609370784899997
58195.67488197936,bench:4ac5e7ca403f9b14,82,3.08085,0.928888,2.8617645948
58199.720347998664,bench:4ac5e7ca403f9b14,82,3.17908,0.9286194,2.952155362152
58206.13079497707,bench:4ac5e7ca403f9b14,82,2.91118,0.9197549,2.677572069782
58210.25035297498,bench:4ac5e7ca403f9b14,82,2.92011,0.9197549,2.6857854810390003
58214.40265199635,bench:4ac5e7ca403f9b14,82,2.92011,0.918949,2.68343216439
58218.468284991104,bench:4ac5e7ca403f9b14,82,3.06299,0.9181431,2.812263133869
58222.63893598574,bench:4ac5e7ca403f9b14,82,2.93797,0.9151884,2.688796063548
58226.765660976525,bench:4ac5e7ca403f9b14,82,2.98262,0.9184118,2.739273402916
58232.41027997574,bench:4ac5e7ca403f9b14,82,3.07192,0.9286194,2.852644507248
58236.61133798305,bench:4ac5e7ca403f9b14,82,3.07192,0.9296938,2.8559449780960002
58243.310670979554,bench:4ac5e7ca403f9b14,82,2.679,0.8888636,2.3812655844
58249.38093597302,bench:4ac5e7ca403f9b14,82,3.2148,0.9326486,2.99827871928
58253.58601199696,bench:4ac5e7ca403f9b14,82,3.05406,0.9283507,2.835238738842
58257.66534797731,bench:4ac5e7ca403f9b14,82,3.2148,0.9283507,2.98446183036
58261.648074985715,bench:4ac5e7ca403f9b14,82,2.98262,0.9286194,2.769718794828
58265.65470799687,bench:4ac5e7ca403f9b14,82,3.06299,0.9286194,2.844351936006
58269.64330498595,bench:4ac5e7ca403f9b14,82,3.06299,0.9326486,2.856693335314
58273.696029995335,bench:4ac5e7ca403f9b14,82,3.23266,0.9286194,3.001910789604
58277.8025699954,bench:4ac5e7ca403f9b14,82,3.08978,0.9291566,2.870889479548
58283.44452299643,bench:4ac5e7ca403f9b14,82,2.90225,0.9186804,2.6662401909
58287.70378397894,bench:4ac5e7ca403f9b14,82,2.93797,0.9184118,2.698266316046
58291.80108298897,bench:4ac5e7ca403f9b14,82,2.92904,0.9178746,2.688491418384
58295.90982699301,bench:4ac5e7ca403f9b14,82,2.92904,0.9173373,2.686917645192
58302.28584798169,bench:4ac5e7ca403f9b14,82,3.09871,0.9283507,2.876689597597
58306.38048099354,bench:4ac5e7ca403f9b14,82,3.08085,0.9286194,2.8609370784899997
58311.99922997621,bench:4ac5e7ca403f9b14,82,2.92011,0.9186804,2.682647822844
58316.23728797422,bench:4ac5e7ca403f9b14,82,2.90225,0.9194863,2.668579114175
58321.81503798347,bench:4ac5e7ca403f9b14,82,3.05406,0.928888,2.8368796852800005
58326.035354984924,bench:4ac5e7ca403f9b14,82,3.06299,0.928888,2.84517465512
58330.12404298643,bench:4ac5e7ca403f9b14,82,3.02727,0.9286194,2.811181651038
58334.187490982,bench:4ac5e7ca403f9b14,82,3.07192,0.928888,2.8534696249600002
58339.73855598015,bench:4ac5e7ca403f9b14,82,2.92011,0.9197549,2.6857854810390003
58344.00114999153,bench:4ac5e7ca403f9b14,82,2.92904,0.9181431,2.689277865624
58349.629658972844,bench:4ac5e7ca403f9b14,82,3.06299,0.928888,2.84517465512
58353.82067898172,bench:4ac5e7ca403f9b14,82,3.06299,0.928888,2.84517465512
58359.371929982444,bench:4ac5e7ca403f9b14,82,2.92904,0.9184118,2.690064898672
58363.70191199239,bench:4ac5e7ca403f9b14,82,2.92011,0.9186804,2.682647822844
58367.8555439983,bench:4ac5e7ca403f9b14,82,2.96476,0.9184118,2.722870568168
58371.96582497563,bench:4ac5e7ca403f9b14,82,2.93797,0.9194863,2.701423164811
58376.119252992794,bench:4ac5e7ca403f9b14,82,2.92904,0.9184118,2.690064898672
58382.04588898225,bench:4ac5e7ca403f9b14,82,3.08085,0.9304997,2.866730000745
58386.26624297467,bench:4ac5e7ca403f9b14,82,3.06299,0.9280821,2.842706191479
58390.3108209779,bench:4ac5e7ca403f9b14,82,3.07192,0.9291566,2.854294742672
58394.40119397477,bench:4ac5e7ca403f9b14,82,3.01834,0.9286194,2.8028890797959995
58398.431974987034,bench:4ac5e7ca403f9b14,82,3.06299,0.9286194,2.844351936006
58402.513144974364,bench:4ac5e7ca403f9b14,82,3.2148,0.928888,2.9861891424
58406.56457497971,bench:4ac5e7ca403f9b14,82,3.02727,0.928888,2.81199477576
58410.70985500119,bench:4ac5e7ca403f9b14,82,3.01834,0.928888,2.80369980592
58416.64204598055,bench:4ac5e7ca403f9b14,82,2.43789,0.873015,2.1283145383499997
58421.02408397477,bench:4ac5e7ca403f9b14,82,2.46468,0.8740894,2.154350662392
58427.70639900118,bench:4ac5e7ca403f9b14,82,3.00941,0.9291566,2.796213163606
58431.7779019766,bench:4ac5e7ca403f9b14,82,3.07192,0.9294252,2.855119860384
58435.80912798643,bench:4ac5e7ca403f9b14,82,3.22373,0.9286194,2.993618218362
58442.29898098274,bench:4ac5e7ca403f9b14,82,2.92011,0.9184118,2.681863481298
58446.41744697583,bench:4ac5e7ca403f9b14,82,2.92904,0.918949,2.69163837896
58452.01712299604,bench:4ac5e7ca403f9b14,82,3.06299,0.9294252,2.846820093348
58456.23175500077,bench:4ac5e7ca403f9b14,82,3.06299,0.9286194,2.844351936006
58460.23427697946,bench:4ac5e7ca403f9b14,82,3.08085,0.9283507,2.8601092540949997
58464.241483976366,bench:4ac5e7ca403f9b14,82,3.07192,0.928888,2.8534696249600002
58469.75121597643,bench:4ac5e7ca403f9b14,82,2.92011,0.9197549,2.6857854810390003
58474.06108799623,bench:4ac5e7ca403f9b14,82,2.93797,0.9197549,2.702212303553
58479.66378199635,bench:4ac5e7ca403f9b14,82,3.08085,0.9286194,2.8609370784899997
58483.84489599266,bench:4ac5e7ca403f9b14,82,3.08978,0.928888,2.8700595646400004
58487.90206600097,bench:4ac5e7ca403f9b14,82,3.02727,0.9326486,2.823379127322
58491.90123597509,bench:4ac5e7ca403f9b14,82,3.10764,0.9286194,2.885814792216
58495.89546199422,bench:4ac5e7ca403f9b14,82,3.14336,0.928888,2.9198293836800002
58499.93176199496,bench:4ac5e7ca403f9b14,82,3.08085,0.928888,2.8617645948
58503.96035797894,bench:4ac5e7ca403f9b14,82,3.06299,0.9286194,2.844351936006
58507.9745099938,bench:4ac5e7ca403f9b14,82,3.02727,0.9326486,2.823379127322
58512.00343997334,bench:4ac5e7ca403f9b14,82,3.06299,0.9286194,2.844351936006
58516.061071975855,bench:4ac5e7ca403f9b14,82,3.16122,0.9286194,2.935570219668
58522.59440699709,bench:4ac5e7ca403f9b14,82,3.00048,0.9184118,2.755676237664
58526.71144698979,bench:4ac5e7ca403f9b14,82,3.00048,0.9186804,2.756482166592
58532.33827097574,bench:4ac5e7ca403f9b14,82,3.09871,0.9283507,2.876689597597
58536.555568978656,bench:4ac5e7ca403f9b14,82,3.01834,0.9304997,2.808564464498
58540.60859099263,bench:4ac5e7ca403f9b14,82,2.99155,0.9299625,2.782029316875
58544.65529799927,bench:4ac5e7ca403f9b14,82,3.08085,0.9283507,2.8601092540949997
58548.67343098158,bench:4ac5e7ca403f9b14,82,3.01834,0.9286194,2.8028890797959995
58552.659082983155,bench:4ac5e7ca403f9b14,82,3.08085,0.9286194,2.8609370784899997
58556.66945700068,bench:4ac5e7ca403f9b14,82,3.00941,0.9278135,2.7921712250349997
58560.714552993886,bench:4ac5e7ca403f9b14,82,3.19694,0.928888,2.9695992027200004
58564.78285297635,bench:4ac5e7ca403f9b14,82,3.00048,0.9291566,2.787915795168
58568.77250497928,bench:4ac5e7ca403f9b14,82,3.01834,0.9283507,2.8020780518379995
58572.799489978934,bench:4ac5e7ca403f9b14,82,3.07192,0.9286194,2.852644507248
58576.84062299086,bench:4ac5e7ca403f9b14,82,3.02727,0.9280821,2.8095550988670004
58580.83364597405,bench:4ac5e7ca403f9b14,82,2.98262,0.9286194,2.769718794828
58584.85894498881,bench:4ac5e7ca403f9b14,82,3.2148,0.928888,2.9861891424
58588.8668379921,bench:4ac5e7ca403f9b14,82,3.08085,0.9280821,2.859281737785
58592.89465699112,bench:4ac5e7ca403f9b14,82,3.14336,0.9286194,2.918985077184
58596.92656699917,bench:4ac5e7ca403f9b14,82,3.00048,0.9291566,2.787915795168
58600.950570980785,bench:4ac5e7ca403f9b14,82,3.0362,0.9291566,2.82110526892
58604.97609298909,bench:4ac5e7ca403f9b14,82,3.00048,0.9299625,2.790333882
58608.99776298902,bench:4ac5e7ca403f9b14,82,3.16122,0.928888,2.9364193233600004
58613.02756299847,bench:4ac5e7ca403f9b14,82,3.0362,0.9286194,2.8194742222799998
58617.089288978605,bench:4ac5e7ca403f9b14,82,3.14336,0.9286194,2.918985077184
58621.106421982404,bench:4ac5e7ca403f9b14,82,3.04513,0.928888,2.82858471544
58625.13046298409,bench:4ac5e7ca403f9b14,82,3.49163,0.9294252,3.245208911076
58629.10254098824,bench:4ac5e7ca403f9b14,82,3.06299,0.9286194,2.844351936006
58633.145062980475,bench:4ac5e7ca403f9b14,82,3.08085,0.928888,2.8617645948
58637.205250997795,bench:4ac5e7ca403f9b14,82,3.53628,0.9294252,3.286707746256
58641.28699499997,bench:4ac5e7ca403f9b14,82,3.06299,0.928888,2.84517465512
58645.34870197531,bench:4ac5e7ca403f9b14,82,3.0362,0.9294252,2.82192079224
58649.368409998715,bench:4ac5e7ca403f9b14,82,3.04513,0.9286194,2.8277667935219997
58653.41117198113,bench:4ac5e7ca403f9b14,82,3.02727,0.9280821,2.8095550988670004
58657.48598999926,bench:4ac5e7ca403f9b14,82,3.0362,0.9326486,2.83170767932
58663.11225798563,bench:4ac5e7ca403f9b14,82,2.92011,0.9186804,2.682647822844
58667.44359297445,bench:4ac5e7ca403f9b14,82,2.91118,0.918949,2.6752259498199997
58673.86094699032,bench:4ac5e7ca403f9b14,82,3.06299,0.9280821,2.842706191479
58677.951764984755,bench:4ac5e7ca403f9b14,82,2.99155,0.9286194,2.77801136607
58684.36441497761,bench:4ac5e7ca403f9b14,82,2.92011,0.9184118,2.681863481298
58690.72662197868,bench:4ac5e7ca403f9b14,82,3.05406,0.9286194,2.836059364764
58694.79371799389,bench:4ac5e7ca403f9b14,82,3.01834,0.928888,2.80369980592
58698.86377599323,bench:4ac5e7ca403f9b14,82,2.97369,0.9283507,2.7606271930829998
58702.88740997785,bench:4ac5e7ca403f9b14,82,3.07192,0.9294252,2.855119860384
58708.52769599878,bench:4ac5e7ca403f9b14,82,2.92011,0.9186804,2.682647822844
58712.873974989634,bench:4ac5e7ca403f9b14,82,2.92904,0.9181431,2.689277865624
58717.94919198146,bench:4ac5e7ca403f9b14,82,2.81295,0.9181431,2.582690633145
58724.5724699751,idle,82,2.80402,0.9286194,2.603867369988
58729.133302986156,idle,82,2.29501,0.9283507,2.130574140007
58746.25199398724,idle,82,1.54489,0.928888,1.4350297823200002
58752.85423497553,idle,82,1.41987,0.9294252,1.3196629587239999
58758.53546598228,idle,82,1.40201,0.9286194,1.301933684994
58776.55276097357,idle,82,1.41987,0.9283507,1.318137308409
58781.387016992085,bench:dba6678683588446,83,2.53612,0.9280821,2.353727575452
58788.304681977024,bench:dba6678683588446,83,2.60756,0.9280821,2.420029760676
58795.973950996995,bench:dba6678683588446,83,2.53612,0.8614643,2.1847768405159997
58802.753839001525,bench:dba6678683588446,83,2.89332,0.918949,2.6588135206800003
58809.14180498803,bench:dba6678683588446,83,3.04513,0.9280821,2.826130645173
58817.22764499136,bench:dba6678683588446,83,3.08085,0.9286194,2.8609370784899997
58821.30522199441,bench:dba6678683588446,83,3.07192,0.9326486,2.8650218873120004
58825.36446599988,bench:dba6678683588446,83,3.02727,0.9286194,2.811181651038
58829.42922899383,bench:dba6678683588446,83,3.05406,0.9283507,2.835238738842
58833.44345499063,bench:dba6678683588446,83,3.17908,0.9275449,2.948739440692
58839.975770999445,bench:dba6678683588446,83,2.88439,0.9197549,2.652931836011
58846.344921999844,bench:dba6678683588446,83,3.22373,0.928888,2.9944841122400003
58850.428516976535,bench:dba6678683588446,83,3.00941,0.9286194,2.7945965085539997
58856.85059399111,bench:dba6678683588446,83,2.92904,0.9186804,2.690851638816
58863.329168991186,bench:dba6678683588446,83,3.2148,0.9283507,2.98446183036
58867.39598799613,bench:dba6678683588446,83,3.00941,0.9283507,2.7937878800869997
58871.443620999344,bench:dba6678683588446,83,3.06299,0.9280821,2.842706191479
58875.455642992165,bench:dba6678683588446,83,3.02727,0.9294252,2.813621025204
58879.54203499248,bench:dba6678683588446,83,3.02727,0.928888,2.81199477576
58883.64183399244,bench:dba6678683588446,83,3.17908,0.9286194,2.952155362152
58887.71987397922,bench:dba6678683588446,83,3.2148,0.9280821,2.98359833508
58891.784043982625,bench:dba6678683588446,83,3.23266,0.928888,3.0027790820800004
58895.80041798763,bench:dba6678683588446,83,3.2148,0.9286194,2.98532564712
58899.800162995234,bench:dba6678683588446,83,3.06299,0.9280821,2.842706191479
58903.809462994104,bench:dba6678683588446,83,3.01834,0.9326486,2.815050575324
58907.83926297445,bench:dba6678683588446,83,3.02727,0.9304997,2.816873826819
58911.88346999115,bench:dba6678683588446,83,3.02727,0.928888,2.81199477576
58915.931233001174,bench:dba6678683588446,83,3.2148,0.928888,2.9861891424
58919.97403197456,bench:dba6678683588446,83,3.02727,0.9283507,2.810368223589
58924.07077597454,bench:dba6678683588446,83,3.08085,0.9286194,2.8609370784899997
58928.102834994206,bench:dba6678683588446,83,3.08978,0.9283507,2.868399425846
58932.10170898237,bench:dba6678683588446,83,3.02727,0.9259331,2.803049495637
58936.17291600094,bench:dba6678683588446,83,3.07192,0.9278135,2.85016884692
58940.221104974626,bench:dba6678683588446,83,3.08085,0.928888,2.8617645948
58944.22636798117,bench:dba6678683588446,83,3.05406,0.9304997,2.8418019137820005
58948.365536984056,bench:dba6678683588446,83,3.02727,0.9315742,2.820126628434
58955.16149897594,bench:dba6678683588446,83,2.46468,0.8735522,2.153026636296
58959.56335199298,bench:dba6678683588446,83,2.46468,0.8732836,2.1523646232480003
58966.311887983466,bench:dba6678683588446,83,3.2148,0.928888,2.9861891424
58970.434686983936,bench:dba6678683588446,83,3.2148,0.928888,2.9861891424
58974.482653982705,bench:dba6678683588446,83,3.2148,0.928888,2.9861891424
58978.524676000234,bench:dba6678683588446,83,3.17908,0.928888,2.95300926304
58985.08995398879,bench:dba6678683588446,83,2.92904,0.9186804,2.690851638816
58990.59994597337,bench:dba6678683588446,83,3.22373,0.9286194,2.993618218362
58994.84387299162,bench:dba6678683588446,83,3.02727,0.9286194,2.811181651038
59001.23302399879,bench:dba6678683588446,83,2.92011,0.9186804,2.682647822844
59007.694951986196,bench:dba6678683588446,83,3.01834,0.9280821,2.801267325714
59011.85787998838,bench:dba6678683588446,83,3.24159,0.928888,3.01107405192
59015.92712398269,bench:dba6678683588446,83,3.01834,0.9294252,2.8053212581679996
59019.95418299339,bench:dba6678683588446,83,3.0362,0.9299625,2.8235521425
59025.55591499549,bench:dba6678683588446,83,2.92904,0.9181431,2.689277865624
59029.854378983146,bench:dba6678683588446,83,3.05406,0.9186804,2.805705062424
59034.01032599504,bench:dba6678683588446,83,2.93797,0.9173373,2.695109467281
59038.13832899323,bench:dba6678683588446,83,2.91118,0.9197549,2.677572069782
59043.7782999943,bench:dba6678683588446,83,3.17908,0.928888,2.95300926304
59047.992357984185,bench:dba6678683588446,83,3.08085,0.928888,2.8617645948
59052.07858298672,bench:dba6678683588446,83,3.07192,0.9294252,2.855119860384
59056.14228997729,bench:dba6678683588446,83,3.02727,0.9278135,2.808741974145
59061.70207698597,bench:dba6678683588446,83,2.93797,0.9192177,2.7006340260690003
59066.024800995365,bench:dba6678683588446,83,3.00048,0.9184118,2.755676237664
59070.155433000764,bench:dba6678683588446,83,2.92011,0.9184118,2.681863481298
59074.26136199501,bench:dba6678683588446,83,2.92904,0.9186804,2.690851638816
59078.38443899527,bench:dba6678683588446,83,2.92904,0.9151884,2.680623431136
59082.49853400048,bench:dba6678683588446,83,2.88439,0.9197549,2.652931836011
59086.5891299909,bench:dba6678683588446,83,2.93797,0.9197549,2.702212303553
59090.74024297297,bench:dba6678683588446,83,2.92011,0.9197549,2.6857854810390003
59097.232985979645,bench:dba6678683588446,83,3.11657,0.9291566,2.8957815848619997
59101.35711799376,bench:dba6678683588446,83,3.08978,0.9291566,2.870889479548
59105.47182499431,bench:dba6678683588446,83,3.01834,0.9280821,2.801267325714
59109.49973599054,bench:dba6678683588446,83,3.08085,0.928888,2.8617645948
59113.58771999949,bench:dba6678683588446,83,3.15229,0.928888,2.92812435352
59117.72964897682,bench:dba6678683588446,83,3.08085,0.928888,2.8617645948
59124.17909500073,bench:dba6678683588446,83,2.92904,0.918949,2.69163837896
59130.6427269883,bench:dba6678683588446,83,3.06299,0.9286194,2.844351936006
59134.747321979376,bench:dba6678683588446,83,3.09871,0.9296938,2.8808514749980003
59138.82991799619,bench:dba6678683588446,83,3.02727,0.9304997,2.816873826819
59142.941031983355,bench:dba6678683588446,83,3.14336,0.9294252,2.9215179966719997
59147.013349982444,bench:dba6678683588446,83,3.08085,0.9280821,2.859281737785
59151.19038897683,bench:dba6678683588446,83,3.07192,0.9291566,2.854294742672
59157.695297995815,bench:dba6678683588446,83,2.92011,0.9186804,2.682647822844
59161.821171990596,bench:dba6678683588446,83,2.93797,0.9184118,2.698266316046
59167.355791985756,bench:dba6678683588446,83,3.00941,0.9291566,2.796213163606
59171.61871999269,bench:dba6678683588446,83,3.08085,0.9291566,2.8625921111099997
59175.69003798417,bench:dba6678683588446,83,3.02727,0.9326486,2.823379127322
59179.81920699822,bench:dba6678683588446,83,3.00941,0.9286194,2.7945965085539997
59183.94189499668,bench:dba6678683588446,83,3.06299,0.9291566,2.845997374234
59188.02300898824,bench:dba6678683588446,83,3.00941,0.9294252,2.797021491132
59193.590647977544,bench:dba6678683588446,83,2.92011,0.918949,2.68343216439
59197.871704993304,bench:dba6678683588446,83,2.92904,0.9186804,2.690851638816
59204.265003994806,bench:dba6678683588446,83,3.09871,0.9294252,2.880019161492
59208.39745097328,bench:dba6678683588446,83,3.02727,0.9296938,2.8144341499260004
59212.56474999245,bench:dba6678683588446,83,3.08085,0.928888,2.8617645948
59219.082047988195,bench:dba6678683588446,83,3.07192,0.9186804,2.8221126943679997
59223.26564299874,bench:dba6678683588446,83,2.91118,0.9184118,2.673662063924
59229.751606995706,bench:dba6678683588446,83,3.08085,0.9294252,2.86341962742
59233.883943001274,bench:dba6678683588446,83,3.06299,0.9286194,2.844351936006
59239.40224898979,bench:dba6678683588446,83,2.90225,0.918949,2.6670197352500002
59243.71041698032,bench:dba6678683588446,83,2.92011,0.9186804,2.682647822844
59250.123623001855,bench:dba6678683588446,83,3.00941,0.9286194,2.7945965085539997
59254.20982998912,bench:dba6678683588446,83,3.04513,0.9286194,2.8277667935219997
59258.318443986354,bench:dba6678683588446,83,3.0362,0.928888,2.8202897456000002
59262.36348497332,bench:dba6678683588446,83,3.06299,0.9294252,2.846820093348
59266.415357997175,bench:dba6678683588446,83,3.2148,0.9283507,2.98446183036
59272.07507099956,bench:dba6678683588446,83,2.92011,0.9184118,2.681863481298
59276.351941982284,bench:dba6678683588446,83,2.90225,0.9194863,2.668579114175
59280.45213097357,bench:dba6678683588446,83,2.92904,0.918949,2.69163837896
59284.56302199629,bench:dba6678683588446,83,2.87546,0.9192177,2.643173727642
59288.68750698166,bench:dba6678683588446,83,2.92904,0.9186804,2.690851638816
59292.81621298287,bench:dba6678683588446,83,2.93797,0.9194863,2.701423164811
59296.97910399409,bench:dba6678683588446,83,2.92904,0.9197549,2.6939988922960003
59301.0874959873,bench:dba6678683588446,83,2.92011,0.918949,2.68343216439
59305.16222197912,bench:dba6678683588446,83,3.50949,0.9184118,3.223157027982
59309.31555799907,bench:dba6678683588446,83,2.9469,0.9181431,2.70567590139
59315.75468898518,bench:dba6678683588446,83,3.08978,0.9286194,2.869229649732
59319.81919199461,bench:dba6678683588446,83,3.05406,0.9294252,2.838520326312
59323.941435985034,bench:dba6678683588446,83,3.02727,0.9286194,2.811181651038
59328.02942098351,bench:dba6678683588446,83,3.2148,0.9283507,2.98446183036
59333.59702199232,bench:dba6678683588446,83,3.14336,0.9192177,2.889432149472
59337.89646800142,bench:dba6678683588446,83,2.93797,0.9184118,2.698266316046
59341.99898998486,bench:dba6678683588446,83,2.87546,0.9186804,2.641628742984
59346.13775199978,bench:dba6678683588446,83,2.87546,0.9197549,2.644718424754
59350.25934697478,bench:dba6678683588446,83,2.9469,0.9186804,2.70725927076
59354.41234998871,bench:dba6678683588446,83,2.89332,0.9197549,2.661145247268
59358.530296973186,bench:dba6678683588446,83,2.92904,0.9178746,2.688491418384
59362.66820697347,bench:dba6678683588446,83,2.92904,0.9178746,2.688491418384
59366.86630197801,bench:dba6678683588446,83,2.92011,0.9186804,2.682647822844
59370.99150798167,bench:dba6678683588446,83,2.92904,0.9192177,2.6924254120080002
59377.466009987984,bench:dba6678683588446,83,3.02727,0.9286194,2.811181651038
59381.56180898659,idle,83,2.60756,0.928888,2.42213119328
59385.794273985084,idle,83,1.70563,0.9283507,1.583422804441
59403.52501597954,idle,83,1.29485,0.8485706,1.09877164141
59411.596688994905,idle,83,1.01802,0.7220506,0.735061951812
59419.91039799177,idle,83,1.22341,0.8332592,1.0194176378720001
59438.24674599455,idle,83,1.1609,0.8182165,0.9498675348500001
59446.63545399089,bench:4a31d703fa79c2d6,84,1.55382,0.7228564,1.123188731448
59453.74337598332,bench:4a31d703fa79c2d6,84,2.26822,0.8633446,1.958255488612
59459.63077197666,bench:4a31d703fa79c2d6,84,2.86653,0.9294252,2.664225218556
59463.79471899127,bench:4a31d703fa79c2d6,84,2.86653,0.9291566,2.663455268598
59470.229942991864,bench:4a31d703fa79c2d6,84,2.69686,0.9186804,2.477552423544
59475.78658198472,bench:4a31d703fa79c2d6,84,2.84867,0.928888,2.64609537896
59480.039027985185,bench:4a31d703fa79c2d6,84,2.82188,0.928888,2.6212104694400002
59484.23040099442,bench:4a31d703fa79c2d6,84,2.88439,0.928888,2.67927525832
59488.36403299356,bench:4a31d703fa79c2d6,84,2.86653,0.9283507,2.661145132071
59493.9383569872,bench:4a31d703fa79c2d6,84,2.75044,0.9184118,2.526036551192
59498.19524798659,bench:4a31d703fa79c2d6,84,2.75044,0.918949,2.52751408756
59502.3647689959,bench:4a31d703fa79c2d6,84,2.72365,0.9186804,2.50216387146
59506.467530998634,bench:4a31d703fa79c2d6,84,2.68793,0.918949,2.4700705855700003
59510.62703298521,bench:4a31d703fa79c2d6,84,2.75044,0.9186804,2.526775319376
59514.85947999754,bench:4a31d703fa79c2d6,84,2.7683,0.9192177,2.54467035891
59519.11822200054,bench:4a31d703fa79c2d6,84,2.70579,0.9184118,2.485029464322
59526.10562698101,bench:4a31d703fa79c2d6,84,2.8576,0.928888,2.6543903488000002
59530.2524449944,bench:4a31d703fa79c2d6,84,2.90225,0.928888,2.6958651980000004
59534.37742899405,bench:4a31d703fa79c2d6,84,2.92904,0.9283507,2.719176334328
59538.4809319803,bench:4a31d703fa79c2d6,84,2.82188,0.9286194,2.620452512472
59542.68243399565,bench:4a31d703fa79c2d6,84,2.88439,0.9291566,2.680050005474
59546.939120977186,bench:4a31d703fa79c2d6,84,2.84867,0.9291566,2.646860531722
59553.36367798736,bench:4a31d703fa79c2d6,84,2.7683,0.9192177,2.54467035891
59557.538624998415,bench:4a31d703fa79c2d6,84,2.75044,0.918949,2.52751408756
59563.17941198358,bench:4a31d703fa79c2d6,84,2.8576,0.9286194,2.65362279744
59567.457172990544,bench:4a31d703fa79c2d6,84,2.90225,0.9283507,2.6943058190749998
59571.64326700149,bench:4a31d703fa79c2d6,84,2.8576,0.9283507,2.65285496032
59575.81789899268,bench:4a31d703fa79c2d6,84,2.84867,0.928888,2.64609537896
59579.99110498349,bench:4a31d703fa79c2d6,84,2.83081,0.9280821,2.627224089501
59584.1497379879,bench:4a31d703fa79c2d6,84,2.8576,0.9286194,2.65362279744
59588.25562900165,bench:4a31d703fa79c2d6,84,2.83974,0.9294252,2.6393259174479997
59592.40933597903,bench:4a31d703fa79c2d6,84,2.83974,0.9291566,2.638563163284
59598.01034498378,bench:4a31d703fa79c2d6,84,2.77723,0.9184118,2.550640803314
59602.27706798469,bench:4a31d703fa79c2d6,84,2.73258,0.9184118,2.509633716444
59606.52701498475,bench:4a31d703fa79c2d6,84,2.72365,0.9186804,2.50216387146
59610.77160897548,bench:4a31d703fa79c2d6,84,2.75937,0.918949,2.53572030213
59615.006332984194,bench:4a31d703fa79c2d6,84,2.79509,0.918949,2.5685451604100002
59619.18090999825,bench:4a31d703fa79c2d6,84,2.73258,0.9184118,2.509633716444
59623.38131899014,bench:4a31d703fa79c2d6,84,2.72365,0.918949,2.50289544385
59630.26385498233,bench:4a31d703fa79c2d6,84,2.86653,0.9280821,2.660375182113
59634.30372797302,bench:4a31d703fa79c2d6,84,2.84867,0.928888,2.64609537896
59638.454971980536,bench:4a31d703fa79c2d6,84,2.86653,0.9286194,2.661915368682
59642.5364559982,bench:4a31d703fa79c2d6,84,2.91118,0.9286194,2.703378224892
59646.695050993,bench:4a31d703fa79c2d6,84,2.84867,0.9286194,2.645330226198
59650.79814699129,bench:4a31d703fa79c2d6,84,2.84867,0.9283507,2.644564788569
59654.95992699289,bench:4a31d703fa79c2d6,84,2.81295,0.928888,2.6129154996
59659.05655999086,bench:4a31d703fa79c2d6,84,2.92011,0.928888,2.71245513768
59663.24617297505,bench:4a31d703fa79c2d6,84,2.91118,0.9283507,2.702595990826
59667.40743498667,bench:4a31d703fa79c2d6,84,2.87546,0.9294252,2.6725249855919997
59671.58408497926,bench:4a31d703fa79c2d6,84,2.83974,0.928888,2.63780040912
59675.78543900163,bench:4a31d703fa79c2d6,84,2.8576,0.928888,2.6543903488000002
59679.95894199703,bench:4a31d703fa79c2d6,84,2.88439,0.9286194,2.678500511166
59684.06307397527,bench:4a31d703fa79c2d6,84,2.86653,0.9286194,2.661915368682
59690.51568699069,bench:4a31d703fa79c2d6,84,2.7683,0.9186804,2.54318295132
59694.71835598233,bench:4a31d703fa79c2d6,84,2.73258,0.9192177,2.511835902666
59701.17383997422,bench:4a31d703fa79c2d6,84,2.8576,0.9286194,2.65362279744
59705.3974159935,bench:4a31d703fa79c2d6,84,2.81295,0.928888,2.6129154996
59709.59538099123,bench:4a31d703fa79c2d6,84,2.92904,0.9283507,2.719176334328
59715.10005698656,bench:4a31d703fa79c2d6,84,2.60756,0.9192177,2.396915305812
59719.403133000014,bench:4a31d703fa79c2d6,84,2.59863,0.918949,2.38800843987
59726.63151699817,bench:4a31d703fa79c2d6,84,2.75937,0.9294252,2.564628014124
59732.11484198691,bench:4a31d703fa79c2d6,84,2.57184,0.928888,2.38895131392
59736.45584299811,bench:4a31d703fa79c2d6,84,2.57184,0.9286194,2.3882605176959997
59742.63084697304,bench:4a31d703fa79c2d6,84,2.73258,0.9286194,2.537526800052
59747.95126597746,bench:4a31d703fa79c2d6,84,2.78616,0.9280821,2.5857852237360004
59752.187526988564,bench:4a31d703fa79c2d6,84,2.80402,0.9286194,2.603867369988
59756.33006700082,bench:4a31d703fa79c2d6,84,2.77723,0.9294252,2.581227548196
59760.51192099112,bench:4a31d703fa79c2d6,84,2.72365,0.9286194,2.52923422881
59766.65309199598,bench:4a31d703fa79c2d6,84,2.69686,0.9286194,2.504356515084
59770.90383399627,bench:4a31d703fa79c2d6,84,2.69686,0.9280821,2.502907492206
59775.23805797682,bench:4a31d703fa79c2d6,84,2.72365,0.928888,2.5299658012000004
59781.74404098536,bench:4a31d703fa79c2d6,84,2.77723,0.9286194,2.578989656262
59785.86156197707,bench:4a31d703fa79c2d6,84,2.78616,0.9294252,2.589527315232
59789.968768978724,bench:4a31d703fa79c2d6,84,2.79509,0.9283507,2.594823758063
59796.72587898676,bench:4a31d703fa79c2d6,84,2.88439,0.928888,2.67927525832
59800.96039999626,bench:4a31d703fa79c2d6,84,2.91118,0.9286194,2.703378224892
59805.176975991344,bench:4a31d703fa79c2d6,84,2.84867,0.9286194,2.645330226198
59810.651837993646,bench:4a31d703fa79c2d6,84,2.78616,0.9192177,2.5610875870320005
59819.060100999195,bench:4a31d703fa79c2d6,84,2.72365,0.9186804,2.50216387146
59824.56648099469,bench:4a31d703fa79c2d6,84,2.77723,0.9291566,2.580481584218
59828.69170597405,bench:4a31d703fa79c2d6,84,2.83974,0.928888,2.63780040912
59834.31649298291,bench:4a31d703fa79c2d6,84,2.7683,0.9186804,2.54318295132
59838.54277298087,bench:4a31d703fa79c2d6,84,2.7683,0.9181431,2.54169554373
59844.90190498764,bench:4a31d703fa79c2d6,84,2.89332,0.928888,2.6875702281600002
59849.06770399539,bench:4a31d703fa79c2d6,84,2.84867,0.9286194,2.645330226198
59853.20841000066,bench:4a31d703fa79c2d6,84,2.9469,0.9286194,2.73654850986
59858.85384498397,bench:4a31d703fa79c2d6,84,2.73258,0.9192177,2.511835902666
59863.172160985414,bench:4a31d703fa79c2d6,84,2.71472,0.9178746,2.4917725341119996
59869.58816298284,bench:4a31d703fa79c2d6,84,2.83081,0.9283507,2.627984445067
59873.7778129871,bench:4a31d703fa79c2d6,84,2.89332,0.9283507,2.686015647324
59877.85729797906,bench:4a31d703fa79c2d6,84,2.8576,0.9286194,2.65362279744
59881.994818977546,bench:4a31d703fa79c2d6,84,2.82188,0.928888,2.6212104694400002
59886.21752499603,bench:4a31d703fa79c2d6,84,2.91118,0.9280821,2.701814047878
59890.39221199346,bench:4a31d703fa79c2d6,84,2.92011,0.9283507,2.710886162577
59895.969072997104,bench:4a31d703fa79c2d6,84,2.70579,0.9186804,2.4857562395159998
59900.15694597969,bench:4a31d703fa79c2d6,84,2.73258,0.9186804,2.510367687432
59906.6709659819,bench:4a31d703fa79c2d6,84,2.84867,0.9286194,2.645330226198
59910.836430994095,bench:4a31d703fa79c2d6,84,2.8576,0.9283507,2.65285496032
59917.27800798253,bench:4a31d703fa79c2d6,84,2.81295,0.9184118,2.58344647281
59923.72854700079,bench:4a31d703fa79c2d6,84,2.88439,0.928888,2.67927525832
59927.91423399467,bench:4a31d703fa79c2d6,84,2.81295,0.9291566,2.61367105797
59931.993625999894,bench:4a31d703fa79c2d6,84,2.92011,0.9286194,2.7116707961340003
59936.13757297862,bench:4a31d703fa79c2d6,84,2.86653,0.9283507,2.661145132071
59941.704526980175,bench:4a31d703fa79c2d6,84,2.71472,0.9186804,2.4939600554879995
59946.01536099799,bench:4a31d703fa79c2d6,84,2.78616,0.9194863,2.561835949608
59950.30582600157,bench:4a31d703fa79c2d6,84,2.71472,0.9186804,2.4939600554879995
59954.528475995176,bench:4a31d703fa79c2d6,84,2.74151,0.9184118,2.517835133818
59960.1312809973,bench:4a31d703fa79c2d6,84,2.8576,0.9286194,2.65362279744
59964.351616974454,bench:4a31d703fa79c2d6,84,2.71472,0.9280821,2.519483038512
59971.163744980004,bench:4a31d703fa79c2d6,84,2.77723,0.9186804,2.5513867672919996
59975.51854199264,bench:4a31d703fa79c2d6,84,2.79509,0.9186804,2.567794399236
59981.06125497725,bench:4a31d703fa79c2d6,84,2.83081,0.9286194,2.628745083714
59985.20786897279,bench:4a31d703fa79c2d6,84,3.50056,0.9280821,3.2488070759760004
59991.76151797292,bench:4a31d703fa79c2d6,84,2.69686,0.9186804,2.477552423544
59998.142039985396,bench:4a31d703fa79c2d6,84,2.88439,0.9291566,2.680050005474
60002.35763398814,bench:4a31d703fa79c2d6,84,2.84867,0.9283507,2.644564788569
60008.72280297335,bench:4a31d703fa79c2d6,84,2.69686,0.9186804,2.477552423544
60015.19508298952,bench:4a31d703fa79c2d6,84,2.78616,0.9286194,2.587282227504
60019.374399998924,bench:4a31d703fa79c2d6,84,2.80402,0.9283507,2.603113929814
60023.58597598504,bench:4a31d703fa79c2d6,84,2.84867,0.9291566,2.646860531722
60027.736089978134,bench:4a31d703fa79c2d6,84,2.88439,0.9286194,2.678500511166
60034.19077699073,bench:4a31d703fa79c2d6,84,2.7683,0.9194863,2.54541392429
60038.436352973804,bench:4a31d703fa79c2d6,84,2.74151,0.9192177,2.520044516727
60042.50900397892,idle,84,2.49147,0.9184118,2.288195447346
60046.78459797287,idle,84,1.63419,0.9186804,1.501298322876
60064.245101995766,idle,84,1.55382,0.9031004,1.4032554635280001
60072.20670199604,idle,84,1.00909,0.7225879,0.729156224011
60076.79038599599,idle,84,1.00909,0.7228564,0.729427164676
60095.05003099912,idle,84,1.20555,0.8332592,1.0045356285599998
60103.31577699981,bench:36f2cc2e1cf696a1,85,1.55382,0.723125,1.1236060875
60110.573938989546,bench:36f2cc2e1cf696a1,85,2.31287,0.8735522,2.0204126768140003
60114.932939992286,bench:36f2cc2e1cf696a1,85,2.25036,0.873015,1.9645980354
60121.72958700103,bench:36f2cc2e1cf696a1,85,2.72365,0.9200235,2.5058220057750002
60127.38637297298,bench:36f2cc2e1cf696a1,85,2.79509,0.9286194,2.595574798746
60131.594689999474,bench:36f2cc2e1cf696a1,85,2.84867,0.928888,2.64609537896
60135.805765981786,bench:36f2cc2e1cf696a1,85,2.86653,0.9291566,2.663455268598
60139.99108297867,bench:36f2cc2e1cf696a1,85,2.87546,0.9294252,2.6725249855919997
60145.55994499824,bench:36f2cc2e1cf696a1,85,2.75044,0.9192177,2.5282531307880003
60149.805964989355,bench:36f2cc2e1cf696a1,85,2.74151,0.9186804,2.518571503404
60153.98613398429,bench:36f2cc2e1cf696a1,85,2.77723,0.9186804,2.5513867672919996
60158.25259799021,bench:36f2cc2e1cf696a1,85,2.79509,0.9181431,2.566292597379
60162.46287798276,bench:36f2cc2e1cf696a1,85,2.68793,0.9184118,2.468626629574
60166.80798999732,bench:36f2cc2e1cf696a1,85,2.75044,0.9186804,2.526775319376
60171.03076999774,bench:36f2cc2e1cf696a1,85,2.679,0.9184118,2.4604252121999997
60175.31312297797,bench:36f2cc2e1cf696a1,85,2.73258,0.918949,2.51110165842
60179.7360679775,bench:36f2cc2e1cf696a1,85,2.72365,0.918949,2.50289544385
60186.12145999214,bench:36f2cc2e1cf696a1,85,2.86653,0.928888,2.6626853186400004
60190.278202993795,bench:36f2cc2e1cf696a1,85,2.87546,0.9294252,2.6725249855919997
60196.81361198309,bench:36f2cc2e1cf696a1,85,2.72365,0.9186804,2.50216387146
60203.215317975264,bench:36f2cc2e1cf696a1,85,2.84867,0.9286194,2.645330226198
60207.47794897761,bench:36f2cc2e1cf696a1,85,2.84867,0.928888,2.64609537896
60211.68796898564,bench:36f2cc2e1cf696a1,85,2.8576,0.928888,2.6543903488000002
60215.80532399821,bench:36f2cc2e1cf696a1,85,2.88439,0.9283507,2.677725475573
60222.30873297667,bench:36f2cc2e1cf696a1,85,2.71472,0.918949,2.49468922928
60226.51510598371,bench:36f2cc2e1cf696a1,85,2.74151,0.9192177,2.520044516727
60230.72984800092,bench:36f2cc2e1cf696a1,85,2.74151,0.9186804,2.518571503404
60234.93334997329,bench:36f2cc2e1cf696a1,85,2.68793,0.9186804,2.469348607572
60239.10414899001,bench:36f2cc2e1cf696a1,85,2.73258,0.9184118,2.509633716444
60243.305835989304,bench:36f2cc2e1cf696a1,85,2.74151,0.9184118,2.517835133818
60247.55691198516,bench:36f2cc2e1cf696a1,85,2.74151,0.918949,2.51930787299
60253.41788199148,bench:36f2cc2e1cf696a1,85,2.84867,0.9291566,2.646860531722
60257.58049599244,bench:36f2cc2e1cf696a1,85,3.55414,0.928888,3.30139799632
60261.76934997784,bench:36f2cc2e1cf696a1,85,2.97369,0.9286194,2.761426223586
60265.96759297536,bench:36f2cc2e1cf696a1,85,2.8576,0.9291566,2.6551579001600003
60270.13315097429,bench:36f2cc2e1cf696a1,85,2.86653,0.928888,2.6626853186400004
60274.255486991024,bench:36f2cc2e1cf696a1,85,2.98262,0.928888,2.77051992656
60279.81621798244,bench:36f2cc2e1cf696a1,85,2.75937,0.918949,2.53572030213
60284.10746000009,bench:36f2cc2e1cf696a1,85,2.74151,0.9186804,2.518571503404
60290.543758979766,bench:36f2cc2e1cf696a1,85,2.83974,0.928888,2.63780040912
60294.71024297527,bench:36f2cc2e1cf696a1,85,2.87546,0.9280821,2.668662955266
60300.328806973994,bench:36f2cc2e1cf696a1,85,2.69686,0.9186804,2.477552423544
60304.542234982364,bench:36f2cc2e1cf696a1,85,2.77723,0.9192177,2.552878972971
60310.15441098134,bench:36f2cc2e1cf696a1,85,2.90225,0.9280821,2.693526274725
60314.41052397713,bench:36f2cc2e1cf696a1,85,2.88439,0.928888,2.67927525832
60319.93751498521,bench:36f2cc2e1cf696a1,85,2.72365,0.9197549,2.5050904333850004
60324.307089991635,bench:36f2cc2e1cf696a1,85,2.80402,0.9186804,2.5759982152079997
60330.64183298848,bench:36f2cc2e1cf696a1,85,2.84867,0.9286194,2.645330226198
60334.83172400156,bench:36f2cc2e1cf696a1,85,2.88439,0.9283507,2.677725475573
60338.96337499027,bench:36f2cc2e1cf696a1,85,2.87546,0.928888,2.67098028848
60345.47820998705,bench:36f2cc2e1cf696a1,85,2.73258,0.9108904,2.489080889232
60349.5912309736,bench:36f2cc2e1cf696a1,85,2.75044,0.9186804,2.526775319376
60353.78734499682,bench:36f2cc2e1cf696a1,85,2.73258,0.9173373,2.506697559234
60357.97027297667,bench:36f2cc2e1cf696a1,85,2.7683,0.9197549,2.54615748967
60363.566560001345,bench:36f2cc2e1cf696a1,85,2.92011,0.928888,2.71245513768
60367.7914509899,bench:36f2cc2e1cf696a1,85,2.89332,0.9283507,2.686015647324
60371.86165698222,bench:36f2cc2e1cf696a1,85,2.89332,0.9286194,2.686793082408
60375.93575299252,bench:36f2cc2e1cf696a1,85,2.89332,0.928888,2.6875702281600002
60382.42782899761,bench:36f2cc2e1cf696a1,85,2.75937,0.9192177,2.5364617448490003
60386.66199697764,bench:36f2cc2e1cf696a1,85,2.73258,0.918949,2.51110165842
60392.168544000015,bench:36f2cc2e1cf696a1,85,2.87546,0.9291566,2.671752637036
60396.38311997987,bench:36f2cc2e1cf696a1,85,2.83974,0.928888,2.63780040912
60400.44673497323,bench:36f2cc2e1cf696a1,85,2.90225,0.928888,2.6958651980000004
60404.61521898396,bench:36f2cc2e1cf696a1,85,2.86653,0.9283507,2.661145132071
60408.69264799403,bench:36f2cc2e1cf696a1,85,2.90225,0.928888,2.6958651980000004
60412.800928985234,bench:36f2cc2e1cf696a1,85,2.79509,0.9286194,2.595574798746
60416.90867199213,bench:36f2cc2e1cf696a1,85,2.86653,0.928888,2.6626853186400004
60421.04693397414,bench:36f2cc2e1cf696a1,85,2.87546,0.9283507,2.669435303822
60425.18528900109,bench:36f2cc2e1cf696a1,85,2.84867,0.928888,2.64609537896
60429.356216976885,bench:36f2cc2e1cf696a1,85,2.87546,0.9280821,2.668662955266
60433.425590978004,bench:36f2cc2e1cf696a1,85,3.06299,0.9275449,2.841060753251
60437.554648990044,bench:36f2cc2e1cf696a1,85,2.8576,0.9291566,2.6551579001600003
60441.72074398375,bench:36f2cc2e1cf696a1,85,2.92011,0.9304997,2.717161478967
60445.77983999625,bench:36f2cc2e1cf696a1,85,2.87546,0.9291566,2.671752637036
60449.922712985426,bench:36f2cc2e1cf696a1,85,2.88439,0.9286194,2.678500511166
60454.107158991974,bench:36f2cc2e1cf696a1,85,2.90225,0.928888,2.6958651980000004
60458.188273973064,bench:36f2cc2e1cf696a1,85,2.80402,0.9283507,2.603113929814
60462.29825797491,bench:36f2cc2e1cf696a1,85,2.87546,0.9286194,2.670207939924
60466.39468698413,bench:36f2cc2e1cf696a1,85,2.87546,0.9280821,2.668662955266
60470.48305999488,bench:36f2cc2e1cf696a1,85,2.90225,0.928888,2.6958651980000004
60474.53141599544,bench:36f2cc2e1cf696a1,85,2.87546,0.9280821,2.668662955266
60478.66928897565,bench:36f2cc2e1cf696a1,85,2.88439,0.9286194,2.678500511166
60482.868494989816,bench:36f2cc2e1cf696a1,85,2.92011,0.9283507,2.710886162577
60487.03558999114,bench:36f2cc2e1cf696a1,85,2.8576,0.9283507,2.65285496032
60491.17714798194,bench:36f2cc2e1cf696a1,85,2.91118,0.9286194,2.703378224892
60495.23931799922,bench:36f2cc2e1cf696a1,85,2.86653,0.9286194,2.661915368682
60499.33465398499,bench:36f2cc2e1cf696a1,85,2.88439,0.928888,2.67927525832
60503.473322984064,bench:36f2cc2e1cf696a1,85,2.89332,0.928888,2.6875702281600002
60507.6626779919,bench:36f2cc2e1cf696a1,85,2.91118,0.9294252,2.7057240537359997
60511.77621699753,bench:36f2cc2e1cf696a1,85,2.82188,0.9283507,2.619694273316
60515.91157200164,bench:36f2cc2e1cf696a1,85,2.86653,0.928888,2.6626853186400004
60520.04229699378,bench:36f2cc2e1cf696a1,85,2.91118,0.928888,2.70416016784
60524.24698398681,bench:36f2cc2e1cf696a1,85,2.87546,0.928888,2.67098028848
60528.332931979094,bench:36f2cc2e1cf696a1,85,2.90225,0.9291566,2.69664474235
60532.423323980765,bench:36f2cc2e1cf696a1,85,2.90225,0.928888,2.6958651980000004
60536.526307987515,bench:36f2cc2e1cf696a1,85,2.91118,0.9304997,2.708852116646
60540.584588976344,bench:36f2cc2e1cf696a1,85,2.92904,0.9283507,2.719176334328
60544.635184982326,bench:36f2cc2e1cf696a1,85,2.86653,0.9280821,2.660375182113
60548.77498399583,bench:36f2cc2e1cf696a1,85,2.92011,0.9283507,2.710886162577
60552.859542978695,bench:36f2cc2e1cf696a1,85,2.8576,0.9294252,2.65592545152
60557.00969399186,bench:36f2cc2e1cf696a1,85,2.91118,0.928888,2.70416016784
60561.163826001575,bench:36f2cc2e1cf696a1,85,2.90225,0.9294252,2.6974242867
60565.33669898636,bench:36f2cc2e1cf696a1,85,2.92904,0.928888,2.7207501075200002
60569.38983197324,bench:36f2cc2e1cf696a1,85,2.91118,0.9291566,2.704942110788
60573.496370983776,bench:36f2cc2e1cf696a1,85,2.88439,0.9294252,2.680824752628
60577.636281988816,bench:36f2cc2e1cf696a1,85,2.90225,0.9294252,2.6974242867
60581.78608000162,bench:36f2cc2e1cf696a1,85,2.8576,0.9286194,2.65362279744
60585.870897979476,bench:36f2cc2e1cf696a1,85,2.87546,0.9294252,2.6725249855919997
60590.03030799795,bench:36f2cc2e1cf696a1,85,2.89332,0.9291566,2.6883473739120003
60594.192976976046,bench:36f2cc2e1cf696a1,85,2.87546,0.9275449,2.667118258154
60598.345590988174,bench:36f2cc2e1cf696a1,85,2.90225,0.928888,2.6958651980000004
60602.48383399448,bench:36f2cc2e1cf696a1,85,2.92011,0.9291566,2.7132394792260004
60606.66526298155,bench:36f2cc2e1cf696a1,85,2.87546,0.9286194,2.670207939924
60610.80626497278,bench:36f2cc2e1cf696a1,85,2.91118,0.9278135,2.70103210493
60614.98956399737,bench:36f2cc2e1cf696a1,85,2.83081,0.9286194,2.628745083714
60619.24400998396,bench:36f2cc2e1cf696a1,85,2.86653,0.9283507,2.661145132071
60623.38171599549,bench:36f2cc2e1cf696a1,85,2.88439,0.928888,2.67927525832
60627.57994097774,bench:36f2cc2e1cf696a1,85,2.87546,0.9286194,2.670207939924
60634.09312698059,bench:36f2cc2e1cf696a1,85,2.75044,0.9186804,2.526775319376
60638.29274100135,bench:36f2cc2e1cf696a1,85,2.77723,0.9186804,2.5513867672919996
60642.49042799929,bench:36f2cc2e1cf696a1,85,2.75044,0.9186804,2.526775319376
60646.705818973714,bench:36f2cc2e1cf696a1,85,2.78616,0.9178746,2.557345495536
60650.883894995786,bench:36f2cc2e1cf696a1,85,2.7683,0.918949,2.5439265167
60655.16117497464,bench:36f2cc2e1cf696a1,85,2.70579,0.9186804,2.4857562395159998
60659.53961998457,bench:36f2cc2e1cf696a1,85,2.75044,0.9184118,2.526036551192
60666.11132398248,bench:36f2cc2e1cf696a1,85,2.8576,0.928888,2.6543903488000002
60670.337622985244,bench:36f2cc2e1cf696a1,85,2.89332,0.928888,2.6875702281600002
60674.55436498858,bench:36f2cc2e1cf696a1,85,2.92011,0.9294252,2.714023820772
60678.75107098371,bench:36f2cc2e1cf696a1,85,2.88439,0.928888,2.67927525832
60684.366506000515,bench:36f2cc2e1cf696a1,85,2.71472,0.9186804,2.4939600554879995
60688.72174798162,bench:36f2cc2e1cf696a1,85,2.75044,0.9197549,2.5297306671560005
60692.95932399109,bench:36f2cc2e1cf696a1,85,2.75937,0.9186804,2.534979135348
60698.582109995186,idle,85,2.74151,0.9192177,2.520044516727
60703.22120099445,idle,85,1.63419,0.918949,1.5017372663100002
60720.93266498996,idle,85,1.27699,0.8636134,1.102825675666
60729.68762999517,idle,85,2.18785,0.928888,2.0322676108
60736.3290929934,idle,85,1.38415,0.928888,1.2857203252
60752.03912900179,idle,85,1.36629,0.9283507,1.268396277903
60763.85641997331,bench:a58e20980b2741c5,86,5.28656,0.9280821,4.906361706576
60770.757954975124,bench:a58e20980b2741c5,86,5.13475,0.9294252,4.7723660457
60775.34347298206,bench:a58e20980b2741c5,86,4.80434,0.9326486,4.480760974924
60781.243904988514,bench:a58e20980b2741c5,86,5.29549,0.928888,4.91891711512
60785.53598097642,bench:a58e20980b2741c5,86,7.06363,0.9286194,6.559423852421999
60790.48397598672,bench:a58e20980b2741c5,86,4.92936,0.9291566,4.580147377776
60794.73638598574,bench:a58e20980b2741c5,86,4.05422,0.9280821,3.762649011462
60800.005767989205,bench:a58e20980b2741c5,86,4.00064,0.928888,3.71614648832
60805.422629986424,bench:a58e20980b2741c5,86,4.21496,0.9291566,3.916357902736
60815.58280499303,bench:a58e20980b2741c5,86,6.50997,0.9283507,6.0435352064789996
60829.48713397491,bench:a58e20980b2741c5,86,2.71472,0.931037,2.5275047646399997
60834.314482985064,bench:a58e20980b2741c5,86,7.69766,0.9278135,7.14199286641
60861.10514900065,bench:a58e20980b2741c5,86,7.62622,0.9264704,7.065467093888
60865.34889199538,bench:a58e20980b2741c5,86,3.59879,0.9286194,3.341906210526
60870.16740697436,bench:a58e20980b2741c5,86,5.39372,0.9291566,5.011610536552
60874.43133498891,bench:a58e20980b2741c5,86,7.072559,0.928888,6.569615184392
60881.867124990094,bench:a58e20980b2741c5,86,5.04545,0.9200235,4.641932568075
60887.54522599629,bench:a58e20980b2741c5,86,7.072559,0.9326486,6.5962122497674
60892.49077698332,bench:a58e20980b2741c5,86,7.072559,0.9275449,6.5601160303991
60896.71407599235,bench:a58e20980b2741c5,86,5.37586,0.9326486,5.013788302796001
60900.978391990066,bench:a58e20980b2741c5,86,7.01898,0.9283507,6.516074996286
60906.92200898775,bench:a58e20980b2741c5,86,7.68873,0.9280821,7.135772684732999
60911.19641799014,bench:a58e20980b2741c5,86,5.358,0.9299625,4.982739075
60916.34457898908,bench:a58e20980b2741c5,86,5.39372,0.9280821,5.005814984412
60922.19853098504,bench:a58e20980b2741c5,86,7.68873,0.9321114,7.166752884522
60926.420309988316,bench:a58e20980b2741c5,86,7.62622,0.9321114,7.108486600908
60932.35252000159,bench:a58e20980b2741c5,86,7.69766,0.9304997,7.162670320702
60938.187712978106,bench:a58e20980b2741c5,86,7.65301,0.9307683,7.123179107583
60942.462084,bench:a58e20980b2741c5,86,7.68873,0.9315742,7.162622498766
60947.754041000735,bench:a58e20980b2741c5,86,5.91166,0.9294252,5.494445777832
60952.08705999539,bench:a58e20980b2741c5,86,7.06363,0.9283507,6.557525855041
60957.15705497423,bench:a58e20980b2741c5,86,5.37586,0.9270077,4.983463614122
60963.10633898247,bench:a58e20980b2741c5,86,7.69766,0.9302311,7.1606027292259995
60970.414593000896,bench:a58e20980b2741c5,86,4.92936,0.9197549,4.533803013864
60980.1590119896,bench:a58e20980b2741c5,86,5.15261,0.9304997,4.794502059217001
60984.384939976735,bench:a58e20980b2741c5,86,5.40265,0.9326486,5.03877395879
60989.19484397629,bench:a58e20980b2741c5,86,6.45639,0.9286194,5.995529007966
60994.254394987365,bench:a58e20980b2741c5,86,5.41158,0.9286194,5.025298172652
61000.186252989806,bench:a58e20980b2741c5,86,7.63515,0.9294252,7.09630081578
61006.950974988285,bench:a58e20980b2741c5,86,5.13475,0.9194863,4.721332278925
61013.52328999201,bench:a58e20980b2741c5,86,5.17047,0.9294252,4.805565113844
61017.75127399014,bench:a58e20980b2741c5,86,3.69702,0.9291566,3.4351105333320002
61022.73910297663,bench:a58e20980b2741c5,86,4.36677,0.9291566,4.057413166182
61031.29016098683,bench:a58e20980b2741c5,86,5.01866,0.9184118,4.609196564187999
61037.93771698838,bench:a58e20980b2741c5,86,5.358,0.9291566,4.9784210628
61042.496827983996,bench:a58e20980b2741c5,86,4.21496,0.9286194,3.9140936262239996
61047.63000700041,bench:a58e20980b2741c5,86,5.4473,0.9302311,5.06724787103
61053.53060597554,bench:a58e20980b2741c5,86,7.73338,0.928888,7.183443881440001
61059.399205987575,bench:a58e20980b2741c5,86,7.76017,0.9270077,7.1937373433089995
61064.36638699961,bench:a58e20980b2741c5,86,4.06315,0.9299625,3.7785771318750005
61070.30402298551,bench:a58e20980b2741c5,86,7.0547,0.9280821,6.547340790870001
61080.04308998352,bench:a58e20980b2741c5,86,5.21512,0.9208294,4.802235820528
61087.1744939941,bench:a58e20980b2741c5,86,7.77803,0.923247,7.18104286341
61093.26860998408,bench:a58e20980b2741c5,86,7.77803,0.9304997,7.237454581591001
61097.540758986725,bench:a58e20980b2741c5,86,7.0547,0.9280821,6.547340790870001
61105.86846797378,bench:a58e20980b2741c5,86,7.322599,0.9194863,6.7330294608937
61111.28097798792,bench:a58e20980b2741c5,86,7.73338,0.9296938,7.1896754390440005
61116.40406597871,bench:a58e20980b2741c5,86,7.06363,0.9272762,6.549935984606
61121.42659799429,bench:a58e20980b2741c5,86,7.804819,0.9280821,7.243512807639901
61127.9838399787,bench:a58e20980b2741c5,86,5.32228,0.9173373,4.882325965044
61137.27655899129,bench:a58e20980b2741c5,86,5.51874,0.9294252,5.129256028248
61143.14245499554,bench:a58e20980b2741c5,86,7.76017,0.9280821,7.202074869956999
61147.56545500131,bench:a58e20980b2741c5,86,4.17924,0.9286194,3.880923341256
61154.873986990424,bench:a58e20980b2741c5,86,5.07224,0.9108904,4.620254722496
61160.66067898646,bench:a58e20980b2741c5,86,7.62622,0.9369466,7.145360899851999
61165.26938197785,bench:a58e20980b2741c5,86,4.99187,0.9283507,4.634206008809
61170.25880297297,bench:a58e20980b2741c5,86,3.82204,0.9291566,3.551273691464
61174.53341599321,bench:a58e20980b2741c5,86,7.70659,0.928888,7.158558971920001
61182.6748669846,bench:a58e20980b2741c5,86,6.54569,0.9286194,6.0784547203859995
61186.93860899657,bench:a58e20980b2741c5,86,7.77803,0.928888,7.224918730640001
61191.76371698268,bench:a58e20980b2741c5,86,7.77803,0.9280821,7.218650416263
61196.0276819882,bench:a58e20980b2741c5,86,7.0547,0.9326486,6.5795560784200005
61202.75364498957,bench:a58e20980b2741c5,86,7.38511,0.9197549,6.792491109539
61210.87052198709,bench:a58e20980b2741c5,86,5.43837,0.9296938,5.056018871106
61216.58962199581,bench:a58e20980b2741c5,86,7.08149,0.9286194,6.576008994905999
61222.558905981714,bench:a58e20980b2741c5,86,7.76017,0.9286194,7.206244409298
61232.342639996205,bench:a58e20980b2741c5,86,5.90273,0.9200235,5.430650314155
61236.9227129966,bench:a58e20980b2741c5,86,7.71552,0.9326486,7.195868926272
61241.211639979156,bench:a58e20980b2741c5,86,7.06363,0.9283507,6.557525855041
61246.26122799236,bench:a58e20980b2741c5,86,7.72445,0.93238,7.202122691
61252.074567979435,bench:a58e20980b2741c5,86,7.62622,0.9280821,7.077758272662
61258.01935198251,bench:a58e20980b2741c5,86,7.74231,0.9294252,7.195898020212
61262.90649699513,bench:a58e20980b2741c5,86,7.02791,0.9192177,6.4601792660070005
61271.22351998696,bench:a58e20980b2741c5,86,5.43837,0.9291566,5.053097378742
61279.53252498992,bench:a58e20980b2741c5,86,5.59911,0.928888,5.2009460896799995
61285.12534897891,bench:a58e20980b2741c5,86,7.70659,0.9280821,7.152348231039
61289.92349500186,bench:a58e20980b2741c5,86,7.06363,0.9304997,6.572705595911001
61296.140720980475,bench:a58e20980b2741c5,86,5.91166,0.9291566,5.492857905956001
61300.349500990706,bench:a58e20980b2741c5,86,7.61729,0.9291566,7.077655277613999
61304.79361198377,bench:a58e20980b2741c5,86,7.71552,0.9280821,7.160636004192
61310.02353099757,bench:a58e20980b2741c5,86,7.6798,0.9291566,7.13573685668
61319.53754500137,bench:a58e20980b2741c5,86,6.0724,0.9291566,5.64221053784
61325.157090992434,bench:a58e20980b2741c5,86,7.62622,0.9299625,7.09209861675
61332.34534598887,bench:a58e20980b2741c5,86,7.62622,0.9294252,7.088001048743999
61338.146112975664,bench:a58e20980b2741c5,86,7.69766,0.9326486,7.179211822276001
61344.03524899972,bench:a58e20980b2741c5,86,7.06363,0.928888,6.56132114344
61351.5238899854,bench:a58e20980b2741c5,86,7.06363,0.928888,6.56132114344
61359.66117499629,idle,86,7.64408,0.9299625,7.108707747
61363.95730599179,idle,86,1.73242,0.9283507,1.608293319694
61380.683462979505,idle,86,1.44666,0.8735522,1.263733025652
61386.12389899208,idle,86,1.44666,0.8732836,1.263344452776
61390.56262199301,idle,86,1.44666,0.8732836,1.263344452776
61407.57881398895,idle,86,1.18769,0.8182165,0.9717875548849999
61445.60184999136,bench:987a92bda02d288a,87,1.91102,0.8184852,1.564141586904
61474.800921976566,bench:987a92bda02d288a,87,2.97369,0.9283507,2.7606271930829998
61524.27126999828,bench:987a92bda02d288a,87,2.98262,0.928888,2.77051992656
61548.42436598847,bench:987a92bda02d288a,87,2.95583,0.9294252,2.747222888916
61574.03250498464,bench:987a92bda02d288a,87,2.97369,0.9286194,2.761426223586
61609.763855987694,bench:987a92bda02d288a,87,2.99155,0.928888,2.7788148964
61643.99968300131,bench:987a92bda02d288a,87,2.96476,0.928888,2.7539299868800002
61678.26721299207,bench:987a92bda02d288a,87,2.96476,0.9283507,2.752337021332
61717.62990497518,bench:987a92bda02d288a,87,2.95583,0.9280821,2.7432529136430004
61758.531286992365,bench:987a92bda02d288a,87,2.87546,0.9291566,2.671752637036
61787.77489598724,bench:987a92bda02d288a,87,2.8576,0.9283507,2.65285496032
61822.04111199826,bench:987a92bda02d288a,87,2.93797,0.9294252,2.730623354844
61865.383454976836,bench:987a92bda02d288a,87,2.97369,0.9294252,2.763822422988
61901.13154699793,bench:987a92bda02d288a,87,2.9469,0.9291566,2.73813158454
61941.93857899518,bench:987a92bda02d288a,87,2.96476,0.9286194,2.753133652344
61977.68017099588,bench:987a92bda02d288a,87,2.9469,0.9283507,2.73575667783
62018.50644298247,bench:987a92bda02d288a,87,2.93797,0.9291566,2.729834216102
62054.28781197406,bench:987a92bda02d288a,87,2.93797,0.928888,2.72904507736
62090.04494099645,bench:987a92bda02d288a,87,2.95583,0.9280821,2.7432529136430004
62124.33334099478,bench:987a92bda02d288a,87,2.9469,0.9286194,2.73654850986
62153.516266000224,bench:987a92bda02d288a,87,2.9469,0.9286194,2.73654850986
62194.32766697719,bench:987a92bda02d288a,87,2.95583,0.928888,2.74563501704
62230.05761098466,bench:987a92bda02d288a,87,2.93797,0.928888,2.72904507736
62269.39622897771,bench:987a92bda02d288a,87,2.97369,0.9286194,2.761426223586
62318.87211397407,bench:987a92bda02d288a,87,2.95583,0.9291566,2.7464289529780004
62358.1776029896,bench:987a92bda02d288a,87,2.92904,0.9283507,2.719176334328
62387.36560099642,bench:987a92bda02d288a,87,2.93797,0.9286194,2.728255938618
62416.52813597466,bench:987a92bda02d288a,87,2.93797,0.9294252,2.730623354844
62455.81116198446,bench:987a92bda02d288a,87,2.9469,0.928888,2.7373400472
62495.10624297545,bench:987a92bda02d288a,87,2.9469,0.928888,2.7373400472
62534.3907130009,bench:987a92bda02d288a,87,2.96476,0.928888,2.7539299868800002
62568.68168700021,bench:987a92bda02d288a,87,2.9469,0.9286194,2.73654850986
62602.946031984175,bench:987a92bda02d288a,87,2.93797,0.928888,2.72904507736
62632.14275299106,bench:987a92bda02d288a,87,2.9469,0.9286194,2.73654850986
62671.43085197313,bench:987a92bda02d288a,87,2.93797,0.928888,2.72904507736
62697.04032500158,bench:987a92bda02d288a,87,2.9469,0.9286194,2.73654850986
62742.93827699148,bench:987a92bda02d288a,87,2.80402,0.9280821,2.602360770042
62778.73697999166,bench:987a92bda02d288a,87,2.84867,0.9283507,2.644564788569
62823.16533298581,bench:987a92bda02d288a,87,2.9469,0.9286194,2.73654850986
62858.915738994256,bench:987a92bda02d288a,87,2.93797,0.9283507,2.7274665060789998
62902.21323198057,bench:987a92bda02d288a,87,2.93797,0.9286194,2.728255938618
62936.528705991805,bench:987a92bda02d288a,87,2.95583,0.928888,2.74563501704
62977.328625973314,bench:987a92bda02d288a,87,2.93797,0.9286194,2.728255938618
63010.85053299903,idle,87,2.9469,0.9286194,2.73654850986
63015.74241797789,idle,87,1.6967,0.928888,1.5760442696
63029.98741099145,idle,87,1.66991,0.9283507,1.550262117437
63040.858801978175,idle,87,2.56291,0.7223192,1.8512391008720002
63045.709965983406,idle,87,0.9912299,0.7223192,0.7159843883840801
63062.91926698759,idle,87,1.53596,0.9036377,1.387951361692
63075.727234972874,bench:9c0988673ae53940,88,4.61681,0.9047122,4.1768843320819995
63082.33342098538,bench:9c0988673ae53940,88,5.0008,0.9194863,4.5981670890399995
63086.68423598283,bench:9c0988673ae53940,88,3.95599,0.918949,3.63535305451
63092.33120799763,bench:9c0988673ae53940,88,5.59018,0.9291566,5.194152642188
63099.70562797389,bench:9c0988673ae53940,88,4.11673,0.9286194,3.8228753425619995
63107.19243600033,bench:9c0988673ae53940,88,5.19726,0.918949,4.77601687974
63115.69097699248,bench:9c0988673ae53940,88,5.93845,0.9315742,5.53210680799
63127.52330399235,bench:9c0988673ae53940,88,4.14352,0.9286194,3.8477530562879996
63131.8741759751,bench:9c0988673ae53940,88,5.39372,0.9278135,5.00436623122
63136.03686299757,bench:9c0988673ae53940,88,3.29517,0.9286194,3.059958788298
63149.736656981986,bench:9c0988673ae53940,88,6.49211,0.9192177,5.967662422347001
63154.195119976066,bench:9c0988673ae53940,88,6.90289,0.9294252,6.415719918828
63158.41147399624,bench:9c0988673ae53940,88,4.13459,0.928888,3.8405710359200005
63167.69700800069,bench:9c0988673ae53940,88,5.77771,0.9280821,5.362189229991
63172.15452599339,bench:9c0988673ae53940,88,4.13459,0.9283507,3.8383495207130003
63176.31873299251,bench:9c0988673ae53940,88,4.59895,0.9294252,4.27438002354
63180.44138298137,bench:9c0988673ae53940,88,4.14352,0.928888,3.8488660057599997
63187.62043499737,bench:9c0988673ae53940,88,4.14352,0.928888,3.8488660057599997
63195.75260797865,bench:9c0988673ae53940,88,5.99203,0.928888,5.56592476264
63200.099923997186,bench:9c0988673ae53940,88,4.14352,0.9286194,3.8477530562879996
63204.351702996064,bench:9c0988673ae53940,88,4.15245,0.928888,3.8571609756000003
63208.585889980895,bench:9c0988673ae53940,88,5.45623,0.9286194,5.0667610288619995
63212.76476298226,bench:9c0988673ae53940,88,4.41142,0.928888,4.0977151009599995
63216.99926498695,bench:9c0988673ae53940,88,4.2864,0.9286194,3.9804341961600005
63221.19302599458,bench:9c0988673ae53940,88,4.17031,0.9299625,3.878231913375
63225.420935981674,bench:9c0988673ae53940,88,4.17924,0.9286194,3.880923341256
63229.6138079837,bench:9c0988673ae53940,88,4.57216,0.9299625,4.251937344
63235.79558997881,bench:9c0988673ae53940,88,5.40265,0.9283507,5.015553909355
63240.02431400004,bench:9c0988673ae53940,88,5.41158,0.9291566,5.028205273428
63244.23413097975,bench:9c0988673ae53940,88,4.1971,0.9294252,3.9008905069199997
63248.45035598264,bench:9c0988673ae53940,88,4.16138,0.9291566,3.866573692108
63255.76414697571,bench:9c0988673ae53940,88,4.42928,0.9280821,4.110735483888001
63267.674491973594,bench:9c0988673ae53940,88,5.2687,0.9299625,4.8996934237500005
63275.58814900112,bench:9c0988673ae53940,88,5.61697,0.928888,5.217536029360001
63279.84389098128,bench:9c0988673ae53940,88,4.14352,0.9286194,3.8477530562879996
63284.11320698797,bench:9c0988673ae53940,88,6.483179,0.9296938,6.0273713205902
63291.571459994884,bench:9c0988673ae53940,88,5.42944,0.9296938,5.047716705471999
63295.784702990204,bench:9c0988673ae53940,88,4.21496,0.9283507,3.9129610664719996
63307.61710499064,bench:9c0988673ae53940,88,5.43837,0.9291566,5.053097378742
63315.62344598933,bench:9c0988673ae53940,88,5.358,0.9291566,4.9784210628
63319.87033598125,bench:9c0988673ae53940,88,5.92952,0.9296938,5.512637980976
63324.50029798201,bench:9c0988673ae53940,88,5.48302,0.9291566,5.094584220932
63331.530146999285,bench:9c0988673ae53940,88,5.509809,0.9326486,5.1387156501174
63339.706411992665,bench:9c0988673ae53940,88,5.48302,0.9291566,5.094584220932
63345.075941993855,bench:9c0988673ae53940,88,6.89396,0.9294252,6.4074201517919995
63355.576909991214,bench:9c0988673ae53940,88,5.59911,0.9280821,5.1964337669309995
63367.587958986405,bench:9c0988673ae53940,88,5.52767,0.9291566,5.1360710631219995
63375.726242986275,bench:9c0988673ae53940,88,6.6975,0.9283507,6.217628813249999
63383.7255279941,bench:9c0988673ae53940,88,4.17031,0.9283507,3.871510207717
63391.562777978834,bench:9c0988673ae53940,88,5.59911,0.9280821,5.1964337669309995
63395.73839097284,bench:9c0988673ae53940,88,4.15245,0.9326486,3.8727766790700002
63407.56807097932,bench:9c0988673ae53940,88,5.40265,0.9286194,5.01700560141
63415.687632979825,bench:9c0988673ae53940,88,4.17031,0.9286194,3.8726307700139997
63423.72099199565,bench:9c0988673ae53940,88,6.77787,0.9294252,6.299523180324
63431.53246399015,bench:9c0988673ae53940,88,5.25084,0.9291566,4.878852641544
63443.59884597361,bench:9c0988673ae53940,88,6.00096,0.9299625,5.580667764
63455.593060993124,bench:9c0988673ae53940,88,5.358,0.9280821,4.9726638918
63459.85411797301,bench:9c0988673ae53940,88,5.51874,0.928888,5.126291361120001
63471.591297973646,bench:9c0988673ae53940,88,5.39372,0.9286194,5.008713030168
63479.82408199459,bench:9c0988673ae53940,88,5.36693,0.9294252,4.988159988635999
63487.589201977244,bench:9c0988673ae53940,88,5.143679,0.9280821,4.7737564080459
63499.592880980344,bench:9c0988673ae53940,88,6.49211,0.9291566,6.0321868544260004
63511.587224988034,bench:9c0988673ae53940,88,6.0724,0.9294252,5.64384158448
63519.76021297742,bench:9c0988673ae53940,88,5.92059,0.9302311,5.507516948349
63523.96060398314,bench:9c0988673ae53940,88,5.93845,0.9291566,5.5177500112699995
63528.541565989144,bench:9c0988673ae53940,88,5.22405,0.9302311,4.859573777955
63535.55980397505,bench:9c0988673ae53940,88,5.48302,0.9270077,5.082801759254
63543.69166199467,bench:9c0988673ae53940,88,5.92059,0.9304997,5.509107218823
63548.326030984754,bench:9c0988673ae53940,88,5.29549,0.9286194,4.917494746506
63559.59632698796,bench:9c0988673ae53940,88,5.92059,0.9294252,5.502745544868
63566.084790974855,bench:9c0988673ae53940,88,5.91166,0.9202922,5.440454587052001
63575.68213698687,bench:9c0988673ae53940,88,6.88503,0.9299625,6.402819711375001
63583.72227399377,bench:9c0988673ae53940,88,6.786799,0.9291566,6.305999083723401
63588.04762698128,bench:9c0988673ae53940,88,5.42944,0.9283507,5.040424424607999
63595.69680399727,bench:9c0988673ae53940,88,5.304419,0.9291566,4.9286359230154
63607.56818699883,bench:9c0988673ae53940,88,5.6259,0.9304997,5.23489826223
63615.44504799531,bench:9c0988673ae53940,88,5.63483,0.928888,5.23412596904
63620.63007897814,bench:9c0988673ae53940,88,5.92059,0.9286194,5.497974733446
63626.22897699475,bench:9c0988673ae53940,88,6.61713,0.9184118,6.077250274134
63631.53646999854,bench:9c0988673ae53940,88,5.32228,0.9194863,4.893763544764
63639.09601798514,bench:9c0988673ae53940,88,6.911819,0.9283507,6.4165920069233
63643.48920399789,bench:9c0988673ae53940,88,5.91166,0.928888,5.49127003408
63651.59354399657,bench:9c0988673ae53940,88,5.34907,0.928888,4.968686934160001
63659.52940398711,bench:9c0988673ae53940,88,5.67948,0.9286194,5.274075309912
63667.81287197955,idle,88,5.55446,0.9286194,5.157979312524
63672.08726197714,idle,88,1.73242,0.928888,1.60922414896
63689.67581997276,idle,88,1.44666,0.873015,1.2629558799
63697.58186599938,idle,88,1.01802,0.7220506,0.735061951812
63704.81576799648,idle,88,1.33057,0.8488392,1.129439974344
63720.408656983636,idle,88,1.24127,0.8483019,1.052971699413
63731.25878899009,bench:3ebc81b001907a26,89,4.35784,0.9286194,4.046774766096
63745.478578988696,bench:3ebc81b001907a26,89,5.02759,0.928888,4.67006801992
63755.524551001145,bench:3ebc81b001907a26,89,5.43837,0.928888,5.05163663256
63763.47616998828,bench:3ebc81b001907a26,89,5.63483,0.9291566,5.235639484378
63771.515639993595,bench:3ebc81b001907a26,89,5.42944,0.9294252,5.046258357887999
63779.661943000974,bench:3ebc81b001907a26,89,5.42051,0.9286194,5.033590743894
63787.62237698538,bench:3ebc81b001907a26,89,5.42944,0.928888,5.04334166272
63794.29748799885,bench:3ebc81b001907a26,89,5.79557,0.928888,5.38343542616
63798.32638098742,bench:3ebc81b001907a26,89,2.73258,0.928888,2.53826077104
63802.311458974145,bench:3ebc81b001907a26,89,4.57216,0.9280821,4.243339854336
63806.23477799236,bench:3ebc81b001907a26,89,4.14352,0.9280821,3.845526742992
63810.144633986056,bench:3ebc81b001907a26,89,4.15245,0.9291566,3.85827632367
63814.12530498346,bench:3ebc81b001907a26,89,4.29533,0.928888,3.9898804930400003
63823.569744999986,bench:3ebc81b001907a26,89,5.5366,0.928888,5.1428813008
63827.64452599804,bench:3ebc81b001907a26,89,5.64376,0.9299625,5.248485159
63839.5691489859,bench:3ebc81b001907a26,89,5.64376,0.9291566,5.243936852816001
63843.915612989804,bench:3ebc81b001907a26,89,5.94738,0.9291566,5.526047379708
63848.237039987,bench:3ebc81b001907a26,89,5.64376,0.9294252,5.245452766752
63855.27905597701,bench:3ebc81b001907a26,89,5.46516,0.928888,5.07652154208
63859.597334987484,bench:3ebc81b001907a26,89,5.474089,0.9304997,5.093638172273301
63863.85402097949,bench:3ebc81b001907a26,89,5.50088,0.928888,5.1097014214400005
63867.81100698863,bench:3ebc81b001907a26,89,5.92952,0.9291566,5.5094526428320005
63883.56572799967,bench:3ebc81b001907a26,89,5.54553,0.9291566,5.152665799998
63887.927598989336,bench:3ebc81b001907a26,89,5.509809,0.9294252,5.120955331786799
63895.256278978195,bench:3ebc81b001907a26,89,5.63483,0.928888,5.23412596904
63903.57778398902,bench:3ebc81b001907a26,89,5.52767,0.9304997,5.143495276699
63914.901300973725,bench:3ebc81b001907a26,89,5.50088,0.9286194,5.108223885072
63918.96189699764,bench:3ebc81b001907a26,89,4.18817,0.928888,3.8903408549600007
63927.58058497566,bench:3ebc81b001907a26,89,5.4473,0.9294252,5.06285789196
63931.84427099186,bench:3ebc81b001907a26,89,5.92952,0.9286194,5.506267304688
63936.071976990206,bench:3ebc81b001907a26,89,4.21496,0.928888,3.9152257644799997
63940.104294975754,bench:3ebc81b001907a26,89,4.20603,0.9286194,3.905801054982
63944.02726300177,bench:3ebc81b001907a26,89,4.25068,0.9283507,3.946121753476
63947.953119000886,bench:3ebc81b001907a26,89,4.59895,0.9291566,4.273144745570001
63951.85158698587,bench:3ebc81b001907a26,89,4.22389,0.9296938,3.926924344882
63955.818182992516,bench:3ebc81b001907a26,89,4.17924,0.928888,3.88204588512
63959.757484000875,bench:3ebc81b001907a26,89,4.31319,0.9294252,4.008787478387999
63963.75148798688,bench:3ebc81b001907a26,89,4.1971,0.9291566,3.89976316586
63967.67806599382,bench:3ebc81b001907a26,89,4.30426,0.9294252,4.000487711352
63971.66931099491,bench:3ebc81b001907a26,89,4.16138,0.928888,3.8654559454400004
63975.60698198504,bench:3ebc81b001907a26,89,4.32212,0.9294252,4.017087245423999
63979.54352298984,bench:3ebc81b001907a26,89,4.15245,0.928888,3.8571609756000003
63983.55587897822,bench:3ebc81b001907a26,89,4.31319,0.9294252,4.008787478387999
63987.521826988086,bench:3ebc81b001907a26,89,4.16138,0.928888,3.8654559454400004
63991.44070199691,bench:3ebc81b001907a26,89,4.17031,0.9286194,3.8726307700139997
63995.476427982794,bench:3ebc81b001907a26,89,4.14352,0.9291566,3.849978955232
63999.39435799024,bench:3ebc81b001907a26,89,4.25068,0.9294252,3.950689109136
64003.40534397401,bench:3ebc81b001907a26,89,4.16138,0.9286194,3.8643381987720002
64007.3890700005,bench:3ebc81b001907a26,89,4.17031,0.9286194,3.8726307700139997
64011.39649999095,bench:3ebc81b001907a26,89,4.15245,0.928888,3.8571609756000003
64015.38370698108,bench:3ebc81b001907a26,89,4.15245,0.928888,3.8571609756000003
64019.33550799731,bench:3ebc81b001907a26,89,4.15245,0.928888,3.8571609756000003
64023.39095500065,bench:3ebc81b001907a26,89,4.15245,0.928888,3.8571609756000003
64027.39540397306,bench:3ebc81b001907a26,89,4.20603,0.928888,3.9069307946400005
64031.37257398339,bench:3ebc81b001907a26,89,4.15245,0.928888,3.8571609756000003
64035.3607449797,bench:3ebc81b001907a26,89,4.20603,0.9294252,3.909190273956
64039.334674977,bench:3ebc81b001907a26,89,4.03636,0.928888,3.74932636768
64043.28614199767,bench:3ebc81b001907a26,89,3.9292,0.9291566,3.65084211272
64051.48498099879,bench:3ebc81b001907a26,89,5.51874,0.928888,5.126291361120001
64055.678094999166,bench:3ebc81b001907a26,89,5.50088,0.9326486,5.1303880307680005
64063.51562199416,bench:3ebc81b001907a26,89,5.51874,0.9304997,5.135185914378001
64071.534258982865,bench:3ebc81b001907a26,89,5.78664,0.9286194,5.373586164816
64079.57411798998,bench:3ebc81b001907a26,89,5.54553,0.9326486,5.172030790758001
64087.50231197337,bench:3ebc81b001907a26,89,5.491949,0.9291566,5.1028806602134
64091.65535098873,bench:3ebc81b001907a26,89,5.6259,0.9291566,5.22734211594
64099.55258198897,bench:3ebc81b001907a26,89,5.64376,0.928888,5.2424209388800005
64107.26155497832,bench:3ebc81b001907a26,89,5.50088,0.9291566,5.111178957808001
64115.520411985926,bench:3ebc81b001907a26,89,5.54553,0.928888,5.151176270640001
64123.51901299553,bench:3ebc81b001907a26,89,5.50088,0.9286194,5.108223885072
64131.243818992516,bench:3ebc81b001907a26,89,5.96524,0.928888,5.54103985312
64135.67076297477,bench:3ebc81b001907a26,89,5.66162,0.9291566,5.260531589692
64143.53147597285,bench:3ebc81b001907a26,89,5.93845,0.9286194,5.51455987593
64155.56750597898,bench:3ebc81b001907a26,89,5.4473,0.9283507,5.05700476811
64159.622156992555,bench:3ebc81b001907a26,89,5.50088,0.9280821,5.105268262248001
64163.88626999105,bench:3ebc81b001907a26,89,5.50088,0.928888,5.1097014214400005
64167.87155199563,bench:3ebc81b001907a26,89,5.50088,0.9280821,5.105268262248001
64175.50495098112,bench:3ebc81b001907a26,89,5.64376,0.928888,5.2424209388800005
64183.515532989986,bench:3ebc81b001907a26,89,5.48302,0.9283507,5.090165455114
64191.518613981316,bench:3ebc81b001907a26,89,5.78664,0.9286194,5.373586164816
64199.52384399949,bench:3ebc81b001907a26,89,5.64376,0.9286194,5.240905024944
64207.51092597493,bench:3ebc81b001907a26,89,5.50088,0.928888,5.1097014214400005
64211.57987398328,bench:3ebc81b001907a26,89,5.64376,0.9294252,5.245452766752
64219.52825199696,bench:3ebc81b001907a26,89,5.64376,0.9286194,5.240905024944
64227.49696398387,bench:3ebc81b001907a26,89,5.92952,0.9294252,5.511045311904
64231.65281797992,bench:3ebc81b001907a26,89,5.55446,0.9294252,5.162455096392
64239.54312299611,bench:3ebc81b001907a26,89,5.79557,0.928888,5.38343542616
64247.53305700142,bench:3ebc81b001907a26,89,5.64376,0.928888,5.2424209388800005
64255.522415973246,bench:3ebc81b001907a26,89,5.45623,0.9291566,5.0696921156179995
64263.53494200157,bench:3ebc81b001907a26,89,5.50088,0.9294252,5.112656494176
64267.65940798214,bench:3ebc81b001907a26,89,5.64376,0.9280821,5.237872632696001
64275.49537998857,bench:3ebc81b001907a26,89,5.52767,0.9283507,5.131616313868999
64283.54721999494,bench:3ebc81b001907a26,89,5.509809,0.9280821,5.1135551073189
64291.50182098965,bench:3ebc81b001907a26,89,5.804499,0.9286194,5.3901703786806
64299.57066097995,bench:3ebc81b001907a26,89,5.50088,0.9286194,5.108223885072
64307.53292798181,bench:3ebc81b001907a26,89,5.6259,0.9286194,5.22431988246
64315.552639978705,bench:3ebc81b001907a26,89,5.48302,0.928888,5.09311148176
64324.08580899937,idle,89,5.67948,0.9286194,5.274075309912
64328.60406799591,idle,89,1.75921,0.9286194,1.6336365346739998
64342.85415397608,idle,89,1.72349,0.9283507,1.600003147943
64350.16670398181,idle,89,3.13443,0.8182165,2.564642344095
64355.955896986416,idle,89,1.23234,0.8182165,1.00832092161
64370.72629199247,idle,89,1.20555,0.8182165,0.9864009015749999
64383.57374098268,bench:333125fdf96a93cb,90,2.78616,0.7225879,2.013245503464
64395.55027100141,bench:333125fdf96a93cb,90,4.44714,0.8738209,3.886003877226
64401.45540799131,bench:333125fdf96a93cb,90,5.39372,0.9291566,5.011610536552
64411.17260497413,bench:333125fdf96a93cb,90,5.66162,0.9294252,5.262052300824
64419.12659397349,bench:333125fdf96a93cb,90,5.7152,0.928888,5.3087806976000005
64423.56659399229,bench:333125fdf96a93cb,90,5.70627,0.9291566,5.302018431882
64427.777632983634,bench:333125fdf96a93cb,90,4.1078,0.9291566,3.8167894814800003
64431.67989698122,bench:333125fdf96a93cb,90,4.1971,0.928888,3.8986358248
64435.54895799025,bench:333125fdf96a93cb,90,4.17924,0.928888,3.88204588512
64439.44077700144,bench:333125fdf96a93cb,90,4.44714,0.9283507,4.128505531998
64443.56433599023,bench:333125fdf96a93cb,90,4.14352,0.9291566,3.849978955232
64447.72465300048,bench:333125fdf96a93cb,90,5.45623,0.928888,5.06822657224
64455.63845697325,bench:333125fdf96a93cb,90,5.509809,0.928888,5.117995462392
64463.5486319894,bench:333125fdf96a93cb,90,5.65269,0.9291566,5.252234221254
64475.56962497765,bench:333125fdf96a93cb,90,5.58125,0.928888,5.18435615
64483.52735498338,bench:333125fdf96a93cb,90,5.69734,0.9291566,5.293721063444
64495.49557099817,bench:333125fdf96a93cb,90,5.59911,0.928888,5.2009460896799995
64499.55712998053,bench:333125fdf96a93cb,90,5.67948,0.9291566,5.277126326568
64503.828112996416,bench:333125fdf96a93cb,90,4.14352,0.928888,3.8488660057599997
64507.70793197444,bench:333125fdf96a93cb,90,4.24175,0.928888,3.940110674
64515.61103298445,bench:333125fdf96a93cb,90,5.822359,0.9291566,5.4098832924194
64519.76305397693,bench:333125fdf96a93cb,90,4.14352,0.928888,3.8488660057599997
64523.68170698173,bench:333125fdf96a93cb,90,2.99155,0.9286194,2.77801136607
64527.5400269893,bench:333125fdf96a93cb,90,3.49163,0.928888,3.24333320744
64535.51725699799,bench:333125fdf96a93cb,90,5.46516,0.928888,5.07652154208
64543.59150497476,bench:333125fdf96a93cb,90,5.7152,0.928888,5.3087806976000005
64547.792709985515,bench:333125fdf96a93cb,90,5.87594,0.9286194,5.456511877236
64555.607756978134,bench:333125fdf96a93cb,90,4.1971,0.9286194,3.89750848374
64563.57980199391,bench:333125fdf96a93cb,90,5.52767,0.9291566,5.1360710631219995
64567.58895298117,bench:333125fdf96a93cb,90,5.7152,0.9326486,5.330273278720001
64571.56290198327,bench:333125fdf96a93cb,90,5.67948,0.9294252,5.278651834895999
64575.76468199841,bench:333125fdf96a93cb,90,4.18817,0.928888,3.8903408549600007
64583.59713497339,bench:333125fdf96a93cb,90,5.5366,0.9291566,5.14436843156
64591.54695799225,bench:333125fdf96a93cb,90,5.67948,0.9280821,5.271023725308
64595.70640500169,bench:333125fdf96a93cb,90,5.51874,0.928888,5.126291361120001
64599.85359298298,bench:333125fdf96a93cb,90,5.75092,0.9299625,5.3481399405
64607.539232994895,bench:333125fdf96a93cb,90,5.5366,0.9294252,5.1458555623199995
64615.49198097782,bench:333125fdf96a93cb,90,5.7152,0.9294252,5.31185090304
64623.54245199822,bench:333125fdf96a93cb,90,5.67948,0.9291566,5.277126326568
64631.5378669824,bench:333125fdf96a93cb,90,5.64376,0.9294252,5.245452766752
64639.48878197698,bench:333125fdf96a93cb,90,5.75092,0.9291566,5.343505274072
64647.53778898739,bench:333125fdf96a93cb,90,5.64376,0.9294252,5.245452766752
64655.51151899854,bench:333125fdf96a93cb,90,5.64376,0.9286194,5.240905024944
64663.11873399536,bench:333125fdf96a93cb,90,5.87594,0.9294252,5.461246709688
64667.595159990015,bench:333125fdf96a93cb,90,5.85808,0.928888,5.4415002150400005
64675.523204990895,bench:333125fdf96a93cb,90,5.64376,0.9294252,5.245452766752
64683.52258298546,bench:333125fdf96a93cb,90,5.66162,0.928888,5.259010878560001
64691.47890599561,bench:333125fdf96a93cb,90,5.51874,0.9294252,5.129256028248
64699.48032099637,bench:333125fdf96a93cb,90,5.84915,0.9286194,5.43163416351
64707.530438987305,bench:333125fdf96a93cb,90,5.91166,0.9286194,5.489682162204001
64715.53979898454,bench:333125fdf96a93cb,90,5.64376,0.9286194,5.240905024944
64723.531324998476,bench:333125fdf96a93cb,90,5.5366,0.9291566,5.14436843156
64731.48481399403,bench:333125fdf96a93cb,90,5.40265,0.9286194,5.01700560141
64739.522617979674,bench:333125fdf96a93cb,90,5.67948,0.9294252,5.278651834895999
64747.530569991795,bench:333125fdf96a93cb,90,5.57232,0.9294252,5.179054630464
64755.479004001245,bench:333125fdf96a93cb,90,5.63483,0.9286194,5.232612453702
64763.49956699414,bench:333125fdf96a93cb,90,5.51874,0.9291566,5.1277736946840005
64771.525444986764,bench:333125fdf96a93cb,90,5.63483,0.9286194,5.232612453702
64779.485785984434,bench:333125fdf96a93cb,90,5.64376,0.9294252,5.245452766752
64786.25996998744,bench:333125fdf96a93cb,90,5.46516,0.9294252,5.079457426032
64793.61924299155,bench:333125fdf96a93cb,90,5.81343,0.9291566,5.401586853138
64802.98247997416,bench:333125fdf96a93cb,90,5.54553,0.9291566,5.152665799998
64807.59201498586,bench:333125fdf96a93cb,90,5.76878,0.9291566,5.360100010948
64811.56862998614,bench:333125fdf96a93cb,90,4.92936,0.928888,4.5788233516800005
64815.520652977284,bench:333125fdf96a93cb,90,4.31319,0.9286194,4.005311909885999
64823.16927498323,bench:333125fdf96a93cb,90,5.73306,0.9291566,5.326910537196
64827.595145994565,bench:333125fdf96a93cb,90,5.68841,0.9294252,5.2869516019319995
64835.59617199353,bench:333125fdf96a93cb,90,4.21496,0.928888,3.9152257644799997
64843.58360499027,bench:333125fdf96a93cb,90,5.54553,0.928888,5.151176270640001
64847.87440299988,bench:333125fdf96a93cb,90,5.67948,0.9280821,5.271023725308
64852.10694198031,bench:333125fdf96a93cb,90,5.67948,0.928888,5.27560081824
64859.166419977555,bench:333125fdf96a93cb,90,5.8938,0.928888,5.4746800944
64863.597660994856,bench:333125fdf96a93cb,90,5.51874,0.9283507,5.123326142118
64867.79953399673,bench:333125fdf96a93cb,90,5.76878,0.9291566,5.360100010948
64872.00199899962,bench:333125fdf96a93cb,90,5.87594,0.9291566,5.459668432204
64883.25479399646,bench:333125fdf96a93cb,90,5.5366,0.928888,5.1428813008
64887.5926839828,bench:333125fdf96a93cb,90,5.78664,0.9291566,5.376694747824001
64899.554695992265,bench:333125fdf96a93cb,90,5.822359,0.9291566,5.4098832924194
64903.75536499778,bench:333125fdf96a93cb,90,5.64376,0.9294252,5.245452766752
64907.665331993485,bench:333125fdf96a93cb,90,5.67948,0.9291566,5.277126326568
64911.89398197457,bench:333125fdf96a93cb,90,5.822359,0.9291566,5.4098832924194
64919.550677994266,bench:333125fdf96a93cb,90,5.92952,0.9291566,5.5094526428320005
64923.74406897579,bench:333125fdf96a93cb,90,5.54553,0.9291566,5.152665799998
64927.96392299351,bench:333125fdf96a93cb,90,5.65269,0.9294252,5.253752533787999
64931.877889990574,bench:333125fdf96a93cb,90,5.73306,0.9291566,5.326910537196
64936.061595974024,bench:333125fdf96a93cb,90,5.822359,0.9294252,5.411447178046799
64939.96993399924,bench:333125fdf96a93cb,90,4.18817,0.9283507,3.8880905512190003
64951.53596799355,bench:333125fdf96a93cb,90,5.84915,0.9294252,5.43634740858
64959.21425599954,bench:333125fdf96a93cb,90,5.74199,0.9286194,5.3321233086060005
64963.57288598665,bench:333125fdf96a93cb,90,5.67055,0.9294252,5.27035206786
64971.53089399217,bench:333125fdf96a93cb,90,5.509809,0.9286194,5.1165155276946
64976.98929297621,idle,90,5.67055,0.928888,5.2673058484
64981.49097798159,idle,90,1.74135,0.928888,1.6175191188
64998.9691109804,idle,90,1.5181,0.8891322,1.3497915928200002
65006.85267499648,idle,90,1.04481,0.7225879,0.7549670637989999
65014.050466998015,idle,90,1.25913,0.8327221,1.048505377773
65029.744225990726,idle,90,1.25913,0.8332592,1.0491816564960001
65039.50136699132,bench:441cb9caf63048db,91,3.60772,0.8332592,3.0061658810239997
65051.53067398351,bench:441cb9caf63048db,91,4.59895,0.8896694,4.09154508713
65055.59888097923,bench:441cb9caf63048db,91,3.00048,0.9296938,2.7895276530240003
65063.51340797846,bench:441cb9caf63048db,91,5.491949,0.9294252,5.1043557977148
65071.24893600121,bench:441cb9caf63048db,91,5.50088,0.9291566,5.111178957808001
65075.22705098381,bench:441cb9caf63048db,91,2.68793,0.928888,2.4967859218400004
65079.22964799218,bench:441cb9caf63048db,91,3.28624,0.928888,3.05254890112
65087.524726986885,bench:441cb9caf63048db,91,5.50088,0.9291566,5.111178957808001
65091.84659898165,bench:441cb9caf63048db,91,5.46516,0.9291566,5.077989484056
65099.299517984036,bench:441cb9caf63048db,91,5.48302,0.9326486,5.113730926772
65103.616223001154,bench:441cb9caf63048db,91,5.57232,0.9286194,5.174564455008
65107.83587300102,bench:441cb9caf63048db,91,5.46516,0.9291566,5.077989484056
65111.86385797919,bench:441cb9caf63048db,91,5.491949,0.928888,5.1014055227120005
65116.097470978275,bench:441cb9caf63048db,91,5.45623,0.9294252,5.0711576589959995
65120.17706700135,bench:441cb9caf63048db,91,5.474089,0.9326486,5.105401442125401
65127.5143949897,bench:441cb9caf63048db,91,5.51874,0.9294252,5.129256028248
65135.54603199009,bench:441cb9caf63048db,91,5.509809,0.9294252,5.120955331786799
65139.692274999106,bench:441cb9caf63048db,91,5.50088,0.928888,5.1097014214400005
65147.56724698236,bench:441cb9caf63048db,91,5.509809,0.928888,5.117995462392
65155.558402999304,bench:441cb9caf63048db,91,5.50088,0.9291566,5.111178957808001
65163.61165099079,bench:441cb9caf63048db,91,5.59018,0.928888,5.192651119840001
65167.744078993564,bench:441cb9caf63048db,91,4.1971,0.9294252,3.9008905069199997
65171.830026985845,bench:441cb9caf63048db,91,4.20603,0.928888,3.9069307946400005
65175.79436398228,bench:441cb9caf63048db,91,4.1971,0.928888,3.8986358248
65179.83066398301,bench:441cb9caf63048db,91,4.20603,0.928888,3.9069307946400005
65183.77735299873,bench:441cb9caf63048db,91,4.18817,0.9291566,3.891465797422
65187.75033898419,bench:441cb9caf63048db,91,4.1971,0.928888,3.8986358248
65191.80682397564,bench:441cb9caf63048db,91,5.07224,0.928888,4.7115428691200005
65195.846197981155,bench:441cb9caf63048db,91,4.24175,0.9280821,3.936692247675
65199.77764599025,bench:441cb9caf63048db,91,4.18817,0.928888,3.8903408549600007
65203.74598397757,bench:441cb9caf63048db,91,4.20603,0.9283507,3.904670894721
65207.67150699976,bench:441cb9caf63048db,91,4.22389,0.9291566,3.9246552711739997
65211.607695993735,bench:441cb9caf63048db,91,4.18817,0.928888,3.8903408549600007
65215.576959977625,bench:441cb9caf63048db,91,4.1971,0.9286194,3.89750848374
65219.62992599583,bench:441cb9caf63048db,91,4.20603,0.9286194,3.905801054982
65223.61085598823,bench:441cb9caf63048db,91,4.45607,0.9291566,4.140386850562001
65227.560415980406,bench:441cb9caf63048db,91,4.21496,0.9291566,3.916357902736
65231.53977197944,bench:441cb9caf63048db,91,4.18817,0.928888,3.8903408549600007
65235.483071999624,bench:441cb9caf63048db,91,4.21496,0.9283507,3.9129610664719996
65239.461520977784,bench:441cb9caf63048db,91,4.20603,0.9291566,3.908060534298
65243.38796897791,bench:441cb9caf63048db,91,4.42928,0.928888,4.114305040640001
65247.36604699865,bench:441cb9caf63048db,91,4.18817,0.9291566,3.891465797422
65251.276644994505,bench:441cb9caf63048db,91,4.1971,0.9286194,3.89750848374
65255.188833980355,bench:441cb9caf63048db,91,4.18817,0.928888,3.8903408549600007
65259.119782975176,bench:441cb9caf63048db,91,4.1971,0.928888,3.8986358248
65263.06430599652,bench:441cb9caf63048db,91,4.20603,0.928888,3.9069307946400005
65266.9536259782,bench:441cb9caf63048db,91,4.18817,0.928888,3.8903408549600007
65275.557738990756,bench:441cb9caf63048db,91,5.46516,0.9291566,5.077989484056
65287.59012097726,bench:441cb9caf63048db,91,5.491949,0.9294252,5.1043557977148
65291.96050998871,bench:441cb9caf63048db,91,5.46516,0.9280821,5.072117169636
65296.01029198966,bench:441cb9caf63048db,91,5.48302,0.9304997,5.101948465094
65307.58549197344,bench:441cb9caf63048db,91,5.6259,0.9283507,5.22280820313
65311.70625399682,bench:441cb9caf63048db,91,4.18817,0.9286194,3.8892159124980004
65319.60048398469,bench:441cb9caf63048db,91,4.1971,0.928888,3.8986358248
65323.855467984686,bench:441cb9caf63048db,91,4.1971,0.928888,3.8986358248
65327.8686379781,bench:441cb9caf63048db,91,4.6436,0.928888,4.313384316800001
65331.8883079919,bench:441cb9caf63048db,91,4.18817,0.9286194,3.8892159124980004
65335.84490499925,bench:441cb9caf63048db,91,4.20603,0.9283507,3.904670894721
65339.83520499896,bench:441cb9caf63048db,91,4.32212,0.9280821,4.011282206052
65343.78057997674,bench:441cb9caf63048db,91,4.20603,0.928888,3.9069307946400005
65347.719639976276,bench:441cb9caf63048db,91,4.20603,0.928888,3.9069307946400005
65351.73016198678,bench:441cb9caf63048db,91,4.32212,0.928888,4.01476540256
65355.63951797667,bench:441cb9caf63048db,91,4.20603,0.928888,3.9069307946400005
65359.56670797896,bench:441cb9caf63048db,91,4.58109,0.9286194,4.254089047146
65363.49786099163,bench:441cb9caf63048db,91,4.42928,0.9286194,4.113115336032
65367.48956798692,bench:441cb9caf63048db,91,4.17924,0.928888,3.88204588512
65371.37740600156,bench:441cb9caf63048db,91,4.21496,0.9294252,3.9174900409919995
65375.30244799564,bench:441cb9caf63048db,91,4.18817,0.9283507,3.8880905512190003
65379.215210996335,bench:441cb9caf63048db,91,4.20603,0.9299625,3.911450173875
65383.15293798223,bench:441cb9caf63048db,91,4.1971,0.9286194,3.89750848374
65387.157794000814,bench:441cb9caf63048db,91,4.27747,0.9304997,3.980184551759
65391.114519996336,bench:441cb9caf63048db,91,4.20603,0.9283507,3.904670894721
65395.076357992366,bench:441cb9caf63048db,91,3.38447,0.9283507,3.1419750936289996
65399.00552897598,bench:441cb9caf63048db,91,3.35768,0.928888,3.11890865984
65402.95301398146,bench:441cb9caf63048db,91,4.18817,0.9286194,3.8892159124980004
65406.86112997355,bench:441cb9caf63048db,91,4.25068,0.9296938,3.951830841784
65410.787059983704,bench:441cb9caf63048db,91,4.17924,0.9286194,3.880923341256
65414.7156389954,bench:441cb9caf63048db,91,4.20603,0.9286194,3.905801054982
65418.71164299664,bench:441cb9caf63048db,91,4.20603,0.9291566,3.908060534298
65422.63975797687,bench:441cb9caf63048db,91,4.20603,0.928888,3.9069307946400005
65426.57250299817,bench:441cb9caf63048db,91,4.2864,0.9326486,3.9977049590400004
65430.48724898836,bench:441cb9caf63048db,91,4.18817,0.9291566,3.891465797422
65434.40917899716,bench:441cb9caf63048db,91,4.17924,0.9291566,3.8831684289840003
65438.43170098262,bench:441cb9caf63048db,91,4.21496,0.9294252,3.9174900409919995
65451.48107397836,bench:441cb9caf63048db,91,4.17031,0.9283507,3.871510207717
65459.52208098606,bench:441cb9caf63048db,91,5.509809,0.9304997,5.1268756215573
65467.28142397478,bench:441cb9caf63048db,91,5.64376,0.928888,5.2424209388800005
65479.582284984645,bench:441cb9caf63048db,91,5.50088,0.928888,5.1097014214400005
65483.698787982576,bench:441cb9caf63048db,91,5.50088,0.928888,5.1097014214400005
65488.00615998334,bench:441cb9caf63048db,91,5.55446,0.9291566,5.160963168436
65492.07406997448,bench:441cb9caf63048db,91,5.50088,0.9286194,5.108223885072
65496.108406980056,bench:441cb9caf63048db,91,5.474089,0.9326486,5.105401442125401
65500.1909470011,bench:441cb9caf63048db,91,5.491949,0.9291566,5.1028806602134
65504.52694797423,bench:441cb9caf63048db,91,5.60804,0.928888,5.20924105952
65508.560155984014,bench:441cb9caf63048db,91,5.54553,0.9304997,5.160114001341
65512.600047979504,bench:441cb9caf63048db,91,5.509809,0.928888,5.117995462392
65516.92599299713,bench:441cb9caf63048db,91,5.60804,0.9283507,5.206227859628
65523.64019697416,bench:441cb9caf63048db,91,5.48302,0.9299625,5.0990029867499995
65535.59624598711,bench:441cb9caf63048db,91,5.50088,0.928888,5.1097014214400005
65539.73334099283,bench:441cb9caf63048db,91,5.57232,0.9283507,5.173067172624
65543.82697399706,bench:441cb9caf63048db,91,2.92904,0.9299625,2.723897361
65547.88775497582,bench:441cb9caf63048db,91,4.13459,0.9294252,3.842792137668
65551.93585099187,bench:441cb9caf63048db,91,2.86653,0.9283507,2.661145132071
65555.89341098676,bench:441cb9caf63048db,91,4.14352,0.9326486,3.864448127072
65559.82941499678,bench:441cb9caf63048db,91,3.56307,0.9286194,3.308735925558
65567.63131299522,bench:441cb9caf63048db,91,5.51874,0.9291566,5.1277736946840005
65571.80438897922,bench:441cb9caf63048db,91,4.18817,0.928888,3.8903408549600007
65575.89255899074,bench:441cb9caf63048db,91,4.17031,0.9286194,3.8726307700139997
65583.66286498494,bench:441cb9caf63048db,91,4.57216,0.9299625,4.251937344
65595.589524979,bench:441cb9caf63048db,91,5.46516,0.9291566,5.077989484056
65603.27590597444,bench:441cb9caf63048db,91,5.50088,0.9302311,5.117089653368001
65607.64012899017,bench:441cb9caf63048db,91,5.474089,0.9291566,5.0862859233374005
65615.27956498321,bench:441cb9caf63048db,91,5.61697,0.9286194,5.216027311218
65619.59660399589,bench:441cb9caf63048db,91,5.51874,0.9294252,5.129256028248
65623.63068098784,bench:441cb9caf63048db,91,5.509809,0.9326486,5.1387156501174
65633.77102298546,idle,91,5.50088,0.9291566,5.111178957808001
65638.0614869995,idle,91,1.75028,0.9283507,1.624873663196
65652.29618398007,idle,91,1.73242,0.9286194,1.608758820948
65660.80764998333,idle,91,3.70595,0.8464216,3.13679612852
65668.81073199329,idle,91,1.27699,0.8337965,1.064749792535
65687.13033897802,idle,91,1.21448,0.8184852,0.994033905696
65702.00643799035,bench:c461587c0f17cc0c,92,2.7683,0.7220506,1.99885267598
65706.46054900135,bench:c461587c0f17cc0c,92,2.89332,0.8877891,2.568657958812
65715.75602699886,bench:c461587c0f17cc0c,92,5.03652,0.9283507,4.675656867564
65723.5668329813,bench:c461587c0f17cc0c,92,5.07224,0.928888,4.7115428691200005
65743.18924397812,bench:c461587c0f17cc0c,92,5.358,0.9283507,4.974103050599999
65748.16403599107,bench:c461587c0f17cc0c,92,4.08994,0.9299625,3.8034908272500005
65752.37077797647,bench:c461587c0f17cc0c,92,3.68809,0.9286194,3.424831922946
65759.59547798266,bench:c461587c0f17cc0c,92,5.69734,0.9278135,5.286068966089999
65767.6257629937,bench:c461587c0f17cc0c,92,5.34014,0.9302311,4.967564306353999
65772.24305798882,bench:c461587c0f17cc0c,92,5.34014,0.9283507,4.957522707098
65779.67188498587,bench:c461587c0f17cc0c,92,5.304419,0.9286194,4.9257863891286
65788.89482698287,bench:c461587c0f17cc0c,92,7.37618,0.9291566,6.853626329788
65799.17911198572,bench:c461587c0f17cc0c,92,5.4473,0.9294252,5.06285789196
65803.46607597312,bench:c461587c0f17cc0c,92,7.108279,0.9294252,6.6066136312307995
65811.6008049983,bench:c461587c0f17cc0c,92,5.34907,0.9286194,4.967250173958
65819.67890498345,bench:c461587c0f17cc0c,92,5.43837,0.928888,5.05163663256
65824.64556698687,bench:c461587c0f17cc0c,92,7.072559,0.9286194,6.5677154950446
65831.72621199628,bench:c461587c0f17cc0c,92,5.92952,0.9294252,5.511045311904
65836.6058190004,bench:c461587c0f17cc0c,92,5.42944,0.9291566,5.044800010304
65842.81535999617,bench:c461587c0f17cc0c,92,5.54553,0.9278135,5.145217598655
65849.93487497559,bench:c461587c0f17cc0c,92,5.18833,0.9108904,4.725999989031999
65854.13374798372,bench:c461587c0f17cc0c,92,7.06363,0.9291566,6.563218434458
65858.68267298792,bench:c461587c0f17cc0c,92,5.358,0.9299625,4.982739075
65863.85011198581,bench:c461587c0f17cc0c,92,5.91166,0.9283507,5.488093699162
65888.6019619822,bench:c461587c0f17cc0c,92,7.072559,0.9197549,6.5050207957891
65919.46966797695,bench:c461587c0f17cc0c,92,5.491949,0.9280821,5.0969795610129
65927.70804397878,bench:c461587c0f17cc0c,92,4.18817,0.918949,3.8487146333300006
65935.62642298639,bench:c461587c0f17cc0c,92,5.24191,0.9194863,4.819864430832999
65940.66976997419,bench:c461587c0f17cc0c,92,5.42944,0.9299625,5.0491755959999995
65944.96047499706,bench:c461587c0f17cc0c,92,4.20603,0.928888,3.9069307946400005
65949.2965870013,bench:c461587c0f17cc0c,92,5.27763,0.928888,4.902327175440001
65953.52605197695,bench:c461587c0f17cc0c,92,4.29533,0.928888,3.9898804930400003
65957.77083098073,bench:c461587c0f17cc0c,92,4.21496,0.9286194,3.9140936262239996
65961.97162999306,bench:c461587c0f17cc0c,92,4.24175,0.928888,3.940110674
65966.16605797317,bench:c461587c0f17cc0c,92,4.1971,0.9286194,3.89750848374
65970.35163399414,bench:c461587c0f17cc0c,92,4.1971,0.9294252,3.9008905069199997
65974.53169198707,bench:c461587c0f17cc0c,92,4.71504,0.928888,4.379744075520001
65978.67436197703,bench:c461587c0f17cc0c,92,4.14352,0.9291566,3.849978955232
65982.94912200072,bench:c461587c0f17cc0c,92,4.21496,0.928888,3.9152257644799997
65987.17836500145,bench:c461587c0f17cc0c,92,4.15245,0.9286194,3.85604562753
65991.46044100053,bench:c461587c0f17cc0c,92,4.22389,0.9286194,3.922386197466
65995.65103498753,bench:c461587c0f17cc0c,92,4.21496,0.928888,3.9152257644799997
65999.83175998204,bench:c461587c0f17cc0c,92,4.17924,0.928888,3.88204588512
66004.00524400175,bench:c461587c0f17cc0c,92,4.20603,0.9283507,3.904670894721
66008.15752398921,bench:c461587c0f17cc0c,92,4.42928,0.928888,4.114305040640001
66012.41141499486,bench:c461587c0f17cc0c,92,4.20603,0.928888,3.9069307946400005
66016.6511569987,bench:c461587c0f17cc0c,92,4.17031,0.9286194,3.8726307700139997
66020.85243698093,bench:c461587c0f17cc0c,92,4.56323,0.9280821,4.235052081183
66025.025179988,bench:c461587c0f17cc0c,92,4.43821,0.928888,4.12260001048
66029.17314597289,bench:c461587c0f17cc0c,92,4.1971,0.9291566,3.89976316586
66033.32607398625,bench:c461587c0f17cc0c,92,4.56323,0.928888,4.23872958824
66037.4797989789,bench:c461587c0f17cc0c,92,4.1971,0.9291566,3.89976316586
66041.71826399397,bench:c461587c0f17cc0c,92,4.20603,0.928888,3.9069307946400005
66047.7671949775,bench:c461587c0f17cc0c,92,7.0547,0.9286194,6.55113128118
66051.95227099466,bench:c461587c0f17cc0c,92,7.06363,0.9294252,6.565115725476
66059.75085499813,bench:c461587c0f17cc0c,92,7.143999,0.9291566,6.6378938212433996
66067.68108499818,bench:c461587c0f17cc0c,92,5.42944,0.9291566,5.044800010304
66075.52948300145,bench:c461587c0f17cc0c,92,5.42944,0.928888,5.04334166272
66083.7266559829,bench:c461587c0f17cc0c,92,5.38479,0.9296938,5.0062058773019995
66088.3533579763,bench:c461587c0f17cc0c,92,7.06363,0.9294252,6.565115725476
66092.60559998802,bench:c461587c0f17cc0c,92,5.83129,0.9283507,5.413482153403
66099.58763499162,bench:c461587c0f17cc0c,92,7.11721,0.9326486,6.637855942406
66111.60394299077,bench:c461587c0f17cc0c,92,5.50088,0.9291566,5.111178957808001
66119.57732099108,bench:c461587c0f17cc0c,92,6.00096,0.9291566,5.575831590336
66124.374187988,bench:c461587c0f17cc0c,92,5.92059,0.928888,5.49956500392
66131.52112899115,bench:c461587c0f17cc0c,92,5.2687,0.9294252,4.89686255124
66135.87459299015,bench:c461587c0f17cc0c,92,3.99171,0.9192177,3.669250485267
66142.41937198676,bench:c461587c0f17cc0c,92,5.51874,0.9291566,5.1277736946840005
66151.58279598108,bench:c461587c0f17cc0c,92,7.34939,0.9286194,6.8247861321659995
66156.29762699245,bench:c461587c0f17cc0c,92,7.072559,0.9291566,6.5715148737394005
66163.66512098466,bench:c461587c0f17cc0c,92,5.43837,0.9296938,5.056018871106
66168.33097097697,bench:c461587c0f17cc0c,92,7.072559,0.9294252,6.5734145630868
66175.81490898738,bench:c461587c0f17cc0c,92,7.072559,0.9291566,6.5715148737394005
66180.06370699732,bench:c461587c0f17cc0c,92,4.21496,0.9286194,3.9140936262239996
66187.6052369771,bench:c461587c0f17cc0c,92,5.39372,0.9291566,5.011610536552
66199.6047119901,bench:c461587c0f17cc0c,92,5.65269,0.9291566,5.252234221254
66203.97219399456,bench:c461587c0f17cc0c,92,4.26854,0.928888,3.96499558352
66208.21510298993,bench:c461587c0f17cc0c,92,4.29533,0.9286194,3.988726767402
66212.60797398281,bench:c461587c0f17cc0c,92,4.38463,0.9286194,4.071652479821999
66216.87066098093,bench:c461587c0f17cc0c,92,4.23282,0.9280821,3.9284044745220004
66221.11843997845,bench:c461587c0f17cc0c,92,4.24175,0.9291566,3.94125000805
66225.37603398087,bench:c461587c0f17cc0c,92,4.25068,0.9283507,3.946121753476
66229.59799898672,bench:c461587c0f17cc0c,92,4.22389,0.928888,3.9235207343200003
66239.60715698195,bench:c461587c0f17cc0c,92,3.40233,0.9280821,3.157641571293
66247.71425599465,bench:c461587c0f17cc0c,92,5.36693,0.9283507,4.982393222351
66252.00383199262,bench:c461587c0f17cc0c,92,4.14352,0.9369466,3.8822569760319996
66256.23474098393,bench:c461587c0f17cc0c,92,4.23282,0.928888,3.9318157041600004
66260.51689099404,bench:c461587c0f17cc0c,92,4.70611,0.9280821,4.3676564516309995
66264.74550398416,bench:c461587c0f17cc0c,92,4.20603,0.9286194,3.905801054982
66269.04724599444,bench:c461587c0f17cc0c,92,4.23282,0.9291566,3.932952639612
66273.2369149744,bench:c461587c0f17cc0c,92,4.65253,0.928888,4.32167928664
66277.42317598313,bench:c461587c0f17cc0c,92,4.18817,0.9286194,3.8892159124980004
66283.75562399742,bench:c461587c0f17cc0c,92,5.48302,0.9291566,5.094584220932
66291.5244109754,idle,92,7.42083,0.9286194,6.8911267021019995
66295.73367198464,idle,92,1.75921,0.9286194,1.6336365346739998
66309.99496098957,idle,92,1.73242,0.928888,1.60922414896
66317.25688200095,idle,92,2.5897,0.819291,2.1217179027
66323.06905600126,idle,92,1.20555,0.8184852,0.9867248328599999
66337.81569299754,idle,92,1.20555,0.8184852,0.9867248328599999
66351.55293098069,bench:5d51e193efd8383e,93,2.73258,0.7225879,1.974529243782
66363.0332609755,bench:5d51e193efd8383e,93,5.21512,0.9192177,4.793830611624
66369.39350498142,bench:5d51e193efd8383e,93,4.14352,0.9237842,3.827718308384
66373.38686099974,bench:5d51e193efd8383e,93,4.17031,0.928888,3.87375091528
66377.3202909797,bench:5d51e193efd8383e,93,4.22389,0.9286194,3.922386197466
66381.34371998603,bench:5d51e193efd8383e,93,4.25068,0.9280821,3.944980020828
66385.24861398037,bench:5d51e193efd8383e,93,4.18817,0.928888,3.8903408549600007
66389.21113597462,bench:5d51e193efd8383e,93,4.2864,0.9291566,3.9827368502400002
66393.68696999736,bench:5d51e193efd8383e,93,4.2864,0.9286194,3.9804341961600005
66397.60964098969,bench:5d51e193efd8383e,93,4.18817,0.928888,3.8903408549600007
66401.6145519854,bench:5d51e193efd8383e,93,4.45607,0.9291566,4.140386850562001
66411.56472900184,bench:5d51e193efd8383e,93,5.45623,0.928888,5.06822657224
66423.56360997655,bench:5d51e193efd8383e,93,5.509809,0.9294252,5.120955331786799
66435.55684399325,bench:5d51e193efd8383e,93,5.43837,0.9296938,5.056018871106
66443.46318597673,bench:5d51e193efd8383e,93,5.50088,0.9294252,5.112656494176
66455.55327099282,bench:5d51e193efd8383e,93,5.50088,0.9291566,5.111178957808001
66463.27957700123,bench:5d51e193efd8383e,93,5.50088,0.9294252,5.112656494176
66467.32104299008,bench:5d51e193efd8383e,93,4.20603,0.9286194,3.905801054982
66471.35178698227,bench:5d51e193efd8383e,93,4.22389,0.9294252,3.9257898080279996
66475.33923599985,bench:5d51e193efd8383e,93,4.20603,0.928888,3.9069307946400005
66479.31777697522,bench:5d51e193efd8383e,93,4.42928,0.9286194,4.113115336032
66483.26039197855,bench:5d51e193efd8383e,93,4.21496,0.9286194,3.9140936262239996
66487.20408199006,bench:5d51e193efd8383e,93,4.21496,0.928888,3.9152257644799997
66491.18295600056,bench:5d51e193efd8383e,93,4.20603,0.9283507,3.904670894721
66495.1192009903,bench:5d51e193efd8383e,93,4.1971,0.928888,3.8986358248
66499.07150198123,bench:5d51e193efd8383e,93,4.1971,0.928888,3.8986358248
66503.20402299985,bench:5d51e193efd8383e,93,4.59895,0.928888,4.2719094676000005
66507.1848789812,bench:5d51e193efd8383e,93,4.20603,0.928888,3.9069307946400005
66511.14638298168,bench:5d51e193efd8383e,93,4.1971,0.9286194,3.89750848374
66515.15068300068,bench:5d51e193efd8383e,93,4.22389,0.928888,3.9235207343200003
66519.05763198738,bench:5d51e193efd8383e,93,4.20603,0.9291566,3.908060534298
66522.98061799956,bench:5d51e193efd8383e,93,4.62574,0.928888,4.29679437712
66527.02825097367,bench:5d51e193efd8383e,93,4.59895,0.928888,4.2719094676000005
66530.93877399806,bench:5d51e193efd8383e,93,4.1971,0.928888,3.8986358248
66539.50688798795,bench:5d51e193efd8383e,93,5.4473,0.9291566,5.0613947471800005
66551.55160298455,bench:5d51e193efd8383e,93,5.45623,0.928888,5.06822657224
66555.81558597623,bench:5d51e193efd8383e,93,4.21496,0.9286194,3.9140936262239996
66559.77029399946,bench:5d51e193efd8383e,93,3.40233,0.9286194,3.159469643202
66563.73581598746,bench:5d51e193efd8383e,93,5.50088,0.928888,5.1097014214400005
66567.77815299574,bench:5d51e193efd8383e,93,5.509809,0.9280821,5.1135551073189
66571.99685898377,bench:5d51e193efd8383e,93,5.51874,0.9294252,5.129256028248
66575.98471498932,bench:5d51e193efd8383e,93,5.474089,0.9291566,5.0862859233374005
66580.19973497721,bench:5d51e193efd8383e,93,5.474089,0.928888,5.084815583032
66584.24108999316,bench:5d51e193efd8383e,93,5.509809,0.9294252,5.120955331786799
66588.46909197746,bench:5d51e193efd8383e,93,5.43837,0.928888,5.05163663256
66592.4363929953,bench:5d51e193efd8383e,93,5.42051,0.928888,5.035046692880001
66599.20502197929,bench:5d51e193efd8383e,93,5.491949,0.9294252,5.1043557977148
66603.63972597406,bench:5d51e193efd8383e,93,5.474089,0.9304997,5.093638172273301
66607.92700498132,bench:5d51e193efd8383e,93,5.50088,0.9283507,5.106745798616
66612.18989497866,bench:5d51e193efd8383e,93,5.50088,0.928888,5.1097014214400005
66616.17297297926,bench:5d51e193efd8383e,93,5.50088,0.9294252,5.112656494176
66623.2511739945,bench:5d51e193efd8383e,93,5.51874,0.9291566,5.1277736946840005
66627.60547097423,bench:5d51e193efd8383e,93,5.51874,0.9294252,5.129256028248
66631.64871497429,bench:5d51e193efd8383e,93,4.20603,0.9291566,3.908060534298
66635.83193998784,bench:5d51e193efd8383e,93,4.13459,0.9326486,3.8561195750740005
66643.65752297454,bench:5d51e193efd8383e,93,3.00048,0.9299625,2.790333882
66647.90457999334,bench:5d51e193efd8383e,93,4.20603,0.9291566,3.908060534298
66651.85636197566,bench:5d51e193efd8383e,93,3.58986,0.9280821,3.331684807506
66659.67138999258,bench:5d51e193efd8383e,93,4.1971,0.928888,3.8986358248
66663.67331999936,bench:5d51e193efd8383e,93,4.22389,0.928888,3.9235207343200003
66667.75061897351,bench:5d51e193efd8383e,93,4.21496,0.928888,3.9152257644799997
66671.75221498474,bench:5d51e193efd8383e,93,4.2864,0.928888,3.9815855232000006
66675.69579399424,bench:5d51e193efd8383e,93,4.20603,0.9291566,3.908060534298
66679.66372397495,bench:5d51e193efd8383e,93,4.42928,0.928888,4.114305040640001
66683.62269099453,bench:5d51e193efd8383e,93,4.21496,0.9286194,3.9140936262239996
66687.53775098594,bench:5d51e193efd8383e,93,4.22389,0.9304997,3.9303283778330003
66691.54971800162,bench:5d51e193efd8383e,93,4.27747,0.9294252,3.975588410244
66695.48372199642,bench:5d51e193efd8383e,93,4.20603,0.928888,3.9069307946400005
66699.40267098718,bench:5d51e193efd8383e,93,4.42035,0.9286194,4.10482276479
66703.44504498644,bench:5d51e193efd8383e,93,4.1971,0.9286194,3.89750848374
66707.36978997593,bench:5d51e193efd8383e,93,4.23282,0.928888,3.9318157041600004
66711.6526059981,bench:5d51e193efd8383e,93,4.08994,0.9286194,3.7979976288360002
66718.47943798639,bench:5d51e193efd8383e,93,4.30426,0.9275449,3.992394411274
66722.43246098515,bench:5d51e193efd8383e,93,4.11673,0.9291566,3.8250868499179997
66726.64712998085,bench:5d51e193efd8383e,93,4.1078,0.928888,3.8156861264
66735.56185199413,bench:5d51e193efd8383e,93,5.37586,0.928888,4.993571843680001
66739.88266798551,bench:5d51e193efd8383e,93,5.39372,0.9294252,5.013059289744
66743.91396797728,bench:5d51e193efd8383e,93,5.37586,0.928888,4.993571843680001
66748.1687659747,bench:5d51e193efd8383e,93,5.38479,0.9291566,5.0033131681139995
66752.17276997864,bench:5d51e193efd8383e,93,5.34907,0.928888,4.968686934160001
66756.14740297897,bench:5d51e193efd8383e,93,5.358,0.9286194,4.975542745199999
66760.18240698613,bench:5d51e193efd8383e,93,5.358,0.928888,4.976981904
66764.41692697699,bench:5d51e193efd8383e,93,5.40265,0.928888,5.018456753200001
66768.44113398693,bench:5d51e193efd8383e,93,5.358,0.928888,4.976981904
66776.45354898414,bench:5d51e193efd8383e,93,5.358,0.9294252,4.979860221599999
66790.97120699589,bench:5d51e193efd8383e,93,5.50088,0.928888,5.1097014214400005
66795.62096399604,bench:5d51e193efd8383e,93,4.2864,0.928888,3.9815855232000006
66799.62059800164,bench:5d51e193efd8383e,93,2.75044,0.928888,2.5548507107200003
66803.60536099761,bench:5d51e193efd8383e,93,4.21496,0.9294252,3.9174900409919995
66807.6253089821,bench:5d51e193efd8383e,93,4.21496,0.9286194,3.9140936262239996
66811.58198000048,bench:5d51e193efd8383e,93,3.59879,0.9291566,3.343839480514
66815.53766899742,bench:5d51e193efd8383e,93,4.08101,0.9291566,3.791897376166
66819.47720999597,bench:5d51e193efd8383e,93,4.14352,0.9280821,3.845526742992
66823.48271398223,bench:5d51e193efd8383e,93,4.1971,0.9291566,3.89976316586
66827.35923799919,bench:5d51e193efd8383e,93,3.00048,0.9283507,2.785497708336
66831.34529698873,bench:5d51e193efd8383e,93,4.22389,0.9286194,3.922386197466
66839.5779139828,bench:5d51e193efd8383e,93,5.50088,0.9294252,5.112656494176
66843.86700799223,bench:5d51e193efd8383e,93,4.21496,0.928888,3.9152257644799997
66847.83517898177,bench:5d51e193efd8383e,93,4.21496,0.9286194,3.9140936262239996
66851.77208998357,bench:5d51e193efd8383e,93,4.42928,0.9286194,4.113115336032
66855.75694599538,bench:5d51e193efd8383e,93,4.20603,0.928888,3.9069307946400005
66859.63567299768,bench:5d51e193efd8383e,93,4.25068,0.9291566,3.949547376488
66863.5565849836,bench:5d51e193efd8383e,93,4.17924,0.9286194,3.880923341256
66867.56453299313,bench:5d51e193efd8383e,93,4.24175,0.9291566,3.94125000805
66871.49942599353,bench:5d51e193efd8383e,93,4.18817,0.9294252,3.892590739884
66875.46894900152,bench:5d51e193efd8383e,93,4.27747,0.9286194,3.972141624918
66879.36432397692,bench:5d51e193efd8383e,93,4.57216,0.9294252,4.249480722432
66887.29925799998,bench:5d51e193efd8383e,93,4.1971,0.9286194,3.89750848374
66891.59274098347,bench:5d51e193efd8383e,93,4.27747,0.9304997,3.980184551759
66895.59428198845,bench:5d51e193efd8383e,93,4.18817,0.9291566,3.891465797422
66899.58984099212,bench:5d51e193efd8383e,93,4.18817,0.9286194,3.8892159124980004
66911.58550098771,bench:5d51e193efd8383e,93,5.51874,0.9286194,5.124809027556
66915.90496498975,bench:5d51e193efd8383e,93,5.42051,0.9283507,5.032134252857
66919.91885798052,bench:5d51e193efd8383e,93,2.75044,0.9283507,2.553372899308
66923.92773198662,bench:5d51e193efd8383e,93,5.4473,0.9294252,5.06285789196
66927.97006899491,bench:5d51e193efd8383e,93,5.4473,0.9294252,5.06285789196
66932.22056998638,bench:5d51e193efd8383e,93,5.52767,0.9291566,5.1360710631219995
66945.27062898851,idle,93,5.491949,0.9286194,5.0999303852106
66949.55038899207,idle,93,1.75921,0.9283507,1.633163834947
66963.8029380003,idle,93,1.73242,0.928888,1.60922414896
66972.21358999377,idle,93,3.32196,0.8335279,2.768946342684
66979.5706209843,idle,93,1.04481,0.723125,0.75552823125
66987.55053698551,idle,93,1.5181,0.888595,1.3489760695
67005.60507198679,idle,93,1.19662,0.8184852,0.979415760024
67010.76476997696,bench:c933b5319e29b120,94,4.59895,0.8184852,3.7641725105400003
67018.07309797732,bench:c933b5319e29b120,94,5.77771,0.8641506,4.992811563126
67025.57884997805,bench:c933b5319e29b120,94,5.52767,0.9307683,5.144980008860999
67030.14642299968,bench:c933b5319e29b120,94,5.52767,0.9278135,5.1286468495449995
67034.32286999305,bench:c933b5319e29b120,94,7.21544,0.9331858,6.733346148752
67039.43790198537,bench:c933b5319e29b120,94,4.43821,0.9286194,4.1214079072739995
67043.64475599141,bench:c933b5319e29b120,94,5.65269,0.9302311,5.258308036659
67048.10588498367,bench:c933b5319e29b120,94,4.465,0.9291566,4.148684219
67053.00721499952,bench:c933b5319e29b120,94,4.17924,0.928888,3.88204588512
67059.28442199365,bench:c933b5319e29b120,94,5.4473,0.9194863,5.00871772199
67066.85150699923,bench:c933b5319e29b120,94,7.22437,0.9369466,6.768848908642
67071.88979900093,bench:c933b5319e29b120,94,5.37586,0.9296938,4.997903711668
67076.0342089925,bench:c933b5319e29b120,94,7.24223,0.9270077,6.713602975171
67080.53276399733,bench:c933b5319e29b120,94,7.22437,0.9280821,6.704808480777
67085.20368798054,bench:c933b5319e29b120,94,5.37586,0.9299625,4.9993482052500005
67089.39378298237,bench:c933b5319e29b120,94,5.5366,0.9280821,5.13841935486
67094.25070599536,bench:c933b5319e29b120,94,5.34014,0.928888,4.96039196432
67100.50559797673,bench:c933b5319e29b120,94,5.61697,0.918949,5.161708964530001
67104.87469198415,bench:c933b5319e29b120,94,7.286879,0.9184118,6.6923556587721995
67111.62765399786,bench:c933b5319e29b120,94,5.57232,0.9326486,5.197016446752
67116.00402498152,bench:c933b5319e29b120,94,5.75092,0.9291566,5.343505274072
67120.68672699388,bench:c933b5319e29b120,94,7.69766,0.9296938,7.156466776508
67125.19831900136,bench:c933b5319e29b120,94,5.85808,0.9286194,5.439926734752
67129.80968799093,bench:c933b5319e29b120,94,7.0547,0.9294252,6.55681595844
67134.04544899822,bench:c933b5319e29b120,94,7.751239,0.9280821,7.1937861687219
67138.48533798591,bench:c933b5319e29b120,94,5.509809,0.9307683,5.1283555562547
67144.9375069933,bench:c933b5319e29b120,94,7.20651,0.918949,6.62241515799
67151.07658598572,bench:c933b5319e29b120,94,7.2333,0.9237842,6.68200825386
67155.97147098742,bench:c933b5319e29b120,94,7.68873,0.9291566,7.144034225117999
67160.17137997551,bench:c933b5319e29b120,94,7.24223,0.9329173,6.756401657579
67165.38807799225,bench:c933b5319e29b120,94,5.93845,0.928888,5.5161549436
67171.37352799182,bench:c933b5319e29b120,94,5.50088,0.9251273,5.089014262024
67178.25626698323,bench:c933b5319e29b120,94,7.06363,0.9286194,6.559423852421999
67182.51034297282,bench:c933b5319e29b120,94,7.64408,0.9280821,7.094333818968
67187.20713700168,bench:c933b5319e29b120,94,7.67087,0.9286194,7.123318696878
67191.53204598115,bench:c933b5319e29b120,94,7.24223,0.9275449,6.7174935011270005
67195.68725198042,bench:c933b5319e29b120,94,5.5366,0.9280821,5.13841935486
67200.40202798555,bench:c933b5319e29b120,94,7.6798,0.928888,7.133674062400001
67205.07052598987,bench:c933b5319e29b120,94,7.251159,0.9299625,6.743305951537501
67210.25918697705,bench:c933b5319e29b120,94,7.61729,0.9291566,7.077655277613999
67214.88940698327,bench:c933b5319e29b120,94,7.04577,0.9283507,6.540945511539
67219.65194199583,bench:c933b5319e29b120,94,7.22437,0.9313055,6.728095515035
67224.69671498402,bench:c933b5319e29b120,94,7.54585,0.9280821,7.003168314285
67229.2325469898,bench:c933b5319e29b120,94,5.7152,0.9326486,5.330273278720001
67234.05263698078,bench:c933b5319e29b120,94,7.70659,0.9286194,7.1564889818460005
67239.25281598349,bench:c933b5319e29b120,94,5.48302,0.9326486,5.113730926772
67243.90098097501,bench:c933b5319e29b120,94,7.09935,0.9294252,6.59831479362
67248.22666699765,bench:c933b5319e29b120,94,7.22437,0.9286194,6.708690134778
67253.1080529734,bench:c933b5319e29b120,94,7.74231,0.9280821,7.185499323651
67257.87130999379,bench:c933b5319e29b120,94,7.06363,0.9283507,6.557525855041
67262.02397898305,bench:c933b5319e29b120,94,7.24223,0.9280821,6.721384027083
67266.54473698,bench:c933b5319e29b120,94,7.63515,0.9280821,7.086046045815
67270.74862798327,bench:c933b5319e29b120,94,7.751239,0.9315742,7.2208542704338
67275.5433289858,bench:c933b5319e29b120,94,5.79557,0.9280821,5.3787647762969995
67279.74388698931,bench:c933b5319e29b120,94,5.51874,0.9294252,5.129256028248
67284.17146098218,bench:c933b5319e29b120,94,7.79589,0.9280821,7.235225962569
67288.57099899324,bench:c933b5319e29b120,94,5.67055,0.9275449,5.2596897326950005
67293.74780799844,bench:c933b5319e29b120,94,7.18865,0.9280821,6.671657388165
67299.52677799156,bench:c933b5319e29b120,94,7.33153,0.918949,6.73730216197
67306.13146399264,bench:c933b5319e29b120,94,4.42035,0.9291566,4.10719737681
67310.44739097706,bench:c933b5319e29b120,94,5.11689,0.9304997,4.761264609933
67314.78652197984,bench:c933b5319e29b120,94,4.22389,0.9294252,3.9257898080279996
67319.11881899578,bench:c933b5319e29b120,94,4.56323,0.928888,4.23872958824
67323.73928098241,bench:c933b5319e29b120,94,5.12582,0.9296938,4.765443073916
67327.9463200015,bench:c933b5319e29b120,94,4.27747,0.9275449,3.967545483403
67332.2527470009,bench:c933b5319e29b120,94,5.09903,0.9294252,4.739166977556
67336.44776800065,bench:c933b5319e29b120,94,4.23282,0.9307683,3.9397746756060004
67340.7490469981,bench:c933b5319e29b120,94,4.1078,0.9296938,3.81899619164
67345.02080798848,bench:c933b5319e29b120,94,6.11705,0.9302311,5.6902701502549995
67349.27299499395,bench:c933b5319e29b120,94,4.21496,0.9275449,3.9095646517039997
67353.49753400078,bench:c933b5319e29b120,94,4.25068,0.9286194,3.947263911192
67357.69394299132,bench:c933b5319e29b120,94,4.25068,0.9286194,3.947263911192
67361.91444497672,bench:c933b5319e29b120,94,4.22389,0.9270077,3.915578553953
67366.34555697674,bench:c933b5319e29b120,94,4.8222,0.928888,4.4792837136
67370.77238998609,bench:c933b5319e29b120,94,4.25068,0.9299625,3.9529729995
67375.13420599862,bench:c933b5319e29b120,94,4.26854,0.9291566,3.9661421133639996
67379.24254199606,bench:c933b5319e29b120,94,4.76862,0.9326486,4.447446766932001
67384.35883299098,bench:c933b5319e29b120,94,5.75092,0.9304997,5.351229334724
67389.44732799428,bench:c933b5319e29b120,94,5.32228,0.9184118,4.8880447549040005
67394.25573198241,bench:c933b5319e29b120,94,5.88487,0.9184118,5.404734049466001
67400.64369799802,bench:c933b5319e29b120,94,7.2333,0.9321114,6.74224138962
67405.72209999664,bench:c933b5319e29b120,94,4.8222,0.931037,4.4896466213999995
67410.31965397997,bench:c933b5319e29b120,94,6.09026,0.9280821,5.652261290346
67415.0507079903,bench:c933b5319e29b120,94,7.22437,0.9270077,6.697046617649001
67419.66616897844,bench:c933b5319e29b120,94,5.72413,0.9299625,5.323226245125
67424.21220598044,bench:c933b5319e29b120,94,5.67055,0.9294252,5.27035206786
67428.76272299327,bench:c933b5319e29b120,94,5.38479,0.9275449,4.9946345020709995
67435.02205997356,bench:c933b5319e29b120,94,7.27795,0.9192177,6.690020459715
67442.48046097346,bench:c933b5319e29b120,94,7.24223,0.9326486,6.754455670378
67447.08051599446,bench:c933b5319e29b120,94,7.786959,0.9307683,7.2478545905997
67452.27252799668,bench:c933b5319e29b120,94,5.59911,0.9272762,5.191921444181999
67456.9002489734,bench:c933b5319e29b120,94,7.49227,0.928888,6.959479695760001
67461.25743497396,bench:c933b5319e29b120,94,7.77803,0.9291566,7.227007909498
67465.43747399119,bench:c933b5319e29b120,94,7.71552,0.9280821,7.160636004192
67469.9429179891,bench:c933b5319e29b120,94,5.52767,0.9278135,5.1286468495449995
67474.41643697675,bench:c933b5319e29b120,94,5.54553,0.9280821,5.146707128013
67478.6296239763,bench:c933b5319e29b120,94,7.2333,0.9286194,6.71698270602
67482.81827397295,bench:c933b5319e29b120,94,7.24223,0.9275449,6.7174935011270005
67487.02927597333,bench:c933b5319e29b120,94,7.88519,0.9315742,7.345639566098
67491.2598519877,bench:c933b5319e29b120,94,7.24223,0.9280821,6.721384027083
67495.95772099565,bench:c933b5319e29b120,94,6.09919,0.9283507,5.662187305933
67500.4994419869,bench:c933b5319e29b120,94,7.59943,0.9283507,7.054936160101
67505.3027359827,bench:c933b5319e29b120,94,7.53692,0.9291566,7.002978961672
67510.53200699971,bench:c933b5319e29b120,94,5.52767,0.9294252,5.137555795283999
67516.1272379919,bench:c933b5319e29b120,94,5.43837,0.9280821,5.047253850177
67520.86353200139,bench:c933b5319e29b120,94,5.45623,0.9280821,5.0638293964829995
67525.4276979831,bench:c933b5319e29b120,94,7.64408,0.9326486,7.1292405102880005
67529.97893799329,bench:c933b5319e29b120,94,7.79589,0.9291566,7.243602646374
67534.72604698618,bench:c933b5319e29b120,94,7.65301,0.928888,7.10878915288
67539.98431799118,bench:c933b5319e29b120,94,5.5366,0.9280821,5.13841935486
67545.2243849868,bench:c933b5319e29b120,94,7.0547,0.9283507,6.54923568329
67550.42239799513,bench:c933b5319e29b120,94,5.91166,0.9296938,5.496033649708
67555.15750698396,bench:c933b5319e29b120,94,7.0547,0.9299625,6.560606448750001
67559.37267499394,bench:c933b5319e29b120,94,7.71552,0.9307683,7.181361434016
67564.10757999402,bench:c933b5319e29b120,94,5.50088,0.9286194,5.108223885072
67568.79037499311,bench:c933b5319e29b120,94,5.57232,0.9256646,5.158099363872
67573.72427798691,bench:c933b5319e29b120,94,5.50088,0.9278135,5.103790725880001
67577.96555798268,bench:c933b5319e29b120,94,5.52767,0.9291566,5.1360710631219995
67582.11363499868,bench:c933b5319e29b120,94,7.69766,0.9283507,7.146128049362
67586.79278098862,bench:c933b5319e29b120,94,7.67087,0.9291566,7.127439488242
67591.020930995,bench:c933b5319e29b120,94,7.24223,0.9304997,6.738892842331
67595.23126599379,bench:c933b5319e29b120,94,7.251159,0.9259331,6.7140881314629
67599.87509797793,bench:c933b5319e29b120,94,7.24223,0.9291566,6.729165803218
67604.16571097448,bench:c933b5319e29b120,94,7.822679,0.928888,7.2663926509520005
67609.70770198037,idle,94,5.42051,0.9275449,5.027766405899
67614.27210798138,idle,94,1.79493,0.9286194,1.6668068196419998
67631.69816698064,idle,94,1.64312,0.903369,1.4843436712799998
67636.06192698353,idle,94,4.48286,0.9036377,4.050881299822
67643.8812330016,idle,94,1.29485,0.8329906,1.07859787841
67658.59951797756,idle,94,1.27699,0.8332592,1.064063665808
67671.69370499323,bench:7d455efd2b13f071,95,2.96476,0.7225879,2.142299702404
67679.8706369882,bench:7d455efd2b13f071,95,5.95631,0.928888,5.53274488328
67687.60960997315,bench:7d455efd2b13f071,95,5.65269,0.9291566,5.252234221254
67691.67481697514,bench:7d455efd2b13f071,95,4.17031,0.928888,3.87375091528
67695.66561697866,bench:7d455efd2b13f071,95,4.18817,0.9286194,3.8892159124980004
67703.54831099394,bench:7d455efd2b13f071,95,5.509809,0.928888,5.117995462392
67708.95528499386,bench:7d455efd2b13f071,95,5.93845,0.9302311,5.524130875795
67715.64561798004,bench:7d455efd2b13f071,95,2.5897,0.9296938,2.40762803386
67720.75263099396,bench:7d455efd2b13f071,95,5.95631,0.9299625,5.539144938375
67725.01774400007,bench:7d455efd2b13f071,95,5.91166,0.9280821,5.486505827286001
67729.2140609934,bench:7d455efd2b13f071,95,5.55446,0.9286194,5.157979312524
67739.52414200176,bench:7d455efd2b13f071,95,5.65269,0.928888,5.25071590872
67745.66466498072,bench:7d455efd2b13f071,95,5.90273,0.9326486,5.505172870678001
67759.5684939879,bench:7d455efd2b13f071,95,5.50088,0.9291566,5.111178957808001
67766.96270998218,bench:7d455efd2b13f071,95,5.93845,0.9294252,5.519345078939999
67775.50923198578,bench:7d455efd2b13f071,95,5.90273,0.9304997,5.492488494181
67783.28546398552,bench:7d455efd2b13f071,95,5.86701,0.9299625,5.456099287124999
67791.5814689768,bench:7d455efd2b13f071,95,5.48302,0.9291566,5.094584220932
67799.50705097872,bench:7d455efd2b13f071,95,5.65269,0.928888,5.25071590872
67807.5394469779,bench:7d455efd2b13f071,95,5.55446,0.9286194,5.157979312524
67819.57777298521,bench:7d455efd2b13f071,95,5.95631,0.9280821,5.527944693051
67827.53600299475,bench:7d455efd2b13f071,95,5.7152,0.9286194,5.30724559488
67835.53497400135,bench:7d455efd2b13f071,95,5.97417,0.9280821,5.544520239357
67847.56007799297,bench:7d455efd2b13f071,95,5.66162,0.9283507,5.255968890134
67855.55786298937,bench:7d455efd2b13f071,95,5.58125,0.928888,5.18435615
67867.56213399349,bench:7d455efd2b13f071,95,6.00989,0.9294252,5.585743215228
67875.56912298896,bench:7d455efd2b13f071,95,5.69734,0.9299625,5.298312549749999
67883.23365198448,bench:7d455efd2b13f071,95,5.08117,0.9291566,4.721202641222
67891.3812879764,bench:7d455efd2b13f071,95,5.92952,0.9326486,5.530158526672
67899.5416459802,bench:7d455efd2b13f071,95,5.56339,0.9280821,5.163282674319
67907.5221909734,bench:7d455efd2b13f071,95,5.87594,0.9304997,5.467560407218
67915.51449499093,bench:7d455efd2b13f071,95,5.59911,0.9302311,5.208466254320999
67923.54089097353,bench:7d455efd2b13f071,95,5.64376,0.928888,5.2424209388800005
67931.51934299385,bench:7d455efd2b13f071,95,5.61697,0.9291566,5.219044747502
67939.49366599554,bench:7d455efd2b13f071,95,5.56339,0.928888,5.16776621032
67947.59306198102,bench:7d455efd2b13f071,95,5.69734,0.9294252,5.295251368968
67955.50631097285,bench:7d455efd2b13f071,95,5.66162,0.9296938,5.263573011956
67963.52174397907,bench:7d455efd2b13f071,95,5.95631,0.9280821,5.527944693051
67971.51030699024,bench:7d455efd2b13f071,95,5.92059,0.9294252,5.502745544868
67979.49557399261,bench:7d455efd2b13f071,95,5.52767,0.928888,5.1345863309599995
67987.5255819934,bench:7d455efd2b13f071,95,5.67948,0.9286194,5.274075309912
67995.49814499915,bench:7d455efd2b13f071,95,5.65269,0.9286194,5.249197596186
68003.54346699896,bench:7d455efd2b13f071,95,5.69734,0.9304997,5.301373160798
68011.55797499814,bench:7d455efd2b13f071,95,5.91166,0.9280821,5.486505827286001
68019.53083398985,bench:7d455efd2b13f071,95,5.70627,0.9294252,5.303551136004
68027.49597199727,bench:7d455efd2b13f071,95,5.63483,0.9291566,5.235639484378
68035.5623489886,bench:7d455efd2b13f071,95,5.61697,0.928888,5.217536029360001
68039.62668598979,bench:7d455efd2b13f071,95,3.00941,0.9283507,2.7937878800869997
68047.53778697341,bench:7d455efd2b13f071,95,5.52767,0.9294252,5.137555795283999
68055.56925697601,bench:7d455efd2b13f071,95,5.59018,0.9286194,5.191149597492
68063.52024700027,bench:7d455efd2b13f071,95,5.60804,0.9286194,5.207734739976
68071.5091059974,bench:7d455efd2b13f071,95,5.58125,0.9283507,5.181357344375
68079.50148399686,bench:7d455efd2b13f071,95,5.87594,0.9326486,5.480187214684
68087.5012879842,bench:7d455efd2b13f071,95,5.99203,0.9299625,5.572363198875
68095.49846299342,bench:7d455efd2b13f071,95,5.5366,0.9286194,5.14139417004
68103.50424799253,bench:7d455efd2b13f071,95,5.66162,0.9291566,5.260531589692
68107.5488999777,bench:7d455efd2b13f071,95,3.58093,0.9280821,3.323397034353
68111.60532897338,bench:7d455efd2b13f071,95,4.17031,0.9286194,3.8726307700139997
68118.01316399942,bench:7d455efd2b13f071,95,4.04529,0.918949,3.7174152002099996
68122.10205598967,bench:7d455efd2b13f071,95,4.06315,0.918949,3.7338276293500003
68130.99063097616,bench:7d455efd2b13f071,95,5.94738,0.9283507,5.5212543861659995
68135.65323999501,bench:7d455efd2b13f071,95,5.97417,0.9302311,5.557358730687
68139.61526297498,bench:7d455efd2b13f071,95,5.65269,0.9286194,5.249197596186
68147.51971597434,bench:7d455efd2b13f071,95,4.27747,0.9283507,3.970992268729
68151.58434899058,bench:7d455efd2b13f071,95,5.93845,0.9294252,5.519345078939999
68155.67912897677,bench:7d455efd2b13f071,95,4.63467,0.9286194,4.303844474598
68159.62122599012,bench:7d455efd2b13f071,95,4.31319,0.9299625,4.011104955375
68163.8148209895,bench:7d455efd2b13f071,95,4.57216,0.928888,4.247024558080001
68167.8074359952,bench:7d455efd2b13f071,95,4.25961,0.9304997,3.9635658271170007
68171.72840298736,bench:7d455efd2b13f071,95,4.20603,0.928888,3.9069307946400005
68175.6509259867,bench:7d455efd2b13f071,95,4.20603,0.9291566,3.908060534298
68179.64057798963,bench:7d455efd2b13f071,95,4.23282,0.9294252,3.934089575064
68183.5534159909,bench:7d455efd2b13f071,95,4.32212,0.9299625,4.0194095205
68187.48964299448,bench:7d455efd2b13f071,95,4.23282,0.928888,3.9318157041600004
68191.47140599671,bench:7d455efd2b13f071,95,4.20603,0.928888,3.9069307946400005
68199.60576397716,bench:7d455efd2b13f071,95,4.22389,0.9291566,3.9246552711739997
68203.92172900029,bench:7d455efd2b13f071,95,5.5366,0.9291566,5.14436843156
68207.93710299768,bench:7d455efd2b13f071,95,5.69734,0.9291566,5.293721063444
68211.92997699836,bench:7d455efd2b13f071,95,5.92952,0.9302311,5.515823912072
68215.96622097422,bench:7d455efd2b13f071,95,5.52767,0.9291566,5.1360710631219995
68220.23731499212,bench:7d455efd2b13f071,95,5.93845,0.9326486,5.53848707867
68227.25303497282,bench:7d455efd2b13f071,95,5.67948,0.9286194,5.274075309912
68231.5833689936,bench:7d455efd2b13f071,95,5.59911,0.931037,5.2129785770699995
68235.8920739789,bench:7d455efd2b13f071,95,5.6259,0.9291566,5.22734211594
68240.14513098518,bench:7d455efd2b13f071,95,5.66162,0.9294252,5.262052300824
68244.21641198569,bench:7d455efd2b13f071,95,5.65269,0.9291566,5.252234221254
68248.19791599293,bench:7d455efd2b13f071,95,5.6259,0.928888,5.2258309992
68255.55585499387,bench:7d455efd2b13f071,95,5.87594,0.9304997,5.467560407218
68266.09071198618,idle,95,5.56339,0.9291566,5.169260536874
68270.38436199655,idle,95,1.76814,0.9283507,1.641454006698
68286.86177998316,idle,95,1.63419,0.9036377,1.476715692963
68293.16633898998,idle,95,1.61633,0.903369,1.46014241577
68297.46691399487,idle,95,1.6074,0.903369,1.4520753305999998
68314.46914398111,idle,95,1.23234,0.8187538,1.008983057892
68327.34244398307,bench:db046aac80c82fec,96,3.53628,0.8179479,2.892492799812
68335.62774598249,bench:db046aac80c82fec,96,2.39324,0.8182165,1.95818845646
68347.00044698548,bench:db046aac80c82fec,96,5.84915,0.9291566,5.43477632689
68359.5855839958,bench:db046aac80c82fec,96,5.90273,0.9291566,5.484560537518
68367.5679799926,bench:db046aac80c82fec,96,5.64376,0.928888,5.2424209388800005
68379.55208399217,bench:db046aac80c82fec,96,5.67948,0.9291566,5.277126326568
68391.59118797397,bench:db046aac80c82fec,96,5.96524,0.928888,5.54103985312
68395.82141197752,bench:db046aac80c82fec,96,5.491949,0.9294252,5.1043557977148
68400.1492279931,bench:db046aac80c82fec,96,5.97417,0.9291566,5.550939485022
68404.22650898108,bench:db046aac80c82fec,96,5.64376,0.9291566,5.243936852816001
68408.1561799976,bench:db046aac80c82fec,96,5.50088,0.9291566,5.111178957808001
68415.51617498044,bench:db046aac80c82fec,96,5.83129,0.9294252,5.419747874507999
68427.54440798308,bench:db046aac80c82fec,96,5.67055,0.9294252,5.27035206786
68431.75450299168,bench:db046aac80c82fec,96,5.67948,0.928888,5.27560081824
68435.70748798084,bench:db046aac80c82fec,96,5.95631,0.9294252,5.535944613012
68439.88271299168,bench:db046aac80c82fec,96,5.983099,0.9294252,5.5608429846947995
68447.22905897652,bench:db046aac80c82fec,96,5.55446,0.9291566,5.160963168436
68451.60418999149,bench:db046aac80c82fec,96,5.96524,0.928888,5.54103985312
68455.85445099277,bench:db046aac80c82fec,96,5.840219,0.9294252,5.4280467121188
68463.2155750005,bench:db046aac80c82fec,96,5.39372,0.9194863,4.959451646036
68469.2229879729,bench:db046aac80c82fec,96,5.5366,0.9294252,5.1458555623199995
68478.96755498368,bench:db046aac80c82fec,96,5.83129,0.9291566,5.418181590014
68487.5525579846,bench:db046aac80c82fec,96,5.81343,0.9291566,5.401586853138
68495.52186200162,bench:db046aac80c82fec,96,5.474089,0.928888,5.084815583032
68499.61066097603,bench:db046aac80c82fec,96,5.509809,0.928888,5.117995462392
68507.49387298129,bench:db046aac80c82fec,96,5.97417,0.9294252,5.552544147083999
68515.49375097966,bench:db046aac80c82fec,96,5.86701,0.9291566,5.451371063766
68523.49372199387,bench:db046aac80c82fec,96,5.54553,0.928888,5.151176270640001
68531.53196998755,bench:db046aac80c82fec,96,5.97417,0.9294252,5.552544147083999
68539.49095998541,bench:db046aac80c82fec,96,6.01882,0.9294252,5.594042982264
68547.48694898444,bench:db046aac80c82fec,96,5.983099,0.9294252,5.5608429846947995
68551.58785899403,bench:db046aac80c82fec,96,5.67948,0.9294252,5.278651834895999
68555.63254799927,bench:db046aac80c82fec,96,5.64376,0.9291566,5.243936852816001
68563.48468599026,bench:db046aac80c82fec,96,5.93845,0.9291566,5.5177500112699995
68571.48495299043,bench:db046aac80c82fec,96,6.05454,0.928888,5.62398955152
68575.56986398413,bench:db046aac80c82fec,96,6.00989,0.9286194,5.580900445866
68583.49076099694,bench:db046aac80c82fec,96,5.57232,0.9291566,5.177557905312001
68591.55641598045,bench:db046aac80c82fec,96,5.96524,0.9291566,5.542642116584
68599.48547999375,bench:db046aac80c82fec,96,5.97417,0.9291566,5.550939485022
68603.55716798222,bench:db046aac80c82fec,96,5.67055,0.9296938,5.27187517759
68611.47743597394,bench:db046aac80c82fec,96,5.95631,0.9296938,5.537544477878
68619.47747998056,bench:db046aac80c82fec,96,5.78664,0.9294252,5.378249039328
68623.82923997939,bench:db046aac80c82fec,96,5.96524,0.9294252,5.544244380047999
68627.8140959912,bench:db046aac80c82fec,96,5.95631,0.928888,5.53274488328
68635.55664298474,bench:db046aac80c82fec,96,5.85808,0.9286194,5.439926734752
68639.5554249757,bench:db046aac80c82fec,96,5.86701,0.9280821,5.4450669615209994
68647.5360429904,bench:db046aac80c82fec,96,5.59018,0.928888,5.192651119840001
68655.4765329929,bench:db046aac80c82fec,96,5.78664,0.9294252,5.378249039328
68663.47870699246,bench:db046aac80c82fec,96,5.474089,0.9291566,5.0862859233374005
68667.55919199204,bench:db046aac80c82fec,96,5.67948,0.928888,5.27560081824
68675.51860699314,bench:db046aac80c82fec,96,5.64376,0.9294252,5.245452766752
68683.5300589737,bench:db046aac80c82fec,96,5.51874,0.9291566,5.1277736946840005
68691.52143699466,bench:db046aac80c82fec,96,5.57232,0.9286194,5.174564455008
68699.5176669734,bench:db046aac80c82fec,96,5.48302,0.9294252,5.096056960104
68707.49341597548,bench:db046aac80c82fec,96,5.96524,0.9291566,5.542642116584
68711.74626899301,bench:db046aac80c82fec,96,5.67948,0.9294252,5.278651834895999
68719.67314797803,bench:db046aac80c82fec,96,5.50088,0.9294252,5.112656494176
68727.49367597862,bench:db046aac80c82fec,96,5.68841,0.9294252,5.2869516019319995
68735.48492399277,bench:db046aac80c82fec,96,5.64376,0.9294252,5.245452766752
68743.47780199605,bench:db046aac80c82fec,96,5.50088,0.928888,5.1097014214400005
68747.55643497338,bench:db046aac80c82fec,96,5.91166,0.9294252,5.494445777832
68755.4849619919,bench:db046aac80c82fec,96,5.73306,0.928888,5.325370637280001
68759.54513199395,bench:db046aac80c82fec,96,5.74199,0.9291566,5.335207905634
68767.47913999134,bench:db046aac80c82fec,96,5.88487,0.9291566,5.467965800642
68771.54343898292,bench:db046aac80c82fec,96,5.88487,0.9294252,5.469546476724
68779.52083598939,bench:db046aac80c82fec,96,5.92952,0.9294252,5.511045311904
68787.4849549844,bench:db046aac80c82fec,96,5.99203,0.9304997,5.575582117391
68795.47683298006,bench:db046aac80c82fec,96,5.95631,0.9296938,5.537544477878
68799.36831898522,bench:db046aac80c82fec,96,2.72365,0.9296938,2.53216051837
68807.47260397766,bench:db046aac80c82fec,96,5.95631,0.9291566,5.534344748146
68815.52436997299,bench:db046aac80c82fec,96,5.5366,0.9294252,5.1458555623199995
68823.54139597737,bench:db046aac80c82fec,96,5.822359,0.9291566,5.4098832924194
68831.48892299505,bench:db046aac80c82fec,96,5.95631,0.9294252,5.535944613012
68835.59929599869,bench:db046aac80c82fec,96,5.68841,0.9294252,5.2869516019319995
68843.52715598652,bench:db046aac80c82fec,96,5.5366,0.9291566,5.14436843156
68851.48214598303,bench:db046aac80c82fec,96,5.64376,0.928888,5.2424209388800005
68859.50383800082,bench:db046aac80c82fec,96,6.02775,0.9294252,5.6023427493
68867.53010499524,bench:db046aac80c82fec,96,5.92059,0.9291566,5.501155274394
68875.47983499826,bench:db046aac80c82fec,96,5.54553,0.928888,5.151176270640001
68883.48326898995,bench:db046aac80c82fec,96,5.67948,0.9291566,5.277126326568
68895.48233599635,bench:db046aac80c82fec,96,5.83129,0.928888,5.416615305520001
68903.48165799514,bench:db046aac80c82fec,96,5.822359,0.9286194,5.4067555211646
68911.52968397364,bench:db046aac80c82fec,96,5.96524,0.9283507,5.537834729668
68918.67821698543,idle,96,5.64376,0.9291566,5.243936852816001
68922.96016297769,idle,96,1.81279,0.9286194,1.6833919621259998
68937.25609997637,idle,96,1.786,0.9286194,1.6585142484
68946.14730399917,idle,96,3.63451,0.8488392,3.0851145607920003
68951.4017229958,idle,96,1.36629,0.8483019,1.159026402951
68966.00060199853,idle,96,1.36629,0.8485706,1.159393525074
68979.66606199043,bench:c0de15395f7d3c90,97,2.82188,0.7228564,2.039814018032
68986.07960197842,bench:c0de15395f7d3c90,97,7.072559,0.9286194,6.5677154950446
68995.62629999127,bench:c0de15395f7d3c90,97,7.072559,0.9294252,6.5734145630868
69003.53260498377,bench:c0de15395f7d3c90,97,2.70579,0.9291566,2.514102636714
69015.2351189754,bench:c0de15395f7d3c90,97,6.50997,0.9202922,5.991074613234
69027.42736900109,bench:c0de15395f7d3c90,97,5.64376,0.9286194,5.240905024944
69039.59956398467,bench:c0de15395f7d3c90,97,5.1794,0.9299625,4.8166477725000005
69043.95008398569,bench:c0de15395f7d3c90,97,5.75985,0.9280821,5.345613683685
69051.58163199667,bench:c0de15395f7d3c90,97,5.0901,0.9294252,4.73086721052
69059.72378599108,bench:c0de15395f7d3c90,97,5.41158,0.9197549,4.977327221742
69071.613409993,bench:c0de15395f7d3c90,97,5.5366,0.928888,5.1428813008
69083.59295799164,bench:c0de15395f7d3c90,97,5.18833,0.9294252,4.822164647916
69087.79683097964,bench:c0de15395f7d3c90,97,5.17047,0.9304997,4.811120783859
69099.68762099743,bench:c0de15395f7d3c90,97,5.29549,0.9294252,4.921761852347999
69111.5803369903,bench:c0de15395f7d3c90,97,5.19726,0.9302311,4.8346528867859995
69115.87878299179,bench:c0de15395f7d3c90,97,5.8938,0.928888,5.4746800944
69127.5304449955,bench:c0de15395f7d3c90,97,7.0547,0.928888,6.553026173600001
69135.75850598863,bench:c0de15395f7d3c90,97,5.70627,0.9291566,5.302018431882
69143.52638597484,bench:c0de15395f7d3c90,97,5.75092,0.9291566,5.343505274072
69148.2973099919,bench:c0de15395f7d3c90,97,8.2156,0.9299625,7.640199915
69155.56836000178,bench:c0de15395f7d3c90,97,5.19726,0.9294252,4.830464414952
69160.06385997753,bench:c0de15395f7d3c90,97,8.769259,0.9286194,8.1433040310246
69164.39671299304,bench:c0de15395f7d3c90,97,5.161539,0.928888,4.7944916386320005
69171.61105998093,bench:c0de15395f7d3c90,97,5.63483,0.9304997,5.243207624551
69175.90950598242,bench:c0de15395f7d3c90,97,5.17047,0.9294252,4.805565113844
69183.7873479817,bench:c0de15395f7d3c90,97,4.25068,0.928888,3.94840564384
69188.58662300045,bench:c0de15395f7d3c90,97,8.2156,0.9302311,7.6424066251600005
69195.79928499297,bench:c0de15395f7d3c90,97,5.07224,0.9294252,4.714267676447999
69200.0679349876,bench:c0de15395f7d3c90,97,5.23298,0.9307683,4.870691898534
69207.71035298822,bench:c0de15395f7d3c90,97,5.60804,0.9286194,5.207734739976
69215.770211973,bench:c0de15395f7d3c90,97,5.23298,0.9294252,4.863663483096
69223.58757298207,bench:c0de15395f7d3c90,97,5.25084,0.9294252,4.880263017168
69231.70022797422,bench:c0de15395f7d3c90,97,5.67055,0.9286194,5.2657827386700005
69243.70210999041,bench:c0de15395f7d3c90,97,5.24191,0.9291566,4.870555273106
69251.7474689812,bench:c0de15395f7d3c90,97,5.70627,0.9286194,5.298953023638
69259.57464397652,bench:c0de15395f7d3c90,97,5.34907,0.9280821,4.964376118647
69271.5921929921,bench:c0de15395f7d3c90,97,5.20619,0.9294252,4.838764181988
69275.83065797808,bench:c0de15395f7d3c90,97,5.25977,0.9294252,4.888562784204
69283.56368598179,bench:c0de15395f7d3c90,97,5.37586,0.928888,4.993571843680001
69287.79083598056,bench:c0de15395f7d3c90,97,5.29549,0.928888,4.91891711512
69295.53219798254,bench:c0de15395f7d3c90,97,5.92952,0.9286194,5.506267304688
69303.5385760013,bench:c0de15395f7d3c90,97,8.2156,0.9299625,7.640199915
69315.62432699138,bench:c0de15395f7d3c90,97,5.18833,0.928888,4.81937747704
69320.40450998466,bench:c0de15395f7d3c90,97,8.2156,0.9299625,7.640199915
69327.59306099615,bench:c0de15395f7d3c90,97,5.43837,0.9291566,5.053097378742
69332.37855799962,bench:c0de15395f7d3c90,97,7.0547,0.928888,6.553026173600001
69339.59831297398,bench:c0de15395f7d3c90,97,5.358,0.928888,4.976981904
69344.33955099666,bench:c0de15395f7d3c90,97,8.78712,0.9329173,8.197656265175999
69351.57830599928,bench:c0de15395f7d3c90,97,5.42051,0.9291566,5.036502641866
69355.80064097303,bench:c0de15395f7d3c90,97,5.143679,0.9296938,4.7820464754901995
69363.54098498123,bench:c0de15395f7d3c90,97,5.92952,0.928888,5.5078599737600005
69375.51812597667,bench:c0de15395f7d3c90,97,8.2156,0.9321114,7.65785441784
69387.61795099708,bench:c0de15395f7d3c90,97,5.161539,0.9283507,4.7917183437273
69399.64825898642,bench:c0de15395f7d3c90,97,5.42051,0.9291566,5.036502641866
69407.5817479752,bench:c0de15395f7d3c90,97,5.23298,0.9291566,4.862257904668001
69412.09372898447,bench:c0de15395f7d3c90,97,8.64424,0.9286194,8.027208962256
69419.58233399782,bench:c0de15395f7d3c90,97,5.25084,0.9291566,4.878852641544
69427.70874800044,bench:c0de15395f7d3c90,97,5.92952,0.9286194,5.506267304688
69439.69427800039,bench:c0de15395f7d3c90,97,5.50088,0.9291566,5.111178957808001
69447.56056397455,bench:c0de15395f7d3c90,97,5.92059,0.9291566,5.501155274394
69451.92078698892,bench:c0de15395f7d3c90,97,5.24191,0.9280821,4.864922840811
69463.57348698075,bench:c0de15395f7d3c90,97,5.42051,0.9291566,5.036502641866
69475.59377597645,bench:c0de15395f7d3c90,97,5.21512,0.9299625,4.849866033
69487.58660198655,bench:c0de15395f7d3c90,97,5.22405,0.9307683,4.862380137615
69495.70388699067,bench:c0de15395f7d3c90,97,6.00096,0.9275449,5.566159843104
69503.53280297713,bench:c0de15395f7d3c90,97,6.0724,0.9294252,5.64384158448
69515.69992399891,bench:c0de15395f7d3c90,97,6.43853,0.9275449,5.972025664997
69519.95275900117,bench:c0de15395f7d3c90,97,5.161539,0.9280821,4.790331954351901
69527.60404799483,bench:c0de15395f7d3c90,97,5.42944,0.9291566,5.044800010304
69535.55136997602,bench:c0de15395f7d3c90,97,5.73306,0.928888,5.325370637280001
69540.09249899536,bench:c0de15395f7d3c90,97,8.64424,0.9294252,8.034174490847999
69551.67245899793,bench:c0de15395f7d3c90,97,5.23298,0.928888,4.860852326240001
69563.60309998854,bench:c0de15395f7d3c90,97,5.22405,0.9313055,4.865186497275
69574.17084599729,idle,97,5.70627,0.9286194,5.298953023638
69578.48108798498,idle,97,1.80386,0.9283507,1.674614693702
69592.72100697854,idle,97,1.76814,0.9286194,1.641929105916
69600.83867999492,idle,97,1.41094,0.8329906,1.175299757164
69608.83844699129,idle,97,1.08946,0.7223192,0.7869378756320001
69627.20723898383,idle,97,1.30378,0.8332592,1.086386679776
69639.62467300007,bench:e1aef64653892312,98,3.3041,0.8182165,2.70346913765
69647.91399298701,bench:e1aef64653892312,98,5.34907,0.918949,4.91552252743
69654.30623598513,bench:e1aef64653892312,98,5.50088,0.9291566,5.111178957808001
69663.52154797642,bench:e1aef64653892312,98,5.43837,0.9286194,5.050175886378
69671.47307499545,bench:e1aef64653892312,98,5.51874,0.9278135,5.12036147499
69679.61969197495,bench:e1aef64653892312,98,5.51874,0.9283507,5.123326142118
69683.59432599391,bench:e1aef64653892312,98,5.57232,0.9286194,5.174564455008
69690.5954159738,bench:e1aef64653892312,98,5.509809,0.9286194,5.1165155276946
69694.6249929897,bench:e1aef64653892312,98,3.10764,0.928888,2.8866495043200002
69698.67031197646,bench:e1aef64653892312,98,5.58125,0.9326486,5.20534499875
69707.30620299582,bench:e1aef64653892312,98,5.54553,0.928888,5.151176270640001
69715.51256100065,bench:e1aef64653892312,98,5.4473,0.9280821,5.055541623330001
69720.02770798281,bench:e1aef64653892312,98,5.58125,0.9369466,5.229333211249999
69724.11956297583,bench:e1aef64653892312,98,5.42944,0.928888,5.04334166272
69731.23617097735,bench:e1aef64653892312,98,5.42944,0.9294252,5.046258357887999
69739.10375399282,bench:e1aef64653892312,98,5.59018,0.9294252,5.195654164536
69747.26724097854,bench:e1aef64653892312,98,5.67055,0.9291566,5.26882895813
69759.5606019895,bench:e1aef64653892312,98,5.474089,0.9286194,5.0833452427266
69763.8491409889,bench:e1aef64653892312,98,5.51874,0.928888,5.126291361120001
69771.27328299684,bench:e1aef64653892312,98,5.45623,0.9286194,5.0667610288619995
69783.5708289931,bench:e1aef64653892312,98,5.58125,0.928888,5.18435615
69787.88795898436,bench:e1aef64653892312,98,5.65269,0.9280821,5.246160405849
69791.87257497688,bench:e1aef64653892312,98,5.58125,0.9280821,5.179858220625
69803.56979198405,bench:e1aef64653892312,98,5.55446,0.9280821,5.154994901166
69807.89827500121,bench:e1aef64653892312,98,5.65269,0.9291566,5.252234221254
69815.26465798379,bench:e1aef64653892312,98,5.65269,0.928888,5.25071590872
69819.62721399032,bench:e1aef64653892312,98,5.63483,0.9294252,5.237152999716
69823.59210698633,bench:e1aef64653892312,98,5.67055,0.9294252,5.27035206786
69831.52839299873,bench:e1aef64653892312,98,5.55446,0.9294252,5.162455096392
69839.54299299512,bench:e1aef64653892312,98,5.66162,0.9291566,5.260531589692
69843.85282799485,bench:e1aef64653892312,98,5.65269,0.9291566,5.252234221254
69847.80935099116,bench:e1aef64653892312,98,5.56339,0.928888,5.16776621032
69851.83768798015,bench:e1aef64653892312,98,5.57232,0.9291566,5.177557905312001
69855.81498799729,bench:e1aef64653892312,98,5.55446,0.9291566,5.160963168436
69859.820157988,bench:e1aef64653892312,98,5.59911,0.9283507,5.197937687876999
69867.55059397547,bench:e1aef64653892312,98,5.5366,0.928888,5.1428813008
69875.53769399528,bench:e1aef64653892312,98,5.51874,0.9286194,5.124809027556
69883.53164598811,bench:e1aef64653892312,98,5.59018,0.9280821,5.188145993778
69895.52206499502,bench:e1aef64653892312,98,5.509809,0.9294252,5.120955331786799
69903.50623999257,bench:e1aef64653892312,98,5.65269,0.9291566,5.252234221254
69911.51711798739,bench:e1aef64653892312,98,5.67055,0.9291566,5.26882895813
69915.58497300139,bench:e1aef64653892312,98,4.21496,0.9286194,3.9140936262239996
69923.6522949941,bench:e1aef64653892312,98,5.64376,0.9294252,5.245452766752
69931.63398798788,bench:e1aef64653892312,98,5.55446,0.9294252,5.162455096392
69935.69928698707,bench:e1aef64653892312,98,5.58125,0.9280821,5.179858220625
69939.97758498881,bench:e1aef64653892312,98,4.25068,0.928888,3.94840564384
69943.9779779932,bench:e1aef64653892312,98,4.68825,0.9286194,4.35359990205
69947.9954999988,bench:e1aef64653892312,98,4.24175,0.9291566,3.94125000805
69951.96376298554,bench:e1aef64653892312,98,4.24175,0.9283507,3.937831581725
69955.91154499562,bench:e1aef64653892312,98,4.23282,0.928888,3.9318157041600004
69959.82319797622,bench:e1aef64653892312,98,4.26854,0.9291566,3.9661421133639996
69963.77242397284,bench:e1aef64653892312,98,4.23282,0.928888,3.9318157041600004
69967.72133599734,bench:e1aef64653892312,98,4.23282,0.9286194,3.9306787687080003
69971.69580298942,bench:e1aef64653892312,98,4.22389,0.9291566,3.9246552711739997
69975.62988099526,bench:e1aef64653892312,98,4.68825,0.928888,4.354859166000001
69979.5544599765,bench:e1aef64653892312,98,4.23282,0.928888,3.9318157041600004
69983.55857498245,bench:e1aef64653892312,98,4.42928,0.9304997,4.121443711216
69987.51230098424,bench:e1aef64653892312,98,4.22389,0.9291566,3.9246552711739997
69991.44339800114,bench:e1aef64653892312,98,4.2864,0.9296938,3.9850395043200004
69995.36832899321,bench:e1aef64653892312,98,4.23282,0.928888,3.9318157041600004
69999.38957300037,bench:e1aef64653892312,98,4.21496,0.928888,3.9152257644799997
70003.37548399693,bench:e1aef64653892312,98,4.24175,0.9286194,3.9389713399499997
70007.38670999999,bench:e1aef64653892312,98,4.20603,0.9294252,3.909190273956
70011.3843989966,bench:e1aef64653892312,98,4.25068,0.9286194,3.947263911192
70015.35892198444,bench:e1aef64653892312,98,4.61681,0.9286194,4.287259332114
70019.34048099793,bench:e1aef64653892312,98,4.22389,0.9286194,3.922386197466
70023.34628099925,bench:e1aef64653892312,98,4.24175,0.9304997,3.946947102475
70027.30913698906,bench:e1aef64653892312,98,4.24175,0.928888,3.940110674
70031.20840099291,bench:e1aef64653892312,98,4.32212,0.9280821,4.011282206052
70035.13271998963,bench:e1aef64653892312,98,4.20603,0.9286194,3.905801054982
70039.14220599108,bench:e1aef64653892312,98,4.22389,0.9286194,3.922386197466
70043.14759798581,bench:e1aef64653892312,98,4.32212,0.9294252,4.017087245423999
70047.06841797451,bench:e1aef64653892312,98,4.23282,0.9286194,3.9306787687080003
70051.04403299629,bench:e1aef64653892312,98,4.21496,0.9291566,3.916357902736
70055.03818497527,bench:e1aef64653892312,98,4.45607,0.9294252,4.141583750964
70058.97592997644,bench:e1aef64653892312,98,4.33998,0.9286194,4.030189623611999
70062.95489697368,bench:e1aef64653892312,98,4.21496,0.928888,3.9152257644799997
70066.88171598944,bench:e1aef64653892312,98,4.465,0.928888,4.14748492
70075.55027399212,bench:e1aef64653892312,98,5.51874,0.9286194,5.124809027556
70079.98345899978,bench:e1aef64653892312,98,5.55446,0.928888,5.15947124048
70084.00951797375,bench:e1aef64653892312,98,2.72365,0.9291566,2.5306973735900002
70091.59678799915,bench:e1aef64653892312,98,5.64376,0.9291566,5.243936852816001
70099.52222299762,bench:e1aef64653892312,98,5.51874,0.9294252,5.129256028248
70103.63405899261,bench:e1aef64653892312,98,5.66162,0.9294252,5.262052300824
70107.9637449875,bench:e1aef64653892312,98,5.65269,0.9291566,5.252234221254
70111.94676798186,bench:e1aef64653892312,98,5.59911,0.928888,5.2009460896799995
70115.95264199423,bench:e1aef64653892312,98,5.51874,0.928888,5.126291361120001
70120.0197369908,bench:e1aef64653892312,98,5.6259,0.9291566,5.22734211594
70124.26199897891,bench:e1aef64653892312,98,5.63483,0.9299625,5.240180593875
70128.28109497786,bench:e1aef64653892312,98,5.65269,0.9283507,5.247678718383
70132.52496698988,bench:e1aef64653892312,98,5.66162,0.9280821,5.254448179002
70139.2402999918,bench:e1aef64653892312,98,5.67055,0.9294252,5.27035206786
70143.64581898553,bench:e1aef64653892312,98,5.52767,0.9291566,5.1360710631219995
70147.91880198754,bench:e1aef64653892312,98,5.65269,0.9286194,5.249197596186
70152.12959999917,bench:e1aef64653892312,98,5.6259,0.9296938,5.230364349419999
70156.09132699319,bench:e1aef64653892312,98,5.64376,0.9304997,5.251516986872001
70163.53187599452,bench:e1aef64653892312,98,5.66162,0.9304997,5.268135711514001
70171.53525399044,bench:e1aef64653892312,98,5.58125,0.9286194,5.18285702625
70179.54118800117,bench:e1aef64653892312,98,5.50088,0.9286194,5.108223885072
70183.84383697412,bench:e1aef64653892312,98,5.67055,0.928888,5.2673058484
70191.53543998254,bench:e1aef64653892312,98,5.66162,0.9294252,5.262052300824
70196.05217999197,bench:e1aef64653892312,98,4.23282,0.9283507,3.929541409974
70203.56206200086,bench:e1aef64653892312,98,4.17031,0.9286194,3.8726307700139997
70207.59663998615,bench:e1aef64653892312,98,5.56339,0.9291566,5.169260536874
70211.59644,bench:e1aef64653892312,98,2.86653,0.9283507,2.661145132071
70215.60372097883,bench:e1aef64653892312,98,4.23282,0.9286194,3.9306787687080003
70223.52461799164,bench:e1aef64653892312,98,5.51874,0.928888,5.126291361120001
70231.60853298032,bench:e1aef64653892312,98,5.50088,0.9294252,5.112656494176
70235.90718198102,idle,98,2.71472,0.9294252,2.5231291789439996
70240.09294397547,idle,98,1.76814,0.9280821,1.640979084294
70254.36856597662,idle,98,1.76814,0.928888,1.64240402832
70261.45982198068,idle,98,2.54505,0.8332592,2.1206863269599996
70267.23505198606,idle,98,1.32164,0.8337965,1.10197880626
70281.91796698957,idle,98,1.28592,0.8332592,1.0715046704639999
70289.27483098232,bench:a23f8cb89136cdd1,99,2.30394,0.8187538,1.8863596299719998
70294.05377298826,bench:a23f8cb89136cdd1,99,2.29501,0.8184852,1.878431718852
70300.26770298718,bench:a23f8cb89136cdd1,99,2.28608,0.8332592,1.904897191936
70304.8243689991,bench:a23f8cb89136cdd1,99,2.29501,0.8335279,1.9129548657789999
70311.02939197444,bench:a23f8cb89136cdd1,99,3.2148,0.928888,2.9861891424
70315.24200498825,bench:a23f8cb89136cdd1,99,3.2148,0.9283507,2.98446183036
70321.74013598706,bench:a23f8cb89136cdd1,99,3.05406,0.9184118,2.8048847419080003
70325.89415699476,bench:a23f8cb89136cdd1,99,3.20587,0.9197549,2.948614641263
70330.03993699094,bench:a23f8cb89136cdd1,99,2.9469,0.9186804,2.70725927076
70334.19336599763,bench:a23f8cb89136cdd1,99,2.95583,0.918949,2.7162570226700002
70338.31959098461,bench:a23f8cb89136cdd1,99,2.95583,0.9197549,2.7186391260670004
70342.49425999587,bench:a23f8cb89136cdd1,99,3.01834,0.918949,2.7737005246599997
70346.64246600005,bench:a23f8cb89136cdd1,99,3.00048,0.9197549,2.759706182352
70350.78874600003,bench:a23f8cb89136cdd1,99,2.92904,0.9186804,2.690851638816
70354.94432298583,bench:a23f8cb89136cdd1,99,2.96476,0.9184118,2.722870568168
70359.11647399189,bench:a23f8cb89136cdd1,99,2.95583,0.918949,2.7162570226700002
70363.35027197492,bench:a23f8cb89136cdd1,99,3.20587,0.9173373,2.940864129951
70369.28994499613,bench:a23f8cb89136cdd1,99,3.2148,0.9294252,2.9879161329599997
70373.50683499244,bench:a23f8cb89136cdd1,99,3.14336,0.9283507,2.918140456352
70377.6440419897,bench:a23f8cb89136cdd1,99,3.07192,0.9286194,2.852644507248
70381.77815597737,bench:a23f8cb89136cdd1,99,3.51842,0.9326486,3.281449487212
70387.45660797576,bench:a23f8cb89136cdd1,99,3.08085,0.9184118,2.82948899403
70391.74460998038,bench:a23f8cb89136cdd1,99,2.99155,0.9184118,2.7474748202900003
70397.28558197385,bench:a23f8cb89136cdd1,99,3.46484,0.9326486,3.2314781752240003
70401.51082497323,bench:a23f8cb89136cdd1,99,3.50056,0.9294252,3.253508678112
70407.96012297506,bench:a23f8cb89136cdd1,99,3.07192,0.9192177,2.823763236984
70413.56041000108,bench:a23f8cb89136cdd1,99,3.36661,0.9286194,3.126299358234
70417.76904198923,bench:a23f8cb89136cdd1,99,3.2148,0.9280821,2.98359833508
70424.2429509759,bench:a23f8cb89136cdd1,99,3.2148,0.9186804,2.95337374992
70428.46295298659,bench:a23f8cb89136cdd1,99,3.50949,0.9197549,3.227870624001
70434.02048098505,bench:a23f8cb89136cdd1,99,3.47377,0.9286194,3.2258102131379998
70438.28314897837,bench:a23f8cb89136cdd1,99,3.50056,0.9326486,3.264792383216
70443.84412199724,bench:a23f8cb89136cdd1,99,2.99155,0.9192177,2.749885710435
70448.13427099143,bench:a23f8cb89136cdd1,99,3.35768,0.9173373,3.0801251054640004
70454.49982897844,bench:a23f8cb89136cdd1,99,3.15229,0.9283507,2.9264306281029997
70458.61514698481,bench:a23f8cb89136cdd1,99,3.16122,0.9283507,2.934720799854
70462.74387199082,bench:a23f8cb89136cdd1,99,3.13443,0.9283507,2.909850284601
70469.26007699221,bench:a23f8cb89136cdd1,99,3.0362,0.9178746,2.78685086052
70473.42991299229,bench:a23f8cb89136cdd1,99,3.20587,0.9202922,2.950337155214
70478.99188500014,bench:a23f8cb89136cdd1,99,3.35768,0.9291566,3.119810532688
70483.23677599546,bench:a23f8cb89136cdd1,99,3.14336,0.9291566,2.9206736901759998
70487.31446400052,bench:a23f8cb89136cdd1,99,3.2148,0.9299625,2.989643445
70491.37976398924,bench:a23f8cb89136cdd1,99,3.2148,0.9304997,2.99137043556
70497.90439498611,bench:a23f8cb89136cdd1,99,3.00941,0.9194863,2.767111266083
70502.07617497654,bench:a23f8cb89136cdd1,99,2.96476,0.9184118,2.722870568168
70506.25484398915,bench:a23f8cb89136cdd1,99,3.51842,0.9181431,3.230413045902
70510.4065319756,bench:a23f8cb89136cdd1,99,3.05406,0.9181431,2.8040641159860002
70514.55705298577,bench:a23f8cb89136cdd1,99,3.22373,0.9197549,2.965041463777
70518.68479599943,bench:a23f8cb89136cdd1,99,3.20587,0.9181431,2.9434474199969998
70522.81270598178,bench:a23f8cb89136cdd1,99,3.00048,0.9192177,2.758094324496
70526.91650600173,bench:a23f8cb89136cdd1,99,3.00048,0.9197549,2.759706182352
70531.13654497429,bench:a23f8cb89136cdd1,99,3.00048,0.9186804,2.756482166592
70535.33765798784,bench:a23f8cb89136cdd1,99,3.00048,0.9184118,2.755676237664
70539.44301299634,bench:a23f8cb89136cdd1,99,2.9469,0.9192177,2.70884264013
70543.62666298402,bench:a23f8cb89136cdd1,99,2.93797,0.9186804,2.6990554547879997
70547.75588799384,bench:a23f8cb89136cdd1,99,3.2148,0.9178746,2.95078326408
70551.90400200081,bench:a23f8cb89136cdd1,99,3.06299,0.9186804,2.813908878396
70556.04613397736,bench:a23f8cb89136cdd1,99,3.07192,0.9186804,2.8221126943679997
70560.15976599883,bench:a23f8cb89136cdd1,99,2.95583,0.918949,2.7162570226700002
70564.30391699541,bench:a23f8cb89136cdd1,99,3.2148,0.9192177,2.9551010619599998
70568.42704999144,bench:a23f8cb89136cdd1,99,3.20587,0.9197549,2.948614641263
70573.99126299424,bench:a23f8cb89136cdd1,99,3.13443,0.9291566,2.912376321738
70578.23180098785,bench:a23f8cb89136cdd1,99,3.50949,0.928888,3.2599231471200003
70583.81166297477,bench:a23f8cb89136cdd1,99,3.20587,0.9186804,2.9451699339479998
70588.06410897523,bench:a23f8cb89136cdd1,99,2.93797,0.9186804,2.6990554547879997
70594.454888982,bench:a23f8cb89136cdd1,99,3.46484,0.9291566,3.219378953944
70598.60844697687,bench:a23f8cb89136cdd1,99,3.2148,0.928888,2.9861891424
70604.26273298799,bench:a23f8cb89136cdd1,99,2.92904,0.918949,2.69163837896
70608.53279099683,bench:a23f8cb89136cdd1,99,3.2148,0.9192177,2.9551010619599998
70614.87305298215,bench:a23f8cb89136cdd1,99,3.10764,0.9286194,2.885814792216
70618.99796299986,bench:a23f8cb89136cdd1,99,3.36661,0.9294252,3.129012172572
70623.12913200003,bench:a23f8cb89136cdd1,99,3.11657,0.928888,2.89494447416
70629.60815199767,bench:a23f8cb89136cdd1,99,2.95583,0.9181431,2.713874919273
70633.77482199576,bench:a23f8cb89136cdd1,99,2.9469,0.9184118,2.70646773342
70639.32007199037,bench:a23f8cb89136cdd1,99,3.43805,0.9294252,3.1954103088599997
70643.60549897538,bench:a23f8cb89136cdd1,99,3.2148,0.9283507,2.98446183036
70647.71003898932,bench:a23f8cb89136cdd1,99,3.2148,0.9283507,2.98446183036
70651.7848020012,bench:a23f8cb89136cdd1,99,3.10764,0.9286194,2.885814792216
70657.45305098244,bench:a23f8cb89136cdd1,99,3.20587,0.9192177,2.946892447899
70661.7856999801,bench:a23f8cb89136cdd1,99,3.0362,0.918949,2.7901129538
70667.31209898717,bench:a23f8cb89136cdd1,99,3.46484,0.9286194,3.217517641896
70671.5549340006,bench:a23f8cb89136cdd1,99,3.2148,0.9280821,2.98359833508
70675.68801000016,bench:a23f8cb89136cdd1,99,3.43805,0.928888,3.1935633884000003
70679.82306898921,bench:a23f8cb89136cdd1,99,3.47377,0.928888,3.2267432677600003
70685.36620799568,bench:a23f8cb89136cdd1,99,3.2148,0.9197549,2.95682805252
70689.68617200153,bench:a23f8cb89136cdd1,99,2.99155,0.9192177,2.749885710435
70695.2309779881,bench:a23f8cb89136cdd1,99,3.11657,0.928888,2.89494447416
70699.51975697768,bench:a23f8cb89136cdd1,99,3.36661,0.9294252,3.129012172572
70705.02463699086,bench:a23f8cb89136cdd1,99,2.95583,0.9192177,2.7170512541910004
70709.44228599546,bench:a23f8cb89136cdd1,99,2.96476,0.9192177,2.725259868252
70714.87559197703,bench:a23f8cb89136cdd1,99,3.00048,0.928888,2.7871098662400002
70719.11226099473,bench:a23f8cb89136cdd1,99,2.9469,0.928888,2.7373400472
70725.78476098715,bench:a23f8cb89136cdd1,99,3.07192,0.9291566,2.854294742672
70729.91981898667,bench:a23f8cb89136cdd1,99,3.50056,0.9286194,3.250687926864
70735.10023899144,bench:a23f8cb89136cdd1,99,2.92904,0.9283507,2.719176334328
70739.45914697833,bench:a23f8cb89136cdd1,99,3.20587,0.9291566,2.978755269242
70743.64544599666,bench:a23f8cb89136cdd1,99,3.00941,0.9275449,2.791362897509
70749.26049198257,bench:a23f8cb89136cdd1,99,3.50056,0.9280821,3.2488070759760004
70753.4718089737,bench:a23f8cb89136cdd1,99,3.42019,0.9270077,3.170542465463
70757.53621899639,bench:a23f8cb89136cdd1,99,3.20587,0.9286194,2.977033075878
70761.67216699105,bench:a23f8cb89136cdd1,99,3.07192,0.9283507,2.851819082344
70767.80050399248,bench:a23f8cb89136cdd1,99,2.91118,0.9280821,2.701814047878
70771.96208099485,bench:a23f8cb89136cdd1,99,3.01834,0.9286194,2.8028890797959995
70777.1739079908,bench:a23f8cb89136cdd1,99,3.47377,0.9291566,3.227676322382
70781.36218799045,bench:a23f8cb89136cdd1,99,3.01834,0.9307683,2.8093751906219997
70786.58679299406,bench:a23f8cb89136cdd1,99,2.93797,0.9283507,2.7274665060789998
70790.86449797614,bench:a23f8cb89136cdd1,99,2.92904,0.9280821,2.718389594184
70796.33863799972,bench:a23f8cb89136cdd1,99,2.92904,0.9186804,2.690851638816
70801.46453998168,bench:a23f8cb89136cdd1,99,3.01834,0.9184118,2.7720790724119997
70807.91481898632,bench:a23f8cb89136cdd1,99,3.2148,0.9280821,2.98359833508
70813.47451399779,bench:a23f8cb89136cdd1,99,3.06299,0.9192177,2.815554622923
70817.7200529899,bench:a23f8cb89136cdd1,99,3.20587,0.9192177,2.946892447899
70823.27402499504,bench:a23f8cb89136cdd1,99,3.11657,0.9283507,2.8932699410989997
70827.51085999189,bench:a23f8cb89136cdd1,99,3.09871,0.928888,2.87835453448
70831.61975198891,bench:a23f8cb89136cdd1,99,3.10764,0.928888,2.8866495043200002
70835.70627399604,bench:a23f8cb89136cdd1,99,3.13443,0.9286194,2.910692505942
70841.27806097968,bench:a23f8cb89136cdd1,99,2.95583,0.9192177,2.7170512541910004
70845.57922897511,bench:a23f8cb89136cdd1,99,3.08978,0.9181431,2.836860187518
70849.75748998113,bench:a23f8cb89136cdd1,99,2.9469,0.9184118,2.70646773342
70853.9321779972,bench:a23f8cb89136cdd1,99,3.22373,0.9184118,2.9607116720140003
70858.04571799235,bench:a23f8cb89136cdd1,99,3.35768,0.9192177,3.0864388869360004
70862.17155397753,bench:a23f8cb89136cdd1,99,2.92011,0.9178746,2.6802947982060004
70867.83148799441,bench:a23f8cb89136cdd1,99,3.05406,0.928888,2.8368796852800005
70872.04248999478,bench:a23f8cb89136cdd1,99,3.2148,0.9280821,2.98359833508
70876.15367799299,bench:a23f8cb89136cdd1,99,3.07192,0.9286194,2.852644507248
70880.2869959909,bench:a23f8cb89136cdd1,99,3.53628,0.9304997,3.290507479116
70888.40394699946,idle,99,3.0362,0.9186804,2.78929743048
70899.32720799698,idle,99,1.72349,0.9286194,1.600466249706
70917.63653798262,idle,99,1.91102,0.8184852,1.564141586904
70926.92221998004,idle,99,1.03588,0.721782,0.74767953816
70945.31512199319,idle,99,1.19662,0.8184852,0.979415760024
70962.2469819733,idle,99,1.19662,0.8184852,0.979415760024
70993.39322297601,bench:3991f1f888c8bb57,100,2.02711,0.7225879,1.464765157969
70998.05199899129,bench:3991f1f888c8bb57,100,1.72349,0.7223192,1.244909918008
71004.31442898116,bench:3991f1f888c8bb57,100,2.92904,0.9184118,2.690064898672
71008.58402298763,bench:3991f1f888c8bb57,100,3.20587,0.9186804,2.9451699339479998
71015.05967299454,bench:3991f1f888c8bb57,100,3.50056,0.9299625,3.2553895290000003
71019.17008298915,bench:3991f1f888c8bb57,100,3.42912,0.9291566,3.186189480192
71023.26990099391,bench:3991f1f888c8bb57,100,3.43805,0.9291566,3.19448684863
71030.0883439777,bench:3991f1f888c8bb57,100,2.9469,0.918949,2.7080508081
71034.1982729733,bench:3991f1f888c8bb57,100,3.35768,0.9192177,3.0864388869360004
71039.79594897828,bench:3991f1f888c8bb57,100,3.13443,0.928888,2.91153441384
71044.02917297557,bench:3991f1f888c8bb57,100,3.2148,0.9283507,2.98446183036
71048.07397298282,bench:3991f1f888c8bb57,100,3.2148,0.9286194,2.98532564712
71052.07064299611,bench:3991f1f888c8bb57,100,3.06299,0.9283507,2.843528910593
71058.59910699655,bench:3991f1f888c8bb57,100,3.35768,0.9192177,3.0864388869360004
71064.21663498622,bench:3991f1f888c8bb57,100,3.2148,0.9286194,2.98532564712
71068.412617984,bench:3991f1f888c8bb57,100,3.46484,0.9291566,3.219378953944
71072.47089897282,bench:3991f1f888c8bb57,100,3.10764,0.9280821,2.884145057244
71076.5060329868,bench:3991f1f888c8bb57,100,3.50056,0.9294252,3.253508678112
71080.57142500184,bench:3991f1f888c8bb57,100,3.07192,0.9286194,2.852644507248
71084.6929459949,bench:3991f1f888c8bb57,100,3.09871,0.9280821,2.875857284091
71088.72259798227,bench:3991f1f888c8bb57,100,3.2148,0.9304997,2.99137043556
71092.76950897765,bench:3991f1f888c8bb57,100,3.34875,0.9299625,3.114211921875
71096.74254999845,bench:3991f1f888c8bb57,100,3.16122,0.9286194,2.935570219668
71100.81660799915,bench:3991f1f888c8bb57,100,3.07192,0.9278135,2.85016884692
71104.91314899991,bench:3991f1f888c8bb57,100,3.22373,0.9283507,2.992752002111
71108.91678198823,bench:3991f1f888c8bb57,100,3.43805,0.9286194,3.19263992817
71112.97576699872,bench:3991f1f888c8bb57,100,3.50949,0.9326486,3.273120935214
71117.0662509976,bench:3991f1f888c8bb57,100,3.07192,0.928888,2.8534696249600002
71121.1138840008,bench:3991f1f888c8bb57,100,3.42912,0.9291566,3.186189480192
71125.14657297288,bench:3991f1f888c8bb57,100,3.51842,0.9286194,3.2672730693479997
71129.16944699828,bench:3991f1f888c8bb57,100,3.63451,0.9286194,3.375076495494
71133.24394999654,bench:3991f1f888c8bb57,100,3.53628,0.9280821,3.281958168588
71138.88931099791,bench:3991f1f888c8bb57,100,3.43805,0.9184118,3.15754568899
71143.19890498882,bench:3991f1f888c8bb57,100,2.92011,0.9186804,2.682647822844
71148.81420999882,bench:3991f1f888c8bb57,100,3.07192,0.9283507,2.851819082344
71153.02082299604,bench:3991f1f888c8bb57,100,3.46484,0.9283507,3.216586639388
71157.0602709835,bench:3991f1f888c8bb57,100,3.49163,0.9294252,3.245208911076
71161.08807097771,bench:3991f1f888c8bb57,100,3.54521,0.9286194,3.2921507830739998
71165.15607398469,bench:3991f1f888c8bb57,100,3.79525,0.9304997,3.531478986425
71169.19894798775,bench:3991f1f888c8bb57,100,3.55414,0.9286194,3.3004433543159997
71173.27865498373,bench:3991f1f888c8bb57,100,3.2148,0.9286194,2.98532564712
71177.32760298532,bench:3991f1f888c8bb57,100,3.08978,0.9291566,2.870889479548
71181.37012398802,bench:3991f1f888c8bb57,100,3.1255,0.928888,2.9032394440000004
71185.42155399336,bench:3991f1f888c8bb57,100,3.07192,0.9283507,2.851819082344
71189.52953797998,bench:3991f1f888c8bb57,100,3.2148,0.9302311,2.99050694028
71193.52857899503,bench:3991f1f888c8bb57,100,3.17015,0.9280821,2.942159469315
71197.55471198005,bench:3991f1f888c8bb57,100,3.08978,0.9286194,2.869229649732
71201.59866000176,bench:3991f1f888c8bb57,100,3.50056,0.9294252,3.253508678112
71205.68377399468,bench:3991f1f888c8bb57,100,3.14336,0.9291566,2.9206736901759998
71209.70705599757,bench:3991f1f888c8bb57,100,3.2148,0.9283507,2.98446183036
71213.75839199754,bench:3991f1f888c8bb57,100,3.50949,0.9294252,3.2618084451479996
71217.80756299268,bench:3991f1f888c8bb57,100,3.06299,0.928888,2.84517465512
71221.88493597787,bench:3991f1f888c8bb57,100,3.14336,0.928888,2.9198293836800002
71225.92373599764,bench:3991f1f888c8bb57,100,3.15229,0.9280821,2.925583923009
71229.99097997672,bench:3991f1f888c8bb57,100,3.2148,0.9326486,2.99827871928
71234.19879699941,bench:3991f1f888c8bb57,100,3.54521,0.9280821,3.290245941741
71238.26789300074,bench:3991f1f888c8bb57,100,3.42912,0.9299625,3.1889530080000004
71242.30765498942,bench:3991f1f888c8bb57,100,3.2148,0.9294252,2.9879161329599997
71248.75630499446,bench:3991f1f888c8bb57,100,2.95583,0.9186804,2.715463086732
71252.91608599946,bench:3991f1f888c8bb57,100,3.50949,0.9186804,3.224099676996
71257.02303298749,bench:3991f1f888c8bb57,100,2.92904,0.9186804,2.690851638816
71261.17597997654,bench:3991f1f888c8bb57,100,3.42912,0.9192177,3.1521077994240003
71265.31622299808,bench:3991f1f888c8bb57,100,3.00941,0.9184118,2.7638776550379998
71269.43259697873,bench:3991f1f888c8bb57,100,3.33982,0.9181431,3.066432688242
71273.54104397818,bench:3991f1f888c8bb57,100,3.2148,0.9197549,2.95682805252
71277.65295398422,bench:3991f1f888c8bb57,100,2.99155,0.9186804,2.74827835062
71281.75990199088,bench:3991f1f888c8bb57,100,3.50056,0.9186804,3.215895861024
71285.88001598837,bench:3991f1f888c8bb57,100,3.36661,0.9173373,3.088316927553
71289.97468500165,bench:3991f1f888c8bb57,100,3.18801,0.918949,2.9296186014899996
71294.13494697656,bench:3991f1f888c8bb57,100,2.95583,0.9186804,2.715463086732
71299.90858398378,bench:3991f1f888c8bb57,100,3.08085,0.9294252,2.86341962742
71303.9971429971,bench:3991f1f888c8bb57,100,3.2148,0.928888,2.9861891424
71308.04779398022,bench:3991f1f888c8bb57,100,3.2148,0.928888,2.9861891424
71312.1141489828,bench:3991f1f888c8bb57,100,3.50056,0.9286194,3.250687926864
71318.52365197847,bench:3991f1f888c8bb57,100,2.92011,0.9184118,2.681863481298
71322.70602398785,bench:3991f1f888c8bb57,100,2.98262,0.9186804,2.7400745346479995
71329.19195198338,bench:3991f1f888c8bb57,100,4.0185,0.9291566,3.7338157971000006
71333.30750997993,bench:3991f1f888c8bb57,100,4.08101,0.9283507,3.788608490207
71337.4045319797,bench:3991f1f888c8bb57,100,3.07192,0.9280821,2.850993964632
71341.51968298829,bench:3991f1f888c8bb57,100,3.14336,0.9280821,2.917296149856
71347.07622899441,bench:3991f1f888c8bb57,100,2.99155,0.9178746,2.7458677596300003
71351.3743049989,bench:3991f1f888c8bb57,100,3.00048,0.9192177,2.758094324496
71357.81515898998,bench:3991f1f888c8bb57,100,3.2148,0.9280821,2.98359833508
71361.89180999645,bench:3991f1f888c8bb57,100,3.42912,0.9286194,3.1843473569280003
71367.50005997601,bench:3991f1f888c8bb57,100,2.92011,0.9194863,2.685001139493
71371.71861698152,bench:3991f1f888c8bb57,100,2.92904,0.9184118,2.690064898672
71377.31977397925,bench:3991f1f888c8bb57,100,3.2148,0.9294252,2.9879161329599997
71381.53985099052,bench:3991f1f888c8bb57,100,3.08978,0.9280821,2.8675695109380004
71388.00362998154,bench:3991f1f888c8bb57,100,3.35768,0.9173373,3.0801251054640004
71394.35113299987,bench:3991f1f888c8bb57,100,3.2148,0.9283507,2.98446183036
71398.47309899051,bench:3991f1f888c8bb57,100,3.14336,0.9286194,2.918985077184
71402.53191697411,bench:3991f1f888c8bb57,100,3.36661,0.9291566,3.128107901126
71406.61028999602,bench:3991f1f888c8bb57,100,3.42912,0.9283507,3.1834259523840003
71412.24602097645,bench:3991f1f888c8bb57,100,3.36661,0.9186804,3.092838621444
71416.51428199839,bench:3991f1f888c8bb57,100,3.2148,0.9176059,2.9499194473199997
71422.09169900161,bench:3991f1f888c8bb57,100,3.42912,0.9283507,3.1834259523840003
71426.29410797963,bench:3991f1f888c8bb57,100,3.2148,0.9280821,2.98359833508
71432.75727698347,bench:3991f1f888c8bb57,100,3.42912,0.9178746,3.1475021483520003
71439.2066859873,bench:3991f1f888c8bb57,100,3.20587,0.9286194,2.977033075878
71443.37237399304,bench:3991f1f888c8bb57,100,3.11657,0.9283507,2.8932699410989997
71449.94615297765,bench:3991f1f888c8bb57,100,2.92011,0.8883263,2.5940105118930004
71454.14628399885,bench:3991f1f888c8bb57,100,2.59863,0.8891322,2.310525608886
71459.94627298205,bench:3991f1f888c8bb57,100,2.99155,0.918949,2.7490818809500004
71464.26308900118,bench:3991f1f888c8bb57,100,2.96476,0.9186804,2.723666902704
71470.75227598543,bench:3991f1f888c8bb57,100,3.07192,0.9283507,2.851819082344
71474.82824197505,bench:3991f1f888c8bb57,100,3.42019,0.9286194,3.176054785686
71478.89268997824,bench:3991f1f888c8bb57,100,3.2148,0.9280821,2.98359833508
71482.90034200181,bench:3991f1f888c8bb57,100,3.07192,0.9286194,2.852644507248
71486.95521597983,bench:3991f1f888c8bb57,100,3.45591,0.9283507,3.2082964676369996
71492.50000299071,bench:3991f1f888c8bb57,100,2.93797,0.918949,2.69984459353
71496.86328097596,bench:3991f1f888c8bb57,100,3.47377,0.9192177,3.193150869729
71503.323264973,bench:3991f1f888c8bb57,100,3.50056,0.9291566,3.252568427696
71507.39654598874,bench:3991f1f888c8bb57,100,3.35768,0.9291566,3.119810532688
71511.4756229741,bench:3991f1f888c8bb57,100,3.07192,0.9286194,2.852644507248
71515.58227397618,bench:3991f1f888c8bb57,100,3.49163,0.9294252,3.245208911076
71519.67051799875,bench:3991f1f888c8bb57,100,3.42019,0.9283507,3.1751357806329996
71523.69261399144,bench:3991f1f888c8bb57,100,3.20587,0.9294252,2.979616365924
71527.71748797386,bench:3991f1f888c8bb57,100,3.13443,0.9283507,2.909850284601
71531.80495399283,bench:3991f1f888c8bb57,100,3.09871,0.9280821,2.875857284091
71535.71256998111,bench:3991f1f888c8bb57,100,3.2148,0.9286194,2.98532564712
71539.84023898374,bench:3991f1f888c8bb57,100,3.50056,0.9291566,3.252568427696
71543.96122400067,bench:3991f1f888c8bb57,100,3.2148,0.9283507,2.98446183036
71547.97731997678,bench:3991f1f888c8bb57,100,3.50056,0.9294252,3.253508678112
71552.03389699454,bench:3991f1f888c8bb57,100,3.20587,0.9286194,2.977033075878
71556.0845489963,bench:3991f1f888c8bb57,100,3.50949,0.9291566,3.260865796134
71560.1711809868,bench:3991f1f888c8bb57,100,3.2148,0.9280821,2.98359833508
71564.19375899713,bench:3991f1f888c8bb57,100,3.52735,0.9283507,3.274617841645
71568.24189197505,bench:3991f1f888c8bb57,100,3.07192,0.9294252,2.855119860384
71572.3225249967,bench:3991f1f888c8bb57,100,3.45591,0.9283507,3.2082964676369996
71576.40210198588,bench:3991f1f888c8bb57,100,3.50056,0.9294252,3.253508678112
71580.47141999123,bench:3991f1f888c8bb57,100,3.50056,0.9299625,3.2553895290000003
71584.51468299609,bench:3991f1f888c8bb57,100,3.04513,0.9283507,2.8269485670909997
71588.54961197358,bench:3991f1f888c8bb57,100,3.42912,0.9283507,3.1834259523840003
71592.69018899067,idle,100,2.64328,0.928888,2.45531107264
71597.13452297729,idle,100,2.26822,0.9286194,2.106313095468
71611.39842297416,idle,100,1.72349,0.9280821,1.599540218529
71619.69885398867,idle,100,1.17876,0.8179479,0.964164266604
71627.70202799584,idle,100,1.00909,0.7223192,0.7288850815280001
71646.03565298603,idle,100,1.2502,0.8332592,1.0417406518399999
71654.31708499091,bench:d1ba4658742ecfdd,101,1.57168,0.7225879,1.135676950672
71658.9270089753,bench:d1ba4658742ecfdd,101,1.58061,0.7225879,1.142129660619
71666.0175799916,bench:d1ba4658742ecfdd,101,2.7683,0.9186804,2.54318295132
71670.2563969884,bench:d1ba4658742ecfdd,101,2.75044,0.9184118,2.526036551192
71674.43682497833,bench:d1ba4658742ecfdd,101,2.75044,0.9184118,2.526036551192
71680.52940399502,bench:d1ba4658742ecfdd,101,2.88439,0.9280821,2.676950728419
71684.69431399717,bench:d1ba4658742ecfdd,101,2.8576,0.928888,2.6543903488000002
71688.80127999,bench:d1ba4658742ecfdd,101,2.91118,0.9286194,2.703378224892
71693.00807800028,bench:d1ba4658742ecfdd,101,2.9469,0.928888,2.7373400472
71699.40672797384,bench:d1ba4658742ecfdd,101,2.75937,0.9178746,2.532755635002
71706.24415299972,bench:d1ba4658742ecfdd,101,2.87546,0.928888,2.67098028848
71710.44635897852,bench:d1ba4658742ecfdd,101,3.68809,0.9294252,3.4278037858679995
71715.40959598497,bench:d1ba4658742ecfdd,101,2.79509,0.9286194,2.595574798746
71720.51160898991,bench:d1ba4658742ecfdd,101,2.80402,0.9286194,2.603867369988
71725.6562699913,bench:d1ba4658742ecfdd,101,2.68793,0.9294252,2.498229877836
71729.9335669959,bench:d1ba4658742ecfdd,101,2.77723,0.928888,2.57973562024
71735.21393098054,bench:d1ba4658742ecfdd,101,2.77723,0.9286194,2.578989656262
71739.42000698298,bench:d1ba4658742ecfdd,101,2.75044,0.9286194,2.554111942536
71743.565398996,bench:d1ba4658742ecfdd,101,2.82188,0.928888,2.6212104694400002
71747.70025297767,bench:d1ba4658742ecfdd,101,2.74151,0.9280821,2.544346357971
71753.81305397605,bench:d1ba4658742ecfdd,101,2.89332,0.9286194,2.686793082408
71758.03957498283,bench:d1ba4658742ecfdd,101,2.75937,0.9286194,2.562404513778
71762.24670599913,bench:d1ba4658742ecfdd,101,2.72365,0.928888,2.5299658012000004
71766.47320800112,bench:d1ba4658742ecfdd,101,2.679,0.9291566,2.4892105314
71770.63267398626,bench:d1ba4658742ecfdd,101,2.63435,0.9283507,2.445600666545
71774.88686097786,bench:d1ba4658742ecfdd,101,2.77723,0.9283507,2.578243414561
71779.12043698598,bench:d1ba4658742ecfdd,101,2.74151,0.9291566,2.547292110466
71786.90833499422,bench:d1ba4658742ecfdd,101,2.75937,0.9186804,2.534979135348
71794.8898979812,bench:d1ba4658742ecfdd,101,2.92011,0.9286194,2.7116707961340003
71799.10147399642,bench:d1ba4658742ecfdd,101,2.88439,0.9283507,2.677725475573
71803.29775399878,bench:d1ba4658742ecfdd,101,2.82188,0.928888,2.6212104694400002
71810.6754149776,bench:d1ba4658742ecfdd,101,2.22357,0.8633446,1.9197071522220002
71815.2668029943,bench:d1ba4658742ecfdd,101,2.31287,0.8638819,1.9980465300530001
71821.07590298983,bench:d1ba4658742ecfdd,101,2.92011,0.9283507,2.710886162577
71825.32012698357,bench:d1ba4658742ecfdd,101,2.92904,0.9283507,2.719176334328
71831.69057397754,bench:d1ba4658742ecfdd,101,2.73258,0.9181431,2.508899472198
71838.1449279841,bench:d1ba4658742ecfdd,101,2.86653,0.9280821,2.660375182113
71842.25335699739,bench:d1ba4658742ecfdd,101,2.92011,0.9286194,2.7116707961340003
71847.88817999652,bench:d1ba4658742ecfdd,101,2.74151,0.9186804,2.518571503404
71852.1674409858,bench:d1ba4658742ecfdd,101,2.70579,0.9181431,2.484302418549
71858.48661098862,bench:d1ba4658742ecfdd,101,2.78616,0.9286194,2.587282227504
71862.6232239767,bench:d1ba4658742ecfdd,101,2.86653,0.9286194,2.661915368682
71866.85283697443,bench:d1ba4658742ecfdd,101,2.91118,0.9283507,2.702595990826
71872.41003199597,bench:d1ba4658742ecfdd,101,2.70579,0.9184118,2.485029464322
71876.74471799983,bench:d1ba4658742ecfdd,101,2.7683,0.9186804,2.54318295132
71883.18223899114,bench:d1ba4658742ecfdd,101,2.88439,0.9283507,2.677725475573
71887.39088899456,bench:d1ba4658742ecfdd,101,2.91118,0.9283507,2.702595990826
71891.48270699661,bench:d1ba4658742ecfdd,101,2.93797,0.9286194,2.728255938618
71899.60393597721,bench:d1ba4658742ecfdd,101,2.83974,0.9283507,2.636274616818
71903.80949300015,bench:d1ba4658742ecfdd,101,2.88439,0.9286194,2.678500511166
71908.01153299981,bench:d1ba4658742ecfdd,101,2.86653,0.9286194,2.661915368682
71913.48856099648,bench:d1ba4658742ecfdd,101,2.83974,0.9186804,2.608813479096
71917.88056198857,bench:d1ba4658742ecfdd,101,2.79509,0.918949,2.5685451604100002
71922.08239698084,bench:d1ba4658742ecfdd,101,2.75044,0.9186804,2.526775319376
71926.38793599326,bench:d1ba4658742ecfdd,101,2.81295,0.918949,2.58495758955
71931.94075999781,bench:d1ba4658742ecfdd,101,2.91118,0.9294252,2.7057240537359997
71936.21572398115,bench:d1ba4658742ecfdd,101,2.84867,0.928888,2.64609537896
71940.40535599925,bench:d1ba4658742ecfdd,101,2.91118,0.928888,2.70416016784
71944.54858099925,bench:d1ba4658742ecfdd,101,2.89332,0.928888,2.6875702281600002
71948.75186099671,bench:d1ba4658742ecfdd,101,2.92011,0.928888,2.71245513768
71952.87482699496,bench:d1ba4658742ecfdd,101,2.88439,0.928888,2.67927525832
71958.45742800157,bench:d1ba4658742ecfdd,101,2.69686,0.9184118,2.476828046948
71962.77628099779,bench:d1ba4658742ecfdd,101,2.75937,0.9184118,2.534237968566
71966.99002399691,bench:d1ba4658742ecfdd,101,2.73258,0.918949,2.51110165842
71971.18265597965,bench:d1ba4658742ecfdd,101,2.7683,0.9186804,2.54318295132
71975.38880599313,bench:d1ba4658742ecfdd,101,2.81295,0.9192177,2.585713429215
71982.07225097576,bench:d1ba4658742ecfdd,101,2.93797,0.9286194,2.728255938618
71986.25617899233,bench:d1ba4658742ecfdd,101,2.8576,0.9283507,2.65285496032
71990.42186699808,bench:d1ba4658742ecfdd,101,2.93797,0.9286194,2.728255938618
71994.63133199606,bench:d1ba4658742ecfdd,101,2.89332,0.9291566,2.6883473739120003
71998.81766698672,bench:d1ba4658742ecfdd,101,2.90225,0.928888,2.6958651980000004
72002.91694799671,bench:d1ba4658742ecfdd,101,2.92011,0.9280821,2.7101018210310004
72007.08232098259,bench:d1ba4658742ecfdd,101,2.91118,0.928888,2.70416016784
72011.3536369754,bench:d1ba4658742ecfdd,101,2.92011,0.9294252,2.714023820772
72017.6778989844,bench:d1ba4658742ecfdd,101,2.82188,0.9181431,2.590889651028
72021.94527100073,bench:d1ba4658742ecfdd,101,2.67007,0.9186804,2.4529409756279996
72026.19397698436,bench:d1ba4658742ecfdd,101,2.70579,0.918949,2.48648301471
72030.39012697991,bench:d1ba4658742ecfdd,101,2.82188,0.9186804,2.592405847152
72034.57016599714,bench:d1ba4658742ecfdd,101,2.73258,0.9184118,2.509633716444
72038.82753898506,bench:d1ba4658742ecfdd,101,2.80402,0.9186804,2.5759982152079997
72043.03696699208,bench:d1ba4658742ecfdd,101,2.80402,0.9181431,2.574491615262
72047.26448698784,bench:d1ba4658742ecfdd,101,2.74151,0.9192177,2.520044516727
72051.50191497523,bench:d1ba4658742ecfdd,101,2.71472,0.9192177,2.4954186745439997
72058.37757998961,bench:d1ba4658742ecfdd,101,3.10764,0.928888,2.8866495043200002
72062.5899519946,bench:d1ba4658742ecfdd,101,2.87546,0.9286194,2.670207939924
72066.75902899588,bench:d1ba4658742ecfdd,101,2.87546,0.9283507,2.669435303822
72070.86997598526,bench:d1ba4658742ecfdd,101,2.91118,0.928888,2.70416016784
72075.0486079778,bench:d1ba4658742ecfdd,101,2.86653,0.9283507,2.661145132071
72079.20529597322,bench:d1ba4658742ecfdd,101,2.86653,0.9291566,2.663455268598
72083.35322397761,bench:d1ba4658742ecfdd,101,2.90225,0.9283507,2.6943058190749998
72087.4094129831,bench:d1ba4658742ecfdd,101,2.88439,0.928888,2.67927525832
72091.55871198163,bench:d1ba4658742ecfdd,101,2.92011,0.928888,2.71245513768
72095.7508989959,bench:d1ba4658742ecfdd,101,2.91118,0.928888,2.70416016784
72099.92740099551,bench:d1ba4658742ecfdd,101,2.84867,0.9294252,2.647625684484
72103.99684897857,bench:d1ba4658742ecfdd,101,2.88439,0.9283507,2.677725475573
72108.13324098126,bench:d1ba4658742ecfdd,101,2.90225,0.9286194,2.69508565365
72112.30872399756,bench:d1ba4658742ecfdd,101,2.8576,0.928888,2.6543903488000002
72116.48346699076,bench:d1ba4658742ecfdd,101,2.82188,0.9286194,2.620452512472
72120.68717298098,bench:d1ba4658742ecfdd,101,2.88439,0.9286194,2.678500511166
72124.84597199364,bench:d1ba4658742ecfdd,101,2.87546,0.9280821,2.668662955266
72129.00228897342,bench:d1ba4658742ecfdd,101,2.83974,0.9286194,2.637037654956
72133.16284699249,bench:d1ba4658742ecfdd,101,2.93797,0.9286194,2.728255938618
72137.3642940016,bench:d1ba4658742ecfdd,101,2.9469,0.9294252,2.7389231218799996
72141.53685199562,bench:d1ba4658742ecfdd,101,2.96476,0.928888,2.7539299868800002
72145.70729900151,bench:d1ba4658742ecfdd,101,2.86653,0.9294252,2.664225218556
72149.89689399954,bench:d1ba4658742ecfdd,101,2.88439,0.928888,2.67927525832
72154.06296998844,bench:d1ba4658742ecfdd,101,2.83081,0.928888,2.6295054392800004
72158.17199199228,bench:d1ba4658742ecfdd,101,2.81295,0.9286194,2.61215994123
72162.31180899194,bench:d1ba4658742ecfdd,101,2.93797,0.9280821,2.726677367337
72166.47744097281,bench:d1ba4658742ecfdd,101,2.87546,0.9283507,2.669435303822
72170.63716598204,bench:d1ba4658742ecfdd,101,2.84867,0.9283507,2.644564788569
72174.80964999413,bench:d1ba4658742ecfdd,101,2.89332,0.928888,2.6875702281600002
72178.95357799716,bench:d1ba4658742ecfdd,101,2.84867,0.928888,2.64609537896
72183.14106197795,bench:d1ba4658742ecfdd,101,2.89332,0.928888,2.6875702281600002
72187.23154597683,bench:d1ba4658742ecfdd,101,2.91118,0.9283507,2.702595990826
72191.36001198785,bench:d1ba4658742ecfdd,101,2.87546,0.9286194,2.670207939924
72195.6043659884,bench:d1ba4658742ecfdd,101,2.87546,0.9280821,2.668662955266
72199.80266399216,bench:d1ba4658742ecfdd,101,2.91118,0.9286194,2.703378224892
72204.04646199313,bench:d1ba4658742ecfdd,101,2.8576,0.9286194,2.65362279744
72208.1106879923,bench:d1ba4658742ecfdd,101,2.90225,0.928888,2.6958651980000004
72212.29135699105,bench:d1ba4658742ecfdd,101,2.83081,0.9291566,2.630265794846
72218.68791498127,bench:d1ba4658742ecfdd,101,2.7683,0.9186804,2.54318295132
72222.92715698131,bench:d1ba4658742ecfdd,101,2.77723,0.9184118,2.550640803314
72229.39123297692,bench:d1ba4658742ecfdd,101,2.84867,0.9283507,2.644564788569
72233.4667359828,bench:d1ba4658742ecfdd,101,2.83081,0.928888,2.6295054392800004
72237.63775697444,bench:d1ba4658742ecfdd,101,2.86653,0.9286194,2.661915368682
72241.84018498636,bench:d1ba4658742ecfdd,101,2.89332,0.928888,2.6875702281600002
72246.03161399136,bench:d1ba4658742ecfdd,101,2.92904,0.9296938,2.723110327952
72250.1735049882,bench:d1ba4658742ecfdd,101,2.88439,0.9283507,2.677725475573
72255.63764499384,idle,101,1.61633,0.9184118,1.4844565446940001
72260.78226897516,idle,101,1.63419,0.9186804,1.501298322876
72278.31882698229,idle,101,1.49131,0.888595,1.32517060945
72286.25207598088,idle,101,1.00909,0.721782,0.72834299838
72290.83872298361,idle,101,1.00016,0.7223192,0.722434771072
72308.10770898825,idle,101,1.22341,0.8332592,1.0194176378720001
72314.09438099945,bench:a35b111ddb1a90ac,102,1.94674,0.8335279,1.6226621040459999
72318.60086298548,bench:a35b111ddb1a90ac,102,1.98246,0.8335279,1.6524357206340001
72325.61574899592,bench:a35b111ddb1a90ac,102,2.8576,0.928888,2.6543903488000002
72329.73288098583,bench:a35b111ddb1a90ac,102,2.90225,0.9283507,2.6943058190749998
72333.82427299512,bench:a35b111ddb1a90ac,102,2.92904,0.9294252,2.722323587808
72337.90722099366,bench:a35b111ddb1a90ac,102,2.92904,0.9294252,2.722323587808
72342.05357497558,bench:a35b111ddb1a90ac,102,2.8576,0.9286194,2.65362279744
72346.27276199171,bench:a35b111ddb1a90ac,102,2.92904,0.9291566,2.7215368476640003
72350.43954197317,bench:a35b111ddb1a90ac,102,2.92904,0.928888,2.7207501075200002
72354.78161799256,bench:a35b111ddb1a90ac,102,2.84867,0.9280821,2.643799635807
72360.19772099098,bench:a35b111ddb1a90ac,102,2.84867,0.918949,2.61778244783
72364.57886899007,bench:a35b111ddb1a90ac,102,2.71472,0.9192177,2.4954186745439997
72368.72185399989,bench:a35b111ddb1a90ac,102,2.74151,0.9192177,2.520044516727
72375.54653797997,bench:a35b111ddb1a90ac,102,2.89332,0.928888,2.6875702281600002
72379.69278098899,bench:a35b111ddb1a90ac,102,2.92904,0.9280821,2.718389594184
72383.7670989742,bench:a35b111ddb1a90ac,102,2.96476,0.9283507,2.752337021332
72387.85787997767,bench:a35b111ddb1a90ac,102,2.92011,0.9286194,2.7116707961340003
72391.96573497611,bench:a35b111ddb1a90ac,102,2.84867,0.9283507,2.644564788569
72396.09855198069,bench:a35b111ddb1a90ac,102,2.90225,0.9304997,2.7005427543250002
72400.24438800174,bench:a35b111ddb1a90ac,102,2.90225,0.9283507,2.6943058190749998
72404.3529649789,bench:a35b111ddb1a90ac,102,2.88439,0.9286194,2.678500511166
72408.42876399984,bench:a35b111ddb1a90ac,102,2.93797,0.9291566,2.729834216102
72412.55006397841,bench:a35b111ddb1a90ac,102,2.87546,0.9286194,2.670207939924
72416.60338197835,bench:a35b111ddb1a90ac,102,2.92011,0.9283507,2.710886162577
72420.68458898575,bench:a35b111ddb1a90ac,102,2.91118,0.928888,2.70416016784
72424.84088698984,bench:a35b111ddb1a90ac,102,2.91118,0.9280821,2.701814047878
72428.91563099693,bench:a35b111ddb1a90ac,102,2.97369,0.9286194,2.761426223586
72433.0281529983,bench:a35b111ddb1a90ac,102,2.84867,0.9294252,2.647625684484
72437.16971098911,bench:a35b111ddb1a90ac,102,2.93797,0.9280821,2.726677367337
72441.2752139906,bench:a35b111ddb1a90ac,102,2.95583,0.9283507,2.744046849581
72445.3821979987,bench:a35b111ddb1a90ac,102,2.95583,0.9283507,2.744046849581
72449.45333097712,bench:a35b111ddb1a90ac,102,2.91118,0.928888,2.70416016784
72453.54740798939,bench:a35b111ddb1a90ac,102,2.95583,0.9286194,2.7448410811020003
72457.65115198446,bench:a35b111ddb1a90ac,102,2.96476,0.9280821,2.751540686796
72461.78130299086,bench:a35b111ddb1a90ac,102,2.92011,0.9294252,2.714023820772
72467.44388499064,bench:a35b111ddb1a90ac,102,2.78616,0.9197549,2.562584312184
72471.73677597311,bench:a35b111ddb1a90ac,102,2.78616,0.9186804,2.5595905832640002
72478.14579599071,bench:a35b111ddb1a90ac,102,2.88439,0.9286194,2.678500511166
72482.24287299672,bench:a35b111ddb1a90ac,102,2.95583,0.928888,2.74563501704
72486.36982098105,bench:a35b111ddb1a90ac,102,2.92011,0.9278135,2.709317479485
72490.51104599494,bench:a35b111ddb1a90ac,102,2.89332,0.9286194,2.686793082408
72494.61014097324,bench:a35b111ddb1a90ac,102,2.92011,0.9286194,2.7116707961340003
72498.70369999553,bench:a35b111ddb1a90ac,102,2.93797,0.9294252,2.730623354844
72502.83685099566,bench:a35b111ddb1a90ac,102,2.84867,0.9283507,2.644564788569
72506.92792798509,bench:a35b111ddb1a90ac,102,2.86653,0.928888,2.6626853186400004
72511.03367097676,bench:a35b111ddb1a90ac,102,2.92011,0.9283507,2.710886162577
72515.18206298351,bench:a35b111ddb1a90ac,102,2.86653,0.9280821,2.660375182113
72519.28013999714,bench:a35b111ddb1a90ac,102,2.91118,0.9296938,2.7065059966839997
72523.37706898106,bench:a35b111ddb1a90ac,102,2.90225,0.928888,2.6958651980000004
72527.496478986,bench:a35b111ddb1a90ac,102,2.92904,0.9286194,2.719963367376
72531.58512999653,bench:a35b111ddb1a90ac,102,2.89332,0.928888,2.6875702281600002
72535.6896519952,bench:a35b111ddb1a90ac,102,2.91118,0.9286194,2.703378224892
72539.80585798854,bench:a35b111ddb1a90ac,102,2.86653,0.9283507,2.661145132071
72543.92037997604,bench:a35b111ddb1a90ac,102,2.92904,0.9286194,2.719963367376
72548.0753640004,bench:a35b111ddb1a90ac,102,2.88439,0.9286194,2.678500511166
72552.16788497637,bench:a35b111ddb1a90ac,102,2.92904,0.9286194,2.719963367376
72556.30168397329,bench:a35b111ddb1a90ac,102,2.92011,0.9286194,2.7116707961340003
72560.40470598964,bench:a35b111ddb1a90ac,102,2.92011,0.9286194,2.7116707961340003
72564.46556097944,bench:a35b111ddb1a90ac,102,2.95583,0.9294252,2.747222888916
72568.60047098598,bench:a35b111ddb1a90ac,102,2.92011,0.928888,2.71245513768
72572.70532599068,bench:a35b111ddb1a90ac,102,2.91118,0.928888,2.70416016784
72576.79918099893,bench:a35b111ddb1a90ac,102,2.90225,0.9286194,2.69508565365
72580.8733869926,bench:a35b111ddb1a90ac,102,2.88439,0.928888,2.67927525832
72584.97857599286,bench:a35b111ddb1a90ac,102,2.98262,0.9286194,2.769718794828
72589.111837995,bench:a35b111ddb1a90ac,102,2.92011,0.928888,2.71245513768
72593.21245198953,bench:a35b111ddb1a90ac,102,3.4827,0.928888,3.2350382376
72597.33336197678,bench:a35b111ddb1a90ac,102,2.92904,0.9286194,2.719963367376
72601.38873598771,bench:a35b111ddb1a90ac,102,2.88439,0.9283507,2.677725475573
72605.51397898234,bench:a35b111ddb1a90ac,102,2.83081,0.9286194,2.628745083714
72609.64472297928,bench:a35b111ddb1a90ac,102,2.86653,0.9286194,2.661915368682
72613.75120698358,bench:a35b111ddb1a90ac,102,2.92011,0.9286194,2.7116707961340003
72617.86819098052,bench:a35b111ddb1a90ac,102,2.89332,0.9280821,2.685238501572
72621.98480498046,bench:a35b111ddb1a90ac,102,2.92011,0.9286194,2.7116707961340003
72626.11615998321,bench:a35b111ddb1a90ac,102,2.92011,0.9286194,2.7116707961340003
72630.20375499036,bench:a35b111ddb1a90ac,102,2.93797,0.9286194,2.728255938618
72634.33579498087,bench:a35b111ddb1a90ac,102,2.90225,0.9283507,2.6943058190749998
72638.50868598092,bench:a35b111ddb1a90ac,102,2.91118,0.9294252,2.7057240537359997
72642.61831899057,bench:a35b111ddb1a90ac,102,2.92011,0.928888,2.71245513768
72646.74737697351,bench:a35b111ddb1a90ac,102,2.92011,0.9283507,2.710886162577
72650.94524997403,bench:a35b111ddb1a90ac,102,2.92011,0.9286194,2.7116707961340003
72655.04138197866,bench:a35b111ddb1a90ac,102,2.89332,0.9280821,2.685238501572
72659.24155098037,bench:a35b111ddb1a90ac,102,2.8576,0.9286194,2.65362279744
72663.37523897528,bench:a35b111ddb1a90ac,102,2.89332,0.9286194,2.686793082408
72667.55764899426,bench:a35b111ddb1a90ac,102,2.88439,0.9294252,2.680824752628
72671.67509597493,bench:a35b111ddb1a90ac,102,2.86653,0.9304997,2.6673053050410003
72675.7475810009,bench:a35b111ddb1a90ac,102,2.92011,0.9291566,2.7132394792260004
72679.85717600095,bench:a35b111ddb1a90ac,102,2.8576,0.9291566,2.6551579001600003
72683.94410499604,bench:a35b111ddb1a90ac,102,2.92904,0.928888,2.7207501075200002
72688.0406079872,bench:a35b111ddb1a90ac,102,2.81295,0.9283507,2.611404101565
72692.18875898514,bench:a35b111ddb1a90ac,102,2.91118,0.9294252,2.7057240537359997
72696.28453999758,bench:a35b111ddb1a90ac,102,2.92904,0.928888,2.7207501075200002
72700.3194509889,bench:a35b111ddb1a90ac,102,2.92011,0.9286194,2.7116707961340003
72704.4447309745,bench:a35b111ddb1a90ac,102,2.89332,0.928888,2.6875702281600002
72708.55782699073,bench:a35b111ddb1a90ac,102,2.88439,0.9286194,2.678500511166
72712.85888398415,bench:a35b111ddb1a90ac,102,2.75937,0.928888,2.5631456805600004
72717.83384197624,bench:a35b111ddb1a90ac,102,2.79509,0.9286194,2.595574798746
72722.94285497628,bench:a35b111ddb1a90ac,102,2.91118,0.9286194,2.703378224892
72728.94591698423,bench:a35b111ddb1a90ac,102,2.71472,0.928888,2.52167083136
72734.1813359817,bench:a35b111ddb1a90ac,102,2.7683,0.928888,2.5714406504
72738.39183797827,bench:a35b111ddb1a90ac,102,2.84867,0.9283507,2.644564788569
72743.60240600072,bench:a35b111ddb1a90ac,102,2.72365,0.9286194,2.52923422881
72747.89864799823,bench:a35b111ddb1a90ac,102,2.78616,0.9304997,2.5925210441520004
72753.93667200115,bench:a35b111ddb1a90ac,102,2.78616,0.9278135,2.58503686116
72758.10469299904,bench:a35b111ddb1a90ac,102,2.78616,0.9296938,2.590275677808
72762.2876209789,bench:a35b111ddb1a90ac,102,2.7683,0.9286194,2.57069708502
72767.5807249907,bench:a35b111ddb1a90ac,102,2.71472,0.9286194,2.5209416575679997
72771.85015298892,bench:a35b111ddb1a90ac,102,2.77723,0.9283507,2.578243414561
72777.081608976,bench:a35b111ddb1a90ac,102,2.92904,0.9283507,2.719176334328
72781.31440799916,bench:a35b111ddb1a90ac,102,2.91118,0.9286194,2.703378224892
72787.34881998389,bench:a35b111ddb1a90ac,102,2.7683,0.928888,2.5714406504
72794.48035400128,bench:a35b111ddb1a90ac,102,2.7683,0.9181431,2.54169554373
72800.07212198689,bench:a35b111ddb1a90ac,102,2.88439,0.9286194,2.678500511166
72804.2993650015,bench:a35b111ddb1a90ac,102,2.88439,0.9304997,2.683924029683
72808.37221999536,bench:a35b111ddb1a90ac,102,2.92011,0.928888,2.71245513768
72812.48090797453,bench:a35b111ddb1a90ac,102,2.90225,0.9294252,2.6974242867
72816.56470699818,bench:a35b111ddb1a90ac,102,2.92011,0.928888,2.71245513768
72820.71161697968,bench:a35b111ddb1a90ac,102,2.88439,0.9294252,2.680824752628
72824.8416389979,bench:a35b111ddb1a90ac,102,2.92011,0.9286194,2.7116707961340003
72828.91777099576,bench:a35b111ddb1a90ac,102,2.90225,0.9286194,2.69508565365
72833.01169998595,bench:a35b111ddb1a90ac,102,2.93797,0.9286194,2.728255938618
72837.09114798694,bench:a35b111ddb1a90ac,102,2.93797,0.9291566,2.729834216102
72841.23741000076,bench:a35b111ddb1a90ac,102,3.42019,0.9283507,3.1751357806329996
72845.3968379763,bench:a35b111ddb1a90ac,102,2.96476,0.9283507,2.752337021332
72849.54034097609,bench:a35b111ddb1a90ac,102,2.93797,0.9278135,2.7258882285949997
72853.60851098085,bench:a35b111ddb1a90ac,102,2.91118,0.9304997,2.708852116646
72857.727753988,bench:a35b111ddb1a90ac,102,2.91118,0.928888,2.70416016784
72861.85447897878,bench:a35b111ddb1a90ac,102,3.34875,0.9283507,3.1088144066249996
72865.9940189973,bench:a35b111ddb1a90ac,102,2.92011,0.928888,2.71245513768
72870.045336982,bench:a35b111ddb1a90ac,102,2.92011,0.9280821,2.7101018210310004
72874.18620998506,bench:a35b111ddb1a90ac,102,2.92011,0.928888,2.71245513768
72878.31834197277,bench:a35b111ddb1a90ac,102,2.83974,0.9294252,2.6393259174479997
72882.39475298906,bench:a35b111ddb1a90ac,102,2.88439,0.928888,2.67927525832
72886.51395999477,bench:a35b111ddb1a90ac,102,2.92011,0.9283507,2.710886162577
72890.58746298542,bench:a35b111ddb1a90ac,102,2.91118,0.928888,2.70416016784
72894.69622497563,bench:a35b111ddb1a90ac,102,2.91118,0.9286194,2.703378224892
72902.82980600023,bench:a35b111ddb1a90ac,102,2.91118,0.9280821,2.701814047878
72906.9585489924,bench:a35b111ddb1a90ac,102,2.92904,0.9286194,2.719963367376
72912.10887697525,idle,102,2.88439,0.928888,2.67927525832
72916.59567298484,idle,102,1.68777,0.9283507,1.566842460939
72930.84759099293,idle,102,1.68777,0.9283507,1.566842460939
72941.63629799732,idle,102,4.53644,0.8198282,3.719101439608
72948.14122497337,idle,102,1.22341,0.8332592,1.0194176378720001
72965.32421198208,idle,102,1.29485,0.8483019,1.098423715215
72975.70360798272,bench:90fc57d0b0f5b63b,103,4.14352,0.8485706,3.5160692525119996
72981.84896397288,bench:90fc57d0b0f5b63b,103,3.56307,0.9283507,3.307778528649
72987.22408598405,bench:90fc57d0b0f5b63b,103,3.65237,0.9280821,3.389699219577
72992.39111697534,bench:90fc57d0b0f5b63b,103,5.94738,0.9294252,5.527644845976
72996.76754398388,bench:90fc57d0b0f5b63b,103,3.40233,0.928888,3.1603835090400003
73000.93317599385,bench:90fc57d0b0f5b63b,103,4.11673,0.9326486,3.839462471078
73005.80276499386,bench:90fc57d0b0f5b63b,103,7.0547,0.9286194,6.55113128118
73010.48124500085,bench:90fc57d0b0f5b63b,103,4.22389,0.928888,3.9235207343200003
73015.6957199797,bench:90fc57d0b0f5b63b,103,5.21512,0.9299625,4.849866033
73020.03570197849,bench:90fc57d0b0f5b63b,103,5.93845,0.928888,5.5161549436
73024.81495897518,bench:90fc57d0b0f5b63b,103,7.0547,0.9326486,6.5795560784200005
73029.47843898437,bench:90fc57d0b0f5b63b,103,4.25961,0.9291566,3.957844744926
73034.43054598756,bench:90fc57d0b0f5b63b,103,5.32228,0.9286194,4.942372460232
73040.9785649972,bench:90fc57d0b0f5b63b,103,5.00973,0.9170686,4.594266077478
73049.52375398716,bench:90fc57d0b0f5b63b,103,5.78664,0.928888,5.3751404563200005
73054.35206499533,bench:90fc57d0b0f5b63b,103,7.37618,0.9326486,6.879383950348
73058.82717599161,bench:90fc57d0b0f5b63b,103,3.70595,0.9294252,3.4444033199399997
73063.9394299942,bench:90fc57d0b0f5b63b,103,4.31319,0.928888,4.00647043272
73068.56724398676,bench:90fc57d0b0f5b63b,103,5.12582,0.9296938,4.765443073916
73072.75517197559,bench:90fc57d0b0f5b63b,103,5.822359,0.928888,5.408319406792
73077.17311597662,bench:90fc57d0b0f5b63b,103,5.32228,0.9278135,4.93808323478
73081.95918798447,bench:90fc57d0b0f5b63b,103,7.03684,0.9283507,6.532655339788
73086.99881299981,bench:90fc57d0b0f5b63b,103,5.24191,0.9270077,4.859290932707
73092.82944898587,bench:90fc57d0b0f5b63b,103,5.22405,0.9286194,4.85115417657
73097.80381497694,bench:90fc57d0b0f5b63b,103,5.81343,0.9291566,5.401586853138
73102.10463198018,bench:90fc57d0b0f5b63b,103,5.840219,0.9280821,5.420202713979901
73107.67419598415,bench:90fc57d0b0f5b63b,103,5.94738,0.928888,5.52444991344
73111.96875298629,bench:90fc57d0b0f5b63b,103,5.983099,0.9280821,5.552807084427901
73116.79867599742,bench:90fc57d0b0f5b63b,103,7.61729,0.9331858,7.108346862482
73121.79748699418,bench:90fc57d0b0f5b63b,103,5.87594,0.9291566,5.459668432204
73126.11143197864,bench:90fc57d0b0f5b63b,103,5.77771,0.928888,5.36684548648
73139.66009698925,bench:90fc57d0b0f5b63b,103,5.50088,0.9280821,5.105268262248001
73144.29103999282,bench:90fc57d0b0f5b63b,103,5.02759,0.9272762,4.661964550358
73150.19956498872,bench:90fc57d0b0f5b63b,103,4.84899,0.9294252,4.506773500547999
73154.51808497892,bench:90fc57d0b0f5b63b,103,5.93845,0.928888,5.5161549436
73160.20242698141,bench:90fc57d0b0f5b63b,103,6.00989,0.9294252,5.585743215228
73168.32513699774,bench:90fc57d0b0f5b63b,103,5.92059,0.9280821,5.494793600439
73172.61137897731,bench:90fc57d0b0f5b63b,103,6.10812,0.928888,5.673759370560001
73178.31281299004,bench:90fc57d0b0f5b63b,103,4.84899,0.9304997,4.511983740303
73182.50840797555,bench:90fc57d0b0f5b63b,103,5.491949,0.928888,5.1014055227120005
73189.2101119738,bench:90fc57d0b0f5b63b,103,4.76862,0.9294252,4.432075597224
73194.22071799636,bench:90fc57d0b0f5b63b,103,5.491949,0.9291566,5.1028806602134
73200.94990299549,bench:90fc57d0b0f5b63b,103,4.84899,0.9294252,4.506773500547999
73205.24884900078,bench:90fc57d0b0f5b63b,103,5.85808,0.928888,5.4415002150400005
73211.70525799971,bench:90fc57d0b0f5b63b,103,5.05438,0.9294252,4.697668142376
73216.70917997835,bench:90fc57d0b0f5b63b,103,5.94738,0.9286194,5.522852447172
73221.6641010018,bench:90fc57d0b0f5b63b,103,5.15261,0.9283507,4.783429100327
73225.85736299516,bench:90fc57d0b0f5b63b,103,3.70595,0.9296938,3.44539873811
73232.59675098234,bench:90fc57d0b0f5b63b,103,5.06331,0.9291566,4.704607904346
73236.81025300175,bench:90fc57d0b0f5b63b,103,5.92952,0.9286194,5.506267304688
73242.69755597925,bench:90fc57d0b0f5b63b,103,4.77755,0.9294252,4.4403753642599995
73247.7398479823,bench:90fc57d0b0f5b63b,103,5.491949,0.9286194,5.0999303852106
73254.44675498875,bench:90fc57d0b0f5b63b,103,5.95631,0.928888,5.53274488328
73262.83242600039,bench:90fc57d0b0f5b63b,103,4.96508,0.918949,4.56265530092
73267.95671699801,bench:90fc57d0b0f5b63b,103,7.77803,0.9304997,7.237454581591001
73272.9350089794,bench:90fc57d0b0f5b63b,103,5.25084,0.9283507,4.874620989588
73279.62713799207,bench:90fc57d0b0f5b63b,103,5.06331,0.9280821,4.699167377751
73288.42913897824,bench:90fc57d0b0f5b63b,103,5.52767,0.9278135,5.1286468495449995
73293.42706099851,bench:90fc57d0b0f5b63b,103,5.96524,0.9291566,5.542642116584
73304.30517398054,bench:90fc57d0b0f5b63b,103,4.27747,0.9291566,3.974439481802
73309.29787299829,bench:90fc57d0b0f5b63b,103,5.92952,0.9286194,5.506267304688
73316.0442429944,bench:90fc57d0b0f5b63b,103,4.76862,0.928888,4.42951389456
73320.21387497662,bench:90fc57d0b0f5b63b,103,5.96524,0.9291566,5.542642116584
73326.12708499073,bench:90fc57d0b0f5b63b,103,4.72397,0.9286194,4.386770187018
73332.24170099129,bench:90fc57d0b0f5b63b,103,5.03652,0.9159942,4.6134231081840005
73339.16318099364,bench:90fc57d0b0f5b63b,103,5.25977,0.9299625,4.891388858625
73344.18893497786,bench:90fc57d0b0f5b63b,103,5.491949,0.928888,5.1014055227120005
73349.11256100168,bench:90fc57d0b0f5b63b,103,5.25084,0.9286194,4.876031890296
73355.7797089743,bench:90fc57d0b0f5b63b,103,4.77755,0.928888,4.4378088644
73368.51373297395,bench:90fc57d0b0f5b63b,103,5.02759,0.9202922,4.626851861798
73377.4661399948,bench:90fc57d0b0f5b63b,103,5.84915,0.9286194,5.43163416351
73381.94278799347,bench:90fc57d0b0f5b63b,103,4.14352,0.9291566,3.849978955232
73387.21489298041,bench:90fc57d0b0f5b63b,103,4.17924,0.9286194,3.880923341256
73393.009307998,bench:90fc57d0b0f5b63b,103,6.01882,0.9291566,5.592426327212
73399.69501100131,bench:90fc57d0b0f5b63b,103,5.19726,0.9294252,4.830464414952
73404.10069699283,bench:90fc57d0b0f5b63b,103,4.13459,0.9294252,3.842792137668
73408.48080898286,bench:90fc57d0b0f5b63b,103,4.17924,0.9283507,3.879800379468
73413.773208973,bench:90fc57d0b0f5b63b,103,4.77755,0.9291566,4.43909211433
73418.96792498301,bench:90fc57d0b0f5b63b,103,6.0724,0.9291566,5.64221053784
73424.67052600114,bench:90fc57d0b0f5b63b,103,5.491949,0.9294252,5.1043557977148
73429.4285979995,bench:90fc57d0b0f5b63b,103,3.81311,0.9294252,3.5440005243719996
73435.87167398073,bench:90fc57d0b0f5b63b,103,5.04545,0.9205608,4.64464348836
73444.23840098898,bench:90fc57d0b0f5b63b,103,6.00989,0.9275449,5.574442819061001
73448.70989999617,bench:90fc57d0b0f5b63b,103,3.63451,0.9304997,3.3819104646470004
73453.00238300115,bench:90fc57d0b0f5b63b,103,4.65253,0.9286194,4.320429617082
73457.22005199059,bench:90fc57d0b0f5b63b,103,4.34891,0.9286194,4.038482194854
73461.50355300051,bench:90fc57d0b0f5b63b,103,4.17924,0.928888,3.88204588512
73466.31732798414,bench:90fc57d0b0f5b63b,103,7.46548,0.9291566,6.936600014168
73470.72003199719,bench:90fc57d0b0f5b63b,103,4.29533,0.9286194,3.988726767402
73477.08416497335,bench:90fc57d0b0f5b63b,103,3.98278,0.9186804,3.658901923512
73484.67665698263,bench:90fc57d0b0f5b63b,103,7.67087,0.9259331,7.102712438796999
73490.12270499952,bench:90fc57d0b0f5b63b,103,5.25084,0.9286194,4.876031890296
73495.89510099031,bench:90fc57d0b0f5b63b,103,4.93829,0.9197549,4.542016425121001
73503.09807798476,bench:90fc57d0b0f5b63b,103,5.20619,0.9304997,4.844358233143001
73508.30403500004,bench:90fc57d0b0f5b63b,103,6.00989,0.928888,5.582514702320001
73514.71925899386,bench:90fc57d0b0f5b63b,103,4.18817,0.928888,3.8903408549600007
73519.14990798105,bench:90fc57d0b0f5b63b,103,3.84883,0.9294252,3.5771995925159996
73523.48627898027,bench:90fc57d0b0f5b63b,103,3.62558,0.928888,3.36775775504
73527.79820599244,bench:90fc57d0b0f5b63b,103,4.27747,0.9296938,3.976737338686
73531.97706097853,bench:90fc57d0b0f5b63b,103,3.42019,0.9291566,3.1778921117539998
73536.81768698152,bench:90fc57d0b0f5b63b,103,7.53692,0.9280821,6.994880541132001
73541.74305297784,bench:90fc57d0b0f5b63b,103,6.03668,0.9291566,5.609021064088
73546.84269599966,bench:90fc57d0b0f5b63b,103,3.85776,0.9286194,3.582390776544
73551.58324999502,bench:90fc57d0b0f5b63b,103,7.47441,0.9283507,6.938873755586999
73556.0861939739,bench:90fc57d0b0f5b63b,103,5.0008,0.9315742,4.6586162593600005
73562.79113798519,bench:90fc57d0b0f5b63b,103,4.77755,0.928888,4.4378088644
73570.16337299137,idle,103,5.67055,0.9192177,5.2124699287350005
73575.05840598606,idle,103,1.74135,0.928888,1.6175191188
73589.30378800142,idle,103,1.74135,0.9315742,1.62219673317
73597.39723897655,idle,103,1.28592,0.8332592,1.0715046704639999
73604.51984699466,idle,103,1.02695,0.7220506,0.74150986367
73620.09625398787,idle,103,1.00909,0.7223192,0.7288850815280001
73647.6430259936,bench:304c561894273559,104,1.91102,0.8187538,1.564654886876
73671.76388099324,bench:304c561894273559,104,2.96476,0.9283507,2.752337021332
73707.5083059899,bench:304c561894273559,104,2.97369,0.9283507,2.7606271930829998
73757.15905998368,bench:304c561894273559,104,2.86653,0.9280821,2.660375182113
73791.4547569817,bench:304c561894273559,104,2.86653,0.9286194,2.661915368682
73832.2558249929,bench:304c561894273559,104,2.96476,0.928888,2.7539299868800002
73878.1197219796,bench:304c561894273559,104,2.98262,0.928888,2.77051992656
73918.93693897873,bench:304c561894273559,104,2.9469,0.9283507,2.73575667783
73962.31594900019,bench:304c561894273559,104,2.9469,0.9294252,2.7389231218799996
74008.187548985,bench:304c561894273559,104,2.95583,0.9291566,2.7464289529780004
74043.9111039741,bench:304c561894273559,104,2.97369,0.928888,2.76222495672
74079.62921497528,bench:304c561894273559,104,2.96476,0.9283507,2.752337021332
74110.29073799727,bench:304c561894273559,104,2.97369,0.9286194,2.761426223586
74145.99201499368,bench:304c561894273559,104,2.97369,0.9280821,2.759828459949
74191.8128010002,bench:304c561894273559,104,3.06299,0.9286194,2.844351936006
74232.60172197479,bench:304c561894273559,104,2.9469,0.9286194,2.73654850986
74268.37133200024,bench:304c561894273559,104,2.95583,0.9291566,2.7464289529780004
74309.17649299954,bench:304c561894273559,104,2.96476,0.9283507,2.752337021332
74338.39993498987,bench:304c561894273559,104,2.95583,0.928888,2.74563501704
74369.05755099724,bench:304c561894273559,104,2.95583,0.9283507,2.744046849581
74413.42473798431,bench:304c561894273559,104,2.9469,0.928888,2.7373400472
74462.87030898384,bench:304c561894273559,104,2.93797,0.9291566,2.729834216102
74498.58682698687,bench:304c561894273559,104,2.9469,0.928888,2.7373400472
74542.9347549798,bench:304c561894273559,104,2.9469,0.9286194,2.73654850986
74583.76217499608,bench:304c561894273559,104,2.9469,0.9286194,2.73654850986
74619.44822999067,bench:304c561894273559,104,2.95583,0.9283507,2.744046849581
74648.61500699772,bench:304c561894273559,104,2.95583,0.9286194,2.7448410811020003
74684.32935798774,bench:304c561894273559,104,2.96476,0.9286194,2.753133652344
74723.7736779789,bench:304c561894273559,104,2.96476,0.9291566,2.7547263214160003
74769.73911098321,bench:304c561894273559,104,2.83974,0.928888,2.63780040912
74798.98049798794,bench:304c561894273559,104,2.86653,0.928888,2.6626853186400004
74838.31933798501,bench:304c561894273559,104,2.9469,0.9294252,2.7389231218799996
74872.63555297977,bench:304c561894273559,104,2.95583,0.9283507,2.744046849581
74908.38044098928,bench:304c561894273559,104,2.93797,0.9294252,2.730623354844
74942.69067500136,bench:304c561894273559,104,2.9469,0.9286194,2.73654850986
74980.95385698252,bench:304c561894273559,104,2.9469,0.9286194,2.73654850986
75030.41653797845,bench:304c561894273559,104,2.95583,0.9291566,2.7464289529780004
75066.16633399972,bench:304c561894273559,104,2.9469,0.9283507,2.73575667783
75106.97708799853,bench:304c561894273559,104,2.93797,0.928888,2.72904507736
75146.37172297807,bench:304c561894273559,104,2.95583,0.928888,2.74563501704
75175.50775897689,bench:304c561894273559,104,2.9469,0.9283507,2.73575667783
75209.78777098935,bench:304c561894273559,104,2.95583,0.928888,2.74563501704
75226.4976129809,idle,104,2.93797,0.928888,2.72904507736
75231.33323999355,idle,104,1.71456,0.9283507,1.5917129761920001
75248.10171200079,idle,104,1.35736,0.8633446,1.1718694262559999
75253.67216498125,idle,104,3.89348,0.8614643,3.3540940227639995
75258.29620097647,idle,104,1.35736,0.8630761,1.1715049750959998
75272.8243029851,idle,104,1.40201,0.8628075,1.2096647430749998
75283.62552798353,bench:5c9a83ec46964aed,105,2.55398,0.7223192,1.8447887904160003
75288.2626929786,bench:5c9a83ec46964aed,105,2.08962,0.723125,1.5110564625
75294.82850898057,bench:5c9a83ec46964aed,105,5.18833,0.9291566,4.820771062477999
75299.10789898713,bench:5c9a83ec46964aed,105,4.13459,0.928888,3.8405710359200005
75303.35656699026,bench:5c9a83ec46964aed,105,4.7329,0.9280821,4.39251977109
75307.53905099118,bench:5c9a83ec46964aed,105,4.42928,0.928888,4.114305040640001
75311.73671997385,bench:5c9a83ec46964aed,105,4.14352,0.9291566,3.849978955232
75319.73183900118,bench:5c9a83ec46964aed,105,6.45639,0.9286194,5.995529007966
75323.90598897473,bench:5c9a83ec46964aed,105,5.1794,0.9286194,4.80969132036
75328.1680829823,bench:5c9a83ec46964aed,105,4.18817,0.9286194,3.8892159124980004
75335.66989199608,bench:5c9a83ec46964aed,105,5.474089,0.9294252,5.0877562636428
75343.48560398212,bench:5c9a83ec46964aed,105,5.24191,0.928888,4.86914729608
75351.68670298299,bench:5c9a83ec46964aed,105,2.61649,0.9280821,2.4283175338290004
75359.72445097286,bench:5c9a83ec46964aed,105,4.09887,0.9294252,3.8095930695239995
75367.5258680014,bench:5c9a83ec46964aed,105,5.50088,0.9280821,5.105268262248001
75371.6864999733,bench:5c9a83ec46964aed,105,3.46484,0.9299625,3.2221712685000004
75375.83550199633,bench:5c9a83ec46964aed,105,2.63435,0.9294252,2.44843127562
75379.93465299951,bench:5c9a83ec46964aed,105,4.15245,0.9304997,3.8638534792650003
75387.71951498347,bench:5c9a83ec46964aed,105,5.18833,0.9299625,4.824952337625
75395.6747079792,bench:5c9a83ec46964aed,105,5.55446,0.9291566,5.160963168436
75407.56047898321,bench:5c9a83ec46964aed,105,5.29549,0.9302311,4.926029487739
75415.6577269896,bench:5c9a83ec46964aed,105,5.78664,0.9294252,5.378249039328
75427.20640898915,bench:5c9a83ec46964aed,105,5.93845,0.9299625,5.522535808124999
75431.58505798783,bench:5c9a83ec46964aed,105,5.13475,0.9280821,4.765469562975
75439.50500999927,bench:5c9a83ec46964aed,105,6.70643,0.9280821,6.224117637903
75443.7891409907,bench:5c9a83ec46964aed,105,4.17924,0.928888,3.88204588512
75448.00119899446,bench:5c9a83ec46964aed,105,4.18817,0.9291566,3.891465797422
75452.2944779892,bench:5c9a83ec46964aed,105,5.86701,0.9280821,5.4450669615209994
75459.52210298856,bench:5c9a83ec46964aed,105,5.68841,0.9299625,5.290007984625
75467.7431829914,bench:5c9a83ec46964aed,105,5.6259,0.928888,5.2258309992
75479.51469698455,bench:5c9a83ec46964aed,105,5.57232,0.9294252,5.179054630464
75491.58766999608,bench:5c9a83ec46964aed,105,5.88487,0.9291566,5.467965800642
75495.769784,bench:5c9a83ec46964aed,105,5.39372,0.9299625,5.0159573355000004
75499.9042309937,bench:5c9a83ec46964aed,105,6.501039,0.9280821,6.0334979273019
75504.1225659952,bench:5c9a83ec46964aed,105,5.42051,0.9283507,5.032134252857
75508.30884597963,bench:5c9a83ec46964aed,105,5.24191,0.9294252,4.871963250132
75512.73993897485,bench:5c9a83ec46964aed,105,4.15245,0.9278135,3.852699168075
75519.70815900131,bench:5c9a83ec46964aed,105,4.17031,0.9283507,3.871510207717
75527.71351797855,bench:5c9a83ec46964aed,105,2.64328,0.9283507,2.4538908382959996
75531.9432609831,bench:5c9a83ec46964aed,105,2.64328,0.9283507,2.4538908382959996
75543.56264599483,bench:5c9a83ec46964aed,105,5.60804,0.9294252,5.2122536986079995
75555.67465597414,bench:5c9a83ec46964aed,105,5.96524,0.9283507,5.537834729668
75559.94247298804,bench:5c9a83ec46964aed,105,5.358,0.928888,4.976981904
75567.74601899087,bench:5c9a83ec46964aed,105,5.29549,0.9291566,4.920339483734
75571.94555798196,bench:5c9a83ec46964aed,105,4.13459,0.9283507,3.8383495207130003
75576.13915298134,bench:5c9a83ec46964aed,105,4.1971,0.9286194,3.89750848374
75580.28424798977,bench:5c9a83ec46964aed,105,4.57216,0.9283507,4.244567936512
75591.57652498106,bench:5c9a83ec46964aed,105,5.39372,0.9299625,5.0159573355000004
75599.58971798187,bench:5c9a83ec46964aed,105,5.52767,0.9294252,5.137555795283999
75611.55948898522,bench:5c9a83ec46964aed,105,6.53676,0.9291566,6.073673696616
75619.69079097616,bench:5c9a83ec46964aed,105,5.54553,0.9286194,5.149686741282
75624.59717597812,bench:5c9a83ec46964aed,105,4.27747,0.9291566,3.974439481802
75629.15787898237,bench:5c9a83ec46964aed,105,3.41126,0.9283507,3.166845608882
75633.33256699843,bench:5c9a83ec46964aed,105,4.17031,0.928888,3.87375091528
75637.52540198038,bench:5c9a83ec46964aed,105,4.15245,0.928888,3.8571609756000003
75641.85970000108,bench:5c9a83ec46964aed,105,4.17924,0.9286194,3.880923341256
75651.60543398815,bench:5c9a83ec46964aed,105,5.24191,0.9280821,4.864922840811
75656.13628498977,bench:5c9a83ec46964aed,105,5.46516,0.9291566,5.077989484056
75663.73451799154,bench:5c9a83ec46964aed,105,5.358,0.9291566,4.9784210628
75669.27093497361,bench:5c9a83ec46964aed,105,6.21528,0.9194863,5.714864810663999
75679.91290197824,bench:5c9a83ec46964aed,105,5.491949,0.9280821,5.0969795610129
75687.75300399284,bench:5c9a83ec46964aed,105,5.63483,0.9291566,5.235639484378
75693.30664299196,bench:5c9a83ec46964aed,105,5.92059,0.9197549,5.445491663391
75699.69255299657,bench:5c9a83ec46964aed,105,5.143679,0.9192177,4.7281607799183
75707.125713001,bench:5c9a83ec46964aed,105,5.38479,0.9291566,5.0033131681139995
75711.75458197831,bench:5c9a83ec46964aed,105,5.78664,0.9275449,5.367368420136001
75716.05269497377,bench:5c9a83ec46964aed,105,4.07208,0.928888,3.7825062470399997
75722.85061998991,bench:5c9a83ec46964aed,105,4.2864,0.9294252,3.9838881772800003
75727.04945498845,bench:5c9a83ec46964aed,105,4.07208,0.9286194,3.7814124863519996
75731.27249398385,bench:5c9a83ec46964aed,105,4.08994,0.9286194,3.7979976288360002
75735.52060697693,bench:5c9a83ec46964aed,105,4.20603,0.9291566,3.908060534298
75739.77836797712,bench:5c9a83ec46964aed,105,4.15245,0.9291566,3.85827632367
75751.61554699298,bench:5c9a83ec46964aed,105,5.37586,0.9275449,4.986351526114
75763.56244797353,bench:5c9a83ec46964aed,105,5.34014,0.928888,4.96039196432
75771.59451099578,bench:5c9a83ec46964aed,105,2.98262,0.9291566,2.771321058292
75775.83399397554,bench:5c9a83ec46964aed,105,4.09887,0.928888,3.80739115656
75780.15106898965,bench:5c9a83ec46964aed,105,4.08994,0.9294252,3.8012933024880002
75784.29416500148,bench:5c9a83ec46964aed,105,4.09887,0.928888,3.80739115656
75791.01575698587,bench:5c9a83ec46964aed,105,4.20603,0.9291566,3.908060534298
75799.67285197927,bench:5c9a83ec46964aed,105,5.77771,0.928888,5.36684548648
75803.88185399352,bench:5c9a83ec46964aed,105,5.92952,0.9294252,5.511045311904
75815.5860529805,bench:5c9a83ec46964aed,105,5.491949,0.9286194,5.0999303852106
75823.5471349908,bench:5c9a83ec46964aed,105,5.6259,0.9294252,5.22885323268
75828.42137198895,bench:5c9a83ec46964aed,105,4.18817,0.928888,3.8903408549600007
75835.64949699212,bench:5c9a83ec46964aed,105,4.34891,0.9304997,4.046659450327001
75843.48256199155,bench:5c9a83ec46964aed,105,5.64376,0.928888,5.2424209388800005
75847.72839699872,bench:5c9a83ec46964aed,105,5.6259,0.9291566,5.22734211594
75851.93380599958,bench:5c9a83ec46964aed,105,5.66162,0.928888,5.259010878560001
75856.13614198519,bench:5c9a83ec46964aed,105,5.64376,0.928888,5.2424209388800005
75860.3559959738,bench:5c9a83ec46964aed,105,5.69734,0.9304997,5.301373160798
75864.5967009943,bench:5c9a83ec46964aed,105,5.65269,0.9270077,5.240087155713
75868.83231397951,bench:5c9a83ec46964aed,105,5.63483,0.9304997,5.243207624551
75875.52172198775,bench:5c9a83ec46964aed,105,5.63483,0.9286194,5.232612453702
75880.48175399308,idle,105,2.75937,0.928888,2.5631456805600004
75885.02197599155,idle,105,1.73242,0.9286194,1.608758820948
75902.47457197984,idle,105,1.49131,0.8883263,1.324769894453
75911.58358898247,idle,105,1.82172,0.7225879,1.316352829188
75918.64727099892,idle,105,4.62574,0.8732836,4.0395828798640006
75924.38407498412,idle,105,1.70563,0.9286194,1.583881107222
75929.38486699131,idle,105,1.71456,0.9283507,1.5917129761920001
75946.95673897513,idle,105,1.49131,0.888595,1.32517060945
75962.21161299036,bench:cb12a1716bcb1664,106,3.0362,0.819291,2.4875313342
75971.05720598483,bench:cb12a1716bcb1664,106,5.05438,0.9304997,4.703099073686
75975.6002049835,bench:cb12a1716bcb1664,106,5.13475,0.931037,4.78064223575
75980.86975398473,bench:cb12a1716bcb1664,106,5.04545,0.9294252,4.68936837534
75988.01745398669,bench:cb12a1716bcb1664,106,5.28656,0.9307683,4.9205624640479995
75993.77364697284,bench:cb12a1716bcb1664,106,4.18817,0.9286194,3.8892159124980004
76008.82718799403,bench:cb12a1716bcb1664,106,5.0008,0.9280821,4.64115296568
76014.17656999547,bench:cb12a1716bcb1664,106,4.16138,0.9296938,3.8688091854440003
76041.87113599619,bench:cb12a1716bcb1664,106,5.06331,0.9280821,4.699167377751
76047.46821898152,bench:cb12a1716bcb1664,106,3.98278,0.9197549,3.663181420622
76059.26356598502,bench:cb12a1716bcb1664,106,3.06299,0.9291566,2.845997374234
76064.27420899854,bench:cb12a1716bcb1664,106,4.92043,0.928888,4.57052838184
76071.24590998865,bench:cb12a1716bcb1664,106,5.21512,0.9270077,4.834456396424
76075.60185599141,bench:cb12a1716bcb1664,106,7.04577,0.9304997,6.556086871269001
76081.4179739973,bench:cb12a1716bcb1664,106,6.89396,0.9151884,6.309272222064
76093.30561599927,bench:cb12a1716bcb1664,106,7.126139,0.9299625,6.627042039787501
76100.27946598711,bench:cb12a1716bcb1664,106,5.21512,0.9294252,4.847063949023999
76107.15470497962,bench:cb12a1716bcb1664,106,5.15261,0.9326486,4.805574502846
76116.42584999208,bench:cb12a1716bcb1664,106,7.22437,0.9184118,6.634946655566
76123.34842199925,bench:cb12a1716bcb1664,106,5.77771,0.9315742,5.382365571082
76132.61723399046,bench:cb12a1716bcb1664,106,7.322599,0.9216352,6.7487649938848
76139.63310199324,bench:cb12a1716bcb1664,106,6.57248,0.9173373,6.029181057504
76148.97004299564,bench:cb12a1716bcb1664,106,7.34046,0.9194863,6.749452405698
76156.00791000179,bench:cb12a1716bcb1664,106,6.00096,0.9194863,5.517800506848
76163.1127949804,bench:cb12a1716bcb1664,106,4.1971,0.9283507,3.8963807229699996
76168.67737899884,bench:cb12a1716bcb1664,106,6.57248,0.9313055,6.120986772639999
76178.4383719787,bench:cb12a1716bcb1664,106,7.11721,0.9192177,6.542265406617
76189.01641399134,bench:cb12a1716bcb1664,106,5.01866,0.9283507,4.659076524062
76194.2711849988,bench:cb12a1716bcb1664,106,5.21512,0.9294252,4.847063949023999
76200.32180097769,bench:cb12a1716bcb1664,106,5.20619,0.928888,4.835967416720001
76207.20065099886,bench:cb12a1716bcb1664,106,5.78664,0.9326486,5.396901694704001
76214.35857299366,bench:cb12a1716bcb1664,106,6.44746,0.9173373,5.914495548258
76219.64065899374,bench:cb12a1716bcb1664,106,5.13475,0.9283507,4.766848756825
76225.59825799544,bench:cb12a1716bcb1664,106,7.02791,0.9286194,6.526253567454
76231.56346799806,bench:cb12a1716bcb1664,106,5.1794,0.9299625,4.8166477725000005
76238.13454297488,bench:cb12a1716bcb1664,106,4.93829,0.9270077,4.577832854833
76246.23947497457,bench:cb12a1716bcb1664,106,4.92043,0.9170686,4.512371851498
76252.86549399607,bench:cb12a1716bcb1664,106,4.22389,0.9283507,3.921251238223
76257.8797119786,bench:cb12a1716bcb1664,106,5.05438,0.9280821,4.690879604598
76267.54066898138,bench:cb12a1716bcb1664,106,5.143679,0.9283507,4.7751380002253
76273.58526698663,bench:cb12a1716bcb1664,106,6.28672,0.9315742,5.856546154624
76280.54091197555,bench:cb12a1716bcb1664,106,6.01882,0.9315742,5.606977426444
76287.7127599786,bench:cb12a1716bcb1664,106,6.0724,0.9315742,5.65689117208
76293.08297499665,bench:cb12a1716bcb1664,106,5.20619,0.9168001,4.773035512619001
76298.04208199494,bench:cb12a1716bcb1664,106,4.99187,0.9202922,4.593979024414
76303.83173798327,bench:cb12a1716bcb1664,106,6.97433,0.9307683,6.491485277739
76309.79629899957,bench:cb12a1716bcb1664,106,5.32228,0.9299625,4.9495208145000005
76314.32583599235,bench:cb12a1716bcb1664,106,3.32196,0.9291566,3.0866210589359997
76321.01148398942,bench:cb12a1716bcb1664,106,4.56323,0.9186804,4.1921499616919995
76331.28302797559,bench:cb12a1716bcb1664,106,6.465319,0.9331858,6.0333438832701995
76338.24446998187,bench:cb12a1716bcb1664,106,6.82252,0.9304997,6.348352813244
76345.36209597718,bench:cb12a1716bcb1664,106,7.31367,0.9184118,6.716960829306
76357.11127598188,bench:cb12a1716bcb1664,106,5.05438,0.9307683,4.704456680154
76364.01958897477,bench:cb12a1716bcb1664,106,5.23298,0.9283507,4.858040646086001
76370.84880998009,bench:cb12a1716bcb1664,106,5.491949,0.922441,5.065998927509
76375.88986099581,bench:cb12a1716bcb1664,106,4.84006,0.9197549,4.451668901294
76382.70295297843,bench:cb12a1716bcb1664,106,5.88487,0.9176059,5.3999914327330005
76388.61105198157,bench:cb12a1716bcb1664,106,6.44746,0.9176059,5.916227336014
76395.48806898529,bench:cb12a1716bcb1664,106,6.8761,0.9184118,6.31509137798
76400.02304999507,bench:cb12a1716bcb1664,106,6.66178,0.918949,6.1218360692200005
76407.10161998868,bench:cb12a1716bcb1664,106,5.00973,0.9208294,4.613106670062001
76412.94784998172,bench:cb12a1716bcb1664,106,4.72397,0.9213667,4.352508649799
76419.90027297288,bench:cb12a1716bcb1664,106,7.62622,0.928888,7.08390424336
76429.45252699428,bench:cb12a1716bcb1664,106,7.02791,0.9178746,6.450740080086
76438.79743097932,bench:cb12a1716bcb1664,106,7.61729,0.9294252,7.079701281707999
76444.21123797656,bench:cb12a1716bcb1664,106,5.0008,0.9151884,4.57667415072
76450.34331697389,bench:cb12a1716bcb1664,106,6.00989,0.9151884,5.500181613276
76457.44597999146,bench:cb12a1716bcb1664,106,5.20619,0.9186804,4.782824711676
76464.50949498103,bench:cb12a1716bcb1664,106,5.19726,0.9184118,4.773224911668
76471.6370839742,bench:cb12a1716bcb1664,106,4.974009,0.9200235,4.5762051692115
76478.69995099609,bench:cb12a1716bcb1664,106,6.05454,0.9213667,5.578451539818
76484.61347600096,bench:cb12a1716bcb1664,106,4.8222,0.9197549,4.43524207878
76491.67493599816,bench:cb12a1716bcb1664,106,6.00096,0.9208294,5.525860396224
76497.52801697468,bench:cb12a1716bcb1664,106,4.84899,0.9197549,4.459882312551
76504.53401499544,bench:cb12a1716bcb1664,106,7.56371,0.9280821,7.019743860591
76511.49238299695,bench:cb12a1716bcb1664,106,5.12582,0.9280821,4.757181789822
76518.16740099457,bench:cb12a1716bcb1664,106,6.99219,0.9283507,6.491204481033
76524.15764797479,bench:cb12a1716bcb1664,106,6.57248,0.9326486,6.129814270528
76531.1654789839,bench:cb12a1716bcb1664,106,6.00096,0.9229784,5.5387564592639995
76538.14871699433,bench:cb12a1716bcb1664,106,7.34046,0.9270077,6.804662941542
76546.46312899422,bench:cb12a1716bcb1664,106,7.0547,0.9108904,6.42605850488
76554.73513499601,bench:cb12a1716bcb1664,106,7.06363,0.9283507,6.557525855041
76559.82362898067,idle,106,2.61649,0.9286194,2.429723373906
76564.26442597876,idle,106,1.74135,0.9283507,1.616583491445
76580.94573198468,idle,106,1.45559,0.8732836,1.271142875324
76587.39412299474,idle,106,1.43773,0.8732836,1.255546030228
76591.79147498799,idle,106,1.43773,0.8735522,1.255932204506
76609.87395397387,idle,106,1.19662,0.8182165,0.97909422823
76627.14949599467,bench:d0f4bf2813e118b3,107,4.89364,0.9036377,4.422077594228
76639.50215297518,bench:d0f4bf2813e118b3,107,4.83113,0.9036377,4.365591201601
76647.25799599546,bench:d0f4bf2813e118b3,107,5.43837,0.9294252,5.054558124923999
76651.58892297768,bench:d0f4bf2813e118b3,107,5.67055,0.9294252,5.27035206786
76655.64149999409,bench:d0f4bf2813e118b3,107,2.68793,0.9283507,2.4953416970510003
76659.70124397427,bench:d0f4bf2813e118b3,107,4.99187,0.9283507,4.634206008809
76663.80369197577,bench:d0f4bf2813e118b3,107,4.17924,0.9294252,3.884290972848
76667.8277879837,bench:d0f4bf2813e118b3,107,4.17924,0.9291566,3.8831684289840003
76671.79071798455,bench:d0f4bf2813e118b3,107,4.15245,0.9291566,3.85827632367
76675.83642498357,bench:d0f4bf2813e118b3,107,4.22389,0.928888,3.9235207343200003
76679.8211139976,bench:d0f4bf2813e118b3,107,4.18817,0.9286194,3.8892159124980004
76683.76737798098,bench:d0f4bf2813e118b3,107,4.17924,0.928888,3.88204588512
76687.78334397939,bench:d0f4bf2813e118b3,107,4.39356,0.9286194,4.079945051064
76691.71814498259,bench:d0f4bf2813e118b3,107,4.18817,0.9286194,3.8892159124980004
76695.667759981,bench:d0f4bf2813e118b3,107,4.56323,0.928888,4.23872958824
76699.66144897626,bench:d0f4bf2813e118b3,107,4.18817,0.928888,3.8903408549600007
76707.61008697446,bench:d0f4bf2813e118b3,107,4.18817,0.928888,3.8903408549600007
76711.59210900078,bench:d0f4bf2813e118b3,107,2.89332,0.9286194,2.686793082408
76719.60102400044,bench:d0f4bf2813e118b3,107,5.491949,0.9299625,5.1073066219125005
76727.6553089905,bench:d0f4bf2813e118b3,107,5.36693,0.9286194,4.983835316442
76731.61396197975,bench:d0f4bf2813e118b3,107,5.39372,0.9304997,5.018854841884
76739.5170259988,bench:d0f4bf2813e118b3,107,5.43837,0.9291566,5.053097378742
76743.57965798117,bench:d0f4bf2813e118b3,107,5.509809,0.9294252,5.120955331786799
76751.52431498282,bench:d0f4bf2813e118b3,107,5.36693,0.9304997,4.9939267549210005
76755.5362629937,bench:d0f4bf2813e118b3,107,4.13459,0.9299625,3.8450136528750005
76759.58724800148,bench:d0f4bf2813e118b3,107,4.08994,0.9280821,3.7958001040740004
76763.61886199447,bench:d0f4bf2813e118b3,107,4.06315,0.9286194,3.77311991511
76767.67480999115,bench:d0f4bf2813e118b3,107,4.07208,0.9286194,3.7814124863519996
76771.70023997314,bench:d0f4bf2813e118b3,107,4.17031,0.9294252,3.8759912058119994
76775.62528097769,bench:d0f4bf2813e118b3,107,4.08994,0.928888,3.7990961867200004
76782.27365197381,bench:d0f4bf2813e118b3,107,4.21496,0.928888,3.9152257644799997
76786.18684198591,bench:d0f4bf2813e118b3,107,4.57216,0.9286194,4.245796475904
76790.05814300035,bench:d0f4bf2813e118b3,107,4.1971,0.928888,3.8986358248
76794.00514697772,bench:d0f4bf2813e118b3,107,4.18817,0.9286194,3.8892159124980004
76797.96018797788,bench:d0f4bf2813e118b3,107,4.17924,0.9286194,3.880923341256
76801.93171100109,bench:d0f4bf2813e118b3,107,4.20603,0.9286194,3.905801054982
76805.84489999455,bench:d0f4bf2813e118b3,107,4.58109,0.928888,4.25531952792
76809.71310898894,bench:d0f4bf2813e118b3,107,4.17924,0.928888,3.88204588512
76813.62255799468,bench:d0f4bf2813e118b3,107,4.17924,0.928888,3.88204588512
76817.5822099729,bench:d0f4bf2813e118b3,107,4.18817,0.928888,3.8903408549600007
76821.46577097592,bench:d0f4bf2813e118b3,107,4.25068,0.9294252,3.950689109136
76825.39210797404,bench:d0f4bf2813e118b3,107,4.17924,0.9283507,3.879800379468
76829.26046499051,bench:d0f4bf2813e118b3,107,4.25068,0.928888,3.94840564384
76833.15626598778,bench:d0f4bf2813e118b3,107,4.57216,0.9286194,4.245796475904
76837.03769699787,bench:d0f4bf2813e118b3,107,4.20603,0.928888,3.9069307946400005
76840.96879398567,bench:d0f4bf2813e118b3,107,4.21496,0.928888,3.9152257644799997
76844.87672397518,bench:d0f4bf2813e118b3,107,4.17924,0.9286194,3.880923341256
76848.7591369776,bench:d0f4bf2813e118b3,107,4.24175,0.9291566,3.94125000805
76852.72286299733,bench:d0f4bf2813e118b3,107,4.18817,0.928888,3.8903408549600007
76856.60905297846,bench:d0f4bf2813e118b3,107,4.25961,0.9286194,3.9555564824340004
76860.48940898036,bench:d0f4bf2813e118b3,107,4.1971,0.928888,3.8986358248
76864.39343297388,bench:d0f4bf2813e118b3,107,4.2864,0.9294252,3.9838881772800003
76868.2731599838,bench:d0f4bf2813e118b3,107,4.25068,0.9291566,3.949547376488
76872.19795997953,bench:d0f4bf2813e118b3,107,4.17924,0.9291566,3.8831684289840003
76876.11116899643,bench:d0f4bf2813e118b3,107,4.24175,0.9291566,3.94125000805
76880.0344139745,bench:d0f4bf2813e118b3,107,4.16138,0.9286194,3.8643381987720002
76883.91254798626,bench:d0f4bf2813e118b3,107,4.21496,0.9286194,3.9140936262239996
76887.84084899817,bench:d0f4bf2813e118b3,107,4.17031,0.9286194,3.8726307700139997
76891.74944598926,bench:d0f4bf2813e118b3,107,4.22389,0.928888,3.9235207343200003
76895.6485799863,bench:d0f4bf2813e118b3,107,4.17031,0.9291566,3.874871060546
76899.57069599768,bench:d0f4bf2813e118b3,107,4.25068,0.9280821,3.944980020828
76903.4807930002,bench:d0f4bf2813e118b3,107,4.17031,0.928888,3.87375091528
76907.39429797395,bench:d0f4bf2813e118b3,107,4.20603,0.928888,3.9069307946400005
76911.37872697436,bench:d0f4bf2813e118b3,107,4.20603,0.9286194,3.905801054982
76915.28863899293,bench:d0f4bf2813e118b3,107,4.65253,0.928888,4.32167928664
76919.17966297478,bench:d0f4bf2813e118b3,107,4.17924,0.9286194,3.880923341256
76923.1112409907,bench:d0f4bf2813e118b3,107,4.17031,0.9291566,3.874871060546
76927.02296798234,bench:d0f4bf2813e118b3,107,4.22389,0.9296938,3.926924344882
76930.94458300038,bench:d0f4bf2813e118b3,107,4.16138,0.928888,3.8654559454400004
76934.8525509995,bench:d0f4bf2813e118b3,107,4.22389,0.9286194,3.922386197466
76938.7754809868,bench:d0f4bf2813e118b3,107,4.17924,0.928888,3.88204588512
76942.67994898837,bench:d0f4bf2813e118b3,107,4.25068,0.9294252,3.950689109136
76946.5789909882,bench:d0f4bf2813e118b3,107,4.17924,0.9286194,3.880923341256
76950.49699497758,bench:d0f4bf2813e118b3,107,4.18817,0.928888,3.8903408549600007
76958.46883597551,bench:d0f4bf2813e118b3,107,4.22389,0.928888,3.9235207343200003
76962.36559998943,bench:d0f4bf2813e118b3,107,4.2864,0.9291566,3.9827368502400002
76966.24504899955,bench:d0f4bf2813e118b3,107,4.25068,0.9294252,3.950689109136
76970.13788699405,bench:d0f4bf2813e118b3,107,4.17031,0.9286194,3.8726307700139997
76974.02437397977,bench:d0f4bf2813e118b3,107,4.14352,0.928888,3.8488660057599997
76979.58882700186,bench:d0f4bf2813e118b3,107,5.52767,0.9291566,5.1360710631219995
76983.80786599591,bench:d0f4bf2813e118b3,107,5.509809,0.9291566,5.1194753970894
76987.82990698237,bench:d0f4bf2813e118b3,107,5.509809,0.9294252,5.120955331786799
76995.28499299777,bench:d0f4bf2813e118b3,107,5.66162,0.9291566,5.260531589692
77003.21298299241,bench:d0f4bf2813e118b3,107,5.50088,0.928888,5.1097014214400005
77015.57802798925,bench:d0f4bf2813e118b3,107,5.59911,0.928888,5.2009460896799995
77019.8993999802,bench:d0f4bf2813e118b3,107,5.509809,0.9294252,5.120955331786799
77027.34294897527,bench:d0f4bf2813e118b3,107,5.4473,0.928888,5.059931602400001
77035.26343900012,bench:d0f4bf2813e118b3,107,5.54553,0.928888,5.151176270640001
77039.60630999063,bench:d0f4bf2813e118b3,107,5.52767,0.9286194,5.1331015987979995
77043.91486698296,bench:d0f4bf2813e118b3,107,5.6259,0.9280821,5.22129708639
77055.57408498134,bench:d0f4bf2813e118b3,107,5.509809,0.9369466,5.162396809199399
77059.8788089992,bench:d0f4bf2813e118b3,107,5.64376,0.9294252,5.245452766752
77071.59080400015,bench:d0f4bf2813e118b3,107,5.66162,0.9294252,5.262052300824
77075.95463798498,bench:d0f4bf2813e118b3,107,5.51874,0.9299625,5.13222124725
77087.5835600018,bench:d0f4bf2813e118b3,107,5.509809,0.9291566,5.1194753970894
77091.64904497447,bench:d0f4bf2813e118b3,107,5.52767,0.9286194,5.1331015987979995
77095.64084498561,bench:d0f4bf2813e118b3,107,5.65269,0.9280821,5.246160405849
77099.64134899201,bench:d0f4bf2813e118b3,107,5.58125,0.9280821,5.179858220625
77103.88588698697,bench:d0f4bf2813e118b3,107,5.50088,0.928888,5.1097014214400005
77107.88053899887,bench:d0f4bf2813e118b3,107,5.46516,0.9294252,5.079457426032
77111.83863598853,bench:d0f4bf2813e118b3,107,5.66162,0.9286194,5.257490167428
77115.88134299382,bench:d0f4bf2813e118b3,107,5.509809,0.9304997,5.1268756215573
77123.52707597893,bench:d0f4bf2813e118b3,107,5.54553,0.9304997,5.160114001341
77131.51954699424,bench:d0f4bf2813e118b3,107,5.65269,0.9294252,5.253752533787999
77139.55777598312,bench:d0f4bf2813e118b3,107,5.51874,0.9296938,5.130738361812
77147.56757998839,bench:d0f4bf2813e118b3,107,5.48302,0.9286194,5.091638742588
77151.57893599826,bench:d0f4bf2813e118b3,107,5.51874,0.928888,5.126291361120001
77159.53207298298,bench:d0f4bf2813e118b3,107,5.52767,0.9294252,5.137555795283999
77163.6109839892,bench:d0f4bf2813e118b3,107,5.50088,0.9294252,5.112656494176
77171.53113998938,bench:d0f4bf2813e118b3,107,5.509809,0.9294252,5.120955331786799
77179.55890699523,bench:d0f4bf2813e118b3,107,5.43837,0.9294252,5.054558124923999
77183.60524397576,bench:d0f4bf2813e118b3,107,5.51874,0.9286194,5.124809027556
77191.5239559894,bench:d0f4bf2813e118b3,107,5.64376,0.928888,5.2424209388800005
77199.54774098005,bench:d0f4bf2813e118b3,107,5.474089,0.9291566,5.0862859233374005
77207.57080399198,bench:d0f4bf2813e118b3,107,5.51874,0.9283507,5.123326142118
77214.11732397974,idle,107,5.50088,0.9294252,5.112656494176
77218.62213799614,idle,107,1.75921,0.9283507,1.633163834947
77232.89513099007,idle,107,1.75028,0.9286194,1.625343963432
77240.63212197507,idle,107,4.18817,0.8636134,3.616959733478
77245.13988097897,idle,107,5.84915,0.8638819,5.052974815384999
77249.58278797567,idle,107,1.40201,0.8630761,1.210041322961
77264.12201899802,idle,107,1.39308,0.8633446,1.202708095368
77273.46781198867,bench:eee8e0e9d2bf3117,108,3.07192,0.7228564,2.2205570322879997
77279.74311198341,bench:eee8e0e9d2bf3117,108,3.69702,0.8182165,3.02496276483
77287.15180899599,bench:eee8e0e9d2bf3117,108,5.1794,0.9302311,4.81803895934
77291.59242098103,bench:eee8e0e9d2bf3117,108,7.65301,0.931037,7.12523547137
77298.58958499972,bench:eee8e0e9d2bf3117,108,6.06347,0.9200235,5.578534891545
77304.73755198182,bench:eee8e0e9d2bf3117,108,5.52767,0.9291566,5.1360710631219995
77310.07221198524,bench:eee8e0e9d2bf3117,108,7.24223,0.931037,6.74278409251
77314.75533900084,bench:eee8e0e9d2bf3117,108,7.71552,0.9283507,7.162708392863999
77319.77337200078,bench:eee8e0e9d2bf3117,108,7.67087,0.9286194,7.123318696878
77324.57188697299,bench:eee8e0e9d2bf3117,108,5.58125,0.9369466,5.229333211249999
77329.9291759904,bench:eee8e0e9d2bf3117,108,7.90305,0.9326486,7.370768518230001
77335.11176297907,bench:eee8e0e9d2bf3117,108,7.46548,0.9283507,6.930583583836
77339.50068897684,bench:eee8e0e9d2bf3117,108,5.509809,0.9275449,5.1105952379241
77344.53038798529,bench:eee8e0e9d2bf3117,108,7.929839,0.9270077,7.3510218127603
77349.05514697311,bench:eee8e0e9d2bf3117,108,5.161539,0.931037,4.805583785943
77355.02843098948,bench:eee8e0e9d2bf3117,108,5.06331,0.9280821,4.699167377751
77360.17298098886,bench:eee8e0e9d2bf3117,108,7.49227,0.9278135,6.951429251645
77364.60005497793,bench:eee8e0e9d2bf3117,108,7.46548,0.9299625,6.9426164445000005
77369.02757399366,bench:eee8e0e9d2bf3117,108,7.804819,0.931037,7.266575267303001
77374.56337999902,bench:eee8e0e9d2bf3117,108,4.96508,0.9286194,4.610669610552001
77378.90956597403,bench:eee8e0e9d2bf3117,108,7.89412,0.9299625,7.3412355705
77383.20769698475,bench:eee8e0e9d2bf3117,108,7.08149,0.9291566,6.579813171334
77388.79694597563,bench:eee8e0e9d2bf3117,108,5.59911,0.9315742,5.215986418961999
77394.08197699231,bench:eee8e0e9d2bf3117,108,7.73338,0.9286194,7.181366695572001
77399.50978299021,bench:eee8e0e9d2bf3117,108,7.24223,0.9270077,6.713602975171
77403.75922998646,bench:eee8e0e9d2bf3117,108,7.0547,0.9286194,6.55113128118
77408.5189679754,bench:eee8e0e9d2bf3117,108,5.38479,0.9280821,4.9975272112589995
77413.27718799585,bench:eee8e0e9d2bf3117,108,7.68873,0.9275449,7.131642298977
77418.60506898956,bench:eee8e0e9d2bf3117,108,7.08149,0.93238,6.602639646199999
77422.84623798332,bench:eee8e0e9d2bf3117,108,7.929839,0.9280821,7.359541631781901
77427.66675297753,bench:eee8e0e9d2bf3117,108,7.911979,0.9326486,7.3790961375794
77432.15643797885,bench:eee8e0e9d2bf3117,108,7.840539,0.931037,7.299831908943
77437.01863798196,bench:eee8e0e9d2bf3117,108,5.24191,0.9304997,4.877595682427
77442.05937397783,bench:eee8e0e9d2bf3117,108,5.19726,0.9315742,4.841633326692
77449.89403098589,bench:eee8e0e9d2bf3117,108,7.947699,0.931037,7.3996018338630005
77455.30924599734,bench:eee8e0e9d2bf3117,108,5.25084,0.9296938,4.881673392792
77460.25368597475,bench:eee8e0e9d2bf3117,108,5.63483,0.9304997,5.243207624551
77464.64127898798,bench:eee8e0e9d2bf3117,108,7.072559,0.9304997,6.581014027732301
77469.58507198724,bench:eee8e0e9d2bf3117,108,7.65301,0.9369466,7.170461699266
77473.8878509961,bench:eee8e0e9d2bf3117,108,7.090419,0.9296938,6.5919185837022
77478.16285199951,bench:eee8e0e9d2bf3117,108,7.86733,0.9299625,7.316321875125
77482.42237197701,bench:eee8e0e9d2bf3117,108,7.090419,0.9304997,6.5976327523743
77486.69733697898,bench:eee8e0e9d2bf3117,108,7.786959,0.9302311,7.243671436224901
77491.83257197728,bench:eee8e0e9d2bf3117,108,7.73338,0.9270077,7.168902807026
77496.18133198237,bench:eee8e0e9d2bf3117,108,7.66194,0.9278135,7.10885136819
77500.45731497812,bench:eee8e0e9d2bf3117,108,7.090419,0.926739,6.5709678136409995
77504.65570599772,bench:eee8e0e9d2bf3117,108,5.21512,0.9299625,4.849866033
77509.39131499035,bench:eee8e0e9d2bf3117,108,5.42051,0.9280821,5.030678303871
77515.05708298646,bench:eee8e0e9d2bf3117,108,7.251159,0.9259331,6.7140881314629
77520.9602190007,bench:eee8e0e9d2bf3117,108,7.87626,0.9304997,7.328857567122
77525.33310797298,bench:eee8e0e9d2bf3117,108,7.92091,0.9280821,7.351254786711
77529.8564779805,bench:eee8e0e9d2bf3117,108,5.13475,0.9294252,4.7723660457
77535.21863700007,bench:eee8e0e9d2bf3117,108,7.76017,0.9304997,7.220835856949
77539.67571197427,bench:eee8e0e9d2bf3117,108,5.37586,0.9280821,4.989239438106001
77543.91382497852,bench:eee8e0e9d2bf3117,108,7.95663,0.931037,7.4079169253099995
77548.15980797866,bench:eee8e0e9d2bf3117,108,5.36693,0.9272762,4.976626456066
77554.28125697654,bench:eee8e0e9d2bf3117,108,7.072559,0.9275449,6.5601160303991
77559.69300799188,bench:eee8e0e9d2bf3117,108,3.43805,0.9286194,3.19263992817
77564.4042469794,bench:eee8e0e9d2bf3117,108,5.1794,0.9278135,4.8055172419
77569.48348198785,bench:eee8e0e9d2bf3117,108,6.28672,0.9270077,5.827837847744
77574.16549898335,bench:eee8e0e9d2bf3117,108,6.09026,0.9291566,5.658805274715999
77578.48603697494,bench:eee8e0e9d2bf3117,108,7.93877,0.9294252,7.378492895003999
77585.29735097545,bench:eee8e0e9d2bf3117,108,7.42083,0.9170686,6.805410178938
77590.65745497355,bench:eee8e0e9d2bf3117,108,5.23298,0.9291566,4.862257904668001
77595.28078697622,bench:eee8e0e9d2bf3117,108,5.5366,0.9291566,5.14436843156
77600.2011349774,bench:eee8e0e9d2bf3117,108,5.36693,0.9307683,4.995368312319
77607.10794798797,bench:eee8e0e9d2bf3117,108,7.09935,0.9291566,6.596407908210001
77612.51229199115,bench:eee8e0e9d2bf3117,108,5.25084,0.9291566,4.878852641544
77618.44670498976,bench:eee8e0e9d2bf3117,108,7.947699,0.9326486,7.4124103455714
77622.76113199187,bench:eee8e0e9d2bf3117,108,5.36693,0.9294252,4.988159988635999
77627.64699899708,bench:eee8e0e9d2bf3117,108,3.09871,0.9291566,2.879186847986
77632.22799799405,bench:eee8e0e9d2bf3117,108,7.84947,0.9315742,7.312363735674
77636.80568197742,bench:eee8e0e9d2bf3117,108,7.66194,0.928888,7.117084122720001
77642.54730098764,bench:eee8e0e9d2bf3117,108,7.62622,0.9304997,7.0961954221340005
77646.8679139798,bench:eee8e0e9d2bf3117,108,7.5012,0.9286194,6.96575984328
77651.6550410015,bench:eee8e0e9d2bf3117,108,7.072559,0.9286194,6.5677154950446
77656.27783499076,bench:eee8e0e9d2bf3117,108,7.72445,0.9291566,7.17722369887
77661.011425982,bench:eee8e0e9d2bf3117,108,7.93877,0.9283507,7.369962686639
77667.28520698962,bench:eee8e0e9d2bf3117,108,7.97449,0.9286194,7.405266119106
77672.6246069884,bench:eee8e0e9d2bf3117,108,5.23298,0.9280821,4.856635067658001
77677.41595598636,bench:eee8e0e9d2bf3117,108,5.12582,0.9291566,4.762689483412
77682.68896799418,bench:eee8e0e9d2bf3117,108,5.67948,0.9278135,5.26949821698
77687.9195169895,bench:eee8e0e9d2bf3117,108,7.36725,0.9291566,6.84532896135
77693.04325198755,bench:eee8e0e9d2bf3117,108,5.2687,0.9307683,4.90393894221
77697.9658039927,bench:eee8e0e9d2bf3117,108,7.072559,0.9307683,6.5829137170797
77702.78052298818,bench:eee8e0e9d2bf3117,108,6.67071,0.931037,6.2106778262699995
77707.36657798989,bench:eee8e0e9d2bf3117,108,4.42928,0.9294252,4.116684449856
77713.03567898576,bench:eee8e0e9d2bf3117,108,5.0008,0.9326486,4.66398911888
77720.99248299492,bench:eee8e0e9d2bf3117,108,5.43837,0.9280821,5.047253850177
77729.24465499818,bench:eee8e0e9d2bf3117,108,7.751239,0.9299625,7.2083615985375005
77733.62189700129,bench:eee8e0e9d2bf3117,108,5.37586,0.9304997,5.002236117242001
77738.37348699453,bench:eee8e0e9d2bf3117,108,5.01866,0.9302311,4.668513612326
77743.83870098973,bench:eee8e0e9d2bf3117,108,7.251159,0.9299625,6.743305951537501
77748.40031098574,bench:eee8e0e9d2bf3117,108,5.0901,0.9329173,4.74864234873
77752.89466200047,bench:eee8e0e9d2bf3117,108,7.72445,0.928888,7.1751489116
77758.25863599312,bench:eee8e0e9d2bf3117,108,7.2333,0.9326486,6.7461271183800005
77763.54096297291,bench:eee8e0e9d2bf3117,108,7.61729,0.9299625,7.0837940516249995
77767.79520499986,bench:eee8e0e9d2bf3117,108,7.35832,0.9307683,6.8488909972559995
77772.04596597585,bench:eee8e0e9d2bf3117,108,7.64408,0.9326486,7.1292405102880005
77776.2844679819,bench:eee8e0e9d2bf3117,108,7.63515,0.9256646,7.06758807069
77780.54113697726,bench:eee8e0e9d2bf3117,108,7.786959,0.9304997,7.245763013412301
77785.63277897774,bench:eee8e0e9d2bf3117,108,7.79589,0.9291566,7.243602646374
77791.58054498839,bench:eee8e0e9d2bf3117,108,7.99235,0.9315742,7.44546705737
77795.88356497698,bench:eee8e0e9d2bf3117,108,7.84947,0.9275449,7.280735866203
77800.3097869805,bench:eee8e0e9d2bf3117,108,7.83161,0.9280821,7.268377055181
77804.62976999115,bench:eee8e0e9d2bf3117,108,7.86733,0.9299625,7.316321875125
77809.10756599042,bench:eee8e0e9d2bf3117,108,7.786959,0.9286194,7.2311211944046
77813.41778897331,bench:eee8e0e9d2bf3117,108,7.911979,0.9299625,7.3578437707874995
77817.64258799376,bench:eee8e0e9d2bf3117,108,7.08149,0.9347976,6.6197598564239994
77822.96911699814,bench:eee8e0e9d2bf3117,108,8.01914,0.9291566,7.4510368573240005
77827.39628397394,bench:eee8e0e9d2bf3117,108,5.22405,0.9272762,4.84413723261
77831.73687799717,bench:eee8e0e9d2bf3117,108,7.090419,0.9259331,6.5652536449689
77835.97286097938,bench:eee8e0e9d2bf3117,108,7.08149,0.928888,6.57791108312
77842.95330298482,bench:eee8e0e9d2bf3117,108,7.81375,0.9270077,7.243406415875
77847.96061299858,bench:eee8e0e9d2bf3117,108,5.29549,0.9302311,4.926029487739
77852.95088699786,bench:eee8e0e9d2bf3117,108,5.25977,0.9270077,4.875847290228999
77857.44157197769,bench:eee8e0e9d2bf3117,108,7.90305,0.931037,7.35803196285
77861.93623798317,bench:eee8e0e9d2bf3117,108,7.947699,0.9296938,7.3889264845662
77866.41284899088,bench:eee8e0e9d2bf3117,108,7.786959,0.9315742,7.2541301008578
77872.7988889732,idle,108,2.60756,0.9186804,2.395514263824
77877.02700198861,idle,108,1.71456,0.9192177,1.5760538997120002
77894.51774497866,idle,108,1.55382,0.8883263,1.380299171466
77902.42695697816,idle,108,1.06267,0.721782,0.76701607794
77910.73751798831,idle,108,1.35736,0.8485706,1.151815789616
77929.01364399586,idle,108,1.21448,0.8182165,0.9937075749200001
77939.57966699963,bench:576c36fa21ed7091,109,3.81311,0.8187538,3.121998302318
77950.14107899624,bench:576c36fa21ed7091,109,5.64376,0.9286194,5.240905024944
77955.58662698022,bench:576c36fa21ed7091,109,5.94738,0.9369466,5.572377469908
77967.6606009889,bench:576c36fa21ed7091,109,5.59911,0.9291566,5.202450010625999
77979.54924299847,bench:576c36fa21ed7091,109,5.509809,0.928888,5.117995462392
77983.90042898245,bench:576c36fa21ed7091,109,4.67932,0.928888,4.34656419616
77987.86822898546,bench:576c36fa21ed7091,109,4.75076,0.9294252,4.415476063151999
77995.60616500094,bench:576c36fa21ed7091,109,4.1971,0.928888,3.8986358248
77999.72496400005,bench:576c36fa21ed7091,109,5.95631,0.9291566,5.534344748146
78007.65989799402,bench:576c36fa21ed7091,109,5.60804,0.928888,5.20924105952
78015.66918299068,bench:576c36fa21ed7091,109,5.93845,0.9326486,5.53848707867
78023.61720998306,bench:576c36fa21ed7091,109,5.94738,0.9294252,5.527644845976
78027.93087798636,bench:576c36fa21ed7091,109,4.23282,0.9286194,3.9306787687080003
78035.63344298163,bench:576c36fa21ed7091,109,4.32212,0.9286194,4.013604481128
78039.76040898124,bench:576c36fa21ed7091,109,4.17924,0.9286194,3.880923341256
78043.81433798699,bench:576c36fa21ed7091,109,4.24175,0.928888,3.940110674
78047.77328699129,bench:576c36fa21ed7091,109,4.22389,0.928888,3.9235207343200003
78051.70306898071,bench:576c36fa21ed7091,109,4.21496,0.928888,3.9152257644799997
78055.63051797799,bench:576c36fa21ed7091,109,4.20603,0.928888,3.9069307946400005
78059.55613299739,bench:576c36fa21ed7091,109,4.21496,0.928888,3.9152257644799997
78063.6017479992,bench:576c36fa21ed7091,109,4.22389,0.928888,3.9235207343200003
78067.6093629736,bench:576c36fa21ed7091,109,4.18817,0.928888,3.8903408549600007
78071.59834797494,bench:576c36fa21ed7091,109,4.20603,0.9294252,3.909190273956
78075.5563149869,bench:576c36fa21ed7091,109,4.20603,0.9286194,3.905801054982
78079.70381798805,bench:576c36fa21ed7091,109,5.509809,0.9302311,5.1253956868599
78084.06311497674,bench:576c36fa21ed7091,109,5.65269,0.9286194,5.249197596186
78088.09569297591,bench:576c36fa21ed7091,109,5.93845,0.928888,5.5161549436
78095.5672049895,bench:576c36fa21ed7091,109,5.95631,0.9302311,5.540744803241
78099.93877899251,bench:576c36fa21ed7091,109,5.69734,0.9291566,5.293721063444
78104.23515099683,bench:576c36fa21ed7091,109,5.59911,0.9294252,5.203953931571999
78108.2466179796,bench:576c36fa21ed7091,109,6.24207,0.928888,5.79818391816
78115.56700099027,bench:576c36fa21ed7091,109,5.58125,0.928888,5.18435615
78123.57958298526,bench:576c36fa21ed7091,109,5.59911,0.9283507,5.197937687876999
78131.56690599862,bench:576c36fa21ed7091,109,5.95631,0.928888,5.53274488328
78143.5901199875,bench:576c36fa21ed7091,109,5.95631,0.9280821,5.527944693051
78147.71388299414,bench:576c36fa21ed7091,109,5.65269,0.9294252,5.253752533787999
78155.51452100044,bench:576c36fa21ed7091,109,5.96524,0.9286194,5.539437589656
78163.51895499974,bench:576c36fa21ed7091,109,5.94738,0.9294252,5.527644845976
78175.58429899509,bench:576c36fa21ed7091,109,5.51874,0.928888,5.126291361120001
78179.70744997729,bench:576c36fa21ed7091,109,5.99203,0.9280821,5.5610957856629994
78184.0652289975,bench:576c36fa21ed7091,109,5.94738,0.928888,5.52444991344
78188.03882499924,bench:576c36fa21ed7091,109,5.94738,0.928888,5.52444991344
78195.26254298398,bench:576c36fa21ed7091,109,5.59911,0.9291566,5.202450010625999
78199.32978699217,bench:576c36fa21ed7091,109,4.23282,0.9294252,3.934089575064
78203.54577098624,bench:576c36fa21ed7091,109,5.99203,0.9280821,5.5610957856629994
78211.24331798637,bench:576c36fa21ed7091,109,5.65269,0.928888,5.25071590872
78215.62868898036,bench:576c36fa21ed7091,109,5.55446,0.9291566,5.160963168436
78223.54658599943,bench:576c36fa21ed7091,109,5.66162,0.928888,5.259010878560001
78235.55924498942,bench:576c36fa21ed7091,109,5.58125,0.9280821,5.179858220625
78239.66952599585,bench:576c36fa21ed7091,109,5.54553,0.928888,5.151176270640001
78247.5137199799,bench:576c36fa21ed7091,109,5.95631,0.9280821,5.527944693051
78255.5675789772,bench:576c36fa21ed7091,109,5.66162,0.928888,5.259010878560001
78263.5086980008,bench:576c36fa21ed7091,109,5.66162,0.9294252,5.262052300824
78271.59314998426,bench:576c36fa21ed7091,109,5.5366,0.9291566,5.14436843156
78275.90202097781,bench:576c36fa21ed7091,109,5.55446,0.928888,5.15947124048
78283.33555199788,bench:576c36fa21ed7091,109,5.92059,0.9280821,5.494793600439
78287.39651798969,bench:576c36fa21ed7091,109,4.24175,0.9286194,3.9389713399499997
78291.42387397587,bench:576c36fa21ed7091,109,4.21496,0.9286194,3.9140936262239996
78295.52874699584,bench:576c36fa21ed7091,109,4.24175,0.9294252,3.9423893420999994
78299.57576899324,bench:576c36fa21ed7091,109,4.17924,0.9286194,3.880923341256
78303.57997698593,bench:576c36fa21ed7091,109,4.2864,0.928888,3.9815855232000006
78307.5401839742,bench:576c36fa21ed7091,109,4.18817,0.9286194,3.8892159124980004
78311.58202097868,bench:576c36fa21ed7091,109,4.22389,0.9286194,3.922386197466
78315.55567297619,bench:576c36fa21ed7091,109,4.22389,0.928888,3.9235207343200003
78319.58941798075,bench:576c36fa21ed7091,109,4.22389,0.9294252,3.9257898080279996
78323.52297799662,bench:576c36fa21ed7091,109,4.20603,0.928888,3.9069307946400005
78327.52412898117,bench:576c36fa21ed7091,109,4.21496,0.9286194,3.9140936262239996
78331.56250297907,bench:576c36fa21ed7091,109,4.22389,0.928888,3.9235207343200003
78335.52834097645,bench:576c36fa21ed7091,109,4.20603,0.9286194,3.905801054982
78339.46508599911,bench:576c36fa21ed7091,109,4.1971,0.928888,3.8986358248
78343.38471997762,bench:576c36fa21ed7091,109,4.1971,0.9291566,3.89976316586
78347.37359397695,bench:576c36fa21ed7091,109,4.21496,0.9291566,3.916357902736
78351.2853209977,bench:576c36fa21ed7091,109,4.20603,0.928888,3.9069307946400005
78355.33915797714,bench:576c36fa21ed7091,109,4.22389,0.9291566,3.9246552711739997
78359.30836497573,bench:576c36fa21ed7091,109,4.17924,0.9291566,3.8831684289840003
78363.34377599997,bench:576c36fa21ed7091,109,4.27747,0.9304997,3.980184551759
78367.28090999532,bench:576c36fa21ed7091,109,4.18817,0.9291566,3.891465797422
78371.29528398509,bench:576c36fa21ed7091,109,4.22389,0.928888,3.9235207343200003
78375.21619600011,bench:576c36fa21ed7091,109,4.21496,0.928888,3.9152257644799997
78379.1409409896,bench:576c36fa21ed7091,109,4.20603,0.928888,3.9069307946400005
78383.07596399682,bench:576c36fa21ed7091,109,4.21496,0.9283507,3.9129610664719996
78387.13211598224,bench:576c36fa21ed7091,109,4.23282,0.9296938,3.9352265105160003
78391.07917598449,bench:576c36fa21ed7091,109,4.18817,0.9283507,3.8880905512190003
78395.06695698947,bench:576c36fa21ed7091,109,4.22389,0.928888,3.9235207343200003
78399.00738699362,bench:576c36fa21ed7091,109,4.20603,0.9286194,3.905801054982
78402.90100299171,bench:576c36fa21ed7091,109,4.1971,0.928888,3.8986358248
78406.82769299019,bench:576c36fa21ed7091,109,4.21496,0.928888,3.9152257644799997
78411.68922698125,bench:576c36fa21ed7091,109,5.95631,0.928888,5.53274488328
78415.72215600172,bench:576c36fa21ed7091,109,5.67055,0.9280821,5.262735952155
78419.82482597814,bench:576c36fa21ed7091,109,5.93845,0.928888,5.5161549436
78423.85960699175,bench:576c36fa21ed7091,109,5.99203,0.928888,5.56592476264
78427.95120298979,bench:576c36fa21ed7091,109,5.59911,0.9291566,5.202450010625999
78435.55862098583,bench:576c36fa21ed7091,109,5.95631,0.9280821,5.527944693051
78439.60969799082,bench:576c36fa21ed7091,109,5.93845,0.9304997,5.525725943465
78443.66497898591,bench:576c36fa21ed7091,109,5.58125,0.9278135,5.178359096875
78447.69513097708,bench:576c36fa21ed7091,109,5.67055,0.928888,5.2673058484
78451.72057897435,bench:576c36fa21ed7091,109,6.24207,0.928888,5.79818391816
78455.717601988,bench:576c36fa21ed7091,109,5.97417,0.9299625,5.555754068625
78463.55388799566,bench:576c36fa21ed7091,109,5.63483,0.9302311,5.241694109213
78471.24500997597,bench:576c36fa21ed7091,109,6.24207,0.9294252,5.801537158164
78479.5366069884,bench:576c36fa21ed7091,109,5.94738,0.9291566,5.526047379708
78491.56621098518,bench:576c36fa21ed7091,109,5.92059,0.9280821,5.494793600439
78499.50744098169,bench:576c36fa21ed7091,109,5.59018,0.9296938,5.197155686884
78507.25304399384,bench:576c36fa21ed7091,109,3.53628,0.9299625,3.2886077895000003
78511.3482879824,bench:576c36fa21ed7091,109,4.25068,0.9280821,3.944980020828
78515.37110598292,bench:576c36fa21ed7091,109,4.22389,0.928888,3.9235207343200003
78523.58038999955,bench:576c36fa21ed7091,109,5.67948,0.931037,5.28780602076
78527.8834279743,bench:576c36fa21ed7091,109,5.96524,0.9304997,5.550654030428
78533.35667899228,idle,109,4.61681,0.9291566,4.2897394824460005
78537.78784599854,idle,109,1.76814,0.928888,1.64240402832
78555.27123698266,idle,109,1.55382,0.8891322,1.3815513950040001
78559.6838669735,idle,109,4.26854,0.8888636,3.794149831144
78564.02297999011,idle,109,1.54489,0.888595,1.37278152955
78580.87022797554,idle,109,1.36629,0.8485706,1.159393525074
78591.14560598391,bench:7fbefa60e65dcba5,110,3.99171,0.8488392,3.388319923032
78599.54472197569,bench:7fbefa60e65dcba5,110,5.97417,0.9291566,5.550939485022
78607.52952599432,bench:7fbefa60e65dcba5,110,5.822359,0.9294252,5.411447178046799
78615.58792198775,bench:7fbefa60e65dcba5,110,5.79557,0.9291566,5.384992116262
78623.17765498301,bench:7fbefa60e65dcba5,110,5.66162,0.928888,5.259010878560001
78635.53094098461,bench:7fbefa60e65dcba5,110,5.983099,0.9294252,5.5608429846947995
78639.59916698514,bench:7fbefa60e65dcba5,110,5.5366,0.9294252,5.1458555623199995
78643.62155899289,bench:7fbefa60e65dcba5,110,5.83129,0.9291566,5.418181590014
78647.78737598681,bench:7fbefa60e65dcba5,110,5.43837,0.9294252,5.054558124923999
78651.6813619819,bench:7fbefa60e65dcba5,110,5.92952,0.9291566,5.5094526428320005
78655.83649498876,bench:7fbefa60e65dcba5,110,5.46516,0.928888,5.07652154208
78659.76138800033,bench:7fbefa60e65dcba5,110,5.83129,0.928888,5.416615305520001
78664.0649449837,bench:7fbefa60e65dcba5,110,5.46516,0.9286194,5.075053600104
78667.93467197567,bench:7fbefa60e65dcba5,110,5.822359,0.9291566,5.4098832924194
78672.20069197356,bench:7fbefa60e65dcba5,110,5.5366,0.9291566,5.14436843156
78676.08551197918,bench:7fbefa60e65dcba5,110,5.66162,0.928888,5.259010878560001
78680.21369900089,bench:7fbefa60e65dcba5,110,5.491949,0.9291566,5.1028806602134
78684.07296398073,bench:7fbefa60e65dcba5,110,5.804499,0.9294252,5.394847643974799
78691.17190499674,bench:7fbefa60e65dcba5,110,5.67948,0.9291566,5.277126326568
78699.10739400075,bench:7fbefa60e65dcba5,110,5.840219,0.9294252,5.4280467121188
78703.5726539907,bench:7fbefa60e65dcba5,110,5.59911,0.9294252,5.203953931571999
78711.29197799019,bench:7fbefa60e65dcba5,110,5.67948,0.9291566,5.277126326568
78719.36835598899,bench:7fbefa60e65dcba5,110,5.52767,0.9291566,5.1360710631219995
78723.5843759845,bench:7fbefa60e65dcba5,110,5.66162,0.928888,5.259010878560001
78727.90654399432,bench:7fbefa60e65dcba5,110,5.42051,0.928888,5.035046692880001
78731.81571500027,bench:7fbefa60e65dcba5,110,5.74199,0.9286194,5.3321233086060005
78736.13514198223,bench:7fbefa60e65dcba5,110,5.75985,0.9291566,5.35180264251
78740.04503598553,bench:7fbefa60e65dcba5,110,5.85808,0.9294252,5.444647175616
78744.22353800037,bench:7fbefa60e65dcba5,110,5.92952,0.9286194,5.506267304688
78751.17572100135,bench:7fbefa60e65dcba5,110,5.73306,0.928888,5.325370637280001
78755.5993879796,bench:7fbefa60e65dcba5,110,5.4473,0.928888,5.059931602400001
78759.61183599429,bench:7fbefa60e65dcba5,110,5.75092,0.9286194,5.340415879848
78763.7600049784,bench:7fbefa60e65dcba5,110,5.67948,0.9286194,5.274075309912
78767.69165799487,bench:7fbefa60e65dcba5,110,5.52767,0.9291566,5.1360710631219995
78771.88860499882,bench:7fbefa60e65dcba5,110,5.5366,0.9294252,5.1458555623199995
78775.79884999432,bench:7fbefa60e65dcba5,110,5.52767,0.928888,5.1345863309599995
78782.79171799659,bench:7fbefa60e65dcba5,110,5.840219,0.9291566,5.4264780292954
78787.5836409803,bench:7fbefa60e65dcba5,110,5.81343,0.9291566,5.401586853138
78799.60204099189,bench:7fbefa60e65dcba5,110,5.55446,0.9291566,5.160963168436
78811.52779399417,bench:7fbefa60e65dcba5,110,5.68841,0.9294252,5.2869516019319995
78815.48150198068,bench:7fbefa60e65dcba5,110,3.84883,0.9286194,3.574098205302
78819.41844997345,bench:7fbefa60e65dcba5,110,4.18817,0.928888,3.8903408549600007
78823.61787898117,bench:7fbefa60e65dcba5,110,5.474089,0.9291566,5.0862859233374005
78831.54105299036,bench:7fbefa60e65dcba5,110,3.85776,0.9291566,3.584463165216
78835.60725999996,bench:7fbefa60e65dcba5,110,5.55446,0.928888,5.15947124048
78839.61548598018,bench:7fbefa60e65dcba5,110,4.23282,0.9286194,3.9306787687080003
78843.56217598543,bench:7fbefa60e65dcba5,110,3.0362,0.9286194,2.8194742222799998
78847.5315499818,bench:7fbefa60e65dcba5,110,4.47393,0.9283507,4.153376047251
78851.46125798929,bench:7fbefa60e65dcba5,110,4.12566,0.9294252,3.8344923706319998
78855.43024397339,bench:7fbefa60e65dcba5,110,4.22389,0.928888,3.9235207343200003
78859.3478409748,bench:7fbefa60e65dcba5,110,2.66114,0.928888,2.47190101232
78863.26406800072,bench:7fbefa60e65dcba5,110,4.20603,0.9291566,3.908060534298
78867.18910897616,bench:7fbefa60e65dcba5,110,4.65253,0.928888,4.32167928664
78871.15776099381,bench:7fbefa60e65dcba5,110,3.43805,0.9291566,3.19448684863
78875.06808098988,bench:7fbefa60e65dcba5,110,4.1971,0.9291566,3.89976316586
78878.98432597285,bench:7fbefa60e65dcba5,110,4.71504,0.928888,4.379744075520001
78882.89795999299,bench:7fbefa60e65dcba5,110,4.98294,0.928888,4.62859317072
78887.58575500106,bench:7fbefa60e65dcba5,110,5.67055,0.9291566,5.26882895813
78891.57418397372,bench:7fbefa60e65dcba5,110,5.50088,0.9294252,5.112656494176
78899.50082197902,bench:7fbefa60e65dcba5,110,5.5366,0.928888,5.1428813008
78903.56676999363,bench:7fbefa60e65dcba5,110,5.52767,0.9291566,5.1360710631219995
78911.26792799332,bench:7fbefa60e65dcba5,110,5.99203,0.9286194,5.564315303382
78919.50604500016,bench:7fbefa60e65dcba5,110,5.50088,0.9294252,5.112656494176
78923.55434497586,bench:7fbefa60e65dcba5,110,5.822359,0.928888,5.408319406792
78931.51677798596,bench:7fbefa60e65dcba5,110,5.92059,0.9291566,5.501155274394
78939.4995449984,bench:7fbefa60e65dcba5,110,5.67948,0.928888,5.27560081824
78947.23509199684,bench:7fbefa60e65dcba5,110,5.54553,0.9294252,5.154155329356
78955.54020800046,bench:7fbefa60e65dcba5,110,5.67055,0.9294252,5.27035206786
78963.5317719949,bench:7fbefa60e65dcba5,110,5.57232,0.9294252,5.179054630464
78971.45681697293,bench:7fbefa60e65dcba5,110,5.96524,0.9296938,5.545846643512
78979.48424998322,bench:7fbefa60e65dcba5,110,5.52767,0.9291566,5.1360710631219995
78987.55799798528,bench:7fbefa60e65dcba5,110,5.68841,0.928888,5.283895788080001
78991.54713199823,bench:7fbefa60e65dcba5,110,5.81343,0.928888,5.40002536584
78999.4788429758,bench:7fbefa60e65dcba5,110,6.05454,0.9294252,5.627242050408
79007.50853598583,bench:7fbefa60e65dcba5,110,5.5366,0.9291566,5.14436843156
79015.49002499087,bench:7fbefa60e65dcba5,110,5.67948,0.928888,5.27560081824
79023.52079199045,bench:7fbefa60e65dcba5,110,5.96524,0.928888,5.54103985312
79031.49055899121,bench:7fbefa60e65dcba5,110,5.5366,0.9291566,5.14436843156
79039.538454992,bench:7fbefa60e65dcba5,110,5.69734,0.9294252,5.295251368968
79047.53677800181,bench:7fbefa60e65dcba5,110,5.66162,0.928888,5.259010878560001
79055.49045198131,bench:7fbefa60e65dcba5,110,5.97417,0.9291566,5.550939485022
79063.49036699976,bench:7fbefa60e65dcba5,110,6.02775,0.928888,5.599104642
79067.54779699259,bench:7fbefa60e65dcba5,110,5.66162,0.9294252,5.262052300824
79071.4928189991,bench:7fbefa60e65dcba5,110,4.21496,0.9294252,3.9174900409919995
79075.4928419774,bench:7fbefa60e65dcba5,110,3.23266,0.9291566,3.003647374556
79079.39093897585,bench:7fbefa60e65dcba5,110,3.22373,0.9283507,2.992752002111
79083.32751700073,bench:7fbefa60e65dcba5,110,4.14352,0.9294252,3.8510919047039995
79095.47213898622,bench:7fbefa60e65dcba5,110,5.5366,0.9291566,5.14436843156
79107.55951999454,bench:7fbefa60e65dcba5,110,6.01882,0.9294252,5.594042982264
79115.47821297427,bench:7fbefa60e65dcba5,110,5.50088,0.928888,5.1097014214400005
79123.51812797715,bench:7fbefa60e65dcba5,110,5.68841,0.9291566,5.285423695006
79131.47217300138,bench:7fbefa60e65dcba5,110,5.67948,0.9299625,5.2817034195
79135.55541698588,bench:7fbefa60e65dcba5,110,5.92952,0.9294252,5.511045311904
79139.44464398082,bench:7fbefa60e65dcba5,110,2.80402,0.928888,2.60462052976
79143.3612779947,bench:7fbefa60e65dcba5,110,3.4827,0.9296938,3.23784459726
79147.283726983,bench:7fbefa60e65dcba5,110,4.17031,0.9286194,3.8726307700139997
79155.47706600046,bench:7fbefa60e65dcba5,110,4.23282,0.928888,3.9318157041600004
79163.57370198239,bench:7fbefa60e65dcba5,110,5.55446,0.9294252,5.162455096392
79171.59504297888,bench:7fbefa60e65dcba5,110,4.20603,0.9294252,3.909190273956
79179.59419899853,bench:7fbefa60e65dcba5,110,5.8938,0.9280821,5.46993028098
79187.2830609791,idle,110,1.77707,0.9283507,1.649744178449
79191.52126699919,idle,110,1.76814,0.928888,1.64240402832
79209.2164339847,idle,110,1.34843,0.8485706,1.144238054158
79216.36298598605,idle,110,1.04481,0.7220506,0.754405687386
79221.86364399386,idle,110,1.05374,0.7228564,0.7617027029359998
79240.15439997311,idle,110,1.27699,0.8332592,1.064063665808
79247.52981998608,bench:42e9d9b562053842,111,3.65237,0.8332592,3.043370904304
79255.46138398931,bench:42e9d9b562053842,111,4.27747,0.8641506,3.6963782669820002
79263.51642797817,bench:42e9d9b562053842,111,5.43837,0.928888,5.05163663256
79275.51880999818,bench:42e9d9b562053842,111,5.52767,0.9294252,5.137555795283999
79283.63116798573,bench:42e9d9b562053842,111,5.58125,0.9286194,5.18285702625
79287.69052299322,bench:42e9d9b562053842,111,2.75044,0.9291566,2.5555894789040003
79291.74841498025,bench:42e9d9b562053842,111,4.22389,0.928888,3.9235207343200003
79299.52975799097,bench:42e9d9b562053842,111,5.509809,0.928888,5.117995462392
79303.8413709728,bench:42e9d9b562053842,111,5.66162,0.928888,5.259010878560001
79307.84196697641,bench:42e9d9b562053842,111,5.51874,0.928888,5.126291361120001
79311.93493297906,bench:42e9d9b562053842,111,5.66162,0.9286194,5.257490167428
79319.54153598053,bench:42e9d9b562053842,111,5.58125,0.9286194,5.18285702625
79327.53817399498,bench:42e9d9b562053842,111,5.67055,0.9294252,5.27035206786
79335.53445897996,bench:42e9d9b562053842,111,5.65269,0.9326486,5.271973414734
79343.55954098282,bench:42e9d9b562053842,111,5.67948,0.9286194,5.274075309912
79351.56538098818,bench:42e9d9b562053842,111,5.67055,0.9286194,5.2657827386700005
79355.58597798808,bench:42e9d9b562053842,111,5.59018,0.9286194,5.191149597492
79363.52320798323,bench:42e9d9b562053842,111,5.52767,0.9283507,5.131616313868999
79371.56091898214,bench:42e9d9b562053842,111,5.59018,0.9280821,5.188145993778
79379.53238998307,bench:42e9d9b562053842,111,5.66162,0.9278135,5.25292746787
79387.555341993,bench:42e9d9b562053842,111,5.491949,0.9283507,5.0984546985143
79395.55588597432,bench:42e9d9b562053842,111,5.57232,0.9294252,5.179054630464
79403.52744999109,bench:42e9d9b562053842,111,5.95631,0.9280821,5.527944693051
79411.30932999658,bench:42e9d9b562053842,111,5.804499,0.9294252,5.394847643974799
79419.53994598589,bench:42e9d9b562053842,111,5.65269,0.9291566,5.252234221254
79427.58132398012,bench:42e9d9b562053842,111,5.25084,0.9275449,4.870389862716
79431.61104997853,bench:42e9d9b562053842,111,5.67948,0.9304997,5.284754436156
79439.57959499676,bench:42e9d9b562053842,111,5.65269,0.9286194,5.249197596186
79443.5927279992,bench:42e9d9b562053842,111,5.58125,0.9283507,5.181357344375
79451.5592539974,bench:42e9d9b562053842,111,5.95631,0.9294252,5.535944613012
79455.58118398185,bench:42e9d9b562053842,111,5.65269,0.928888,5.25071590872
79467.55084398319,bench:42e9d9b562053842,111,4.22389,0.9286194,3.922386197466
79471.61730998778,bench:42e9d9b562053842,111,5.59911,0.9283507,5.197937687876999
79475.67683199304,bench:42e9d9b562053842,111,5.54553,0.9294252,5.154155329356
79483.57193300035,bench:42e9d9b562053842,111,5.67055,0.9291566,5.26882895813
79491.55177400098,bench:42e9d9b562053842,111,5.55446,0.9286194,5.157979312524
79499.56655898131,bench:42e9d9b562053842,111,5.59018,0.928888,5.192651119840001
79507.5657889829,bench:42e9d9b562053842,111,5.67055,0.9280821,5.262735952155
79515.54766698973,bench:42e9d9b562053842,111,5.59911,0.9294252,5.203953931571999
79523.50387899787,bench:42e9d9b562053842,111,5.94738,0.9286194,5.522852447172
79531.5090349759,bench:42e9d9b562053842,111,5.73306,0.9294252,5.328450437112
79539.54352397704,bench:42e9d9b562053842,111,5.74199,0.9286194,5.3321233086060005
79547.55503099295,bench:42e9d9b562053842,111,5.81343,0.9294252,5.403148340436
79555.53157598479,bench:42e9d9b562053842,111,5.54553,0.928888,5.151176270640001
79563.54850897333,bench:42e9d9b562053842,111,5.64376,0.9286194,5.240905024944
79571.52344298083,bench:42e9d9b562053842,111,5.64376,0.9291566,5.243936852816001
79579.55180198769,bench:42e9d9b562053842,111,5.65269,0.9291566,5.252234221254
79583.65134199266,bench:42e9d9b562053842,111,5.67055,0.9294252,5.27035206786
79591.5222579788,bench:42e9d9b562053842,111,5.57232,0.9286194,5.174564455008
79599.59087698371,bench:42e9d9b562053842,111,5.51874,0.928888,5.126291361120001
79607.55655099638,bench:42e9d9b562053842,111,5.94738,0.9280821,5.519656919898
79611.6705169843,bench:42e9d9b562053842,111,5.56339,0.9291566,5.169260536874
79619.57520997385,bench:42e9d9b562053842,111,5.67948,0.9294252,5.278651834895999
79627.53544098814,bench:42e9d9b562053842,111,5.56339,0.928888,5.16776621032
79635.55244798772,bench:42e9d9b562053842,111,5.67055,0.9280821,5.262735952155
79647.57810698939,bench:42e9d9b562053842,111,5.804499,0.9304997,5.4010845781503
79651.69785098988,bench:42e9d9b562053842,111,5.61697,0.9291566,5.219044747502
79659.51254498214,bench:42e9d9b562053842,111,5.52767,0.9294252,5.137555795283999
79667.53999699722,bench:42e9d9b562053842,111,5.66162,0.9294252,5.262052300824
79671.85022099875,bench:42e9d9b562053842,111,5.81343,0.9369466,5.446873472838
79679.5534529956,bench:42e9d9b562053842,111,5.67055,0.928888,5.2673058484
79687.55870099994,bench:42e9d9b562053842,111,5.66162,0.9296938,5.263573011956
79699.59400899825,bench:42e9d9b562053842,111,5.60804,0.9286194,5.207734739976
79703.73643698986,bench:42e9d9b562053842,111,5.67055,0.9291566,5.26882895813
79711.56066897674,bench:42e9d9b562053842,111,5.66162,0.9286194,5.257490167428
79723.52456898079,bench:42e9d9b562053842,111,5.93845,0.9294252,5.519345078939999
79727.62670199154,bench:42e9d9b562053842,111,5.66162,0.928888,5.259010878560001
79735.5519879784,bench:42e9d9b562053842,111,5.67948,0.928888,5.27560081824
79739.59654697683,bench:42e9d9b562053842,111,5.5366,0.9294252,5.1458555623199995
79747.57516599493,bench:42e9d9b562053842,111,5.60804,0.928888,5.20924105952
79751.62083597388,bench:42e9d9b562053842,111,5.50088,0.928888,5.1097014214400005
79759.57773299888,bench:42e9d9b562053842,111,5.50088,0.9280821,5.105268262248001
79763.60653198208,bench:42e9d9b562053842,111,5.509809,0.928888,5.117995462392
79771.57074399292,bench:42e9d9b562053842,111,5.64376,0.9326486,5.263644862736
79779.56276998157,bench:42e9d9b562053842,111,5.51874,0.9294252,5.129256028248
79784.65763499844,bench:42e9d9b562053842,111,5.65269,0.9326486,5.271973414734
79789.68731599161,bench:42e9d9b562053842,111,5.59911,0.928888,5.2009460896799995
79795.59896999854,bench:42e9d9b562053842,111,5.67948,0.9291566,5.277126326568
79799.60891898372,bench:42e9d9b562053842,111,5.55446,0.928888,5.15947124048
79807.57322299178,bench:42e9d9b562053842,111,5.822359,0.9280821,5.4036271676739
79811.59539299551,bench:42e9d9b562053842,111,5.56339,0.928888,5.16776621032
79819.55060499604,bench:42e9d9b562053842,111,5.81343,0.9304997,5.409394870971001
79827.53298297757,bench:42e9d9b562053842,111,5.52767,0.9280821,5.1301315817069995
79835.56632397813,bench:42e9d9b562053842,111,5.66162,0.9286194,5.257490167428
79839.60538299289,bench:42e9d9b562053842,111,5.67948,0.9291566,5.277126326568
79844.36054699472,idle,111,2.64328,0.9283507,2.4538908382959996
79848.88191698701,idle,111,1.786,0.9283507,1.6580343502
79865.5483519833,idle,111,1.57168,0.888595,1.3965869896
79871.85378099093,idle,111,1.55382,0.888595,1.3807166829
79876.24383697403,idle,111,1.55382,0.8888636,1.381134038952
79893.30288098427,idle,111,1.23234,0.8184852,1.008652051368
81038.13564797747,bench:f719c360856e8f98,112,1.94674,0.8187538,1.5939007726119998
82497.2738029901,idle,112,3.07192,0.9294252,2.855119860384
82502.167928993,idle,112,1.68777,0.9283507,1.566842460939
82529.82571799657,idle,112,1.35736,0.8630761,1.1715049750959998
82539.18726998381,idle,112,3.83097,0.8611958,3.299215273926
82564.96898198384,idle,112,1.34843,0.8636134,1.164522216962
82572.51986398478,idle,112,1.68777,0.9286194,1.567295964738
82586.75411599688,idle,112,1.67884,0.9286194,1.5590033934960001
82595.94798399485,bench:81ab990e272da4f8,113,2.62542,0.7223192,1.896391274064
82602.71950199967,bench:81ab990e272da4f8,113,2.65221,0.7223192,1.9157422054320004
82609.81333098607,bench:81ab990e272da4f8,113,2.59863,0.9291566,2.414534215458
82622.08896997618,bench:81ab990e272da4f8,113,4.9115,0.9192177,4.5147377335500005
82634.24562799628,bench:81ab990e272da4f8,113,5.09903,0.9286194,4.7350581791819994
82639.08210699446,bench:81ab990e272da4f8,113,3.25052,0.928888,3.01936902176
82643.56147698709,bench:81ab990e272da4f8,113,4.56323,0.9291566,4.239955271818
82650.99945198745,bench:81ab990e272da4f8,113,4.75969,0.928888,4.42121892472
82658.32300297916,bench:81ab990e272da4f8,113,4.53644,0.9173373,4.161445621212
82664.57565399469,bench:81ab990e272da4f8,113,4.27747,0.9299625,3.977886694875
82672.10872098804,bench:81ab990e272da4f8,113,4.99187,0.9283507,4.634206008809
82678.83277699002,bench:81ab990e272da4f8,113,4.75076,0.9294252,4.415476063151999
82687.65603698557,bench:81ab990e272da4f8,113,4.96508,0.9286194,4.610669610552001
82692.7420309803,bench:81ab990e272da4f8,113,4.9115,0.931037,4.5727882255
82700.05321098142,bench:81ab990e272da4f8,113,3.58093,0.928888,3.3262829058400003
82705.85855198442,bench:81ab990e272da4f8,113,4.8222,0.9299625,4.4844651675
82711.05034198263,bench:81ab990e272da4f8,113,4.59895,0.9294252,4.27438002354
82718.9599989797,bench:81ab990e272da4f8,113,4.51858,0.9280821,4.193613215418
82726.72441598843,bench:81ab990e272da4f8,113,2.59863,0.9294252,2.415232207476
82734.80401499546,bench:81ab990e272da4f8,113,4.32212,0.9264704,4.004316245248
82741.05572298868,bench:81ab990e272da4f8,113,4.05422,0.9283507,3.7637379749539996
82748.08071998996,bench:81ab990e272da4f8,113,4.51858,0.9326486,4.214247310988
82753.81091298186,bench:81ab990e272da4f8,113,4.52751,0.931037,4.21527932787
82764.27099297871,bench:81ab990e272da4f8,113,4.88471,0.9278135,4.532099881585
82769.64444798068,bench:81ab990e272da4f8,113,4.62574,0.9280821,4.293066493254001
82777.03353497782,bench:81ab990e272da4f8,113,4.80434,0.9291566,4.463984219644
82782.60493298876,bench:81ab990e272da4f8,113,4.72397,0.9270077,4.379156564569
82787.75296398089,bench:81ab990e272da4f8,113,4.75076,0.9291566,4.414200009016
82794.23948397744,bench:81ab990e272da4f8,113,4.77755,0.9275449,4.431392136995
82800.83135599853,bench:81ab990e272da4f8,113,4.6436,0.9192177,4.26847931172
82814.02580198483,bench:81ab990e272da4f8,113,5.06331,0.9294252,4.705967909412
82820.19586098613,bench:81ab990e272da4f8,113,4.80434,0.9259331,4.448497429653999
82826.27727399813,bench:81ab990e272da4f8,113,4.78648,0.9307683,4.455103852584
82833.00916198641,bench:81ab990e272da4f8,113,4.81327,0.9272762,4.463230715174
82839.16992598097,bench:81ab990e272da4f8,113,4.74183,0.928888,4.40462898504
82849.59693197743,bench:81ab990e272da4f8,113,4.76862,0.9296938,4.433356448556
82854.3570219772,bench:81ab990e272da4f8,113,4.7329,0.9270077,4.38743474333
82861.43798197736,bench:81ab990e272da4f8,113,4.75076,0.9307683,4.421856808907999
82867.06528699142,bench:81ab990e272da4f8,113,4.77755,0.9296938,4.44165861419
82875.29086699942,bench:81ab990e272da4f8,113,5.143679,0.9194863,4.7295423720977
82885.59172599344,bench:81ab990e272da4f8,113,5.18833,0.928888,4.81937747704
82891.54571297695,bench:81ab990e272da4f8,113,4.75076,0.9283507,4.410371371531999
82898.61822797684,bench:81ab990e272da4f8,113,4.85792,0.9280821,4.508548595232
82904.19744097744,bench:81ab990e272da4f8,113,4.80434,0.9307683,4.471727374422
82911.28301198478,bench:81ab990e272da4f8,113,4.81327,0.928888,4.47098874376
82919.99212498195,bench:81ab990e272da4f8,113,4.29533,0.9200235,3.951804540255
82926.2351289799,bench:81ab990e272da4f8,113,4.8222,0.9299625,4.4844651675
82932.38252197625,bench:81ab990e272da4f8,113,4.61681,0.9280821,4.284778720101
82939.52064798214,bench:81ab990e272da4f8,113,4.9115,0.9280821,4.55827523415
82944.97841698467,bench:81ab990e272da4f8,113,4.74183,0.9304997,4.412271392451
82954.51837498695,bench:81ab990e272da4f8,113,4.08994,0.9304997,3.8056879430180004
82960.58325099875,bench:81ab990e272da4f8,113,4.50965,0.9219038,4.15746347167
82968.90664397506,bench:81ab990e272da4f8,113,5.27763,0.9291566,4.903744746858
82973.67558599217,bench:81ab990e272da4f8,113,4.66146,0.9294252,4.332478392792
82980.09677400114,bench:81ab990e272da4f8,113,4.74183,0.9296938,4.408449951654
82986.52636798215,bench:81ab990e272da4f8,113,4.59895,0.9216352,4.2385542030400005
82992.71170599968,bench:81ab990e272da4f8,113,4.75969,0.9294252,4.423775830188
82998.81591499434,bench:81ab990e272da4f8,113,4.78648,0.9275449,4.439675112952
83008.225484984,bench:81ab990e272da4f8,113,4.92936,0.9291566,4.580147377776
83014.18380497489,bench:81ab990e272da4f8,113,4.84899,0.9299625,4.509378862875
83021.21195098152,bench:81ab990e272da4f8,113,4.92936,0.9270077,4.569554676072
83027.097735001,bench:81ab990e272da4f8,113,4.74183,0.9294252,4.407176296116
83033.27047999483,bench:81ab990e272da4f8,113,4.44714,0.9151884,4.069970941176
83038.31319799065,bench:81ab990e272da4f8,113,4.63467,0.921098,4.26898526766
83046.07752198353,bench:81ab990e272da4f8,113,4.75076,0.9286194,4.411647900744
83052.29882197455,bench:81ab990e272da4f8,113,4.75076,0.928888,4.41292395488
83058.37006799993,bench:81ab990e272da4f8,113,4.83113,0.9307683,4.496662657179
83065.6992479926,bench:81ab990e272da4f8,113,4.58109,0.9278135,4.250397146715
83071.28775698948,bench:81ab990e272da4f8,113,4.85792,0.9291566,4.513768430272
83079.11028398667,bench:81ab990e272da4f8,113,4.98294,0.9186804,4.577729312376
83090.77765099937,bench:81ab990e272da4f8,113,4.77755,0.9192177,4.391608522635
83096.25047497684,bench:81ab990e272da4f8,113,4.51858,0.9178746,4.1474898100679995
83104.13213199354,bench:81ab990e272da4f8,113,5.06331,0.9280821,4.699167377751
83109.51569897588,bench:81ab990e272da4f8,113,4.38463,0.9286194,4.071652479821999
83116.09064397635,bench:81ab990e272da4f8,113,4.81327,0.9286194,4.469695899438
83125.15782797709,bench:81ab990e272da4f8,113,4.5543,0.9178746,4.180276290779999
83131.26242498402,bench:81ab990e272da4f8,113,3.572,0.9283507,3.3160687004
83138.82662198739,bench:81ab990e272da4f8,113,4.77755,0.9291566,4.43909211433
83144.63540699217,bench:81ab990e272da4f8,113,4.68825,0.9304997,4.362415218525
83151.80175498244,bench:81ab990e272da4f8,113,4.87578,0.9315742,4.5421508528759995
83158.86371498345,bench:81ab990e272da4f8,113,4.05422,0.925396,3.75175897112
83164.46855699178,bench:81ab990e272da4f8,113,4.7329,0.9304997,4.40396203013
83172.45173099218,bench:81ab990e272da4f8,113,4.6436,0.918949,4.2672315764
83177.89579698001,bench:81ab990e272da4f8,113,4.50072,0.9202922,4.141977510384001
83183.80095198518,bench:81ab990e272da4f8,113,4.71504,0.9186804,4.331614833216
83189.48627499049,bench:81ab990e272da4f8,113,5.0008,0.9184118,4.59279372944
83197.55922598415,idle,113,2.59863,0.9291566,2.414534215458
83201.73100699321,idle,113,1.73242,0.9283507,1.608293319694
83215.95875898493,idle,113,1.72349,0.9283507,1.600003147943
83226.30270998343,idle,113,1.23234,0.8182165,1.00832092161
