t_ms,phase,window_id,I_A,V_V,P_W
8.37380497250706,warmup,1,1.54489,0.9286194,1.434614824866
15.655250987038016,warmup,1,1.41987,0.9036377,1.283048061099
41.80674999952316,warmup,1,1.41987,0.9036377,1.283048061099
47.32139897532761,warmup,1,2.39324,0.9039063,2.163264713412
76.7442169599235,warmup,1,1.1609,0.8488392,0.98541742728
81.2868939829059,warmup,1,1.16983,0.8485706,0.9926833449979999
95.88572999928147,warmup,1,1.1609,0.8491078,0.98572924502
104.27047999110073,baseline_A,2,1.06267,0.8184852,0.869779667484
108.48197498125955,baseline_A,2,1.03588,0.8187538,0.8481306863439999
112.67709999810904,baseline_A,2,1.04481,0.8184852,0.855161521812
116.88753898488358,baseline_A,2,1.04481,0.8179479,0.854600145399
122.9206639691256,baseline_A,2,0.87514,0.7225879,0.632365574806
127.437655988615,baseline_A,2,0.87514,0.7228564,0.632600549896
134.7296760068275,baseline_A,2,1.05374,0.8182165,0.8621874547099999
141.74038398778066,baseline_A,2,0.8929999,0.7223192,0.64503097336808
145.86275100009516,baseline_A,2,0.87514,0.7223192,0.6321304246880001
153.15764100523666,baseline_A,2,1.05374,0.8182165,0.8621874547099999
160.2378849638626,baseline_A,2,0.87514,0.7228564,0.632600549896
164.3358999863267,baseline_A,2,0.88407,0.7223192,0.638580735144
168.41372998896986,baseline_A,2,0.8572799,0.7220506,0.61899946616294
172.48570796800777,baseline_A,2,0.88407,0.7223192,0.638580735144
179.78935700375587,baseline_A,2,1.0716,0.8184852,0.8770887403200001
186.80508399847895,baseline_A,2,0.8929999,0.7225879,0.6452709224412099
190.8992469543591,baseline_A,2,0.87514,0.7228564,0.632600549896
194.98757598921657,baseline_A,2,0.8662101,0.7225879,0.62591293711779
202.3162439581938,baseline_A,2,1.05374,0.8184852,0.8624705946479999
206.4622580073774,baseline_A,2,1.05374,0.8182165,0.8621874547099999
210.6028279522434,baseline_A,2,1.04481,0.8184852,0.855161521812
214.77284195134416,baseline_A,2,1.03588,0.8184852,0.847852448976
218.9454299514182,baseline_A,2,1.04481,0.8184852,0.855161521812
223.08099997462705,baseline_A,2,1.05374,0.8184852,0.8624705946479999
227.22955100471154,baseline_A,2,1.04481,0.8179479,0.854600145399
231.3852509832941,baseline_A,2,1.04481,0.8182165,0.854880781365
238.47767995903268,baseline_A,2,0.8662101,0.7225879,0.62591293711779
242.54837998887524,baseline_A,2,0.88407,0.7223192,0.638580735144
246.62756198085845,baseline_A,2,0.8662101,0.7223192,0.62568018646392
250.71431696414948,baseline_A,2,0.8572799,0.7223192,0.61922973154408
254.79949900181964,baseline_A,2,0.8662101,0.7223192,0.62568018646392
262.15583295561373,baseline_A,2,1.04481,0.8184852,0.855161521812
266.334994987119,baseline_A,2,1.04481,0.8179479,0.854600145399
273.42138695530593,baseline_A,2,0.8929999,0.7228564,0.6455106929143599
277.5010689510964,baseline_A,2,0.8662101,0.7225879,0.62591293711779
281.58306499244645,baseline_A,2,0.88407,0.7228564,0.639055657548
285.65033996710554,baseline_A,2,0.88407,0.7223192,0.638580735144
292.95017395634204,baseline_A,2,1.03588,0.8184852,0.847852448976
299.05874299583957,baseline_A,2,0.87514,0.7223192,0.6321304246880001
303.5840869997628,baseline_A,2,0.87514,0.7225879,0.632365574806
307.6714719645679,baseline_A,2,0.8662101,0.7225879,0.62591293711779
311.7572089540772,baseline_A,2,0.90193,0.7225879,0.6517237046469999
319.11258096806705,baseline_A,2,1.02695,0.8184852,0.8405433761400001
326.1077699717134,baseline_A,2,0.87514,0.7223192,0.6321304246880001
330.1993399509229,baseline_A,2,0.87514,0.7220506,0.631895362084
334.2739299987443,baseline_A,2,0.8662101,0.7223192,0.62568018646392
338.3947769762017,baseline_A,2,0.8662101,0.7228564,0.62614551452964
345.79844400286674,baseline_A,2,0.9733699,0.8182165,0.79642731278335
351.51436895830557,baseline_A,2,0.9733699,0.8184852,0.79668885727548
357.6674559735693,baseline_A,2,1.25913,0.928888,1.1695907474400002
361.8498219875619,baseline_A,2,1.2502,0.9294252,1.1619673850399999
366.02498398860916,baseline_A,2,1.25913,0.928888,1.1695907474400002
370.2013309812173,baseline_A,2,1.24127,0.9283507,1.152333873389
374.4079190073535,baseline_A,2,1.25913,0.9283507,1.168914216891
381.19842496234924,baseline_A,2,1.23234,0.9294252,1.1453678509679999
385.29440300771967,baseline_A,2,1.24127,0.928888,1.1530008077600002
392.23927800776437,baseline_A,2,1.25913,0.9283507,1.168914216891
399.04954395024106,baseline_A,2,1.24127,0.9286194,1.1526674026380002
403.16807699855417,baseline_A,2,1.23234,0.9286194,1.144374831396
407.2818319546059,baseline_A,2,1.2502,0.9286194,1.16095997388
414.2918729921803,baseline_A,2,1.25913,0.928888,1.1695907474400002
418.4630539966747,baseline_A,2,1.25913,0.9286194,1.1692525451220002
425.26135698426515,baseline_A,2,1.2502,0.9283507,1.1606240451399998
433.14764800015837,baseline_A,2,0.90193,0.723125,0.65220813125
437.24195897812024,baseline_A,2,0.87514,0.7225879,0.632365574806
441.30760396365076,baseline_A,2,0.8572799,0.7228564,0.6196902623063599
445.3856009640731,baseline_A,2,0.8572799,0.7228564,0.6196902623063599
452.74754596175626,baseline_A,2,1.05374,0.8184852,0.8624705946479999
456.88705996144563,baseline_A,2,1.02695,0.8187538,0.84081921491
461.03681495878845,baseline_A,2,1.03588,0.8184852,0.847852448976
465.18621797440574,baseline_A,2,1.04481,0.8187538,0.855442157778
472.2054259618744,baseline_A,2,0.87514,0.7228564,0.632600549896
476.2841999763623,baseline_A,2,0.88407,0.723125,0.6392931187500001
480.3628079826012,baseline_A,2,0.8572799,0.7228564,0.6196902623063599
486.5878009586595,baseline_A,2,1.03588,0.8184852,0.847852448976
491.3013649638742,baseline_A,2,1.06267,0.8184852,0.869779667484
498.32968396367505,baseline_A,2,0.87514,0.7223192,0.6321304246880001
502.41808796999976,baseline_A,2,0.87514,0.7220506,0.631895362084
506.5101209911518,baseline_A,2,0.8662101,0.7223192,0.62568018646392
510.5907099787146,baseline_A,2,0.87514,0.7225879,0.632365574806
514.6548739867285,baseline_A,2,0.8572799,0.7223192,0.61922973154408
518.7309070024639,baseline_A,2,0.8572799,0.721782,0.6187692007818
522.8044589748606,baseline_A,2,0.8662101,0.7223192,0.62568018646392
526.8597329850309,baseline_A,2,0.8662101,0.7225879,0.62591293711779
530.9398410026915,baseline_A,2,0.87514,0.7223192,0.6321304246880001
534.9953929544427,baseline_A,2,0.88407,0.7225879,0.638818284753
539.0572599717416,baseline_A,2,0.8572799,0.7223192,0.61922973154408
543.1150899967179,baseline_A,2,0.87514,0.7225879,0.632365574806
547.1973639796488,baseline_A,2,0.8662101,0.7223192,0.62568018646392
551.2762870057486,baseline_A,2,0.8662101,0.7223192,0.62568018646392
555.3539679967798,baseline_A,2,0.87514,0.7225879,0.632365574806
559.9355149897747,baseline_A,2,0.8662101,0.7228564,0.62614551452964
564.0046969638206,baseline_A,2,0.8662101,0.7225879,0.62591293711779
568.0832299985923,baseline_A,2,1.12518,0.7223192,0.8127391174560001
572.1631339984015,baseline_A,2,0.87514,0.7228564,0.632600549896
576.2484080041759,baseline_A,2,0.87514,0.7220506,0.631895362084
580.3118859766982,baseline_A,2,0.88407,0.7223192,0.638580735144
584.3764009769075,baseline_A,2,0.87514,0.7225879,0.632365574806
588.4575639502145,baseline_A,2,0.87514,0.7228564,0.632600549896
592.5335049978457,baseline_A,2,0.8662101,0.7223192,0.62568018646392
596.6015759622678,baseline_A,2,0.8662101,0.7225879,0.62591293711779
600.6574429920875,baseline_A,2,0.8662101,0.7225879,0.62591293711779
604.7299759811722,baseline_A,2,0.87514,0.7223192,0.6321304246880001
608.7952689849772,baseline_A,2,0.87514,0.7223192,0.6321304246880001
612.8924879594706,baseline_A,2,0.88407,0.7225879,0.638818284753
620.2569879824296,baseline_A,2,1.03588,0.8179479,0.8472958706519998
624.4023540057242,baseline_A,2,1.03588,0.8184852,0.847852448976
628.5523499827832,baseline_A,2,1.03588,0.8184852,0.847852448976
632.7273639617488,baseline_A,2,1.04481,0.8184852,0.855161521812
639.8073119926266,baseline_A,2,0.8929999,0.7220506,0.64479111359494
643.8742529717274,baseline_A,2,0.8572799,0.7223192,0.61922973154408
647.9492679936811,baseline_A,2,0.87514,0.7223192,0.6321304246880001
652.0249499590136,baseline_A,2,0.96444,0.7225879,0.6968926742759999
659.3731909524649,baseline_A,2,1.04481,0.8187538,0.855442157778
666.4551019784994,baseline_A,2,0.8662101,0.7225879,0.62591293711779
670.5803949735127,baseline_A,2,0.8662101,0.7225879,0.62591293711779
674.6517799911089,baseline_A,2,0.8662101,0.7223192,0.62568018646392
678.7476649624296,baseline_A,2,0.87514,0.7225879,0.632365574806
686.0395369585603,baseline_A,2,1.03588,0.8182165,0.84757410802
690.2013099752367,baseline_A,2,1.02695,0.8184852,0.8405433761400001
694.3948979605921,baseline_A,2,1.02695,0.8182165,0.8402674346750001
701.6607149853371,baseline_A,2,0.8572799,0.7225879,0.61946008265321
705.760154989548,baseline_A,2,0.8662101,0.7223192,0.62568018646392
709.8273179726675,baseline_A,2,0.87514,0.7225879,0.632365574806
713.9139999635518,baseline_A,2,0.8662101,0.7225879,0.62591293711779
721.2702229735442,baseline_A,2,1.04481,0.8184852,0.855161521812
725.4142739693634,baseline_A,2,1.02695,0.8184852,0.8405433761400001
732.4817219632678,baseline_A,2,0.87514,0.7225879,0.632365574806
736.5759039530531,baseline_A,2,0.87514,0.7228564,0.632600549896
740.6658449908718,baseline_A,2,0.8662101,0.7225879,0.62591293711779
744.7809519944713,baseline_A,2,0.8572799,0.7223192,0.61922973154408
748.890558956191,baseline_A,2,0.8483499,0.7225879,0.61300737270621
756.253448955249,baseline_A,2,1.04481,0.8187538,0.855442157778
760.3910929756239,baseline_A,2,1.03588,0.8179479,0.8472958706519998
767.4132629763335,baseline_A,2,0.8662101,0.7223192,0.62568018646392
771.4857969549485,baseline_A,2,0.87514,0.7228564,0.632600549896
775.5681819980964,baseline_A,2,0.87514,0.7228564,0.632600549896
782.919552992098,baseline_A,2,1.02695,0.8184852,0.8405433761400001
787.1042899787426,baseline_A,2,1.02695,0.8182165,0.8402674346750001
794.1796819795854,baseline_A,2,0.8662101,0.7223192,0.62568018646392
798.2788629597053,baseline_A,2,0.87514,0.7228564,0.632600549896
802.3640449973755,baseline_A,2,0.87514,0.7223192,0.6321304246880001
806.4643740071915,baseline_A,2,0.87514,0.7225879,0.632365574806
810.5473889736459,baseline_A,2,0.8572799,0.7223192,0.61922973154408
814.6302559762262,baseline_A,2,0.87514,0.7223192,0.6321304246880001
821.9132759841159,baseline_A,2,1.02695,0.8184852,0.8405433761400001
826.0543280048296,baseline_A,2,1.02695,0.8182165,0.8402674346750001
833.1340900040232,baseline_A,2,0.87514,0.7223192,0.6321304246880001
837.250234966632,baseline_A,2,0.8483499,0.7225879,0.61300737270621
841.3597680046223,baseline_A,2,0.8662101,0.7225879,0.62591293711779
845.4571159672923,baseline_A,2,0.88407,0.7225879,0.638818284753
852.7384320041165,baseline_A,2,1.02695,0.8182165,0.8402674346750001
858.7924829917029,baseline_A,2,0.87514,0.7223192,0.6321304246880001
863.3097339770757,baseline_A,2,0.87514,0.7228564,0.632600549896
867.4069159897044,baseline_A,2,0.87514,0.7225879,0.632365574806
871.4785969932564,baseline_A,2,0.87514,0.7228564,0.632600549896
878.8359869504347,baseline_A,2,1.04481,0.8187538,0.855442157778
885.901934991125,baseline_A,2,0.87514,0.7225879,0.632365574806
889.9931539781392,baseline_A,2,0.8572799,0.7225879,0.61946008265321
894.1375939757563,baseline_A,2,0.8662101,0.7228564,0.62614551452964
898.2533119851723,baseline_A,2,0.8572799,0.723125,0.6199205276875001
905.6162939523347,baseline_A,2,1.02695,0.8187538,0.84081921491
909.7419569734484,baseline_A,2,1.04481,0.8184852,0.855161521812
916.8269599904306,baseline_A,2,0.8572799,0.7225879,0.61946008265321
920.9124749759212,baseline_A,2,0.87514,0.7225879,0.632365574806
925.000415998511,baseline_A,2,0.8662101,0.7225879,0.62591293711779
932.3672319878824,baseline_A,2,1.02695,0.8184852,0.8405433761400001
938.5055959573947,baseline_A,2,0.8572799,0.7225879,0.61946008265321
943.0241249501705,baseline_A,2,0.8662101,0.7225879,0.62591293711779
950.3946449840441,baseline_A,2,1.02695,0.8187538,0.84081921491
954.5659179566428,baseline_A,2,1.02695,0.8179479,0.8399915959049999
958.7275990052149,baseline_A,2,1.04481,0.8182165,0.854880781365
965.816953976173,baseline_A,2,0.8662101,0.7223192,0.62568018646392
969.9002099805512,baseline_A,2,0.87514,0.7223192,0.6321304246880001
973.9979839650914,baseline_A,2,0.87514,0.7223192,0.6321304246880001
978.0871649854816,baseline_A,2,0.8662101,0.7228564,0.62614551452964
985.5013689957559,baseline_A,2,1.03588,0.8184852,0.847852448976
989.6782719879411,baseline_A,2,1.03588,0.8187538,0.8481306863439999
996.7626639991067,baseline_A,2,0.87514,0.7225879,0.632365574806
1000.8564009913243,baseline_A,2,0.8572799,0.7228564,0.6196902623063599
1008.9344320003875,baseline_A,2,0.8572799,0.7223192,0.61922973154408
1012.9980399506167,baseline_A,2,0.8572799,0.7223192,0.61922973154408
1017.0880729565397,baseline_A,2,0.8572799,0.723125,0.6199205276875001
1024.3936299812049,baseline_A,2,1.02695,0.8182165,0.8402674346750001
1031.4764109789394,baseline_A,2,0.8662101,0.7225879,0.62591293711779
1035.580832976848,baseline_A,2,0.83942,0.723125,0.6070055875000001
1039.640218950808,baseline_A,2,0.8572799,0.7223192,0.61922973154408
1043.7045859871432,baseline_A,2,0.8662101,0.7225879,0.62591293711779
1051.0828269761987,baseline_A,2,1.02695,0.8187538,0.84081921491
1058.082239003852,baseline_A,2,0.87514,0.7223192,0.6321304246880001
1062.2119199833833,baseline_A,2,0.87514,0.7223192,0.6321304246880001
1069.48145898059,baseline_A,2,1.02695,0.8182165,0.8402674346750001
1075.600026990287,baseline_A,2,0.8662101,0.7223192,0.62568018646392
1080.1287039648741,baseline_A,2,0.8662101,0.723125,0.6263781785625
1084.2513300012797,baseline_A,2,0.8572799,0.7225879,0.61946008265321
1088.3451969712041,baseline_A,2,0.8572799,0.7223192,0.61922973154408
1092.422136978712,baseline_A,2,0.8572799,0.7225879,0.61946008265321
1096.5245599509217,baseline_A,2,0.87514,0.7225879,0.632365574806
1102.8226820053533,baseline_A,2,1.03588,0.8179479,0.8472958706519998
1107.5532459653914,baseline_A,2,1.02695,0.8187538,0.84081921491
1114.5745280082338,baseline_A,2,0.8572799,0.7225879,0.61946008265321
1121.9486029585823,baseline_A,2,1.00909,0.8187538,0.826196272042
1126.1078019742854,baseline_A,2,1.02695,0.8184852,0.8405433761400001
1133.1878610071726,baseline_A,2,0.87514,0.7225879,0.632365574806
1137.27669097716,baseline_A,2,0.8572799,0.7225879,0.61946008265321
1141.3899830076844,baseline_A,2,0.8662101,0.7228564,0.62614551452964
1145.569793006871,baseline_A,2,0.8572799,0.7225879,0.61946008265321
1152.8634239803068,baseline_A,2,1.03588,0.8184852,0.847852448976
1157.0308089721948,baseline_A,2,1.02695,0.8182165,0.8402674346750001
1161.2036929582246,baseline_A,2,1.04481,0.8182165,0.854880781365
1165.3575589880347,baseline_A,2,1.03588,0.8182165,0.84757410802
1169.497388007585,baseline_A,2,1.03588,0.8184852,0.847852448976
1173.6306059756316,baseline_A,2,1.03588,0.8187538,0.8481306863439999
1177.825138962362,baseline_A,2,1.02695,0.8184852,0.8405433761400001
1184.9103829590604,baseline_A,2,0.8572799,0.7225879,0.61946008265321
1188.9797869953327,baseline_A,2,0.8572799,0.7225879,0.61946008265321
1193.0580799817108,baseline_A,2,0.8572799,0.7223192,0.61922973154408
1197.1241319552064,baseline_A,2,0.87514,0.7228564,0.632600549896
1203.3531439956278,baseline_A,2,1.03588,0.8187538,0.8481306863439999
1208.0556709552184,baseline_A,2,1.68777,0.8184852,1.381414766004
1215.0735639734194,baseline_A,2,0.87514,0.7225879,0.632365574806
1219.1486159572378,baseline_A,2,0.8572799,0.7223192,0.61922973154408
1223.2161680003628,baseline_A,2,0.8572799,0.7225879,0.61946008265321
1227.289441972971,baseline_A,2,0.8929999,0.7223192,0.64503097336808
1231.3837349647656,baseline_A,2,0.87514,0.7225879,0.632365574806
1238.7472909758799,baseline_A,2,1.04481,0.8182165,0.854880781365
1242.9031569627114,baseline_A,2,1.02695,0.8182165,0.8402674346750001
1249.9268089886755,baseline_A,2,0.8662101,0.7225879,0.62591293711779
1253.9813059847802,baseline_A,2,0.8662101,0.7223192,0.62568018646392
1261.2866959534585,baseline_A,2,1.03588,0.8184852,0.847852448976
1268.3691069833003,baseline_A,2,0.8662101,0.7228564,0.62614551452964
1272.4431779934093,baseline_A,2,0.8662101,0.7223192,0.62568018646392
1276.5083219856024,baseline_A,2,0.8662101,0.7225879,0.62591293711779
1280.5957999662496,baseline_A,2,0.8662101,0.723125,0.6263781785625
1287.8801169572398,baseline_A,2,1.03588,0.8184852,0.847852448976
1294.8970279539935,baseline_A,2,0.87514,0.7223192,0.6321304246880001
1298.971801996231,baseline_A,2,0.87514,0.7223192,0.6321304246880001
1303.0655949842185,baseline_A,2,0.8572799,0.7225879,0.61946008265321
1310.432669997681,baseline_A,2,1.01802,0.8187538,0.8335077434759999
1314.5600179559551,baseline_A,2,1.03588,0.8184852,0.847852448976
1321.5822439524345,baseline_A,2,0.8662101,0.7225879,0.62591293711779
1325.6423699785955,baseline_A,2,0.8662101,0.7228564,0.62614551452964
1329.7287370078266,baseline_A,2,0.8662101,0.7225879,0.62591293711779
1333.8185479515232,baseline_A,2,0.87514,0.7223192,0.6321304246880001
1341.13780799089,baseline_A,2,1.61633,0.8184852,1.322942183316
1348.2234049588442,baseline_A,2,0.8126299,0.723125,0.5876329964375
1356.1048450064845,baseline_A,2,1.39308,0.9286194,1.293641113752
1363.1025530048646,baseline_A,2,1.25913,0.928888,1.1695907474400002
1369.848040980287,baseline_A,2,1.24127,0.9283507,1.152333873389
1374.0446099545807,baseline_A,2,1.22341,0.9283507,1.135753529887
1380.9846519725397,baseline_A,2,1.25913,0.9283507,1.168914216891
1386.7288169567473,baseline_A,2,1.22341,0.9283507,1.135753529887
1391.2951239617541,baseline_A,2,1.24127,0.928888,1.1530008077600002
1395.4158969572745,baseline_A,2,1.22341,0.928888,1.1364108680800002
1399.5481900055893,baseline_A,2,1.23234,0.9286194,1.144374831396
1406.5762119716965,baseline_A,2,1.25913,0.928888,1.1695907474400002
1413.355773955118,baseline_A,2,1.22341,0.9283507,1.135753529887
1417.480103962589,baseline_A,2,1.22341,0.928888,1.1364108680800002
1425.3343589953147,baseline_A,2,0.8662101,0.7225879,0.62591293711779
1429.4476700015366,baseline_A,2,0.8572799,0.7220506,0.61899946616294
1433.5294619668275,baseline_A,2,0.8572799,0.7225879,0.61946008265321
1437.6303469762206,baseline_A,2,0.8662101,0.7223192,0.62568018646392
1441.743046976626,baseline_A,2,0.8662101,0.7223192,0.62568018646392
1449.1091030067764,baseline_A,2,1.38415,0.8182165,1.132534368475
1453.3112839562818,baseline_A,2,1.01802,0.8184852,0.833234303304
1457.4919089791365,baseline_A,2,1.04481,0.8187538,0.855442157778
1461.7027929634787,baseline_A,2,1.02695,0.8187538,0.84081921491
1467.8232689620927,baseline_A,2,0.8929999,0.7225879,0.6452709224412099
1472.3520939587615,baseline_A,2,0.8662101,0.7228564,0.62614551452964
1476.4399789855815,baseline_A,2,0.8662101,0.7228564,0.62614551452964
1480.530752975028,baseline_A,2,0.87514,0.7228564,0.632600549896
1486.76328395959,baseline_A,2,1.01802,0.8187538,0.8335077434759999
1493.8961199950427,baseline_A,2,0.87514,0.7225879,0.632365574806
1498.5297409584746,baseline_A,2,0.87514,0.7228564,0.632600549896
1502.6069220039062,baseline_A,2,0.87514,0.7228564,0.632600549896
1506.6739000030793,baseline_A,2,0.87514,0.7228564,0.632600549896
1513.9724389882758,baseline_A,2,1.02695,0.8184852,0.8405433761400001
1518.124452966731,baseline_A,2,1.05374,0.8187538,0.8627536292119999
1522.26633799728,baseline_A,2,1.02695,0.8187538,0.84081921491
1526.4176299679093,baseline_A,2,1.03588,0.8182165,0.84757410802
1533.4981329506263,baseline_A,2,0.8662101,0.7223192,0.62568018646392
1537.5628710025921,baseline_A,2,0.8572799,0.7223192,0.61922973154408
1541.6478849947453,baseline_A,2,0.88407,0.7225879,0.638818284753
1545.7233079941943,baseline_A,2,0.87514,0.7225879,0.632365574806
1549.8014339827932,baseline_A,2,0.87514,0.7225879,0.632365574806
1553.8772819563746,baseline_A,2,0.87514,0.7225879,0.632365574806
1561.2245419761166,baseline_A,2,1.02695,0.8184852,0.8405433761400001
1565.3802229790017,baseline_A,2,1.04481,0.8184852,0.855161521812
1569.5266450056806,baseline_A,2,1.02695,0.8187538,0.84081921491
1573.676269967109,baseline_A,2,1.02695,0.8187538,0.84081921491
1579.7401169547811,baseline_A,2,0.87514,0.7225879,0.632365574806
1584.265608980786,baseline_A,2,0.87514,0.7228564,0.632600549896
1588.3236060035415,baseline_A,2,0.8572799,0.7223192,0.61922973154408
1592.3791579552926,baseline_A,2,0.8483499,0.7223192,0.61277942108808
1596.4664509519935,baseline_A,2,0.87514,0.7225879,0.632365574806
1600.545279972721,baseline_A,2,0.88407,0.7225879,0.638818284753
1604.6143139828928,baseline_A,2,0.87514,0.7225879,0.632365574806
1608.6690329830162,baseline_A,2,0.87514,0.7228564,0.632600549896
1612.7323069958948,baseline_A,2,0.88407,0.7223192,0.638580735144
1616.7952109826729,baseline_A,2,0.87514,0.7228564,0.632600549896
1620.8529849536717,baseline_A,2,0.87514,0.723125,0.6328356125000001
1624.9415189959109,baseline_A,2,0.83942,0.7225879,0.606554735018
1629.0149409906007,baseline_A,2,0.87514,0.7228564,0.632600549896
1633.0724749714136,baseline_A,2,0.87514,0.7228564,0.632600549896
1637.1595269883983,baseline_A,2,0.8662101,0.7225879,0.62591293711779
1641.2590599502437,baseline_A,2,0.8572799,0.7225879,0.61946008265321
1647.5792929995805,baseline_A,2,1.11625,0.8184852,0.9136341045
1652.2795239579864,baseline_A,2,1.02695,0.8184852,0.8405433761400001
1656.4305759966373,baseline_A,2,1.02695,0.8184852,0.8405433761400001
1660.604977980256,baseline_A,2,1.02695,0.8182165,0.8402674346750001
1664.7474369965494,baseline_A,2,1.02695,0.8184852,0.8405433761400001
1668.8855259562843,baseline_A,2,1.02695,0.8184852,0.8405433761400001
1675.9578439523466,baseline_A,2,0.88407,0.7228564,0.639055657548
1680.0801919889636,baseline_A,2,1.13411,0.7228564,0.8197986718039999
1684.172965993639,baseline_A,2,0.87514,0.7225879,0.632365574806
1691.4851339533925,baseline_A,2,1.00909,0.8184852,0.825925230468
1698.5800819820724,baseline_A,2,0.87514,0.7223192,0.6321304246880001
1702.6790219824761,baseline_A,2,0.87514,0.7228564,0.632600549896
1706.7439449601807,baseline_A,2,0.8662101,0.7223192,0.62568018646392
1710.8543670037761,baseline_A,2,0.87514,0.7228564,0.632600549896
1714.9309189990163,baseline_A,2,0.8662101,0.7225879,0.62591293711779
1719.0233969595283,baseline_A,2,0.8662101,0.7228564,0.62614551452964
1726.3941940036602,baseline_A,2,1.03588,0.8187538,0.8481306863439999
1730.5406889645383,baseline_A,2,1.03588,0.8184852,0.847852448976
1737.5567859853618,baseline_A,2,0.87514,0.723125,0.6328356125000001
1741.6230969829485,baseline_A,2,0.87514,0.7223192,0.6321304246880001
1745.7135379663669,baseline_A,2,0.8929999,0.7225879,0.6452709224412099
1749.7761639533564,baseline_A,2,0.8572799,0.7225879,0.61946008265321
1757.109331956599,baseline_A,2,1.04481,0.8184852,0.855161521812
1764.2064649844542,baseline_A,2,0.87514,0.7223192,0.6321304246880001
1768.3258689939976,baseline_A,2,0.8662101,0.7223192,0.62568018646392
1772.4567899713293,baseline_A,2,0.8662101,0.7228564,0.62614551452964
1779.8089389689267,baseline_A,2,1.08053,0.8187538,0.884688043514
1783.9562500012107,baseline_A,2,1.03588,0.8184852,0.847852448976
1791.0418649553321,baseline_A,2,0.8483499,0.7225879,0.61300737270621
1795.1316759572364,baseline_A,2,0.87514,0.7223192,0.6321304246880001
1799.2240049643442,baseline_A,2,0.8572799,0.7225879,0.61946008265321
1803.2879649545066,baseline_A,2,0.87514,0.7223192,0.6321304246880001
1807.3860539589077,baseline_A,2,0.8572799,0.7225879,0.61946008265321
1811.437586962711,baseline_A,2,0.8572799,0.7228564,0.6196902623063599
1815.5172870028764,baseline_A,2,0.88407,0.7228564,0.639055657548
1819.5824319845997,baseline_A,2,0.87514,0.7225879,0.632365574806
1823.6454660072923,baseline_A,2,0.8572799,0.7223192,0.61922973154408
1827.6984069962054,baseline_A,2,0.87514,0.7223192,0.6321304246880001
1831.7684769863263,baseline_A,2,0.8662101,0.7223192,0.62568018646392
1835.8379369601607,baseline_A,2,0.87514,0.7225879,0.632365574806
1839.9210069910623,baseline_A,2,0.87514,0.7228564,0.632600549896
1843.9992259955034,baseline_A,2,0.8483499,0.7223192,0.61277942108808
1848.0697599588893,baseline_A,2,0.91979,0.7225879,0.664629124541
1852.125866978895,baseline_A,2,0.88407,0.7228564,0.639055657548
1856.1964929685928,baseline_A,2,0.8572799,0.7225879,0.61946008265321
1860.2700449991971,baseline_A,2,0.8662101,0.7228564,0.62614551452964
1864.3896160065196,baseline_A,2,0.8662101,0.7223192,0.62568018646392
1871.7515049502254,baseline_A,2,1.02695,0.8182165,0.8402674346750001
1875.8823339594528,baseline_A,2,1.02695,0.8184852,0.8405433761400001
1882.9566710046493,baseline_A,2,0.88407,0.7225879,0.638818284753
1887.0509449625388,baseline_A,2,0.8662101,0.7225879,0.62591293711779
1891.1666449857876,baseline_A,2,0.88407,0.7220506,0.638343273942
1898.4642580035143,baseline_A,2,1.02695,0.8182165,0.8402674346750001
1905.5618539568968,baseline_A,2,0.8572799,0.7223192,0.61922973154408
1909.658590971958,baseline_A,2,0.8572799,0.7225879,0.61946008265321
1913.7551609892398,baseline_A,2,0.8572799,0.7223192,0.61922973154408
1917.8455459768884,baseline_A,2,0.87514,0.7223192,0.6321304246880001
1921.9026169739664,baseline_A,2,0.87514,0.7225879,0.632365574806
1925.99389096722,baseline_A,2,0.87514,0.7223192,0.6321304246880001
1930.075294978451,baseline_A,2,0.8572799,0.7228564,0.6196902623063599
1934.1675500036217,baseline_A,2,0.8572799,0.7223192,0.61922973154408
1938.257971953135,baseline_A,2,0.87514,0.7225879,0.632365574806
1942.3628019867465,baseline_A,2,0.87514,0.7225879,0.632365574806
1946.4396869880147,baseline_A,2,0.93765,0.7225879,0.6775345444349999
1950.5003319936804,baseline_A,2,0.8662101,0.7228564,0.62614551452964
1957.8205739962868,baseline_A,2,1.03588,0.8184852,0.847852448976
1961.9638479780406,baseline_A,2,1.02695,0.8184852,0.8405433761400001
1968.0133799556643,baseline_A,2,0.87514,0.723125,0.6328356125000001
1972.545223950874,baseline_A,2,0.87514,0.7225879,0.632365574806
1978.7804759689607,baseline_A,2,1.02695,0.8184852,0.8405433761400001
1983.4777259966359,baseline_A,2,1.02695,0.8182165,0.8402674346750001
1987.6178879640065,baseline_A,2,1.01802,0.8184852,0.833234303304
1991.7789769824594,baseline_A,2,1.05374,0.8187538,0.8627536292119999
1998.8781279535033,baseline_A,2,0.8662101,0.7225879,0.62591293711779
2002.9750319663435,baseline_A,2,0.87514,0.7225879,0.632365574806
2011.06146996608,baseline_A,2,0.8572799,0.7225879,0.61946008265321
2015.1330959633924,baseline_A,2,0.83942,0.7225879,0.606554735018
2019.1901659709401,baseline_A,2,0.8662101,0.7220506,0.6254475224310599
2026.4888349920511,baseline_A,2,1.03588,0.8184852,0.847852448976
2033.5470049758442,baseline_A,2,0.8572799,0.7223192,0.61922973154408
2037.614112952724,baseline_A,2,0.87514,0.7228564,0.632600549896
2041.7129789711908,baseline_A,2,0.8662101,0.7223192,0.62568018646392
2045.8196419640444,baseline_A,2,0.8662101,0.7223192,0.62568018646392
2052.024005970452,baseline_A,2,1.10732,0.8182165,0.9060274947800001
2056.73701496562,baseline_A,2,1.01802,0.8184852,0.833234303304
2062.866212974768,baseline_A,2,0.87514,0.7228564,0.632600549896
2067.424000997562,baseline_A,2,0.8572799,0.7223192,0.61922973154408
2071.537959971465,baseline_A,2,0.8572799,0.7223192,0.61922973154408
2075.671603961382,baseline_A,2,0.8662101,0.7225879,0.62591293711779
2079.7721190028824,baseline_A,2,0.88407,0.7225879,0.638818284753
2083.8621519505978,baseline_A,2,0.8572799,0.7220506,0.61899946616294
2091.144986974541,baseline_A,2,1.02695,0.8187538,0.84081921491
2098.1984909740277,baseline_A,2,0.87514,0.7228564,0.632600549896
2103.072423953563,prefill,3,0.8662101,0.7223192,0.62568018646392
2110.4467950062826,prefill,3,1.43773,0.7228564,1.0392723319719999
2118.065514951013,prefill,3,2.72365,0.9286194,2.52923422881
2125.222665956244,prefill,3,2.30394,0.918949,2.11720335906
2130.682648974471,prefill,3,2.81295,0.9192177,2.585713429215
2134.9967169808224,prefill,3,2.31287,0.9184118,2.1241670998660003
2140.4796809656546,prefill,3,2.60756,0.9296938,2.4242323651279998
2145.4468349693343,prefill,3,2.54505,0.9286194,2.36338280397
2159.2018280061893,prefill,3,2.61649,0.9186804,2.403718079796
2165.455173002556,prefill,3,2.45575,0.9291566,2.28177632045
2169.863961986266,prefill,3,2.58077,0.9283507,2.395859636039
2174.1338269785047,prefill,3,2.4111,0.9291566,2.24028947826
2180.544040980749,prefill,3,2.58077,0.9186804,2.370902815908
2186.974920972716,prefill,3,2.5897,0.9296938,2.40762803386
2202.6052289875224,prefill,3,2.61649,0.9283507,2.4290203230430003
2206.884500978049,prefill,3,3.0362,0.9283507,2.81865839534
2211.746248998679,prefill,3,2.73258,0.9286194,2.537526800052
2216.1555200000294,prefill,3,2.75937,0.9304997,2.5675929571890004
2224.0415519918315,prefill,3,2.58077,0.9197549,2.373675853273
2229.2251119506545,prefill,3,2.63435,0.9291566,2.44772368921
2233.659789955709,prefill,3,2.61649,0.9291566,2.4311289523340003
2243.5457649989985,prefill,3,2.49147,0.9184118,2.288195447346
2248.119534982834,prefill,3,2.70579,0.928888,2.51337586152
2252.4068990023807,prefill,3,2.57184,0.9283507,2.3875694642879997
2256.590190983843,prefill,3,2.61649,0.9286194,2.429723373906
2263.323049992323,prefill,3,2.86653,0.9192177,2.634965113581
2268.731274001766,prefill,3,2.5897,0.9186804,2.37910663188
2275.722407968715,prefill,3,2.57184,0.9194863,2.364771645792
2285.3561639785767,prefill,3,2.72365,0.928888,2.5299658012000004
2294.3290189723484,prefill,3,2.7683,0.9286194,2.57069708502
2300.4494389751926,prefill,3,2.60756,0.9294252,2.4235319745119996
2305.4008719627745,prefill,3,2.75044,0.9286194,2.554111942536
2309.946362976916,prefill,3,2.83081,0.9286194,2.628745083714
2317.5621209666133,prefill,3,2.52719,0.9184118,2.321001116842
2323.2027500052936,prefill,3,2.78616,0.9294252,2.589527315232
2335.2015749551356,prefill,3,2.63435,0.9283507,2.445600666545
2339.5624939585105,prefill,3,2.7683,0.9299625,2.57441518875
2351.8073539598845,prefill,3,2.59863,0.9304997,2.418024435411
2356.1577739892527,prefill,3,2.81295,0.9294252,2.61442661634
2360.592321958393,prefill,3,2.61649,0.928888,2.4304261631200004
2367.6298069767654,prefill,3,2.40217,0.9275449,2.228120532433
2373.897688987199,prefill,3,3.45591,0.9283507,3.2082964676369996
2378.4361999714747,prefill,3,2.35752,0.9294252,2.191138497504
2384.2813819646835,prefill,3,2.39324,0.9291566,2.223694741384
2388.7112090014853,prefill,3,2.31287,0.928888,2.14839718856
2395.2237549819984,prefill,3,2.51826,0.9291566,2.339857899516
2399.9712629592977,prefill,3,2.35752,0.9283507,2.188605342264
2404.667567985598,prefill,3,2.47361,0.9270077,2.2930555167969997
2409.9610899575055,prefill,3,2.31287,0.928888,2.14839718856
2417.400626989547,prefill,3,2.52719,0.9192177,2.323037779263
2451.998818956781,prefill,3,2.48254,0.9184118,2.2799940299720003
2488.53406595299,prefill,3,2.64328,0.9283507,2.4538908382959996
2493.0885389912874,prefill,3,2.679,0.9278135,2.4856123665
2497.7089559542947,prefill,3,2.53612,0.9302311,2.359177697332
2504.0284489514306,prefill,3,2.58077,0.918949,2.37159601073
2511.4944119704887,prefill,3,2.679,0.918949,2.461864371
2519.208630954381,prefill,3,3.3041,0.9173373,3.03097417293
2539.309911953751,prefill,3,2.33073,0.8891322,2.0723270925060002
2543.5669439611956,prefill,3,2.89332,0.9294252,2.689124519664
2547.9172339546494,prefill,3,2.75044,0.9294252,2.556328247088
2553.1549410079606,prefill,3,2.49147,0.9291566,2.314965794202
2562.6258099800907,prefill,3,2.84867,0.9184118,2.6162521423059997
2604.0785819641314,prefill,3,2.48254,0.9286194,2.3053348052760003
2608.277039951645,prefill,3,2.67007,0.9280821,2.478044172747
2613.2094909553416,prefill,3,2.5897,0.928888,2.4055412536
2618.553696956951,prefill,3,2.67007,0.9186804,2.4529409756279996
2623.0853559682146,prefill,3,2.63435,0.9184118,2.41941812533
2627.303443965502,prefill,3,2.72365,0.9184118,2.50143229907
2631.7177699529566,prefill,3,2.60756,0.918949,2.39621465444
2636.135762964841,prefill,3,2.66114,0.9186804,2.444737159656
2640.481868002098,prefill,3,2.63435,0.9184118,2.41941812533
2646.1348299635574,prefill,3,2.42003,0.928888,2.24793682664
2650.620321976021,prefill,3,2.7683,0.9304997,2.57590231951
2654.7374299843796,prefill,3,2.51826,0.9286194,2.3385050902440003
2668.101110961288,prefill,3,2.61649,0.9294252,2.431831741548
2676.0615879902616,prefill,3,2.72365,0.928888,2.5299658012000004
2685.6638439930975,prefill,3,2.75937,0.9291566,2.5638868473420002
2690.4418699559756,prefill,3,2.75937,0.928888,2.5631456805600004
2698.4156239777803,prefill,3,2.64328,0.9186804,2.4283295277119996
2705.561422975734,prefill,3,2.64328,0.9296938,2.4574410276639997
2712.9563679918647,prefill,3,2.72365,0.9283507,2.528502384055
2747.937241976615,prefill,3,2.55398,0.9291566,2.373047373268
2753.7012589746155,prefill,3,2.42003,0.928888,2.24793682664
2767.5544169615023,prefill,3,2.64328,0.9184118,2.427619542704
2771.722987003159,prefill,3,2.73258,0.928888,2.53826077104
2775.973926007282,prefill,3,2.74151,0.928888,2.54655574088
2782.046624983195,prefill,3,2.56291,0.9184118,2.353806786338
2789.916268957313,prefill,3,2.57184,0.928888,2.38895131392
2795.3944919863716,prefill,3,2.73258,0.9280821,2.536058584818
2802.2243499872275,prefill,3,2.74151,0.9286194,2.545819371294
2812.555394950323,prefill,3,2.62542,0.928888,2.43872113296
2816.6420579655096,prefill,3,2.77723,0.9291566,2.580481584218
2820.882330997847,prefill,3,2.63435,0.9286194,2.44630851639
2825.3129719523713,prefill,3,2.43789,0.9294252,2.265836400828
2837.558089988306,prefill,3,2.60756,0.9184118,2.3948138732079998
2841.6229389840737,prefill,3,2.68793,0.9286194,2.496063943842
2845.5831589526497,prefill,3,2.70579,0.9294252,2.514829411908
2852.0015020039864,prefill,3,2.58077,0.9186804,2.370902815908
2858.43208595179,prefill,3,2.74151,0.9286194,2.545819371294
2862.408268963918,prefill,3,2.68793,0.9294252,2.498229877836
2867.014963994734,prefill,3,2.61649,0.9283507,2.4290203230430003
2872.4904829869047,prefill,3,2.679,0.9291566,2.4892105314
2877.977817959618,prefill,3,2.35752,0.9186804,2.165807416608
2883.758407959249,prefill,3,2.63435,0.9192177,2.421541147995
2889.5309430081397,prefill,3,2.45575,0.9202922,2.26000757015
2896.991461981088,prefill,3,2.46468,0.928888,2.2894116758400003
2928.296094003599,prefill,3,2.34859,0.9296938,2.183469561742
2933.5830049822107,prefill,3,2.47361,0.928888,2.29770664568
2964.4135310081765,prefill,3,2.71472,0.9280821,2.519483038512
3003.7140469648875,prefill,3,2.75937,0.9283507,2.561663071059
3011.9456129614264,prefill,3,2.679,0.9286194,2.4877713725999997
3020.270974957384,prefill,3,2.75937,0.9286194,2.562404513778
3024.5165060041472,prefill,3,2.75044,0.9283507,2.553372899308
3034.7485709935427,prefill,3,2.56291,0.9299625,2.3834101908750003
3044.8198599624448,prefill,3,2.679,0.9286194,2.4877713725999997
3053.4946249681525,prefill,3,2.4111,0.9280821,2.23769875131
3071.3783919927664,prefill,3,2.62542,0.9283507,2.437310494794
3086.1771699856035,prefill,3,2.70579,0.9286194,2.512649086326
3100.6701180012897,prefill,3,2.53612,0.9283507,2.3544087772839997
3109.8255459801294,prefill,3,2.72365,0.9291566,2.5306973735900002
3116.77567998413,prefill,3,2.49147,0.928888,2.31429658536
3124.393807956949,prefill,3,2.57184,0.9186804,2.3626989999359997
3129.8934199730866,prefill,3,2.78616,0.928888,2.5880305900800002
3134.087026002817,prefill,3,2.68793,0.928888,2.4967859218400004
3143.2011389988475,prefill,3,2.42003,0.9304997,2.2518371889910003
3151.039579999633,prefill,3,2.61649,0.9286194,2.429723373906
3168.823383981362,prefill,3,2.92011,0.928888,2.71245513768
3178.464972996153,prefill,3,2.62542,0.9294252,2.440131508584
3188.244153978303,prefill,3,2.80402,0.9283507,2.603113929814
3197.1133059705608,prefill,3,3.3934,0.928888,3.1520885392
3208.608209970407,prefill,3,2.52719,0.9291566,2.348155267954
3214.552946970798,prefill,3,2.52719,0.9278135,2.344760999065
3219.037920993287,prefill,3,2.5897,0.9286194,2.40484566018
3227.765315969009,prefill,3,2.5897,0.9283507,2.40414980779
3231.978088966571,prefill,3,2.45575,0.918949,2.25670900675
3240.5107259983197,prefill,3,2.74151,0.9275449,2.5428736187989998
3258.240733994171,prefill,3,2.77723,0.928888,2.57973562024
3264.1379349515773,prefill,3,2.7683,0.9283507,2.56995324281
3271.993115951773,prefill,3,2.69686,0.9286194,2.504356515084
3276.6507919877768,prefill,3,2.39324,0.9184118,2.197979856232
3292.299505963456,prefill,3,2.7683,0.928888,2.5714406504
3301.58119200496,prefill,3,2.54505,0.9291566,2.36475000483
3306.158997991588,prefill,3,2.74151,0.9283507,2.545082727557
3314.2942499835044,prefill,3,2.55398,0.9291566,2.373047373268
3319.813139969483,prefill,3,2.47361,0.9194863,2.274450506543
3325.4649349837564,prefill,3,5.33121,0.9256646,4.934912372165999
3329.6053200028837,prefill,3,5.33121,0.9291566,4.953528957485999
3355.341396993026,prefill,3,2.68793,0.928888,2.4967859218400004
3359.6745579852723,decode,4,5.24191,0.9291566,4.870555273106
3364.125920983497,decode,4,4.92936,0.9294252,4.5814714038719995
3376.022338983603,decode,4,2.62542,0.9283507,2.437310494794
3380.1592239760794,baseline_B,5,4.56323,0.9291566,4.239955271818
3384.150146972388,baseline_B,5,1.46452,0.9286194,1.359981683688
3388.0466639529914,baseline_B,5,2.25929,0.9286194,2.098020524226
3394.884632958565,baseline_B,5,1.32164,0.9283507,1.2269454191479998
3401.694027998019,baseline_B,5,1.25913,0.9286194,1.1692525451220002
3405.879152996931,baseline_B,5,1.26806,0.928888,1.1778857172800001
3410.036018991377,baseline_B,5,1.25913,0.9286194,1.1692525451220002
3415.939108002931,baseline_B,5,0.87514,0.7223192,0.6321304246880001
3424.087230989244,baseline_B,5,1.25913,0.8184852,1.0305792698760001
3428.85657196166,baseline_B,5,1.04481,0.8182165,0.854880781365
3435.9171129763126,baseline_B,5,0.8929999,0.7228564,0.6455106929143599
3440.0472389534116,baseline_B,5,1.12518,0.7225879,0.813041453322
3444.1714200074784,baseline_B,5,0.9108599,0.7225879,0.6581763423352099
3450.4888199735433,baseline_B,5,1.06267,0.8182165,0.869494128055
3455.1909579895437,baseline_B,5,1.06267,0.8182165,0.869494128055
3462.204148003366,baseline_B,5,0.8929999,0.7225879,0.6452709224412099
3469.8365349904634,baseline_B,5,1.06267,0.8184852,0.869779667484
3473.988992976956,baseline_B,5,1.05374,0.8182165,0.8621874547099999
3481.011922995094,baseline_B,5,0.9108599,0.7223192,0.65793159428008
3485.104474995751,baseline_B,5,0.90193,0.7228564,0.6519658728519999
3489.183563971892,baseline_B,5,0.8929999,0.7220506,0.64479111359494
3496.516084007453,baseline_B,5,1.05374,0.8187538,0.8627536292119999
3502.629726950545,baseline_B,5,0.8929999,0.7228564,0.6455106929143599
3507.1946809766814,baseline_B,5,0.8929999,0.7228564,0.6455106929143599
3511.286325985566,baseline_B,5,0.8929999,0.7223192,0.64503097336808
3515.38656296907,baseline_B,5,0.8929999,0.7223192,0.64503097336808
3519.475891953334,baseline_B,5,0.8929999,0.7223192,0.64503097336808
3523.55186996283,baseline_B,5,0.88407,0.7225879,0.638818284753
3527.625866991002,baseline_B,5,0.87514,0.723125,0.6328356125000001
3531.7169739864767,baseline_B,5,0.8929999,0.7225879,0.6452709224412099
3535.806617990602,baseline_B,5,0.90193,0.7223192,0.6514813560560001
3539.8753929766826,baseline_B,5,0.8929999,0.7223192,0.64503097336808
3543.9444259973243,baseline_B,5,0.87514,0.7228564,0.632600549896
3548.0096449609846,baseline_B,5,0.87514,0.7225879,0.632365574806
3552.0760859944858,baseline_B,5,0.93765,0.7225879,0.6775345444349999
3556.1579899513163,baseline_B,5,0.88407,0.7225879,0.638818284753
3560.2425229735672,baseline_B,5,0.90193,0.7225879,0.6517237046469999
3564.310834975913,baseline_B,5,0.8929999,0.7225879,0.6452709224412099
3568.3778129750863,baseline_B,5,0.8929999,0.7220506,0.64479111359494
3572.4699379643425,baseline_B,5,0.87514,0.7225879,0.632365574806
3576.5501199639402,baseline_B,5,0.8662101,0.7225879,0.62591293711779
3580.6249129818752,baseline_B,5,0.8662101,0.7225879,0.62591293711779
3584.6784279565327,baseline_B,5,0.8929999,0.7223192,0.64503097336808
3588.758257974405,baseline_B,5,0.88407,0.7228564,0.639055657548
3592.8402909776196,baseline_B,5,0.88407,0.7228564,0.639055657548
3596.9302869634703,baseline_B,5,0.8929999,0.723125,0.6457505526875
3604.295232973527,baseline_B,5,1.04481,0.8187538,0.855442157778
3608.456931950059,baseline_B,5,1.04481,0.8187538,0.855442157778
3612.5877239974216,baseline_B,5,1.06267,0.8182165,0.869494128055
3616.7563860071823,baseline_B,5,1.04481,0.8184852,0.855161521812
3623.814834980294,baseline_B,5,0.90193,0.7228564,0.6519658728519999
3627.9065719572827,baseline_B,5,0.8929999,0.7223192,0.64503097336808
3631.9834379828535,baseline_B,5,0.87514,0.7228564,0.632600549896
3638.2877089781687,baseline_B,5,1.06267,0.8182165,0.869494128055
3642.9944209521636,baseline_B,5,1.06267,0.8184852,0.869779667484
3647.13728800416,baseline_B,5,1.05374,0.8187538,0.8627536292119999
3651.2896539643407,baseline_B,5,1.04481,0.8182165,0.854880781365
3657.3471300071105,baseline_B,5,0.8929999,0.7225879,0.6452709224412099
3661.87989996979,baseline_B,5,0.88407,0.7223192,0.638580735144
3665.965544001665,baseline_B,5,0.87514,0.7223192,0.6321304246880001
3670.069910993334,baseline_B,5,0.87514,0.7223192,0.6321304246880001
3677.425856003538,baseline_B,5,1.06267,0.8182165,0.869494128055
3681.5651479992084,baseline_B,5,1.04481,0.8187538,0.855442157778
3688.659077975899,baseline_B,5,0.87514,0.7228564,0.632600549896
3692.749092995655,baseline_B,5,0.8929999,0.7223192,0.64503097336808
3696.826273982879,baseline_B,5,0.8929999,0.723125,0.6457505526875
3704.189237963874,baseline_B,5,1.04481,0.8182165,0.854880781365
3708.3488449570723,baseline_B,5,1.06267,0.8182165,0.869494128055
3714.478875976056,baseline_B,5,0.87514,0.7225879,0.632365574806
3718.997035000939,baseline_B,5,0.87514,0.7225879,0.632365574806
3723.0668279808015,baseline_B,5,0.8929999,0.7223192,0.64503097336808
3727.136379980948,baseline_B,5,0.87514,0.7225879,0.632365574806
3731.2085979501717,baseline_B,5,0.87514,0.7223192,0.6321304246880001
3735.2919099503197,baseline_B,5,0.8662101,0.7228564,0.62614551452964
3742.6043739542365,baseline_B,5,1.04481,0.8184852,0.855161521812
3749.6824520058,baseline_B,5,0.8662101,0.7225879,0.62591293711779
3753.7666329881176,baseline_B,5,0.8929999,0.7225879,0.6452709224412099
3757.8323149937205,baseline_B,5,0.8929999,0.7225879,0.6452709224412099
3761.922236997634,baseline_B,5,0.8929999,0.7223192,0.64503097336808
3769.28870100528,baseline_B,5,1.03588,0.8187538,0.8481306863439999
3773.4568439773284,baseline_B,5,1.03588,0.8187538,0.8481306863439999
3780.4801449528895,baseline_B,5,0.8929999,0.7225879,0.6452709224412099
3784.5547709730454,baseline_B,5,0.87514,0.7223192,0.6321304246880001
3788.6348969768733,baseline_B,5,0.87514,0.7220506,0.631895362084
3795.9998609730974,baseline_B,5,1.04481,0.8182165,0.854880781365
3800.1518009696156,baseline_B,5,1.06267,0.8184852,0.869779667484
3807.2181009920314,baseline_B,5,0.87514,0.7223192,0.6321304246880001
3811.3454489503056,baseline_B,5,0.8929999,0.7225879,0.6452709224412099
3815.462962957099,baseline_B,5,0.87514,0.7225879,0.632365574806
3822.746575984638,baseline_B,5,1.04481,0.8179479,0.854600145399
3829.7770239878446,baseline_B,5,0.8572799,0.7225879,0.61946008265321
3833.8537619565614,baseline_B,5,0.8929999,0.7225879,0.6452709224412099
3840.0856999796815,baseline_B,5,1.05374,0.8182165,0.8621874547099999
3844.8156520025805,baseline_B,5,1.06267,0.8184852,0.869779667484
3850.93512898311,baseline_B,5,0.87514,0.7223192,0.6321304246880001
3855.456379998941,baseline_B,5,0.8929999,0.7228564,0.6455106929143599
3859.523357998114,baseline_B,5,0.87514,0.7225879,0.632365574806
3863.635538960807,baseline_B,5,0.87514,0.7223192,0.6321304246880001
3867.694924992975,baseline_B,5,0.8662101,0.7223192,0.62568018646392
3871.77188397618,baseline_B,5,0.88407,0.7228564,0.639055657548
3875.8417509961873,baseline_B,5,0.88407,0.7225879,0.638818284753
3879.92687697988,baseline_B,5,0.88407,0.7223192,0.638580735144
3883.9927439694293,baseline_B,5,0.87514,0.7223192,0.6321304246880001
3888.0961289978586,baseline_B,5,1.12518,0.7225879,0.813041453322
3895.459369989112,baseline_B,5,1.04481,0.8184852,0.855161521812
3899.6186619624496,baseline_B,5,1.03588,0.8182165,0.84757410802
3906.7033879691735,baseline_B,5,0.8929999,0.7223192,0.64503097336808
3910.7987549505197,baseline_B,5,0.87514,0.7223192,0.6321304246880001
3914.9259359692223,baseline_B,5,0.87514,0.7225879,0.632365574806
3922.2077889717184,baseline_B,5,1.05374,0.8182165,0.8621874547099999
3926.409524981864,baseline_B,5,1.03588,0.8184852,0.847852448976
3930.591464973986,baseline_B,5,1.03588,0.8182165,0.84757410802
3934.766608988866,baseline_B,5,1.03588,0.8182165,0.84757410802
3938.8986039557494,baseline_B,5,1.03588,0.8182165,0.84757410802
3945.9617380052805,baseline_B,5,0.8929999,0.7225879,0.6452709224412099
3950.0455299858004,baseline_B,5,0.8572799,0.7228564,0.6196902623063599
3954.1673969943076,baseline_B,5,0.8662101,0.7228564,0.62614551452964
3958.269022987224,baseline_B,5,0.87514,0.7225879,0.632365574806
3965.629967977293,baseline_B,5,1.05374,0.8187538,0.8627536292119999
3969.7802599985152,baseline_B,5,1.06267,0.8179479,0.8692086948929999
3976.8271159846336,baseline_B,5,0.87514,0.7225879,0.632365574806
3980.882315954659,baseline_B,5,0.88407,0.7223192,0.638580735144
3984.962997958064,baseline_B,5,0.87514,0.7223192,0.6321304246880001
3992.2484619892202,baseline_B,5,1.05374,0.8184852,0.8624705946479999
3999.28331800038,baseline_B,5,0.87514,0.7225879,0.632365574806
4003.3592589898035,baseline_B,5,0.8929999,0.7223192,0.64503097336808
4007.427570002619,baseline_B,5,0.8662101,0.7223192,0.62568018646392
4015.5193230020814,baseline_B,5,0.8572799,0.7223192,0.61922973154408
4019.6046339697205,baseline_B,5,0.8662101,0.7225879,0.62591293711779
4023.7252039951272,baseline_B,5,0.8662101,0.7223192,0.62568018646392
4031.080649001524,baseline_B,5,1.02695,0.8182165,0.8402674346750001
4035.2096270071343,baseline_B,5,1.04481,0.8184852,0.855161521812
4042.2384639969096,baseline_B,5,0.87514,0.723125,0.6328356125000001
4046.315109007992,baseline_B,5,0.8929999,0.7225879,0.6452709224412099
4050.4024759866297,baseline_B,5,0.8929999,0.723125,0.6457505526875
4054.5042129815556,baseline_B,5,0.87514,0.7225879,0.632365574806
4058.5820979904383,baseline_B,5,0.8929999,0.7225879,0.6452709224412099
4062.651112966705,baseline_B,5,0.8929999,0.7223192,0.64503097336808
4066.719831957016,baseline_B,5,0.8929999,0.7223192,0.64503097336808
4070.7785319536924,baseline_B,5,0.88407,0.721782,0.63810581274
4074.8266769805923,baseline_B,5,0.8929999,0.7225879,0.6452709224412099
4078.8789140060544,baseline_B,5,0.8572799,0.7223192,0.61922973154408
4082.95716997236,baseline_B,5,0.87514,0.7225879,0.632365574806
4087.033091986086,baseline_B,5,0.88407,0.7223192,0.638580735144
4091.089922003448,baseline_B,5,0.8572799,0.7225879,0.61946008265321
4095.1650110073388,baseline_B,5,0.8929999,0.7225879,0.6452709224412099
4099.22600799473,baseline_B,5,0.88407,0.7223192,0.638580735144
4103.2913379604,baseline_B,5,0.8929999,0.7225879,0.6452709224412099
4107.369796955027,baseline_B,5,0.8572799,0.7228564,0.6196902623063599
4111.433219979517,baseline_B,5,0.88407,0.7225879,0.638818284753
4115.48940197099,baseline_B,5,0.8572799,0.7223192,0.61922973154408
4119.556730962358,baseline_B,5,0.87514,0.7225879,0.632365574806
4123.635338968597,baseline_B,5,0.87514,0.7223192,0.6321304246880001
4127.708483953029,baseline_B,5,0.88407,0.7225879,0.638818284753
4131.765090976842,baseline_B,5,0.88407,0.7223192,0.638580735144
4135.835809982382,baseline_B,5,0.88407,0.7225879,0.638818284753
4139.907083997969,baseline_B,5,0.8572799,0.7225879,0.61946008265321
4143.969228956848,baseline_B,5,0.8662101,0.7225879,0.62591293711779
4148.020780994557,baseline_B,5,1.00016,0.7223192,0.722434771072
4152.081740961876,baseline_B,5,0.91979,0.7225879,0.664629124541
4156.169866968412,baseline_B,5,0.8929999,0.7225879,0.6452709224412099
4160.223585960921,baseline_B,5,0.90193,0.723125,0.65220813125
4164.316655951552,baseline_B,5,0.87514,0.7220506,0.631895362084
4168.372930958867,baseline_B,5,0.8572799,0.7223192,0.61922973154408
4172.451093967538,baseline_B,5,0.87514,0.723125,0.6328356125000001
4176.4979980071075,baseline_B,5,0.8929999,0.7225879,0.6452709224412099
4180.55651296163,baseline_B,5,0.8929999,0.7223192,0.64503097336808
4184.6099169924855,baseline_B,5,0.88407,0.7225879,0.638818284753
4188.680505962111,baseline_B,5,0.87514,0.7223192,0.6321304246880001
4192.747780005448,baseline_B,5,0.87514,0.7225879,0.632365574806
4196.824443002697,baseline_B,5,0.8662101,0.7223192,0.62568018646392
4200.877755007241,baseline_B,5,0.87514,0.7225879,0.632365574806
4204.936602967791,baseline_B,5,0.88407,0.7225879,0.638818284753
4209.001969953533,baseline_B,5,0.8929999,0.7225879,0.6452709224412099
4213.074966974091,baseline_B,5,0.8929999,0.7225879,0.6452709224412099
4220.43357900111,baseline_B,5,1.03588,0.8184852,0.847852448976
4224.5696489699185,baseline_B,5,1.05374,0.8184852,0.8624705946479999
4231.588522961829,baseline_B,5,0.87514,0.7225879,0.632365574806
4235.646408982575,baseline_B,5,0.8662101,0.7223192,0.62568018646392
4239.731700974517,baseline_B,5,0.88407,0.7223192,0.638580735144
4247.027684003115,baseline_B,5,1.03588,0.8182165,0.84757410802
4254.112761991564,baseline_B,5,0.88407,0.7225879,0.638818284753
4258.225277008023,baseline_B,5,0.8662101,0.7220506,0.6254475224310599
4262.280569004361,baseline_B,5,0.87514,0.7223192,0.6321304246880001
4266.37980598025,baseline_B,5,0.8572799,0.7225879,0.61946008265321
4270.443507004529,baseline_B,5,0.8929999,0.7228564,0.6455106929143599
4274.526817956939,baseline_B,5,0.87514,0.7220506,0.631895362084
4278.5851109656505,baseline_B,5,0.88407,0.7228564,0.639055657548
4282.640273973811,baseline_B,5,0.8662101,0.7225879,0.62591293711779
4286.688288964797,baseline_B,5,0.8572799,0.7225879,0.61946008265321
4290.740119002294,baseline_B,5,0.87514,0.7228564,0.632600549896
4294.808059989009,baseline_B,5,0.8662101,0.7223192,0.62568018646392
4298.858908994589,baseline_B,5,0.87514,0.7225879,0.632365574806
4302.906201977748,baseline_B,5,0.8662101,0.7228564,0.62614551452964
4306.977012951393,baseline_B,5,0.87514,0.7220506,0.631895362084
4311.051231983583,baseline_B,5,0.87514,0.7225879,0.632365574806
4315.10404299479,baseline_B,5,0.87514,0.7220506,0.631895362084
4319.16153995553,baseline_B,5,0.87514,0.7223192,0.6321304246880001
4323.2238329946995,baseline_B,5,0.87514,0.7225879,0.632365574806
4327.277143951505,baseline_B,5,0.87514,0.7225879,0.632365574806
4331.377252005041,baseline_B,5,0.87514,0.7228564,0.632600549896
4338.753363990691,baseline_B,5,1.02695,0.8184852,0.8405433761400001
4342.959914007224,baseline_B,5,0.9912299,0.8187538,0.81157324729862
4351.177887991071,baseline_B,5,1.2502,0.928888,1.1612957776000001
4357.973412959836,baseline_B,5,1.24127,0.9283507,1.152333873389
4362.143056991044,baseline_B,5,1.23234,0.9280821,1.143712695114
4366.298533976078,baseline_B,5,1.22341,0.9283507,1.135753529887
4373.312352981884,baseline_B,5,1.2502,0.9286194,1.16095997388
4377.459033974446,baseline_B,5,1.24127,0.9286194,1.1526674026380002
4381.639603001531,baseline_B,5,1.25913,0.928888,1.1695907474400002
4385.77609899221,baseline_B,5,1.27699,0.9283507,1.185494560393
4392.571993987076,baseline_B,5,1.23234,0.9283507,1.144043701638
4396.663378982339,baseline_B,5,1.23234,0.928888,1.1447058379200001
4403.622846992221,baseline_B,5,1.24127,0.9286194,1.1526674026380002
4410.353521001525,baseline_B,5,1.24127,0.9283507,1.152333873389
4418.4362549567595,baseline_B,5,0.87514,0.7225879,0.632365574806
4422.564769978635,baseline_B,5,0.87514,0.7228564,0.632600549896
4426.6728579532355,baseline_B,5,0.8929999,0.7225879,0.6452709224412099
4434.003284957726,baseline_B,5,1.02695,0.8184852,0.8405433761400001
4441.545246983878,baseline_B,5,0.88407,0.7225879,0.638818284753
4445.66952099558,baseline_B,5,0.87514,0.7223192,0.6321304246880001
4449.76464699721,baseline_B,5,0.8662101,0.7223192,0.62568018646392
4453.836865955964,baseline_B,5,0.87514,0.7225879,0.632365574806
4461.13907097606,baseline_B,5,1.04481,0.8184852,0.855161521812
4468.147519975901,baseline_B,5,0.8929999,0.7225879,0.6452709224412099
4472.255626984406,baseline_B,5,0.8929999,0.7228564,0.6455106929143599
4476.3418269576505,baseline_B,5,0.88407,0.7225879,0.638818284753
4480.4407299961895,baseline_B,5,0.88407,0.7228564,0.639055657548
4484.522541984916,baseline_B,5,0.87514,0.7225879,0.632365574806
4488.582574995235,baseline_B,5,0.8662101,0.7220506,0.6254475224310599
4492.650534957647,baseline_B,5,0.87514,0.7225879,0.632365574806
4496.724160970189,baseline_B,5,0.87514,0.7225879,0.632365574806
4500.805878953543,baseline_B,5,0.8572799,0.7223192,0.61922973154408
4504.880191001575,baseline_B,5,0.87514,0.7225879,0.632365574806
4508.945873007178,baseline_B,5,0.87514,0.7225879,0.632365574806
4513.002053950913,baseline_B,5,0.8929999,0.7225879,0.6452709224412099
4517.083179962356,baseline_B,5,0.8662101,0.7223192,0.62568018646392
4521.137417992577,baseline_B,5,0.8929999,0.7225879,0.6452709224412099
4525.217839982361,baseline_B,5,0.87514,0.7225879,0.632365574806
4529.279188951477,baseline_B,5,0.87514,0.7223192,0.6321304246880001
4533.361221954692,baseline_B,5,0.8662101,0.7225879,0.62591293711779
4537.406385003123,baseline_B,5,0.88407,0.7225879,0.638818284753
4541.499771003146,baseline_B,5,0.8929999,0.7223192,0.64503097336808
4545.566803950351,baseline_B,5,0.8662101,0.7223192,0.62568018646392
4549.632818961982,baseline_B,5,0.87514,0.7225879,0.632365574806
4553.700296964962,baseline_B,5,0.8572799,0.723125,0.6199205276875001
4557.773700973485,baseline_B,5,0.8662101,0.7225879,0.62591293711779
4561.852900951635,baseline_B,5,0.8662101,0.7225879,0.62591293711779
4565.941971959546,baseline_B,5,0.8662101,0.7223192,0.62568018646392
4570.013541961089,baseline_B,5,0.88407,0.7228564,0.639055657548
4574.086520005949,baseline_B,5,0.87514,0.7225879,0.632365574806
4578.166480001528,baseline_B,5,0.8662101,0.7225879,0.62591293711779
4582.235771988053,baseline_B,5,0.8662101,0.7223192,0.62568018646392
4586.31871297257,baseline_B,5,0.87514,0.7225879,0.632365574806
4591.041461972054,baseline_B,5,0.8572799,0.7225879,0.61946008265321
4595.1202739961445,baseline_B,5,0.8572799,0.7225879,0.61946008265321
4599.2101219599135,baseline_B,5,0.87514,0.7225879,0.632365574806
4606.554233992938,baseline_B,5,1.04481,0.8184852,0.855161521812
4613.536386983469,baseline_B,5,0.88407,0.7225879,0.638818284753
4617.65121598728,baseline_B,5,0.8662101,0.7225879,0.62591293711779
4624.932568985969,baseline_B,5,1.01802,0.8182165,0.83296076133
4631.058008002583,baseline_B,5,0.87514,0.7225879,0.632365574806
4635.628036980052,baseline_B,5,0.88407,0.7223192,0.638580735144
4642.9042049567215,baseline_B,5,1.01802,0.8184852,0.833234303304
4649.893487978261,baseline_B,5,0.8662101,0.7223192,0.62568018646392
4653.981075971387,baseline_B,5,0.8929999,0.7223192,0.64503097336808
4661.2889299867675,baseline_B,5,1.01802,0.8184852,0.833234303304
4668.382358970121,baseline_B,5,0.88407,0.7225879,0.638818284753
4672.4733369774185,baseline_B,5,0.87514,0.7225879,0.632365574806
4676.554703968577,baseline_B,5,0.8662101,0.7223192,0.62568018646392
4680.640940961894,baseline_B,5,0.88407,0.7223192,0.638580735144
4687.940200965386,baseline_B,5,1.05374,0.8182165,0.8621874547099999
4695.032185991295,baseline_B,5,0.87514,0.7223192,0.6321304246880001
4699.092700961046,baseline_B,5,0.87514,0.7223192,0.6321304246880001
4703.175956965424,baseline_B,5,0.87514,0.7225879,0.632365574806
4707.26100896718,baseline_B,5,0.87514,0.7225879,0.632365574806
4711.334634979721,baseline_B,5,0.87514,0.7223192,0.6321304246880001
4715.419241983909,baseline_B,5,0.87514,0.7223192,0.6321304246880001
4719.477664970327,baseline_B,5,0.8662101,0.7225879,0.62591293711779
4723.5585319576785,baseline_B,5,0.87514,0.7225879,0.632365574806
4727.60721395025,baseline_B,5,0.87514,0.7223192,0.6321304246880001
4731.684580969159,baseline_B,5,0.87514,0.7225879,0.632365574806
4735.768335987814,baseline_B,5,0.8929999,0.7220506,0.64479111359494
4739.859239954967,baseline_B,5,0.8572799,0.7225879,0.61946008265321
4743.936976999976,baseline_B,5,0.88407,0.7223192,0.638580735144
4748.005695990287,baseline_B,5,0.8929999,0.7223192,0.64503097336808
4752.067691995762,baseline_B,5,0.93765,0.7228564,0.6777863034599999
4756.160225952044,baseline_B,5,0.8929999,0.7223192,0.64503097336808
4760.214295994956,baseline_B,5,0.87514,0.7223192,0.6321304246880001
4764.2784040072,baseline_B,5,0.88407,0.7228564,0.639055657548
4768.354622996412,baseline_B,5,0.88407,0.7223192,0.638580735144
4772.422156005632,baseline_B,5,0.88407,0.7225879,0.638818284753
4776.5070970053785,baseline_B,5,0.8572799,0.7220506,0.61899946616294
4780.566926987376,baseline_B,5,0.87514,0.7228564,0.632600549896
4784.635330957826,baseline_B,5,0.8929999,0.7223192,0.64503097336808
4788.70079095941,baseline_B,5,0.88407,0.7223192,0.638580735144
4792.765749967657,baseline_B,5,0.8662101,0.7225879,0.62591293711779
4796.833838976454,baseline_B,5,0.88407,0.7228564,0.639055657548
4800.8908909978345,baseline_B,5,0.88407,0.7225879,0.638818284753
4804.9541839864105,baseline_B,5,0.8662101,0.7225879,0.62591293711779
4809.02949598385,baseline_B,5,0.8929999,0.7225879,0.6452709224412099
4813.112139992882,baseline_B,5,0.87514,0.7223192,0.6321304246880001
4817.164154956117,baseline_B,5,0.8662101,0.7225879,0.62591293711779
4821.219966979697,baseline_B,5,0.87514,0.7225879,0.632365574806
4825.280036951881,baseline_B,5,0.8662101,0.7223192,0.62568018646392
4829.359533963725,baseline_B,5,0.8929999,0.7228564,0.6455106929143599
4833.496659004595,baseline_B,5,0.87514,0.7223192,0.6321304246880001
4837.627932953183,baseline_B,5,0.87514,0.7223192,0.6321304246880001
4843.930425995495,baseline_B,5,1.03588,0.8182165,0.84757410802
4848.652174987365,baseline_B,5,1.03588,0.8184852,0.847852448976
4855.690011987463,baseline_B,5,0.87514,0.7223192,0.6321304246880001
4859.79919397505,baseline_B,5,0.87514,0.7220506,0.631895362084
4863.901393953711,baseline_B,5,0.8572799,0.7225879,0.61946008265321
4871.183932002168,baseline_B,5,1.03588,0.8184852,0.847852448976
4878.264324972406,baseline_B,5,0.87514,0.7223192,0.6321304246880001
4882.359079958405,baseline_B,5,0.8662101,0.7228564,0.62614551452964
4886.4443359780125,baseline_B,5,0.87514,0.7225879,0.632365574806
4890.5239989981055,baseline_B,5,0.8662101,0.7223192,0.62568018646392
4897.806648979895,baseline_B,5,1.03588,0.8182165,0.84757410802
4901.943292992655,baseline_B,5,1.04481,0.8184852,0.855161521812
4908.974908001255,baseline_B,5,0.88407,0.7220506,0.638343273942
4913.0444409674965,baseline_B,5,0.8662101,0.7220506,0.6254475224310599
4917.11130796466,baseline_B,5,0.8929999,0.7225879,0.6452709224412099
4924.472641956527,baseline_B,5,1.02695,0.8182165,0.8402674346750001
4931.5574239590205,baseline_B,5,0.87514,0.7225879,0.632365574806
4935.619475960266,baseline_B,5,0.8572799,0.7228564,0.6196902623063599
4939.708064950537,baseline_B,5,0.88407,0.7225879,0.638818284753
4943.77374695614,baseline_B,5,0.88407,0.7225879,0.638818284753
4951.078469981439,baseline_B,5,1.03588,0.8187538,0.8481306863439999
4958.16019596532,baseline_B,5,0.8662101,0.7223192,0.62568018646392
4962.256432976574,baseline_B,5,0.8662101,0.7225879,0.62591293711779
4966.346670000348,baseline_B,5,0.87514,0.7223192,0.6321304246880001
4970.490702951793,baseline_B,5,0.87514,0.7223192,0.6321304246880001
4974.634901969694,baseline_B,5,0.88407,0.7223192,0.638580735144
4978.739083977416,baseline_B,5,0.8929999,0.7223192,0.64503097336808
4986.026511003729,baseline_B,5,1.05374,0.8187538,0.8627536292119999
4990.226931986399,baseline_B,5,1.03588,0.8184852,0.847852448976
4994.414815970231,baseline_B,5,1.03588,0.8187538,0.8481306863439999
5001.530893961899,baseline_B,5,0.87514,0.7220506,0.631895362084
5005.638889968395,baseline_B,5,0.8929999,0.7225879,0.6452709224412099
5009.724645002279,baseline_B,5,0.8572799,0.7228564,0.6196902623063599
5017.8241019602865,baseline_B,5,0.87514,0.7225879,0.632365574806
5021.892097953241,baseline_B,5,0.8929999,0.7225879,0.6452709224412099
5025.946317007765,baseline_B,5,0.8929999,0.7225879,0.6452709224412099
5030.02101695165,baseline_B,5,0.8662101,0.7223192,0.62568018646392
5036.751375999302,baseline_B,5,1.03588,0.8187538,0.8481306863439999
5041.458052000962,baseline_B,5,1.04481,0.8184852,0.855161521812
5048.481592966709,baseline_B,5,0.8572799,0.7223192,0.61922973154408
5052.5720519945025,baseline_B,5,0.8662101,0.7225879,0.62591293711779
5056.629678001627,baseline_B,5,0.87514,0.7225879,0.632365574806
5064.002475002781,baseline_B,5,1.03588,0.8187538,0.8481306863439999
5070.188968966249,baseline_B,5,0.87514,0.7223192,0.6321304246880001
5075.705987983383,baseline_B,5,0.88407,0.7225879,0.638818284753
5094.112304970622,baseline_B,5,1.02695,0.8184852,0.8405433761400001
5101.274585991632,baseline_B,5,0.88407,0.7225879,0.638818284753
5128.671719983686,baseline_B,5,0.87514,0.7223192,0.6321304246880001
5135.96923998557,baseline_B,5,1.03588,0.8179479,0.8472958706519998
5140.1594579801895,baseline_B,5,1.02695,0.8182165,0.8402674346750001
5144.353193987627,baseline_B,5,1.04481,0.8184852,0.855161521812
5148.561762995087,baseline_B,5,1.03588,0.8182165,0.84757410802
5154.675701982342,baseline_B,5,0.87514,0.7225879,0.632365574806
5159.1982310055755,baseline_B,5,0.87514,0.7228564,0.632600549896
5163.26633899007,baseline_B,5,0.8662101,0.7220506,0.6254475224310599
5167.341427993961,baseline_B,5,0.87514,0.7223192,0.6321304246880001
5174.67466997914,baseline_B,5,1.02695,0.8182165,0.8402674346750001
5181.650210986845,baseline_B,5,0.8572799,0.7225879,0.61946008265321
5185.7588369748555,baseline_B,5,0.87514,0.7228564,0.632600549896
5189.8491299944,baseline_B,5,0.8662101,0.7225879,0.62591293711779
5193.940403987654,baseline_B,5,0.8572799,0.7223192,0.61922973154408
5198.012140986975,baseline_B,5,0.87514,0.7220506,0.631895362084
5202.147600008175,baseline_B,5,0.87514,0.723125,0.6328356125000001
5209.500266995747,baseline_B,5,1.03588,0.8187538,0.8481306863439999
5213.637262990233,baseline_B,5,1.05374,0.8182165,0.8621874547099999
5220.662766951136,baseline_B,5,0.87514,0.7223192,0.6321304246880001
5224.743355996907,baseline_B,5,0.87514,0.7220506,0.631895362084
5228.799759992398,baseline_B,5,0.88407,0.7223192,0.638580735144
5232.865089958068,baseline_B,5,0.8572799,0.7225879,0.61946008265321
5236.930215964094,baseline_B,5,0.8662101,0.7225879,0.62591293711779
5241.003990988247,baseline_B,5,0.87514,0.7225879,0.632365574806
5245.102802000474,baseline_B,5,0.8572799,0.7223192,0.61922973154408
5249.161334999371,baseline_B,5,0.87514,0.7223192,0.6321304246880001
5253.262645972427,baseline_B,5,0.8572799,0.7223192,0.61922973154408
5257.316328003071,baseline_B,5,0.8929999,0.7225879,0.6452709224412099
5261.382009950466,baseline_B,5,0.8572799,0.7225879,0.61946008265321
5265.450413979124,baseline_B,5,0.8572799,0.7225879,0.61946008265321
5269.512484956067,baseline_B,5,0.88407,0.7220506,0.638343273942
5273.562185000628,baseline_B,5,0.87514,0.7223192,0.6321304246880001
5277.651180978864,baseline_B,5,0.87514,0.7225879,0.632365574806
5281.715104007162,baseline_B,5,0.87514,0.7225879,0.632365574806
5285.799673991278,baseline_B,5,0.8572799,0.7223192,0.61922973154408
5289.840337994974,baseline_B,5,0.8572799,0.7223192,0.61922973154408
5293.90007496113,baseline_B,5,0.8572799,0.7223192,0.61922973154408
5297.954386973288,baseline_B,5,0.8572799,0.7225879,0.61946008265321
5302.00754996622,baseline_B,5,0.87514,0.7225879,0.632365574806
5306.102212984115,baseline_B,5,0.87514,0.7223192,0.6321304246880001
5310.200801992323,baseline_B,5,0.87514,0.7228564,0.632600549896
5314.249316987116,baseline_B,5,0.8662101,0.7223192,0.62568018646392
5318.378794007003,baseline_B,5,0.87514,0.7225879,0.632365574806
5325.7381659932435,baseline_B,5,1.01802,0.8182165,0.83296076133
5329.868550004903,baseline_B,5,1.01802,0.8184852,0.833234303304
5336.890868959017,baseline_B,5,0.87514,0.7220506,0.631895362084
5340.985068993177,baseline_B,5,1.21448,0.7225879,0.877568552792
5348.891138972249,baseline_B,5,1.2502,0.9286194,1.16095997388
5354.737524990924,baseline_B,5,1.25913,0.9283507,1.168914216891
5359.439866966568,baseline_B,5,1.24127,0.9286194,1.1526674026380002
5363.6062139994465,baseline_B,5,1.24127,0.9280821,1.1520004682670002
5367.794468998909,baseline_B,5,1.27699,0.9286194,1.185837687606
5371.9789639580995,baseline_B,5,1.24127,0.9286194,1.1526674026380002
5378.986431984231,baseline_B,5,1.23234,0.9286194,1.144374831396
5384.298304968979,baseline_B,5,1.23234,0.9286194,1.144374831396
5402.359624975361,baseline_B,5,1.2502,0.9280821,1.16028824142
5410.424247966148,baseline_B,5,2.07176,0.928888,1.9244330028799999
5417.2541800071485,baseline_B,5,2.10748,0.9283507,1.9564805332359998
5426.5287179732695,baseline_B,5,1.03588,0.8184852,0.847852448976
5444.5306489942595,baseline_B,5,1.46452,0.9186804,1.345425819408
5452.802418963984,gap,6,1.04481,0.8179479,0.854600145399
5457.032265956514,gap,6,1.03588,0.8182165,0.84757410802
5464.1102139721625,gap,6,0.8929999,0.7225879,0.6452709224412099
5468.194653978571,gap,6,0.87514,0.7225879,0.632365574806
5472.3023909609765,gap,6,0.8572799,0.721782,0.6187692007818
5476.421369006857,gap,6,0.87514,0.7225879,0.632365574806
5483.7486849864945,gap,6,1.04481,0.8187538,0.855442157778
5490.734688995872,gap,6,0.87514,0.7223192,0.6321304246880001
5494.846037006937,gap,6,0.87514,0.7225879,0.632365574806
5498.933274007868,gap,6,0.87514,0.7220506,0.631895362084
5506.296607956756,gap,6,1.04481,0.8182165,0.854880781365
5510.4733449989,gap,6,1.02695,0.8182165,0.8402674346750001
5517.557404004037,gap,6,0.8572799,0.7225879,0.61946008265321
5521.658288955223,gap,6,0.87514,0.723125,0.6328356125000001
5528.9554199553095,gap,6,1.03588,0.8184852,0.847852448976
5536.035385972355,gap,6,0.9912299,0.7225879,0.71625073185821
5540.116641961504,gap,6,0.87514,0.7225879,0.632365574806
5544.207063969225,gap,6,0.87514,0.7225879,0.632365574806
5548.27407898847,gap,6,0.8572799,0.7225879,0.61946008265321
5555.594081000891,gap,6,1.03588,0.8182165,0.84757410802
5562.672287982423,gap,6,0.87514,0.7223192,0.6321304246880001
5566.734246967826,gap,6,0.87514,0.7225879,0.632365574806
5570.803854963742,gap,6,0.87514,0.7225879,0.632365574806
5574.878980987705,gap,6,0.8572799,0.7228564,0.6196902623063599
5582.222148950677,gap,6,1.02695,0.8179479,0.8399915959049999
5586.436180979945,gap,6,1.00909,0.8187538,0.826196272042
5590.566639963072,gap,6,1.03588,0.8182165,0.84757410802
5597.648624971043,gap,6,0.8572799,0.7220506,0.61899946616294
5601.744639978278,gap,6,0.8662101,0.7223192,0.62568018646392
5605.82685796544,gap,6,0.87514,0.7225879,0.632365574806
5609.9373169709,gap,6,0.8662101,0.7223192,0.62568018646392
5616.242568998132,gap,6,1.01802,0.8179479,0.8326873211579999
5620.9556149551645,gap,6,1.03588,0.8179479,0.8472958706519998
5627.960581972729,gap,6,0.87514,0.7223192,0.6321304246880001
5632.028189953417,gap,6,1.10732,0.7228564,0.800433348848
5636.090741958469,gap,6,0.87514,0.7225879,0.632365574806
5640.1697199908085,gap,6,0.8572799,0.7228564,0.6196902623063599
5644.252382975537,gap,6,0.87514,0.7223192,0.6321304246880001
5651.545828965027,gap,6,1.05374,0.8187538,0.8627536292119999
5658.545462996699,gap,6,0.8662101,0.7223192,0.62568018646392
5662.643254967406,gap,6,0.87514,0.7225879,0.632365574806
5666.73182597151,gap,6,0.8662101,0.7223192,0.62568018646392
5674.086437968072,gap,6,1.03588,0.8184852,0.847852448976
5678.30430297181,gap,6,1.04481,0.8184852,0.855161521812
5685.288066975772,gap,6,0.87514,0.7223192,0.6321304246880001
5689.383674005512,gap,6,0.87514,0.7225879,0.632365574806
5696.708637988195,gap,6,1.03588,0.8184852,0.847852448976
5703.786993981339,gap,6,0.87514,0.7225879,0.632365574806
5707.876248983666,gap,6,0.8662101,0.7220506,0.6254475224310599
5711.94943098817,gap,6,0.87514,0.7225879,0.632365574806
5716.022278997116,gap,6,0.90193,0.7225879,0.6517237046469999
5723.356946953572,gap,6,1.03588,0.8184852,0.847852448976
5730.346691969316,gap,6,0.8483499,0.7225879,0.61300737270621
5737.89432097692,gap,6,1.03588,0.8179479,0.8472958706519998
5742.047223960981,gap,6,1.04481,0.8184852,0.855161521812
5749.134004989173,gap,6,0.87514,0.7225879,0.632365574806
5753.215909004211,gap,6,0.88407,0.7228564,0.639055657548
5757.274034956936,gap,6,0.8483499,0.7228564,0.61323515465436
5761.350679968018,gap,6,0.87514,0.7220506,0.631895362084
5767.5821369630285,gap,6,1.04481,0.8182165,0.854880781365
5772.288200969342,gap,6,1.03588,0.8187538,0.8481306863439999
5779.369814961683,gap,6,0.8662101,0.7225879,0.62591293711779
5783.431144955102,gap,6,0.8483499,0.7223192,0.61277942108808
5787.504363979679,gap,6,0.8662101,0.7225879,0.62591293711779
5791.584008955397,gap,6,0.87514,0.7225879,0.632365574806
5795.678634953219,gap,6,0.8572799,0.7220506,0.61899946616294
5799.737130990252,gap,6,0.8572799,0.7223192,0.61922973154408
5803.816701984033,gap,6,0.8929999,0.721782,0.6445512538218
5811.180072952993,gap,6,1.02695,0.8187538,0.84081921491
5815.322475973517,gap,6,1.02695,0.8187538,0.84081921491
5822.328294976614,gap,6,0.87514,0.7228564,0.632600549896
5826.436235976871,gap,6,0.8483499,0.7223192,0.61277942108808
5830.531416984741,gap,6,0.8662101,0.7225879,0.62591293711779
5834.584413969424,gap,6,0.8572799,0.7228564,0.6196902623063599
5838.653021957725,gap,6,0.87514,0.7225879,0.632365574806
5842.718665953726,gap,6,0.88407,0.7223192,0.638580735144
5846.77958895918,gap,6,0.87514,0.7225879,0.632365574806
5850.874991971068,gap,6,0.8572799,0.7223192,0.61922973154408
5854.9802110064775,gap,6,0.8662101,0.7225879,0.62591293711779
5861.239036952611,gap,6,1.02695,0.8187538,0.84081921491
5865.958601003513,gap,6,1.04481,0.8187538,0.855442157778
5872.0701889833435,gap,6,0.91979,0.7225879,0.664629124541
5876.603291952051,gap,6,0.87514,0.7225879,0.632365574806
5882.828656001948,gap,6,1.04481,0.8182165,0.854880781365
5887.537312984932,gap,6,1.03588,0.8187538,0.8481306863439999
5894.554483005777,gap,6,0.87514,0.7228564,0.632600549896
5898.62551697297,gap,6,0.8662101,0.7223192,0.62568018646392
5902.695420954842,gap,6,0.87514,0.7223192,0.6321304246880001
5906.759565987159,gap,6,0.87514,0.7223192,0.6321304246880001
5910.846098966431,gap,6,0.87514,0.7225879,0.632365574806
5918.205803958699,gap,6,1.01802,0.8184852,0.833234303304
5922.383224999066,gap,6,1.04481,0.8184852,0.855161521812
5929.458839993458,gap,6,0.87514,0.7223192,0.6321304246880001
5933.521391998511,gap,6,0.87514,0.7223192,0.6321304246880001
5937.584295985289,gap,6,0.87514,0.7228564,0.632600549896
5941.658922005445,gap,6,0.8572799,0.7228564,0.6196902623063599
5949.027959955856,gap,6,1.03588,0.8184852,0.847852448976
5956.378367962316,bench:c3e6e3b38b352ca5,7,1.61633,0.723125,1.1688086312500001
5963.456853001844,bench:c3e6e3b38b352ca5,7,2.46468,0.903369,2.2265155069199998
5967.734272999223,bench:c3e6e3b38b352ca5,7,2.48254,0.9031004,2.241982867016
5974.2835039505735,bench:c3e6e3b38b352ca5,7,2.75044,0.9291566,2.5555894789040003
5978.462036990095,bench:c3e6e3b38b352ca5,7,2.75937,0.928888,2.5631456805600004
5982.657587970607,bench:c3e6e3b38b352ca5,7,2.75044,0.9286194,2.554111942536
5986.860008968506,bench:c3e6e3b38b352ca5,7,2.77723,0.928888,2.57973562024
5991.020652989391,bench:c3e6e3b38b352ca5,7,2.7683,0.9291566,2.57218421578
5996.596466982737,bench:c3e6e3b38b352ca5,7,2.63435,0.9186804,2.42012571174
6000.852443976328,bench:c3e6e3b38b352ca5,7,2.679,0.918949,2.461864371
6007.312823960092,bench:c3e6e3b38b352ca5,7,2.75044,0.9283507,2.553372899308
6011.548782000318,bench:c3e6e3b38b352ca5,7,2.7683,0.9294252,2.5729277811599998
6019.6893669781275,bench:c3e6e3b38b352ca5,7,2.74151,0.9286194,2.545819371294
6023.903769964818,bench:c3e6e3b38b352ca5,7,2.75937,0.9286194,2.562404513778
6028.147782955784,bench:c3e6e3b38b352ca5,7,2.77723,0.9283507,2.578243414561
6033.684560970869,bench:c3e6e3b38b352ca5,7,2.65221,0.9173373,2.4329711604330004
6038.00333297113,bench:c3e6e3b38b352ca5,7,2.64328,0.918949,2.4290395127199997
6042.3026609933,bench:c3e6e3b38b352ca5,7,2.64328,0.918949,2.4290395127199997
6048.362340952735,bench:c3e6e3b38b352ca5,7,2.75044,0.9280821,2.5526341311240004
6052.640723995864,bench:c3e6e3b38b352ca5,7,2.78616,0.9291566,2.5887789526560003
6056.809645961039,bench:c3e6e3b38b352ca5,7,2.80402,0.928888,2.60462052976
6061.071695992723,bench:c3e6e3b38b352ca5,7,2.7683,0.9280821,2.56920967743
6066.718602960464,bench:c3e6e3b38b352ca5,7,2.62542,0.9186804,2.4119218957679998
6070.993152970914,bench:c3e6e3b38b352ca5,7,2.63435,0.9186804,2.42012571174
6077.387181983795,bench:c3e6e3b38b352ca5,7,2.83974,0.9286194,2.637037654956
6081.608916982077,bench:c3e6e3b38b352ca5,7,2.77723,0.9294252,2.581227548196
6087.193084007595,bench:c3e6e3b38b352ca5,7,2.69686,0.9184118,2.476828046948
6091.483966971282,bench:c3e6e3b38b352ca5,7,2.66114,0.918949,2.44545194186
6097.861699992791,bench:c3e6e3b38b352ca5,7,2.80402,0.928888,2.60462052976
6102.009176975116,bench:c3e6e3b38b352ca5,7,2.77723,0.9286194,2.578989656262
6107.601491967216,bench:c3e6e3b38b352ca5,7,2.63435,0.9178746,2.4180029525099997
6111.87002400402,bench:c3e6e3b38b352ca5,7,2.62542,0.9184118,2.411216707956
6117.487152980175,bench:c3e6e3b38b352ca5,7,2.7683,0.9294252,2.5729277811599998
6121.675647969823,bench:c3e6e3b38b352ca5,7,2.7683,0.928888,2.5714406504
6127.289202995598,bench:c3e6e3b38b352ca5,7,2.65221,0.9192177,2.4379583761170003
6131.5859199967235,bench:c3e6e3b38b352ca5,7,2.679,0.9178746,2.4589860534
6137.121623964049,bench:c3e6e3b38b352ca5,7,2.75937,0.9291566,2.5638868473420002
6141.3190820021555,bench:c3e6e3b38b352ca5,7,2.77723,0.928888,2.57973562024
6145.545798994135,bench:c3e6e3b38b352ca5,7,2.83081,0.9291566,2.630265794846
6149.77842400549,bench:c3e6e3b38b352ca5,7,2.80402,0.928888,2.60462052976
6155.3704789839685,bench:c3e6e3b38b352ca5,7,2.64328,0.9192177,2.429749762056
6159.685307007749,bench:c3e6e3b38b352ca5,7,2.71472,0.9184118,2.493230881696
6165.211047977209,bench:c3e6e3b38b352ca5,7,2.78616,0.9286194,2.587282227504
6169.39234000165,bench:c3e6e3b38b352ca5,7,2.75937,0.9286194,2.562404513778
6173.616241954733,bench:c3e6e3b38b352ca5,7,2.83081,0.928888,2.6295054392800004
6180.691857007332,bench:c3e6e3b38b352ca5,7,2.7683,0.928888,2.5714406504
6184.988276974764,bench:c3e6e3b38b352ca5,7,2.79509,0.928888,2.5963255599200004
6189.162475988269,bench:c3e6e3b38b352ca5,7,2.77723,0.9280821,2.577497450583
6194.824808975682,bench:c3e6e3b38b352ca5,7,2.62542,0.9186804,2.4119218957679998
6199.112469970714,bench:c3e6e3b38b352ca5,7,2.67007,0.918949,2.45365815643
6205.456072988454,bench:c3e6e3b38b352ca5,7,2.78616,0.9283507,2.586533586312
6209.681845968589,bench:c3e6e3b38b352ca5,7,2.78616,0.9283507,2.586533586312
6213.93241500482,bench:c3e6e3b38b352ca5,7,2.78616,0.928888,2.5880305900800002
6220.4077579663135,bench:c3e6e3b38b352ca5,7,2.69686,0.9184118,2.476828046948
6224.703399988357,bench:c3e6e3b38b352ca5,7,2.67007,0.9186804,2.4529409756279996
6230.243011959828,bench:c3e6e3b38b352ca5,7,2.77723,0.9286194,2.578989656262
6234.506320965011,bench:c3e6e3b38b352ca5,7,2.78616,0.9294252,2.589527315232
6238.722945970949,bench:c3e6e3b38b352ca5,7,2.80402,0.928888,2.60462052976
6242.921867000405,bench:c3e6e3b38b352ca5,7,2.84867,0.9286194,2.645330226198
6246.978993003722,bench:c3e6e3b38b352ca5,7,2.80402,0.9283507,2.603113929814
6251.0367119684815,gap,8,2.77723,0.928888,2.57973562024
6254.946413973812,gap,8,1.55382,0.928888,1.4433247521600001
6258.809319988359,gap,8,1.57168,0.928888,1.4599146918400001
6264.655298960861,gap,8,1.17876,0.8488392,1.000577695392
6269.203030969948,gap,8,1.1609,0.8480334,0.98448197406
6276.305163977668,gap,8,0.90193,0.7228564,0.6519658728519999
6280.39082698524,gap,8,0.8929999,0.7225879,0.6452709224412099
6284.496785956435,gap,8,0.9733699,0.7223192,0.70308376747208
6291.833527968265,gap,8,1.04481,0.8184852,0.855161521812
6298.908975964878,gap,8,0.8929999,0.7223192,0.64503097336808
6303.0028799548745,gap,8,0.8929999,0.7228564,0.6455106929143599
6307.070468959864,gap,8,0.87514,0.7228564,0.632600549896
6311.136835953221,gap,8,0.88407,0.7228564,0.639055657548
6318.436892994214,gap,8,1.05374,0.8184852,0.8624705946479999
6325.529006950092,gap,8,0.8929999,0.7225879,0.6452709224412099
6329.635465983301,gap,8,0.88407,0.7223192,0.638580735144
6333.696684974711,gap,8,0.8929999,0.7225879,0.6452709224412099
6337.777033972088,gap,8,0.8929999,0.7228564,0.6455106929143599
6341.908343951218,gap,8,1.33057,0.721782,0.9603814757400001
6349.7786179650575,gap,8,1.26806,0.9286194,1.177545116364
6355.631799960975,gap,8,1.25913,0.9286194,1.1692525451220002
6360.337883001193,gap,8,1.24127,0.9286194,1.1526674026380002
6364.544544951059,gap,8,1.25913,0.9286194,1.1692525451220002
6368.724854954053,gap,8,1.2502,0.9286194,1.16095997388
6375.528268981725,gap,8,1.23234,0.9286194,1.144374831396
6379.60982095683,gap,8,1.2502,0.9283507,1.1606240451399998
6383.716057986021,gap,8,1.24127,0.9286194,1.1526674026380002
6387.828275968786,gap,8,1.26806,0.9286194,1.177545116364
6394.786539953202,gap,8,1.25913,0.9283507,1.168914216891
6401.562232000288,gap,8,1.2502,0.9286194,1.16095997388
6405.674153997097,gap,8,1.22341,0.9286194,1.1360822601540002
6412.633676955011,gap,8,1.2502,0.928888,1.1612957776000001
6418.847522989381,gap,8,0.9912299,0.8182165,0.81104065947335
6424.598816956859,gap,8,1.05374,0.8182165,0.8621874547099999
6431.6186549840495,gap,8,0.88407,0.7225879,0.638818284753
6435.7200769591145,gap,8,0.87514,0.7225879,0.632365574806
6439.801924978383,gap,8,0.8929999,0.7225879,0.6452709224412099
6447.165610967204,gap,8,1.06267,0.8179479,0.8692086948929999
6451.32786600152,gap,8,1.03588,0.8184852,0.847852448976
6458.3464259631,gap,8,0.8929999,0.7223192,0.64503097336808
6465.897313959431,gap,8,1.03588,0.8182165,0.84757410802
6470.061697997153,gap,8,1.04481,0.8184852,0.855161521812
6477.146275981795,gap,8,0.87514,0.7220506,0.631895362084
6481.218604953028,gap,8,0.8929999,0.7223192,0.64503097336808
6485.317397979088,gap,8,0.87514,0.7225879,0.632365574806
6489.383134990931,gap,8,0.8929999,0.7225879,0.6452709224412099
6495.615461957641,gap,8,1.02695,0.8187538,0.84081921491
6500.329062982928,gap,8,1.04481,0.8182165,0.854880781365
6507.349733961746,gap,8,0.8929999,0.7228564,0.6455106929143599
6511.416248977184,gap,8,0.88407,0.7228564,0.639055657548
6515.48726396868,gap,8,0.87514,0.7223192,0.6321304246880001
6522.847838990856,gap,8,1.02695,0.8182165,0.8402674346750001
6529.873046965804,gap,8,0.87514,0.7220506,0.631895362084
6533.955746970605,gap,8,0.8662101,0.7223192,0.62568018646392
6538.038316997699,gap,8,0.87514,0.7225879,0.632365574806
6542.160462005995,gap,8,0.87514,0.7223192,0.6321304246880001
6549.522832967341,gap,8,1.04481,0.8184852,0.855161521812
6553.650587971788,gap,8,1.04481,0.8179479,0.854600145399
6560.693424951751,gap,8,0.87514,0.7225879,0.632365574806
6564.797439961694,gap,8,0.8929999,0.7225879,0.6452709224412099
6568.875509954523,gap,8,0.8662101,0.7223192,0.62568018646392
6575.196558958851,gap,8,1.03588,0.8179479,0.8472958706519998
6579.944436962251,gap,8,1.02695,0.8182165,0.8402674346750001
6584.129987983033,gap,8,1.05374,0.8187538,0.8627536292119999
6588.296427973546,gap,8,1.05374,0.8184852,0.8624705946479999
6592.474941979162,gap,8,1.02695,0.8184852,0.8405433761400001
6599.561871960759,gap,8,0.87514,0.7223192,0.6321304246880001
6603.677885956131,gap,8,0.8572799,0.7220506,0.61899946616294
6608.201377966907,gap,8,0.8662101,0.7225879,0.62591293711779
6612.282744958065,gap,8,0.8929999,0.7225879,0.6452709224412099
6619.628486980218,gap,8,1.04481,0.8184852,0.855161521812
6626.707324001472,gap,8,0.87514,0.7225879,0.632365574806
6630.821263999678,gap,8,0.8929999,0.7228564,0.6455106929143599
6634.9021309870295,gap,8,0.88407,0.7223192,0.638580735144
6638.9795349678025,gap,8,0.8662101,0.7223192,0.62568018646392
6646.253035985865,gap,8,1.03588,0.8184852,0.847852448976
6653.532259981148,gap,8,0.87514,0.7225879,0.632365574806
6657.603756990284,gap,8,0.8929999,0.7223192,0.64503097336808
6661.679957003798,gap,8,0.88407,0.7225879,0.638818284753
6665.765952959191,gap,8,0.87514,0.7220506,0.631895362084
6669.8373389663175,gap,8,0.87514,0.7223192,0.6321304246880001
6673.930352961179,gap,8,0.8929999,0.7223192,0.64503097336808
6678.000127954874,gap,8,0.8662101,0.7223192,0.62568018646392
6682.115586998407,gap,8,0.88407,0.7223192,0.638580735144
6689.476587984245,gap,8,1.04481,0.8184852,0.855161521812
6693.618193967268,gap,8,1.02695,0.8182165,0.8402674346750001
6700.656920962501,gap,8,0.8662101,0.7228564,0.62614551452964
6704.714139981661,gap,8,0.8929999,0.7228564,0.6455106929143599
6708.829412993509,gap,8,0.8929999,0.7223192,0.64503097336808
6716.197191970423,gap,8,1.04481,0.8182165,0.854880781365
6720.327409973834,gap,8,1.03588,0.8182165,0.84757410802
6726.386441965587,gap,8,0.88407,0.7225879,0.638818284753
6730.897026951425,gap,8,0.87514,0.7223192,0.6321304246880001
6734.961356967688,gap,8,0.87514,0.7223192,0.6321304246880001
6739.018704975024,gap,8,0.87514,0.7220506,0.631895362084
6746.310280985199,gap,8,1.03588,0.8176794,0.8470177368719999
6750.543812988326,gap,8,1.05374,0.8182165,0.8621874547099999
6755.450559954625,gap,8,1.03588,0.8187538,0.8481306863439999
6770.226523978636,gap,8,1.03588,0.8182165,0.84757410802
6778.359424963128,gap,8,0.88407,0.7223192,0.638580735144
6786.728378967382,gap,8,1.02695,0.8184852,0.8405433761400001
6805.046658962965,gap,8,1.08946,0.8329906,0.9075099390760001
6812.387807993218,gap,8,1.02695,0.8187538,0.84081921491
6817.080909968354,gap,8,1.04481,0.8182165,0.854880781365
6821.252608962823,gap,8,1.03588,0.8184852,0.847852448976
6825.392141996417,gap,8,1.04481,0.8182165,0.854880781365
6829.531896975823,gap,8,1.02695,0.8184852,0.8405433761400001
6833.679299976211,gap,8,1.04481,0.8182165,0.854880781365
6840.6906930031255,gap,8,0.87514,0.7228564,0.632600549896
6844.774022989441,gap,8,0.87514,0.7228564,0.632600549896
6848.867148975842,gap,8,0.8662101,0.7225879,0.62591293711779
6852.958089963067,gap,8,0.8572799,0.7225879,0.61946008265321
6857.058474968653,gap,8,0.8929999,0.7228564,0.6455106929143599
6864.4165129517205,gap,8,1.02695,0.8187538,0.84081921491
6868.550859973766,gap,8,1.02695,0.8184852,0.8405433761400001
6875.635326956399,gap,8,0.8572799,0.7223192,0.61922973154408
6879.722341953311,gap,8,0.87514,0.7223192,0.6321304246880001
6883.8230049586855,gap,8,0.87514,0.7225879,0.632365574806
6887.91772298282,gap,8,0.87514,0.7223192,0.6321304246880001
6895.273593952879,gap,8,1.03588,0.8179479,0.8472958706519998
6902.346393966582,gap,8,0.87514,0.7223192,0.6321304246880001
6906.485000974499,gap,8,0.87514,0.7220506,0.631895362084
6910.55721999146,gap,8,0.8483499,0.7223192,0.61277942108808
6914.670733967796,gap,8,0.87514,0.7223192,0.6321304246880001
6918.752582976595,gap,8,0.8572799,0.7225879,0.61946008265321
6926.035657990724,gap,8,1.03588,0.8182165,0.84757410802
6933.569656976033,gap,8,0.87514,0.7228564,0.632600549896
6937.664671975654,gap,8,0.8929999,0.7225879,0.6452709224412099
6941.726705990732,gap,8,0.87514,0.7225879,0.632365574806
6945.817923988216,gap,8,0.87514,0.7228564,0.632600549896
6949.879642983433,gap,8,0.87514,0.7223192,0.6321304246880001
6953.9592689834535,gap,8,0.8929999,0.7225879,0.6452709224412099
6961.321843962651,gap,8,1.01802,0.8184852,0.833234303304
6965.459432976786,gap,8,1.03588,0.8184852,0.847852448976
6972.489343956113,gap,8,0.8572799,0.7225879,0.61946008265321
6976.5480809728615,gap,8,0.87514,0.7225879,0.632365574806
6980.62398500042,gap,8,0.8572799,0.7225879,0.61946008265321
6986.923903983552,gap,8,1.05374,0.8187538,0.8627536292119999
6991.674411983695,gap,8,1.04481,0.8182165,0.854880781365
6998.669897962827,gap,8,0.87514,0.7225879,0.632365574806
7002.737709961366,gap,8,0.87514,0.7223192,0.6321304246880001
7006.847760989331,gap,8,0.8572799,0.7225879,0.61946008265321
7014.208909997251,gap,8,1.01802,0.8184852,0.833234303304
7025.577092950698,gap,8,0.8662101,0.7223192,0.62568018646392
7029.681515006814,gap,8,0.8662101,0.7225879,0.62591293711779
7033.777140954044,gap,8,0.87514,0.7225879,0.632365574806
7041.131437988952,gap,8,1.02695,0.8184852,0.8405433761400001
7045.2620449941605,gap,8,1.02695,0.8187538,0.84081921491
7052.277234965004,gap,8,0.87514,0.7236622,0.633305737708
7056.343934964389,gap,8,0.8929999,0.7223192,0.64503097336808
7060.4102469515055,gap,8,0.87514,0.7223192,0.6321304246880001
7066.638072952628,gap,8,1.05374,0.8184852,0.8624705946479999
7071.353229985107,gap,8,1.02695,0.8184852,0.8405433761400001
7078.389918955509,gap,8,0.8929999,0.7225879,0.6452709224412099
7082.530562998727,gap,8,0.88407,0.7223192,0.638580735144
7086.64587396197,gap,8,0.8572799,0.7228564,0.6196902623063599
7093.9469679724425,gap,8,1.03588,0.8182165,0.84757410802
7098.12838997459,gap,8,1.02695,0.8187538,0.84081921491
7105.217096977867,gap,8,0.8662101,0.7228564,0.62614551452964
7109.301092976239,gap,8,0.8662101,0.7228564,0.62614551452964
7115.604900987819,gap,8,1.03588,0.8179479,0.8472958706519998
7122.766237007454,gap,8,0.8662101,0.7225879,0.62591293711779
7127.261950983666,gap,8,0.87514,0.7223192,0.6321304246880001
7131.385335989762,gap,8,0.8662101,0.7225879,0.62591293711779
7135.4651839938015,gap,8,0.87514,0.7223192,0.6321304246880001
7142.774056002963,gap,8,1.02695,0.8184852,0.8405433761400001
7149.87048599869,gap,8,0.88407,0.7228564,0.639055657548
7153.942685981747,gap,8,0.87514,0.7223192,0.6321304246880001
7158.025533950422,gap,8,0.87514,0.7223192,0.6321304246880001
7162.117455969565,gap,8,0.87514,0.7228564,0.632600549896
7166.213192977011,gap,8,0.87514,0.7225879,0.632365574806
7170.348558982369,gap,8,0.87514,0.7225879,0.632365574806
7177.69820796093,gap,8,1.04481,0.8182165,0.854880781365
7181.83085299097,gap,8,1.05374,0.8184852,0.8624705946479999
7185.972829989623,gap,8,1.04481,0.8184852,0.855161521812
7190.115639998112,gap,8,1.03588,0.8182165,0.84757410802
7194.313931977376,gap,8,1.04481,0.8187538,0.855442157778
7201.528007979505,gap,8,0.87514,0.7225879,0.632365574806
7205.61004197225,gap,8,0.87514,0.7228564,0.632600549896
7209.708870970644,gap,8,0.8572799,0.7225879,0.61946008265321
7213.794126990251,gap,8,0.87514,0.7225879,0.632365574806
7221.148423966952,gap,8,1.04481,0.8182165,0.854880781365
7225.287974986713,gap,8,1.05374,0.8182165,0.8621874547099999
7232.316719950177,gap,8,0.87514,0.7225879,0.632365574806
7236.392531951424,gap,8,0.87514,0.7225879,0.632365574806
7240.474453952629,gap,8,0.8662101,0.7225879,0.62591293711779
7247.7513999911025,gap,8,1.03588,0.8184852,0.847852448976
7251.8779509700835,gap,8,1.02695,0.8182165,0.8402674346750001
7258.969696005806,gap,8,0.8483499,0.7228564,0.61323515465436
7263.0378769827075,gap,8,0.88407,0.7223192,0.638580735144
7267.104780999944,gap,8,0.87514,0.7223192,0.6321304246880001
7271.19242597837,gap,8,0.87514,0.7225879,0.632365574806
7275.250070961192,gap,8,0.87514,0.7225879,0.632365574806
7279.304455965757,gap,8,0.87514,0.7223192,0.6321304246880001
7283.368007978424,gap,8,0.8662101,0.7225879,0.62591293711779
7287.434172001667,gap,8,0.87514,0.7225879,0.632365574806
7291.537407960277,gap,8,0.87514,0.7220506,0.631895362084
7298.890798003413,gap,8,1.02695,0.8182165,0.8402674346750001
7303.02892398322,gap,8,1.03588,0.8182165,0.84757410802
7310.280499979854,bench:d908ade19db0c477,9,0.8572799,0.7225879,0.61946008265321
7318.097662995569,bench:d908ade19db0c477,9,1.84851,0.8329906,1.539791454006
7325.660086993594,bench:d908ade19db0c477,9,2.7683,0.928888,2.5714406504
7329.876211995725,bench:d908ade19db0c477,9,2.73258,0.9294252,2.539728713016
7334.159187972546,bench:d908ade19db0c477,9,2.68793,0.9286194,2.496063943842
7497.993630997371,bench:d908ade19db0c477,9,2.89332,0.8732836,2.526688905552
7502.35016195802,bench:d908ade19db0c477,9,2.73258,0.9283507,2.536792555806
7506.496008951217,bench:d908ade19db0c477,9,2.69686,0.9286194,2.504356515084
7513.430161983706,bench:d908ade19db0c477,9,2.12534,0.8636134,1.835472103556
7517.8611549781635,bench:d908ade19db0c477,9,2.08962,0.8636134,1.804623832908
7524.748715979513,bench:d908ade19db0c477,9,2.71472,0.9286194,2.5209416575679997
7528.894174960442,bench:d908ade19db0c477,9,2.73258,0.928888,2.53826077104
7533.049188961741,bench:d908ade19db0c477,9,2.74151,0.9286194,2.545819371294
7538.679299992509,bench:d908ade19db0c477,9,2.59863,0.9192177,2.388706691751
7542.949480004609,bench:d908ade19db0c477,9,2.60756,0.9192177,2.396915305812
7548.559738963377,bench:d908ade19db0c477,9,2.75044,0.9286194,2.554111942536
7552.786881977227,bench:d908ade19db0c477,9,2.78616,0.9283507,2.586533586312
7556.991672958247,bench:d908ade19db0c477,9,2.77723,0.9291566,2.580481584218
7561.105705972295,bench:d908ade19db0c477,9,2.73258,0.9286194,2.537526800052
7565.254720975645,bench:d908ade19db0c477,9,2.73258,0.9294252,2.539728713016
7569.406641996466,bench:d908ade19db0c477,9,2.7683,0.9283507,2.56995324281
7573.591877997387,bench:d908ade19db0c477,9,2.75044,0.9283507,2.553372899308
7577.810150978621,bench:d908ade19db0c477,9,2.679,0.9286194,2.4877713725999997
7581.9771839887835,bench:d908ade19db0c477,9,2.78616,0.928888,2.5880305900800002
7586.183882958721,bench:d908ade19db0c477,9,2.77723,0.9286194,2.578989656262
7590.429487987421,bench:d908ade19db0c477,9,2.78616,0.9286194,2.587282227504
7594.709741999395,bench:d908ade19db0c477,9,2.7683,0.9280821,2.56920967743
7599.04955100501,bench:d908ade19db0c477,9,2.75937,0.9283507,2.561663071059
7603.300341987051,bench:d908ade19db0c477,9,2.70579,0.9291566,2.514102636714
7608.872712007724,bench:d908ade19db0c477,9,2.64328,0.9186804,2.4283295277119996
7612.982744991314,gap,10,1.48238,0.9186804,1.361833451352
7616.934446967207,gap,10,1.49131,0.9184118,1.369636701458
7620.786796964239,gap,10,1.47345,0.9186804,1.35362963538
7627.799857000355,gap,10,0.8929999,0.7225879,0.6452709224412099
7631.92109396914,gap,10,0.87514,0.7225879,0.632365574806
7636.065775004681,gap,10,1.15197,0.7225879,0.8323995831629999
7640.207214979455,gap,10,0.8929999,0.7223192,0.64503097336808
7646.500874951016,gap,10,1.05374,0.8184852,0.8624705946479999
7651.2161800055765,gap,10,1.05374,0.8182165,0.8621874547099999
7658.25884998776,gap,10,0.87514,0.7225879,0.632365574806
7665.812405000906,gap,10,1.05374,0.8184852,0.8624705946479999
7669.98462198535,gap,10,1.05374,0.8182165,0.8621874547099999
7677.079921995755,gap,10,0.87514,0.7223192,0.6321304246880001
7681.153326004278,gap,10,0.88407,0.7225879,0.638818284753
7688.45858698478,gap,10,1.05374,0.8184852,0.8624705946479999
7695.547756971791,gap,10,0.93765,0.7225879,0.6775345444349999
7699.6756049920805,gap,10,0.8929999,0.7220506,0.64479111359494
7706.95317996433,gap,10,1.06267,0.8182165,0.869494128055
7714.032461983152,gap,10,0.87514,0.7220506,0.631895362084
7721.801309962757,gap,10,1.05374,0.8187538,0.8627536292119999
7725.972232001368,gap,10,1.02695,0.8182165,0.8402674346750001
7733.001364977099,gap,10,0.8929999,0.7223192,0.64503097336808
7737.0828249841,gap,10,0.8929999,0.7228564,0.6455106929143599
7741.1856729886495,gap,10,0.87514,0.7225879,0.632365574806
7748.536154977046,gap,10,1.04481,0.8184852,0.855161521812
7752.675057970919,gap,10,1.04481,0.8184852,0.855161521812
7759.751487988979,gap,10,0.8929999,0.7223192,0.64503097336808
7763.828613969963,gap,10,0.87514,0.7225879,0.632365574806
7767.904554959387,gap,10,0.8929999,0.7228564,0.6455106929143599
7771.9954589847475,gap,10,0.87514,0.7225879,0.632365574806
7779.328848992009,gap,10,1.06267,0.8184852,0.869779667484
7786.30776097998,gap,10,0.87514,0.7225879,0.632365574806
7793.824889988173,gap,10,1.03588,0.8187538,0.8481306863439999
7797.984106990043,gap,10,1.08053,0.8184852,0.884397813156
7802.171250979882,gap,10,1.04481,0.8184852,0.855161521812
7806.364468007814,gap,10,1.04481,0.8179479,0.854600145399
7810.535705008078,gap,10,1.04481,0.8187538,0.855442157778
7817.551412968896,gap,10,0.88407,0.7223192,0.638580735144
7821.638019988313,gap,10,0.87514,0.7228564,0.632600549896
7827.935530978721,gap,10,1.04481,0.8182165,0.854880781365
7832.691316958517,gap,10,1.02695,0.8184852,0.8405433761400001
7839.702525001485,gap,10,0.8929999,0.7223192,0.64503097336808
7843.795835971832,gap,10,0.87514,0.7225879,0.632365574806
7847.891702956986,gap,10,0.88407,0.7225879,0.638818284753
7855.202129983809,gap,10,1.04481,0.8182165,0.854880781365
7862.279874971136,gap,10,0.87514,0.7228564,0.632600549896
7866.382592997979,gap,10,0.87514,0.7225879,0.632365574806
7870.465866988525,gap,10,0.8572799,0.7225879,0.61946008265321
7874.534067988861,gap,10,0.8662101,0.7225879,0.62591293711779
7878.580841992516,gap,10,0.87514,0.723125,0.6328356125000001
7882.654152985197,gap,10,0.87514,0.7225879,0.632365574806
7889.936747960746,gap,10,1.03588,0.8182165,0.84757410802
7894.0727429580875,gap,10,1.03588,0.8187538,0.8481306863439999
7901.173412974458,gap,10,0.8929999,0.7223192,0.64503097336808
7905.288871959783,gap,10,0.87514,0.7225879,0.632365574806
7912.568132975139,gap,10,1.04481,0.8184852,0.855161521812
7918.686571996659,gap,10,0.8662101,0.7225879,0.62591293711779
7923.213841975667,gap,10,0.87514,0.7228564,0.632600549896
7927.290967956651,gap,10,0.87514,0.7223192,0.6321304246880001
7931.364780000877,gap,10,0.8929999,0.7225879,0.6452709224412099
7935.44288695557,gap,10,0.8572799,0.7220506,0.61899946616294
7939.527068985626,gap,10,0.8929999,0.723125,0.6457505526875
7943.595546996221,gap,10,0.8929999,0.7225879,0.6452709224412099
7947.653987968806,gap,10,0.87514,0.7225879,0.632365574806
7951.709410001058,gap,10,0.8662101,0.7228564,0.62614551452964
7955.794239998795,gap,10,0.88407,0.7225879,0.638818284753
7959.880143986084,gap,10,0.88407,0.7223192,0.638580735144
7963.968250958715,gap,10,0.8572799,0.7223192,0.61922973154408
7968.029043986462,gap,10,1.14304,0.7228564,0.826253779456
7972.108021960594,gap,10,0.9287199,0.7223192,0.67083221519208
7979.462133953348,gap,10,1.06267,0.8184852,0.869779667484
7983.591036987491,gap,10,1.04481,0.8182165,0.854880781365
7990.671855979599,gap,10,0.87514,0.7223192,0.6321304246880001
7994.7632779949345,gap,10,0.8929999,0.7223192,0.64503097336808
7998.850940959528,gap,10,0.87514,0.7225879,0.632365574806
8006.209830986336,gap,10,1.02695,0.8184852,0.8405433761400001
8010.433436953463,gap,10,1.03588,0.8182165,0.84757410802
8014.608524972573,gap,10,1.03588,0.8184852,0.847852448976
8024.664480006322,gap,10,0.8572799,0.7225879,0.61946008265321
8029.228267958388,gap,10,0.8572799,0.7223192,0.61922973154408
8033.313894004095,gap,10,0.88407,0.7225879,0.638818284753
8037.467352987733,gap,10,0.8662101,0.7225879,0.62591293711779
8043.656790978275,gap,10,1.03588,0.8187538,0.8481306863439999
8048.369373951573,gap,10,1.02695,0.8182165,0.8402674346750001
8055.381785961799,gap,10,0.87514,0.7223192,0.6321304246880001
8059.455596958287,gap,10,0.87514,0.7228564,0.632600549896
8063.528722967021,gap,10,0.8572799,0.7225879,0.61946008265321
8070.841983950231,gap,10,1.03588,0.8184852,0.847852448976
8077.934042958077,gap,10,0.87514,0.7225879,0.632365574806
8082.050890952814,gap,10,0.87514,0.721782,0.63166029948
8086.124091001693,gap,10,0.8572799,0.7225879,0.61946008265321
8090.23025399074,gap,10,0.8572799,0.7225879,0.61946008265321
8097.592587990221,gap,10,1.04481,0.8184852,0.855161521812
8101.723194995429,gap,10,1.03588,0.8184852,0.847852448976
8108.767864992842,gap,10,0.8662101,0.7225879,0.62591293711779
8112.8957129549235,gap,10,0.87514,0.7223192,0.6321304246880001
8117.448759963736,gap,10,0.87514,0.7223192,0.6321304246880001
8134.803031978663,gap,10,1.02695,0.8179479,0.8399915959049999
8141.304892953485,gap,10,1.05374,0.8184852,0.8624705946479999
8146.024401998147,gap,10,1.02695,0.8182165,0.8402674346750001
8160.834994981997,gap,10,1.02695,0.8184852,0.8405433761400001
8168.847840977833,gap,10,0.8929999,0.7223192,0.64503097336808
8172.938337957021,gap,10,0.87514,0.7220506,0.631895362084
8177.050185971893,gap,10,0.87514,0.7223192,0.6321304246880001
8181.152959994506,gap,10,0.91979,0.7225879,0.664629124541
8185.261492966674,gap,10,1.06267,0.7220506,0.767301511102
8192.557364993263,gap,10,1.03588,0.8187538,0.8481306863439999
8196.694508951623,gap,10,1.03588,0.8182165,0.84757410802
8200.856523006223,gap,10,1.02695,0.8184852,0.8405433761400001
8205.034202954266,gap,10,1.03588,0.8182165,0.84757410802
8209.227938961703,gap,10,1.05374,0.8179479,0.8619044201459999
8213.387360970955,gap,10,1.03588,0.8187538,0.8481306863439999
8217.552190006245,gap,10,1.03588,0.8184852,0.847852448976
8221.701259957626,gap,10,1.02695,0.8182165,0.8402674346750001
8225.84997798549,gap,10,1.02695,0.8182165,0.8402674346750001
8232.927258999553,gap,10,0.87514,0.7225879,0.632365574806
8236.999032960739,gap,10,0.87514,0.723125,0.6328356125000001
8241.102714964654,gap,10,0.8929999,0.7225879,0.6452709224412099
8245.168155990541,gap,10,0.87514,0.7223192,0.6321304246880001
8251.463741005864,gap,10,1.01802,0.8182165,0.83296076133
8256.21284195222,gap,10,1.03588,0.8182165,0.84757410802
8263.233845995273,gap,10,0.87514,0.7223192,0.6321304246880001
8267.332212999463,gap,10,0.87514,0.7223192,0.6321304246880001
8271.418967982754,gap,10,0.87514,0.7225879,0.632365574806
8278.70541397715,gap,10,1.04481,0.8182165,0.854880781365
8285.740436986089,gap,10,0.8572799,0.7228564,0.6196902623063599
8289.80095195584,gap,10,0.87514,0.7228564,0.632600549896
8293.870466994122,gap,10,0.87514,0.7220506,0.631895362084
8297.963277960662,gap,10,0.8662101,0.7223192,0.62568018646392
8305.254057981074,gap,10,1.03588,0.8182165,0.84757410802
8311.390051967464,gap,10,0.87514,0.7220506,0.631895362084
8315.907026000787,gap,10,0.87514,0.7225879,0.632365574806
8323.244915984105,gap,10,1.02695,0.8182165,0.8402674346750001
8330.22251300281,gap,10,0.8483499,0.7228564,0.61323515465436
8337.870324961841,gap,10,1.03588,0.8187538,0.8481306863439999
8342.168671952095,gap,10,1.00016,0.8182165,0.8183474146399999
8350.403181975707,gap,10,1.25913,0.928888,1.1695907474400002
8354.635195981245,gap,10,1.2502,0.9283507,1.1606240451399998
8358.828986994922,gap,10,1.25913,0.928888,1.1695907474400002
8363.020649005193,gap,10,1.2502,0.9283507,1.1606240451399998
8367.203495989088,gap,10,1.2502,0.928888,1.1612957776000001
8371.364307007752,gap,10,1.2502,0.9283507,1.1606240451399998
8375.514913990628,gap,10,1.25913,0.9286194,1.1692525451220002
8382.317938958295,gap,10,1.23234,0.9283507,1.144043701638
8386.434452957474,gap,10,1.23234,0.9286194,1.144374831396
8390.552689961623,gap,10,1.23234,0.9283507,1.144043701638
8394.667741958983,gap,10,1.24127,0.928888,1.1530008077600002
8401.616838993505,gap,10,1.2502,0.928888,1.1612957776000001
8405.768778990023,gap,10,1.26806,0.928888,1.1778857172800001
8410.049144004006,gap,10,1.25913,0.928888,1.1695907474400002
8416.395246982574,gap,10,1.28592,0.9283507,1.1937847321439998
8420.999702007975,gap,10,1.25913,0.9283507,1.168914216891
8429.002658987883,gap,10,1.09839,0.8335279,0.915538710081
8436.040533008054,gap,10,0.8929999,0.7228564,0.6455106929143599
8440.175602969248,gap,10,0.8572799,0.7220506,0.61899946616294
8444.294543995056,gap,10,0.8662101,0.7225879,0.62591293711779
8450.497388956137,gap,10,1.03588,0.8184852,0.847852448976
8455.22752800025,gap,10,1.02695,0.8184852,0.8405433761400001
8462.227865005843,gap,10,0.88407,0.7223192,0.638580735144
8466.335509961937,gap,10,0.88407,0.7225879,0.638818284753
8470.447523985058,gap,10,0.87514,0.7223192,0.6321304246880001
8474.523668992333,gap,10,0.87514,0.7225879,0.632365574806
8478.589628008194,gap,10,0.87514,0.7225879,0.632365574806
8485.878481995314,gap,10,1.04481,0.8184852,0.855161521812
8490.033829002641,gap,10,1.06267,0.8187538,0.870065100646
8497.11983295856,gap,10,0.8572799,0.7225879,0.61946008265321
8501.22538395226,gap,10,0.8572799,0.7225879,0.61946008265321
8508.509181963746,gap,10,1.04481,0.8187538,0.855442157778
8514.621620997787,gap,10,0.8572799,0.7225879,0.61946008265321
8519.15874297265,gap,10,0.8929999,0.7225879,0.6452709224412099
8526.46189200459,gap,10,1.04481,0.8182165,0.854880781365
8533.540303993504,gap,10,0.8929999,0.7220506,0.64479111359494
8537.647780962288,gap,10,0.8662101,0.7225879,0.62591293711779
8544.94909697678,gap,10,1.04481,0.8184852,0.855161521812
8551.061259000562,gap,10,0.8662101,0.7228564,0.62614551452964
8555.589546973351,gap,10,0.87514,0.7225879,0.632365574806
8559.66313596582,gap,10,0.87514,0.723125,0.6328356125000001
8563.76339198323,gap,10,0.88407,0.7225879,0.638818284753
8571.060985967051,gap,10,1.04481,0.8182165,0.854880781365
8578.086378984153,gap,10,0.8662101,0.7228564,0.62614551452964
8582.195114984643,gap,10,0.88407,0.7223192,0.638580735144
8586.276963993441,gap,10,0.8662101,0.7228564,0.62614551452964
8590.35551600391,gap,10,0.87514,0.7223192,0.6321304246880001
8594.449715979863,gap,10,0.87514,0.7225879,0.632365574806
8598.523137974553,gap,10,0.8662101,0.7223192,0.62568018646392
8602.607096952852,gap,10,0.8662101,0.7223192,0.62568018646392
8609.971634985413,gap,10,1.05374,0.8184852,0.8624705946479999
8614.120482990984,gap,10,1.02695,0.8184852,0.8405433761400001
8621.227411960717,gap,10,0.87514,0.723125,0.6328356125000001
8625.740829971619,gap,10,0.87514,0.7223192,0.6321304246880001
8633.025368966628,gap,10,1.02695,0.8182165,0.8402674346750001
8640.108019986656,gap,10,0.90193,0.7223192,0.6514813560560001
8644.215201959014,gap,10,0.87514,0.7228564,0.632600549896
8648.303513007704,gap,10,0.8572799,0.725274,0.6217628221925999
8655.677550996188,gap,10,1.05374,0.8184852,0.8624705946479999
8662.762146966998,gap,10,0.87514,0.7228564,0.632600549896
8674.559788953047,bench:084b234ef507e9fb,11,0.88407,0.7225879,0.638818284753
8685.998655972071,bench:084b234ef507e9fb,11,5.358,0.9291566,4.9784210628
8690.297446970362,bench:084b234ef507e9fb,11,3.96492,0.9294252,3.685096563984
8698.561919969507,bench:084b234ef507e9fb,11,4.00064,0.9286194,3.7150719164159995
8702.65152695356,bench:084b234ef507e9fb,11,5.25084,0.9291566,4.878852641544
8706.63228398189,bench:084b234ef507e9fb,11,3.95599,0.9294252,3.6767967969479995
8710.63507796498,bench:084b234ef507e9fb,11,3.98278,0.928888,3.6995565486400004
8714.573556964751,bench:084b234ef507e9fb,11,4.00064,0.9291566,3.717221060224
8718.514998967294,bench:084b234ef507e9fb,11,4.02743,0.928888,3.74103139784
8722.470811975654,bench:084b234ef507e9fb,11,4.68825,0.9286194,4.35359990205
8726.425771950744,bench:084b234ef507e9fb,11,4.00064,0.928888,3.71614648832
8730.301548959687,bench:084b234ef507e9fb,11,4.02743,0.9286194,3.7399496301419997
8734.199287951924,bench:084b234ef507e9fb,11,3.98278,0.9286194,3.6984867739319998
8738.09443396749,bench:084b234ef507e9fb,11,4.02743,0.9291566,3.742113165538
8741.979654994793,bench:084b234ef507e9fb,11,4.06315,0.9294252,3.77639400138
8745.843911950942,bench:084b234ef507e9fb,11,4.35784,0.928888,4.047945281920001
8750.486161967274,bench:084b234ef507e9fb,11,5.29549,0.9283507,4.916071848343
8758.470452972688,bench:084b234ef507e9fb,11,5.28656,0.9296938,4.9148820553279995
8762.474265007768,bench:084b234ef507e9fb,11,4.02743,0.9294252,3.7431949332359995
8766.484595951624,bench:084b234ef507e9fb,11,4.04529,0.9294252,3.7597944673079993
8770.398519991431,bench:084b234ef507e9fb,11,3.99171,0.9291566,3.708923691786
8774.264388950542,bench:084b234ef507e9fb,11,4.03636,0.9294252,3.751494700272
8778.191034973133,bench:084b234ef507e9fb,11,4.06315,0.9286194,3.77311991511
8782.063107006252,bench:084b234ef507e9fb,11,4.14352,0.9291566,3.849978955232
8785.942512971815,bench:084b234ef507e9fb,11,4.00064,0.928888,3.71614648832
8789.876141003333,bench:084b234ef507e9fb,11,4.03636,0.928888,3.74932636768
8793.781342974398,bench:084b234ef507e9fb,11,4.38463,0.9294252,4.075185614675999
8802.49058897607,bench:084b234ef507e9fb,11,5.358,0.9291566,4.9784210628
8806.627621990629,bench:084b234ef507e9fb,11,5.34907,0.9291566,4.970123694362
8810.657803958748,bench:084b234ef507e9fb,11,5.304419,0.9294252,4.9300606899587995
8814.616560994182,bench:084b234ef507e9fb,11,5.27763,0.9294252,4.905162318276
8820.706222963054,bench:084b234ef507e9fb,11,5.33121,0.928888,4.95209699448
8826.566237956285,bench:084b234ef507e9fb,11,5.29549,0.9326486,4.938831334814
8830.652809003368,bench:084b234ef507e9fb,11,5.34907,0.9291566,4.970123694362
8834.679694962688,bench:084b234ef507e9fb,11,5.31335,0.9294252,4.9383613864199996
8838.770949980244,bench:084b234ef507e9fb,11,5.23298,0.9291566,4.862257904668001
8842.817039985675,bench:084b234ef507e9fb,11,5.34014,0.9294252,4.963260687528
8850.241743959486,bench:084b234ef507e9fb,11,5.28656,0.928888,4.91062214528
8854.650662979111,bench:084b234ef507e9fb,11,5.27763,0.9291566,4.903744746858
8858.99061895907,bench:084b234ef507e9fb,11,5.31335,0.9283507,4.9326521918449995
8863.026097998954,bench:084b234ef507e9fb,11,5.34014,0.9294252,4.963260687528
8867.328554973938,bench:084b234ef507e9fb,11,5.29549,0.928888,4.91891711512
8871.408143953886,bench:084b234ef507e9fb,11,5.29549,0.9291566,4.920339483734
8878.342148964293,bench:084b234ef507e9fb,11,5.32228,0.9280821,4.939512799188
8890.603934007231,bench:084b234ef507e9fb,11,5.33121,0.9291566,4.953528957485999
8894.638986967038,bench:084b234ef507e9fb,11,5.29549,0.9283507,4.916071848343
8898.655038967263,bench:084b234ef507e9fb,11,5.304419,0.9304997,4.935760288174301
8902.944033965468,bench:084b234ef507e9fb,11,5.31335,0.9286194,4.9340798889899995
8907.100880984217,bench:084b234ef507e9fb,11,5.32228,0.9291566,4.945231589048
8911.355134972837,bench:084b234ef507e9fb,11,4.03636,0.9294252,3.751494700272
8915.32620700309,bench:084b234ef507e9fb,11,4.0185,0.9280821,3.7294979188500004
8919.345518981572,bench:084b234ef507e9fb,11,4.03636,0.9291566,3.7504105339760003
8923.27181296423,bench:084b234ef507e9fb,11,3.9292,0.9294252,3.6518974958399997
8927.206810971256,bench:084b234ef507e9fb,11,4.04529,0.9283507,3.7554478032029994
8931.156437960453,bench:084b234ef507e9fb,11,4.21496,0.9294252,3.9174900409919995
8935.037047951482,bench:084b234ef507e9fb,11,2.48254,0.9294252,2.307335236008
8938.965120003559,bench:084b234ef507e9fb,11,4.27747,0.928888,3.9732905533600005
8946.615820983425,bench:084b234ef507e9fb,11,5.304419,0.9294252,4.9300606899587995
8950.727557996288,bench:084b234ef507e9fb,11,4.02743,0.9283507,3.738867459701
8954.774128971621,bench:084b234ef507e9fb,11,3.572,0.9280821,3.3151092612
8962.687475956045,bench:084b234ef507e9fb,11,3.84883,0.928888,3.57513200104
8969.819015997928,gap,12,1.58061,0.9286194,1.467785109834
8973.699421971105,gap,12,1.57168,0.9286194,1.459492538592
8977.479920955375,gap,12,1.58061,0.9283507,1.467360399927
8984.677127969917,gap,12,1.08053,0.8184852,0.884397813156
8991.758649994154,gap,12,0.91979,0.7228564,0.664876088156
8995.864978991449,gap,12,0.8929999,0.7225879,0.6452709224412099
8999.924328003544,gap,12,0.90193,0.7225879,0.6517237046469999
9004.00630600052,gap,12,0.88407,0.7220506,0.638343273942
9010.24505798705,gap,12,1.06267,0.8182165,0.869494128055
9014.947288960684,gap,12,1.06267,0.8182165,0.869494128055
9025.97717900062,gap,12,0.8929999,0.7228564,0.6455106929143599
9030.06869397359,gap,12,0.88407,0.7228564,0.639055657548
9034.185227006674,gap,12,0.90193,0.7225879,0.6517237046469999
9041.544320993125,gap,12,1.0716,0.8182165,0.8768008014
9045.686260971706,gap,12,1.03588,0.8184852,0.847852448976
9052.782689977903,gap,12,0.8929999,0.7223192,0.64503097336808
9056.855297996663,gap,12,0.9108599,0.7223192,0.65793159428008
9060.966960969381,gap,12,0.88407,0.7225879,0.638818284753
9068.31753597362,gap,12,1.0716,0.8182165,0.8768008014
9072.456160967704,gap,12,1.06267,0.8184852,0.869779667484
9079.484257963486,gap,12,0.87514,0.7223192,0.6321304246880001
9083.544883993454,gap,12,0.8929999,0.7223192,0.64503097336808
9087.627417990007,gap,12,0.8929999,0.7220506,0.64479111359494
9091.693580965512,gap,12,0.87514,0.7223192,0.6321304246880001
9095.784576958977,gap,12,0.8929999,0.7228564,0.6455106929143599
9099.838517955504,gap,12,0.8929999,0.7225879,0.6452709224412099
9103.897014982067,gap,12,0.87514,0.7228564,0.632600549896
9107.951029960532,gap,12,0.88407,0.7225879,0.638818284753
9112.025192996953,gap,12,1.00016,0.7228564,0.7229720570239999
9116.102929983754,gap,12,0.91979,0.7225879,0.664629124541
9120.189407956786,gap,12,0.90193,0.7223192,0.6514813560560001
9124.244774982799,gap,12,0.8929999,0.7225879,0.6452709224412099
9128.304660960566,gap,12,0.88407,0.7223192,0.638580735144
9132.382638985291,gap,12,1.41094,0.7225879,1.019528171626
9136.506115959492,gap,12,0.8662101,0.7225879,0.62591293711779
9142.810441961046,gap,12,1.05374,0.8182165,0.8621874547099999
9147.521432954818,gap,12,1.05374,0.8184852,0.8624705946479999
9154.553324973676,gap,12,0.87514,0.7228564,0.632600549896
9158.634413965046,gap,12,0.8929999,0.7225879,0.6452709224412099
9162.699706968851,gap,12,0.8929999,0.7223192,0.64503097336808
9166.793092968874,gap,12,0.8929999,0.7225879,0.6452709224412099
9170.876847987529,gap,12,0.8929999,0.7223192,0.64503097336808
9178.215404972434,gap,12,1.04481,0.8184852,0.855161521812
9182.392158953007,gap,12,1.04481,0.8184852,0.855161521812
9189.466273994185,gap,12,0.88407,0.7223192,0.638580735144
9193.55019700015,gap,12,0.87514,0.7223192,0.6321304246880001
9197.609285998624,gap,12,0.87514,0.7225879,0.632365574806
9201.688745000865,gap,12,0.88407,0.7225879,0.638818284753
9205.751037981827,gap,12,0.87514,0.7225879,0.632365574806
9209.806256985757,gap,12,0.87514,0.7223192,0.6321304246880001
9213.885215984192,gap,12,0.8929999,0.7223192,0.64503097336808
9217.954471998382,gap,12,0.8662101,0.7220506,0.6254475224310599
9222.033505968284,gap,12,0.8929999,0.7223192,0.64503097336808
9229.814891004935,gap,12,1.05374,0.8182165,0.8621874547099999
9234.017385984771,gap,12,1.03588,0.8182165,0.84757410802
9241.029871976934,gap,12,0.8929999,0.7223192,0.64503097336808
9248.394464957528,gap,12,1.04481,0.8179479,0.854600145399
9252.575738995802,gap,12,1.05374,0.8182165,0.8621874547099999
9259.590001951437,gap,12,0.87514,0.7225879,0.632365574806
9263.674554007594,gap,12,0.88407,0.7225879,0.638818284753
9267.793290957343,gap,12,0.90193,0.7225879,0.6517237046469999
9271.88026899239,gap,12,0.8572799,0.7223192,0.61922973154408
9275.986782973632,gap,12,0.87514,0.7220506,0.631895362084
9280.067668994889,gap,12,1.15197,0.7220506,0.831780629682
9284.147979982663,gap,12,0.88407,0.7223192,0.638580735144
9288.212161976844,gap,12,0.8662101,0.7225879,0.62591293711779
9292.29256598046,gap,12,0.87514,0.723125,0.6328356125000001
9296.364784007892,gap,12,0.8929999,0.7228564,0.6455106929143599
9300.441150960978,gap,12,0.87514,0.7225879,0.632365574806
9304.522628954146,gap,12,0.87514,0.7223192,0.6321304246880001
9308.609513973352,gap,12,0.8662101,0.7228564,0.62614551452964
9312.684102973435,gap,12,0.8929999,0.7225879,0.6452709224412099
9316.746914992109,gap,12,0.8929999,0.7220506,0.64479111359494
9320.800910994876,gap,12,0.8929999,0.723125,0.6457505526875
9324.89494496258,gap,12,0.8572799,0.7225879,0.61946008265321
9328.961866965983,gap,12,0.8929999,0.7225879,0.6452709224412099
9333.048937958665,gap,12,0.87514,0.7225879,0.632365574806
9337.123044999316,gap,12,0.8929999,0.7228564,0.6455106929143599
9341.291910968721,gap,12,1.32164,0.7228564,0.9553559324959999
9349.121110979468,gap,12,1.25913,0.9280821,1.1685760145730002
9356.049652968068,gap,12,2.25036,0.9286194,2.089727952984
9362.77941899607,gap,12,1.24127,0.9286194,1.1526674026380002
9366.91887798952,gap,12,1.23234,0.9283507,1.144043701638
9371.039781952277,gap,12,1.24127,0.928888,1.1530008077600002
9377.971787005663,gap,12,1.25913,0.9286194,1.1692525451220002
9382.10894895019,gap,12,1.25913,0.928888,1.1695907474400002
9386.273037001956,gap,12,1.2502,0.9283507,1.1606240451399998
9393.239708966576,gap,12,1.23234,0.9286194,1.144374831396
9397.343945980538,gap,12,1.2502,0.928888,1.1612957776000001
9401.442108966876,gap,12,1.24127,0.9283507,1.152333873389
9405.559067963623,gap,12,1.23234,0.928888,1.1447058379200001
9412.49873896595,gap,12,1.26806,0.9283507,1.1772043886419998
9418.640862975735,gap,12,0.9822999,0.8182165,0.80373398612835
9426.853632961866,gap,12,0.87514,0.7225879,0.632365574806
9431.36260699248,gap,12,0.87514,0.7223192,0.6321304246880001
9435.445862996858,gap,12,0.87514,0.7223192,0.6321304246880001
9439.5216559642,gap,12,0.87514,0.7223192,0.6321304246880001
9443.582799984142,gap,12,0.87514,0.7225879,0.632365574806
9447.67566700466,gap,12,0.87514,0.7220506,0.631895362084
9451.745497004595,gap,12,0.8662101,0.7225879,0.62591293711779
9455.822122981772,gap,12,0.8929999,0.7225879,0.6452709224412099
9463.11481000157,gap,12,1.04481,0.8184852,0.855161521812
9470.243478950579,gap,12,0.8929999,0.723125,0.6457505526875
9474.806896992959,gap,12,0.87514,0.7228564,0.632600549896
9492.170687008183,gap,12,1.05374,0.8184852,0.8624705946479999
9498.017203004565,gap,12,1.04481,0.8182165,0.854880781365
9502.733340952545,gap,12,1.03588,0.8184852,0.847852448976
9520.084019983187,gap,12,1.14304,0.8335279,0.9527557308160001
9525.820573966485,gap,12,1.10732,0.8332592,0.922684577344
9529.889867000747,gap,12,1.09839,0.8327221,0.914653627419
9533.987011993304,gap,12,1.10732,0.8335279,0.922982114228
9540.034413977992,gap,12,0.9822999,0.7223192,0.7095340779280801
9544.548646954354,gap,12,0.88407,0.7225879,0.638818284753
9548.61743998481,gap,12,0.87514,0.7225879,0.632365574806
9552.692435972858,gap,12,0.87514,0.7225879,0.632365574806
9560.05299295066,gap,12,1.26806,0.8182165,1.03754761499
9564.176952000707,gap,12,1.04481,0.8184852,0.855161521812
9571.198066987563,gap,12,0.88407,0.7225879,0.638818284753
9575.263803999405,gap,12,0.8929999,0.7223192,0.64503097336808
9579.34130099602,gap,12,0.87514,0.7223192,0.6321304246880001
9583.440315967891,gap,12,0.87514,0.7225879,0.632365574806
9587.49299700139,gap,12,0.87514,0.7225879,0.632365574806
9591.542419977486,gap,12,0.8929999,0.7225879,0.6452709224412099
9595.61295399908,gap,12,0.8662101,0.7223192,0.62568018646392
9599.683449952863,gap,12,0.88407,0.7228564,0.639055657548
9603.734890988562,gap,12,0.8662101,0.7225879,0.62591293711779
9607.77333297301,gap,12,0.88407,0.7223192,0.638580735144
9611.838976969011,gap,12,0.8929999,0.7225879,0.6452709224412099
9615.910491964314,gap,12,0.87514,0.7225879,0.632365574806
9619.98339596903,gap,12,0.87514,0.7223192,0.6321304246880001
9624.034596956335,gap,12,1.12518,0.7225879,0.813041453322
9628.097518987488,gap,12,0.8929999,0.7228564,0.6455106929143599
9632.18005298404,gap,12,0.8929999,0.7225879,0.6452709224412099
9636.298881960101,gap,12,0.8662101,0.7228564,0.62614551452964
9643.665937997866,gap,12,1.05374,0.8184852,0.8624705946479999
9647.825748950709,gap,12,1.02695,0.8182165,0.8402674346750001
9651.984373980667,gap,12,1.05374,0.8187538,0.8627536292119999
9656.144832959399,gap,12,1.04481,0.8187538,0.855442157778
9663.2366880076,gap,12,0.8929999,0.7223192,0.64503097336808
9667.289535980672,gap,12,0.87514,0.7225879,0.632365574806
9671.377180959098,gap,12,0.87514,0.7223192,0.6321304246880001
9675.435232988093,gap,12,0.8929999,0.7225879,0.6452709224412099
9679.49867399875,gap,12,0.87514,0.7223192,0.6321304246880001
9683.56098595541,gap,12,0.87514,0.7228564,0.632600549896
9687.621963967104,gap,12,0.88407,0.7228564,0.639055657548
9691.67920097243,gap,12,0.8662101,0.7225879,0.62591293711779
9695.738604990765,gap,12,0.8662101,0.7223192,0.62568018646392
9699.806304997765,gap,12,0.8929999,0.7220506,0.64479111359494
9703.853913000785,gap,12,0.8662101,0.7225879,0.62591293711779
9707.939001964405,gap,12,0.8662101,0.7228564,0.62614551452964
9711.993017001078,gap,12,0.87514,0.7228564,0.632600549896
9716.072921000887,gap,12,1.13411,0.7223192,0.819189427912
9720.130158995744,gap,12,0.88407,0.7223192,0.638580735144
9724.199673975818,gap,12,0.87514,0.7220506,0.631895362084
9728.274633002002,gap,12,0.87514,0.7236622,0.633305737708
9732.356017979328,gap,12,0.87514,0.7225879,0.632365574806
9736.42829299206,gap,12,1.25913,0.7223192,0.9094937742960001
9740.496566984802,gap,12,0.87514,0.7225879,0.632365574806
9747.851641965099,gap,12,1.02695,0.8182165,0.8402674346750001
9751.994471007492,gap,12,1.04481,0.8187538,0.855442157778
9756.134392984677,gap,12,1.05374,0.8182165,0.8621874547099999
9760.289073979948,gap,12,1.03588,0.8163362,0.8456263428559999
9766.429512994364,gap,12,0.8662101,0.7225879,0.62591293711779
9770.98718896741,gap,12,0.87514,0.723125,0.6328356125000001
9775.085537985433,gap,12,0.8572799,0.7223192,0.61922973154408
9779.184682003688,gap,12,0.8572799,0.7228564,0.6196902623063599
9786.468164995313,gap,12,1.04481,0.8179479,0.854600145399
9793.549668975174,gap,12,0.87514,0.7228564,0.632600549896
9797.631016990636,gap,12,0.8929999,0.7225879,0.6452709224412099
9801.714920962695,gap,12,0.8929999,0.7228564,0.6455106929143599
9805.779953952879,gap,12,0.8572799,0.7225879,0.61946008265321
9809.833802981302,gap,12,0.8662101,0.7225879,0.62591293711779
9813.900243956596,gap,12,0.88407,0.7223192,0.638580735144
9817.95809196774,gap,12,0.87514,0.7223192,0.6321304246880001
9822.045940964017,gap,12,0.87514,0.7223192,0.6321304246880001
9826.150954992045,gap,12,0.8572799,0.7220506,0.61899946616294
9830.23606298957,gap,12,0.87514,0.7220506,0.631895362084
9834.293299994897,gap,12,0.87514,0.7225879,0.632365574806
9838.38555595139,gap,12,0.88407,0.7220506,0.638343273942
9842.451699951198,gap,12,0.88407,0.7228564,0.639055657548
9846.537714998703,gap,12,0.8929999,0.7225879,0.6452709224412099
9852.777208958287,gap,12,1.04481,0.8182165,0.854880781365
9857.488142966758,gap,12,1.02695,0.8182165,0.8402674346750001
9861.619898991194,gap,12,1.05374,0.8182165,0.8621874547099999
9865.76867196709,gap,12,1.03588,0.8179479,0.8472958706519998
9872.777823999058,gap,12,0.87514,0.7225879,0.632365574806
9876.84972799616,gap,12,0.88407,0.7223192,0.638580735144
9880.911483953241,gap,12,0.8662101,0.7228564,0.62614551452964
9884.963165968657,gap,12,0.87514,0.7223192,0.6321304246880001
9889.044254960027,gap,12,0.8662101,0.7225879,0.62591293711779
9893.10215896694,gap,12,0.87514,0.7223192,0.6321304246880001
9897.161192959175,gap,12,0.88407,0.7225879,0.638818284753
9901.221392967273,gap,12,0.8662101,0.7223192,0.62568018646392
9905.289685993921,gap,12,0.8662101,0.7225879,0.62591293711779
9909.362515958492,gap,12,0.8662101,0.7225879,0.62591293711779
9913.415715971496,gap,12,0.8572799,0.7223192,0.61922973154408
9917.470934975427,gap,12,0.87514,0.7225879,0.632365574806
9921.524968987796,gap,12,0.87514,0.7225879,0.632365574806
9925.583446980454,gap,12,0.8572799,0.723125,0.6199205276875001
9929.657757980749,gap,12,0.87514,0.7223192,0.6321304246880001
9933.731698954944,gap,12,0.8572799,0.7223192,0.61922973154408
9937.797324964777,gap,12,0.87514,0.7223192,0.6321304246880001
9941.85393297812,gap,12,0.8662101,0.7223192,0.62568018646392
9945.911836985033,gap,12,0.8929999,0.7223192,0.64503097336808
9950.002536992542,gap,12,0.87514,0.7228564,0.632600549896
9954.164495982695,gap,12,0.8662101,0.7225879,0.62591293711779
9961.526125960518,gap,12,1.04481,0.8184852,0.855161521812
9965.695899969433,gap,12,1.03588,0.8187538,0.8481306863439999
9969.84152495861,gap,12,1.05374,0.8184852,0.8624705946479999
9974.003834999166,gap,12,1.04481,0.8184852,0.855161521812
9981.069486995693,gap,12,0.88407,0.7223192,0.638580735144
9985.166075988673,gap,12,0.8572799,0.7225879,0.61946008265321
9989.25397999119,gap,12,0.8662101,0.7220506,0.6254475224310599
9996.605961991008,gap,12,1.02695,0.8179479,0.8399915959049999
10000.745828961954,gap,12,1.03588,0.8187538,0.8481306863439999
10007.78577697929,gap,12,0.88407,0.7223192,0.638580735144
10011.836402991321,gap,12,0.87514,0.7223192,0.6321304246880001
10015.899899997748,gap,12,0.87514,0.7223192,0.6321304246880001
10024.274519993924,bench:4086332912da2667,13,1.4288,0.7228564,1.03281722432
10031.543132965453,bench:4086332912da2667,13,2.00032,0.8485706,1.6974127425919998
10038.070641981903,bench:4086332912da2667,13,2.65221,0.9186804,2.436533343684
10042.42956195958,bench:4086332912da2667,13,2.63435,0.9184118,2.41941812533
10047.90891497396,bench:4086332912da2667,13,2.75937,0.9283507,2.561663071059
10052.150186966173,bench:4086332912da2667,13,2.88439,0.9283507,2.677725475573
10056.244053994305,bench:4086332912da2667,13,2.77723,0.9286194,2.578989656262
10060.389845981263,bench:4086332912da2667,13,2.7683,0.9294252,2.5729277811599998
10067.134946002625,bench:4086332912da2667,13,2.34859,0.888595,2.0869453310500004
10072.895721998066,bench:4086332912da2667,13,2.79509,0.9286194,2.595574798746
10077.079568989575,bench:4086332912da2667,13,2.80402,0.9294252,2.6061268493039997
10083.505800983403,bench:4086332912da2667,13,2.57184,0.9186804,2.3626989999359997
10089.108726999257,bench:4086332912da2667,13,2.72365,0.928888,2.5299658012000004
10093.343184969854,bench:4086332912da2667,13,2.77723,0.9286194,2.578989656262
10097.468772961292,bench:4086332912da2667,13,2.78616,0.9283507,2.586533586312
10101.544435950927,bench:4086332912da2667,13,2.7683,0.928888,2.5714406504
10105.680320993997,bench:4086332912da2667,13,2.78616,0.9286194,2.587282227504
10109.855760994833,bench:4086332912da2667,13,2.78616,0.9286194,2.587282227504
10116.329493001103,bench:4086332912da2667,13,2.64328,0.9181431,2.426909293368
10120.576783956494,bench:4086332912da2667,13,2.65221,0.9184118,2.4358209600780003
10126.143209985457,bench:4086332912da2667,13,2.7683,0.9291566,2.57218421578
10131.181603996083,bench:4086332912da2667,13,2.79509,0.9291566,2.597076321094
10148.500264971517,bench:4086332912da2667,13,2.63435,0.918949,2.42083329815
10155.889710003976,bench:4086332912da2667,13,2.79509,0.928888,2.5963255599200004
10181.833637005184,bench:4086332912da2667,13,2.7683,0.9291566,2.57218421578
10185.947614954785,bench:4086332912da2667,13,2.83974,0.9283507,2.636274616818
10190.083444002084,bench:4086332912da2667,13,2.80402,0.9291566,2.605373689532
10194.218846969306,bench:4086332912da2667,13,2.75937,0.9294252,2.564628014124
10198.30741797341,bench:4086332912da2667,13,2.79509,0.9283507,2.594823758063
10202.41657999577,bench:4086332912da2667,13,2.80402,0.928888,2.60462052976
10206.554336007684,bench:4086332912da2667,13,2.75937,0.928888,2.5631456805600004
10212.841624976136,bench:4086332912da2667,13,2.15213,0.8638819,1.859186153447
10217.394671984948,bench:4086332912da2667,13,2.11641,0.8633446,1.827191144886
10223.293520975858,bench:4086332912da2667,13,2.77723,0.9294252,2.581227548196
10227.47881297255,bench:4086332912da2667,13,2.75044,0.9286194,2.554111942536
10231.585363973863,bench:4086332912da2667,13,2.77723,0.9291566,2.580481584218
10235.663564002607,bench:4086332912da2667,13,2.77723,0.928888,2.57973562024
10239.719450008124,bench:4086332912da2667,13,2.78616,0.9291566,2.5887789526560003
10243.796890950762,bench:4086332912da2667,13,2.74151,0.9283507,2.545082727557
10247.948053001892,bench:4086332912da2667,13,2.77723,0.9291566,2.580481584218
10252.042826963589,bench:4086332912da2667,13,2.77723,0.9286194,2.578989656262
10256.11774995923,bench:4086332912da2667,13,2.75937,0.928888,2.5631456805600004
10260.182023979723,bench:4086332912da2667,13,2.92011,0.928888,2.71245513768
10264.275945955887,bench:4086332912da2667,13,2.81295,0.928888,2.6129154996
10268.355795007665,bench:4086332912da2667,13,2.92011,0.9291566,2.7132394792260004
10272.41099497769,bench:4086332912da2667,13,2.79509,0.9283507,2.594823758063
10276.48343599867,bench:4086332912da2667,13,2.83081,0.928888,2.6295054392800004
10280.591098999139,bench:4086332912da2667,13,2.80402,0.9291566,2.605373689532
10284.609595953953,bench:4086332912da2667,13,2.80402,0.9294252,2.6061268493039997
10288.685517967679,bench:4086332912da2667,13,2.80402,0.928888,2.60462052976
10292.803402990103,bench:4086332912da2667,13,2.78616,0.928888,2.5880305900800002
10296.895232982934,bench:4086332912da2667,13,2.75937,0.9286194,2.562404513778
10300.891174003482,bench:4086332912da2667,13,2.7683,0.9286194,2.57069708502
10304.927670978941,bench:4086332912da2667,13,2.80402,0.9283507,2.603113929814
10308.990149002057,bench:4086332912da2667,13,2.80402,0.9283507,2.603113929814
10313.044738955796,bench:4086332912da2667,13,2.80402,0.9286194,2.603867369988
10317.168215988204,bench:4086332912da2667,13,2.78616,0.928888,2.5880305900800002
10321.244175953325,bench:4086332912da2667,13,2.7683,0.928888,2.5714406504
10325.197172991466,gap,14,1.54489,0.9286194,1.434614824866
10330.954652978107,gap,14,1.34843,0.8891322,1.198932532446
10335.307590954471,gap,14,1.3395,0.888595,1.1902730025
10342.334872984793,gap,14,0.8572799,0.7223192,0.61922973154408
10350.163350987714,gap,14,1.26806,0.9294252,1.1785669191119998
10357.16031800257,gap,14,1.27699,0.9286194,1.185837687606
10363.905231992248,gap,14,1.24127,0.9283507,1.152333873389
10368.021135975141,gap,14,1.24127,0.9283507,1.152333873389
10372.127075970639,gap,14,1.26806,0.9283507,1.1772043886419998
10378.024017962161,gap,14,1.25913,0.9286194,1.1692525451220002
10382.768525974825,gap,14,1.26806,0.9286194,1.177545116364
10386.924947961234,gap,14,1.27699,0.9283507,1.185494560393
10391.101831977721,gap,14,1.26806,0.9283507,1.1772043886419998
10395.254456961993,gap,14,1.27699,0.9286194,1.185837687606
10402.0557969925,gap,14,1.24127,0.9283507,1.152333873389
10406.21506999014,gap,14,1.24127,0.928888,1.1530008077600002
10410.343047988135,gap,14,1.24127,0.9286194,1.1526674026380002
10418.476077960804,gap,14,0.90193,0.7225879,0.6517237046469999
10425.734968972392,gap,14,1.05374,0.8182165,0.8621874547099999
10432.769028004259,gap,14,0.8929999,0.7223192,0.64503097336808
10436.857468972448,gap,14,0.88407,0.7225879,0.638818284753
10440.996335004456,gap,14,0.8929999,0.7225879,0.6452709224412099
10445.048516965471,gap,14,0.87514,0.7223192,0.6321304246880001
10449.123476981185,gap,14,0.87514,0.7228564,0.632600549896
10453.173529007472,gap,14,0.8929999,0.7220506,0.64479111359494
10457.256285008043,gap,14,0.8929999,0.7223192,0.64503097336808
10464.609396993183,gap,14,1.05374,0.8179479,0.8619044201459999
10468.755762965884,gap,14,1.04481,0.8187538,0.855442157778
10475.818099977914,gap,14,0.88407,0.7225879,0.638818284753
10479.896984994411,gap,14,0.87514,0.7223192,0.6321304246880001
10484.012943983544,gap,14,0.87514,0.7225879,0.632365574806
10488.106940989383,gap,14,0.90193,0.7223192,0.6514813560560001
10492.184584960341,gap,14,0.8662101,0.7225879,0.62591293711779
10496.253710996825,gap,14,0.87514,0.7228564,0.632600549896
10500.313355994876,gap,14,0.87514,0.7228564,0.632600549896
10504.394018964376,gap,14,0.87514,0.7223192,0.6321304246880001
10508.480144955683,gap,14,0.8929999,0.7225879,0.6452709224412099
10512.56604900118,gap,14,0.88407,0.723125,0.6392931187500001
10516.630193975288,gap,14,0.87514,0.7223192,0.6321304246880001
10520.693356986158,gap,14,0.88407,0.7220506,0.638343273942
10524.748723953962,gap,14,0.87514,0.7223192,0.6321304246880001
10528.809423965868,gap,14,0.87514,0.7223192,0.6321304246880001
10532.889864989556,gap,14,0.8929999,0.7223192,0.64503097336808
10536.95760195842,gap,14,0.88407,0.7225879,0.638818284753
10541.021876968443,gap,14,0.8662101,0.7228564,0.62614551452964
10545.078928989824,gap,14,0.8929999,0.7223192,0.64503097336808
10549.146925972309,gap,14,0.87514,0.7228564,0.632600549896
10553.216643980704,gap,14,0.8662101,0.7223192,0.62568018646392
10557.25741898641,gap,14,0.88407,0.7225879,0.638818284753
10561.306100978982,gap,14,0.87514,0.7223192,0.6321304246880001
10565.356431005057,gap,14,0.8662101,0.7223192,0.62568018646392
10569.421797990799,gap,14,0.87514,0.7225879,0.632365574806
10573.49046098534,gap,14,0.8662101,0.7225879,0.62591293711779
10577.541753998958,gap,14,0.87514,0.7220506,0.631895362084
10581.591547001153,gap,14,0.8929999,0.7228564,0.6455106929143599
10585.646266001277,gap,14,0.87514,0.7225879,0.632365574806
10589.721428987104,gap,14,0.8929999,0.7228564,0.6455106929143599
10593.787666002754,gap,14,0.87514,0.7223192,0.6321304246880001
10597.832996980287,gap,14,0.87514,0.7225879,0.632365574806
10601.880418951623,gap,14,0.87514,0.7228564,0.632600549896
10605.969637981616,gap,14,0.87514,0.7225879,0.632365574806
10610.033282951917,gap,14,0.87514,0.7228564,0.632600549896
10614.185223006643,gap,14,0.8662101,0.7225879,0.62591293711779
10618.32221900113,gap,14,0.88407,0.7225879,0.638818284753
10622.464974003378,gap,14,0.87514,0.7223192,0.6321304246880001
10629.821473965421,gap,14,1.05374,0.8184852,0.8624705946479999
10633.999024983495,gap,14,1.05374,0.8184852,0.8624705946479999
10641.076473984867,gap,14,0.88407,0.7225879,0.638818284753
10645.646686956752,gap,14,0.8662101,0.7223192,0.62568018646392
10649.721553956624,gap,14,0.8662101,0.723125,0.6263781785625
10653.802327986341,gap,14,0.87514,0.7225879,0.632365574806
10661.105681967456,gap,14,1.02695,0.8187538,0.84081921491
10665.25730700232,gap,14,1.02695,0.8179479,0.8399915959049999
10669.413968978915,gap,14,1.04481,0.8184852,0.855161521812
10676.462232950144,gap,14,0.8929999,0.7223192,0.64503097336808
10680.538913991768,gap,14,0.87514,0.7228564,0.632600549896
10684.625113965012,gap,14,0.87514,0.721782,0.63166029948
10688.70566599071,gap,14,0.8929999,0.7223192,0.64503097336808
10692.80721800169,gap,14,0.8929999,0.7223192,0.64503097336808
10696.871362975799,gap,14,0.88407,0.7220506,0.638343273942
10700.961414957419,gap,14,0.87514,0.723125,0.6328356125000001
10705.03379998263,gap,14,0.8929999,0.7223192,0.64503097336808
10709.111425967421,gap,14,0.87514,0.7225879,0.632365574806
10713.167274952866,gap,14,0.8929999,0.7225879,0.6452709224412099
10717.229307978414,gap,14,0.87514,0.7228564,0.632600549896
10721.300785953645,gap,14,0.88407,0.7225879,0.638818284753
10725.392338004895,gap,14,0.8662101,0.7225879,0.62591293711779
10729.45114999311,gap,14,0.8929999,0.7225879,0.6452709224412099
10733.538034954108,gap,14,0.87514,0.7223192,0.6321304246880001
10737.598976003937,gap,14,0.8662101,0.7220506,0.6254475224310599
10741.67908297386,gap,14,0.88407,0.7223192,0.638580735144
10749.012287997175,gap,14,1.04481,0.8184852,0.855161521812
10753.161839966197,gap,14,1.05374,0.8179479,0.8619044201459999
10760.249101964291,gap,14,0.88407,0.7223192,0.638580735144
10764.318005996756,gap,14,0.88407,0.7223192,0.638580735144
10768.38357700035,gap,14,0.87514,0.7225879,0.632365574806
10772.457628976554,gap,14,0.87514,0.7223192,0.6321304246880001
10776.570513960905,gap,14,0.8929999,0.7225879,0.6452709224412099
10782.864710956346,gap,14,1.02695,0.8187538,0.84081921491
10787.578477989882,gap,14,1.05374,0.8184852,0.8624705946479999
10794.601611967664,gap,14,0.87514,0.7228564,0.632600549896
10798.684200970456,gap,14,0.87514,0.7225879,0.632365574806
10802.761308965273,gap,14,0.8483499,0.7223192,0.61277942108808
10806.832620000932,gap,14,0.87514,0.7225879,0.632365574806
10810.894764959812,gap,14,0.87514,0.7225879,0.632365574806
10814.95415000245,gap,14,0.88407,0.7228564,0.639055657548
10819.02762799291,gap,14,0.8662101,0.7225879,0.62591293711779
10823.121124994941,gap,14,0.8929999,0.7225879,0.6452709224412099
10827.694431005511,gap,14,0.8572799,0.7223192,0.61922973154408
10844.965647964273,gap,14,1.08946,0.8329906,0.9075099390760001
10850.736405001953,gap,14,1.65205,0.8337965,1.377473507825
10855.292600987013,gap,14,1.10732,0.8332592,0.922684577344
10872.682465007529,gap,14,1.05374,0.8182165,0.8621874547099999
10878.46764799906,gap,14,1.01802,0.8182165,0.83296076133
10882.63692095643,gap,14,1.05374,0.8182165,0.8621874547099999
10889.667980954982,gap,14,0.8929999,0.7225879,0.6452709224412099
10893.772754992824,gap,14,0.8662101,0.7225879,0.62591293711779
10901.078886003233,gap,14,1.04481,0.8184852,0.855161521812
10908.166462962981,gap,14,0.8572799,0.7223192,0.61922973154408
10912.244385981467,gap,14,0.8662101,0.7225879,0.62591293711779
10919.57112797536,gap,14,1.04481,0.8182165,0.854880781365
10926.557558006607,gap,14,0.8929999,0.7225879,0.6452709224412099
10930.650924972724,gap,14,0.87514,0.7225879,0.632365574806
10934.747328981757,gap,14,0.8929999,0.7225879,0.6452709224412099
10942.043051996734,gap,14,1.05374,0.8184852,0.8624705946479999
10946.207306988072,gap,14,1.02695,0.8184852,0.8405433761400001
10953.28229200095,gap,14,0.8929999,0.7228564,0.6455106929143599
10957.371825992595,gap,14,0.87514,0.7228564,0.632600549896
10964.681215991732,gap,14,1.03588,0.8184852,0.847852448976
10971.757274994161,gap,14,0.9108599,0.7220506,0.65768693731094
10975.830604962539,gap,14,0.8929999,0.7225879,0.6452709224412099
10979.917749005836,gap,14,0.8572799,0.7223192,0.61922973154408
10983.970005006995,gap,14,0.88407,0.7225879,0.638818284753
10988.047630991787,gap,14,1.15197,0.7223192,0.8320900488240001
10992.112534993794,gap,14,0.9287199,0.7223192,0.67083221519208
10996.179235982709,gap,14,0.8929999,0.7225879,0.6452709224412099
11000.254731974564,gap,14,0.88407,0.7223192,0.638580735144
11004.311394994147,gap,14,0.88407,0.7225879,0.638818284753
11008.37076199241,gap,14,0.8929999,0.7223192,0.64503097336808
11012.455185002182,gap,14,0.8662101,0.7223192,0.62568018646392
11016.526254999917,gap,14,0.88407,0.7228564,0.639055657548
11024.605507962406,gap,14,0.87514,0.7225879,0.632365574806
11028.684319986496,gap,14,0.8662101,0.7225879,0.62591293711779
11032.753315987065,gap,14,0.87514,0.7225879,0.632365574806
11036.813515995163,gap,14,0.87514,0.7225879,0.632365574806
11040.871420002077,gap,14,0.87514,0.7220506,0.631895362084
11044.94693496963,gap,14,0.88407,0.7228564,0.639055657548
11048.998654005118,gap,14,0.8929999,0.7223192,0.64503097336808
11053.048187983222,gap,14,0.8929999,0.7225879,0.6452709224412099
11057.13096196996,gap,14,0.87514,0.7225879,0.632365574806
11061.195291986223,gap,14,0.87514,0.7223192,0.6321304246880001
11065.26515900623,gap,14,0.8572799,0.7223192,0.61922973154408
11069.312636973336,gap,14,0.87514,0.7223192,0.6321304246880001
11073.378651984967,gap,14,0.87514,0.7220506,0.631895362084
11077.42122298805,gap,14,0.87514,0.7223192,0.6321304246880001
11081.469793978613,gap,14,0.87514,0.7223192,0.6321304246880001
11085.517679981422,gap,14,0.8572799,0.7225879,0.61946008265321
11089.593084005173,gap,14,0.88407,0.7223192,0.638580735144
11093.655042990576,gap,14,0.87514,0.7225879,0.632365574806
11097.713020979427,gap,14,0.8929999,0.7225879,0.6452709224412099
11101.75835096743,gap,14,0.8929999,0.7223192,0.64503097336808
11105.820773984306,gap,14,0.87514,0.7225879,0.632365574806
11109.886918973643,gap,14,0.87514,0.7225879,0.632365574806
11113.962859963067,gap,14,0.8929999,0.7223192,0.64503097336808
11118.030355952214,gap,14,0.88407,0.7220506,0.638343273942
11122.102796973195,gap,14,0.8572799,0.7225879,0.61946008265321
11126.160497951787,gap,14,0.87514,0.7220506,0.631895362084
11130.294604983646,gap,14,0.87514,0.723125,0.6328356125000001
11134.44522995269,gap,14,0.87514,0.7225879,0.632365574806
11138.551021984313,gap,14,0.87514,0.7223192,0.6321304246880001
11145.84744995227,gap,14,1.02695,0.8187538,0.84081921491
11149.99192696996,gap,14,1.05374,0.8179479,0.8619044201459999
11154.11636698991,gap,14,1.04481,0.8184852,0.855161521812
11161.52957099257,gap,14,0.87514,0.7220506,0.631895362084
11165.603086003102,gap,14,0.87514,0.7228564,0.632600549896
11169.669767958112,gap,14,0.87514,0.7225879,0.632365574806
11173.745856969617,gap,14,0.87514,0.7225879,0.632365574806
11179.974868951831,gap,14,1.02695,0.8184852,0.8405433761400001
11184.679970960133,gap,14,1.05374,0.8184852,0.8624705946479999
11191.734362975694,gap,14,0.88407,0.7225879,0.638818284753
11195.824581955094,gap,14,0.87514,0.7225879,0.632365574806
11199.886485992465,gap,14,0.87514,0.7228564,0.632600549896
11207.19469100004,gap,14,1.03588,0.8184852,0.847852448976
11214.269823976792,gap,14,0.8572799,0.7223192,0.61922973154408
11218.379931990057,gap,14,0.8929999,0.7223192,0.64503097336808
11225.655563001055,gap,14,1.02695,0.8179479,0.8399915959049999
11229.791743971873,gap,14,1.03588,0.8187538,0.8481306863439999
11236.841470003128,gap,14,0.88407,0.7225879,0.638818284753
11240.922465978656,gap,14,0.87514,0.7225879,0.632365574806
11245.018036977854,gap,14,0.87514,0.7223192,0.6321304246880001
11252.332648960873,gap,14,1.05374,0.8187538,0.8627536292119999
11259.311356989201,gap,14,0.87514,0.7220506,0.631895362084
11263.386168982834,gap,14,0.87514,0.7225879,0.632365574806
11267.483849951532,gap,14,0.87514,0.7225879,0.632365574806
11271.549809956923,gap,14,0.8662101,0.7225879,0.62591293711779
11275.630824966356,gap,14,0.87514,0.7225879,0.632365574806
11279.67728395015,gap,14,0.88407,0.7225879,0.638818284753
11283.749373978935,gap,14,1.13411,0.7223192,0.819189427912
11287.830037006643,gap,14,0.87514,0.7225879,0.632365574806
11291.911588981748,gap,14,0.87514,0.7223192,0.6321304246880001
11295.979769958649,gap,14,0.87514,0.7225879,0.632365574806
11300.06872996455,gap,14,1.58061,0.7223192,1.141704950712
11307.420842000283,gap,14,1.02695,0.8182165,0.8402674346750001
11311.56000396004,gap,14,1.04481,0.8184852,0.855161521812
11318.64706298802,gap,14,0.87514,0.7225879,0.632365574806
11322.729467006866,gap,14,0.87514,0.7223192,0.6321304246880001
11326.797500951216,gap,14,0.87514,0.7223192,0.6321304246880001
11334.093131998088,gap,14,1.03588,0.8187538,0.8481306863439999
11341.592963959556,gap,14,1.31271,0.7225879,0.948548362209
11349.457033968065,gap,14,1.25913,0.928888,1.1695907474400002
11356.39061400434,gap,14,1.24127,0.928888,1.1530008077600002
11360.411998990458,gap,14,1.24127,0.928888,1.1530008077600002
11364.603216992691,gap,14,1.24127,0.9283507,1.152333873389
11368.79943398526,gap,14,1.25913,0.9286194,1.1692525451220002
11376.251174951904,bench:88f33552a20f1f19,15,1.25913,0.9283507,1.168914216891
11388.812012970448,bench:88f33552a20f1f19,15,3.84883,0.9280821,3.572030228943
11393.223505991045,bench:88f33552a20f1f19,15,5.28656,0.9280821,4.906361706576
11397.410409001168,bench:88f33552a20f1f19,15,2.34859,0.9286194,2.180946236646
11401.547738001682,bench:88f33552a20f1f19,15,3.88455,0.9286194,3.60726849027
11410.497926990502,bench:88f33552a20f1f19,15,5.23298,0.9302311,4.867880741678
11414.725754992105,bench:88f33552a20f1f19,15,3.86669,0.9192177,3.554329888413
11426.492470956873,bench:88f33552a20f1f19,15,5.50088,0.9296938,5.114134030544
11434.671796974726,bench:88f33552a20f1f19,15,5.43837,0.9280821,5.047253850177
11438.76123795053,bench:88f33552a20f1f19,15,4.00064,0.9296938,3.719370204032
11442.86904897308,bench:88f33552a20f1f19,15,4.00957,0.9283507,3.722287116199
11450.636360968929,bench:88f33552a20f1f19,15,4.0185,0.9286194,3.7316570589
11454.811040952336,bench:88f33552a20f1f19,15,4.00957,0.9291566,3.7255184286620002
11458.936740993522,bench:88f33552a20f1f19,15,4.0185,0.9299625,3.7370543062500006
11466.628330992535,bench:88f33552a20f1f19,15,4.00064,0.9291566,3.717221060224
11470.767085964326,bench:88f33552a20f1f19,15,5.66162,0.9291566,5.260531589692
11478.242085955571,bench:88f33552a20f1f19,15,5.92952,0.9283507,5.504674042664
11486.57979897689,bench:88f33552a20f1f19,15,5.51874,0.9291566,5.1277736946840005
11490.714998974,bench:88f33552a20f1f19,15,5.65269,0.9280821,5.246160405849
11494.832272990607,bench:88f33552a20f1f19,15,5.65269,0.9291566,5.252234221254
11498.947786982171,bench:88f33552a20f1f19,15,5.67055,0.928888,5.2673058484
11503.099097986706,bench:88f33552a20f1f19,15,5.42944,0.928888,5.04334166272
11507.216667989269,bench:88f33552a20f1f19,15,5.59911,0.9294252,5.203953931571999
11511.324496997986,bench:88f33552a20f1f19,15,5.57232,0.9294252,5.179054630464
11515.449770959094,bench:88f33552a20f1f19,15,5.68841,0.9294252,5.2869516019319995
11522.328628983814,bench:88f33552a20f1f19,15,6.00096,0.9280821,5.569383558816
11526.592104986776,bench:88f33552a20f1f19,15,5.509809,0.928888,5.117995462392
11531.077874999028,bench:88f33552a20f1f19,15,5.67055,0.928888,5.2673058484
11535.16564896563,bench:88f33552a20f1f19,15,5.43837,0.9294252,5.054558124923999
11542.363002954517,bench:88f33552a20f1f19,15,5.57232,0.9296938,5.180551355616
11550.50549597945,bench:88f33552a20f1f19,15,5.93845,0.928888,5.5161549436
11562.592506001238,bench:88f33552a20f1f19,15,5.96524,0.9286194,5.539437589656
11566.690706007648,bench:88f33552a20f1f19,15,5.58125,0.928888,5.18435615
11574.252889957279,bench:88f33552a20f1f19,15,5.67055,0.9291566,5.26882895813
11582.506547973026,bench:88f33552a20f1f19,15,5.67055,0.9291566,5.26882895813
11590.564393962268,bench:88f33552a20f1f19,15,5.93845,0.9291566,5.5177500112699995
11598.502518958412,bench:88f33552a20f1f19,15,5.59018,0.9294252,5.195654164536
11606.571623997297,bench:88f33552a20f1f19,15,5.66162,0.928888,5.259010878560001
11611.074207990896,bench:88f33552a20f1f19,15,5.509809,0.928888,5.117995462392
11615.191166987643,bench:88f33552a20f1f19,15,5.46516,0.9286194,5.075053600104
11622.561074967962,bench:88f33552a20f1f19,15,5.93845,0.9294252,5.519345078939999
11630.504700005986,bench:88f33552a20f1f19,15,5.72413,0.9294252,5.320150670075999
11638.499212975148,bench:88f33552a20f1f19,15,5.64376,0.9286194,5.240905024944
11646.569928969257,bench:88f33552a20f1f19,15,5.43837,0.928888,5.05163663256
11654.27257498959,bench:88f33552a20f1f19,15,5.57232,0.9275449,5.1685769971680005
11662.54188097082,bench:88f33552a20f1f19,15,5.57232,0.9291566,5.177557905312001
11670.506875962019,bench:88f33552a20f1f19,15,5.65269,0.928888,5.25071590872
11678.02930099424,gap,16,1.61633,0.9286194,1.500955394802
11685.12052699225,gap,16,1.39308,0.888595,1.2378839226
11689.096227986738,gap,16,1.40201,0.8888636,1.246195655836
11696.060695976485,gap,16,1.43773,0.7225879,1.0388863014669998
11700.195932004135,gap,16,0.93765,0.7228564,0.6777863034599999
11704.316872986965,gap,16,0.91979,0.7220506,0.664134921374
11708.398461982142,gap,16,0.9108599,0.7225879,0.6581763423352099
11714.692084991839,gap,16,1.0716,0.8187538,0.8773765720800001
11719.481388980057,gap,16,1.0716,0.8184852,0.8770887403200001
11726.463116006926,gap,16,0.9108599,0.7225879,0.6581763423352099
11730.567149003036,gap,16,0.9108599,0.7220506,0.65768693731094
11734.669866971672,gap,16,0.9108599,0.7228564,0.65842090821836
11741.958442959003,gap,16,1.05374,0.8187538,0.8627536292119999
11746.105067955796,gap,16,1.06267,0.8187538,0.870065100646
11753.128905955236,gap,16,0.8929999,0.7228564,0.6455106929143599
11757.225160952657,gap,16,0.8929999,0.7225879,0.6452709224412099
11761.299453966785,gap,16,0.8929999,0.7223192,0.64503097336808
11768.641325004864,gap,16,1.0716,0.8184852,0.8770887403200001
11774.746930983383,gap,16,0.8929999,0.7223192,0.64503097336808
11779.279996990226,gap,16,0.90193,0.7223192,0.6514813560560001
11783.3557719714,gap,16,0.8929999,0.7225879,0.6452709224412099
11787.42617496755,gap,16,0.90193,0.7225879,0.6517237046469999
11791.481042979285,gap,16,0.90193,0.7228564,0.6519658728519999
11795.556038967334,gap,16,0.8929999,0.7225879,0.6452709224412099
11799.63179497281,gap,16,0.8929999,0.7225879,0.6452709224412099
11803.713012952358,gap,16,0.9108599,0.7225879,0.6581763423352099
11807.767177000642,gap,16,0.88407,0.7223192,0.638580735144
11811.842544004321,gap,16,0.9108599,0.7225879,0.6581763423352099
11815.900465997402,gap,16,0.8929999,0.7223192,0.64503097336808
11819.987684953958,gap,16,0.8929999,0.7225879,0.6452709224412099
11824.065828986932,gap,16,1.15197,0.7225879,0.8323995831629999
11828.138769953512,gap,16,0.90193,0.7225879,0.6517237046469999
11832.185156003106,gap,16,0.8929999,0.7225879,0.6452709224412099
11836.258392955642,gap,16,0.8929999,0.7225879,0.6452709224412099
11840.327055950183,gap,16,0.8929999,0.7225879,0.6452709224412099
11844.404996954836,gap,16,0.87514,0.7225879,0.632365574806
11848.479882988613,gap,16,0.8929999,0.7223192,0.64503097336808
11852.5370649877,gap,16,0.8929999,0.7223192,0.64503097336808
11856.60454299068,gap,16,0.90193,0.7228564,0.6519658728519999
11860.666538996156,gap,16,0.8929999,0.723125,0.6457505526875
11864.722220983822,gap,16,0.8929999,0.7223192,0.64503097336808
11868.805235950276,gap,16,0.8929999,0.7225879,0.6452709224412099
11872.865065990482,gap,16,0.8929999,0.7225879,0.6452709224412099
11876.95096997777,gap,16,0.8929999,0.7223192,0.64503097336808
11881.005225994159,gap,16,0.8929999,0.7223192,0.64503097336808
11885.060536966193,gap,16,0.8929999,0.7228564,0.6455106929143599
11889.118440973107,gap,16,0.8929999,0.7228564,0.6455106929143599
11893.190789967775,gap,16,0.87514,0.7223192,0.6321304246880001
11897.26510096807,gap,16,0.9108599,0.7225879,0.6581763423352099
11901.347281993367,gap,16,0.8929999,0.7225879,0.6452709224412099
11905.417426954955,gap,16,0.87514,0.7228564,0.632600549896
11909.480404981878,gap,16,0.8929999,0.7223192,0.64503097336808
11913.525531999767,gap,16,0.8929999,0.7228564,0.6455106929143599
11917.581509973388,gap,16,0.8929999,0.7220506,0.64479111359494
11921.64876597235,gap,16,0.87514,0.7223192,0.6321304246880001
11925.713873002678,gap,16,0.88407,0.7228564,0.639055657548
11929.758369980846,gap,16,0.8929999,0.7223192,0.64503097336808
11933.836921991315,gap,16,0.87514,0.7223192,0.6321304246880001
11937.888029962778,gap,16,0.8929999,0.7220506,0.64479111359494
11941.948989988305,gap,16,0.87514,0.7225879,0.632365574806
11946.015985973645,gap,16,0.9108599,0.7225879,0.6581763423352099
11950.10551897576,gap,16,0.8929999,0.7223192,0.64503097336808
11954.175515973475,gap,16,0.88407,0.7223192,0.638580735144
11958.353251975495,gap,16,0.88407,0.7223192,0.638580735144
11965.695789956953,gap,16,1.05374,0.8184852,0.8624705946479999
11969.871877983678,gap,16,1.05374,0.8184852,0.8624705946479999
11974.0122439689,gap,16,1.05374,0.8187538,0.8627536292119999
11981.523595983163,gap,16,0.88407,0.7220506,0.638343273942
11985.581795976032,gap,16,0.8929999,0.7225879,0.6452709224412099
11989.658014965244,gap,16,0.88407,0.7228564,0.639055657548
11993.725807988085,gap,16,0.90193,0.7228564,0.6519658728519999
11997.805284976494,gap,16,0.8929999,0.723125,0.6457505526875
12001.897262991406,gap,16,0.87514,0.7223192,0.6321304246880001
12005.95516699832,gap,16,0.90193,0.7225879,0.6517237046469999
12010.059700987767,gap,16,0.8662101,0.7225879,0.62591293711779
12017.412812972907,gap,16,1.03588,0.8184852,0.847852448976
12025.589286989998,gap,16,1.05374,0.8187538,0.8627536292119999
12031.642503978219,gap,16,0.8929999,0.7223192,0.64503097336808
12036.162810982205,gap,16,0.8662101,0.7228564,0.62614551452964
12040.254103951156,gap,16,0.87514,0.7225879,0.632365574806
12044.314285973087,gap,16,0.88407,0.7225879,0.638818284753
12048.39967098087,gap,16,0.87514,0.7223192,0.6321304246880001
12052.483111969195,gap,16,0.8929999,0.7228564,0.6455106929143599
12056.544978986494,gap,16,0.8929999,0.7225879,0.6452709224412099
12060.613419977017,gap,16,0.87514,0.7225879,0.632365574806
12064.674675988499,gap,16,0.88407,0.723125,0.6392931187500001
12068.769486970268,gap,16,0.8662101,0.7225879,0.62591293711779
12072.84116797382,gap,16,0.87514,0.7225879,0.632365574806
12076.905164984055,gap,16,0.87514,0.7220506,0.631895362084
12080.972920986824,gap,16,0.87514,0.7223192,0.6321304246880001
12085.0374539732,gap,16,0.8929999,0.7228564,0.6455106929143599
12089.097598975059,gap,16,0.8929999,0.7225879,0.6452709224412099
12093.174559006002,gap,16,0.8929999,0.7223192,0.64503097336808
12097.257313958835,gap,16,0.8929999,0.723125,0.6457505526875
12101.348291966133,gap,16,0.87514,0.7223192,0.6321304246880001
12108.69331198046,gap,16,1.05374,0.8184852,0.8624705946479999
12112.836843996774,gap,16,1.04481,0.8182165,0.854880781365
12119.862366991583,gap,16,0.88407,0.7228564,0.639055657548
12123.948585998733,gap,16,0.87514,0.723125,0.6328356125000001
12128.024470992386,gap,16,1.11625,0.7225879,0.806588743375
12132.075059984345,gap,16,0.91979,0.723125,0.66512314375
12136.139019974507,gap,16,0.88407,0.7225879,0.638818284753
12140.19196096342,gap,16,0.88407,0.7228564,0.639055657548
12144.248661003076,gap,16,0.87514,0.7228564,0.632600549896
12148.331695003435,gap,16,0.8929999,0.7223192,0.64503097336808
12152.409283968154,gap,16,0.8929999,0.7225879,0.6452709224412099
12156.460947007872,gap,16,0.88407,0.7223192,0.638580735144
12160.538424970582,gap,16,0.87514,0.7225879,0.632365574806
12164.593421970494,gap,16,0.8929999,0.7223192,0.64503097336808
12168.677621986717,gap,16,0.8929999,0.7225879,0.6452709224412099
12172.73256299086,gap,16,0.87514,0.7225879,0.632365574806
12176.845095993485,gap,16,0.8662101,0.7225879,0.62591293711779
12185.193716955837,gap,16,1.04481,0.8187538,0.855442157778
12199.966384971049,gap,16,1.04481,0.8184852,0.855161521812
12207.115942961536,gap,16,2.63435,0.723125,1.9049643437500001
12212.603573978413,gap,16,0.87514,0.7223192,0.6321304246880001
12229.918623983394,gap,16,1.16983,0.8483019,0.992369011677
12235.541400965303,gap,16,1.1609,0.8488392,0.98541742728
12239.571878977586,gap,16,1.1609,0.8483019,0.9847936757100001
12243.58706199564,gap,16,1.16983,0.8488392,0.9929975613359999
12250.6236579502,gap,16,0.90193,0.7225879,0.6517237046469999
12254.723432008177,gap,16,0.8929999,0.7228564,0.6455106929143599
12258.826428966131,gap,16,0.8929999,0.7223192,0.64503097336808
12266.177336976398,gap,16,1.03588,0.8182165,0.84757410802
12270.326146972366,gap,16,1.04481,0.8187538,0.855442157778
12277.40115096094,gap,16,0.87514,0.7228564,0.632600549896
12281.46938799182,gap,16,0.87514,0.7223192,0.6321304246880001
12285.538625961635,gap,16,0.87514,0.7223192,0.6321304246880001
12289.598714967724,gap,16,0.87514,0.7223192,0.6321304246880001
12293.687489000149,gap,16,0.8662101,0.7223192,0.62568018646392
12297.771355952136,gap,16,0.8929999,0.7225879,0.6452709224412099
12301.835111982655,gap,16,0.87514,0.7225879,0.632365574806
12305.933144991286,gap,16,0.8929999,0.7225879,0.6452709224412099
12312.213822966442,gap,16,1.05374,0.8187538,0.8627536292119999
12316.922480007634,gap,16,1.04481,0.8179479,0.854600145399
12321.065456955694,gap,16,1.05374,0.8182165,0.8621874547099999
12325.226322980598,gap,16,1.06267,0.8179479,0.8692086948929999
12331.344224978238,gap,16,0.87514,0.7223192,0.6321304246880001
12335.860624967609,gap,16,0.8662101,0.7223192,0.62568018646392
12339.976398972794,gap,16,0.8929999,0.7228564,0.6455106929143599
12348.317778960336,gap,16,1.2502,0.9291566,1.16163158132
12355.19715497503,gap,16,1.27699,0.9286194,1.185837687606
12361.92742100684,gap,16,1.24127,0.928888,1.1530008077600002
12369.47340099141,gap,16,1.26806,0.9283507,1.1772043886419998
12373.644266976044,gap,16,1.25913,0.9286194,1.1692525451220002
12379.450301988982,gap,16,1.2502,0.928888,1.1612957776000001
12384.030996996444,gap,16,1.39308,0.9286194,1.293641113752
12388.144864002243,gap,16,1.2502,0.9286194,1.16095997388
12392.247990006581,gap,16,1.23234,0.9283507,1.144043701638
12399.236438970547,gap,16,1.27699,0.9286194,1.185837687606
12406.012759951409,gap,16,1.24127,0.9286194,1.1526674026380002
12413.462870987132,gap,16,1.25913,0.9286194,1.1692525451220002
12421.713899995666,gap,16,1.04481,0.8187538,0.855442157778
12428.756903973408,gap,16,0.8929999,0.7228564,0.6455106929143599
12432.841677975375,gap,16,0.88407,0.7220506,0.638343273942
12436.911970959045,gap,16,0.8662101,0.7223192,0.62568018646392
12440.98211597884,gap,16,0.87514,0.7223192,0.6321304246880001
12445.03442698624,gap,16,0.87514,0.7220506,0.631895362084
12449.10227600485,gap,16,0.90193,0.7225879,0.6517237046469999
12453.194530971814,gap,16,0.87514,0.7223192,0.6321304246880001
12457.302286988124,gap,16,0.8929999,0.7225879,0.6452709224412099
12461.372154008131,gap,16,0.8662101,0.7225879,0.62591293711779
12467.671645979863,gap,16,1.06267,0.8184852,0.869779667484
12474.83983397251,gap,16,0.88407,0.7223192,0.638580735144
12479.33490097057,gap,16,0.87514,0.7223192,0.6321304246880001
12483.436192967929,gap,16,0.88407,0.7223192,0.638580735144
12487.523263960611,gap,16,0.90193,0.7223192,0.6514813560560001
12491.644149005879,gap,16,0.8929999,0.7225879,0.6452709224412099
12495.737588964403,gap,16,0.87514,0.7225879,0.632365574806
12503.09329398442,gap,16,1.04481,0.8184852,0.855161521812
12507.22956797108,gap,16,1.05374,0.8184852,0.8624705946479999
12514.310978993308,gap,16,0.87514,0.7225879,0.632365574806
12518.399160006084,gap,16,0.87514,0.7223192,0.6321304246880001
12522.471804986708,gap,16,0.87514,0.7223192,0.6321304246880001
12529.801601951476,gap,16,1.05374,0.8182165,0.8621874547099999
12533.970708958805,gap,16,1.05374,0.8179479,0.8619044201459999
12541.056674963329,gap,16,0.90193,0.7225879,0.6517237046469999
12545.130004989915,gap,16,0.87514,0.7225879,0.632365574806
12549.189723969903,gap,16,0.8662101,0.7225879,0.62591293711779
12553.27373900218,gap,16,0.87514,0.7223192,0.6321304246880001
12560.631017957348,gap,16,1.04481,0.8184852,0.855161521812
12567.647539952304,gap,16,0.8662101,0.7228564,0.62614551452964
12571.733813965693,gap,16,0.87514,0.7223192,0.6321304246880001
12575.827291992027,gap,16,0.90193,0.7220506,0.651239097658
12583.182588976342,gap,16,1.03588,0.8184852,0.847852448976
12587.309844966512,gap,16,1.05374,0.8182165,0.8621874547099999
12594.345422985498,gap,16,0.88407,0.7228564,0.639055657548
12598.436140979175,gap,16,0.8662101,0.7225879,0.62591293711779
12602.505674993154,gap,16,0.8662101,0.7225879,0.62591293711779
12610.032969969325,gap,16,1.03588,0.8184852,0.847852448976
12614.206446975004,gap,16,1.05374,0.8184852,0.8624705946479999
12621.302005951293,gap,16,0.87514,0.7228564,0.632600549896
12625.369854969904,gap,16,0.87514,0.7228564,0.632600549896
12632.663448981475,gap,16,1.05374,0.8187538,0.8627536292119999
12639.758340956178,gap,16,0.88407,0.7223192,0.638580735144
12643.831263994798,gap,16,0.8929999,0.7223192,0.64503097336808
12647.926667006686,gap,16,0.87514,0.7225879,0.632365574806
12655.276778968982,gap,16,1.03588,0.8179479,0.8472958706519998
12659.995417983737,gap,16,1.03588,0.8182165,0.84757410802
12667.060994950589,gap,16,0.87514,0.7228564,0.632600549896
12671.166972955689,gap,16,0.87514,0.7225879,0.632365574806
12675.239450996742,gap,16,0.87514,0.7223192,0.6321304246880001
12682.540803973097,gap,16,1.06267,0.8184852,0.869779667484
12689.560048980638,gap,16,0.8929999,0.7225879,0.6452709224412099
12693.646322994027,gap,16,0.88407,0.7228564,0.639055657548
12700.949972961098,gap,16,1.02695,0.8182165,0.8402674346750001
12708.051920984872,gap,16,1.11625,0.7228564,0.8068884565
12712.176712986547,gap,16,0.87514,0.7223192,0.6321304246880001
12718.414354952984,gap,16,1.04481,0.8182165,0.854880781365
12723.095752997324,gap,16,1.04481,0.8187538,0.855442157778
12730.116497958079,gap,16,0.8572799,0.7223192,0.61922973154408
12742.50867095543,bench:264d4c26cb15a7ab,17,1.43773,0.7225879,1.0388863014669998
12746.934014954604,bench:264d4c26cb15a7ab,17,3.56307,0.9039063,3.220681420341
12754.885176953394,bench:264d4c26cb15a7ab,17,5.509809,0.9286194,5.1165155276946
12762.61643297039,bench:264d4c26cb15a7ab,17,3.98278,0.9294252,3.701696098056
12766.676597006153,bench:264d4c26cb15a7ab,17,4.0185,0.9294252,3.7348951662000003
12770.810055953916,bench:264d4c26cb15a7ab,17,5.34907,0.9294252,4.971560454564
12778.31486996729,bench:264d4c26cb15a7ab,17,5.42944,0.9291566,5.044800010304
12782.668400963303,bench:264d4c26cb15a7ab,17,5.36693,0.9304997,4.9939267549210005
12790.584247966763,bench:264d4c26cb15a7ab,17,5.4473,0.9286194,5.05846845762
12798.61366795376,bench:264d4c26cb15a7ab,17,4.00957,0.9286194,3.723364487658
12802.749626978766,bench:264d4c26cb15a7ab,17,5.39372,0.9291566,5.011610536552
12810.409180005081,bench:264d4c26cb15a7ab,17,5.40265,0.9294252,5.02135905678
12814.517268969212,bench:264d4c26cb15a7ab,17,4.03636,0.9299625,3.7536634365
12818.653523980174,bench:264d4c26cb15a7ab,17,4.12566,0.9294252,3.8344923706319998
12822.703612968326,bench:264d4c26cb15a7ab,17,4.03636,0.9291566,3.7504105339760003
12826.806590950582,bench:264d4c26cb15a7ab,17,5.51874,0.9280821,5.121843808554
12830.913808953483,bench:264d4c26cb15a7ab,17,5.66162,0.9294252,5.262052300824
12835.425005003344,bench:264d4c26cb15a7ab,17,4.00064,0.9291566,3.717221060224
12842.452990997117,bench:264d4c26cb15a7ab,17,5.491949,0.9369466,5.1456629429233995
12846.62120899884,bench:264d4c26cb15a7ab,17,5.34907,0.9294252,4.971560454564
12850.635205977596,bench:264d4c26cb15a7ab,17,4.00064,0.928888,3.71614648832
12858.616847952362,bench:264d4c26cb15a7ab,17,5.31335,0.9299625,4.941216249375
12866.587972966954,bench:264d4c26cb15a7ab,17,3.91134,0.9186804,3.5932713957359996
12870.925577997696,bench:264d4c26cb15a7ab,17,5.13475,0.9197549,4.722711472775001
12882.562498969492,bench:264d4c26cb15a7ab,17,5.509809,0.9294252,5.120955331786799
12890.66771499347,bench:264d4c26cb15a7ab,17,4.05422,0.9291566,3.767005270852
12894.846024981234,bench:264d4c26cb15a7ab,17,5.358,0.9291566,4.9784210628
12902.62107696617,bench:264d4c26cb15a7ab,17,4.0185,0.9291566,3.7338157971000006
12907.04260696657,bench:264d4c26cb15a7ab,17,4.0185,0.9283507,3.73057728795
12911.131677974481,bench:264d4c26cb15a7ab,17,4.11673,0.9291566,3.8250868499179997
12918.697935994714,bench:264d4c26cb15a7ab,17,4.13459,0.928888,3.8405710359200005
12922.795283957385,bench:264d4c26cb15a7ab,17,5.38479,0.928888,5.00186681352
12926.941093988717,bench:264d4c26cb15a7ab,17,5.41158,0.9294252,5.029658823816
12934.234613960143,bench:264d4c26cb15a7ab,17,5.57232,0.9291566,5.177557905312001
12938.334536971524,bench:264d4c26cb15a7ab,17,4.05422,0.9286194,3.7648273438679998
12942.333718994632,bench:264d4c26cb15a7ab,17,4.03636,0.9294252,3.751494700272
12946.355919993948,bench:264d4c26cb15a7ab,17,4.13459,0.9296938,3.8439026885420002
12950.639561982825,bench:264d4c26cb15a7ab,17,5.34907,0.9291566,4.970123694362
12955.080350977369,bench:264d4c26cb15a7ab,17,5.358,0.9286194,4.975542745199999
12959.256290982012,bench:264d4c26cb15a7ab,17,5.43837,0.9299625,5.057480161125
12963.741154002491,bench:264d4c26cb15a7ab,17,5.52767,0.9294252,5.137555795283999
12970.65858496353,bench:264d4c26cb15a7ab,17,5.38479,0.9286194,5.0004204589259995
12975.118578004185,bench:264d4c26cb15a7ab,17,5.41158,0.9294252,5.029658823816
12979.239129985217,bench:264d4c26cb15a7ab,17,5.42944,0.9304997,5.052092291168
12983.440254000016,bench:264d4c26cb15a7ab,17,5.42944,0.9283507,5.040424424607999
12987.53141699126,bench:264d4c26cb15a7ab,17,5.59018,0.9304997,5.201660812946001
12994.520625972655,bench:264d4c26cb15a7ab,17,5.45623,0.9294252,5.0711576589959995
12998.718564980663,bench:264d4c26cb15a7ab,17,5.66162,0.9291566,5.260531589692
13006.559097964782,bench:264d4c26cb15a7ab,17,5.50088,0.9286194,5.108223885072
13014.276206959039,bench:264d4c26cb15a7ab,17,5.58125,0.9286194,5.18285702625
13022.518439975102,bench:264d4c26cb15a7ab,17,5.509809,0.9286194,5.1165155276946
13033.129166986328,gap,18,5.40265,0.9291566,5.01990790499
13037.14242397109,gap,18,1.58061,0.928888,1.4682096616800002
13042.83738596132,gap,18,1.38415,0.888595,1.22994876925
13047.196971951053,gap,18,1.38415,0.8883263,1.229576848145
13054.123587964568,gap,18,0.91979,0.7228564,0.664876088156
13061.80351198418,gap,18,1.08946,0.8182165,0.8914141480900001
13065.994580974802,gap,18,1.08053,0.8182165,0.884107474745
13073.085361975245,gap,18,0.9108599,0.7225879,0.6581763423352099
13077.17241399223,gap,18,0.8929999,0.7228564,0.6455106929143599
13081.246465968434,gap,18,0.90193,0.7228564,0.6519658728519999
13085.313018003944,gap,18,0.9108599,0.7220506,0.65768693731094
13089.401125966106,gap,18,0.90193,0.7225879,0.6517237046469999
13093.491232953966,gap,18,0.9108599,0.7225879,0.6581763423352099
13097.549359954428,gap,18,0.8929999,0.7228564,0.6455106929143599
13101.61078197416,gap,18,0.8929999,0.7228564,0.6455106929143599
13105.678648978937,gap,18,0.9108599,0.7225879,0.6581763423352099
13109.772811993025,gap,18,0.88407,0.7225879,0.638818284753
13113.837345968932,gap,18,0.88407,0.7225879,0.638818284753
13117.898101976607,gap,18,0.8929999,0.7223192,0.64503097336808
13121.95276498096,gap,18,0.9108599,0.7225879,0.6581763423352099
13126.027020975016,gap,18,0.91979,0.7225879,0.664629124541
13132.336457958445,gap,18,1.05374,0.8184852,0.8624705946479999
13137.05357798608,gap,18,1.06267,0.8184852,0.869779667484
13144.144525984302,gap,18,0.90193,0.7225879,0.6517237046469999
13148.228354984894,gap,18,0.8929999,0.7225879,0.6452709224412099
13152.2974819527,gap,18,0.87514,0.7241996,0.6337760379440001
13156.35599696543,gap,18,0.8929999,0.7228564,0.6455106929143599
13160.443325992674,gap,18,0.90193,0.7223192,0.6514813560560001
13164.51422998216,gap,18,0.90193,0.7225879,0.6517237046469999
13168.569226982072,gap,18,0.8929999,0.7223192,0.64503097336808
13172.641852986999,gap,18,0.8929999,0.7223192,0.64503097336808
13176.693071960472,gap,18,0.8929999,0.7228564,0.6455106929143599
13180.754458007868,gap,18,0.90193,0.7225879,0.6517237046469999
13184.827157994732,gap,18,0.9108599,0.7225879,0.6581763423352099
13188.88693198096,gap,18,0.9108599,0.7220506,0.65768693731094
13192.97439197544,gap,18,0.8929999,0.7223192,0.64503097336808
13197.030054987408,gap,18,0.87514,0.7223192,0.6321304246880001
13204.361907963175,gap,18,1.05374,0.8187538,0.8627536292119999
13211.360800953116,gap,18,0.87514,0.7225879,0.632365574806
13215.461667976342,gap,18,0.88407,0.7225879,0.638818284753
13219.599329982884,gap,18,0.90193,0.7228564,0.6519658728519999
13226.976348960306,gap,18,1.05374,0.8184852,0.8624705946479999
13231.157418980729,gap,18,1.06267,0.8187538,0.870065100646
13235.33098900225,gap,18,1.03588,0.8184852,0.847852448976
13239.502168959007,gap,18,1.0716,0.8182165,0.8768008014
13243.672312994022,gap,18,1.04481,0.8184852,0.855161521812
13247.820660995785,gap,18,1.08946,0.8182165,0.8914141480900001
13251.975452993065,gap,18,1.05374,0.8187538,0.8627536292119999
13256.110170972534,gap,18,1.12518,0.8182165,0.92064084147
13260.27151796734,gap,18,1.05374,0.8184852,0.8624705946479999
13264.429105969612,gap,18,1.05374,0.8187538,0.8627536292119999
13268.576101982035,gap,18,1.05374,0.8184852,0.8624705946479999
13272.733745980076,gap,18,1.04481,0.8182165,0.854880781365
13276.863612001762,gap,18,1.04481,0.8182165,0.854880781365
13281.027496966999,gap,18,1.04481,0.8182165,0.854880781365
13288.124758983031,gap,18,0.88407,0.7225879,0.638818284753
13292.19651495805,gap,18,0.90193,0.7223192,0.6514813560560001
13296.286529977806,gap,18,0.88407,0.7228564,0.639055657548
13303.642604965717,gap,18,1.0716,0.8182165,0.8768008014
13307.790655991994,gap,18,1.08053,0.8184852,0.884397813156
13314.81808598619,gap,18,0.8929999,0.7223192,0.64503097336808
13318.916841992177,gap,18,0.90193,0.7225879,0.6517237046469999
13323.013635003008,gap,18,0.87514,0.7228564,0.632600549896
13330.318987951614,gap,18,1.05374,0.8184852,0.8624705946479999
13334.54674197128,gap,18,1.06267,0.8184852,0.869779667484
13338.730051997118,gap,18,1.04481,0.8187538,0.855442157778
13345.85718496237,gap,18,0.8483499,0.7225879,0.61300737270621
13353.706198977306,gap,18,1.25913,0.9286194,1.1692525451220002
13360.672611976042,gap,18,1.25913,0.9283507,1.168914216891
13367.382025986444,gap,18,1.2502,0.9286194,1.16095997388
13371.54148495756,gap,18,1.2502,0.928888,1.1612957776000001
13375.692258006893,gap,18,1.2502,0.9283507,1.1606240451399998
13382.642985961866,gap,18,1.27699,0.9286194,1.185837687606
13389.369103999343,gap,18,1.2502,0.9283507,1.1606240451399998
13393.47839599941,gap,18,1.2502,0.9286194,1.16095997388
13400.464067002758,gap,18,1.25913,0.928888,1.1695907474400002
13407.277091988362,gap,18,1.2502,0.9283507,1.1606240451399998
13411.411717999727,gap,18,1.2502,0.928888,1.1612957776000001
13415.544842951931,gap,18,1.23234,0.9280821,1.143712695114
13423.374098958448,gap,18,0.8929999,0.7225879,0.6452709224412099
13430.670377973001,gap,18,1.05374,0.8182165,0.8621874547099999
13437.709844962228,gap,18,0.90193,0.7223192,0.6514813560560001
13445.073623966891,gap,18,1.04481,0.8184852,0.855161521812
13449.237692984752,gap,18,1.05374,0.8182165,0.8621874547099999
13456.298122997396,gap,18,0.8929999,0.7225879,0.6452709224412099
13460.410785977729,gap,18,0.87514,0.7223192,0.6321304246880001
13464.512892998755,gap,18,0.87514,0.7225879,0.632365574806
13471.888393978588,gap,18,1.04481,0.8187538,0.855442157778
13478.965637972578,gap,18,0.87514,0.7228564,0.632600549896
13483.06367098121,gap,18,0.87514,0.7225879,0.632365574806
13487.145222956315,gap,18,0.87514,0.7225879,0.632365574806
13491.218441980891,gap,18,0.8929999,0.7223192,0.64503097336808
13498.508146964014,gap,18,1.05374,0.8184852,0.8624705946479999
13505.604817008134,gap,18,0.87514,0.7225879,0.632365574806
13509.676054993179,gap,18,0.88407,0.7223192,0.638580735144
13513.769087963738,gap,18,0.8929999,0.7228564,0.6455106929143599
13517.857583996374,gap,18,0.8929999,0.7220506,0.64479111359494
13525.21471498767,gap,18,1.04481,0.8182165,0.854880781365
13529.353617981542,gap,18,1.04481,0.8184852,0.855161521812
13536.42854798818,gap,18,0.8929999,0.7220506,0.64479111359494
13544.730502006132,gap,18,1.05374,0.8184852,0.8624705946479999
13562.885839957744,gap,18,0.88407,0.7225879,0.638818284753
