t_ms,phase,window_id,I_A,V_V,P_W
4.3624399695545435,warmup,1,1.63419,0.9286194,1.517540537286
11.717979970853776,warmup,1,1.41094,0.888595,1.2537542293000001
38.044930959586054,warmup,1,1.41094,0.8891322,1.2545121862680002
43.629025982227176,warmup,1,4.12566,0.8883263,3.664932282858
74.61057999171317,warmup,1,3.67023,0.8485706,3.114449273238
80.6668929872103,warmup,1,1.62526,0.9283507,1.508811258682
88.12967297853902,warmup,1,1.34843,0.8732836,1.177561804748
103.4940619720146,warmup,1,1.3395,0.8732836,1.1697633822
107.93372296029702,baseline_A,2,1.3395,0.8732836,1.1697633822
111.9276299723424,baseline_A,2,1.34843,0.8735522,1.177923993046
119.10022696247324,baseline_A,2,1.09839,0.8184852,0.899015958828
123.28681699000299,baseline_A,2,1.11625,0.8182165,0.913334168125
127.48018396086991,baseline_A,2,1.09839,0.8184852,0.899015958828
134.48809797409922,baseline_A,2,0.9465799,0.7223192,0.6837328361040801
138.5948919923976,baseline_A,2,0.9465799,0.7223192,0.6837328361040801
142.6761679467745,baseline_A,2,0.9465799,0.7225879,0.68398718212321
146.79792494280264,baseline_A,2,0.93765,0.7225879,0.6775345444349999
153.10727094765753,baseline_A,2,1.09839,0.8184852,0.899015958828
157.82502194633707,baseline_A,2,1.10732,0.8187538,0.906622457816
163.9048899523914,baseline_A,2,0.93765,0.7225879,0.6775345444349999
168.44497597776353,baseline_A,2,0.93765,0.7220506,0.6770307450899999
172.59321396704763,baseline_A,2,0.93765,0.7228564,0.6777863034599999
176.6845079837367,baseline_A,2,0.9465799,0.7220506,0.68347858474294
180.75970996869728,baseline_A,2,0.93765,0.7225879,0.6775345444349999
184.8486889502965,baseline_A,2,0.9287199,0.7223192,0.67083221519208
192.16067396337166,baseline_A,2,1.09839,0.8187538,0.8993109863819999
199.18108894489706,baseline_A,2,0.9287199,0.7223192,0.67083221519208
203.2761229784228,baseline_A,2,0.93765,0.7225879,0.6775345444349999
207.39852800033987,baseline_A,2,0.93765,0.7220506,0.6770307450899999
211.48695197189227,baseline_A,2,0.93765,0.7225879,0.6775345444349999
215.565116959624,baseline_A,2,0.9287199,0.7225879,0.67108176222921
219.63781799422577,baseline_A,2,0.93765,0.7225879,0.6775345444349999
223.70159398997203,baseline_A,2,0.93765,0.7225879,0.6775345444349999
229.93386798771098,baseline_A,2,1.09839,0.8184852,0.899015958828
234.66552596073598,baseline_A,2,1.11625,0.8184852,0.9136341045
241.75917997490615,baseline_A,2,0.9287199,0.7220506,0.67058276102694
245.82117795944214,baseline_A,2,0.93765,0.7223192,0.67728259788
249.9018429662101,baseline_A,2,0.93765,0.7225879,0.6775345444349999
253.99624794954434,baseline_A,2,0.9465799,0.7225879,0.68398718212321
262.32724194414914,baseline_A,2,1.09839,0.8184852,0.899015958828
269.35030397726223,baseline_A,2,0.93765,0.7228564,0.6777863034599999
276.88043599482626,baseline_A,2,1.09839,0.8182165,0.898720821435
281.0503959772177,baseline_A,2,1.12518,0.8182165,0.92064084147
287.09646698553115,baseline_A,2,0.93765,0.7228564,0.6777863034599999
291.6211829870008,baseline_A,2,0.93765,0.7223192,0.67728259788
295.7281439448707,baseline_A,2,0.9287199,0.7228564,0.67133112352236
299.82751194620505,baseline_A,2,0.9287199,0.7223192,0.67083221519208
307.1943669929169,baseline_A,2,1.09839,0.8184852,0.899015958828
314.47200098773465,baseline_A,2,0.91979,0.7225879,0.664629124541
318.609423993621,baseline_A,2,1.37522,0.7225879,0.993717331838
326.4597189845517,baseline_A,2,1.40201,0.928888,1.30231026488
333.4714109660126,baseline_A,2,1.33057,0.9286194,1.235593115058
340.27627197792754,baseline_A,2,1.33057,0.9286194,1.235593115058
344.4329909980297,baseline_A,2,1.31271,0.9286194,1.219007972574
351.40671994304284,baseline_A,2,1.31271,0.9283507,1.218655247397
358.1755069899373,baseline_A,2,1.28592,0.928888,1.19447565696
362.33628197805956,baseline_A,2,1.29485,0.9283507,1.202074903895
366.46594596095383,baseline_A,2,1.29485,0.928888,1.2027706268
370.6194429541938,baseline_A,2,1.28592,0.9286194,1.1941302588479998
377.634190954268,baseline_A,2,1.31271,0.9286194,1.219007972574
381.79750298149884,baseline_A,2,1.33057,0.9283507,1.235235590899
385.9741479973309,baseline_A,2,1.32164,0.9283507,1.2269454191479998
392.1890700003132,baseline_A,2,1.05374,0.8182165,0.8621874547099999
397.98427297500893,baseline_A,2,1.10732,0.8184852,0.9063250316640001
405.07087198784575,baseline_A,2,0.91979,0.7225879,0.664629124541
409.1414069989696,baseline_A,2,0.93765,0.7228564,0.6777863034599999
413.2439599488862,baseline_A,2,0.9287199,0.721782,0.6703333068618
417.3161799553782,baseline_A,2,0.91979,0.7225879,0.664629124541
424.69068395439535,baseline_A,2,1.08946,0.8187538,0.891999514948
431.7822639713995,baseline_A,2,0.9287199,0.7223192,0.67083221519208
435.85598398931324,baseline_A,2,0.9287199,0.7220506,0.67058276102694
439.9206119705923,baseline_A,2,0.9287199,0.7223192,0.67083221519208
444.0192019683309,baseline_A,2,0.93765,0.7225879,0.6775345444349999
451.3255389756523,baseline_A,2,1.08946,0.8187538,0.891999514948
458.465970994439,baseline_A,2,0.9108599,0.7223192,0.65793159428008
462.55519095575437,baseline_A,2,0.9465799,0.7225879,0.68398718212321
466.6156889870763,baseline_A,2,0.9108599,0.7225879,0.6581763423352099
470.7033899612725,baseline_A,2,0.93765,0.7225879,0.6775345444349999
478.08711597463116,baseline_A,2,1.08946,0.8187538,0.891999514948
482.27464995579794,baseline_A,2,1.09839,0.8184852,0.899015958828
486.43538798205554,baseline_A,2,1.08946,0.8184852,0.8917068859920001
490.57727394392714,baseline_A,2,1.08946,0.8187538,0.891999514948
494.7357889614068,baseline_A,2,1.09839,0.8179479,0.898425793881
498.8877309951931,baseline_A,2,1.10732,0.8187538,0.906622457816
503.0201359768398,baseline_A,2,1.08946,0.8184852,0.8917068859920001
507.17870699008927,baseline_A,2,1.09839,0.8179479,0.898425793881
514.2871019779705,baseline_A,2,0.91979,0.7225879,0.664629124541
518.4301359695382,baseline_A,2,0.9287199,0.7225879,0.67108176222921
522.5645219907165,baseline_A,2,0.9287199,0.7228564,0.67133112352236
526.6532979439944,baseline_A,2,0.91979,0.7225879,0.664629124541
530.7238699751906,baseline_A,2,0.9108599,0.7223192,0.65793159428008
534.8134229425341,baseline_A,2,0.9108599,0.7223192,0.65793159428008
542.1642969595268,baseline_A,2,1.08946,0.8187538,0.891999514948
546.3217939832248,baseline_A,2,1.10732,0.8184852,0.9063250316640001
553.3390789641999,baseline_A,2,0.93765,0.7225879,0.6775345444349999
557.4170209583826,baseline_A,2,0.91979,0.7225879,0.664629124541
561.5319079952314,baseline_A,2,0.9287199,0.7225879,0.67108176222921
568.8858739449643,baseline_A,2,1.09839,0.8182165,0.898720821435
573.0121489614248,baseline_A,2,1.20555,0.8182165,0.9864009015749999
580.0436369609088,baseline_A,2,0.9287199,0.7223192,0.67083221519208
584.1283759800717,baseline_A,2,0.9108599,0.7223192,0.65793159428008
588.2221699575894,baseline_A,2,0.91979,0.7228564,0.664876088156
595.5788029823452,baseline_A,2,1.09839,0.8184852,0.899015958828
602.6105499477126,baseline_A,2,0.9287199,0.7225879,0.67108176222921
606.6891589434817,baseline_A,2,0.91979,0.7225879,0.664629124541
610.754934954457,baseline_A,2,0.91979,0.7228564,0.664876088156
614.8551179794595,baseline_A,2,0.9287199,0.7223192,0.67083221519208
618.9339489792474,baseline_A,2,0.9108599,0.7223192,0.65793159428008
623.0420029605739,baseline_A,2,0.90193,0.7220506,0.651239097658
630.3930989815854,baseline_A,2,1.0716,0.8184852,0.8770887403200001
634.542410960421,baseline_A,2,1.08946,0.8182165,0.8914141480900001
638.6698709684424,baseline_A,2,1.08053,0.8184852,0.884397813156
642.8180909715593,baseline_A,2,1.08946,0.8187538,0.891999514948
649.8404859448783,baseline_A,2,0.9108599,0.7223192,0.65793159428008
653.9091689628549,baseline_A,2,0.9287199,0.7223192,0.67083221519208
657.976611983031,baseline_A,2,0.9287199,0.7225879,0.67108176222921
662.0515169925056,baseline_A,2,0.9108599,0.7223192,0.65793159428008
666.1134409951046,baseline_A,2,0.93765,0.7225879,0.6775345444349999
670.1879019965418,baseline_A,2,0.93765,0.7223192,0.67728259788
674.2784919915721,baseline_A,2,0.9108599,0.7223192,0.65793159428008
678.3512679976411,baseline_A,2,0.9287199,0.7223192,0.67083221519208
682.4116739444435,baseline_A,2,0.9287199,0.7223192,0.67083221519208
686.4655609824695,baseline_A,2,0.91979,0.7225879,0.664629124541
690.5448919860646,baseline_A,2,0.91979,0.7225879,0.664629124541
694.6269269683398,baseline_A,2,0.9287199,0.7225879,0.67108176222921
698.704257956706,baseline_A,2,0.9287199,0.7228564,0.67133112352236
702.7647929498926,baseline_A,2,0.9287199,0.7225879,0.67108176222921
706.8245869595557,baseline_A,2,0.9287199,0.7220506,0.67058276102694
710.8928999514319,baseline_A,2,0.9287199,0.7228564,0.67133112352236
714.9797499878332,baseline_A,2,0.93765,0.7225879,0.6775345444349999
719.0433779614978,baseline_A,2,0.9108599,0.7223192,0.65793159428008
723.1515229796059,baseline_A,2,0.9287199,0.7225879,0.67108176222921
729.4793329783715,baseline_A,2,1.08946,0.8174106,0.890536152276
734.187176974956,baseline_A,2,1.09839,0.8184852,0.899015958828
738.360802992247,baseline_A,2,1.11625,0.8184852,0.9136341045
742.5199119606987,baseline_A,2,1.08946,0.8184852,0.8917068859920001
746.661945944652,baseline_A,2,1.08946,0.8179479,0.8911215191340001
750.8254619897343,baseline_A,2,1.08946,0.8184852,0.8917068859920001
756.8824959453195,baseline_A,2,0.91979,0.7220506,0.664134921374
761.4159519434907,baseline_A,2,0.93765,0.7228564,0.6777863034599999
765.5354679445736,baseline_A,2,0.9287199,0.7223192,0.67083221519208
769.6138919563964,baseline_A,2,0.9287199,0.7225879,0.67108176222921
776.9592479453422,baseline_A,2,1.08053,0.8182165,0.884107474745
784.0353089850396,baseline_A,2,0.91979,0.7223192,0.664381976968
788.1258259876631,baseline_A,2,0.9108599,0.7225879,0.6581763423352099
792.1893419697881,baseline_A,2,0.91979,0.7228564,0.664876088156
800.2955239498988,baseline_A,2,0.91979,0.7225879,0.664629124541
806.5388159593567,baseline_A,2,1.0716,0.8184852,0.8770887403200001
811.249844962731,baseline_A,2,1.08946,0.8184852,0.8917068859920001
818.3236289769411,baseline_A,2,0.9287199,0.7220506,0.67058276102694
822.415774979163,baseline_A,2,0.91979,0.7228564,0.664876088156
829.7061859630048,baseline_A,2,1.08053,0.8184852,0.884397813156
836.7539699538611,baseline_A,2,0.9287199,0.7228564,0.67133112352236
840.8731899689883,baseline_A,2,0.9108599,0.7225879,0.6581763423352099
844.9826139840297,baseline_A,2,1.14304,0.7223192,0.8256397383680001
851.27833095612,baseline_A,2,1.08946,0.8187538,0.891999514948
855.9989339555614,baseline_A,2,1.08946,0.8184852,0.8917068859920001
863.029847969301,baseline_A,2,0.91979,0.7220506,0.664134921374
867.1660299878567,baseline_A,2,0.9287199,0.7225879,0.67108176222921
871.2626389460638,baseline_A,2,0.9108599,0.7225879,0.6581763423352099
878.7441969616339,baseline_A,2,1.09839,0.8179479,0.898425793881
882.931767962873,baseline_A,2,1.08946,0.8187538,0.891999514948
890.015588956885,baseline_A,2,0.9287199,0.7225879,0.67108176222921
894.083030987531,baseline_A,2,0.9287199,0.7225879,0.67108176222921
898.1929729925469,baseline_A,2,0.9287199,0.7225879,0.67108176222921
902.2696009487845,baseline_A,2,0.91979,0.7220506,0.664134921374
909.5736229792237,baseline_A,2,1.08946,0.8182165,0.8914141480900001
916.6527219931595,baseline_A,2,0.9108599,0.7225879,0.6581763423352099
920.7262939889915,baseline_A,2,0.91979,0.7225879,0.664629124541
924.8058659723029,baseline_A,2,0.9108599,0.7223192,0.65793159428008
928.8928079768084,baseline_A,2,0.91979,0.7223192,0.664381976968
936.1914969631471,baseline_A,2,1.10732,0.8184852,0.9063250316640001
943.273632961791,baseline_A,2,0.9287199,0.7225879,0.67108176222921
947.3642049706541,baseline_A,2,0.91979,0.7225879,0.664629124541
951.4573139604181,baseline_A,2,0.93765,0.7225879,0.6775345444349999
955.5469039478339,baseline_A,2,0.9108599,0.7223192,0.65793159428008
959.6197169739753,baseline_A,2,0.91979,0.7225879,0.664629124541
963.7122329440899,baseline_A,2,0.9287199,0.7223192,0.67083221519208
967.7664909977466,baseline_A,2,0.9287199,0.7223192,0.67083221519208
971.8417109688744,baseline_A,2,0.9287199,0.7225879,0.67108176222921
975.8951159892604,baseline_A,2,0.9287199,0.7225879,0.67108176222921
979.9762629554607,baseline_A,2,0.91979,0.7225879,0.664629124541
984.0413719648495,baseline_A,2,0.9287199,0.7228564,0.67133112352236
988.1524429656565,baseline_A,2,0.90193,0.7225879,0.6517237046469999
995.4715029452927,baseline_A,2,1.08053,0.8184852,0.884397813156
999.6370179578662,baseline_A,2,1.08946,0.8184852,0.8917068859920001
1006.6566729801707,baseline_A,2,0.9287199,0.7223192,0.67083221519208
1010.7421149732545,baseline_A,2,0.91979,0.7228564,0.664876088156
1018.1046369834803,baseline_A,2,1.08053,0.8184852,0.884397813156
1025.1277919742279,baseline_A,2,0.9287199,0.7228564,0.67133112352236
1029.1904939804226,baseline_A,2,0.9287199,0.7228564,0.67133112352236
1033.2862319773994,baseline_A,2,0.9108599,0.7220506,0.65768693731094
1037.3459339607507,baseline_A,2,0.91979,0.7223192,0.664381976968
1041.4436539867893,baseline_A,2,0.9287199,0.7225879,0.67108176222921
1045.5061149550602,baseline_A,2,0.91979,0.7225879,0.664629124541
1049.5743539649993,baseline_A,2,0.9108599,0.7228564,0.65842090821836
1053.6240739747882,baseline_A,2,0.9108599,0.7223192,0.65793159428008
1057.6892019598745,baseline_A,2,0.91979,0.7223192,0.664381976968
1061.7555329808965,baseline_A,2,0.9108599,0.7225879,0.6581763423352099
1065.8272719592787,baseline_A,2,0.9287199,0.7223192,0.67083221519208
1069.8808999732137,baseline_A,2,0.9108599,0.7223192,0.65793159428008
1073.9542309893295,baseline_A,2,0.91979,0.7223192,0.664381976968
1078.0237849685363,baseline_A,2,0.9108599,0.7225879,0.6581763423352099
1082.1071339887567,baseline_A,2,0.9108599,0.7225879,0.6581763423352099
1086.169798974879,baseline_A,2,0.9287199,0.7225879,0.67108176222921
1090.2694999822415,baseline_A,2,0.9108599,0.7225879,0.6581763423352099
1097.6253369590268,baseline_A,2,1.06267,0.8182165,0.869494128055
1101.7777599627152,baseline_A,2,1.08946,0.8182165,0.8914141480900001
1108.810747973621,baseline_A,2,0.91979,0.7220506,0.664134921374
1112.8591729793698,baseline_A,2,0.9287199,0.7228564,0.67133112352236
1116.9390779687092,baseline_A,2,0.9287199,0.7225879,0.67108176222921
1120.9891689941287,baseline_A,2,1.00016,0.7223192,0.722434771072
1125.0777959940024,baseline_A,2,0.91979,0.7225879,0.664629124541
1129.1313309920952,baseline_A,2,0.9287199,0.7223192,0.67083221519208
1133.1968849990517,baseline_A,2,0.90193,0.7225879,0.6517237046469999
1137.2681229840964,baseline_A,2,0.9287199,0.7223192,0.67083221519208
1141.3955279858783,baseline_A,2,1.11625,0.7225879,0.806588743375
1148.7450319691561,baseline_A,2,1.10732,0.8184852,0.9063250316640001
1152.9116769670509,baseline_A,2,1.08946,0.8184852,0.8917068859920001
1159.919090976473,baseline_A,2,0.9287199,0.7223192,0.67083221519208
1163.9833119697869,baseline_A,2,0.91979,0.7223192,0.664381976968
1168.0526979616843,baseline_A,2,0.91979,0.7228564,0.664876088156
1172.1311039873399,baseline_A,2,0.9108599,0.7223192,0.65793159428008
1176.203730981797,baseline_A,2,0.9287199,0.7228564,0.67133112352236
1180.2723959553987,baseline_A,2,0.91979,0.7225879,0.664629124541
1184.3523939605802,baseline_A,2,0.9108599,0.7225879,0.6581763423352099
1191.7081569554284,baseline_A,2,1.08946,0.8184852,0.8917068859920001
1195.8610799629241,baseline_A,2,1.0716,0.8187538,0.8773765720800001
1202.872067980934,baseline_A,2,0.9287199,0.7220506,0.67058276102694
1206.9288439815864,baseline_A,2,0.9287199,0.7225879,0.67108176222921
1214.2203849507496,baseline_A,2,1.08946,0.8182165,0.8914141480900001
1221.2445209734142,baseline_A,2,0.9108599,0.721782,0.6574422803418
1225.3247779444791,baseline_A,2,0.91979,0.7223192,0.664381976968
1229.3992019840516,baseline_A,2,0.9287199,0.7220506,0.67058276102694
1233.4796259528957,baseline_A,2,0.91979,0.7228564,0.664876088156
1237.5526239629835,baseline_A,2,0.9287199,0.7223192,0.67083221519208
1241.624399961438,baseline_A,2,0.9287199,0.7225879,0.67108176222921
1245.6924529979005,baseline_A,2,0.9287199,0.7225879,0.67108176222921
1249.7449139482342,baseline_A,2,0.9108599,0.7225879,0.6581763423352099
1253.8143009878695,baseline_A,2,0.9287199,0.7223192,0.67083221519208
1257.8826879616827,baseline_A,2,0.9108599,0.7225879,0.6581763423352099
1261.957481969148,baseline_A,2,0.9108599,0.7223192,0.65793159428008
1266.0327029880136,baseline_A,2,0.9108599,0.7220506,0.65768693731094
1270.0962929520756,baseline_A,2,0.9108599,0.7223192,0.65793159428008
1274.14819895057,baseline_A,2,0.9287199,0.7223192,0.67083221519208
1278.2150859711692,baseline_A,2,0.9108599,0.7225879,0.6581763423352099
1282.2707319865003,baseline_A,2,0.9108599,0.7225879,0.6581763423352099
1286.3353779539466,baseline_A,2,0.9108599,0.7220506,0.65768693731094
1290.4114869888872,baseline_A,2,0.9108599,0.7225879,0.6581763423352099
1294.5422069751658,baseline_A,2,1.36629,0.7223192,0.9868974997680001
1300.8291459991597,baseline_A,2,1.0716,0.8184852,0.8770887403200001
1305.536323983688,baseline_A,2,1.0716,0.8182165,0.8768008014
1312.6047369441949,baseline_A,2,0.91979,0.7225879,0.664629124541
1316.717012959998,baseline_A,2,0.91979,0.7223192,0.664381976968
1320.9503979887813,baseline_A,2,0.8662101,0.7225879,0.62591293711779
1328.82317394251,baseline_A,2,1.33057,0.9294252,1.236665288364
1335.724644945003,baseline_A,2,1.30378,0.928888,1.21106559664
1342.455098987557,baseline_A,2,1.26806,0.9283507,1.1772043886419998
1346.581706951838,baseline_A,2,1.27699,0.9283507,1.185494560393
1353.6018809536472,baseline_A,2,1.30378,0.928888,1.21106559664
1360.416222945787,baseline_A,2,1.30378,0.9283507,1.2103650756459998
1364.534553955309,baseline_A,2,1.26806,0.9283507,1.1772043886419998
1368.63906995859,baseline_A,2,1.28592,0.9286194,1.1941302588479998
1372.7474929764867,baseline_A,2,1.30378,0.9283507,1.2103650756459998
1379.7555929631926,baseline_A,2,1.31271,0.9286194,1.219007972574
1386.535842961166,baseline_A,2,1.28592,0.9283507,1.1937847321439998
1390.6345249852166,baseline_A,2,1.26806,0.9286194,1.177545116364
1398.4822279890068,baseline_A,2,0.9287199,0.7223192,0.67083221519208
1404.9787769909017,baseline_A,2,1.14304,0.8187538,0.935868343552
1409.6913429675624,baseline_A,2,1.08053,0.8182165,0.884107474745
1416.7709779576398,baseline_A,2,0.9287199,0.7225879,0.67108176222921
1420.8347729872912,baseline_A,2,0.90193,0.7225879,0.6517237046469999
1424.8995299567468,baseline_A,2,0.90193,0.7223192,0.6514813560560001
1428.9775459910743,baseline_A,2,1.64312,0.7223192,1.186857123904
1433.0594149651006,baseline_A,2,0.9108599,0.7223192,0.65793159428008
1437.1137279667892,baseline_A,2,0.9287199,0.7225879,0.67108176222921
1441.2176329642534,baseline_A,2,0.9287199,0.7223192,0.67083221519208
1445.2865749481134,baseline_A,2,0.91979,0.7223192,0.664381976968
1449.349684000481,baseline_A,2,0.91979,0.7223192,0.664381976968
1453.400922997389,baseline_A,2,0.9287199,0.7225879,0.67108176222921
1457.4620139901526,baseline_A,2,0.8929999,0.7223192,0.64503097336808
1461.5392149426043,baseline_A,2,0.9108599,0.7228564,0.65842090821836
1465.6428609741852,baseline_A,2,0.9108599,0.7225879,0.6581763423352099
1472.9990129708312,baseline_A,2,1.13411,0.8184852,0.928252250172
1477.141250972636,baseline_A,2,1.08053,0.8184852,0.884397813156
1483.193895954173,baseline_A,2,0.9287199,0.7225879,0.67108176222921
1487.7082609455101,baseline_A,2,0.91979,0.7225879,0.664629124541
1491.7766099679284,baseline_A,2,0.9108599,0.7225879,0.6581763423352099
1495.8865519729443,baseline_A,2,0.9287199,0.7223192,0.67083221519208
1500.023512984626,baseline_A,2,0.9108599,0.7223192,0.65793159428008
1504.1450659628026,baseline_A,2,0.9287199,0.7225879,0.67108176222921
1511.4514399901964,baseline_A,2,1.08053,0.8182165,0.884107474745
1518.5350939864293,baseline_A,2,0.9287199,0.7223192,0.67083221519208
1522.6059809792787,baseline_A,2,0.9287199,0.7223192,0.67083221519208
1529.9758359906264,baseline_A,2,1.0716,0.8182165,0.8768008014
1537.0593799743801,baseline_A,2,0.93765,0.7225879,0.6775345444349999
1541.1416549468413,baseline_A,2,0.91979,0.7225879,0.664629124541
1545.2362079522572,baseline_A,2,0.90193,0.7225879,0.6517237046469999
1549.307594948914,baseline_A,2,0.9287199,0.7223192,0.67083221519208
1556.6835619974881,baseline_A,2,1.0716,0.8184852,0.8770887403200001
1563.7654569582082,baseline_A,2,0.9108599,0.7225879,0.6581763423352099
1567.8558059735224,baseline_A,2,0.91979,0.7225879,0.664629124541
1571.936285996344,baseline_A,2,0.90193,0.7225879,0.6517237046469999
1575.9991909726523,baseline_A,2,0.9108599,0.7220506,0.65768693731094
1583.2844729884528,baseline_A,2,1.0716,0.8182165,0.8768008014
1590.4488859814592,baseline_A,2,0.91979,0.7225879,0.664629124541
1594.526179949753,baseline_A,2,0.9287199,0.7223192,0.67083221519208
1598.590992973186,baseline_A,2,1.11625,0.7225879,0.806588743375
1602.7144529507495,baseline_A,2,0.9108599,0.7223192,0.65793159428008
1610.0624009850435,baseline_A,2,1.0716,0.8182165,0.8768008014
1614.2035649972968,baseline_A,2,1.0716,0.8184852,0.8770887403200001
1621.2774789892137,baseline_A,2,0.9108599,0.7241996,0.65964437523604
1625.3804579610005,baseline_A,2,0.8929999,0.7223192,0.64503097336808
1629.5025289873593,baseline_A,2,0.9287199,0.7225879,0.67108176222921
1635.7273029861972,baseline_A,2,1.06267,0.8182165,0.869494128055
1640.4347579809837,baseline_A,2,1.08946,0.8179479,0.8911215191340001
1647.4669309682213,baseline_A,2,0.91979,0.7220506,0.664134921374
1651.5428369748406,baseline_A,2,0.9287199,0.7223192,0.67083221519208
1655.6167229427956,baseline_A,2,0.9108599,0.7225879,0.6581763423352099
1659.6943509648554,baseline_A,2,0.9108599,0.7223192,0.65793159428008
1663.7785889906809,baseline_A,2,0.9108599,0.7223192,0.65793159428008
1667.8441619733348,baseline_A,2,0.91979,0.7220506,0.664134921374
1671.8908449984156,baseline_A,2,0.90193,0.7225879,0.6517237046469999
1675.9736019885167,baseline_A,2,0.9287199,0.7223192,0.67083221519208
1680.059710983187,baseline_A,2,0.91979,0.7220506,0.664134921374
1684.1199309565127,baseline_A,2,0.9108599,0.7225879,0.6581763423352099
1688.2070399587974,baseline_A,2,0.9287199,0.7223192,0.67083221519208
1692.2914639580995,baseline_A,2,0.9108599,0.7225879,0.6581763423352099
1696.385498973541,baseline_A,2,0.9108599,0.7223192,0.65793159428008
1703.7545949569903,baseline_A,2,1.08053,0.8184852,0.884397813156
1707.9008879954927,baseline_A,2,1.0716,0.8184852,0.8770887403200001
1714.9261359591037,baseline_A,2,0.8929999,0.7223192,0.64503097336808
1719.0392629709095,baseline_A,2,0.9108599,0.7225879,0.6581763423352099
1723.1242419802584,baseline_A,2,0.9287199,0.7228564,0.67133112352236
1730.771038972307,baseline_A,2,1.08053,0.8184852,0.884397813156
1734.9146659835242,baseline_A,2,1.06267,0.8182165,0.869494128055
1741.0266809747554,baseline_A,2,0.91979,0.7223192,0.664381976968
1745.5628049792722,baseline_A,2,0.9108599,0.7223192,0.65793159428008
1749.6394139598124,baseline_A,2,0.91979,0.7225879,0.664629124541
1753.6925599561073,baseline_A,2,0.91979,0.7223192,0.664381976968
1757.7482059714384,baseline_A,2,0.8929999,0.7225879,0.6452709224412099
1761.8175559910014,baseline_A,2,0.90193,0.7225879,0.6517237046469999
1765.8669619704597,baseline_A,2,0.9108599,0.7225879,0.6581763423352099
1769.9524409836158,baseline_A,2,0.91979,0.7225879,0.664629124541
1774.0267349872738,baseline_A,2,0.9108599,0.7223192,0.65793159428008
1778.089621977415,baseline_A,2,0.91979,0.7220506,0.664134921374
1782.1662679780275,baseline_A,2,0.9108599,0.7223192,0.65793159428008
1786.234691971913,baseline_A,2,0.9108599,0.7223192,0.65793159428008
1790.2937639737502,baseline_A,2,0.9287199,0.7220506,0.67058276102694
1794.3528729956597,baseline_A,2,0.9108599,0.7223192,0.65793159428008
1802.4292959598824,baseline_A,2,0.91979,0.7225879,0.664629124541
1806.5074419719167,baseline_A,2,0.90193,0.7220506,0.651239097658
1810.569958994165,baseline_A,2,0.9287199,0.7225879,0.67108176222921
1814.6487159538083,baseline_A,2,0.91979,0.7225879,0.664629124541
1818.7093059532344,baseline_A,2,0.9108599,0.7223192,0.65793159428008
1822.773118969053,baseline_A,2,0.9108599,0.7220506,0.65768693731094
1826.8374689505436,baseline_A,2,0.9108599,0.7225879,0.6581763423352099
1830.8894299552776,baseline_A,2,0.91979,0.7225879,0.664629124541
1834.9613539758138,baseline_A,2,0.91979,0.7223192,0.664381976968
1839.0904629486613,baseline_A,2,0.91979,0.7220506,0.664134921374
1843.2121079531498,baseline_A,2,0.9108599,0.7225879,0.6581763423352099
1847.35788294347,baseline_A,2,0.9108599,0.7228564,0.65842090821836
1851.450195943471,baseline_A,2,0.9287199,0.7225879,0.67108176222921
1858.7286819820292,baseline_A,2,1.06267,0.8182165,0.869494128055
1862.8855489660054,baseline_A,2,1.0716,0.8184852,0.8770887403200001
1869.9902959633619,baseline_A,2,0.9287199,0.7225879,0.67108176222921
1874.0568489884026,baseline_A,2,0.9287199,0.7225879,0.67108176222921
1878.1263099517673,baseline_A,2,0.9108599,0.7225879,0.6581763423352099
1882.220751955174,baseline_A,2,0.90193,0.7225879,0.6517237046469999
1886.3178059691563,baseline_A,2,0.9108599,0.7223192,0.65793159428008
1890.3798219980672,baseline_A,2,0.91979,0.7223192,0.664381976968
1894.467634963803,baseline_A,2,0.8929999,0.7223192,0.64503097336808
1898.5595959820785,baseline_A,2,0.9108599,0.7223192,0.65793159428008
1902.6367419864982,baseline_A,2,0.9287199,0.7223192,0.67083221519208
1908.9476629742421,baseline_A,2,1.63419,0.8184852,1.337560328988
1913.6394139495678,baseline_A,2,1.08946,0.8182165,0.8914141480900001
1920.710178965237,baseline_A,2,0.91979,0.7228564,0.664876088156
1924.8338809702545,baseline_A,2,0.9108599,0.7225879,0.6581763423352099
1928.9441559812985,baseline_A,2,0.90193,0.7223192,0.6514813560560001
1936.3126039970666,baseline_A,2,1.06267,0.8187538,0.870065100646
1940.4459719662555,baseline_A,2,1.08053,0.8184852,0.884397813156
1947.478162997868,baseline_A,2,0.9108599,0.7225879,0.6581763423352099
1951.5503089642152,baseline_A,2,0.9108599,0.7223192,0.65793159428008
1955.6214369949885,baseline_A,2,0.9108599,0.7225879,0.6581763423352099
1959.7049159929156,baseline_A,2,0.9108599,0.7225879,0.6581763423352099
1963.780432997737,baseline_A,2,0.9287199,0.7225879,0.67108176222921
1967.8373009664938,baseline_A,2,0.90193,0.7223192,0.6514813560560001
1971.933242981322,baseline_A,2,0.9108599,0.7223192,0.65793159428008
1976.0138519923203,baseline_A,2,0.91979,0.7223192,0.664381976968
1980.0870359758846,baseline_A,2,0.90193,0.7223192,0.6514813560560001
1984.1581079526804,baseline_A,2,0.8929999,0.7223192,0.64503097336808
1988.2361609488726,baseline_A,2,0.8929999,0.7225879,0.6452709224412099
1992.2920109820552,baseline_A,2,0.9108599,0.7223192,0.65793159428008
1996.4031569543295,baseline_A,2,0.9287199,0.7223192,0.67083221519208
2003.7444569752552,baseline_A,2,1.08053,0.8182165,0.884107474745
2007.8813609434292,baseline_A,2,1.08053,0.8187538,0.884688043514
2013.9550249441527,baseline_A,2,0.90193,0.7228564,0.6519658728519999
2021.193622960709,baseline_A,2,1.08053,0.8184852,0.884397813156
2025.8611329481937,baseline_A,2,1.0716,0.8187538,0.8773765720800001
2032.904305960983,baseline_A,2,0.90193,0.7225879,0.6517237046469999
2036.9913409813307,baseline_A,2,1.15197,0.7225879,0.8323995831629999
2041.0825239960104,baseline_A,2,0.9108599,0.7223192,0.65793159428008
2048.4130469849333,baseline_A,2,1.09839,0.8184852,0.899015958828
2055.439534946345,baseline_A,2,0.9108599,0.7225879,0.6581763423352099
2059.5417359727435,baseline_A,2,0.8929999,0.7220506,0.64479111359494
2063.6358259944245,baseline_A,2,0.87514,0.7225879,0.632365574806
2070.9866259712726,baseline_A,2,1.06267,0.8182165,0.869494128055
2075.1512339920737,baseline_A,2,1.06267,0.8184852,0.869779667484
2082.236962975003,baseline_A,2,0.9287199,0.7228564,0.67133112352236
2086.311256978661,baseline_A,2,0.91979,0.7225879,0.664629124541
2090.3628659434617,baseline_A,2,0.90193,0.7223192,0.6514813560560001
2094.426826981362,baseline_A,2,0.9108599,0.7223192,0.65793159428008
2101.7857199767604,baseline_A,2,1.08053,0.8182165,0.884107474745
2105.9922159765847,prefill,3,1.08053,0.8184852,0.884397813156
2113.9131959644146,prefill,3,1.5181,0.7228564,1.09736830084
2121.841193991713,prefill,3,2.50933,0.9031004,2.2661769267319998
2128.911199979484,prefill,3,2.60756,0.9280821,2.420029760676
2134.520867955871,prefill,3,2.9469,0.928888,2.7373400472
2138.7105499743484,prefill,3,2.44682,0.9294252,2.274136167864
2144.595160963945,prefill,3,2.36645,0.9192177,2.175282726165
2151.683221978601,prefill,3,2.62542,0.9286194,2.438015945148
2162.6179509912618,prefill,3,2.52719,0.928888,2.34747646472
2168.9049269771203,prefill,3,2.67007,0.9286194,2.479478801358
2175.3541249781847,prefill,3,2.75044,0.9286194,2.554111942536
2179.8069709911942,prefill,3,2.77723,0.9291566,2.580481584218
2184.126280946657,prefill,3,2.57184,0.9286194,2.3882605176959997
2195.6035409821197,prefill,3,2.56291,0.918949,2.35518358159
2199.9123889836483,prefill,3,3.09871,0.928888,2.87835453448
2204.8072119941935,prefill,3,2.75044,0.9283507,2.553372899308
2209.209947963245,prefill,3,2.69686,0.9286194,2.504356515084
2216.89952199813,prefill,3,2.45575,0.9184118,2.25538977785
2223.83497399278,prefill,3,2.82188,0.9280821,2.6189363163480004
2228.4915409982204,prefill,3,2.65221,0.9286194,2.462893658874
2235.9448579954915,prefill,3,2.52719,0.9186804,2.321679920076
2242.645811988041,prefill,3,2.59863,0.9283507,2.412439979541
2247.8630029945634,prefill,3,2.75044,0.9286194,2.554111942536
2252.8854919946752,prefill,3,2.5004,0.918949,2.2977400796
2257.366429956164,prefill,3,2.87546,0.918949,2.64240109154
2261.921941943001,prefill,3,2.60756,0.9184118,2.3948138732079998
2268.306824960746,prefill,3,2.60756,0.9184118,2.3948138732079998
2278.120600967668,prefill,3,2.77723,0.9286194,2.578989656262
2287.557047966402,prefill,3,2.81295,0.9299625,2.6159380143749997
2291.7251749895513,prefill,3,2.67007,0.9192177,2.454375604239
2298.3917219680734,prefill,3,2.68793,0.928888,2.4967859218400004
2302.9396779602394,prefill,3,2.84867,0.9291566,2.646860531722
2310.354032961186,prefill,3,2.5004,0.9286194,2.32191994776
2315.9236279898323,prefill,3,2.73258,0.9286194,2.537526800052
2320.1895499951206,prefill,3,2.45575,0.9280821,2.279137617075
2333.0680369981565,prefill,3,2.53612,0.9283507,2.3544087772839997
2340.8200369449332,prefill,3,2.53612,0.9294252,2.3571338382239997
2345.2635869616643,prefill,3,2.5897,0.9283507,2.40414980779
2349.631488963496,prefill,3,2.34859,0.9286194,2.180946236646
2355.78830097802,prefill,3,2.679,0.9286194,2.4877713725999997
2361.681095964741,prefill,3,2.45575,0.9291566,2.28177632045
2366.2704959861003,prefill,3,2.38431,0.9283507,2.213475857517
2371.185430965852,prefill,3,2.63435,0.9291566,2.44772368921
2376.9120419747196,prefill,3,2.62542,0.9283507,2.437310494794
2383.29733296996,prefill,3,2.34859,0.9280821,2.1796843392390004
2390.3237839695066,prefill,3,2.56291,0.928888,2.38065634408
2397.323142969981,prefill,3,2.52719,0.9192177,2.323037779263
2402.8373119654134,prefill,3,2.57184,0.9280821,2.386878668064
2410.3850169922225,prefill,3,2.679,0.9176059,2.4582662061
2434.791041945573,prefill,3,2.46468,0.9192177,2.265577480836
2483.4925569593906,prefill,3,2.68793,0.9275449,2.493175763057
2488.007364969235,prefill,3,2.7683,0.9286194,2.57069708502
2492.654320958536,prefill,3,2.74151,0.9286194,2.545819371294
2499.07685094513,prefill,3,2.46468,0.9197549,2.266901506932
2506.5907419775613,prefill,3,2.64328,0.9186804,2.4283295277119996
2513.2851409725845,prefill,3,2.40217,0.9186804,2.206826496468
2531.8667959654704,prefill,3,2.78616,0.9280821,2.5857852237360004
2536.130588967353,prefill,3,3.11657,0.9280821,2.892432830397
2540.5032869894058,prefill,3,2.75937,0.928888,2.5631456805600004
2545.709496946074,prefill,3,2.5897,0.9286194,2.40484566018
2555.147090984974,prefill,3,2.81295,0.918949,2.58495758955
2597.43957396131,prefill,3,3.13443,0.9286194,2.910692505942
2601.614274957683,prefill,3,2.73258,0.9286194,2.537526800052
2606.4685249584727,prefill,3,2.62542,0.9283507,2.437310494794
2611.7804919485934,prefill,3,2.68793,0.9186804,2.469348607572
2616.2871529813856,prefill,3,2.74151,0.9192177,2.520044516727
2621.691396983806,prefill,3,2.87546,0.9283507,2.669435303822
2626.158279948868,prefill,3,2.88439,0.928888,2.67927525832
2631.7435039673,prefill,3,2.72365,0.9192177,2.503627288605
2637.2019889531657,prefill,3,2.43789,0.9192177,2.240951638653
2642.6492519676685,prefill,3,2.38431,0.9197549,2.1929808056190003
2647.9660519980825,prefill,3,2.50933,0.9286194,2.330212519002
2660.090379999019,prefill,3,2.73258,0.9283507,2.536792555806
2667.9411009536125,prefill,3,2.74151,0.9280821,2.544346357971
2677.6613039546646,prefill,3,2.7683,0.9294252,2.5729277811599998
2682.2999819996767,prefill,3,2.83081,0.928888,2.6295054392800004
2687.878316966817,prefill,3,2.86653,0.9291566,2.663455268598
2692.2600719844922,prefill,3,2.83081,0.928888,2.6295054392800004
2704.1774760000408,prefill,3,2.87546,0.9280821,2.668662955266
2729.111402994022,prefill,3,2.52719,0.9280821,2.345439802299
2744.7268089745194,prefill,3,2.63435,0.9286194,2.44630851639
2758.5897499811836,prefill,3,2.61649,0.9280821,2.4283175338290004
2762.858467991464,prefill,3,2.59863,0.9286194,2.413138231422
2771.1006479803473,prefill,3,2.45575,0.918949,2.25670900675
2780.039654986467,prefill,3,2.57184,0.9304997,2.393096348448
2785.4693999979645,prefill,3,2.92011,0.9294252,2.714023820772
2792.3694259952754,prefill,3,2.83081,0.928888,2.6295054392800004
2802.935453946702,prefill,3,2.53612,0.9178746,2.327840130552
2810.3573459666222,prefill,3,2.54505,0.928888,2.3640664044
2814.792839984875,prefill,3,2.74151,0.9291566,2.547292110466
2827.3468679981306,prefill,3,2.56291,0.9291566,2.381344741706
2831.39243995538,prefill,3,2.75044,0.9286194,2.554111942536
2835.3657169500366,prefill,3,2.7683,0.928888,2.5714406504
2839.3261049641296,prefill,3,2.7683,0.928888,2.5714406504
2843.255585990846,prefill,3,2.74151,0.928888,2.54655574088
2847.1342339762487,prefill,3,2.74151,0.928888,2.54655574088
2851.0526589816436,prefill,3,2.7683,0.9286194,2.57069708502
2857.749557995703,prefill,3,2.56291,0.9192177,2.355872235507
2862.2493479633704,prefill,3,2.5004,0.9186804,2.29706847216
2870.1938089798205,prefill,3,2.60756,0.928888,2.42213119328
2874.620395945385,prefill,3,2.61649,0.9286194,2.429723373906
2879.012390971184,prefill,3,2.81295,0.9286194,2.61215994123
2885.97156497417,prefill,3,2.61649,0.9275449,2.426911955401
2917.3986519454047,prefill,3,2.59863,0.9283507,2.412439979541
2922.6687679765746,prefill,3,2.51826,0.9296938,2.341210708788
2963.6679119430482,prefill,3,2.71472,0.928888,2.52167083136
2991.6013289475814,prefill,3,2.77723,0.9286194,2.578989656262
2998.2920609763823,prefill,3,2.63435,0.9286194,2.44630851639
3002.73661094252,prefill,3,2.9469,0.9286194,2.73654850986
3008.064059948083,prefill,3,2.80402,0.9294252,2.6061268493039997
3014.9961229762994,prefill,3,2.47361,0.9181431,2.271127953591
3022.9595829732716,prefill,3,2.58077,0.928888,2.39724628376
3032.985949947033,prefill,3,2.68793,0.9283507,2.4953416970510003
3037.406536983326,prefill,3,2.59863,0.9283507,2.412439979541
3042.2976939589716,prefill,3,2.59863,0.9291566,2.414534215458
3060.1302269496955,prefill,3,2.679,0.9197549,2.4640233770999997
3073.8566689542495,prefill,3,2.72365,0.928888,2.5299658012000004
3078.7195849698037,prefill,3,2.60756,0.9286194,2.4214308026639997
3088.5149909881875,prefill,3,2.83081,0.9280821,2.627224089501
3092.5263229873963,prefill,3,2.48254,0.9286194,2.3053348052760003
3098.0758809600957,prefill,3,2.42003,0.9286194,2.247286806582
3105.1156649482436,prefill,3,2.72365,0.9280821,2.5277708116650004
3112.436835945118,prefill,3,2.49147,0.9291566,2.314965794202
3120.6886639702134,prefill,3,2.48254,0.9283507,2.304667746778
3128.156036953442,prefill,3,2.51826,0.9283507,2.337828433782
3138.1677739555016,prefill,3,2.75044,0.9280821,2.5526341311240004
3152.347341994755,prefill,3,2.19678,0.928888,2.04056258064
3156.496782961767,prefill,3,2.82188,0.928888,2.6212104694400002
3165.969655965455,prefill,3,2.72365,0.928888,2.5299658012000004
3175.6603399990126,prefill,3,2.9469,0.9278135,2.73417360315
3184.5249769976363,prefill,3,3.3041,0.9294252,3.07091380332
3194.27379098488,prefill,3,2.77723,0.9286194,2.578989656262
3201.8571629887447,prefill,3,2.75044,0.928888,2.5548507107200003
3206.5275259665214,prefill,3,2.47361,0.9184118,2.271792612598
3215.248589986004,prefill,3,2.72365,0.9294252,2.53142894598
3219.42679095082,prefill,3,2.60756,0.9286194,2.4214308026639997
3227.7416549623013,prefill,3,2.50933,0.928888,2.33088652504
3245.5845769727603,prefill,3,2.68793,0.9186804,2.469348607572
3251.511482987553,prefill,3,2.78616,0.928888,2.5880305900800002
3259.2346119927242,prefill,3,3.45591,0.9286194,3.209225070654
3263.77949496964,prefill,3,2.63435,0.9291566,2.44772368921
3280.054541944992,prefill,3,2.83081,0.9291566,2.630265794846
3289.3826379440725,prefill,3,2.60756,0.9294252,2.4235319745119996
3293.8795019872487,prefill,3,2.7683,0.9283507,2.56995324281
3302.0498869591393,prefill,3,2.59863,0.9280821,2.411741987523
3312.1424189885147,prefill,3,2.54505,0.9286194,2.36338280397
3325.4042549524456,prefill,3,2.42896,0.8894008,2.160318967168
3335.623823979404,prefill,3,5.07224,0.9291566,4.712905272784
3339.7989129880443,prefill,3,4.13459,0.9283507,3.8383495207130003
3343.955817981623,prefill,3,4.12566,0.928888,3.83227606608
3348.1376479612663,prefill,3,4.05422,0.9291566,3.767005270852
3352.323181985412,prefill,3,4.00957,0.928888,3.7244414581600003
3356.6078079747967,prefill,3,3.99171,0.9291566,3.708923691786
3360.7136019854806,prefill,3,3.97385,0.9283507,3.689126429195
3364.8744129459374,prefill,3,4.00064,0.928888,3.71614648832
3369.0750769455917,prefill,3,4.42928,0.9294252,4.116684449856
3373.1572599499486,prefill,3,3.69702,0.9283507,3.432131104914
3377.3482010001317,prefill,3,3.97385,0.9291566,3.6923289549100002
3381.514605949633,prefill,3,3.98278,0.928888,3.6995565486400004
3386.107320955489,prefill,3,4.05422,0.9291566,3.767005270852
3392.4498159904033,decode,4,4.09887,0.9294252,3.8095930695239995
3396.573534992058,decode,4,4.06315,0.9286194,3.77311991511
3409.3800419941545,decode,4,2.75937,0.9304997,2.5675929571890004
3414.3276429967955,decode,4,5.31335,0.9280821,4.931225026035
3419.0605229814537,decode,4,5.32228,0.9302311,4.950950378908
3423.2319279690273,decode,4,4.08101,0.9286194,3.789705057594
3427.363609953318,decode,4,4.09887,0.9283507,3.805188833709
3431.5018109628,decode,4,4.39356,0.9294252,4.083485381711999
3435.608826985117,decode,4,4.08994,0.9286194,3.7979976288360002
3439.7796019911766,decode,4,4.08994,0.9286194,3.7979976288360002
3444.3601689999923,decode,4,4.25068,0.928888,3.94840564384
3450.6112939561717,decode,4,5.2687,0.9326486,4.9138456788200005
3454.730106983334,decode,4,2.83974,0.928888,2.63780040912
3458.7627349537797,decode,4,4.08101,0.9286194,3.789705057594
3462.789677956607,baseline_B,5,1.63419,0.9286194,1.517540537286
3466.6937139700167,baseline_B,5,1.63419,0.9283507,1.517101430433
3473.580536956433,baseline_B,5,1.26806,0.8485706,1.076038435036
3477.606627973728,baseline_B,5,1.2502,0.8480334,1.06021135668
3484.8592249909416,baseline_B,5,1.11625,0.8182165,0.913334168125
3492.009693,baseline_B,5,0.9465799,0.7225879,0.68398718212321
3496.1491909925826,baseline_B,5,0.9465799,0.7225879,0.68398718212321
3500.321613973938,baseline_B,5,0.95551,0.7223192,0.6901832187920001
3507.6826169970445,baseline_B,5,1.10732,0.8187538,0.906622457816
3511.842669977341,baseline_B,5,1.12518,0.8179479,0.920338618122
3518.8668619957753,baseline_B,5,0.9287199,0.7223192,0.67083221519208
3522.961470996961,baseline_B,5,0.9287199,0.7225879,0.67108176222921
3527.049875992816,baseline_B,5,0.9287199,0.7223192,0.67083221519208
3531.172039976809,baseline_B,5,0.9287199,0.7223192,0.67083221519208
3535.2787779993378,baseline_B,5,0.9287199,0.7225879,0.67108176222921
3539.359757967759,baseline_B,5,0.9465799,0.7223192,0.6837328361040801
3543.4612739481963,baseline_B,5,0.9287199,0.7223192,0.67083221519208
3547.5567159592174,baseline_B,5,1.41987,0.7225879,1.0259808815729998
3551.680583972484,baseline_B,5,0.93765,0.7225879,0.6775345444349999
3558.9601249666885,baseline_B,5,1.09839,0.8184852,0.899015958828
3563.172213966027,baseline_B,5,1.09839,0.8182165,0.898720821435
3567.3407479771413,baseline_B,5,1.09839,0.8176794,0.898130876166
3571.5323009644635,baseline_B,5,1.09839,0.8187538,0.8993109863819999
3575.701241963543,baseline_B,5,1.08053,0.8182165,0.884107474745
3582.7602109638974,baseline_B,5,0.9287199,0.7223192,0.67083221519208
3586.888449965045,baseline_B,5,0.9287199,0.7225879,0.67108176222921
3591.007502982393,baseline_B,5,0.93765,0.7225879,0.6775345444349999
3595.094814954791,baseline_B,5,0.93765,0.7225879,0.6775345444349999
3599.1714609554037,baseline_B,5,0.9465799,0.7223192,0.6837328361040801
3603.264588979073,baseline_B,5,0.9287199,0.7225879,0.67108176222921
3607.3569569853134,baseline_B,5,0.9287199,0.7223192,0.67083221519208
3611.4550289930776,baseline_B,5,0.9287199,0.7223192,0.67083221519208
3618.776365998201,baseline_B,5,1.09839,0.8182165,0.898720821435
3622.9486409574747,baseline_B,5,1.09839,0.8187538,0.8993109863819999
3630.0325359916314,baseline_B,5,0.9465799,0.7225879,0.68398718212321
3634.101459989324,baseline_B,5,0.9287199,0.7223192,0.67083221519208
3638.183234957978,baseline_B,5,0.9287199,0.7225879,0.67108176222921
3642.286787973717,baseline_B,5,0.91979,0.7223192,0.664381976968
3646.366841974668,baseline_B,5,0.93765,0.7225879,0.6775345444349999
3650.466727965977,baseline_B,5,1.14304,0.7225879,0.825946873216
3656.682353990618,baseline_B,5,1.08053,0.8182165,0.884107474745
3661.3936979556456,baseline_B,5,1.08053,0.8179479,0.8838172443869999
3665.5531579745,baseline_B,5,1.08053,0.8184852,0.884397813156
3669.7009139461443,baseline_B,5,1.08946,0.8182165,0.8914141480900001
3676.7276619793847,baseline_B,5,0.9287199,0.7223192,0.67083221519208
3680.8271219488233,baseline_B,5,0.91979,0.7225879,0.664629124541
3684.895490994677,baseline_B,5,0.9465799,0.7223192,0.6837328361040801
3688.973876996897,baseline_B,5,1.11625,0.7223192,0.806288807
3693.060800957028,baseline_B,5,0.9465799,0.7225879,0.68398718212321
3697.144705976825,baseline_B,5,0.9287199,0.7223192,0.67083221519208
3701.2190749519505,baseline_B,5,0.9287199,0.723125,0.6715805776875
3705.3013499826193,baseline_B,5,0.9465799,0.7225879,0.68398718212321
3709.383588982746,baseline_B,5,0.9287199,0.7223192,0.67083221519208
3713.4326429804787,baseline_B,5,0.93765,0.7225879,0.6775345444349999
3717.48510398902,baseline_B,5,0.93765,0.7225879,0.6775345444349999
3721.5476389974356,baseline_B,5,0.9287199,0.7225879,0.67108176222921
3725.6235809763893,baseline_B,5,0.9287199,0.7225879,0.67108176222921
3729.6908389544114,baseline_B,5,0.93765,0.7225879,0.6775345444349999
3733.7584479828365,baseline_B,5,0.9287199,0.7225879,0.67108176222921
3737.8135939943604,baseline_B,5,0.9108599,0.7225879,0.6581763423352099
3741.901146946475,baseline_B,5,0.91979,0.7225879,0.664629124541
3749.260187963955,baseline_B,5,1.0716,0.8184852,0.8770887403200001
3753.4349999623373,baseline_B,5,1.66098,0.8187538,1.359933686724
3757.628292951267,baseline_B,5,1.08946,0.8179479,0.8911215191340001
3761.7997159832157,baseline_B,5,1.08053,0.8187538,0.884688043514
3765.9310829476453,baseline_B,5,1.09839,0.8184852,0.899015958828
3770.082802977413,baseline_B,5,1.08946,0.8182165,0.8914141480900001
3777.09877199959,baseline_B,5,0.93765,0.7228564,0.6777863034599999
3781.165047956165,baseline_B,5,0.9287199,0.7225879,0.67108176222921
3785.2449539932422,baseline_B,5,0.91979,0.7223192,0.664381976968
3789.326080994215,baseline_B,5,0.9287199,0.7220506,0.67058276102694
3793.4175789705478,baseline_B,5,0.93765,0.7223192,0.67728259788
3797.4812069442123,baseline_B,5,0.9287199,0.7225879,0.67108176222921
3801.572888973169,baseline_B,5,0.9465799,0.7225879,0.68398718212321
3811.8686429806985,baseline_B,5,1.09839,0.8187538,0.8993109863819999
3816.630503977649,baseline_B,5,1.09839,0.8184852,0.899015958828
3823.617566959001,baseline_B,5,0.9108599,0.7228564,0.65842090821836
3827.740693988744,baseline_B,5,0.91979,0.7225879,0.664629124541
3831.804285000544,baseline_B,5,0.91979,0.7225879,0.664629124541
3839.1272879671305,baseline_B,5,1.08946,0.8182165,0.8914141480900001
3846.4854209451005,baseline_B,5,0.93765,0.7223192,0.67728259788
3850.6005669478327,baseline_B,5,0.93765,0.7223192,0.67728259788
3854.7135459957644,baseline_B,5,0.93765,0.7228564,0.6777863034599999
3858.804617950227,baseline_B,5,0.9108599,0.7220506,0.65768693731094
3862.9071339964867,baseline_B,5,0.9108599,0.7225879,0.6581763423352099
3867.027057975065,baseline_B,5,0.93765,0.7225879,0.6775345444349999
3874.378338980023,baseline_B,5,1.08946,0.8184852,0.8917068859920001
3878.539446974173,baseline_B,5,1.08053,0.8184852,0.884397813156
3885.56595396949,baseline_B,5,0.91979,0.7223192,0.664381976968
3889.6576369879767,baseline_B,5,0.91979,0.7223192,0.664381976968
3893.755300960038,baseline_B,5,0.91979,0.7223192,0.664381976968
3900.0527959433384,baseline_B,5,1.08946,0.8182165,0.8914141480900001
3904.76432495052,baseline_B,5,1.0716,0.8184852,0.8770887403200001
3911.783942952752,baseline_B,5,0.91979,0.7223192,0.664381976968
3915.8806439954787,baseline_B,5,0.9108599,0.7223192,0.65793159428008
3919.9767349637114,baseline_B,5,0.9108599,0.7225879,0.6581763423352099
3927.2611089982092,baseline_B,5,1.08946,0.8182165,0.8914141480900001
3934.4523740001023,baseline_B,5,0.9287199,0.7223192,0.67083221519208
3938.532945991028,baseline_B,5,0.9287199,0.723125,0.6715805776875
3942.6375909824856,baseline_B,5,0.91979,0.7225879,0.664629124541
3946.7320339754224,baseline_B,5,0.9287199,0.7223192,0.67083221519208
3950.808290974237,baseline_B,5,0.90193,0.7228564,0.6519658728519999
3954.8917139763944,baseline_B,5,0.90193,0.7225879,0.6517237046469999
3958.959008974489,baseline_B,5,0.91979,0.7225879,0.664629124541
3963.0486549576744,baseline_B,5,0.93765,0.7225879,0.6775345444349999
3970.4108799924143,baseline_B,5,1.08946,0.8184852,0.8917068859920001
3974.5594519772567,baseline_B,5,1.08946,0.8184852,0.8917068859920001
3978.6916709854268,baseline_B,5,1.10732,0.8182165,0.9060274947800001
3982.846686965786,baseline_B,5,1.08946,0.8182165,0.8914141480900001
3988.8916659983806,baseline_B,5,0.9287199,0.7223192,0.67083221519208
3993.40915994253,baseline_B,5,0.91979,0.7223192,0.664381976968
3997.4666019552387,baseline_B,5,0.93765,0.7225879,0.6775345444349999
4001.5408959588967,baseline_B,5,0.91979,0.7225879,0.664629124541
4008.9416029513814,baseline_B,5,1.09839,0.8184852,0.899015958828
4016.027645964641,baseline_B,5,0.91979,0.7225879,0.664629124541
4020.1104959705845,baseline_B,5,0.91979,0.7225879,0.664629124541
4024.183326982893,baseline_B,5,0.9287199,0.7223192,0.67083221519208
4028.256324992981,baseline_B,5,0.9287199,0.7223192,0.67083221519208
4035.552032990381,baseline_B,5,1.0716,0.8182165,0.8768008014
4042.6282979897223,baseline_B,5,0.91979,0.7223192,0.664381976968
4046.698314952664,baseline_B,5,0.90193,0.7223192,0.6514813560560001
4050.7707199431024,baseline_B,5,0.9287199,0.7225879,0.67108176222921
4054.872180975508,baseline_B,5,0.9287199,0.7228564,0.67133112352236
4062.2212769812904,baseline_B,5,1.09839,0.8187538,0.8993109863819999
4066.3757189759053,baseline_B,5,1.09839,0.8187538,0.8993109863819999
4072.425252990797,baseline_B,5,0.93765,0.7225879,0.6775345444349999
4076.9511909456924,baseline_B,5,0.9108599,0.7220506,0.65768693731094
4081.0171149787493,baseline_B,5,0.9465799,0.7225879,0.68398718212321
4085.0804099463858,baseline_B,5,0.9465799,0.7225879,0.68398718212321
4092.362079943996,baseline_B,5,1.08946,0.8184852,0.8917068859920001
4099.402438965626,baseline_B,5,0.9108599,0.7225879,0.6581763423352099
4103.490658977535,baseline_B,5,0.9287199,0.7223192,0.67083221519208
4107.580508978572,baseline_B,5,0.9287199,0.723125,0.6715805776875
4111.639728944283,baseline_B,5,0.9108599,0.7225879,0.6581763423352099
4115.701430942863,baseline_B,5,0.90193,0.7223192,0.6514813560560001
4123.035600990988,baseline_B,5,1.08946,0.8184852,0.8917068859920001
4127.207097946666,baseline_B,5,1.08053,0.8182165,0.884107474745
4134.286436950788,baseline_B,5,0.9287199,0.7220506,0.67058276102694
4138.352657959331,baseline_B,5,0.91979,0.7223192,0.664381976968
4145.6511989817955,baseline_B,5,1.09839,0.8184852,0.899015958828
4152.738426986616,baseline_B,5,0.93765,0.7225879,0.6775345444349999
4156.796998984646,baseline_B,5,0.9287199,0.7228564,0.67133112352236
4160.863644967321,baseline_B,5,0.9287199,0.7225879,0.67108176222921
4164.952938968781,baseline_B,5,0.9108599,0.7223192,0.65793159428008
4171.18256498361,baseline_B,5,1.09839,0.8184852,0.899015958828
4175.894130952656,baseline_B,5,1.08946,0.8184852,0.8917068859920001
4182.90721194353,baseline_B,5,0.91979,0.7225879,0.664629124541
4186.9738579844125,baseline_B,5,0.8929999,0.7223192,0.64503097336808
4193.202649999876,baseline_B,5,1.08053,0.8174106,0.883236675618
4197.915733966511,baseline_B,5,1.08053,0.8182165,0.884107474745
4204.993758990895,baseline_B,5,0.93765,0.7223192,0.67728259788
4209.094052959699,baseline_B,5,0.9108599,0.7223192,0.65793159428008
4213.237586955074,baseline_B,5,0.9108599,0.7228564,0.65842090821836
4219.536544987932,baseline_B,5,1.08946,0.8184852,0.8917068859920001
4224.252036947291,baseline_B,5,1.08053,0.8187538,0.884688043514
4231.3582099741325,baseline_B,5,0.91979,0.7223192,0.664381976968
4235.450725944247,baseline_B,5,0.9287199,0.7225879,0.67108176222921
4239.5232419949025,baseline_B,5,0.91979,0.7225879,0.664629124541
4243.59090696089,baseline_B,5,0.9108599,0.7225879,0.6581763423352099
4247.6613679900765,baseline_B,5,0.91979,0.7225879,0.664629124541
4251.742013962939,baseline_B,5,0.90193,0.7225879,0.6517237046469999
4255.833252973389,baseline_B,5,0.91979,0.7225879,0.664629124541
4263.184570998419,baseline_B,5,1.08946,0.8184852,0.8917068859920001
4267.376419971697,baseline_B,5,1.0716,0.8184852,0.8770887403200001
4274.4662769837305,baseline_B,5,0.9287199,0.7228564,0.67133112352236
4278.518497943878,baseline_B,5,0.9287199,0.723125,0.6715805776875
4282.6151619665325,baseline_B,5,0.91979,0.7225879,0.664629124541
4286.66473395424,baseline_B,5,0.9108599,0.7223192,0.65793159428008
4293.875238974579,baseline_B,5,1.09839,0.8182165,0.898720821435
4298.576915985905,baseline_B,5,1.0716,0.8179479,0.87651296964
4305.644533946179,baseline_B,5,0.9287199,0.7223192,0.67083221519208
4309.735031973105,baseline_B,5,0.93765,0.7223192,0.67728259788
4313.807158963755,baseline_B,5,0.9287199,0.7225879,0.67108176222921
4321.174106968101,baseline_B,5,1.00909,0.8184852,0.825925230468
4329.38499096781,baseline_B,5,1.30378,0.9286194,1.2107154013319998
4336.205610947218,baseline_B,5,1.28592,0.9280821,1.193439334032
4340.376607957296,baseline_B,5,1.28592,0.928888,1.19447565696
4344.544234976638,baseline_B,5,1.26806,0.9283507,1.1772043886419998
4348.658379982226,baseline_B,5,1.27699,0.9286194,1.185837687606
4355.6084059528075,baseline_B,5,1.29485,0.9286194,1.20242283009
4362.35134099843,baseline_B,5,1.26806,0.928888,1.1778857172800001
4366.473875998054,baseline_B,5,1.28592,0.9286194,1.1941302588479998
4373.421790951397,baseline_B,5,1.31271,0.9283507,1.218655247397
4380.22746599745,baseline_B,5,1.28592,0.9286194,1.1941302588479998
4384.331741952337,baseline_B,5,1.28592,0.9283507,1.1937847321439998
4388.45622097142,baseline_B,5,1.28592,0.9283507,1.1937847321439998
4396.2903679930605,baseline_B,5,0.9287199,0.7225879,0.67108176222921
4403.643296973314,baseline_B,5,1.08946,0.8182165,0.8914141480900001
4410.668414959218,baseline_B,5,0.9108599,0.7223192,0.65793159428008
4414.732245961204,baseline_B,5,0.9287199,0.7225879,0.67108176222921
4422.029138950165,baseline_B,5,1.08053,0.8184852,0.884397813156
4429.113181948196,baseline_B,5,0.9287199,0.7223192,0.67083221519208
4433.18236496998,baseline_B,5,0.9287199,0.7220506,0.67058276102694
4437.263770960271,baseline_B,5,0.9108599,0.7228564,0.65842090821836
4441.3501199451275,baseline_B,5,0.9287199,0.7223192,0.67083221519208
4448.637012974359,baseline_B,5,1.06267,0.8182165,0.869494128055
4455.662834981922,baseline_B,5,0.9287199,0.7223192,0.67083221519208
4459.75975895999,baseline_B,5,0.9287199,0.7223192,0.67083221519208
4463.874033943284,baseline_B,5,0.9287199,0.7228564,0.67133112352236
4471.245814987924,baseline_B,5,1.08053,0.8187538,0.884688043514
4475.513069948647,baseline_B,5,1.08946,0.8184852,0.8917068859920001
4479.667289997451,baseline_B,5,1.08946,0.8184852,0.8917068859920001
4486.922127951402,baseline_B,5,0.9108599,0.7223192,0.65793159428008
4491.040939989034,baseline_B,5,0.9108599,0.7225879,0.6581763423352099
4495.12021598639,baseline_B,5,0.9287199,0.7223192,0.67083221519208
4499.243082944304,baseline_B,5,0.91979,0.7225879,0.664629124541
4503.338450973388,baseline_B,5,0.91979,0.7223192,0.664381976968
4507.474985963199,baseline_B,5,0.9287199,0.7223192,0.67083221519208
4514.748471963685,baseline_B,5,1.0716,0.8184852,0.8770887403200001
4518.8962839893065,baseline_B,5,1.08053,0.8182165,0.884107474745
4525.921271997504,baseline_B,5,0.9287199,0.7223192,0.67083221519208
4530.014750955161,baseline_B,5,0.9287199,0.7223192,0.67083221519208
4534.090470988303,baseline_B,5,0.9287199,0.7225879,0.67108176222921
4538.169394945726,baseline_B,5,0.91979,0.7225879,0.664629124541
4542.248818965163,baseline_B,5,0.9287199,0.7225879,0.67108176222921
4546.291298989672,baseline_B,5,0.91979,0.7225879,0.664629124541
4550.359610992018,baseline_B,5,0.91979,0.7223192,0.664381976968
4554.44307194557,baseline_B,5,0.90193,0.7225879,0.6517237046469999
4558.522717969026,baseline_B,5,0.91979,0.7225879,0.664629124541
4562.585012987256,baseline_B,5,0.9287199,0.7225879,0.67108176222921
4566.65134395007,baseline_B,5,0.91979,0.7225879,0.664629124541
4570.723674958572,baseline_B,5,0.9108599,0.7223192,0.65793159428008
4574.837135965936,baseline_B,5,0.90193,0.7223192,0.6514813560560001
4581.143296964001,baseline_B,5,1.08053,0.8179479,0.8838172443869999
4585.859307961073,baseline_B,5,1.09839,0.8182165,0.898720821435
4592.872351990081,baseline_B,5,0.91979,0.7223192,0.664381976968
4596.961626957636,baseline_B,5,1.13411,0.7225879,0.8194941632689999
4601.049087999854,baseline_B,5,0.9287199,0.7223192,0.67083221519208
4605.119511950761,baseline_B,5,0.91979,0.7223192,0.664381976968
4609.193842974491,baseline_B,5,0.9108599,0.7228564,0.65842090821836
4613.258544995915,baseline_B,5,0.9287199,0.7225879,0.67108176222921
4617.336486990098,baseline_B,5,0.9108599,0.7225879,0.6581763423352099
4621.4129669824615,baseline_B,5,0.9108599,0.7225879,0.6581763423352099
4625.500778958667,baseline_B,5,0.9287199,0.7228564,0.67133112352236
4629.560461966321,baseline_B,5,0.9108599,0.7220506,0.65768693731094
4633.61147895921,baseline_B,5,0.9108599,0.7223192,0.65793159428008
4637.678439961746,baseline_B,5,0.9108599,0.7225879,0.6581763423352099
4641.740122984629,baseline_B,5,0.9108599,0.7228564,0.65842090821836
4645.801694947295,baseline_B,5,0.91979,0.7228564,0.664876088156
4649.871507950593,baseline_B,5,0.90193,0.7223192,0.6514813560560001
4653.94461696269,baseline_B,5,0.9108599,0.7223192,0.65793159428008
4658.028466976248,baseline_B,5,0.9287199,0.7220506,0.67058276102694
4662.081075948663,baseline_B,5,0.9108599,0.7223192,0.65793159428008
4666.171129967552,baseline_B,5,0.9108599,0.7225879,0.6581763423352099
4670.221979962662,baseline_B,5,0.9108599,0.723125,0.6586655651875
4674.2992179933935,baseline_B,5,0.9108599,0.7225879,0.6581763423352099
4678.365067986306,baseline_B,5,0.9287199,0.7225879,0.67108176222921
4682.449584943242,baseline_B,5,0.9108599,0.7225879,0.6581763423352099
4686.535933986306,baseline_B,5,0.9108599,0.721782,0.6574422803418
4690.604616946075,baseline_B,5,0.8929999,0.7223192,0.64503097336808
4694.658003980294,baseline_B,5,0.9108599,0.7225879,0.6581763423352099
4698.7365579698235,baseline_B,5,0.90193,0.7228564,0.6519658728519999
4702.796611993108,baseline_B,5,0.9108599,0.7223192,0.65793159428008
4706.883664999623,baseline_B,5,0.90193,0.7225879,0.6517237046469999
4710.9785139909945,baseline_B,5,0.8929999,0.7220506,0.64479111359494
4715.05606797291,baseline_B,5,0.91979,0.7223192,0.664381976968
4719.144305970985,baseline_B,5,0.90193,0.7223192,0.6514813560560001
4723.200563981663,baseline_B,5,0.9108599,0.7225879,0.6581763423352099
4727.263709995896,baseline_B,5,0.91979,0.7223192,0.664381976968
4731.341892969795,baseline_B,5,0.91979,0.7228564,0.664876088156
4735.437686962541,baseline_B,5,0.91979,0.7223192,0.664381976968
4739.4907039706595,baseline_B,5,0.9287199,0.7225879,0.67108176222921
4743.5574239934795,baseline_B,5,0.90193,0.7223192,0.6514813560560001
4747.618125984445,baseline_B,5,0.9108599,0.7223192,0.65793159428008
4751.679345965385,baseline_B,5,0.9108599,0.7225879,0.6581763423352099
4755.764399946202,baseline_B,5,0.90193,0.7228564,0.6519658728519999
4759.82011994347,baseline_B,5,0.9287199,0.7225879,0.67108176222921
4763.885524997022,baseline_B,5,0.91979,0.7223192,0.664381976968
4771.263250964694,baseline_B,5,1.08946,0.8187538,0.891999514948
4775.411266949959,baseline_B,5,1.08053,0.8182165,0.884107474745
4779.553429980297,baseline_B,5,1.0716,0.8179479,0.87651296964
4783.680242951959,baseline_B,5,1.08053,0.8184852,0.884397813156
4790.699137956835,baseline_B,5,0.90193,0.7225879,0.6517237046469999
4794.771080953069,baseline_B,5,0.9108599,0.7223192,0.65793159428008
4798.858559981454,baseline_B,5,0.9108599,0.7228564,0.65842090821836
4802.91477998253,baseline_B,5,0.9287199,0.7223192,0.67083221519208
4813.155570998788,baseline_B,5,1.08946,0.8184852,0.8917068859920001
4817.860766954254,baseline_B,5,1.08053,0.8187538,0.884688043514
4824.885087960865,baseline_B,5,0.9108599,0.7220506,0.65768693731094
4828.943974978756,baseline_B,5,0.9108599,0.7223192,0.65793159428008
4833.003472944256,baseline_B,5,1.15197,0.7223192,0.8320900488240001
4840.308699000161,baseline_B,5,1.0716,0.8187538,0.8773765720800001
4847.34059497714,baseline_B,5,0.9108599,0.7223192,0.65793159428008
4854.873947973829,baseline_B,5,1.08946,0.8184852,0.8917068859920001
4859.002093959134,baseline_B,5,1.08053,0.8184852,0.884397813156
4866.077284968924,baseline_B,5,0.9108599,0.7225879,0.6581763423352099
4870.133523945697,baseline_B,5,0.90193,0.7225879,0.6517237046469999
4874.204188992735,baseline_B,5,0.91979,0.7228564,0.664876088156
4878.260186989792,baseline_B,5,0.91979,0.7228564,0.664876088156
4884.571699949447,baseline_B,5,1.08053,0.8182165,0.884107474745
4889.333617989905,baseline_B,5,1.08946,0.8187538,0.891999514948
4896.339050959796,baseline_B,5,0.9108599,0.7223192,0.65793159428008
4900.415084965061,baseline_B,5,0.91979,0.7225879,0.664629124541
4904.498730960768,baseline_B,5,0.9108599,0.7223192,0.65793159428008
4911.864160967525,baseline_B,5,1.05374,0.8187538,0.8627536292119999
4918.943666969426,baseline_B,5,0.9108599,0.7223192,0.65793159428008
4923.092811950482,baseline_B,5,0.8929999,0.7225879,0.6452709224412099
4927.240401972085,baseline_B,5,0.91979,0.7225879,0.664629124541
4931.33923294954,baseline_B,5,0.90193,0.7225879,0.6517237046469999
4935.431285994127,baseline_B,5,0.8929999,0.7225879,0.6452709224412099
4939.509969961364,baseline_B,5,0.9287199,0.7225879,0.67108176222921
4943.593300995417,baseline_B,5,0.9108599,0.7225879,0.6581763423352099
4947.655594965909,baseline_B,5,0.90193,0.7223192,0.6514813560560001
4951.724129961804,baseline_B,5,0.9287199,0.7223192,0.67083221519208
4955.797220987733,baseline_B,5,0.9108599,0.7225879,0.6581763423352099
4959.878143970855,baseline_B,5,0.8929999,0.7225879,0.6452709224412099
4963.951827958226,baseline_B,5,0.9108599,0.7220506,0.65768693731094
4968.0179369752295,baseline_B,5,0.90193,0.7223192,0.6514813560560001
4975.395217945334,baseline_B,5,1.08946,0.8187538,0.891999514948
4979.523103975225,baseline_B,5,1.08946,0.8184852,0.8917068859920001
4986.544499988668,baseline_B,5,0.91979,0.7228564,0.664876088156
4990.613608970307,baseline_B,5,0.9287199,0.7225879,0.67108176222921
4997.910927981138,baseline_B,5,1.08946,0.8184852,0.8917068859920001
5005.002507998142,baseline_B,5,0.9912299,0.7223192,0.7159843883840801
5009.061783959623,baseline_B,5,0.91979,0.7223192,0.664381976968
5013.121207943186,baseline_B,5,0.9108599,0.7225879,0.6581763423352099
5017.206575954333,baseline_B,5,0.9108599,0.7220506,0.65768693731094
5021.281739987899,baseline_B,5,0.9108599,0.7223192,0.65793159428008
5025.3446829738095,baseline_B,5,0.9287199,0.7225879,0.67108176222921
5029.401958978269,baseline_B,5,0.9108599,0.7225879,0.6581763423352099
5033.485604973976,baseline_B,5,0.9108599,0.7225879,0.6581763423352099
5037.568102998193,baseline_B,5,0.9108599,0.7225879,0.6581763423352099
5041.623303957749,baseline_B,5,0.9287199,0.7223192,0.67083221519208
5045.6830249750055,baseline_B,5,0.90193,0.7220506,0.651239097658
5049.750337959267,baseline_B,5,0.9108599,0.7223192,0.65793159428008
5053.822279965971,baseline_B,5,0.9108599,0.7223192,0.65793159428008
5057.89046298014,baseline_B,5,0.9108599,0.7223192,0.65793159428008
5061.964108957909,baseline_B,5,0.9108599,0.7225879,0.6581763423352099
5066.047606989741,baseline_B,5,0.9108599,0.723125,0.6586655651875
5070.11369796237,baseline_B,5,0.9108599,0.7225879,0.6581763423352099
5074.709893960971,baseline_B,5,0.9108599,0.7228564,0.65842090821836
5091.982710000593,baseline_B,5,1.06267,0.8184852,0.869779667484
5097.810412989929,baseline_B,5,1.08053,0.8184852,0.884397813156
5124.446657951921,baseline_B,5,1.06267,0.8182165,0.869494128055
5131.5092749428,baseline_B,5,0.91979,0.7225879,0.664629124541
5135.593402956147,baseline_B,5,0.8929999,0.7225879,0.6452709224412099
5139.704585948493,baseline_B,5,0.9108599,0.7225879,0.6581763423352099
5146.9944039708935,baseline_B,5,1.08053,0.8184852,0.884397813156
5151.1512719444,baseline_B,5,1.08053,0.8182165,0.884107474745
5155.299583973829,baseline_B,5,1.0716,0.8184852,0.8770887403200001
5162.457366997842,baseline_B,5,0.90193,0.7228564,0.6519658728519999
5166.528549976647,baseline_B,5,0.9287199,0.7225879,0.67108176222921
5170.614732953254,baseline_B,5,0.9108599,0.7223192,0.65793159428008
5174.70658296952,baseline_B,5,0.90193,0.7223192,0.6514813560560001
5182.068252994213,baseline_B,5,1.06267,0.8184852,0.869779667484
5186.222268966958,baseline_B,5,1.0716,0.8187538,0.8773765720800001
5193.28438595403,baseline_B,5,0.9108599,0.723125,0.6586655651875
5197.369013971183,baseline_B,5,0.9108599,0.7223192,0.65793159428008
5201.453788962681,baseline_B,5,0.9108599,0.7225879,0.6581763423352099
5208.816532976925,baseline_B,5,1.08946,0.8182165,0.8914141480900001
5212.965548969805,baseline_B,5,1.14304,0.8182165,0.93525418816
5219.009323976934,baseline_B,5,0.9108599,0.7225879,0.6581763423352099
5223.525651963428,baseline_B,5,0.8929999,0.7223192,0.64503097336808
5230.807284999173,baseline_B,5,1.08053,0.8182165,0.884107474745
5234.938022971619,baseline_B,5,1.08053,0.8182165,0.884107474745
5242.004751984496,baseline_B,5,0.9287199,0.7223192,0.67083221519208
5246.111489948817,baseline_B,5,0.90193,0.7220506,0.651239097658
5250.194228952751,baseline_B,5,0.9108599,0.7223192,0.65793159428008
5254.2867079610005,baseline_B,5,0.9108599,0.7223192,0.65793159428008
5258.356594946235,baseline_B,5,0.90193,0.7220506,0.651239097658
5264.650071971118,baseline_B,5,1.08053,0.8182165,0.884107474745
5269.3724149721675,baseline_B,5,1.0716,0.8184852,0.8770887403200001
5276.380384981167,baseline_B,5,0.9108599,0.7223192,0.65793159428008
5280.4334569955245,baseline_B,5,0.9287199,0.7225879,0.67108176222921
5284.521899942774,baseline_B,5,0.91979,0.7225879,0.664629124541
5291.84008896118,baseline_B,5,1.0716,0.8182165,0.8768008014
5298.913057951722,baseline_B,5,0.9108599,0.723125,0.6586655651875
5303.102517966181,baseline_B,5,0.9108599,0.7225879,0.6581763423352099
5307.213514985051,baseline_B,5,0.90193,0.7220506,0.651239097658
5311.287179996725,baseline_B,5,0.9108599,0.7225879,0.6581763423352099
5318.729089980479,baseline_B,5,1.64312,0.8184852,1.344869401824
5326.955214957707,baseline_B,5,1.28592,0.9286194,1.1941302588479998
5333.823222958017,baseline_B,5,1.31271,0.9283507,1.218655247397
5340.530509944074,baseline_B,5,1.26806,0.9286194,1.177545116364
5344.66711897403,baseline_B,5,1.27699,0.9286194,1.185837687606
5348.809263959993,baseline_B,5,1.28592,0.928888,1.19447565696
5355.761641985737,baseline_B,5,1.27699,0.928888,1.18618068712
5362.563298956957,baseline_B,5,1.27699,0.9283507,1.185494560393
5366.704628977459,baseline_B,5,1.28592,0.928888,1.19447565696
5370.802219957113,baseline_B,5,1.27699,0.9283507,1.185494560393
5374.895013985224,baseline_B,5,1.27699,0.9286194,1.185837687606
5381.910260999575,baseline_B,5,1.30378,0.9280821,1.210014880338
5386.08149898937,baseline_B,5,1.30378,0.9286194,1.2107154013319998
5391.794777999166,baseline_B,5,1.2502,0.928888,1.1612957776000001
5396.37795597082,baseline_B,5,1.28592,0.9286194,1.1941302588479998
5404.201935976744,baseline_B,5,0.9287199,0.7220506,0.67058276102694
5411.555346974637,baseline_B,5,1.08053,0.8182165,0.884107474745
5415.698343946133,baseline_B,5,1.08053,0.8182165,0.884107474745
5419.853915984277,baseline_B,5,1.08053,0.8187538,0.884688043514
5426.936513977125,baseline_B,5,0.91979,0.7223192,0.664381976968
5431.094677944202,baseline_B,5,0.9108599,0.7223192,0.65793159428008
5438.362107961439,baseline_B,5,1.0716,0.8184852,0.8770887403200001
5445.4461699933745,baseline_B,5,0.9108599,0.7225879,0.6581763423352099
5449.56659298623,baseline_B,5,0.8929999,0.7228564,0.6455106929143599
5453.626665985212,baseline_B,5,0.9108599,0.7225879,0.6581763423352099
5457.712940988131,baseline_B,5,0.90193,0.723125,0.65220813125
5465.146332979202,baseline_B,5,1.8753,0.8184852,1.53490529556
5471.446142997593,baseline_B,5,1.33057,0.8735522,1.162322350754
5475.664212950505,baseline_B,5,1.29485,0.8732836,1.13077126946
5483.235473977402,baseline_B,5,1.43773,0.903369,1.2988007123699998
5501.297003997024,baseline_B,5,1.08053,0.8182165,0.884107474745
5509.402037947439,gap,6,0.8929999,0.7225879,0.6452709224412099
5513.551367970649,gap,6,0.90193,0.7225879,0.6517237046469999
5517.671050969511,gap,6,0.9108599,0.7223192,0.65793159428008
5523.97028694395,gap,6,1.0716,0.8184852,0.8770887403200001
5531.154087977484,gap,6,0.8929999,0.7225879,0.6452709224412099
5535.640581976622,gap,6,0.9108599,0.7228564,0.65842090821836
5539.744542969856,gap,6,0.91979,0.7225879,0.664629124541
5543.8289669691585,gap,6,0.9287199,0.7225879,0.67108176222921
5551.1878409888595,gap,6,1.09839,0.8184852,0.899015958828
5555.348707945086,gap,6,1.08946,0.8182165,0.8914141480900001
5559.504778997507,gap,6,1.0716,0.8184852,0.8770887403200001
5566.7521539726295,gap,6,0.8929999,0.7223192,0.64503097336808
5570.84587396821,gap,6,0.9108599,0.7225879,0.6581763423352099
5574.916464975104,gap,6,0.9287199,0.7223192,0.67083221519208
5579.119997972157,gap,6,0.9108599,0.7228564,0.65842090821836
5586.354428960476,gap,6,1.05374,0.8187538,0.8627536292119999
5590.4964819783345,gap,6,1.08053,0.8187538,0.884688043514
5594.7346079628915,gap,6,1.08946,0.8184852,0.8917068859920001
5598.929974948987,gap,6,1.09839,0.8184852,0.899015958828
5603.109897987451,gap,6,1.0716,0.8184852,0.8770887403200001
5607.269005966373,gap,6,1.08946,0.8184852,0.8917068859920001
5614.361900952645,gap,6,0.9108599,0.7225879,0.6581763423352099
5618.444120977074,gap,6,0.91979,0.7223192,0.664381976968
5622.519785945769,gap,6,0.91979,0.7225879,0.664629124541
5626.591894950252,gap,6,0.8929999,0.7228564,0.6455106929143599
5633.885120972991,gap,6,1.0716,0.8184852,0.8770887403200001
5640.963348967489,gap,6,1.00016,0.7228564,0.7229720570239999
5645.054939959664,gap,6,0.90193,0.7223192,0.6514813560560001
5649.136288964655,gap,6,0.9287199,0.7223192,0.67083221519208
5653.208453964908,gap,6,0.90193,0.7223192,0.6514813560560001
5660.553568974137,gap,6,1.0716,0.8182165,0.8768008014
5667.530482984148,gap,6,0.90193,0.7225879,0.6517237046469999
5671.615943952929,gap,6,0.90193,0.7223192,0.6514813560560001
5675.708645954728,gap,6,0.9287199,0.7223192,0.67083221519208
5679.815864947159,gap,6,0.91979,0.7225879,0.664629124541
5687.169812968932,gap,6,1.0716,0.8184852,0.8770887403200001
5691.331698966678,gap,6,1.06267,0.8187538,0.870065100646
5698.416279978119,gap,6,0.8929999,0.7225879,0.6452709224412099
5702.536350989249,gap,6,0.91979,0.7225879,0.664629124541
5709.902705973946,gap,6,1.08053,0.8184852,0.884397813156
5716.990582994185,gap,6,1.13411,0.7225879,0.8194941632689999
5721.075413981453,gap,6,0.9287199,0.7225879,0.67108176222921
5725.145096948836,gap,6,0.9287199,0.7228564,0.67133112352236
5729.213205981068,gap,6,0.8929999,0.7228564,0.6455106929143599
5735.460868978407,gap,6,1.05374,0.8184852,0.8624705946479999
5740.158971981145,gap,6,1.05374,0.8184852,0.8624705946479999
5747.246328974143,gap,6,0.88407,0.7223192,0.638580735144
5751.342826988548,gap,6,0.8929999,0.7225879,0.6452709224412099
5755.419120949227,gap,6,0.8929999,0.7225879,0.6452709224412099
5759.520155959763,gap,6,0.90193,0.7220506,0.651239097658
5763.589616981335,gap,6,0.90193,0.723125,0.65220813125
5767.663521983195,gap,6,0.91979,0.7223192,0.664381976968
5771.743853983935,gap,6,0.91979,0.7225879,0.664629124541
5775.815388944466,gap,6,0.8929999,0.7228564,0.6455106929143599
5779.866867989767,gap,6,0.9108599,0.7228564,0.65842090821836
5787.231963942759,gap,6,1.08053,0.8187538,0.884688043514
5791.379294998478,gap,6,1.06267,0.8182165,0.869494128055
5795.5156629905105,gap,6,1.06267,0.8179479,0.8692086948929999
5799.648271000478,gap,6,1.06267,0.8184852,0.869779667484
5810.695238993503,gap,6,0.9108599,0.7228564,0.65842090821836
5814.762477995828,gap,6,0.9108599,0.7228564,0.65842090821836
5818.845530971885,gap,6,0.90193,0.7228564,0.6519658728519999
5822.905214969069,gap,6,0.9108599,0.7223192,0.65793159428008
5826.9707869621925,gap,6,0.91979,0.7225879,0.664629124541
5831.036506977398,gap,6,0.9108599,0.7220506,0.65768693731094
5835.137022950221,gap,6,0.9108599,0.7225879,0.6581763423352099
5839.2041879706085,gap,6,0.9108599,0.7225879,0.6581763423352099
5843.337055994198,gap,6,0.90193,0.7228564,0.6519658728519999
5847.424515988678,gap,6,0.90193,0.7225879,0.6517237046469999
5851.49943997385,gap,6,0.90193,0.7223192,0.6514813560560001
5858.799925947096,gap,6,1.08946,0.8184852,0.8917068859920001
5862.937552970834,gap,6,1.08053,0.8184852,0.884397813156
5867.066716949921,gap,6,1.06267,0.8179479,0.8692086948929999
5874.4612009613775,gap,6,0.9287199,0.7225879,0.67108176222921
5878.521476988681,gap,6,0.9108599,0.7225879,0.6581763423352099
5882.599511998706,gap,6,0.90193,0.7228564,0.6519658728519999
5886.6720289806835,gap,6,0.9108599,0.7223192,0.65793159428008
5890.751155966427,gap,6,0.8929999,0.7225879,0.6452709224412099
5894.83000600012,gap,6,0.8929999,0.7220506,0.64479111359494
5898.885818955023,gap,6,0.87514,0.7225879,0.632365574806
5902.950705960393,gap,6,0.9108599,0.7225879,0.6581763423352099
5907.0304069900885,gap,6,0.9287199,0.7223192,0.67083221519208
5911.119034979492,gap,6,0.90193,0.7225879,0.6517237046469999
5915.180384996347,gap,6,0.9108599,0.7228564,0.65842090821836
5919.270641985349,gap,6,0.90193,0.7225879,0.6517237046469999
5923.350139986724,gap,6,0.90193,0.7225879,0.6517237046469999
5927.499988989439,gap,6,0.9108599,0.7223192,0.65793159428008
5934.7600669716485,gap,6,1.0716,0.8184852,0.8770887403200001
5938.953581964597,gap,6,1.0716,0.8182165,0.8768008014
5946.04177394649,gap,6,0.9108599,0.7228564,0.65842090821836
5950.123178947251,gap,6,0.9108599,0.723125,0.6586655651875
5956.34367497405,gap,6,1.0716,0.8179479,0.87651296964
5961.052962986287,gap,6,1.08946,0.8184852,0.8917068859920001
5968.080820981413,gap,6,0.88407,0.7228564,0.639055657548
5972.16305998154,gap,6,0.91979,0.7225879,0.664629124541
5976.243168988731,gap,6,0.9108599,0.7225879,0.6581763423352099
5983.571857970674,gap,6,1.0716,0.8187538,0.8773765720800001
5987.701243953779,gap,6,1.08946,0.8184852,0.8917068859920001
5994.7341769584455,gap,6,0.8929999,0.7225879,0.6452709224412099
5998.839470965322,gap,6,0.9108599,0.7223192,0.65793159428008
6005.343222990632,bench:905c58d5b10ce1c5,7,1.786,0.8179479,1.4608549494
6010.079491999932,bench:905c58d5b10ce1c5,7,1.83065,0.8184852,1.4983599313800002
6016.289321996737,bench:905c58d5b10ce1c5,7,2.00925,0.8488392,1.7055301626000001
6020.816444943193,bench:905c58d5b10ce1c5,7,2.02711,0.8485706,1.7201459489659998
6027.718600991648,bench:905c58d5b10ce1c5,7,2.42003,0.8888636,2.151076577908
6033.441952953581,bench:905c58d5b10ce1c5,7,2.83081,0.9294252,2.631026150412
6037.730541953351,bench:905c58d5b10ce1c5,7,2.75044,0.9286194,2.554111942536
6043.3622659766115,bench:905c58d5b10ce1c5,7,2.53612,0.9036377,2.291733643724
6047.69589100033,bench:905c58d5b10ce1c5,7,2.50933,0.9036377,2.267525189741
6054.155457997695,bench:905c58d5b10ce1c5,7,2.81295,0.9283507,2.611404101565
6058.375861961395,bench:905c58d5b10ce1c5,7,2.83974,0.928888,2.63780040912
6063.897271989845,bench:905c58d5b10ce1c5,7,2.65221,0.9184118,2.4358209600780003
6068.324618972838,bench:905c58d5b10ce1c5,7,2.66114,0.9192177,2.4461669901780003
6074.646076944191,bench:905c58d5b10ce1c5,7,2.78616,0.9286194,2.587282227504
6078.833609994035,bench:905c58d5b10ce1c5,7,2.83974,0.9280821,2.635511862654
6083.062976947986,bench:905c58d5b10ce1c5,7,2.83081,0.9294252,2.631026150412
6089.541007997468,bench:905c58d5b10ce1c5,7,2.679,0.918949,2.461864371
6093.798521964345,bench:905c58d5b10ce1c5,7,2.69686,0.9184118,2.476828046948
6099.3405059562065,bench:905c58d5b10ce1c5,7,2.75937,0.9286194,2.562404513778
6103.557780967094,bench:905c58d5b10ce1c5,7,2.80402,0.928888,2.60462052976
6107.731500000227,bench:905c58d5b10ce1c5,7,3.20587,0.9286194,2.977033075878
6111.917829955928,bench:905c58d5b10ce1c5,7,2.79509,0.9286194,2.595574798746
6116.094974975567,bench:905c58d5b10ce1c5,7,2.84867,0.9294252,2.647625684484
6120.162676961627,bench:905c58d5b10ce1c5,7,2.7683,0.9294252,2.5729277811599998
6124.31556294905,bench:905c58d5b10ce1c5,7,2.84867,0.928888,2.64609537896
6128.505985951051,bench:905c58d5b10ce1c5,7,2.77723,0.928888,2.57973562024
6132.5847239932045,bench:905c58d5b10ce1c5,7,2.83081,0.9286194,2.628745083714
6136.710350983776,bench:905c58d5b10ce1c5,7,2.81295,0.9286194,2.61215994123
6140.793904953171,bench:905c58d5b10ce1c5,7,2.87546,0.9286194,2.670207939924
6144.934790965635,bench:905c58d5b10ce1c5,7,2.78616,0.9291566,2.5887789526560003
6151.33365499787,bench:905c58d5b10ce1c5,7,2.679,0.9192177,2.4625842183
6158.0477389507,bench:905c58d5b10ce1c5,7,2.83974,0.9283507,2.636274616818
6162.266383995302,bench:905c58d5b10ce1c5,7,2.79509,0.9291566,2.597076321094
6166.445621987805,bench:905c58d5b10ce1c5,7,2.83974,0.928888,2.63780040912
6170.6840439583175,bench:905c58d5b10ce1c5,7,2.83081,0.9286194,2.628745083714
6174.8283739434555,bench:905c58d5b10ce1c5,7,2.83081,0.9286194,2.628745083714
6179.0950189461,bench:905c58d5b10ce1c5,7,2.84867,0.928888,2.64609537896
6185.560530982912,bench:905c58d5b10ce1c5,7,2.73258,0.9192177,2.511835902666
6189.79028594913,bench:905c58d5b10ce1c5,7,2.70579,0.9192177,2.487210060483
6194.036819972098,bench:905c58d5b10ce1c5,7,2.70579,0.9192177,2.487210060483
6198.286389990244,bench:905c58d5b10ce1c5,7,2.66114,0.9186804,2.444737159656
6202.536811993923,bench:905c58d5b10ce1c5,7,2.68793,0.9192177,2.470792832361
6206.830863957293,bench:905c58d5b10ce1c5,7,2.67007,0.9184118,2.452223794826
6213.185709959362,bench:905c58d5b10ce1c5,7,2.92011,0.9286194,2.7116707961340003
6217.36172598321,bench:905c58d5b10ce1c5,7,2.83974,0.9326486,2.6484795353640003
6221.538018959109,bench:905c58d5b10ce1c5,7,2.8576,0.9280821,2.6520874089600004
6227.161834947765,bench:905c58d5b10ce1c5,7,2.63435,0.9186804,2.42012571174
6231.536922976375,bench:905c58d5b10ce1c5,7,2.66114,0.9192177,2.4461669901780003
6237.8621399984695,bench:905c58d5b10ce1c5,7,2.79509,0.9280821,2.594072996889
6242.041099991184,bench:905c58d5b10ce1c5,7,2.78616,0.9286194,2.587282227504
6246.178541972768,bench:905c58d5b10ce1c5,7,2.8576,0.928888,2.6543903488000002
6250.341278966516,bench:905c58d5b10ce1c5,7,2.88439,0.9286194,2.678500511166
6254.46570297936,bench:905c58d5b10ce1c5,7,2.83081,0.9283507,2.627984445067
6258.627551957034,bench:905c58d5b10ce1c5,7,2.80402,0.9283507,2.603113929814
6262.752326962072,bench:905c58d5b10ce1c5,7,2.81295,0.9291566,2.61367105797
6266.885509947315,bench:905c58d5b10ce1c5,7,2.87546,0.9286194,2.670207939924
6271.063191990834,bench:905c58d5b10ce1c5,7,2.80402,0.928888,2.60462052976
6275.210521998815,bench:905c58d5b10ce1c5,7,2.83081,0.9294252,2.631026150412
6279.521313961595,bench:905c58d5b10ce1c5,7,2.79509,0.9286194,2.595574798746
6283.636792970356,bench:905c58d5b10ce1c5,7,2.82188,0.928888,2.6212104694400002
6287.766123947222,bench:905c58d5b10ce1c5,7,2.83081,0.9283507,2.627984445067
6291.919713956304,bench:905c58d5b10ce1c5,7,2.83081,0.9291566,2.630265794846
6296.12900695065,bench:905c58d5b10ce1c5,7,2.77723,0.9286194,2.578989656262
6300.294114975259,bench:905c58d5b10ce1c5,7,2.81295,0.928888,2.6129154996
6304.521963000298,bench:905c58d5b10ce1c5,7,2.83081,0.9286194,2.628745083714
6308.699978981167,bench:905c58d5b10ce1c5,7,2.82188,0.928888,2.6212104694400002
6312.886789964978,bench:905c58d5b10ce1c5,7,2.8576,0.9294252,2.65592545152
6317.254007968586,bench:905c58d5b10ce1c5,7,2.80402,0.9294252,2.6061268493039997
6322.415420960169,bench:905c58d5b10ce1c5,7,2.679,0.928888,2.488490952
6327.528704947326,bench:905c58d5b10ce1c5,7,2.75044,0.9286194,2.554111942536
6333.5749809630215,bench:905c58d5b10ce1c5,7,2.67007,0.9286194,2.479478801358
6338.740782986861,bench:905c58d5b10ce1c5,7,2.53612,0.9286194,2.355090232728
6343.1353699998,bench:905c58d5b10ce1c5,7,2.58077,0.928888,2.39724628376
6349.227885948494,bench:905c58d5b10ce1c5,7,2.71472,0.9283507,2.5202122123039996
6355.32010497991,bench:905c58d5b10ce1c5,7,2.61649,0.9291566,2.4311289523340003
6359.652192972135,bench:905c58d5b10ce1c5,7,2.60756,0.9286194,2.4214308026639997
6365.673653956037,bench:905c58d5b10ce1c5,7,2.71472,0.9294252,2.5231291789439996
6369.909520959482,bench:905c58d5b10ce1c5,7,2.69686,0.9286194,2.504356515084
6375.109896995127,bench:905c58d5b10ce1c5,7,2.63435,0.9294252,2.44843127562
6379.41565195797,bench:905c58d5b10ce1c5,7,2.62542,0.9286194,2.438015945148
6383.648962946609,bench:905c58d5b10ce1c5,7,2.71472,0.9280821,2.519483038512
6390.189344994724,bench:905c58d5b10ce1c5,7,2.66114,0.9286194,2.471186230116
6395.185796951409,bench:905c58d5b10ce1c5,7,2.72365,0.928888,2.5299658012000004
6400.245025986806,bench:905c58d5b10ce1c5,7,2.83974,0.928888,2.63780040912
6404.508318984881,bench:905c58d5b10ce1c5,7,2.80402,0.928888,2.60462052976
6408.697407983709,bench:905c58d5b10ce1c5,7,2.84867,0.9283507,2.644564788569
6412.908644997515,bench:905c58d5b10ce1c5,7,2.90225,0.9291566,2.69664474235
6417.086234956514,bench:905c58d5b10ce1c5,7,3.44698,0.928888,3.20185835824
6421.3177869678475,bench:905c58d5b10ce1c5,7,2.88439,0.9286194,2.678500511166
6427.698336949106,bench:905c58d5b10ce1c5,7,2.65221,0.9184118,2.4358209600780003
6434.205236961134,bench:905c58d5b10ce1c5,7,2.86653,0.9291566,2.663455268598
6438.470362976659,bench:905c58d5b10ce1c5,7,2.84867,0.9294252,2.647625684484
6442.692062992137,bench:905c58d5b10ce1c5,7,2.87546,0.9294252,2.6725249855919997
6446.956114959903,bench:905c58d5b10ce1c5,7,2.84867,0.928888,2.64609537896
6451.244314957876,bench:905c58d5b10ce1c5,7,2.83081,0.9280821,2.627224089501
6455.424329964444,bench:905c58d5b10ce1c5,7,2.83081,0.928888,2.6295054392800004
6459.671622957103,bench:905c58d5b10ce1c5,7,2.81295,0.9286194,2.61215994123
6463.850785978138,bench:905c58d5b10ce1c5,7,2.86653,0.928888,2.6626853186400004
6469.449528958648,bench:905c58d5b10ce1c5,7,2.71472,0.918949,2.49468922928
6473.720802983735,bench:905c58d5b10ce1c5,7,2.73258,0.918949,2.51110165842
6478.023168980144,bench:905c58d5b10ce1c5,7,2.75044,0.918949,2.52751408756
6482.216979959048,bench:905c58d5b10ce1c5,7,2.70579,0.9192177,2.487210060483
6486.450920987409,bench:905c58d5b10ce1c5,7,2.67007,0.9184118,2.452223794826
6490.715027961414,bench:905c58d5b10ce1c5,7,2.70579,0.918949,2.48648301471
6497.170058952179,bench:905c58d5b10ce1c5,7,2.8576,0.928888,2.6543903488000002
6501.328314945567,bench:905c58d5b10ce1c5,7,2.83081,0.931037,2.63558884997
6505.500867962837,bench:905c58d5b10ce1c5,7,2.88439,0.9283507,2.677725475573
6509.713660983834,bench:905c58d5b10ce1c5,7,2.80402,0.9286194,2.603867369988
6515.233607962728,bench:905c58d5b10ce1c5,7,2.75044,0.918949,2.52751408756
6519.599806983024,bench:905c58d5b10ce1c5,7,2.65221,0.9186804,2.436533343684
6525.276714994106,bench:905c58d5b10ce1c5,7,2.61649,0.9286194,2.429723373906
6529.545266996138,bench:905c58d5b10ce1c5,7,2.86653,0.928888,2.6626853186400004
6533.691670978442,bench:905c58d5b10ce1c5,7,2.8576,0.9283507,2.65285496032
6537.952722981572,bench:905c58d5b10ce1c5,7,2.8576,0.9294252,2.65592545152
6542.175811948255,bench:905c58d5b10ce1c5,7,2.77723,0.9283507,2.578243414561
6546.409363974817,bench:905c58d5b10ce1c5,7,2.87546,0.928888,2.67098028848
6550.592805957422,bench:905c58d5b10ce1c5,7,2.87546,0.928888,2.67098028848
6554.796524986159,bench:905c58d5b10ce1c5,7,2.83081,0.9294252,2.631026150412
6558.999817993026,bench:905c58d5b10ce1c5,7,2.8576,0.9291566,2.6551579001600003
6563.177721982356,bench:905c58d5b10ce1c5,7,2.8576,0.928888,2.6543903488000002
6567.434939963277,bench:905c58d5b10ce1c5,7,2.83974,0.9286194,2.637037654956
6573.9148409920745,bench:905c58d5b10ce1c5,7,2.71472,0.9184118,2.493230881696
6578.162707970478,bench:905c58d5b10ce1c5,7,2.75937,0.9192177,2.5364617448490003
6582.439536985476,bench:905c58d5b10ce1c5,7,2.68793,0.9186804,2.469348607572
6586.667829949874,bench:905c58d5b10ce1c5,7,2.69686,0.9192177,2.479001446422
6592.225924949162,bench:905c58d5b10ce1c5,7,2.88439,0.928888,2.67927525832
6596.4159579598345,bench:905c58d5b10ce1c5,7,2.86653,0.928888,2.6626853186400004
6600.62271397328,bench:905c58d5b10ce1c5,7,2.83974,0.9286194,2.637037654956
6604.834173980635,bench:905c58d5b10ce1c5,7,2.83081,0.9286194,2.628745083714
6608.965485997032,bench:905c58d5b10ce1c5,7,2.88439,0.9286194,2.678500511166
6613.155723956879,bench:905c58d5b10ce1c5,7,3.2148,0.9283507,2.98446183036
6617.325553961564,bench:905c58d5b10ce1c5,7,2.79509,0.9283507,2.594823758063
6621.531216951553,bench:905c58d5b10ce1c5,7,2.79509,0.9294252,2.597827082268
6625.812453974504,bench:905c58d5b10ce1c5,7,2.87546,0.9291566,2.671752637036
6781.219147960655,bench:905c58d5b10ce1c5,7,2.06283,0.9186804,1.8950814895319998
6785.634345957078,bench:905c58d5b10ce1c5,7,2.86653,0.9283507,2.661145132071
6791.716139996424,bench:905c58d5b10ce1c5,7,2.71472,0.9197549,2.496877022128
6796.045227965806,bench:905c58d5b10ce1c5,7,2.73258,0.918949,2.51110165842
6802.305482968222,bench:905c58d5b10ce1c5,7,2.84867,0.9286194,2.645330226198
6806.493108975701,bench:905c58d5b10ce1c5,7,2.80402,0.9294252,2.6061268493039997
6817.011229984928,bench:905c58d5b10ce1c5,7,2.70579,0.9192177,2.487210060483
6822.5004189880565,bench:905c58d5b10ce1c5,7,2.83974,0.9286194,2.637037654956
6826.7959139775485,bench:905c58d5b10ce1c5,7,2.84867,0.9283507,2.644564788569
6831.0198549879715,bench:905c58d5b10ce1c5,7,2.81295,0.9291566,2.61367105797
6835.234203957953,bench:905c58d5b10ce1c5,7,2.88439,0.9283507,2.677725475573
6841.6863269521855,bench:905c58d5b10ce1c5,7,2.69686,0.918949,2.47827680014
6848.036524956115,bench:905c58d5b10ce1c5,7,2.78616,0.928888,2.5880305900800002
6852.2808739799075,bench:905c58d5b10ce1c5,7,2.88439,0.9294252,2.680824752628
6856.500611000229,bench:905c58d5b10ce1c5,7,2.86653,0.9286194,2.661915368682
6863.024621969089,bench:905c58d5b10ce1c5,7,2.68793,0.9192177,2.470792832361
6867.297173943371,bench:905c58d5b10ce1c5,7,2.72365,0.9186804,2.50216387146
6873.8052229746245,bench:905c58d5b10ce1c5,7,2.84867,0.928888,2.64609537896
6877.996755996719,bench:905c58d5b10ce1c5,7,2.87546,0.9286194,2.670207939924
6883.597183972597,bench:905c58d5b10ce1c5,7,2.69686,0.9192177,2.479001446422
6887.87673600018,bench:905c58d5b10ce1c5,7,2.72365,0.9186804,2.50216387146
6894.26478499081,bench:905c58d5b10ce1c5,7,2.82188,0.9283507,2.619694273316
6898.450948996469,bench:905c58d5b10ce1c5,7,2.84867,0.928888,2.64609537896
6902.642648958135,bench:905c58d5b10ce1c5,7,2.88439,0.928888,2.67927525832
6906.896904984023,bench:905c58d5b10ce1c5,7,2.80402,0.928888,2.60462052976
6912.429221963976,bench:905c58d5b10ce1c5,7,2.72365,0.9184118,2.50143229907
6916.763532964978,bench:905c58d5b10ce1c5,7,2.69686,0.918949,2.47827680014
6923.094471974764,bench:905c58d5b10ce1c5,7,2.86653,0.9291566,2.663455268598
6927.339115994982,bench:905c58d5b10ce1c5,7,2.86653,0.928888,2.6626853186400004
6931.548390944954,bench:905c58d5b10ce1c5,7,2.84867,0.9286194,2.645330226198
6937.215409998316,bench:905c58d5b10ce1c5,7,2.71472,0.918949,2.49468922928
6941.545738955028,bench:905c58d5b10ce1c5,7,2.69686,0.9184118,2.476828046948
6945.790160971228,bench:905c58d5b10ce1c5,7,2.72365,0.9186804,2.50216387146
6950.085860968102,bench:905c58d5b10ce1c5,7,2.64328,0.9186804,2.4283295277119996
6954.399281996302,bench:905c58d5b10ce1c5,7,2.74151,0.9192177,2.520044516727
6958.712518971879,bench:905c58d5b10ce1c5,7,2.63435,0.918949,2.42083329815
6964.330075948965,bench:905c58d5b10ce1c5,7,2.84867,0.9291566,2.646860531722
6968.5583129758015,bench:905c58d5b10ce1c5,7,2.86653,0.9283507,2.661145132071
6972.71986596752,bench:905c58d5b10ce1c5,7,2.87546,0.9286194,2.670207939924
6976.924306945875,bench:905c58d5b10ce1c5,7,2.80402,0.9294252,2.6061268493039997
6981.116636947263,bench:905c58d5b10ce1c5,7,3.3934,0.928888,3.1520885392
6985.298744984902,bench:905c58d5b10ce1c5,7,2.87546,0.9291566,2.671752637036
6989.455630944576,bench:905c58d5b10ce1c5,7,2.87546,0.9291566,2.671752637036
6993.634998972993,bench:905c58d5b10ce1c5,7,2.83974,0.9286194,2.637037654956
6999.2344819474965,bench:905c58d5b10ce1c5,7,2.69686,0.9186804,2.477552423544
7003.482144966256,gap,8,2.679,0.9197549,2.4640233770999997
7008.996183983982,gap,8,1.62526,0.9286194,1.509247966044
7013.192291953601,gap,8,1.59847,0.9294252,1.485658299444
7020.365426957142,gap,8,1.10732,0.8184852,0.9063250316640001
7027.510098996572,gap,8,0.9287199,0.7225879,0.67108176222921
7031.622966984287,gap,8,0.9287199,0.7223192,0.67083221519208
7035.739705956075,gap,8,0.93765,0.7223192,0.67728259788
7043.029468972236,gap,8,1.09839,0.8184852,0.899015958828
7047.263279964682,gap,8,1.08946,0.8182165,0.8914141480900001
7051.464017946273,gap,8,1.10732,0.8182165,0.9060274947800001
7058.543819992337,gap,8,0.9287199,0.7225879,0.67108176222921
7062.641058990266,gap,8,0.93765,0.7223192,0.67728259788
7066.700278955977,gap,8,0.9287199,0.7225879,0.67108176222921
7070.795887964778,gap,8,0.9287199,0.7225879,0.67108176222921
7074.865829956252,gap,8,0.91979,0.7225879,0.664629124541
7078.940957959276,gap,8,0.9465799,0.7225879,0.68398718212321
7083.012158982456,gap,8,0.9465799,0.7225879,0.68398718212321
7087.111860979348,gap,8,0.9108599,0.7225879,0.6581763423352099
7091.195154993329,gap,8,0.91979,0.7223192,0.664381976968
7095.263133989647,gap,8,0.93765,0.7223192,0.67728259788
7099.345502967481,gap,8,0.91979,0.7225879,0.664629124541
7103.42577798292,gap,8,0.9287199,0.7225879,0.67108176222921
7107.479831960518,gap,8,0.9287199,0.7223192,0.67083221519208
7111.560329969507,gap,8,0.9108599,0.7220506,0.65768693731094
7115.627531951759,gap,8,0.9108599,0.7225879,0.6581763423352099
7119.697047979571,gap,8,0.9108599,0.7225879,0.6581763423352099
7126.991755969357,gap,8,1.0716,0.8184852,0.8770887403200001
7131.133141985629,gap,8,1.08946,0.8184852,0.8917068859920001
7135.26200997876,gap,8,1.0716,0.8182165,0.8768008014
7142.518384964205,gap,8,0.9287199,0.7228564,0.67133112352236
7146.618937957101,gap,8,0.91979,0.7228564,0.664876088156
7150.737434974872,gap,8,0.91979,0.7225879,0.664629124541
7154.803006967995,gap,8,0.91979,0.7225879,0.664629124541
7158.851875981782,gap,8,0.9108599,0.7220506,0.65768693731094
7162.937725952361,gap,8,0.9108599,0.7220506,0.65768693731094
7167.047074995935,gap,8,0.91979,0.7225879,0.664629124541
7171.136183955241,gap,8,0.93765,0.7228564,0.6777863034599999
7178.485242999159,gap,8,1.08946,0.8182165,0.8914141480900001
7182.626110967249,gap,8,1.08946,0.8184852,0.8917068859920001
7189.699635957368,gap,8,0.91979,0.7220506,0.664134921374
7193.771318998188,gap,8,0.9287199,0.7225879,0.67108176222921
7197.837353975046,gap,8,0.9287199,0.7223192,0.67083221519208
7201.907092996407,gap,8,0.9108599,0.7223192,0.65793159428008
7206.0134979547,gap,8,0.9287199,0.7225879,0.67108176222921
7213.364722963888,gap,8,1.08946,0.8179479,0.8911215191340001
7217.524553998373,gap,8,1.0716,0.8187538,0.8773765720800001
7224.601726979017,gap,8,0.91979,0.7223192,0.664381976968
7228.700242994819,gap,8,0.93765,0.7228564,0.6777863034599999
7232.8105549677275,gap,8,0.91979,0.7223192,0.664381976968
7240.165187977254,gap,8,1.08946,0.8187538,0.891999514948
7244.312148948666,gap,8,1.08946,0.8187538,0.891999514948
7251.340636983514,gap,8,0.9287199,0.7223192,0.67083221519208
7255.443281959742,gap,8,0.9287199,0.7225879,0.67108176222921
7259.501409949735,gap,8,0.9108599,0.7225879,0.6581763423352099
7263.580203987658,gap,8,0.9108599,0.7225879,0.6581763423352099
7267.657294985838,gap,8,0.9287199,0.7225879,0.67108176222921
7271.731959946919,gap,8,0.9108599,0.7228564,0.65842090821836
7275.829790974967,gap,8,0.9287199,0.7220506,0.67058276102694
7279.876047978178,gap,8,0.91979,0.7228564,0.664876088156
7283.981248969212,gap,8,0.9287199,0.7223192,0.67083221519208
7291.340956988279,gap,8,1.08946,0.8184852,0.8917068859920001
7295.486212999094,gap,8,1.08946,0.8187538,0.891999514948
7302.505885949358,gap,8,0.9108599,0.7225879,0.6581763423352099
7306.574328977149,gap,8,0.91979,0.7223192,0.664381976968
7310.650474973954,gap,8,0.9108599,0.7225879,0.6581763423352099
7314.742212998681,gap,8,0.9108599,0.7225879,0.6581763423352099
7322.174845961854,gap,8,1.03588,0.8182165,0.84757410802
7327.879364951514,gap,8,1.03588,0.8184852,0.847852448976
7334.043749957345,gap,8,1.28592,0.9294252,1.1951664531839998
7338.282283977605,gap,8,1.30378,0.928888,1.21106559664
7342.4860399682075,gap,8,1.31271,0.9283507,1.218655247397
7346.679610956926,gap,8,1.29485,0.9286194,1.20242283009
7352.4188149604015,gap,8,1.28592,0.9283507,1.1937847321439998
7356.999788957182,gap,8,1.97353,0.9286194,1.8326582444819999
7363.959611975588,gap,8,1.31271,0.9286194,1.219007972574
7370.762082980946,gap,8,1.29485,0.9286194,1.20242283009
7374.87004394643,gap,8,1.28592,0.9283507,1.1937847321439998
7378.983170958236,gap,8,1.29485,0.9286194,1.20242283009
7383.1202239962295,gap,8,1.28592,0.928888,1.19447565696
7387.239572999533,gap,8,1.26806,0.9286194,1.177545116364
7391.353311948478,gap,8,1.28592,0.9286194,1.1941302588479998
7398.35894794669,gap,8,1.30378,0.9286194,1.2107154013319998
7406.605146999937,gap,8,1.08946,0.8184852,0.8917068859920001
7413.613190990873,gap,8,0.9108599,0.7223192,0.65793159428008
7417.687762994319,gap,8,0.91979,0.7223192,0.664381976968
7421.755908988416,gap,8,0.9108599,0.7225879,0.6581763423352099
7425.820221949834,gap,8,0.93765,0.7225879,0.6775345444349999
7429.87870099023,gap,8,0.91979,0.7225879,0.664629124541
7433.9529579738155,gap,8,0.91979,0.7225879,0.664629124541
7438.0113639635965,gap,8,0.91979,0.7225879,0.664629124541
7442.070879973471,gap,8,0.9465799,0.7228564,0.68424133882636
7446.136989980005,gap,8,0.8929999,0.7225879,0.6452709224412099
7450.216542987619,gap,8,0.91979,0.7225879,0.664629124541
7454.276466974989,gap,8,0.9287199,0.7228564,0.67133112352236
7458.336501964368,gap,8,0.9287199,0.7228564,0.67133112352236
7462.42135198554,gap,8,0.91979,0.7220506,0.664134921374
7466.509960999247,gap,8,0.91979,0.7225879,0.664629124541
7470.5789589788765,gap,8,0.91979,0.7225879,0.664629124541
7474.639548978303,gap,8,0.91979,0.7225879,0.664629124541
7478.712213982362,gap,8,0.9108599,0.7223192,0.65793159428008
7482.7881009550765,gap,8,0.93765,0.7223192,0.67728259788
7486.86506197555,gap,8,0.91979,0.7225879,0.664629124541
7490.948873979505,gap,8,0.9108599,0.7228564,0.65842090821836
7495.025519980118,gap,8,0.9108599,0.7225879,0.6581763423352099
7499.090777942911,gap,8,0.8929999,0.7223192,0.64503097336808
7503.169015981257,gap,8,0.9108599,0.7225879,0.6581763423352099
7507.3398649692535,gap,8,0.9287199,0.7223192,0.67083221519208
7511.903820966836,gap,8,0.9108599,0.7220506,0.65768693731094
7529.15632299846,gap,8,1.08053,0.8182165,0.884107474745
7535.4899279773235,gap,8,1.0716,0.8182165,0.8768008014
7540.225901000667,gap,8,1.06267,0.8184852,0.869779667484
7555.0239449949,gap,8,1.0716,0.8184852,0.8770887403200001
7562.078857969027,gap,8,0.9108599,0.7225879,0.6581763423352099
7566.663906967733,gap,8,0.8929999,0.7225879,0.6452709224412099
7573.949244979303,gap,8,1.08946,0.8184852,0.8917068859920001
7580.976361990906,gap,8,1.12518,0.7228564,0.813343564152
7585.060192970559,gap,8,0.9108599,0.7225879,0.6581763423352099
7589.144209981896,gap,8,0.91979,0.7223192,0.664381976968
7596.434102975763,gap,8,1.08053,0.8182165,0.884107474745
7603.455460979603,gap,8,0.9287199,0.7225879,0.67108176222921
7607.518292963505,gap,8,0.9108599,0.7220506,0.65768693731094
7611.584475962445,gap,8,0.91979,0.7223192,0.664381976968
7615.655566973146,gap,8,0.91979,0.7220506,0.664134921374
7619.734600943048,gap,8,0.9108599,0.7225879,0.6581763423352099
7623.806210991461,gap,8,0.91979,0.7228564,0.664876088156
7627.865985967219,gap,8,0.9108599,0.7228564,0.65842090821836
7631.954872980714,gap,8,0.9287199,0.7225879,0.67108176222921
7636.020629957784,gap,8,0.9287199,0.7223192,0.67083221519208
7643.451928975992,gap,8,1.08946,0.8184852,0.8917068859920001
7647.6455929805525,gap,8,1.05374,0.8184852,0.8624705946479999
7651.822570944205,gap,8,1.08053,0.8184852,0.884397813156
7655.963123950642,gap,8,1.0716,0.8184852,0.8770887403200001
7660.133157973178,gap,8,1.08053,0.8179479,0.8838172443869999
7664.272247988265,gap,8,1.08946,0.8187538,0.891999514948
7671.285402961075,gap,8,0.9108599,0.7228564,0.65842090821836
7675.367196963634,gap,8,0.91979,0.7225879,0.664629124541
7679.507786990143,gap,8,0.9108599,0.7225879,0.6581763423352099
7683.59002599027,gap,8,0.9287199,0.7220506,0.67058276102694
7687.690948951058,gap,8,0.9287199,0.7225879,0.67108176222921
7695.028767979238,gap,8,1.08053,0.8187538,0.884688043514
7699.190819985233,gap,8,1.08053,0.8179479,0.8838172443869999
7706.2794379889965,gap,8,0.9287199,0.7223192,0.67083221519208
7710.365768987685,gap,8,0.90193,0.7225879,0.6517237046469999
7717.7379569620825,gap,8,1.08946,0.8184852,0.8917068859920001
7724.822981981561,gap,8,0.90193,0.7225879,0.6517237046469999
7728.886997967493,gap,8,0.91979,0.7223192,0.664381976968
7732.956051942892,gap,8,0.9822999,0.7223192,0.7095340779280801
7737.042327993549,gap,8,0.9465799,0.7225879,0.68398718212321
7744.39403496217,gap,8,1.08053,0.8182165,0.884107474745
7751.467133988626,gap,8,0.9287199,0.7225879,0.67108176222921
7755.579575954471,gap,8,0.9287199,0.7228564,0.67133112352236
7759.643350960687,gap,8,0.9287199,0.7223192,0.67083221519208
7763.743663963396,gap,8,0.91979,0.7223192,0.664381976968
7771.1035189568065,gap,8,1.06267,0.8182165,0.869494128055
7775.264349998906,gap,8,1.0716,0.8182165,0.8768008014
7782.3532819747925,gap,8,0.9108599,0.7223192,0.65793159428008
7786.446964950301,gap,8,0.9108599,0.7225879,0.6581763423352099
7793.729042983614,gap,8,1.08946,0.8184852,0.8917068859920001
7800.799011951312,gap,8,0.9287199,0.7225879,0.67108176222921
7804.933286970481,gap,8,0.90193,0.7225879,0.6517237046469999
7809.012747951783,gap,8,0.9912299,0.7225879,0.71625073185821
7820.412675966509,gap,8,1.08946,0.8184852,0.8917068859920001
7827.431793964934,gap,8,0.90193,0.7225879,0.6517237046469999
7831.517179962248,gap,8,0.9287199,0.7223192,0.67083221519208
7835.604362946469,gap,8,0.9287199,0.7223192,0.67083221519208
7842.971199948806,gap,8,1.0716,0.8179479,0.87651296964
7847.172733978368,gap,8,1.08946,0.8187538,0.891999514948
7851.321693975478,gap,8,1.0716,0.8179479,0.87651296964
7858.563679968938,gap,8,0.9108599,0.7225879,0.6581763423352099
7862.674806965515,gap,8,0.9287199,0.7228564,0.67133112352236
7866.753100999631,gap,8,0.9287199,0.7228564,0.67133112352236
7870.819395990111,gap,8,0.9108599,0.721782,0.6574422803418
7874.895133951213,gap,8,0.9108599,0.7225879,0.6581763423352099
7879.006279981695,gap,8,0.91979,0.7225879,0.664629124541
7886.358801973984,gap,8,1.08053,0.8179479,0.8838172443869999
7890.530594973825,gap,8,1.08053,0.8184852,0.884397813156
7897.59987895377,gap,8,0.9287199,0.7223192,0.67083221519208
7901.668617967516,gap,8,0.9287199,0.7225879,0.67108176222921
7905.729875958059,gap,8,0.91979,0.7225879,0.664629124541
7909.828372998163,gap,8,0.90193,0.7225879,0.6517237046469999
7913.895759964362,gap,8,0.9108599,0.7225879,0.6581763423352099
7917.954887961969,gap,8,0.9108599,0.7223192,0.65793159428008
7921.9961449853145,gap,8,0.91979,0.7223192,0.664381976968
7926.07316194335,gap,8,0.91979,0.7223192,0.664381976968
7930.1376229850575,gap,8,0.91979,0.7225879,0.664629124541
7934.193805966061,gap,8,0.9287199,0.7223192,0.67083221519208
7938.242674979847,gap,8,0.9108599,0.7228564,0.65842090821836
7942.31737597147,gap,8,0.91979,0.7223192,0.664381976968
7946.393614984117,gap,8,0.8929999,0.7225879,0.6452709224412099
7950.457279977854,gap,8,0.90193,0.7223192,0.6514813560560001
7954.529388982337,gap,8,0.8929999,0.7225879,0.6452709224412099
7958.61451595556,gap,8,0.9108599,0.7225879,0.6581763423352099
7962.68264396349,gap,8,0.9108599,0.7223192,0.65793159428008
7966.742585995235,gap,8,0.9108599,0.7223192,0.65793159428008
7970.796565990895,gap,8,0.91979,0.721782,0.66388786578
7974.861415976193,gap,8,0.9287199,0.7223192,0.67083221519208
7978.926135983784,gap,8,0.9108599,0.7220506,0.65768693731094
7983.082114951685,gap,8,0.9287199,0.7225879,0.67108176222921
7987.200815987308,gap,8,0.9108599,0.7223192,0.65793159428008
7991.29560997244,gap,8,0.90193,0.7223192,0.6514813560560001
7997.51275399467,gap,8,1.0716,0.8179479,0.87651296964
8002.216763969045,gap,8,1.0716,0.8184852,0.8770887403200001
8006.356983969454,gap,8,1.08946,0.8187538,0.891999514948
8010.5200369725935,gap,8,1.08946,0.8184852,0.8917068859920001
8017.5376539700665,gap,8,0.9108599,0.7225879,0.6581763423352099
8021.618837956339,gap,8,0.9108599,0.7223192,0.65793159428008
8025.701205944642,gap,8,0.8929999,0.7225879,0.6452709224412099
8029.759481956717,gap,8,0.91979,0.7228564,0.664876088156
8033.829201944172,gap,8,0.9287199,0.7223192,0.67083221519208
8037.901143950876,gap,8,0.9108599,0.7225879,0.6581763423352099
8042.000345943961,gap,8,0.9108599,0.7225879,0.6581763423352099
8046.075657999609,gap,8,0.9108599,0.7220506,0.65768693731094
8050.128656963352,gap,8,0.9108599,0.7225879,0.6581763423352099
8054.183709959034,gap,8,0.91979,0.7223192,0.664381976968
8058.263985964004,gap,8,0.9108599,0.7223192,0.65793159428008
8062.553647963796,bench:d908ade19db0c477,9,1.46452,0.7225879,1.058244431308
8067.227954976261,bench:d908ade19db0c477,9,1.46452,0.7220506,1.057457544712
8074.3300169706345,bench:d908ade19db0c477,9,2.28608,0.8738209,1.997624483072
8078.733529953752,bench:d908ade19db0c477,9,2.28608,0.8735522,1.9970102133760002
8085.478742956184,bench:d908ade19db0c477,9,2.70579,0.9186804,2.4857562395159998
8091.841959976591,bench:d908ade19db0c477,9,2.80402,0.9286194,2.603867369988
8096.042308956385,bench:d908ade19db0c477,9,2.74151,0.928888,2.54655574088
8100.194175960496,bench:d908ade19db0c477,9,2.81295,0.9286194,2.61215994123
8105.76686298009,bench:d908ade19db0c477,9,2.68793,0.918949,2.4700705855700003
8110.009136958979,bench:d908ade19db0c477,9,2.64328,0.9186804,2.4283295277119996
8116.427334956825,bench:d908ade19db0c477,9,2.79509,0.928888,2.5963255599200004
8120.621998969,bench:d908ade19db0c477,9,2.81295,0.9294252,2.61442661634
8124.730217969045,bench:d908ade19db0c477,9,2.83974,0.9294252,2.6393259174479997
8128.87423398206,bench:d908ade19db0c477,9,2.83974,0.928888,2.63780040912
8133.00073199207,bench:d908ade19db0c477,9,2.79509,0.928888,2.5963255599200004
8137.1020439546555,bench:d908ade19db0c477,9,3.19694,0.9291566,2.970457900804
8141.256911971141,bench:d908ade19db0c477,9,2.77723,0.928888,2.57973562024
8145.400612964295,bench:d908ade19db0c477,9,2.83974,0.9294252,2.6393259174479997
8149.545350985136,bench:d908ade19db0c477,9,2.88439,0.9291566,2.680050005474
8153.685032972135,bench:d908ade19db0c477,9,2.75937,0.9286194,2.562404513778
8157.84973395057,bench:d908ade19db0c477,9,2.77723,0.9291566,2.580481584218
8162.0040639536455,bench:d908ade19db0c477,9,2.86653,0.9291566,2.663455268598
8166.181134991348,bench:d908ade19db0c477,9,2.7683,0.9283507,2.56995324281
8170.30352196889,bench:d908ade19db0c477,9,2.84867,0.9294252,2.647625684484
8174.406759964768,bench:d908ade19db0c477,9,2.83081,0.928888,2.6295054392800004
8178.567608993035,bench:d908ade19db0c477,9,2.83974,0.9299625,2.64085170975
8182.686754968017,bench:d908ade19db0c477,9,2.78616,0.9286194,2.587282227504
8186.850510945078,bench:d908ade19db0c477,9,2.81295,0.9294252,2.61442661634
8191.053748945706,bench:d908ade19db0c477,9,2.81295,0.9294252,2.61442661634
8195.217411965132,bench:d908ade19db0c477,9,2.77723,0.9286194,2.578989656262
8199.479815957602,bench:d908ade19db0c477,9,2.80402,0.928888,2.60462052976
8203.648182970937,bench:d908ade19db0c477,9,2.81295,0.9294252,2.61442661634
8207.872420956846,bench:d908ade19db0c477,9,2.80402,0.9286194,2.603867369988
8212.06406597048,bench:d908ade19db0c477,9,2.83974,0.928888,2.63780040912
8216.260932967998,bench:d908ade19db0c477,9,2.79509,0.9291566,2.597076321094
8220.426114974543,bench:d908ade19db0c477,9,2.7683,0.928888,2.5714406504
8224.590074969456,bench:d908ade19db0c477,9,2.78616,0.9291566,2.5887789526560003
8230.209853965789,bench:d908ade19db0c477,9,2.679,0.9186804,2.4611447915999998
8234.472165000625,bench:d908ade19db0c477,9,2.68793,0.9192177,2.470792832361
8240.10662996443,bench:d908ade19db0c477,9,2.83974,0.928888,2.63780040912
8244.31671894854,bench:d908ade19db0c477,9,2.83081,0.9291566,2.630265794846
8248.54412296554,bench:d908ade19db0c477,9,2.78616,0.9286194,2.587282227504
8252.652619965374,bench:d908ade19db0c477,9,2.79509,0.9280821,2.594072996889
8256.808283971623,bench:d908ade19db0c477,9,2.81295,0.9291566,2.61367105797
8261.03409595089,bench:d908ade19db0c477,9,2.79509,0.9286194,2.595574798746
8265.191333950497,bench:d908ade19db0c477,9,2.91118,0.9283507,2.702595990826
8269.301349995658,bench:d908ade19db0c477,9,2.84867,0.928888,2.64609537896
8273.480197996832,bench:d908ade19db0c477,9,2.80402,0.9294252,2.6061268493039997
8277.57252997253,bench:d908ade19db0c477,9,2.8576,0.928888,2.6543903488000002
8281.738655990921,bench:d908ade19db0c477,9,2.80402,0.9286194,2.603867369988
8285.894282977097,bench:d908ade19db0c477,9,2.7683,0.928888,2.5714406504
8290.06763198413,bench:d908ade19db0c477,9,2.82188,0.9291566,2.6219684264080003
8294.221165997442,bench:d908ade19db0c477,9,2.83081,0.9294252,2.631026150412
8298.420051985886,bench:d908ade19db0c477,9,2.8576,0.9299625,2.65746084
8302.627140947152,bench:d908ade19db0c477,9,2.77723,0.928888,2.57973562024
8306.808489956893,bench:d908ade19db0c477,9,2.83974,0.9286194,2.637037654956
8311.052837991156,bench:d908ade19db0c477,9,2.80402,0.9286194,2.603867369988
8315.33725996269,bench:d908ade19db0c477,9,2.83081,0.9291566,2.630265794846
8323.136499966495,bench:d908ade19db0c477,9,2.72365,0.928888,2.5299658012000004
8328.062563959975,bench:d908ade19db0c477,9,2.73258,0.928888,2.53826077104
8333.092662971467,bench:d908ade19db0c477,9,2.87546,0.9283507,2.669435303822
8339.25693796482,bench:d908ade19db0c477,9,2.61649,0.928888,2.4304261631200004
8345.860429981258,bench:d908ade19db0c477,9,2.75937,0.9291566,2.5638868473420002
8350.071648950689,bench:d908ade19db0c477,9,2.70579,0.928888,2.51337586152
8354.218200955074,bench:d908ade19db0c477,9,2.71472,0.928888,2.52167083136
8358.408364991192,bench:d908ade19db0c477,9,2.71472,0.9291566,2.522400005152
8363.714702951256,bench:d908ade19db0c477,9,2.59863,0.9286194,2.413138231422
8368.012679973617,bench:d908ade19db0c477,9,2.64328,0.9286194,2.4546010876319997
8374.066065996885,bench:d908ade19db0c477,9,2.68793,0.928888,2.4967859218400004
8378.258507989813,bench:d908ade19db0c477,9,2.73258,0.9286194,2.537526800052
8382.479170977604,bench:d908ade19db0c477,9,2.74151,0.9294252,2.548028480052
8386.658389994409,bench:d908ade19db0c477,9,2.70579,0.9291566,2.514102636714
8390.827331983019,bench:d908ade19db0c477,9,2.73258,0.9286194,2.537526800052
8398.423202976119,bench:d908ade19db0c477,9,2.83081,0.9291566,2.630265794846
8403.916149982251,bench:d908ade19db0c477,9,2.68793,0.9192177,2.470792832361
8408.211849979125,bench:d908ade19db0c477,9,2.679,0.9192177,2.4625842183
8413.757851987612,bench:d908ade19db0c477,9,2.83081,0.9283507,2.627984445067
8417.987014981918,bench:d908ade19db0c477,9,2.81295,0.928888,2.6129154996
8423.5645729932,bench:d908ade19db0c477,9,2.65221,0.918949,2.43724572729
8427.84382798709,bench:d908ade19db0c477,9,2.70579,0.918949,2.48648301471
8434.328543953598,bench:d908ade19db0c477,9,2.86653,0.9283507,2.661145132071
8438.500151969492,bench:d908ade19db0c477,9,2.83974,0.9291566,2.638563163284
8444.099579995964,bench:d908ade19db0c477,9,2.75044,0.9192177,2.5282531307880003
8448.416963976342,bench:d908ade19db0c477,9,2.70579,0.9184118,2.485029464322
8454.788532981183,bench:d908ade19db0c477,9,2.8576,0.9286194,2.65362279744
8458.987602964044,bench:d908ade19db0c477,9,2.84867,0.9283507,2.644564788569
8463.222191960085,bench:d908ade19db0c477,9,3.49163,0.9280821,3.240519302823
8469.769721967168,bench:d908ade19db0c477,9,2.71472,0.918949,2.49468922928
8474.014532985166,bench:d908ade19db0c477,9,2.68793,0.9186804,2.469348607572
8478.268714970909,bench:d908ade19db0c477,9,2.66114,0.9186804,2.444737159656
8482.518988952506,bench:d908ade19db0c477,9,2.68793,0.9186804,2.469348607572
8486.780539969914,bench:d908ade19db0c477,9,2.68793,0.9192177,2.470792832361
8491.034554957878,bench:d908ade19db0c477,9,2.67007,0.9186804,2.4529409756279996
8495.302161958534,bench:d908ade19db0c477,9,2.66114,0.9194863,2.446881772382
8502.19011498848,bench:d908ade19db0c477,9,2.89332,0.9286194,2.686793082408
8506.3841669471,bench:d908ade19db0c477,9,2.83974,0.9286194,2.637037654956
8510.550182953011,bench:d908ade19db0c477,9,2.84867,0.9286194,2.645330226198
8514.694957993925,bench:d908ade19db0c477,9,2.83081,0.9286194,2.628745083714
8518.82126997225,bench:d908ade19db0c477,9,2.83974,0.9286194,2.637037654956
8522.974785999395,bench:d908ade19db0c477,9,2.8576,0.928888,2.6543903488000002
8527.113449992612,bench:d908ade19db0c477,9,2.81295,0.928888,2.6129154996
8531.265946978237,bench:d908ade19db0c477,9,2.81295,0.9286194,2.61215994123
8535.472554969601,bench:d908ade19db0c477,9,2.84867,0.928888,2.64609537896
8539.69273599796,bench:d908ade19db0c477,9,2.81295,0.9286194,2.61215994123
8543.838640965987,bench:d908ade19db0c477,9,2.77723,0.9283507,2.578243414561
8548.02867496619,bench:d908ade19db0c477,9,2.82188,0.9283507,2.619694273316
8552.202838996891,bench:d908ade19db0c477,9,2.82188,0.9280821,2.6189363163480004
8556.399908964522,bench:d908ade19db0c477,9,2.80402,0.928888,2.60462052976
8560.612127999775,bench:d908ade19db0c477,9,2.8576,0.928888,2.6543903488000002
8564.88153198734,bench:d908ade19db0c477,9,2.8576,0.928888,2.6543903488000002
8569.087416981347,bench:d908ade19db0c477,9,2.83974,0.928888,2.63780040912
8573.309487954248,bench:d908ade19db0c477,9,2.91118,0.9286194,2.703378224892
8579.789684969,bench:d908ade19db0c477,9,2.73258,0.9184118,2.509633716444
8584.038495959248,bench:d908ade19db0c477,9,2.67007,0.9184118,2.452223794826
8590.466507943347,bench:d908ade19db0c477,9,2.79509,0.9294252,2.597827082268
8594.698874978349,bench:d908ade19db0c477,9,2.87546,0.928888,2.67098028848
8598.880853969604,bench:d908ade19db0c477,9,2.83974,0.9283507,2.636274616818
8603.145719971508,bench:d908ade19db0c477,9,2.84867,0.9283507,2.644564788569
8609.5877509797,bench:d908ade19db0c477,9,2.73258,0.9186804,2.510367687432
8613.777266000398,bench:d908ade19db0c477,9,2.68793,0.9192177,2.470792832361
8618.00726299407,bench:d908ade19db0c477,9,2.71472,0.9186804,2.4939600554879995
8622.202518978156,bench:d908ade19db0c477,9,2.68793,0.9192177,2.470792832361
8627.773946966045,bench:d908ade19db0c477,9,2.84867,0.9286194,2.645330226198
8632.02438695589,bench:d908ade19db0c477,9,2.83974,0.9294252,2.6393259174479997
8636.175069957972,bench:d908ade19db0c477,9,2.81295,0.9286194,2.61215994123
8640.296085970476,bench:d908ade19db0c477,9,2.80402,0.9294252,2.6061268493039997
8644.47008294519,bench:d908ade19db0c477,9,2.83974,0.9291566,2.638563163284
8648.652449948713,bench:d908ade19db0c477,9,2.78616,0.928888,2.5880305900800002
8652.743558981456,bench:d908ade19db0c477,9,2.83974,0.9286194,2.637037654956
8656.886352982838,bench:d908ade19db0c477,9,2.86653,0.9286194,2.661915368682
8661.010682990309,bench:d908ade19db0c477,9,2.86653,0.9283507,2.661145132071
8665.201272990089,bench:d908ade19db0c477,9,2.95583,0.9286194,2.7448410811020003
8671.64930299623,bench:d908ade19db0c477,9,2.73258,0.918949,2.51110165842
8678.073296963703,bench:d908ade19db0c477,9,2.83081,0.928888,2.6295054392800004
8682.315219950397,bench:d908ade19db0c477,9,2.82188,0.9283507,2.619694273316
8686.545641976409,bench:d908ade19db0c477,9,2.84867,0.9286194,2.645330226198
8690.737767959945,bench:d908ade19db0c477,9,2.81295,0.9294252,2.61442661634
8694.954820966814,bench:d908ade19db0c477,9,2.81295,0.9286194,2.61215994123
8699.215501954313,bench:d908ade19db0c477,9,2.8576,0.928888,2.6543903488000002
8703.427794971503,bench:d908ade19db0c477,9,2.79509,0.9291566,2.597076321094
8707.613680977374,bench:d908ade19db0c477,9,2.80402,0.9283507,2.603113929814
8711.786769970786,bench:d908ade19db0c477,9,2.79509,0.9283507,2.594823758063
8716.025895962957,bench:d908ade19db0c477,9,2.84867,0.928888,2.64609537896
8722.446130996104,bench:d908ade19db0c477,9,2.72365,0.918949,2.50289544385
8726.724533946253,bench:d908ade19db0c477,9,2.74151,0.9186804,2.518571503404
8732.359812944196,bench:d908ade19db0c477,9,2.83974,0.928888,2.63780040912
8736.574198992457,bench:d908ade19db0c477,9,2.77723,0.9286194,2.578989656262
8740.778454986867,bench:d908ade19db0c477,9,2.83081,0.9294252,2.631026150412
8744.94213698199,bench:d908ade19db0c477,9,2.90225,0.9280821,2.693526274725
8749.087559990585,bench:d908ade19db0c477,9,3.4827,0.9291566,3.23597369082
8753.316222981084,bench:d908ade19db0c477,9,2.84867,0.928888,2.64609537896
8757.509238959756,bench:d908ade19db0c477,9,2.86653,0.928888,2.6626853186400004
8761.6777169751,bench:d908ade19db0c477,9,2.88439,0.9280821,2.676950728419
8765.875676996075,bench:d908ade19db0c477,9,2.83081,0.9294252,2.631026150412
8770.069414982572,bench:d908ade19db0c477,9,2.77723,0.9291566,2.580481584218
8774.206763948314,bench:d908ade19db0c477,9,2.80402,0.9286194,2.603867369988
8778.391167987138,bench:d908ade19db0c477,9,2.83974,0.928888,2.63780040912
8782.518776948564,bench:d908ade19db0c477,9,2.77723,0.9283507,2.578243414561
8786.689217959065,bench:d908ade19db0c477,9,2.83081,0.928888,2.6295054392800004
8790.783789998386,bench:d908ade19db0c477,9,2.83974,0.928888,2.63780040912
8794.939249986783,bench:d908ade19db0c477,9,2.83081,0.9286194,2.628745083714
8799.147005949635,bench:d908ade19db0c477,9,2.83081,0.9286194,2.628745083714
8803.3307059668,bench:d908ade19db0c477,9,2.81295,0.928888,2.6129154996
8807.556702988222,bench:d908ade19db0c477,9,2.84867,0.928888,2.64609537896
8811.756847950164,bench:d908ade19db0c477,9,2.78616,0.9286194,2.587282227504
8819.923935981933,bench:d908ade19db0c477,9,2.77723,0.9283507,2.578243414561
8824.065136956051,bench:d908ade19db0c477,9,2.83974,0.9286194,2.637037654956
8828.1858569826,bench:d908ade19db0c477,9,2.80402,0.9283507,2.603113929814
8833.768302982207,bench:d908ade19db0c477,9,2.679,0.918949,2.461864371
8838.063946983311,bench:d908ade19db0c477,9,2.69686,0.9192177,2.479001446422
8843.585634953342,bench:d908ade19db0c477,9,2.90225,0.928888,2.6958651980000004
8847.838501969818,bench:d908ade19db0c477,9,2.80402,0.928888,2.60462052976
8851.98983195005,bench:d908ade19db0c477,9,2.78616,0.9286194,2.587282227504
8856.133680965286,bench:d908ade19db0c477,9,2.82188,0.928888,2.6212104694400002
8860.285233997274,bench:d908ade19db0c477,9,2.83974,0.9286194,2.637037654956
8864.445249957498,bench:d908ade19db0c477,9,2.8576,0.928888,2.6543903488000002
8868.62967198249,bench:d908ade19db0c477,9,2.88439,0.9286194,2.678500511166
8872.811409994029,bench:d908ade19db0c477,9,2.79509,0.928888,2.5963255599200004
8876.938999979757,bench:d908ade19db0c477,9,2.80402,0.928888,2.60462052976
8881.105422973633,bench:d908ade19db0c477,9,3.4827,0.9286194,3.2341027843799997
8885.311715945136,bench:d908ade19db0c477,9,2.80402,0.928888,2.60462052976
8889.513434958644,bench:d908ade19db0c477,9,2.83081,0.9294252,2.631026150412
8893.689116986934,bench:d908ade19db0c477,9,2.81295,0.9286194,2.61215994123
8897.82200299669,bench:d908ade19db0c477,9,2.83974,0.9286194,2.637037654956
8901.979907997884,bench:d908ade19db0c477,9,2.83974,0.9283507,2.636274616818
8906.108978961129,bench:d908ade19db0c477,9,2.89332,0.928888,2.6875702281600002
8910.250068991445,bench:d908ade19db0c477,9,2.83974,0.928888,2.63780040912
8914.41401100019,bench:d908ade19db0c477,9,2.86653,0.928888,2.6626853186400004
8918.550785980187,bench:d908ade19db0c477,9,2.7683,0.9286194,2.57069708502
8922.659912961535,bench:d908ade19db0c477,9,2.77723,0.928888,2.57973562024
8926.784262992442,bench:d908ade19db0c477,9,2.86653,0.9283507,2.661145132071
8930.964555998798,bench:d908ade19db0c477,9,2.81295,0.9286194,2.61215994123
8935.152940975968,bench:d908ade19db0c477,9,2.83081,0.928888,2.6295054392800004
8939.325252955314,bench:d908ade19db0c477,9,2.79509,0.9283507,2.594823758063
8943.515564955305,bench:d908ade19db0c477,9,2.8576,0.9280821,2.6520874089600004
8947.661802987568,bench:d908ade19db0c477,9,2.83974,0.9286194,2.637037654956
8951.805225980934,bench:d908ade19db0c477,9,2.78616,0.928888,2.5880305900800002
8955.980259983335,bench:d908ade19db0c477,9,2.80402,0.9286194,2.603867369988
8960.167849960271,bench:d908ade19db0c477,9,2.81295,0.928888,2.6129154996
8964.331475959625,bench:d908ade19db0c477,9,2.83081,0.9283507,2.627984445067
8968.497695983388,bench:d908ade19db0c477,9,2.88439,0.928888,2.67927525832
8972.65700798016,bench:d908ade19db0c477,9,2.87546,0.9294252,2.6725249855919997
8976.943021989428,bench:d908ade19db0c477,9,2.8576,0.9286194,2.65362279744
8981.27749899868,bench:d908ade19db0c477,9,2.92011,0.928888,2.71245513768
8987.889490963425,bench:d908ade19db0c477,9,2.59863,0.9036377,2.348220036351
8993.471529975068,bench:d908ade19db0c477,9,2.83974,0.9286194,2.637037654956
8997.682044981048,bench:d908ade19db0c477,9,2.88439,0.9294252,2.680824752628
9001.88768998487,bench:d908ade19db0c477,9,2.84867,0.9286194,2.645330226198
9006.08805695083,bench:d908ade19db0c477,9,2.81295,0.9286194,2.61215994123
9011.76411396591,bench:d908ade19db0c477,9,2.69686,0.918949,2.47827680014
9016.017294954509,bench:d908ade19db0c477,9,2.68793,0.9194863,2.471514810359
9021.599407948088,bench:d908ade19db0c477,9,2.78616,0.9286194,2.587282227504
9025.861663976684,bench:d908ade19db0c477,9,2.82188,0.928888,2.6212104694400002
9031.38461097842,bench:d908ade19db0c477,9,2.72365,0.9192177,2.503627288605
9035.705031943507,bench:d908ade19db0c477,9,2.70579,0.9197549,2.488663610871
9041.239052952733,bench:d908ade19db0c477,9,2.80402,0.928888,2.60462052976
9045.420660986565,bench:d908ade19db0c477,9,2.8576,0.9286194,2.65362279744
9049.644712998997,bench:d908ade19db0c477,9,2.81295,0.928888,2.6129154996
9053.815931954887,bench:d908ade19db0c477,9,2.81295,0.9286194,2.61215994123
9059.44261897821,gap,10,2.71472,0.918949,2.49468922928
9063.60659794882,gap,10,1.55382,0.9186804,1.427463979128
9070.19555295119,gap,10,1.39308,0.888595,1.2378839226
9074.108903994784,gap,10,1.41987,0.888595,1.26168938265
9081.035022973083,gap,10,1.00909,0.7225879,0.729156224011
9085.147131991107,gap,10,0.9465799,0.7228564,0.68424133882636
9089.255925966427,gap,10,0.9108599,0.721782,0.6574422803418
9096.661687945016,gap,10,1.10732,0.8182165,0.9060274947800001
9100.847462948877,gap,10,1.09839,0.8182165,0.898720821435
9105.026218981948,gap,10,1.13411,0.8184852,0.928252250172
9109.163419983815,gap,10,1.10732,0.8182165,0.9060274947800001
9113.298731972463,gap,10,1.09839,0.8182165,0.898720821435
9117.439932946581,gap,10,1.08946,0.8184852,0.8917068859920001
9123.482911963947,gap,10,0.91979,0.7223192,0.664381976968
9128.01160896197,gap,10,0.9287199,0.7225879,0.67108176222921
9132.124310999643,gap,10,0.9287199,0.7220506,0.67058276102694
9136.197882995475,gap,10,0.9287199,0.7223192,0.67083221519208
9143.558885960374,gap,10,1.08053,0.8182165,0.884107474745
9150.629465992097,gap,10,0.93765,0.7223192,0.67728259788
9154.733315983322,gap,10,0.91979,0.7225879,0.664629124541
9158.801683981437,gap,10,0.9287199,0.7223192,0.67083221519208
9162.888440943789,gap,10,0.93765,0.7225879,0.6775345444349999
9166.961105947848,gap,10,0.9287199,0.7225879,0.67108176222921
9171.04778898647,gap,10,0.9108599,0.7225879,0.6581763423352099
9175.142360967584,gap,10,0.90193,0.7223192,0.6514813560560001
9179.260987963062,gap,10,0.9287199,0.7225879,0.67108176222921
9186.652342963498,gap,10,1.08946,0.8182165,0.8914141480900001
9190.830431994982,gap,10,1.08946,0.8184852,0.8917068859920001
9195.015669974964,gap,10,1.08946,0.8182165,0.8914141480900001
9202.463320980314,gap,10,0.93765,0.7228564,0.6777863034599999
9206.54076297069,gap,10,0.9287199,0.7220506,0.67058276102694
9210.62368695857,gap,10,0.91979,0.7223192,0.664381976968
9214.715647976846,gap,10,0.9287199,0.7220506,0.67058276102694
9218.800885952078,gap,10,0.91979,0.7223192,0.664381976968
9222.862031951081,gap,10,0.91979,0.7225879,0.664629124541
9226.932344958186,gap,10,0.9108599,0.7220506,0.65768693731094
9231.027435977012,gap,10,0.9108599,0.7220506,0.65768693731094
9235.14006298501,gap,10,0.93765,0.723125,0.67803815625
9239.208986982703,gap,10,0.9287199,0.7223192,0.67083221519208
9243.303298950195,gap,10,0.91979,0.7228564,0.664876088156
9247.379778942559,gap,10,0.91979,0.7223192,0.664381976968
9251.454257988371,gap,10,0.9287199,0.723125,0.6715805776875
9255.519440979697,gap,10,0.93765,0.7228564,0.6777863034599999
9259.615031944122,gap,10,0.9287199,0.7225879,0.67108176222921
9263.69784399867,gap,10,0.91979,0.7225879,0.664629124541
9270.991755998693,gap,10,1.08946,0.8187538,0.891999514948
9275.14910500031,gap,10,1.08946,0.8187538,0.891999514948
9279.30011996068,gap,10,1.09839,0.8182165,0.898720821435
9286.467477970291,gap,10,0.9287199,0.7225879,0.67108176222921
9290.538141969591,gap,10,0.91979,0.7223192,0.664381976968
9294.634602963924,gap,10,0.9287199,0.7225879,0.67108176222921
9298.699248989578,gap,10,0.9287199,0.7223192,0.67083221519208
9302.773968956899,gap,10,0.91979,0.7225879,0.664629124541
9306.847485946491,gap,10,0.90193,0.7225879,0.6517237046469999
9310.919168987311,gap,10,0.9108599,0.7220506,0.65768693731094
9315.005462965928,gap,10,0.9287199,0.7228564,0.67133112352236
9319.165811990388,gap,10,0.8572799,0.7225879,0.61946008265321
9324.58031596616,gap,10,0.87514,0.7223192,0.6321304246880001
9330.528980994131,gap,10,1.32164,0.928888,1.22765553632
9337.448561971541,gap,10,1.31271,0.928888,1.21936056648
9341.620873950887,gap,10,1.31271,0.9286194,1.219007972574
9345.795296947472,gap,10,1.31271,0.928888,1.21936056648
9349.94783095317,gap,10,1.32164,0.9283507,1.2269454191479998
9354.1082359734,gap,10,1.30378,0.9286194,1.2107154013319998
9360.913114971481,gap,10,1.27699,0.9286194,1.185837687606
9365.003519982565,gap,10,1.67884,0.9286194,1.5590033934960001
9369.1124439938,gap,10,1.27699,0.9283507,1.185494560393
9373.202774964739,gap,10,1.27699,0.928888,1.18618068712
9379.127458960284,gap,10,1.32164,0.9286194,1.2273005438159998
9383.828746969812,gap,10,1.29485,0.9283507,1.202074903895
9388.004484993871,gap,10,1.31271,0.928888,1.21936056648
9394.986787985545,gap,10,1.27699,0.928888,1.18618068712
9402.845971984789,gap,10,0.9287199,0.7223192,0.67083221519208
9406.962394947186,gap,10,0.9108599,0.7225879,0.6581763423352099
9411.066707980353,gap,10,0.9108599,0.7225879,0.6581763423352099
9415.237408946268,gap,10,0.9108599,0.7220506,0.65768693731094
9422.48867196031,gap,10,1.08053,0.8187538,0.884688043514
9426.677890995052,gap,10,1.09839,0.8182165,0.898720821435
9430.829869990703,gap,10,1.08946,0.8184852,0.8917068859920001
9434.964663989376,gap,10,1.09839,0.8182165,0.898720821435
9442.056243948173,gap,10,0.91979,0.7223192,0.664381976968
9446.130352967884,gap,10,0.9108599,0.7223192,0.65793159428008
9450.201739964541,gap,10,0.9287199,0.7223192,0.67083221519208
9454.29536694428,gap,10,0.9287199,0.7223192,0.67083221519208
9458.363605954219,gap,10,0.9108599,0.7228564,0.65842090821836
9462.427881953772,gap,10,0.91979,0.7225879,0.664629124541
9466.500323964283,gap,10,0.91979,0.7225879,0.664629124541
9470.572914986406,gap,10,0.9287199,0.7228564,0.67133112352236
9474.642041954212,gap,10,0.91979,0.7225879,0.664629124541
9478.72307698708,gap,10,0.91979,0.7225879,0.664629124541
9482.808241969906,gap,10,0.9108599,0.7228564,0.65842090821836
9489.102088962682,gap,10,1.08053,0.8184852,0.884397813156
9493.805357953534,gap,10,1.08946,0.8184852,0.8917068859920001
9497.948132979218,gap,10,1.08946,0.8179479,0.8911215191340001
9502.10000097286,gap,10,1.09839,0.8184852,0.899015958828
9508.223293989431,gap,10,0.91979,0.7223192,0.664381976968
9512.809693987947,gap,10,0.9287199,0.7223192,0.67083221519208
9516.908210993279,gap,10,0.9108599,0.7223192,0.65793159428008
9521.014856989495,gap,10,1.49131,0.7223192,1.077201846152
9527.326776995324,gap,10,1.08946,0.8184852,0.8917068859920001
9532.018342986703,gap,10,1.08946,0.8187538,0.891999514948
9538.092525966931,gap,10,0.91979,0.7228564,0.664876088156
9542.59359400021,gap,10,0.9287199,0.7225879,0.67108176222921
9549.901504942682,gap,10,1.08946,0.8184852,0.8917068859920001
9556.991047982592,gap,10,1.15197,0.7225879,0.8323995831629999
9561.098267964553,gap,10,1.14304,0.7225879,0.825946873216
9565.652557997964,gap,10,0.90193,0.7220506,0.651239097658
9580.255806969944,gap,10,0.9287199,0.7225879,0.67108176222921
9588.77665095497,gap,10,3.18801,0.8190223,2.611051282623
9593.507382960524,gap,10,1.08946,0.8187538,0.891999514948
9611.85085499892,gap,10,1.20555,0.8485706,1.02299428683
9616.419810976367,gap,10,1.19662,0.8485706,1.015416551372
9620.463642990217,gap,10,1.19662,0.8485706,1.015416551372
9627.738850947935,gap,10,1.08053,0.8184852,0.884397813156
9634.827930945903,gap,10,0.91979,0.7228564,0.664876088156
9638.907113985624,gap,10,0.9287199,0.7223192,0.67083221519208
9642.978889984079,gap,10,0.91979,0.7225879,0.664629124541
9647.078553971369,gap,10,0.90193,0.7225879,0.6517237046469999
9651.17184794508,gap,10,0.9287199,0.7223192,0.67083221519208
9655.275678960606,gap,10,0.9108599,0.7225879,0.6581763423352099
9659.355417999905,gap,10,0.93765,0.7223192,0.67728259788
9663.499192974996,gap,10,0.9287199,0.7225879,0.67108176222921
9669.681299943477,gap,10,1.08946,0.8187538,0.891999514948
9674.395106965676,gap,10,1.08946,0.8184852,0.8917068859920001
9678.5441969987,gap,10,1.08946,0.8184852,0.8917068859920001
9682.694767951034,gap,10,1.08053,0.8184852,0.884397813156
9689.71431197133,gap,10,0.9287199,0.7223192,0.67083221519208
9693.81164299557,gap,10,0.9287199,0.7225879,0.67108176222921
9697.907232970465,gap,10,0.93765,0.7220506,0.6770307450899999
9701.965267944615,gap,10,0.91979,0.7228564,0.664876088156
9706.041450961493,gap,10,0.91979,0.7225879,0.664629124541
9710.100115975365,gap,10,0.91979,0.7223192,0.664381976968
9714.187187957577,gap,10,0.9287199,0.7225879,0.67108176222921
9718.26388995396,gap,10,0.9287199,0.7225879,0.67108176222921
9722.332794975955,gap,10,0.9108599,0.7225879,0.6581763423352099
9726.384088979103,gap,10,0.90193,0.7223192,0.6514813560560001
9730.470290989615,gap,10,0.9287199,0.7225879,0.67108176222921
9734.54423295334,gap,10,0.91979,0.7228564,0.664876088156
9738.614360976499,gap,10,0.9287199,0.7225879,0.67108176222921
9742.658932984341,gap,10,0.91979,0.7228564,0.664876088156
9746.730227954686,gap,10,0.9108599,0.7225879,0.6581763423352099
9750.807206961326,gap,10,0.9108599,0.7220506,0.65768693731094
9754.881982982624,gap,10,0.90193,0.7225879,0.6517237046469999
9758.971183968242,gap,10,0.9287199,0.7225879,0.67108176222921
9763.078014948405,gap,10,0.91979,0.7228564,0.664876088156
9767.140438954812,gap,10,0.91979,0.7223192,0.664381976968
9771.302713954356,gap,10,0.9108599,0.7228564,0.65842090821836
9778.531088959426,gap,10,1.08946,0.8187538,0.891999514948
9782.695344998501,gap,10,1.0716,0.8182165,0.8768008014
9786.820268956944,gap,10,1.08053,0.8182165,0.884107474745
9790.963228966575,gap,10,1.08053,0.8187538,0.884688043514
9798.042808950413,gap,10,0.90193,0.7223192,0.6514813560560001
9804.226323962212,gap,10,1.08946,0.8182165,0.8914141480900001
9808.929833990987,gap,10,1.08053,0.8182165,0.884107474745
9820.01504296204,gap,10,0.9108599,0.7223192,0.65793159428008
9824.110317975283,gap,10,0.90193,0.7223192,0.6514813560560001
9828.22322298307,gap,10,0.9108599,0.7225879,0.6581763423352099
9832.33973896131,gap,10,0.91979,0.7225879,0.664629124541
9839.719871990383,gap,10,1.08946,0.8184852,0.8917068859920001
9846.802137966733,gap,10,0.9108599,0.7223192,0.65793159428008
9850.88400595123,gap,10,0.9108599,0.7220506,0.65768693731094
9854.963892954402,gap,10,0.9108599,0.7225879,0.6581763423352099
9859.082019946072,gap,10,0.9287199,0.7225879,0.67108176222921
9866.443430946674,gap,10,1.06267,0.8182165,0.869494128055
9870.597019966226,gap,10,1.0716,0.8179479,0.87651296964
9876.718924962915,gap,10,0.91979,0.7228564,0.664876088156
9881.239306996576,gap,10,0.9108599,0.7225879,0.6581763423352099
9885.313674982172,gap,10,0.91979,0.7225879,0.664629124541
9889.408617978916,gap,10,0.9287199,0.7223192,0.67083221519208
9895.638872985728,gap,10,1.0716,0.8184852,0.8770887403200001
9900.352382974233,gap,10,1.08053,0.8187538,0.884688043514
9907.39487099927,gap,10,0.9108599,0.7225879,0.6581763423352099
9911.468627979048,gap,10,0.9287199,0.7223192,0.67083221519208
9915.547940996476,gap,10,0.9108599,0.7225879,0.6581763423352099
9922.837518970482,gap,10,1.08053,0.8184852,0.884397813156
9927.010274957865,gap,10,1.08053,0.8182165,0.884107474745
9934.102040948346,gap,10,0.91979,0.7228564,0.664876088156
9938.189704960678,gap,10,0.9287199,0.7225879,0.67108176222921
9945.525171991903,gap,10,1.08946,0.8184852,0.8917068859920001
9952.536455995869,gap,10,0.9108599,0.7223192,0.65793159428008
9956.621083954815,gap,10,0.9108599,0.7223192,0.65793159428008
9960.729340964463,gap,10,0.9108599,0.7228564,0.65842090821836
9964.822726964485,gap,10,0.9287199,0.7223192,0.67083221519208
9968.899372965097,gap,10,0.9287199,0.7228564,0.67133112352236
9972.957574995235,gap,10,1.00016,0.7225879,0.7227035140639999
9977.024757943582,gap,10,0.9287199,0.7223192,0.67083221519208
9981.112903973553,gap,10,0.9108599,0.7225879,0.6581763423352099
9985.20562396152,gap,10,0.9108599,0.7225879,0.6581763423352099
9989.282640977763,gap,10,0.8929999,0.7223192,0.64503097336808
9993.342823989224,gap,10,0.8929999,0.7225879,0.6452709224412099
9997.428710979875,gap,10,0.9287199,0.7223192,0.67083221519208
10001.520967984106,gap,10,1.4288,0.7228564,1.03281722432
10008.848415978719,gap,10,1.11625,0.8335279,0.930425518375
10012.950190983247,gap,10,1.19662,0.8329906,0.9967732117720001
10019.047687994316,gap,10,0.9108599,0.7223192,0.65793159428008
10023.61742197536,gap,10,0.93765,0.7223192,0.67728259788
10027.72788295988,gap,10,0.91979,0.7225879,0.664629124541
10035.390031989664,gap,10,1.08053,0.8184852,0.884397813156
10039.537732955068,gap,10,1.08053,0.8187538,0.884688043514
10046.56538699055,gap,10,0.9108599,0.7225879,0.6581763423352099
10050.659310945775,gap,10,0.9108599,0.7223192,0.65793159428008
10054.75197499618,gap,10,0.9108599,0.7225879,0.6581763423352099
10058.838157972787,gap,10,0.90193,0.7220506,0.651239097658
10062.893563997932,gap,10,0.90193,0.7223192,0.6514813560560001
10066.981227952056,gap,10,0.9287199,0.7225879,0.67108176222921
10071.05802296428,gap,10,0.91979,0.7223192,0.664381976968
10075.224889966194,gap,10,0.9108599,0.7225879,0.6581763423352099
10079.355646972544,gap,10,0.9287199,0.7225879,0.67108176222921
10083.467069955077,gap,10,0.9108599,0.7225879,0.6581763423352099
10090.72242694674,gap,10,1.08053,0.8184852,0.884397813156
10094.880367978476,gap,10,1.06267,0.8182165,0.869494128055
10101.918540953193,gap,10,0.9108599,0.7225879,0.6581763423352099
10106.013797980268,gap,10,0.91979,0.7225879,0.664629124541
10110.11203698581,gap,10,0.91979,0.7223192,0.664381976968
10119.60342695238,bench:82e91f2b2f62d992,11,0.9108599,0.7223192,0.65793159428008
10131.004946946632,bench:82e91f2b2f62d992,11,4.50965,0.8888636,4.008463733739999
10137.724400963634,bench:82e91f2b2f62d992,11,5.509809,0.9286194,5.1165155276946
10159.560543950647,bench:82e91f2b2f62d992,11,2.51826,0.9286194,2.3385050902440003
10187.54007195821,bench:82e91f2b2f62d992,11,5.509809,0.9299625,5.1239157521625
10191.680216987152,bench:82e91f2b2f62d992,11,5.45623,0.9294252,5.0711576589959995
10195.759269990958,bench:82e91f2b2f62d992,11,5.45623,0.928888,5.06822657224
10199.916878947988,bench:82e91f2b2f62d992,11,5.48302,0.9294252,5.096056960104
10203.964117972646,bench:82e91f2b2f62d992,11,5.64376,0.9283507,5.239388546632
10208.056040981319,bench:82e91f2b2f62d992,11,5.50088,0.9299625,5.115612117
10212.106094986666,bench:82e91f2b2f62d992,11,5.48302,0.9296938,5.0975296992759995
10216.214351996314,bench:82e91f2b2f62d992,11,5.46516,0.928888,5.07652154208
10220.279701985419,bench:82e91f2b2f62d992,11,5.67948,0.9283507,5.272549233636
10224.367958959192,bench:82e91f2b2f62d992,11,5.491949,0.9304997,5.1102568969153
10231.17183794966,bench:82e91f2b2f62d992,11,5.42944,0.928888,5.04334166272
10235.561462992337,bench:82e91f2b2f62d992,11,5.43837,0.9283507,5.048714596359
10239.651626965497,bench:82e91f2b2f62d992,11,5.68841,0.9259331,5.267087105371
10247.47258896241,bench:82e91f2b2f62d992,11,5.42051,0.9286194,5.033590743894
10255.232069990598,bench:82e91f2b2f62d992,11,5.46516,0.9259331,5.060372540796
10263.481379952282,bench:82e91f2b2f62d992,11,5.46516,0.928888,5.07652154208
10271.464321995154,bench:82e91f2b2f62d992,11,5.46516,0.9326486,5.097073822776
10275.999222998507,bench:82e91f2b2f62d992,11,5.509809,0.9329173,5.1401961357957
10283.447558991611,bench:82e91f2b2f62d992,11,5.46516,0.9291566,5.077989484056
10291.466777969617,bench:82e91f2b2f62d992,11,5.50088,0.9294252,5.112656494176
10299.472608952783,bench:82e91f2b2f62d992,11,5.491949,0.9329173,5.1235342328177
10306.862055964302,bench:82e91f2b2f62d992,11,5.45623,0.9304997,5.077020378131
10311.666676949244,bench:82e91f2b2f62d992,11,5.509809,0.9329173,5.1401961357957
10317.707581969444,bench:82e91f2b2f62d992,11,5.143679,0.9194863,4.7295423720977
10329.12721298635,bench:82e91f2b2f62d992,11,5.33121,0.9326486,4.9721455428059995
10334.276774956379,bench:82e91f2b2f62d992,11,5.509809,0.9259331,5.1017145277779
10339.288985996973,bench:82e91f2b2f62d992,11,5.43837,0.9294252,5.054558124923999
10343.617295962758,bench:82e91f2b2f62d992,11,5.34907,0.9294252,4.971560454564
10347.647330956534,bench:82e91f2b2f62d992,11,5.43837,0.9275449,5.044332357813
10355.461718980223,bench:82e91f2b2f62d992,11,5.39372,0.9291566,5.011610536552
10359.512957977131,bench:82e91f2b2f62d992,11,5.42944,0.9283507,5.040424424607999
10367.432344995905,bench:82e91f2b2f62d992,11,5.5366,0.9237842,5.11462360172
10375.250343990047,bench:82e91f2b2f62d992,11,5.60804,0.9280821,5.204721540084
10379.423951962963,bench:82e91f2b2f62d992,11,4.03636,0.9294252,3.751494700272
10383.512190950569,bench:82e91f2b2f62d992,11,3.96492,0.9283507,3.680836257444
10387.665761983953,bench:82e91f2b2f62d992,11,3.97385,0.9294252,3.6933963310199998
10395.531667978503,bench:82e91f2b2f62d992,11,3.93813,0.9286194,3.657023917722
10407.43066498544,bench:82e91f2b2f62d992,11,5.474089,0.9283507,5.0818743550123004
10419.497178983875,bench:82e91f2b2f62d992,11,5.509809,0.9280821,5.1135551073189
10423.571583989542,bench:82e91f2b2f62d992,11,5.46516,0.9291566,5.077989484056
10431.413897953462,bench:82e91f2b2f62d992,11,5.491949,0.9283507,5.0984546985143
10439.46441297885,bench:82e91f2b2f62d992,11,5.55446,0.928888,5.15947124048
10451.496260997374,bench:82e91f2b2f62d992,11,5.54553,0.928888,5.151176270640001
10455.890403944068,bench:82e91f2b2f62d992,11,5.491949,0.9291566,5.1028806602134
10459.97238298878,bench:82e91f2b2f62d992,11,5.68841,0.9291566,5.285423695006
10463.992010976654,bench:82e91f2b2f62d992,11,5.50088,0.928888,5.1097014214400005
10475.476530962624,bench:82e91f2b2f62d992,11,5.67055,0.9291566,5.26882895813
10479.568639944773,bench:82e91f2b2f62d992,11,5.51874,0.9291566,5.1277736946840005
10491.486524988431,bench:82e91f2b2f62d992,11,5.509809,0.9291566,5.1194753970894
10495.86627894314,bench:82e91f2b2f62d992,11,5.51874,0.9291566,5.1277736946840005
10499.930202960968,bench:82e91f2b2f62d992,11,5.67055,0.9280821,5.262735952155
10504.317697952501,bench:82e91f2b2f62d992,11,5.491949,0.9294252,5.1043557977148
10511.213150981348,bench:82e91f2b2f62d992,11,5.67055,0.9286194,5.2657827386700005
10515.324332984164,bench:82e91f2b2f62d992,11,3.31303,0.9291566,3.078323690498
10519.418497977313,bench:82e91f2b2f62d992,11,4.54537,0.9291566,4.2233605349420005
10523.49512494402,bench:82e91f2b2f62d992,11,4.42035,0.9286194,4.10482276479
10527.565474971198,bench:82e91f2b2f62d992,11,4.45607,0.9286194,4.137993049758
10531.571177998558,bench:82e91f2b2f62d992,11,4.1078,0.9291566,3.8167894814800003
10539.52471195953,bench:82e91f2b2f62d992,11,4.09887,0.928888,3.80739115656
10551.47698696237,bench:82e91f2b2f62d992,11,5.46516,0.9299625,5.0823938565
10555.603020999115,bench:82e91f2b2f62d992,11,5.45623,0.9302311,5.0755548347529995
10567.508498963434,bench:82e91f2b2f62d992,11,5.67055,0.9280821,5.262735952155
10575.220091966912,bench:82e91f2b2f62d992,11,5.509809,0.9283507,5.1150350420162995
10579.515088000335,bench:82e91f2b2f62d992,11,2.57184,0.9286194,2.3882605176959997
10583.569381968118,bench:82e91f2b2f62d992,11,5.491949,0.9291566,5.1028806602134
10591.215289954562,bench:82e91f2b2f62d992,11,5.52767,0.9286194,5.1331015987979995
10595.407286949921,bench:82e91f2b2f62d992,11,4.14352,0.9299625,3.8533182179999996
10599.49765499914,bench:82e91f2b2f62d992,11,4.09887,0.928888,3.80739115656
10603.59576396877,bench:82e91f2b2f62d992,11,4.14352,0.928888,3.8488660057599997
10608.343181957025,bench:82e91f2b2f62d992,11,4.12566,0.9294252,3.8344923706319998
10615.242929954547,bench:82e91f2b2f62d992,11,5.45623,0.9291566,5.0696921156179995
10623.436239955481,bench:82e91f2b2f62d992,11,5.52767,0.928888,5.1345863309599995
10627.78801395325,bench:82e91f2b2f62d992,11,4.43821,0.9283507,4.120215360246999
10631.864473980386,bench:82e91f2b2f62d992,11,4.42035,0.9294252,4.10838468282
10635.899083979893,bench:82e91f2b2f62d992,11,4.1078,0.9283507,3.81347900546
10639.9436929496,bench:82e91f2b2f62d992,11,4.14352,0.9299625,3.8533182179999996
10643.929895944893,bench:82e91f2b2f62d992,11,4.15245,0.9294252,3.8593916717399996
10647.947764955461,bench:82e91f2b2f62d992,11,4.15245,0.9280821,3.853814516145
10651.954040979035,bench:82e91f2b2f62d992,11,4.14352,0.928888,3.8488660057599997
10655.96685395576,bench:82e91f2b2f62d992,11,4.39356,0.9369466,4.1165311038959995
10660.027462989092,bench:82e91f2b2f62d992,11,4.08994,0.9283507,3.796898661958
10664.025294943713,bench:82e91f2b2f62d992,11,4.12566,0.9280821,3.828951196686
10668.075644993223,bench:82e91f2b2f62d992,11,4.06315,0.9283507,3.7720281467050003
10672.195938997902,bench:82e91f2b2f62d992,11,4.11673,0.9283507,3.8217691772109994
10679.534516995773,bench:82e91f2b2f62d992,11,4.12566,0.9302311,3.8378172400259998
10687.229331990238,bench:82e91f2b2f62d992,11,5.67055,0.9280821,5.262735952155
10691.502679954283,bench:82e91f2b2f62d992,11,5.52767,0.9280821,5.1301315817069995
10695.876730955206,bench:82e91f2b2f62d992,11,5.58125,0.9294252,5.187354397499999
10699.936061981134,bench:82e91f2b2f62d992,11,5.50088,0.9286194,5.108223885072
10704.001763951965,bench:82e91f2b2f62d992,11,5.509809,0.9302311,5.1253956868599
10708.052279951517,bench:82e91f2b2f62d992,11,5.52767,0.9283507,5.131616313868999
10712.20246294979,bench:82e91f2b2f62d992,11,5.50088,0.9272762,5.100835103056
10716.271571989637,bench:82e91f2b2f62d992,11,5.57232,0.9304997,5.185042088304001
10720.692565955687,bench:82e91f2b2f62d992,11,4.09887,0.9286194,3.8062902000779997
10724.727842956781,bench:82e91f2b2f62d992,11,3.85776,0.9286194,3.582390776544
10729.085170954932,bench:82e91f2b2f62d992,11,4.13459,0.928888,3.8405710359200005
10733.451813983265,bench:82e91f2b2f62d992,11,4.06315,0.928888,3.7742112772000005
10737.491830950603,bench:82e91f2b2f62d992,11,4.13459,0.9286194,3.839460485046
10741.428885958157,bench:82e91f2b2f62d992,11,4.11673,0.928888,3.82398109624
10745.51001295913,bench:82e91f2b2f62d992,11,4.08101,0.9294252,3.7929935354519997
10749.706509988755,bench:82e91f2b2f62d992,11,4.07208,0.9291566,3.783600007728
10753.755044948775,bench:82e91f2b2f62d992,11,4.16138,0.928888,3.8654559454400004
10757.805802975781,bench:82e91f2b2f62d992,11,4.11673,0.9283507,3.8217691772109994
10761.861819948535,bench:82e91f2b2f62d992,11,4.42035,0.9286194,4.10482276479
10765.936520998366,bench:82e91f2b2f62d992,11,4.08994,0.9286194,3.7979976288360002
10770.021629985422,bench:82e91f2b2f62d992,11,4.06315,0.9294252,3.77639400138
10774.027331965044,bench:82e91f2b2f62d992,11,4.08994,0.9280821,3.7958001040740004
10778.0870529823,bench:82e91f2b2f62d992,11,4.08994,0.928888,3.7990961867200004
10782.173661980778,bench:82e91f2b2f62d992,11,4.13459,0.9299625,3.8450136528750005
10786.24367795419,bench:82e91f2b2f62d992,11,4.18817,0.9286194,3.8892159124980004
10790.218695998192,bench:82e91f2b2f62d992,11,4.15245,0.9296938,3.86050701981
10794.226341997273,bench:82e91f2b2f62d992,11,4.32212,0.9280821,4.011282206052
10798.221025965177,bench:82e91f2b2f62d992,11,4.11673,0.9286194,3.8228753425619995
10802.192561968695,bench:82e91f2b2f62d992,11,4.16138,0.928888,3.8654559454400004
10806.245670944918,bench:82e91f2b2f62d992,11,4.09887,0.928888,3.80739115656
10810.205595975276,bench:82e91f2b2f62d992,11,4.17031,0.9286194,3.8726307700139997
10814.194983977359,bench:82e91f2b2f62d992,11,4.13459,0.9283507,3.8383495207130003
10822.25640694378,bench:82e91f2b2f62d992,11,4.1078,0.9286194,3.81458277132
10826.294293976389,bench:82e91f2b2f62d992,11,4.08101,0.928888,3.7908012168800003
10830.313180980738,bench:82e91f2b2f62d992,11,4.35784,0.9283507,4.045603814488
10834.374104975723,bench:82e91f2b2f62d992,11,4.07208,0.9283507,3.7803183184559996
10838.386084942613,bench:82e91f2b2f62d992,11,4.07208,0.928888,3.7825062470399997
10842.47063897783,bench:82e91f2b2f62d992,11,4.08994,0.9296938,3.8023918603720004
10847.541830968112,bench:82e91f2b2f62d992,11,5.67055,0.928888,5.2673058484
10855.18096096348,bench:82e91f2b2f62d992,11,5.509809,0.9283507,5.1150350420162995
10859.538492979482,bench:82e91f2b2f62d992,11,5.46516,0.9286194,5.075053600104
10867.422102950513,bench:82e91f2b2f62d992,11,5.509809,0.9329173,5.1401961357957
10879.499375994783,bench:82e91f2b2f62d992,11,5.67055,0.9294252,5.27035206786
10887.469687964767,bench:82e91f2b2f62d992,11,5.509809,0.9291566,5.1194753970894
10895.152928947937,bench:82e91f2b2f62d992,11,5.52767,0.9283507,5.131616313868999
10903.420275950339,bench:82e91f2b2f62d992,11,5.66162,0.9299625,5.26509428925
10915.502826974262,bench:82e91f2b2f62d992,11,5.55446,0.9286194,5.157979312524
10919.652378943283,bench:82e91f2b2f62d992,11,5.59911,0.9283507,5.197937687876999
10927.2467509727,bench:82e91f2b2f62d992,11,5.509809,0.928888,5.117995462392
10931.40374799259,bench:82e91f2b2f62d992,11,4.15245,0.9286194,3.85604562753
10935.558429977391,bench:82e91f2b2f62d992,11,4.13459,0.9291566,3.8416815867940004
10943.566853995435,bench:82e91f2b2f62d992,11,2.60756,0.9294252,2.4235319745119996
10947.72044295678,bench:82e91f2b2f62d992,11,4.1078,0.9291566,3.8167894814800003
10951.806255965494,bench:82e91f2b2f62d992,11,4.04529,0.9294252,3.7597944673079993
10955.821568961255,bench:82e91f2b2f62d992,11,4.13459,0.9294252,3.842792137668
10959.885752992705,bench:82e91f2b2f62d992,11,4.17924,0.9280821,3.8786778356040004
10963.964861992281,bench:82e91f2b2f62d992,11,4.16138,0.928888,3.8654559454400004
10968.016285973135,bench:82e91f2b2f62d992,11,4.16138,0.928888,3.8654559454400004
10975.545472989324,bench:82e91f2b2f62d992,11,4.42928,0.9280821,4.110735483888001
10979.620081954636,bench:82e91f2b2f62d992,11,5.52767,0.9291566,5.1360710631219995
10983.742726966739,bench:82e91f2b2f62d992,11,5.491949,0.9280821,5.0969795610129
10988.110481994227,bench:82e91f2b2f62d992,11,5.52767,0.9294252,5.137555795283999
10992.212090990506,bench:82e91f2b2f62d992,11,5.55446,0.9270077,5.149027189342
10996.25105195446,bench:82e91f2b2f62d992,11,5.59911,0.9299625,5.2069623333749995
11000.676786992699,bench:82e91f2b2f62d992,11,5.67055,0.9326486,5.288630518730001
11004.696914984379,bench:82e91f2b2f62d992,11,5.54553,0.928888,5.151176270640001
11011.136538989376,bench:82e91f2b2f62d992,11,5.491949,0.9283507,5.0984546985143
11015.489718993194,bench:82e91f2b2f62d992,11,5.51874,0.9286194,5.124809027556
11022.73907494964,bench:82e91f2b2f62d992,11,5.54553,0.9291566,5.152665799998
11027.565935975872,bench:82e91f2b2f62d992,11,5.48302,0.928888,5.09311148176
11031.649433949497,bench:82e91f2b2f62d992,11,5.491949,0.9286194,5.0999303852106
11035.69604398217,bench:82e91f2b2f62d992,11,5.55446,0.928888,5.15947124048
11039.825984975323,bench:82e91f2b2f62d992,11,5.51874,0.9296938,5.130738361812
11051.497817970812,bench:82e91f2b2f62d992,11,5.65269,0.9291566,5.252234221254
11055.968070984818,bench:82e91f2b2f62d992,11,5.54553,0.9294252,5.154155329356
11063.184168946464,bench:82e91f2b2f62d992,11,5.509809,0.9296938,5.1224352664841994
11067.660440981854,bench:82e91f2b2f62d992,11,5.67948,0.9280821,5.271023725308
11075.410828983877,bench:82e91f2b2f62d992,11,5.509809,0.9294252,5.120955331786799
11087.490990990773,bench:82e91f2b2f62d992,11,5.67948,0.9304997,5.284754436156
11091.88046696363,bench:82e91f2b2f62d992,11,5.509809,0.9299625,5.1239157521625
11095.921650994569,bench:82e91f2b2f62d992,11,5.67055,0.9286194,5.2657827386700005
11099.978481943253,bench:82e91f2b2f62d992,11,5.58125,0.9259331,5.167864114375
11104.020406957716,bench:82e91f2b2f62d992,11,5.5366,0.9294252,5.1458555623199995
11108.087126980536,bench:82e91f2b2f62d992,11,5.54553,0.9304997,5.160114001341
11113.86758997105,gap,12,5.51874,0.9291566,5.1277736946840005
11117.82232997939,gap,12,1.68777,0.9286194,1.567295964738
11121.659829979762,gap,12,1.67884,0.928888,1.55945432992
11128.571540990379,gap,12,1.27699,0.8488392,1.083959170008
11135.66621398786,gap,12,0.9822999,0.7225879,0.70979802191121
11139.7723039845,gap,12,0.96444,0.7225879,0.6968926742759999
11143.905356992036,gap,12,0.9822999,0.7225879,0.70979802191121
11147.998317959718,gap,12,0.9822999,0.7223192,0.7095340779280801
11152.085055946372,gap,12,0.96444,0.7223192,0.696633529248
11156.172294984572,gap,12,0.9822999,0.7225879,0.70979802191121
11160.238903947175,gap,12,0.9465799,0.7220506,0.68347858474294
11164.343271986581,gap,12,0.9822999,0.7225879,0.70979802191121
11168.417584965937,gap,12,0.96444,0.7223192,0.696633529248
11172.51091595972,gap,12,0.9822999,0.7225879,0.70979802191121
11179.871492960956,gap,12,1.13411,0.8184852,0.928252250172
11184.0361939976,gap,12,1.14304,0.8179479,0.9349471676159999
11191.0550709581,gap,12,0.96444,0.7220506,0.696374480664
11198.744978988543,gap,12,1.11625,0.8187538,0.9139339292499999
11202.88780995179,gap,12,1.13411,0.8182165,0.9279475148149999
11209.915500949137,gap,12,0.96444,0.7223192,0.696633529248
11214.012054959312,gap,12,0.9465799,0.7223192,0.6837328361040801
11218.111922964454,gap,12,0.95551,0.7225879,0.6904399643289999
11222.185883962084,gap,12,0.96444,0.7225879,0.6968926742759999
11226.280362985563,gap,12,0.9465799,0.7225879,0.68398718212321
11232.584042998496,gap,12,1.11625,0.8187538,0.9139339292499999
11237.301645975094,gap,12,1.12518,0.8179479,0.920338618122
11244.321559963282,gap,12,0.9465799,0.7223192,0.6837328361040801
11248.391446948517,gap,12,0.96444,0.7223192,0.696633529248
11252.46700097341,gap,12,0.9465799,0.7225879,0.68398718212321
11259.810892981477,gap,12,1.12518,0.8184852,0.9209431773360001
11266.881065967027,gap,12,0.96444,0.7225879,0.6968926742759999
11271.004766982514,gap,12,0.9287199,0.7225879,0.67108176222921
11278.289511974435,gap,12,1.13411,0.8184852,0.928252250172
11285.308907972649,gap,12,0.96444,0.7225879,0.6968926742759999
11289.38070195727,gap,12,0.9465799,0.723125,0.6844955901875001
11293.49618096603,gap,12,0.95551,0.7220506,0.689926568806
11300.85625796346,gap,12,1.10732,0.8184852,0.9063250316640001
11305.052180949133,gap,12,1.14304,0.8179479,0.9349471676159999
11312.146834970918,gap,12,0.9465799,0.7223192,0.6837328361040801
11316.236184968147,gap,12,0.9465799,0.7223192,0.6837328361040801
11320.404088997748,gap,12,0.9108599,0.7220506,0.65768693731094
11328.255050990265,gap,12,1.83065,0.9280821,1.6989934963650002
11335.190243960824,gap,12,1.33057,0.9283507,1.235235590899
11339.440146984998,gap,12,1.33057,0.9286194,1.235593115058
11343.66706997389,gap,12,1.33057,0.928888,1.23595050616
11347.866066964343,gap,12,1.34843,0.9283507,1.251815934401
11352.048581989948,gap,12,1.3395,0.9280821,1.24316597295
11356.251244957093,gap,12,1.35736,0.928888,1.26083541568
11363.051086955238,gap,12,1.30378,0.9286194,1.2107154013319998
11367.1766029438,gap,12,1.31271,0.9283507,1.218655247397
11371.354044997133,gap,12,1.31271,0.9283507,1.218655247397
11375.47046795953,gap,12,1.31271,0.9283507,1.218655247397
11379.586946975905,gap,12,1.32164,0.9283507,1.2269454191479998
11383.688296948094,gap,12,1.30378,0.9286194,1.2107154013319998
11387.78468297096,gap,12,1.29485,0.9286194,1.20242283009
11395.618479000404,gap,12,0.9465799,0.7223192,0.6837328361040801
11399.711642996408,gap,12,0.9465799,0.7220506,0.68347858474294
11403.808140952606,gap,12,0.9465799,0.7223192,0.6837328361040801
11407.86599094281,gap,12,0.9287199,0.7225879,0.67108176222921
11411.93087794818,gap,12,0.9465799,0.7225879,0.68398718212321
11416.008060972672,gap,12,0.9465799,0.7228564,0.68424133882636
11420.077484974172,gap,12,0.9465799,0.7223192,0.6837328361040801
11424.18244498549,gap,12,0.9465799,0.7225879,0.68398718212321
11431.54700397281,gap,12,1.10732,0.8182165,0.9060274947800001
11435.71890896419,gap,12,1.11625,0.8182165,0.913334168125
11439.85270196572,gap,12,1.12518,0.8184852,0.9209431773360001
11443.985939957201,gap,12,1.09839,0.8184852,0.899015958828
11451.016687962692,gap,12,0.93765,0.7228564,0.6777863034599999
11455.117314995732,gap,12,0.9287199,0.7225879,0.67108176222921
11459.203349950258,gap,12,0.9287199,0.7220506,0.67058276102694
11463.284384983126,gap,12,0.9465799,0.7225879,0.68398718212321
11467.379659996368,gap,12,0.9465799,0.7223192,0.6837328361040801
11471.444306953344,gap,12,0.93765,0.7225879,0.6775345444349999
11478.75838499749,gap,12,1.10732,0.8187538,0.906622457816
11482.89423395181,gap,12,1.09839,0.8184852,0.899015958828
11489.92472194368,gap,12,0.9465799,0.7223192,0.6837328361040801
11493.988182977773,gap,12,0.91979,0.7225879,0.664629124541
11498.072476999369,gap,12,0.9287199,0.7228564,0.67133112352236
11502.147770952433,gap,12,0.9465799,0.7225879,0.68398718212321
11506.219879956916,gap,12,0.9287199,0.7223192,0.67083221519208
11510.300562949851,gap,12,0.95551,0.7228564,0.690696518764
11514.377412968315,gap,12,0.9465799,0.7225879,0.68398718212321
11518.437021994032,gap,12,0.93765,0.7223192,0.67728259788
11522.527297958732,gap,12,0.93765,0.7225879,0.6775345444349999
11526.61740698386,gap,12,0.91979,0.7228564,0.664876088156
11530.695237976033,gap,12,0.93765,0.7225879,0.6775345444349999
11534.75577296922,gap,12,0.95551,0.7225879,0.6904399643289999
11538.869214942679,gap,12,0.9287199,0.7220506,0.67058276102694
11546.22047796147,gap,12,1.10732,0.8182165,0.9060274947800001
11550.368530966807,gap,12,1.10732,0.8184852,0.9063250316640001
11556.421601970214,gap,12,0.9465799,0.7223192,0.6837328361040801
11560.94244797714,gap,12,0.96444,0.7223192,0.696633529248
11565.012315986678,gap,12,0.9733699,0.7223192,0.70308376747208
11569.08464699518,gap,12,0.9465799,0.7223192,0.6837328361040801
11573.152478958946,gap,12,0.9287199,0.7225879,0.67108176222921
11577.2167549585,gap,12,0.9465799,0.7244682,0.68576703630918
11581.292955961544,gap,12,0.9287199,0.7223192,0.67083221519208
11585.375138965901,gap,12,0.93765,0.7225879,0.6775345444349999
11589.455192966852,gap,12,0.95551,0.7225879,0.6904399643289999
11593.52537599625,gap,12,0.9465799,0.7225879,0.68398718212321
11597.59524394758,gap,12,0.93765,0.723125,0.67803815625
11601.66126099648,gap,12,0.93765,0.7228564,0.6777863034599999
11605.73592496803,gap,12,0.9287199,0.7225879,0.67108176222921
11609.813478949945,gap,12,0.91979,0.7228564,0.664876088156
11614.701449987479,gap,12,0.9287199,0.7225879,0.67108176222921
11619.561588973738,gap,12,0.9287199,0.7223192,0.67083221519208
11636.83803396998,gap,12,1.10732,0.8187538,0.906622457816
11644.436460977886,gap,12,1.09839,0.8187538,0.8993109863819999
11649.1276199813,gap,12,1.08946,0.8182165,0.8914141480900001
11663.939032994676,gap,12,1.11625,0.8184852,0.9136341045
11671.944530971814,gap,12,0.91979,0.7220506,0.664134921374
11679.2342759436,gap,12,1.10732,0.8184852,0.9063250316640001
11686.326762952376,gap,12,0.9287199,0.7223192,0.67083221519208
11690.444501000457,gap,12,0.9287199,0.7220506,0.67058276102694
11697.800819994882,gap,12,1.08946,0.8184852,0.8917068859920001
11704.858103999868,gap,12,0.9465799,0.7223192,0.6837328361040801
11708.962212956976,gap,12,0.96444,0.7225879,0.6968926742759999
11713.053246960044,gap,12,0.93765,0.7223192,0.67728259788
11717.112522979733,gap,12,0.9287199,0.7225879,0.67108176222921
11721.191539952997,gap,12,0.9287199,0.7223192,0.67083221519208
11725.272592972033,gap,12,0.91979,0.7225879,0.664629124541
11729.36320194276,gap,12,0.93765,0.7223192,0.67728259788
11733.43801498413,gap,12,0.9287199,0.7225879,0.67108176222921
11737.513419997413,gap,12,0.9287199,0.7225879,0.67108176222921
11741.601658985019,gap,12,0.93765,0.7228564,0.6777863034599999
11745.731303992216,gap,12,0.91979,0.7225879,0.664629124541
11753.082807990722,gap,12,1.11625,0.8187538,0.9139339292499999
11757.21758295549,gap,12,1.10732,0.8174106,0.905135105592
11763.261431944557,gap,12,0.9287199,0.7220506,0.67058276102694
11767.780462978408,gap,12,0.9287199,0.7223192,0.67083221519208
11771.863904956263,gap,12,0.9287199,0.7220506,0.67058276102694
11775.951124960557,gap,12,0.91979,0.7225879,0.664629124541
11783.223406993784,gap,12,1.08946,0.8182165,0.8914141480900001
11790.471781976521,gap,12,0.90193,0.7225879,0.6517237046469999
11794.545409968123,gap,12,0.95551,0.7225879,0.6904399643289999
11798.616351967212,gap,12,0.9287199,0.7225879,0.67108176222921
11802.702053973917,gap,12,0.9287199,0.7228564,0.67133112352236
11806.765754998196,gap,12,0.91979,0.7225879,0.664629124541
11810.842641978525,gap,12,0.91979,0.7223192,0.664381976968
11822.219773952384,gap,12,1.08946,0.8182165,0.8914141480900001
11829.236206947826,gap,12,0.93765,0.7220506,0.6770307450899999
11833.302963990718,gap,12,0.9465799,0.7223192,0.6837328361040801
11837.394053989556,gap,12,0.9287199,0.7220506,0.67058276102694
11841.48803295102,gap,12,0.9465799,0.7223192,0.6837328361040801
11845.599493943155,gap,12,0.9287199,0.7228564,0.67133112352236
11851.818230992649,gap,12,1.09839,0.8187538,0.8993109863819999
11856.530981953256,gap,12,1.08946,0.8179479,0.8911215191340001
11863.623172976077,gap,12,0.9287199,0.7225879,0.67108176222921
11867.700503964443,gap,12,0.9465799,0.7225879,0.68398718212321
11871.766520955134,gap,12,0.93765,0.7225879,0.6775345444349999
11875.854351965245,gap,12,0.9465799,0.7225879,0.68398718212321
11879.975441959687,gap,12,0.91979,0.7225879,0.664629124541
11887.351000972558,gap,12,1.08946,0.8187538,0.891999514948
11891.48347999435,gap,12,1.09839,0.8182165,0.898720821435
11897.536402975675,gap,12,0.9108599,0.7220506,0.65768693731094
11902.07054495113,gap,12,0.9287199,0.7220506,0.67058276102694
11908.288188977167,gap,12,1.08053,0.8182165,0.884107474745
11915.463878947776,gap,12,0.9287199,0.7223192,0.67083221519208
11919.93926197756,gap,12,0.91979,0.7225879,0.664629124541
11924.049555964302,gap,12,0.93765,0.7220506,0.6770307450899999
11928.131164982915,gap,12,0.9287199,0.7223192,0.67083221519208
11935.456964944024,gap,12,1.08053,0.8176794,0.8835271220819999
11942.474415991455,gap,12,0.9287199,0.7223192,0.67083221519208
11946.564931946341,gap,12,0.91979,0.7225879,0.664629124541
11953.868880984373,gap,12,1.08053,0.8182165,0.884107474745
11960.957997944206,gap,12,1.00016,0.7225879,0.7227035140639999
11965.032254986,gap,12,0.95551,0.7228564,0.690696518764
11969.120548979845,gap,12,0.9465799,0.7225879,0.68398718212321
11973.19638094632,gap,12,0.9287199,0.7223192,0.67083221519208
11979.495412961114,gap,12,1.10732,0.8179479,0.905730068628
11984.255940944422,gap,12,1.10732,0.8182165,0.9060274947800001
11991.242169984616,gap,12,0.9287199,0.7223192,0.67083221519208
11995.361834997311,gap,12,0.93765,0.7225879,0.6775345444349999
11999.474924989045,gap,12,0.91979,0.7225879,0.664629124541
12006.759335985407,gap,12,1.08946,0.8184852,0.8917068859920001
12010.916314960923,gap,12,1.09839,0.8184852,0.899015958828
12017.944450955838,gap,12,0.9108599,0.7223192,0.65793159428008
12022.038115945179,gap,12,0.9287199,0.7223192,0.67083221519208
12026.111594983377,gap,12,0.93765,0.7225879,0.6775345444349999
12030.167074990459,gap,12,0.9287199,0.7223192,0.67083221519208
12034.241183951963,gap,12,0.9287199,0.7220506,0.67058276102694
12038.299940992147,gap,12,0.9287199,0.7223192,0.67083221519208
12042.383864987642,gap,12,0.9287199,0.7228564,0.67133112352236
12046.468825952616,gap,12,0.9287199,0.7225879,0.67108176222921
12050.566970952787,gap,12,0.91979,0.7225879,0.664629124541
12057.920474966522,gap,12,1.10732,0.8187538,0.906622457816
12062.072212982457,gap,12,1.09839,0.8187538,0.8993109863819999
12068.113024986815,gap,12,0.9287199,0.7228564,0.67133112352236
12072.638481971808,gap,12,0.9108599,0.7225879,0.6581763423352099
12076.724516984541,gap,12,0.93765,0.7228564,0.6777863034599999
12080.789884959813,gap,12,0.9287199,0.7225879,0.67108176222921
12084.84306797618,gap,12,0.91979,0.7223192,0.664381976968
12088.91426998889,gap,12,0.91979,0.7225879,0.664629124541
12095.14195099473,gap,12,1.08946,0.8182165,0.8914141480900001
12099.912108969875,gap,12,1.09839,0.8184852,0.899015958828
12106.899560953025,gap,12,0.93765,0.7228564,0.6777863034599999
12110.975576972123,gap,12,0.93765,0.7223192,0.67728259788
12115.085592959076,gap,12,0.93765,0.7220506,0.6770307450899999
12122.440929990262,gap,12,1.09839,0.8182165,0.898720821435
12126.57488998957,gap,12,1.0716,0.8182165,0.8768008014
12130.730423959903,gap,12,1.08053,0.8182165,0.884107474745
12134.904050966725,gap,12,1.09839,0.8184852,0.899015958828
12139.03456699336,gap,12,1.09839,0.8184852,0.899015958828
12143.24460097123,gap,12,1.08946,0.8182165,0.8914141480900001
12147.409504977986,gap,12,1.09839,0.8182165,0.898720821435
12154.665490961634,gap,12,0.9287199,0.7225879,0.67108176222921
12158.76446996117,gap,12,0.91979,0.7225879,0.664629124541
12162.820430996362,gap,12,0.93765,0.7225879,0.6775345444349999
12166.905836958904,gap,12,0.9287199,0.7228564,0.67133112352236
12187.436898995657,bench:92de7645560e2e7c,13,4.84899,0.9047122,4.386940410677999
12194.902474991977,bench:92de7645560e2e7c,13,5.509809,0.9280821,5.1135551073189
12199.011768971104,bench:92de7645560e2e7c,13,3.56307,0.9291566,3.310650006762
12203.094433993101,bench:92de7645560e2e7c,13,4.29533,0.9294252,3.9921879443159995
12211.508426989894,bench:92de7645560e2e7c,13,5.43837,0.9294252,5.054558124923999
12215.612590953242,bench:92de7645560e2e7c,13,5.474089,0.928888,5.084815583032
12219.67051498359,bench:92de7645560e2e7c,13,5.42051,0.9291566,5.036502641866
12223.731605976354,bench:92de7645560e2e7c,13,4.05422,0.9286194,3.7648273438679998
12227.85245499108,bench:92de7645560e2e7c,13,4.02743,0.9283507,3.738867459701
12235.520862974226,bench:92de7645560e2e7c,13,4.07208,0.9283507,3.7803183184559996
12239.808321988676,bench:92de7645560e2e7c,13,4.06315,0.9280821,3.7709367846150004
12247.518895950634,bench:92de7645560e2e7c,13,4.06315,0.9299625,3.7785771318750005
12251.518061966635,bench:92de7645560e2e7c,13,5.42051,0.9304997,5.043782928847
12259.54570696922,bench:92de7645560e2e7c,13,5.474089,0.9326486,5.105401442125401
12267.515574989375,bench:92de7645560e2e7c,13,4.07208,0.9291566,3.783600007728
12271.658367943019,bench:92de7645560e2e7c,13,4.11673,0.928888,3.82398109624
12275.705180945806,bench:92de7645560e2e7c,13,5.46516,0.928888,5.07652154208
12283.141479943879,bench:92de7645560e2e7c,13,5.45623,0.9294252,5.0711576589959995
12287.237810960505,bench:92de7645560e2e7c,13,5.45623,0.9286194,5.0667610288619995
12291.539325960912,bench:92de7645560e2e7c,13,5.43837,0.9280821,5.047253850177
12295.589193992782,bench:92de7645560e2e7c,13,5.509809,0.928888,5.117995462392
12299.951337976381,bench:92de7645560e2e7c,13,5.474089,0.9299625,5.0906974916625005
12303.968428983353,bench:92de7645560e2e7c,13,5.50088,0.9296938,5.114134030544
12307.992482965346,bench:92de7645560e2e7c,13,5.48302,0.9291566,5.094584220932
12315.427170949988,bench:92de7645560e2e7c,13,5.46516,0.9294252,5.079457426032
12326.926967944019,bench:92de7645560e2e7c,13,5.36693,0.9294252,4.988159988635999
12332.069251977373,bench:92de7645560e2e7c,13,5.358,0.9280821,4.9726638918
12336.420357984025,bench:92de7645560e2e7c,13,5.37586,0.9291566,4.9950157996760005
12340.489281981718,bench:92de7645560e2e7c,13,5.34907,0.9291566,4.970123694362
12346.21604194399,bench:92de7645560e2e7c,13,5.34907,0.9299625,4.9744345098750005
12350.315390969627,bench:92de7645560e2e7c,13,5.358,0.9294252,4.979860221599999
12355.264861951582,bench:92de7645560e2e7c,13,5.34907,0.9270077,4.958629077839
12359.551950998139,bench:92de7645560e2e7c,13,5.40265,0.9299625,5.024261900625
12363.95290895598,bench:92de7645560e2e7c,13,5.39372,0.9286194,5.008713030168
12367.988054989837,bench:92de7645560e2e7c,13,5.39372,0.928888,5.01016178336
12372.040923975874,bench:92de7645560e2e7c,13,5.34907,0.9304997,4.9773080302790005
12376.085254945792,bench:92de7645560e2e7c,13,5.358,0.9280821,4.9726638918
12383.424684987403,bench:92de7645560e2e7c,13,5.42051,0.9304997,5.043782928847
12387.551477993838,bench:92de7645560e2e7c,13,5.40265,0.9294252,5.02135905678
12391.627846984193,bench:92de7645560e2e7c,13,5.42944,0.9296938,5.047716705471999
12395.99787897896,bench:92de7645560e2e7c,13,5.42944,0.9270077,5.033132686688
12401.002997998148,bench:92de7645560e2e7c,13,5.358,0.9299625,4.982739075
12406.055004976224,bench:92de7645560e2e7c,13,5.42944,0.9294252,5.046258357887999
12411.52974794386,bench:92de7645560e2e7c,13,5.65269,0.9304997,5.259826349193
12415.608597977553,bench:92de7645560e2e7c,13,5.42051,0.9291566,5.036502641866
12419.671058945823,bench:92de7645560e2e7c,13,4.08101,0.9283507,3.788608490207
12423.776852956507,bench:92de7645560e2e7c,13,4.1078,0.9283507,3.81347900546
12427.807054948062,bench:92de7645560e2e7c,13,4.42035,0.9291566,4.10719737681
12431.84057198232,bench:92de7645560e2e7c,13,4.11673,0.9294252,3.826192603595999
12439.017298980616,bench:92de7645560e2e7c,13,5.42944,0.9294252,5.046258357887999
12447.218923945911,bench:92de7645560e2e7c,13,5.43837,0.9294252,5.054558124923999
12457.540213945322,bench:92de7645560e2e7c,13,5.491949,0.9294252,5.1043557977148
12467.199658975005,bench:92de7645560e2e7c,13,5.42944,0.9294252,5.046258357887999
12474.98595394427,bench:92de7645560e2e7c,13,5.50088,0.928888,5.1097014214400005
12487.493148946669,bench:92de7645560e2e7c,13,5.50088,0.9299625,5.115612117
12491.875347972382,bench:92de7645560e2e7c,13,5.52767,0.9291566,5.1360710631219995
12499.22511097975,bench:92de7645560e2e7c,13,5.42944,0.928888,5.04334166272
12503.32984898705,bench:92de7645560e2e7c,13,4.14352,0.9280821,3.845526742992
12511.408437974751,bench:92de7645560e2e7c,13,5.50088,0.9286194,5.108223885072
12519.409786968026,bench:92de7645560e2e7c,13,5.52767,0.9304997,5.143495276699
12527.411858958658,bench:92de7645560e2e7c,13,5.55446,0.9280821,5.154994901166
12535.146006965078,bench:92de7645560e2e7c,13,5.509809,0.928888,5.117995462392
12539.496260986198,bench:92de7645560e2e7c,13,5.51874,0.9294252,5.129256028248
12547.413036983926,bench:92de7645560e2e7c,13,5.51874,0.928888,5.126291361120001
12555.176221998408,bench:92de7645560e2e7c,13,5.56339,0.9291566,5.169260536874
12559.539438982029,bench:92de7645560e2e7c,13,5.46516,0.9291566,5.077989484056
12563.612066966016,bench:92de7645560e2e7c,13,5.50088,0.9304997,5.118567189736001
12567.634157952853,bench:92de7645560e2e7c,13,5.509809,0.928888,5.117995462392
12571.66606397368,bench:92de7645560e2e7c,13,5.51874,0.9294252,5.129256028248
12575.706857955083,bench:92de7645560e2e7c,13,5.5366,0.9286194,5.14139417004
12579.713967978023,bench:92de7645560e2e7c,13,5.57232,0.9326486,5.197016446752
12583.745169977192,bench:92de7645560e2e7c,13,5.66162,0.9304997,5.268135711514001
12595.479501993395,bench:92de7645560e2e7c,13,5.48302,0.9299625,5.0990029867499995
12599.86440395005,bench:92de7645560e2e7c,13,5.509809,0.9304997,5.1268756215573
12607.21735196421,bench:92de7645560e2e7c,13,5.509809,0.9286194,5.1165155276946
12611.289979948197,bench:92de7645560e2e7c,13,4.13459,0.928888,3.8405710359200005
12615.36871799035,bench:92de7645560e2e7c,13,4.08994,0.9291566,3.8001947446040005
12619.457678985782,bench:92de7645560e2e7c,13,4.13459,0.9294252,3.842792137668
12623.517028987408,bench:92de7645560e2e7c,13,4.65253,0.9286194,4.320429617082
12627.540249959566,bench:92de7645560e2e7c,13,4.11673,0.9294252,3.826192603595999
12631.61439599935,bench:92de7645560e2e7c,13,4.16138,0.9296938,3.8688091854440003
12639.519263990223,bench:92de7645560e2e7c,13,4.465,0.9294252,4.149883517999999
12647.239635000005,bench:92de7645560e2e7c,13,5.43837,0.9286194,5.050175886378
12651.366298960056,bench:92de7645560e2e7c,13,4.48286,0.928888,4.1640748596799995
12655.420666967984,bench:92de7645560e2e7c,13,4.14352,0.9299625,3.8533182179999996
12659.50264694402,bench:92de7645560e2e7c,13,4.14352,0.9283507,3.8466396924639996
12663.505422999151,bench:92de7645560e2e7c,13,4.45607,0.9294252,4.141583750964
12667.545457952656,bench:92de7645560e2e7c,13,4.14352,0.928888,3.8488660057599997
12671.539771952666,bench:92de7645560e2e7c,13,4.14352,0.9291566,3.849978955232
12675.548306957353,bench:92de7645560e2e7c,13,4.14352,0.928888,3.8488660057599997
12679.629489954095,bench:92de7645560e2e7c,13,4.08994,0.9291566,3.8001947446040005
12683.598155970685,bench:92de7645560e2e7c,13,4.1078,0.9294252,3.81789283656
12687.590858957265,bench:92de7645560e2e7c,13,4.13459,0.9291566,3.8416815867940004
12691.682300996035,bench:92de7645560e2e7c,13,5.474089,0.9294252,5.0877562636428
12696.057554974686,bench:92de7645560e2e7c,13,5.67055,0.928888,5.2673058484
12700.07938699564,bench:92de7645560e2e7c,13,5.509809,0.9270077,5.1076353685293
12704.114329942968,bench:92de7645560e2e7c,13,5.509809,0.9286194,5.1165155276946
12708.179104956798,bench:92de7645560e2e7c,13,5.51874,0.9283507,5.123326142118
12712.234288977925,bench:92de7645560e2e7c,13,5.59018,0.9299625,5.19865776825
12716.473377950024,bench:92de7645560e2e7c,13,5.50088,0.9280821,5.105268262248001
12720.829002966639,bench:92de7645560e2e7c,13,5.59911,0.9278135,5.1949298459849995
12724.844611948356,bench:92de7645560e2e7c,13,5.491949,0.928888,5.1014055227120005
12731.16982897045,bench:92de7645560e2e7c,13,5.50088,0.9286194,5.108223885072
12739.520156988874,bench:92de7645560e2e7c,13,4.13459,0.928888,3.8405710359200005
12743.552691943478,bench:92de7645560e2e7c,13,5.5366,0.9294252,5.1458555623199995
12751.416134997271,bench:92de7645560e2e7c,13,5.509809,0.9283507,5.1150350420162995
12759.448742959648,bench:92de7645560e2e7c,13,5.50088,0.9326486,5.1303880307680005
12767.26127899019,bench:92de7645560e2e7c,13,5.54553,0.9299625,5.157134942625
12771.966659987811,bench:92de7645560e2e7c,13,5.50088,0.9286194,5.108223885072
12776.051305991132,bench:92de7645560e2e7c,13,5.52767,0.9299625,5.1405258123749995
12780.106248974334,bench:92de7645560e2e7c,13,5.59018,0.9294252,5.195654164536
12784.137024951633,bench:92de7645560e2e7c,13,5.509809,0.9286194,5.1165155276946
12788.17450394854,bench:92de7645560e2e7c,13,5.55446,0.9326486,5.180359342756
12792.222002986819,bench:92de7645560e2e7c,13,5.509809,0.9291566,5.1194753970894
12796.26214900054,bench:92de7645560e2e7c,13,5.51874,0.9294252,5.129256028248
12800.277998961974,bench:92de7645560e2e7c,13,5.56339,0.9326486,5.1886878947540005
12807.22108099144,bench:92de7645560e2e7c,13,5.474089,0.928888,5.084815583032
12811.51420599781,bench:92de7645560e2e7c,13,5.46516,0.9296938,5.080925368008
12815.561833966058,bench:92de7645560e2e7c,13,5.55446,0.9326486,5.180359342756
12823.584182944614,bench:92de7645560e2e7c,13,5.491949,0.9296938,5.1058309352162
12831.17748098448,bench:92de7645560e2e7c,13,5.52767,0.9291566,5.1360710631219995
12835.615807969589,bench:92de7645560e2e7c,13,5.67055,0.928888,5.2673058484
12839.984747988638,bench:92de7645560e2e7c,13,5.55446,0.9291566,5.160963168436
12844.362372998148,bench:92de7645560e2e7c,13,5.51874,0.9280821,5.121843808554
12848.420425958466,bench:92de7645560e2e7c,13,5.54553,0.928888,5.151176270640001
12855.183805979323,bench:92de7645560e2e7c,13,5.509809,0.9291566,5.1194753970894
12859.532652946655,bench:92de7645560e2e7c,13,5.46516,0.928888,5.07652154208
12867.229652998503,bench:92de7645560e2e7c,13,5.5366,0.9291566,5.14436843156
12871.51633395115,bench:92de7645560e2e7c,13,5.51874,0.9304997,5.135185914378001
12879.19118697755,bench:92de7645560e2e7c,13,5.55446,0.928888,5.15947124048
12883.239980961662,bench:92de7645560e2e7c,13,4.13459,0.9286194,3.839460485046
12887.294071959332,bench:92de7645560e2e7c,13,4.13459,0.9291566,3.8416815867940004
12891.345643962268,bench:92de7645560e2e7c,13,4.5543,0.9291566,4.2316579033799995
12895.326957979705,bench:92de7645560e2e7c,13,4.20603,0.9280821,3.9035411550630004
12899.379399954341,bench:92de7645560e2e7c,13,4.40249,0.9294252,4.091785148748
12903.371120977681,bench:92de7645560e2e7c,13,4.13459,0.9291566,3.8416815867940004
12907.39319397835,bench:92de7645560e2e7c,13,4.13459,0.9291566,3.8416815867940004
12911.384710983839,bench:92de7645560e2e7c,13,4.13459,0.9294252,3.842792137668
12915.382505976595,bench:92de7645560e2e7c,13,4.15245,0.9283507,3.854929864215
12919.45005999878,bench:92de7645560e2e7c,13,4.11673,0.9291566,3.8250868499179997
12923.43709495617,bench:92de7645560e2e7c,13,4.13459,0.9291566,3.8416815867940004
12927.430908952374,bench:92de7645560e2e7c,13,4.13459,0.9283507,3.8383495207130003
12931.414036953356,bench:92de7645560e2e7c,13,4.13459,0.9283507,3.8383495207130003
12935.400683956686,bench:92de7645560e2e7c,13,4.465,0.9286194,4.146285621
12939.408571983222,bench:92de7645560e2e7c,13,4.11673,0.928888,3.82398109624
12943.409014958888,bench:92de7645560e2e7c,13,4.11673,0.9294252,3.826192603595999
12947.490919963457,bench:92de7645560e2e7c,13,4.16138,0.928888,3.8654559454400004
12951.504140975885,bench:92de7645560e2e7c,13,4.13459,0.9294252,3.842792137668
12955.51754697226,bench:92de7645560e2e7c,13,4.1078,0.9304997,3.8223066676600004
12959.486767998897,bench:92de7645560e2e7c,13,4.17031,0.9296938,3.8771113510779998
12963.583320961334,bench:92de7645560e2e7c,13,5.46516,0.9283507,5.073585111612
12971.44130099332,bench:92de7645560e2e7c,13,5.509809,0.9294252,5.120955331786799
12983.494537998922,bench:92de7645560e2e7c,13,5.59018,0.9270077,5.182139904386
12987.869217991829,bench:92de7645560e2e7c,13,5.58125,0.9304997,5.193351450625
12991.924400965218,bench:92de7645560e2e7c,13,5.5366,0.928888,5.1428813008
12995.984657958616,bench:92de7645560e2e7c,13,5.50088,0.9304997,5.118567189736001
13000.037748948671,bench:92de7645560e2e7c,13,5.50088,0.9296938,5.114134030544
13004.074061987922,bench:92de7645560e2e7c,13,5.509809,0.9280821,5.1135551073189
13008.100578968879,bench:92de7645560e2e7c,13,5.5366,0.9291566,5.14436843156
13012.141558981966,bench:92de7645560e2e7c,13,5.5366,0.9291566,5.14436843156
13016.197389981244,bench:92de7645560e2e7c,13,5.474089,0.928888,5.084815583032
13020.24318499025,bench:92de7645560e2e7c,13,5.66162,0.928888,5.259010878560001
13024.626605969388,bench:92de7645560e2e7c,13,5.491949,0.9291566,5.1028806602134
13031.509039981756,bench:92de7645560e2e7c,13,5.50088,0.9286194,5.108223885072
13035.570703970734,bench:92de7645560e2e7c,13,5.491949,0.9296938,5.1058309352162
13043.18127996521,bench:92de7645560e2e7c,13,5.509809,0.9294252,5.120955331786799
13047.534866956994,bench:92de7645560e2e7c,13,5.46516,0.9286194,5.075053600104
13051.587253983598,bench:92de7645560e2e7c,13,5.50088,0.9294252,5.112656494176
13055.68117799703,bench:92de7645560e2e7c,13,5.491949,0.928888,5.1014055227120005
13060.055672947783,bench:92de7645560e2e7c,13,5.52767,0.9280821,5.1301315817069995
13064.448445977177,bench:92de7645560e2e7c,13,5.51874,0.9294252,5.129256028248
13075.552949972916,bench:92de7645560e2e7c,13,5.5366,0.9299625,5.1488303775
13079.607744992245,bench:92de7645560e2e7c,13,5.50088,0.9286194,5.108223885072
13083.668631967157,bench:92de7645560e2e7c,13,5.51874,0.9291566,5.1277736946840005
13087.711759959348,bench:92de7645560e2e7c,13,5.65269,0.9304997,5.259826349193
13092.047439946327,bench:92de7645560e2e7c,13,5.54553,0.9291566,5.152665799998
13096.382213989273,bench:92de7645560e2e7c,13,5.63483,0.928888,5.23412596904
13103.227369952947,bench:92de7645560e2e7c,13,5.51874,0.9286194,5.124809027556
13107.51588398125,bench:92de7645560e2e7c,13,5.50088,0.9296938,5.114134030544
13115.199736959767,bench:92de7645560e2e7c,13,5.509809,0.9294252,5.120955331786799
13119.517065992113,bench:92de7645560e2e7c,13,5.54553,0.9304997,5.160114001341
13123.60821198672,bench:92de7645560e2e7c,13,4.14352,0.928888,3.8488660057599997
13131.533634965308,bench:92de7645560e2e7c,13,4.17031,0.928888,3.87375091528
13135.914315993432,bench:92de7645560e2e7c,13,5.54553,0.9286194,5.149686741282
13139.977665967308,bench:92de7645560e2e7c,13,5.54553,0.928888,5.151176270640001
13144.338030950166,bench:92de7645560e2e7c,13,5.54553,0.9294252,5.154155329356
13148.375491960905,bench:92de7645560e2e7c,13,5.59911,0.9280821,5.1964337669309995
13155.169408943038,bench:92de7645560e2e7c,13,5.509809,0.928888,5.117995462392
13159.539347980171,bench:92de7645560e2e7c,13,5.55446,0.9294252,5.162455096392
13163.945916981902,bench:92de7645560e2e7c,13,4.06315,0.9294252,3.77639400138
13168.031488952693,bench:92de7645560e2e7c,13,4.13459,0.9286194,3.839460485046
13172.083190991543,gap,14,4.39356,0.9291566,4.082305271496
13176.038781995885,gap,14,1.6967,0.928888,1.5760442696
13182.965493993834,gap,14,1.27699,0.8485706,1.083616170494
13187.0856389869,gap,14,1.26806,0.8485706,1.076038435036
13194.410161988344,gap,14,1.1609,0.8184852,0.95017946868
13198.614213964902,gap,14,1.15197,0.8184852,0.942870395844
13202.75437796954,gap,14,1.14304,0.8187538,0.935868343552
13206.935911963228,gap,14,1.1609,0.8184852,0.95017946868
13213.949084980413,gap,14,0.9912299,0.7228564,0.7165168770863599
13218.100989994127,gap,14,0.9912299,0.723125,0.7167831214375
13224.3981519714,gap,14,1.13411,0.8184852,0.928252250172
13229.148846992757,gap,14,1.13411,0.8184852,0.928252250172
13235.167844977695,gap,14,0.9733699,0.7223192,0.70308376747208
13239.690856949892,gap,14,0.9822999,0.7223192,0.7095340779280801
13243.7890029978,gap,14,0.9822999,0.7228564,0.71006176943436
13247.888962971047,gap,14,0.9822999,0.7225879,0.70979802191121
13255.173541954719,gap,14,1.13411,0.8182165,0.9279475148149999
13259.337964991573,gap,14,1.14304,0.8184852,0.9355613230080001
13263.504664995708,gap,14,1.15197,0.8182165,0.942560861505
13270.514875999652,gap,14,0.9465799,0.7223192,0.6837328361040801
13274.623039993457,gap,14,0.9822999,0.723125,0.7103256151875
13280.866350978613,gap,14,1.12518,0.8179479,0.920338618122
13285.564749967307,gap,14,1.12518,0.8184852,0.9209431773360001
13289.738820982166,gap,14,1.14304,0.8184852,0.9355613230080001
13293.896521965507,gap,14,1.13411,0.8187538,0.928556872118
13298.041870992165,gap,14,1.14304,0.8182165,0.93525418816
13302.202700986527,gap,14,1.14304,0.8179479,0.9349471676159999
13306.359401962254,gap,14,1.13411,0.8184852,0.928252250172
13310.524492000695,gap,14,1.13411,0.8184852,0.928252250172
13314.664914971218,gap,14,1.12518,0.8184852,0.9209431773360001
13318.834967969451,gap,14,1.70563,0.8182165,1.395574608895
13324.876205995679,gap,14,0.9287199,0.7223192,0.67083221519208
13329.385865945369,gap,14,0.9287199,0.7228564,0.67133112352236
13336.677444982342,gap,14,1.08053,0.8184852,0.884397813156
13344.930272956844,gap,14,1.34843,0.9283507,1.251815934401
13351.658800966106,gap,14,1.3395,0.9283507,1.2435257626499998
13355.775705946144,gap,14,1.33057,0.9283507,1.235235590899
13359.902962984052,gap,14,1.3395,0.928888,1.244245476
13366.896728985012,gap,14,1.3395,0.9294252,1.2449650553999998
13371.077743999194,gap,14,1.34843,0.9280821,1.251453746103
13376.87979999464,gap,14,1.33057,0.9286194,1.235593115058
13381.455032969825,gap,14,1.32164,0.9286194,1.2273005438159998
13385.56054997025,gap,14,1.3395,0.9283507,1.2435257626499998
13389.671380980872,gap,14,1.33057,0.928888,1.23595050616
13395.572693960276,gap,14,1.35736,0.9286194,1.2604708287839999
13400.268482975662,gap,14,1.34843,0.928888,1.25254044584
13407.002287975047,gap,14,1.32164,0.928888,1.22765553632
13414.829416957218,gap,14,0.9733699,0.7223192,0.70308376747208
13422.164160991088,gap,14,1.12518,0.8184852,0.9209431773360001
13428.180121991318,gap,14,0.95551,0.7228564,0.690696518764
13432.69802298164,gap,14,0.9822999,0.7220506,0.70927023217494
13436.82544695912,gap,14,0.9465799,0.7225879,0.68398718212321
13440.911851997953,gap,14,0.9465799,0.7223192,0.6837328361040801
13448.24754097499,gap,14,1.11625,0.8182165,0.913334168125
13455.294139974285,gap,14,0.95551,0.7225879,0.6904399643289999
13459.401303960476,gap,14,0.96444,0.7223192,0.696633529248
13463.476505945437,gap,14,0.93765,0.7223192,0.67728259788
13467.563558951952,gap,14,0.9465799,0.7228564,0.68424133882636
13474.843729985878,gap,14,1.10732,0.8187538,0.906622457816
13478.976208949462,gap,14,1.14304,0.8184852,0.9355613230080001
13483.149020990822,gap,14,1.12518,0.8182165,0.92064084147
13487.328331975732,gap,14,1.11625,0.8184852,0.9136341045
13494.410634972155,gap,14,0.96444,0.7228564,0.6971516264159999
13498.503039998468,gap,14,0.9465799,0.7225879,0.68398718212321
13505.813043972012,gap,14,1.09839,0.8184852,0.899015958828
13512.880216992926,gap,14,0.96444,0.7225879,0.6968926742759999
13517.016732948832,gap,14,1.00909,0.7228564,0.729427164676
13521.115952986293,gap,14,0.93765,0.7223192,0.67728259788
13528.474659950007,gap,14,1.12518,0.8179479,0.920338618122
13532.609101966955,gap,14,1.11625,0.8184852,0.9136341045
13539.638292975724,gap,14,0.9465799,0.7225879,0.68398718212321
13543.706827971619,gap,14,0.96444,0.7223192,0.696633529248
13547.805177979171,gap,14,0.9465799,0.7223192,0.6837328361040801
13551.888175948989,gap,14,0.9465799,0.7225879,0.68398718212321
13555.95946998801,gap,14,0.96444,0.7225879,0.6968926742759999
13560.022837948054,gap,14,0.9465799,0.7225879,0.68398718212321
13564.117020985577,gap,14,0.9465799,0.7228564,0.68424133882636
13568.187555996701,gap,14,0.9287199,0.7225879,0.67108176222921
13572.250739962328,gap,14,0.9465799,0.7225879,0.68398718212321
13576.328885974362,gap,14,0.9287199,0.7225879,0.67108176222921
13580.402938998304,gap,14,0.9465799,0.7220506,0.68347858474294
13584.477603959385,gap,14,0.9465799,0.7225879,0.68398718212321
13588.575749949086,gap,14,0.93765,0.7223192,0.67728259788
13592.629376973491,gap,14,0.93765,0.7225879,0.6775345444349999
13596.695986983832,gap,14,0.95551,0.7225879,0.6904399643289999
13600.767169962637,gap,14,0.9465799,0.7225879,0.68398718212321
13604.854592995252,gap,14,0.93765,0.7220506,0.6770307450899999
13608.91349898884,gap,14,0.9465799,0.7228564,0.68424133882636
13612.976311997045,gap,14,1.12518,0.7223192,0.8127391174560001
13617.032883979846,gap,14,0.95551,0.7225879,0.6904399643289999
13621.0996969603,gap,14,0.93765,0.7225879,0.6775345444349999
13625.163101998623,gap,14,0.9465799,0.7225879,0.68398718212321
13629.24124795245,gap,14,0.95551,0.7228564,0.690696518764
13633.313375990838,gap,14,0.93765,0.7220506,0.6770307450899999
13637.407187954523,gap,14,0.9287199,0.7225879,0.67108176222921
13641.460204962641,gap,14,0.9465799,0.7223192,0.6837328361040801
13645.519665966276,gap,14,0.93765,0.7225879,0.6775345444349999
13649.563071958255,gap,14,0.95551,0.7225879,0.6904399643289999
13653.65201397799,gap,14,0.9465799,0.7223192,0.6837328361040801
13657.716233981773,gap,14,0.9465799,0.7223192,0.6837328361040801
13661.803676979616,gap,14,0.95551,0.7225879,0.6904399643289999
13665.864211972803,gap,14,0.96444,0.7225879,0.6968926742759999
13669.965301989578,gap,14,0.9287199,0.7223192,0.67083221519208
13674.077558971476,gap,14,0.93765,0.7228564,0.6777863034599999
13678.654532996006,gap,14,0.95551,0.7223192,0.6901832187920001
13696.9531539944,gap,14,1.1609,0.8335279,0.96764253911
13701.646164990962,gap,14,3.52735,0.8335279,2.940144638065
13706.282156985253,gap,14,1.1609,0.8332592,0.96733060528
13724.512963963207,gap,14,1.24127,0.8483019,1.052971699413
13729.077049996704,gap,14,1.22341,0.8488392,1.038478365672
13733.117639960255,gap,14,1.22341,0.8483019,1.037821027479
13740.207090973854,gap,14,0.93765,0.7225879,0.6775345444349999
13744.271736999508,gap,14,0.93765,0.7223192,0.67728259788
13748.334901989438,gap,14,0.93765,0.7225879,0.6775345444349999
13752.412010973785,gap,14,0.9287199,0.7225879,0.67108176222921
13756.500193965621,gap,14,0.9287199,0.7225879,0.67108176222921
13760.593876999337,gap,14,0.95551,0.7223192,0.6901832187920001
13764.6520039998,gap,14,0.9287199,0.7228564,0.67133112352236
13768.704224959947,gap,14,0.9465799,0.7225879,0.68398718212321
13772.786018962506,gap,14,0.9465799,0.7225879,0.68398718212321
13776.860016980208,gap,14,0.96444,0.7223192,0.696633529248
13784.16948398808,gap,14,1.11625,0.8184852,0.9136341045
13788.323628949001,gap,14,1.11625,0.8184852,0.9136341045
13792.500125942752,gap,14,1.10732,0.8187538,0.906622457816
13799.5868169819,gap,14,0.9287199,0.7223192,0.67083221519208
13803.683721984271,gap,14,0.96444,0.7228564,0.6971516264159999
13807.78053496033,gap,14,0.9287199,0.7225879,0.67108176222921
13811.832588980906,gap,14,0.9287199,0.7223192,0.67083221519208
13815.896234998945,gap,14,0.9465799,0.7223192,0.6837328361040801
13823.984453978483,gap,14,0.93765,0.7225879,0.6775345444349999
13828.043191984762,gap,14,0.93765,0.7225879,0.6775345444349999
13832.105967972893,gap,14,0.91979,0.7225879,0.664629124541
13836.16552199237,gap,14,0.93765,0.7223192,0.67728259788
13840.247463958804,gap,14,0.9465799,0.7223192,0.6837328361040801
13844.326276972424,gap,14,0.9287199,0.7225879,0.67108176222921
13848.410681996029,gap,14,0.9287199,0.7225879,0.67108176222921
13855.704630957916,gap,14,1.11625,0.8184852,0.9136341045
13862.712711968925,gap,14,0.9465799,0.7223192,0.6837328361040801
13866.77180195693,gap,14,0.9465799,0.7225879,0.68398718212321
13870.833207969554,gap,14,0.9465799,0.7225879,0.68398718212321
13874.899260990787,gap,14,0.9287199,0.7223192,0.67083221519208
13878.972332982812,gap,14,0.9287199,0.7223192,0.67083221519208
13883.068478957284,gap,14,0.93765,0.7225879,0.6775345444349999
13887.125365959946,gap,14,0.95551,0.7223192,0.6901832187920001
13891.265974962153,gap,14,0.9465799,0.7223192,0.6837328361040801
13895.444526977371,gap,14,0.9465799,0.7225879,0.68398718212321
13903.013694973197,gap,14,1.11625,0.8184852,0.9136341045
13907.204302959144,gap,14,1.09839,0.8184852,0.899015958828
13914.301123993937,gap,14,0.93765,0.7223192,0.67728259788
13918.382176954765,gap,14,0.9465799,0.7228564,0.68424133882636
13925.68508896511,gap,14,1.10732,0.8182165,0.9060274947800001
13932.77053895872,gap,14,0.9465799,0.7225879,0.68398718212321
13936.863092996646,gap,14,0.91979,0.7225879,0.664629124541
13940.945330949035,gap,14,0.9287199,0.7223192,0.67083221519208
13945.012199983466,gap,14,1.13411,0.7225879,0.8194941632689999
13951.244028983638,gap,14,1.10732,0.8182165,0.9060274947800001
13955.955149955116,gap,14,1.09839,0.8187538,0.8993109863819999
13962.968193984125,gap,14,0.9287199,0.7225879,0.67108176222921
13970.755359972827,gap,14,1.08946,0.8182165,0.8914141480900001
13974.923226982355,gap,14,1.08053,0.8187538,0.884688043514
13981.929789995775,gap,14,0.93765,0.7225879,0.6775345444349999
13986.001768964343,gap,14,0.93765,0.7225879,0.6775345444349999
13990.090248989873,gap,14,0.9287199,0.7225879,0.67108176222921
13994.160690985154,gap,14,0.9287199,0.7225879,0.67108176222921
13998.257373983506,gap,14,0.93765,0.7225879,0.6775345444349999
14005.613784946036,gap,14,1.09839,0.8187538,0.8993109863819999
14009.747355943546,gap,14,1.09839,0.8179479,0.898425793881
14016.770584974438,gap,14,0.9465799,0.7225879,0.68398718212321
14020.866471983027,gap,14,0.91979,0.7223192,0.664381976968
14024.943617987446,gap,14,0.9465799,0.7225879,0.68398718212321
14032.313453964889,gap,14,1.09839,0.8184852,0.899015958828
14039.397682994604,gap,14,0.9287199,0.7225879,0.67108176222921
14043.47673599841,gap,14,0.9465799,0.7228564,0.68424133882636
14047.557844955008,gap,14,0.9287199,0.7228564,0.67133112352236
14051.633861963637,gap,14,0.96444,0.7223192,0.696633529248
14058.916994952597,gap,14,1.09839,0.8184852,0.899015958828
14063.04362299852,gap,14,1.11625,0.8187538,0.9139339292499999
14067.214285954833,gap,14,1.11625,0.8184852,0.9136341045
14074.463660945185,gap,14,0.9287199,0.7228564,0.67133112352236
14078.563695948105,gap,14,0.9287199,0.7223192,0.67083221519208
14082.631285942625,gap,14,0.9287199,0.7223192,0.67083221519208
14086.715598998126,gap,14,0.93765,0.7225879,0.6775345444349999
14093.040408974048,gap,14,1.12518,0.8184852,0.9209431773360001
14097.7374749491,gap,14,1.09839,0.8184852,0.899015958828
14101.893545943312,gap,14,1.09839,0.8187538,0.8993109863819999
14106.046357948799,gap,14,1.09839,0.8187538,0.8993109863819999
14110.194836976007,gap,14,1.10732,0.8182165,0.9060274947800001
14114.373296964914,gap,14,1.09839,0.8187538,0.8993109863819999
14121.453246974852,gap,14,0.9287199,0.7228564,0.67133112352236
14125.533411977813,gap,14,0.9108599,0.7225879,0.6581763423352099
14129.587927949615,gap,14,0.9287199,0.7225879,0.67108176222921
14133.665610977914,gap,14,0.9287199,0.7223192,0.67083221519208
14137.746534950566,gap,14,0.9287199,0.7225879,0.67108176222921
14141.810662986245,gap,14,0.9287199,0.7223192,0.67083221519208
14149.109814956319,gap,14,1.11625,0.8184852,0.9136341045
14155.233348952606,gap,14,0.9287199,0.7223192,0.67083221519208
14159.75647198502,gap,14,0.9287199,0.7228564,0.67133112352236
14163.81811798783,gap,14,0.9108599,0.7225879,0.6581763423352099
14167.903245950583,gap,14,0.93765,0.7225879,0.6775345444349999
14171.965910994913,gap,14,0.91979,0.7223192,0.664381976968
14176.037056953646,gap,14,0.9108599,0.7225879,0.6581763423352099
14183.342208969407,gap,14,1.08946,0.8182165,0.8914141480900001
14190.466362982988,gap,14,0.90193,0.7225879,0.6517237046469999
14194.55317495158,gap,14,0.91979,0.7220506,0.664134921374
14198.641265975311,gap,14,0.9108599,0.7223192,0.65793159428008
14202.707448974252,gap,14,0.9287199,0.7223192,0.67083221519208
14206.75733598182,gap,14,0.91979,0.7225879,0.664629124541
14210.827018949203,gap,14,0.91979,0.7223192,0.664381976968
14214.897090976592,gap,14,0.93765,0.7223192,0.67728259788
14218.977773969527,gap,14,0.9287199,0.7223192,0.67083221519208
14223.089475999586,gap,14,0.91979,0.7225879,0.664629124541
14235.472856962588,bench:5dc44c2e3196e20e,15,0.9465799,0.7225879,0.68398718212321
14241.784777957946,bench:5dc44c2e3196e20e,15,5.48302,0.9294252,5.096056960104
14251.534035953227,bench:5dc44c2e3196e20e,15,2.51826,0.9294252,2.340534304152
14259.533477947116,bench:5dc44c2e3196e20e,15,2.86653,0.928888,2.6626853186400004
14267.530196986627,bench:5dc44c2e3196e20e,15,2.75937,0.9286194,2.562404513778
14275.52249096334,bench:5dc44c2e3196e20e,15,4.05422,0.9299625,3.77027256675
14279.673783981707,bench:5dc44c2e3196e20e,15,5.45623,0.9299625,5.0740892913749995
14287.423598987516,bench:5dc44c2e3196e20e,15,4.07208,0.9286194,3.7814124863519996
14291.503837972414,bench:5dc44c2e3196e20e,15,2.86653,0.9286194,2.661915368682
14295.570835995022,bench:5dc44c2e3196e20e,15,4.39356,0.9294252,4.083485381711999
14299.616703996435,bench:5dc44c2e3196e20e,15,4.08101,0.9291566,3.791897376166
14303.663868980948,bench:5dc44c2e3196e20e,15,4.08101,0.9286194,3.789705057594
14307.66681197565,bench:5dc44c2e3196e20e,15,2.92011,0.928888,2.71245513768
14311.724365979899,bench:5dc44c2e3196e20e,15,4.08994,0.9283507,3.796898661958
14315.783511963673,bench:5dc44c2e3196e20e,15,2.57184,0.9291566,2.389642110144
14319.883472984657,bench:5dc44c2e3196e20e,15,3.98278,0.9286194,3.6984867739319998
14326.571241952479,bench:5dc44c2e3196e20e,15,2.78616,0.9286194,2.587282227504
14330.6454619742,bench:5dc44c2e3196e20e,15,3.84883,0.9291566,3.576165796778
14334.719292994123,bench:5dc44c2e3196e20e,15,3.97385,0.928888,3.6912615788000003
14338.769772963133,bench:5dc44c2e3196e20e,15,3.97385,0.9286194,3.69019420269
14342.853473965079,bench:5dc44c2e3196e20e,15,3.99171,0.9291566,3.708923691786
14346.930953965057,bench:5dc44c2e3196e20e,15,3.97385,0.928888,3.6912615788000003
14350.996488996316,bench:5dc44c2e3196e20e,15,3.99171,0.928888,3.70785151848
14355.06741295103,bench:5dc44c2e3196e20e,15,3.99171,0.928888,3.70785151848
14359.120429959148,bench:5dc44c2e3196e20e,15,4.00064,0.928888,3.71614648832
14363.20037196856,bench:5dc44c2e3196e20e,15,3.99171,0.9283507,3.705706772697
14367.292609997094,bench:5dc44c2e3196e20e,15,3.98278,0.9286194,3.6984867739319998
14371.693178953137,bench:5dc44c2e3196e20e,15,3.97385,0.9286194,3.69019420269
14379.532251972705,bench:5dc44c2e3196e20e,15,4.02743,0.928888,3.74103139784
14383.667823974974,bench:5dc44c2e3196e20e,15,5.36693,0.9291566,4.986718431238
14394.22401896445,bench:5dc44c2e3196e20e,15,5.491949,0.9291566,5.1028806602134
14403.192728990689,bench:5dc44c2e3196e20e,15,5.509809,0.9294252,5.120955331786799
14407.553816970903,bench:5dc44c2e3196e20e,15,5.46516,0.9299625,5.0823938565
14411.624184984248,bench:5dc44c2e3196e20e,15,5.509809,0.928888,5.117995462392
14415.654627955519,bench:5dc44c2e3196e20e,15,5.59018,0.9369466,5.237700144388
14419.731180998497,bench:5dc44c2e3196e20e,15,5.51874,0.9299625,5.13222124725
14427.18692397466,bench:5dc44c2e3196e20e,15,5.48302,0.9286194,5.091638742588
14431.561493955087,bench:5dc44c2e3196e20e,15,5.509809,0.928888,5.117995462392
14439.113309956156,bench:5dc44c2e3196e20e,15,5.60804,0.9326486,5.230330654744
14443.494193954393,bench:5dc44c2e3196e20e,15,5.52767,0.9280821,5.1301315817069995
14447.87874398753,bench:5dc44c2e3196e20e,15,5.42051,0.928888,5.035046692880001
14451.8900209805,bench:5dc44c2e3196e20e,15,5.50088,0.9299625,5.115612117
14455.946425965521,bench:5dc44c2e3196e20e,15,5.50088,0.9291566,5.111178957808001
14459.993905969895,bench:5dc44c2e3196e20e,15,5.491949,0.9294252,5.1043557977148
14464.037737983745,bench:5dc44c2e3196e20e,15,5.50088,0.928888,5.1097014214400005
14471.524887951091,bench:5dc44c2e3196e20e,15,3.92027,0.928888,3.64149175976
14478.967815986834,bench:5dc44c2e3196e20e,15,5.59018,0.9294252,5.195654164536
14483.073498995509,bench:5dc44c2e3196e20e,15,2.61649,0.9286194,2.429723373906
14487.153052992653,bench:5dc44c2e3196e20e,15,3.27731,0.9291566,3.045134216746
14491.195957991295,bench:5dc44c2e3196e20e,15,4.13459,0.9304997,3.8472347546230004
14495.269511942752,bench:5dc44c2e3196e20e,15,4.15245,0.9286194,3.85604562753
14499.32700995123,bench:5dc44c2e3196e20e,15,4.12566,0.928888,3.83227606608
14503.336508991197,bench:5dc44c2e3196e20e,15,2.60756,0.9294252,2.4235319745119996
14507.37859896617,bench:5dc44c2e3196e20e,15,4.11673,0.9286194,3.8228753425619995
14511.448763951194,bench:5dc44c2e3196e20e,15,4.15245,0.9294252,3.8593916717399996
14515.367466956377,bench:5dc44c2e3196e20e,15,3.22373,0.928888,2.9944841122400003
14523.443037993275,bench:5dc44c2e3196e20e,15,5.509809,0.9280821,5.1135551073189
14527.91167999385,bench:5dc44c2e3196e20e,15,5.60804,0.9304997,5.218279537588
14535.431607975625,bench:5dc44c2e3196e20e,15,5.54553,0.9280821,5.146707128013
14543.418271990959,bench:5dc44c2e3196e20e,15,5.59018,0.9291566,5.194152642188
14547.867451969068,bench:5dc44c2e3196e20e,15,5.5366,0.9275449,5.13544509334
14555.472137988545,bench:5dc44c2e3196e20e,15,5.43837,0.9294252,5.054558124923999
14559.630967967678,bench:5dc44c2e3196e20e,15,5.25084,0.9202922,4.832307095448
14567.456189950462,bench:5dc44c2e3196e20e,15,5.54553,0.9294252,5.154155329356
14571.814184950199,bench:5dc44c2e3196e20e,15,5.51874,0.9291566,5.1277736946840005
14575.881571974605,bench:5dc44c2e3196e20e,15,5.52767,0.9304997,5.143495276699
14583.473498991225,bench:5dc44c2e3196e20e,15,5.20619,0.9186804,4.782824711676
14594.924369943328,bench:5dc44c2e3196e20e,15,5.52767,0.9299625,5.1405258123749995
14599.081404972821,bench:5dc44c2e3196e20e,15,4.13459,0.9326486,3.8561195750740005
14603.142550971825,bench:5dc44c2e3196e20e,15,4.16138,0.9280821,3.8621022892980004
14607.193548989017,bench:5dc44c2e3196e20e,15,4.17031,0.9283507,3.871510207717
14611.202010943089,bench:5dc44c2e3196e20e,15,4.17031,0.9286194,3.8726307700139997
14615.23460096214,bench:5dc44c2e3196e20e,15,4.11673,0.9291566,3.8250868499179997
14619.281154999044,bench:5dc44c2e3196e20e,15,4.12566,0.928888,3.83227606608
14623.336560965981,bench:5dc44c2e3196e20e,15,4.11673,0.928888,3.82398109624
14627.39222595701,bench:5dc44c2e3196e20e,15,4.13459,0.928888,3.8405710359200005
14631.440500961617,bench:5dc44c2e3196e20e,15,4.14352,0.9286194,3.8477530562879996
14635.493036999833,bench:5dc44c2e3196e20e,15,4.13459,0.9291566,3.8416815867940004
14639.50912799919,bench:5dc44c2e3196e20e,15,4.13459,0.928888,3.8405710359200005
14643.511496949941,bench:5dc44c2e3196e20e,15,4.17031,0.9294252,3.8759912058119994
14647.536365955602,bench:5dc44c2e3196e20e,15,4.12566,0.9291566,3.833384218356
14651.603177946527,bench:5dc44c2e3196e20e,15,4.12566,0.928888,3.83227606608
14655.670046980958,bench:5dc44c2e3196e20e,15,4.11673,0.9291566,3.8250868499179997
14659.734785964247,bench:5dc44c2e3196e20e,15,4.1078,0.928888,3.8156861264
14663.756116991863,bench:5dc44c2e3196e20e,15,4.11673,0.9283507,3.8217691772109994
14667.7886339603,bench:5dc44c2e3196e20e,15,4.1078,0.9291566,3.8167894814800003
14671.842150972225,bench:5dc44c2e3196e20e,15,4.13459,0.9286194,3.839460485046
14675.904240983073,bench:5dc44c2e3196e20e,15,4.12566,0.9294252,3.8344923706319998
14679.884887998924,bench:5dc44c2e3196e20e,15,4.11673,0.9286194,3.8228753425619995
14684.029088995885,bench:5dc44c2e3196e20e,15,4.1078,0.9280821,3.8123756503800004
14688.002180948388,bench:5dc44c2e3196e20e,15,4.13459,0.928888,3.8405710359200005
14692.079752974678,bench:5dc44c2e3196e20e,15,4.12566,0.9304997,3.838925392302
14696.181601961143,bench:5dc44c2e3196e20e,15,4.13459,0.9294252,3.842792137668
14700.319784984458,bench:5dc44c2e3196e20e,15,4.09887,0.9291566,3.808492113042
14704.388652986381,bench:5dc44c2e3196e20e,15,4.11673,0.928888,3.82398109624
14708.436688990332,bench:5dc44c2e3196e20e,15,4.11673,0.928888,3.82398109624
14712.550852971617,bench:5dc44c2e3196e20e,15,4.13459,0.9291566,3.8416815867940004
14716.600109997671,bench:5dc44c2e3196e20e,15,4.13459,0.9286194,3.839460485046
14720.586812996771,bench:5dc44c2e3196e20e,15,4.12566,0.9286194,3.831167913804
14724.727976950817,bench:5dc44c2e3196e20e,15,4.11673,0.928888,3.82398109624
14728.758530982304,bench:5dc44c2e3196e20e,15,4.11673,0.9283507,3.8217691772109994
14732.823102967814,bench:5dc44c2e3196e20e,15,4.13459,0.9283507,3.8383495207130003
14736.893952998798,bench:5dc44c2e3196e20e,15,4.13459,0.9280821,3.8372389698390004
14740.903580968734,bench:5dc44c2e3196e20e,15,4.11673,0.928888,3.82398109624
14745.05379999755,bench:5dc44c2e3196e20e,15,4.13459,0.9294252,3.842792137668
14749.042946961708,bench:5dc44c2e3196e20e,15,4.56323,0.928888,4.23872958824
14753.126055991743,bench:5dc44c2e3196e20e,15,4.1078,0.9283507,3.81347900546
14757.244034961332,bench:5dc44c2e3196e20e,15,4.12566,0.928888,3.83227606608
14761.322828999255,bench:5dc44c2e3196e20e,15,4.1078,0.9302311,3.8212033125800002
14765.401548997033,bench:5dc44c2e3196e20e,15,4.14352,0.9286194,3.8477530562879996
14769.456769980025,bench:5dc44c2e3196e20e,15,4.12566,0.9286194,3.831167913804
14773.548970988486,bench:5dc44c2e3196e20e,15,4.1078,0.928888,3.8156861264
14777.591672958806,bench:5dc44c2e3196e20e,15,4.13459,0.9291566,3.8416815867940004
14781.68391197687,bench:5dc44c2e3196e20e,15,4.12566,0.9280821,3.828951196686
14785.648058983497,bench:5dc44c2e3196e20e,15,4.11673,0.9278135,3.8195576698549996
14789.744481968228,bench:5dc44c2e3196e20e,15,4.12566,0.928888,3.83227606608
14793.820294959005,bench:5dc44c2e3196e20e,15,4.14352,0.9283507,3.8466396924639996
14797.820774954744,bench:5dc44c2e3196e20e,15,4.12566,0.9283507,3.8300593489619996
14801.886883971747,bench:5dc44c2e3196e20e,15,4.12566,0.9283507,3.8300593489619996
14805.918382946402,bench:5dc44c2e3196e20e,15,4.14352,0.9304997,3.855544116944
14809.98219596222,bench:5dc44c2e3196e20e,15,4.11673,0.9280821,3.8206634235329995
14814.065137994476,bench:5dc44c2e3196e20e,15,4.13459,0.9294252,3.842792137668
14818.111043947283,bench:5dc44c2e3196e20e,15,4.14352,0.9280821,3.845526742992
14831.46010094788,bench:5dc44c2e3196e20e,15,5.509809,0.928888,5.117995462392
14835.850281000603,bench:5dc44c2e3196e20e,15,5.50088,0.9286194,5.108223885072
14839.921870967373,bench:5dc44c2e3196e20e,15,5.51874,0.928888,5.126291361120001
14843.946443987079,bench:5dc44c2e3196e20e,15,5.509809,0.9291566,5.1194753970894
14847.950052993838,bench:5dc44c2e3196e20e,15,5.45623,0.928888,5.06822657224
14852.028384979349,bench:5dc44c2e3196e20e,15,5.57232,0.9291566,5.177557905312001
14856.397786992602,bench:5dc44c2e3196e20e,15,5.50088,0.9291566,5.111178957808001
14860.441729950253,bench:5dc44c2e3196e20e,15,5.52767,0.9291566,5.1360710631219995
14864.479375944939,bench:5dc44c2e3196e20e,15,5.509809,0.928888,5.117995462392
14871.18138599908,bench:5dc44c2e3196e20e,15,5.52767,0.9294252,5.137555795283999
14875.539047992788,bench:5dc44c2e3196e20e,15,5.59018,0.9291566,5.194152642188
14879.870487959124,bench:5dc44c2e3196e20e,15,5.51874,0.9294252,5.129256028248
14883.912133984268,bench:5dc44c2e3196e20e,15,5.509809,0.9291566,5.1194753970894
14887.967650953215,bench:5dc44c2e3196e20e,15,5.55446,0.9294252,5.162455096392
14891.973112942651,bench:5dc44c2e3196e20e,15,5.59018,0.9280821,5.188145993778
14896.004037000239,bench:5dc44c2e3196e20e,15,5.54553,0.928888,5.151176270640001
14900.04662796855,bench:5dc44c2e3196e20e,15,5.55446,0.928888,5.15947124048
14907.20248495927,bench:5dc44c2e3196e20e,15,5.491949,0.9291566,5.1028806602134
14911.582071974408,bench:5dc44c2e3196e20e,15,5.55446,0.928888,5.15947124048
14915.67999596009,bench:5dc44c2e3196e20e,15,5.509809,0.9294252,5.120955331786799
14920.090323954355,bench:5dc44c2e3196e20e,15,5.56339,0.9294252,5.170754863428
14927.19447799027,bench:5dc44c2e3196e20e,15,5.5366,0.9294252,5.1458555623199995
14931.525825988501,bench:5dc44c2e3196e20e,15,5.6259,0.9291566,5.22734211594
14935.888431966305,bench:5dc44c2e3196e20e,15,5.55446,0.9294252,5.162455096392
14943.191546946764,bench:5dc44c2e3196e20e,15,5.45623,0.928888,5.06822657224
14951.208062993828,bench:5dc44c2e3196e20e,15,5.55446,0.9299625,5.1654395077499995
14959.239281946793,bench:5dc44c2e3196e20e,15,5.491949,0.9294252,5.1043557977148
14967.436758975964,bench:5dc44c2e3196e20e,15,5.45623,0.9291566,5.0696921156179995
14971.785105997697,bench:5dc44c2e3196e20e,15,5.5366,0.9280821,5.13841935486
14975.836918980349,bench:5dc44c2e3196e20e,15,5.52767,0.928888,5.1345863309599995
14979.855935962405,bench:5dc44c2e3196e20e,15,5.54553,0.9291566,5.152665799998
14983.861785964109,bench:5dc44c2e3196e20e,15,5.50088,0.9294252,5.112656494176
14987.899543950334,bench:5dc44c2e3196e20e,15,5.65269,0.928888,5.25071590872
14991.916171973571,bench:5dc44c2e3196e20e,15,5.491949,0.9291566,5.1028806602134
14996.03863194352,bench:5dc44c2e3196e20e,15,5.55446,0.9280821,5.154994901166
15000.089407956693,bench:5dc44c2e3196e20e,15,5.491949,0.9286194,5.0999303852106
15004.120609955862,bench:5dc44c2e3196e20e,15,5.509809,0.9296938,5.1224352664841994
15008.152052992955,bench:5dc44c2e3196e20e,15,5.509809,0.9294252,5.120955331786799
15015.23613295285,bench:5dc44c2e3196e20e,15,5.509809,0.928888,5.117995462392
15023.224833945278,bench:5dc44c2e3196e20e,15,5.5366,0.9286194,5.14139417004
15031.201368954498,bench:5dc44c2e3196e20e,15,5.509809,0.9291566,5.1194753970894
15035.578290000558,bench:5dc44c2e3196e20e,15,5.4473,0.9294252,5.06285789196
15047.474823950324,bench:5dc44c2e3196e20e,15,5.50088,0.9291566,5.111178957808001
15055.205065000337,bench:5dc44c2e3196e20e,15,4.13459,0.9291566,3.8416815867940004
15059.55870798789,bench:5dc44c2e3196e20e,15,5.60804,0.9326486,5.230330654744
15067.515520961024,bench:5dc44c2e3196e20e,15,5.474089,0.9286194,5.0833452427266
15075.180076994002,bench:5dc44c2e3196e20e,15,5.5366,0.9283507,5.13990648562
15079.541571962181,bench:5dc44c2e3196e20e,15,5.50088,0.9291566,5.111178957808001
15087.411606975365,bench:5dc44c2e3196e20e,15,5.509809,0.9286194,5.1165155276946
15095.410993963014,bench:5dc44c2e3196e20e,15,5.54553,0.9296938,5.155644858714
15103.417823964264,bench:5dc44c2e3196e20e,15,5.50088,0.9291566,5.111178957808001
15111.408987955656,bench:5dc44c2e3196e20e,15,5.509809,0.9291566,5.1194753970894
15115.768242976628,bench:5dc44c2e3196e20e,15,5.50088,0.9286194,5.108223885072
15119.873813993763,bench:5dc44c2e3196e20e,15,5.58125,0.9296938,5.1888535212499995
15127.453648950905,bench:5dc44c2e3196e20e,15,5.65269,0.9280821,5.246160405849
15135.436590993777,bench:5dc44c2e3196e20e,15,5.50088,0.9294252,5.112656494176
15143.445476947818,bench:5dc44c2e3196e20e,15,5.509809,0.9291566,5.1194753970894
15151.474899961613,bench:5dc44c2e3196e20e,15,5.50088,0.9291566,5.111178957808001
15159.423804958351,bench:5dc44c2e3196e20e,15,5.58125,0.9280821,5.179858220625
15167.413376970217,bench:5dc44c2e3196e20e,15,5.52767,0.9294252,5.137555795283999
15175.426132977009,bench:5dc44c2e3196e20e,15,5.59018,0.9294252,5.195654164536
15184.028790972661,bench:5dc44c2e3196e20e,15,5.54553,0.928888,5.151176270640001
15188.876096974127,bench:5dc44c2e3196e20e,15,5.55446,0.9286194,5.157979312524
15207.720711943693,bench:5dc44c2e3196e20e,15,5.63483,0.928888,5.23412596904
15215.401434979867,bench:5dc44c2e3196e20e,15,5.50088,0.9294252,5.112656494176
15241.329907963518,gap,16,1.6967,0.928888,1.5760442696
15247.70719895605,gap,16,1.59847,0.9184118,1.468053709946
15251.606716949027,gap,16,1.63419,0.9186804,1.501298322876
15255.468901945278,gap,16,1.6074,0.9186804,1.47668687496
15262.44213199243,gap,16,0.9912299,0.7225879,0.71625073185821
15266.546387982089,gap,16,0.9822999,0.7225879,0.70979802191121
15270.652274950407,gap,16,1.00016,0.7223192,0.722434771072
15274.737624975387,gap,16,0.9912299,0.7228564,0.7165168770863599
15278.812307980843,gap,16,0.9912299,0.7228564,0.7165168770863599
15282.893323979806,gap,16,0.96444,0.7225879,0.6968926742759999
15286.974840972107,gap,16,0.96444,0.7225879,0.6968926742759999
15291.122892987914,gap,16,0.9733699,0.7225879,0.7033453119642099
15295.242186984979,gap,16,0.9822999,0.7223192,0.7095340779280801
15299.362610967364,gap,16,0.96444,0.7225879,0.6968926742759999
15303.474533953704,gap,16,0.9822999,0.723125,0.7103256151875
15307.59079096606,gap,16,0.9733699,0.7225879,0.7033453119642099
15314.951053995173,gap,16,1.13411,0.8184852,0.928252250172
15319.170901959296,gap,16,1.08946,0.8184852,0.8917068859920001
15324.91108798422,gap,16,1.09839,0.8187538,0.8993109863819999
15331.063713994808,gap,16,1.37522,0.9286194,1.277055971268
15335.331061971374,gap,16,1.37522,0.9283507,1.276686449654
15339.52113299165,gap,16,1.37522,0.9286194,1.277055971268
15343.70033297455,gap,16,1.38415,0.9283507,1.284976621405
15347.878737957217,gap,16,1.36629,0.9286194,1.268763400026
15354.621709964704,gap,16,1.34843,0.9286194,1.252178257542
15358.732707973104,gap,16,1.34843,0.9280821,1.251453746103
15362.873685953673,gap,16,1.34843,0.9286194,1.252178257542
15366.992461960763,gap,16,1.3395,0.928888,1.244245476
15371.110236970708,gap,16,1.3395,0.928888,1.244245476
15375.215863983613,gap,16,1.3395,0.9280821,1.24316597295
15379.424045968335,gap,16,1.3395,0.9286194,1.2438856862999998
15383.621264947578,gap,16,1.3395,0.9280821,1.24316597295
15390.656715957448,gap,16,1.35736,0.9286194,1.2604708287839999
15394.905896973796,gap,16,1.35736,0.928888,1.26083541568
15403.187447984237,gap,16,1.14304,0.8187538,0.935868343552
15410.255953960586,gap,16,0.9733699,0.7228564,0.70360666178236
15414.362432959024,gap,16,0.9733699,0.7228564,0.70360666178236
15421.765491948463,gap,16,1.13411,0.8182165,0.9279475148149999
15427.782951970585,gap,16,0.95551,0.7228564,0.690696518764
15432.30833497364,gap,16,0.96444,0.7228564,0.6971516264159999
15436.423054954503,gap,16,0.96444,0.7223192,0.696633529248
15440.506718994584,gap,16,0.93765,0.7223192,0.67728259788
15447.808796947356,gap,16,1.13411,0.8184852,0.928252250172
15454.876173986122,gap,16,0.9465799,0.7225879,0.68398718212321
15458.978078968357,gap,16,0.9465799,0.7225879,0.68398718212321
15463.076816988178,gap,16,0.96444,0.7228564,0.6971516264159999
15467.152833996806,gap,16,0.9733699,0.7223192,0.70308376747208
15471.276201948058,gap,16,0.9465799,0.7220506,0.68347858474294
15475.374624948017,gap,16,0.95551,0.7223192,0.6901832187920001
15479.474992956966,gap,16,0.96444,0.7223192,0.696633529248
15483.548453950789,gap,16,0.95551,0.7223192,0.6901832187920001
15490.843829000369,gap,16,1.12518,0.8184852,0.9209431773360001
15494.967529957648,gap,16,1.13411,0.8187538,0.928556872118
15502.00081395451,gap,16,0.9465799,0.7228564,0.68424133882636
15506.06147898361,gap,16,0.9733699,0.7223192,0.70308376747208
15510.134828975424,gap,16,0.9733699,0.7225879,0.7033453119642099
15514.213603979442,gap,16,0.9465799,0.7223192,0.6837328361040801
15518.287972954568,gap,16,0.95551,0.7228564,0.690696518764
15522.353192965966,gap,16,0.95551,0.7223192,0.6901832187920001
15526.439690962434,gap,16,0.95551,0.7225879,0.6904399643289999
15530.52020695759,gap,16,0.95551,0.7220506,0.689926568806
15534.591186966281,gap,16,0.95551,0.7225879,0.6904399643289999
15538.659758982249,gap,16,0.9465799,0.7220506,0.68347858474294
15542.727959982585,gap,16,0.96444,0.7223192,0.696633529248
15546.81830998743,gap,16,0.95551,0.7225879,0.6904399643289999
15550.933918973897,gap,16,0.96444,0.7223192,0.696633529248
15558.285940962378,gap,16,1.11625,0.8184852,0.9136341045
15562.419048976153,gap,16,1.11625,0.8182165,0.913334168125
15569.505351944827,gap,16,0.9465799,0.7220506,0.68347858474294
15573.575145972427,gap,16,0.9465799,0.7223192,0.6837328361040801
15577.637939946726,gap,16,0.9465799,0.7228564,0.68424133882636
15581.707215984352,gap,16,0.95551,0.7223192,0.6901832187920001
15585.786213981919,gap,16,0.95551,0.7225879,0.6904399643289999
15592.087504977826,gap,16,1.10732,0.8187538,0.906622457816
15596.798848942854,gap,16,1.13411,0.8187538,0.928556872118
15603.824781952426,gap,16,0.9465799,0.7225879,0.68398718212321
15607.902353978716,gap,16,0.9465799,0.7228564,0.68424133882636
15611.964591953438,gap,16,0.9465799,0.7225879,0.68398718212321
15616.020702000242,gap,16,0.9465799,0.7225879,0.68398718212321
15620.091791963205,gap,16,0.95551,0.7225879,0.6904399643289999
15624.165900982916,gap,16,0.95551,0.7225879,0.6904399643289999
15628.252194961533,gap,16,0.93765,0.7223192,0.67728259788
15632.337303948589,gap,16,0.96444,0.7223192,0.696633529248
15636.439931986388,gap,16,0.9287199,0.7223192,0.67083221519208
15643.799897981808,gap,16,1.11625,0.8187538,0.9139339292499999
15647.95289497124,gap,16,1.12518,0.8187538,0.9212454006840001
15654.964679968543,gap,16,0.95551,0.7225879,0.6904399643289999
15659.050065965857,gap,16,0.9465799,0.7223192,0.6837328361040801
15663.147285988089,gap,16,0.93765,0.7223192,0.67728259788
15667.226524965372,gap,16,0.9465799,0.7225879,0.68398718212321
15671.286152966786,gap,16,0.95551,0.7223192,0.6901832187920001
15675.38661294384,gap,16,0.9465799,0.7223192,0.6837328361040801
15679.475481971167,gap,16,0.93765,0.7228564,0.6777863034599999
15683.534312993288,gap,16,0.93765,0.7225879,0.6775345444349999
15687.603440950625,gap,16,0.9733699,0.7225879,0.7033453119642099
15691.681326949038,gap,16,0.9465799,0.7223192,0.6837328361040801
15695.759491994977,gap,16,0.93765,0.7223192,0.67728259788
15699.812804989051,gap,16,0.9465799,0.7223192,0.6837328361040801
15703.88315495802,gap,16,0.93765,0.7225879,0.6775345444349999
15707.94383797329,gap,16,0.93765,0.7223192,0.67728259788
15712.029964954127,gap,16,0.9465799,0.7223192,0.6837328361040801
15719.40659795655,gap,16,1.11625,0.8184852,0.9136341045
15723.529539944138,gap,16,1.11625,0.8184852,0.9136341045
15730.621971946675,gap,16,0.95551,0.7220506,0.689926568806
15735.182687989436,gap,16,0.9465799,0.7225879,0.68398718212321
15753.520159982145,gap,16,1.16983,0.8329906,0.974457393598
15761.936911963858,gap,16,3.23266,0.8190223,2.647620628318
15769.949743000325,gap,16,0.93765,0.7225879,0.6775345444349999
15787.231595953926,gap,16,1.21448,0.8485706,1.030572022288
15792.848818993662,gap,16,1.23234,0.8485706,1.045727493204
15796.861410955898,gap,16,1.23234,0.8483019,1.045396363446
15800.899260968436,gap,16,1.24127,0.8485706,1.053305228662
15807.919081998989,gap,16,0.9465799,0.7225879,0.68398718212321
15812.002672988456,gap,16,0.93765,0.7225879,0.6775345444349999
15816.081892990042,gap,16,0.93765,0.7225879,0.6775345444349999
15820.181371993385,gap,16,0.9465799,0.7225879,0.68398718212321
15828.253627987579,gap,16,0.9465799,0.7225879,0.68398718212321
15832.329921948258,gap,16,0.93765,0.7225879,0.6775345444349999
15836.40651294263,gap,16,0.91979,0.7225879,0.664629124541
15840.485195978545,gap,16,0.9465799,0.7223192,0.6837328361040801
15844.558600976598,gap,16,0.9465799,0.7223192,0.6837328361040801
15848.633968969807,gap,16,0.9108599,0.7225879,0.6581763423352099
15852.706485951785,gap,16,0.95551,0.7223192,0.6901832187920001
15859.990600962192,gap,16,1.11625,0.8184852,0.9136341045
15867.007718945388,gap,16,0.9465799,0.7223192,0.6837328361040801
15871.114142995793,gap,16,0.9465799,0.7225879,0.68398718212321
15875.19136298215,gap,16,0.93765,0.7228564,0.6777863034599999
15879.276767955162,gap,16,0.9465799,0.7225879,0.68398718212321
15883.38485796703,gap,16,0.9465799,0.7228564,0.68424133882636
15887.49267096864,gap,16,0.95551,0.7228564,0.690696518764
15894.783803960308,gap,16,1.11625,0.8184852,0.9136341045
15898.90689396998,gap,16,1.09839,0.8179479,0.898425793881
15903.021298989188,gap,16,1.09839,0.8182165,0.898720821435
15910.466986999381,gap,16,0.93765,0.7225879,0.6775345444349999
15914.55889196368,gap,16,0.93765,0.7228564,0.6777863034599999
15918.626556987874,gap,16,0.9287199,0.7223192,0.67083221519208
15922.690943989437,gap,16,0.9465799,0.7228564,0.68424133882636
15926.755885942839,gap,16,0.9287199,0.7225879,0.67108176222921
15930.839105974883,gap,16,0.9287199,0.7223192,0.67083221519208
15934.89364197012,gap,16,0.9465799,0.7228564,0.68424133882636
15938.980213948525,gap,16,0.9287199,0.7225879,0.67108176222921
15943.070025998168,gap,16,0.93765,0.7223192,0.67728259788
15947.165838966612,gap,16,0.9287199,0.7225879,0.67108176222921
15951.228465943132,gap,16,0.9287199,0.7225879,0.67108176222921
15955.302241956815,gap,16,0.9465799,0.7223192,0.6837328361040801
15959.386887960136,gap,16,0.9465799,0.7223192,0.6837328361040801
15963.504681945778,gap,16,0.96444,0.7220506,0.696374480664
15969.693344959524,gap,16,1.10732,0.8184852,0.9063250316640001
15974.417298974004,gap,16,1.10732,0.8184852,0.9063250316640001
15981.507675955072,gap,16,0.9465799,0.7223192,0.6837328361040801
15985.578876978252,gap,16,0.95551,0.7223192,0.6901832187920001
15989.674522948917,gap,16,0.9287199,0.7225879,0.67108176222921
15993.762779980898,gap,16,0.9287199,0.7223192,0.67083221519208
15997.846370970365,gap,16,0.93765,0.7225879,0.6775345444349999
16001.918775960803,gap,16,0.9287199,0.7225879,0.67108176222921
16006.012625992298,gap,16,0.9108599,0.7223192,0.65793159428008
16010.110678966157,gap,16,0.95551,0.7225879,0.6904399643289999
16014.184658997692,gap,16,0.9287199,0.7225879,0.67108176222921
16018.255841976497,gap,16,0.9465799,0.7223192,0.6837328361040801
16022.331505955663,gap,16,0.9465799,0.7223192,0.6837328361040801
16026.410911988933,gap,16,0.91979,0.7225879,0.664629124541
16030.503501999192,gap,16,0.93765,0.7223192,0.67728259788
16034.605276945513,gap,16,0.91979,0.7225879,0.664629124541
16040.915494959336,gap,16,1.09839,0.8184852,0.899015958828
16045.617726980709,gap,16,1.11625,0.8184852,0.9136341045
16052.682140958495,gap,16,0.93765,0.7225879,0.6775345444349999
16056.799415964633,gap,16,0.9465799,0.7228564,0.68424133882636
16060.894857975654,gap,16,0.93765,0.7228564,0.6777863034599999
16067.126946989447,gap,16,1.10732,0.8184852,0.9063250316640001
16071.836882969365,gap,16,1.10732,0.8184852,0.9063250316640001
16078.857167973183,gap,16,0.9465799,0.7223192,0.6837328361040801
16082.933072990272,gap,16,0.93765,0.7225879,0.6775345444349999
16089.15454999078,gap,16,1.09839,0.8184852,0.899015958828
16096.322925994173,gap,16,0.9287199,0.7223192,0.67083221519208
16100.808586983476,gap,16,0.9287199,0.7225879,0.67108176222921
16104.910250985995,gap,16,0.93765,0.7220506,0.6770307450899999
16108.984840975609,gap,16,1.27699,0.7225879,0.9227375224209999
16113.094190950505,gap,16,0.9465799,0.7225879,0.68398718212321
16117.17374395812,gap,16,0.93765,0.7225879,0.6775345444349999
16121.244001958985,gap,16,0.9465799,0.7225879,0.68398718212321
16125.308962946292,gap,16,0.9108599,0.7225879,0.6581763423352099
16129.377089964692,gap,16,0.9287199,0.7225879,0.67108176222921
16133.454532944597,gap,16,0.9287199,0.7223192,0.67083221519208
16137.53890094813,gap,16,0.96444,0.7225879,0.6968926742759999
16141.590139945038,gap,16,0.9465799,0.7225879,0.68398718212321
16145.674007944763,gap,16,0.93765,0.7228564,0.6777863034599999
16149.75306094857,gap,16,0.9465799,0.7223192,0.6837328361040801
16153.824984969106,gap,16,0.9465799,0.7228564,0.68424133882636
16157.911408983637,gap,16,0.93765,0.7225879,0.6775345444349999
16164.205736946315,gap,16,1.09839,0.8184852,0.899015958828
16168.920117954258,gap,16,1.08946,0.8182165,0.8914141480900001
16175.93243997544,gap,16,0.9287199,0.7223192,0.67083221519208
16180.002233944833,gap,16,0.9287199,0.7225879,0.67108176222921
16184.107490989845,gap,16,0.9287199,0.7225879,0.67108176222921
16188.183617952745,gap,16,0.9287199,0.7225879,0.67108176222921
16192.267763952259,gap,16,0.93765,0.7225879,0.6775345444349999
16196.33792899549,gap,16,0.91979,0.7223192,0.664381976968
16200.402371992823,gap,16,0.93765,0.7228564,0.6777863034599999
16204.458017949946,gap,16,0.9465799,0.7228564,0.68424133882636
16208.537959959358,gap,16,0.9287199,0.7225879,0.67108176222921
16215.910000959411,gap,16,1.09839,0.8187538,0.8993109863819999
16220.077182981186,gap,16,1.11625,0.8184852,0.9136341045
16227.093707944732,gap,16,0.9287199,0.7228564,0.67133112352236
16234.74422696745,gap,16,1.11625,0.8187538,0.9139339292499999
16238.88244695263,gap,16,1.11625,0.8184852,0.9136341045
16245.898212946486,gap,16,0.9108599,0.7223192,0.65793159428008
16249.983821995556,gap,16,0.9465799,0.7225879,0.68398718212321
16254.053467942867,gap,16,0.9108599,0.7225879,0.6581763423352099
16258.129761961754,gap,16,0.95551,0.7225879,0.6904399643289999
16262.192852969747,gap,16,0.9287199,0.7228564,0.67133112352236
16266.280257957987,gap,16,0.9287199,0.7225879,0.67108176222921
16270.33886697609,gap,16,0.9287199,0.7223192,0.67083221519208
16274.38982797321,gap,16,0.93765,0.7225879,0.6775345444349999
16278.480918961577,gap,16,0.9287199,0.7223192,0.67083221519208
16282.534527999815,gap,16,0.93765,0.7228564,0.6777863034599999
16286.59669298213,gap,16,0.9287199,0.7225879,0.67108176222921
16299.413957982324,bench:890b0c604eb5ed51,17,0.9287199,0.7223192,0.67083221519208
16303.6431769724,bench:890b0c604eb5ed51,17,2.3218,0.8891322,2.06438714196
16310.94493996352,bench:890b0c604eb5ed51,17,5.46516,0.9294252,5.079457426032
16315.519470954314,bench:890b0c604eb5ed51,17,5.39372,0.9294252,5.013059289744
16319.604504969902,bench:890b0c604eb5ed51,17,3.55414,0.9286194,3.3004433543159997
16326.479587994982,bench:890b0c604eb5ed51,17,5.46516,0.9299625,5.0823938565
16331.373743945733,bench:890b0c604eb5ed51,17,5.358,0.928888,4.976981904
16339.464999968186,bench:890b0c604eb5ed51,17,5.34014,0.9286194,4.958957602716
16346.234730968717,bench:890b0c604eb5ed51,17,2.83081,0.9283507,2.627984445067
16351.533124980051,bench:890b0c604eb5ed51,17,5.32228,0.9291566,4.945231589048
16359.501714992803,bench:890b0c604eb5ed51,17,3.84883,0.928888,3.57513200104
16365.573786955792,bench:890b0c604eb5ed51,17,5.38479,0.9299625,5.007652770375
16369.7081169812,bench:890b0c604eb5ed51,17,3.94706,0.9294252,3.668497029912
16379.425782943144,bench:890b0c604eb5ed51,17,5.34907,0.9291566,4.970123694362
16390.265900990926,bench:890b0c604eb5ed51,17,5.474089,0.928888,5.084815583032
16394.389287976082,bench:890b0c604eb5ed51,17,5.46516,0.9294252,5.079457426032
16407.476976979524,bench:890b0c604eb5ed51,17,5.509809,0.9294252,5.120955331786799
16411.590955976862,bench:890b0c604eb5ed51,17,5.474089,0.9294252,5.0877562636428
16415.674083982594,bench:890b0c604eb5ed51,17,5.474089,0.9294252,5.0877562636428
16419.71026698593,bench:890b0c604eb5ed51,17,5.491949,0.9280821,5.0969795610129
16427.427211951,bench:890b0c604eb5ed51,17,5.48302,0.9294252,5.096056960104
16431.49641295895,bench:890b0c604eb5ed51,17,5.43837,0.9299625,5.057480161125
16439.40674496116,bench:890b0c604eb5ed51,17,5.474089,0.9294252,5.0877562636428
16443.88081296347,bench:890b0c604eb5ed51,17,5.50088,0.928888,5.1097014214400005
16451.4250739594,bench:890b0c604eb5ed51,17,5.474089,0.9294252,5.0877562636428
16455.93567896867,bench:890b0c604eb5ed51,17,5.19726,0.9194863,4.778809367538
16461.517291958444,bench:890b0c604eb5ed51,17,5.50088,0.9296938,5.114134030544
16467.610251973383,bench:890b0c604eb5ed51,17,5.46516,0.9291566,5.077989484056
16473.250678973272,bench:890b0c604eb5ed51,17,5.22405,0.9197549,4.804845585345
16477.620636986103,bench:890b0c604eb5ed51,17,5.143679,0.9197549,4.7309239642771
16484.09618594451,bench:890b0c604eb5ed51,17,5.474089,0.9304997,5.093638172273301
16491.40807898948,bench:890b0c604eb5ed51,17,5.48302,0.9291566,5.094584220932
16503.482888976578,bench:890b0c604eb5ed51,17,5.491949,0.9291566,5.1028806602134
16507.856494979933,bench:890b0c604eb5ed51,17,5.491949,0.9280821,5.0969795610129
16514.240748947486,bench:890b0c604eb5ed51,17,2.45575,0.9192177,2.2573688667750003
16518.35609797854,bench:890b0c604eb5ed51,17,2.87546,0.9194863,2.643946076198
16526.90725697903,bench:890b0c604eb5ed51,17,5.509809,0.9291566,5.1194753970894
16539.47233996587,bench:890b0c604eb5ed51,17,5.52767,0.9280821,5.1301315817069995
16543.574114970397,bench:890b0c604eb5ed51,17,5.48302,0.9291566,5.094584220932
16547.6193909999,bench:890b0c604eb5ed51,17,5.50088,0.9280821,5.105268262248001
16551.722870965023,bench:890b0c604eb5ed51,17,5.50088,0.9280821,5.105268262248001
16555.77405396616,bench:890b0c604eb5ed51,17,5.48302,0.9294252,5.096056960104
16567.40916497074,bench:890b0c604eb5ed51,17,5.48302,0.9275449,5.0857472375979995
16571.77275198046,bench:890b0c604eb5ed51,17,5.50088,0.9304997,5.118567189736001
16575.83450997481,bench:890b0c604eb5ed51,17,5.50088,0.928888,5.1097014214400005
16579.953321954235,bench:890b0c604eb5ed51,17,5.46516,0.9304997,5.085329740452
16583.976208989043,bench:890b0c604eb5ed51,17,5.48302,0.9294252,5.096056960104
16588.02994794678,bench:890b0c604eb5ed51,17,5.51874,0.9280821,5.121843808554
16592.096964945085,bench:890b0c604eb5ed51,17,5.46516,0.9291566,5.077989484056
16596.213943965267,bench:890b0c604eb5ed51,17,5.474089,0.9304997,5.093638172273301
16600.22173897596,bench:890b0c604eb5ed51,17,5.48302,0.928888,5.09311148176
16604.54764199676,bench:890b0c604eb5ed51,17,5.4473,0.9291566,5.0613947471800005
16608.644731983077,bench:890b0c604eb5ed51,17,5.48302,0.9294252,5.096056960104
16612.682859995402,bench:890b0c604eb5ed51,17,5.52767,0.9291566,5.1360710631219995
16616.75528396154,bench:890b0c604eb5ed51,17,5.51874,0.9286194,5.124809027556
16623.502199945506,bench:890b0c604eb5ed51,17,5.42944,0.9286194,5.041883315135999
16627.56419798825,bench:890b0c604eb5ed51,17,5.509809,0.9291566,5.1194753970894
16631.603566987906,bench:890b0c604eb5ed51,17,5.50088,0.928888,5.1097014214400005
16639.400213956833,bench:890b0c604eb5ed51,17,5.474089,0.9291566,5.0862859233374005
16643.786245957017,bench:890b0c604eb5ed51,17,5.50088,0.928888,5.1097014214400005
16651.40180295566,bench:890b0c604eb5ed51,17,5.4473,0.9294252,5.06285789196
16659.404707956128,bench:890b0c604eb5ed51,17,5.491949,0.9294252,5.1043557977148
16663.828738965094,bench:890b0c604eb5ed51,17,5.51874,0.9294252,5.129256028248
16671.414128970355,bench:890b0c604eb5ed51,17,5.48302,0.9286194,5.091638742588
16675.801901961677,bench:890b0c604eb5ed51,17,5.21512,0.9184118,4.7896277464159995
16683.4849579609,bench:890b0c604eb5ed51,17,5.45623,0.928888,5.06822657224
16691.43734499812,bench:890b0c604eb5ed51,17,5.51874,0.928888,5.126291361120001
16699.475174944382,bench:890b0c604eb5ed51,17,5.491949,0.928888,5.1014055227120005
16703.479524992872,bench:890b0c604eb5ed51,17,5.509809,0.928888,5.117995462392
16711.43896796275,bench:890b0c604eb5ed51,17,5.51874,0.9291566,5.1277736946840005
16715.50870599458,bench:890b0c604eb5ed51,17,5.52767,0.9291566,5.1360710631219995
16719.520000973716,bench:890b0c604eb5ed51,17,5.509809,0.9294252,5.120955331786799
16731.463700998574,bench:890b0c604eb5ed51,17,5.5366,0.9278135,5.1369322241
16735.490032995585,bench:890b0c604eb5ed51,17,5.5366,0.9286194,5.14139417004
16739.558919973206,bench:890b0c604eb5ed51,17,2.70579,0.9291566,2.514102636714
16743.652824952733,bench:890b0c604eb5ed51,17,4.15245,0.928888,3.8571609756000003
16748.11093095923,bench:890b0c604eb5ed51,17,4.04529,0.9299625,3.7619680016249997
16755.488507973496,bench:890b0c604eb5ed51,17,5.45623,0.9299625,5.0740892913749995
16763.47198698204,bench:890b0c604eb5ed51,17,5.50088,0.9304997,5.118567189736001
16775.648554961663,bench:890b0c604eb5ed51,17,5.509809,0.9304997,5.1268756215573
16787.477885955013,bench:890b0c604eb5ed51,17,5.509809,0.928888,5.117995462392
16791.870084998664,bench:890b0c604eb5ed51,17,5.51874,0.9294252,5.129256028248
16795.88413896272,bench:890b0c604eb5ed51,17,5.56339,0.9280821,5.163282674319
16803.491917962674,bench:890b0c604eb5ed51,17,4.13459,0.9294252,3.842792137668
16807.55332298577,bench:890b0c604eb5ed51,17,4.20603,0.9299625,3.911450173875
16811.57337699551,bench:890b0c604eb5ed51,17,4.12566,0.9286194,3.831167913804
16815.552190993913,bench:890b0c604eb5ed51,17,4.13459,0.9291566,3.8416815867940004
16819.539374962915,bench:890b0c604eb5ed51,17,4.15245,0.928888,3.8571609756000003
16827.50368694542,bench:890b0c604eb5ed51,17,4.15245,0.9286194,3.85604562753
16839.223277987912,bench:890b0c604eb5ed51,17,5.56339,0.928888,5.16776621032
16843.35514594568,bench:890b0c604eb5ed51,17,2.679,0.9283507,2.4870515252999996
16847.44518098887,bench:890b0c604eb5ed51,17,4.14352,0.928888,3.8488660057599997
16851.509604952298,bench:890b0c604eb5ed51,17,4.14352,0.9294252,3.8510919047039995
16855.576176953036,bench:890b0c604eb5ed51,17,4.11673,0.9299625,3.8284045226249996
16863.55722998269,bench:890b0c604eb5ed51,17,4.34891,0.9286194,4.038482194854
16867.72022699006,bench:890b0c604eb5ed51,17,2.58077,0.9291566,2.397939478582
16875.48418994993,bench:890b0c604eb5ed51,17,4.00957,0.9294252,3.7265953991639997
16879.825129988603,bench:890b0c604eb5ed51,17,5.5366,0.9304997,5.15180463902
16883.872293983586,bench:890b0c604eb5ed51,17,5.48302,0.9280821,5.088692715942
16891.52749895584,bench:890b0c604eb5ed51,17,4.14352,0.9291566,3.849978955232
16895.608366990928,bench:890b0c604eb5ed51,17,5.491949,0.9294252,5.1043557977148
16899.64975399198,bench:890b0c604eb5ed51,17,5.46516,0.9291566,5.077989484056
16903.762899979483,bench:890b0c604eb5ed51,17,5.509809,0.9280821,5.1135551073189
16907.799879962113,bench:890b0c604eb5ed51,17,5.51874,0.9294252,5.129256028248
16915.42043595109,bench:890b0c604eb5ed51,17,5.509809,0.9294252,5.120955331786799
16919.496303948108,bench:890b0c604eb5ed51,17,5.46516,0.9286194,5.075053600104
16923.4907659702,bench:890b0c604eb5ed51,17,5.474089,0.9296938,5.0892266039482
16931.425041984767,bench:890b0c604eb5ed51,17,5.50088,0.9294252,5.112656494176
16939.452612947207,bench:890b0c604eb5ed51,17,5.51874,0.928888,5.126291361120001
16943.4819999733,bench:890b0c604eb5ed51,17,5.509809,0.9294252,5.120955331786799
16955.469421984162,bench:890b0c604eb5ed51,17,5.509809,0.9294252,5.120955331786799
16959.490457957145,bench:890b0c604eb5ed51,17,5.51874,0.9294252,5.129256028248
16971.46828699624,bench:890b0c604eb5ed51,17,5.474089,0.9299625,5.0906974916625005
16975.521507964004,bench:890b0c604eb5ed51,17,5.509809,0.9291566,5.1194753970894
16983.24546997901,bench:890b0c604eb5ed51,17,5.5366,0.9280821,5.13841935486
16987.40118998103,bench:890b0c604eb5ed51,17,4.42928,0.9291566,4.115494745248
16991.510964988265,bench:890b0c604eb5ed51,17,4.15245,0.928888,3.8571609756000003
16995.54209294729,bench:890b0c604eb5ed51,17,4.2864,0.928888,3.9815855232000006
16999.58920298377,bench:890b0c604eb5ed51,17,4.27747,0.9291566,3.974439481802
17007.535310985986,bench:890b0c604eb5ed51,17,5.509809,0.9294252,5.120955331786799
17011.604883999098,bench:890b0c604eb5ed51,17,5.51874,0.9291566,5.1277736946840005
17015.661584970076,bench:890b0c604eb5ed51,17,2.71472,0.928888,2.52167083136
17019.765452947468,bench:890b0c604eb5ed51,17,5.46516,0.9286194,5.075053600104
17023.858098953497,bench:890b0c604eb5ed51,17,4.17031,0.9291566,3.874871060546
17027.90152298985,bench:890b0c604eb5ed51,17,2.59863,0.9278135,2.411043995505
17031.968817987945,bench:890b0c604eb5ed51,17,4.17031,0.9291566,3.874871060546
17039.470726973377,bench:890b0c604eb5ed51,17,3.00048,0.928888,2.7871098662400002
17043.862721999176,bench:890b0c604eb5ed51,17,5.509809,0.928888,5.117995462392
17051.541314984206,bench:890b0c604eb5ed51,17,3.38447,0.928888,3.14379356936
17055.559942964464,bench:890b0c604eb5ed51,17,5.58125,0.9291566,5.18585527375
17059.904215973802,bench:890b0c604eb5ed51,17,5.509809,0.9296938,5.1224352664841994
17063.969732960686,bench:890b0c604eb5ed51,17,2.71472,0.9291566,2.522400005152
17067.972786957398,bench:890b0c604eb5ed51,17,4.17924,0.9299625,3.8865364785
17075.511362985708,bench:890b0c604eb5ed51,17,4.15245,0.9280821,3.853814516145
17083.23282597121,bench:890b0c604eb5ed51,17,5.50088,0.9294252,5.112656494176
17091.23537898995,bench:890b0c604eb5ed51,17,5.48302,0.9291566,5.094584220932
17095.62057699077,bench:890b0c604eb5ed51,17,5.51874,0.9286194,5.124809027556
17099.71824195236,bench:890b0c604eb5ed51,17,4.06315,0.9286194,3.77311991511
17103.760350961238,bench:890b0c604eb5ed51,17,2.69686,0.9283507,2.503631868802
17107.8699969803,bench:890b0c604eb5ed51,17,4.14352,0.9291566,3.849978955232
17111.888902960345,bench:890b0c604eb5ed51,17,4.13459,0.9294252,3.842792137668
17119.531384960283,bench:890b0c604eb5ed51,17,4.14352,0.9286194,3.8477530562879996
17126.95540598361,bench:890b0c604eb5ed51,17,5.43837,0.9294252,5.054558124923999
17131.528935977258,bench:890b0c604eb5ed51,17,5.491949,0.9286194,5.0999303852106
17135.573656996712,bench:890b0c604eb5ed51,17,5.50088,0.9280821,5.105268262248001
17139.941466972232,bench:890b0c604eb5ed51,17,5.54553,0.928888,5.151176270640001
17143.93411396304,bench:890b0c604eb5ed51,17,5.52767,0.9286194,5.1331015987979995
17147.98896398861,bench:890b0c604eb5ed51,17,3.3934,0.9291566,3.15300000644
17152.05514698755,bench:890b0c604eb5ed51,17,4.14352,0.9294252,3.8510919047039995
17156.106551992707,bench:890b0c604eb5ed51,17,4.15245,0.9294252,3.8593916717399996
17160.159624996595,bench:890b0c604eb5ed51,17,4.14352,0.9294252,3.8510919047039995
17164.231251983438,bench:890b0c604eb5ed51,17,4.12566,0.928888,3.83227606608
17168.309268949088,bench:890b0c604eb5ed51,17,4.13459,0.9286194,3.839460485046
17172.337488969788,bench:890b0c604eb5ed51,17,4.14352,0.9294252,3.8510919047039995
17176.348950946704,bench:890b0c604eb5ed51,17,4.13459,0.9294252,3.842792137668
17180.412114947103,bench:890b0c604eb5ed51,17,4.12566,0.9291566,3.833384218356
17191.40760297887,bench:890b0c604eb5ed51,17,5.509809,0.9294252,5.120955331786799
17195.782948983833,bench:890b0c604eb5ed51,17,5.52767,0.9280821,5.1301315817069995
17200.119148998056,bench:890b0c604eb5ed51,17,5.491949,0.9286194,5.0999303852106
17204.149887955282,bench:890b0c604eb5ed51,17,5.509809,0.9280821,5.1135551073189
17208.177441963926,bench:890b0c604eb5ed51,17,5.509809,0.9294252,5.120955331786799
17212.198643945158,bench:890b0c604eb5ed51,17,5.5366,0.9299625,5.1488303775
17223.468035983387,bench:890b0c604eb5ed51,17,5.48302,0.9291566,5.094584220932
17227.879140991718,bench:890b0c604eb5ed51,17,5.51874,0.9291566,5.1277736946840005
17231.920879974496,bench:890b0c604eb5ed51,17,5.51874,0.9291566,5.1277736946840005
17235.917082987726,bench:890b0c604eb5ed51,17,5.55446,0.9294252,5.162455096392
17247.472304967232,bench:890b0c604eb5ed51,17,5.509809,0.9291566,5.1194753970894
17251.89292995492,bench:890b0c604eb5ed51,17,5.54553,0.9294252,5.154155329356
17256.29707198823,bench:890b0c604eb5ed51,17,5.50088,0.9286194,5.108223885072
17260.327088995837,bench:890b0c604eb5ed51,17,5.48302,0.928888,5.09311148176
17267.196745960973,bench:890b0c604eb5ed51,17,5.509809,0.9304997,5.1268756215573
17271.52179699624,bench:890b0c604eb5ed51,17,5.509809,0.9286194,5.1165155276946
17279.193722992204,bench:890b0c604eb5ed51,17,5.51874,0.9291566,5.1277736946840005
17283.568051992916,bench:890b0c604eb5ed51,17,5.55446,0.9304997,5.168423363662
17287.925861950498,bench:890b0c604eb5ed51,17,5.50088,0.9299625,5.115612117
17292.020692955703,gap,18,4.16138,0.9291566,3.866573692108
17296.03565396974,gap,18,1.72349,0.9286194,1.600466249706
17302.783311984967,gap,18,1.37522,0.8633446,1.1872887608120002
17306.800902995747,gap,18,1.36629,0.8630761,1.179212244669
17313.99714795407,gap,18,1.18769,0.8184852,0.972106687188
17318.24377394514,gap,18,1.73242,0.8187538,1.418425458196
17323.96475598216,gap,18,1.12518,0.8184852,0.9209431773360001
17330.10993798962,gap,18,1.39308,0.9294252,1.294763657616
17334.321119997185,gap,18,1.38415,0.9283507,1.284976621405
17338.49920995999,gap,18,1.40201,0.9286194,1.301933684994
17342.65411394881,gap,18,1.40201,0.928888,1.30231026488
17346.819499973208,gap,18,1.39308,0.9283507,1.293266793156
17350.967979000416,gap,18,1.38415,0.9286194,1.28534854251
17355.136160971597,gap,18,1.39308,0.928888,1.2940152950400001
17359.354305954184,gap,18,1.39308,0.928888,1.2940152950400001
17366.057074978016,gap,18,1.35736,0.928888,1.26083541568
17370.215126953553,gap,18,1.35736,0.928888,1.26083541568
17374.372494989075,gap,18,1.35736,0.9286194,1.2604708287839999
17381.382612977177,gap,18,1.36629,0.928888,1.26913038552
17385.53372095339,gap,18,1.36629,0.9286194,1.268763400026
17391.271258995403,gap,18,1.34843,0.9283507,1.251815934401
17395.848232961725,gap,18,1.36629,0.928888,1.26913038552
17403.681842959486,gap,18,0.9822999,0.7225879,0.70979802191121
17407.74735994637,gap,18,0.9912299,0.7223192,0.7159843883840801
17411.831542965956,gap,18,0.9822999,0.7225879,0.70979802191121
17419.208582956344,gap,18,1.14304,0.8184852,0.9355613230080001
17423.388005991,gap,18,1.13411,0.8184852,0.928252250172
17430.469585990068,gap,18,0.9733699,0.7225879,0.7033453119642099
17434.56091696862,gap,18,0.96444,0.7225879,0.6968926742759999
17438.61711898353,gap,18,0.96444,0.7228564,0.6971516264159999
17442.692672950216,gap,18,0.9822999,0.7225879,0.70979802191121
17446.76281895954,gap,18,0.96444,0.7225879,0.6968926742759999
17450.844964943826,gap,18,0.96444,0.7228564,0.6971516264159999
17454.93925898336,gap,18,0.9822999,0.7225879,0.70979802191121
17459.01149796555,gap,18,0.9822999,0.7228564,0.71006176943436
17463.082383968867,gap,18,0.96444,0.7223192,0.696633529248
17467.179233965,gap,18,0.9822999,0.7225879,0.70979802191121
17471.24384297058,gap,18,0.9733699,0.7225879,0.7033453119642099
17475.36515496904,gap,18,0.9733699,0.7225879,0.7033453119642099
17482.70184395369,gap,18,1.13411,0.8187538,0.928556872118
17486.834433977492,gap,18,1.13411,0.8182165,0.9279475148149999
17493.86773695005,gap,18,0.9822999,0.7223192,0.7095340779280801
17497.953012993094,gap,18,0.96444,0.7225879,0.6968926742759999
17502.02267698478,gap,18,0.9733699,0.7223192,0.70308376747208
17506.115359952673,gap,18,0.9733699,0.7223192,0.70308376747208
17510.178543976508,gap,18,0.95551,0.7223192,0.6901832187920001
17514.25605994882,gap,18,0.9822999,0.7228564,0.71006176943436
17518.33298394922,gap,18,0.96444,0.721782,0.69611543208
17522.395111969672,gap,18,0.9733699,0.7228564,0.70360666178236
17526.46507299505,gap,18,0.9465799,0.7223192,0.6837328361040801
17530.520403990522,gap,18,0.96444,0.7220506,0.696374480664
17534.578308986966,gap,18,0.95551,0.7223192,0.6901832187920001
17538.644677959383,gap,18,0.95551,0.7225879,0.6904399643289999
17542.728286993224,gap,18,0.95551,0.7223192,0.6901832187920001
17546.802099968772,gap,18,0.96444,0.7225879,0.6968926742759999
17550.872708961833,gap,18,0.96444,0.7225879,0.6968926742759999
17554.95020694798,gap,18,0.9465799,0.7225879,0.68398718212321
17559.111906972248,gap,18,0.96444,0.7225879,0.6968926742759999
17563.221793971024,gap,18,0.9733699,0.7223192,0.70308376747208
17567.4414569512,gap,18,0.95551,0.7228564,0.690696518764
17574.75894194795,gap,18,1.11625,0.8184852,0.9136341045
17578.93758796854,gap,18,1.15197,0.8184852,0.942870395844
17583.109139988665,gap,18,1.12518,0.8182165,0.92064084147
17590.47143999487,gap,18,0.96444,0.7223192,0.696633529248
17594.571862951852,gap,18,0.96444,0.7225879,0.6968926742759999
17598.645842983387,gap,18,0.95551,0.7228564,0.690696518764
17602.720081980806,gap,18,0.96444,0.7223192,0.696633529248
17606.797060987446,gap,18,0.9465799,0.7225879,0.68398718212321
17610.891298973,gap,18,0.96444,0.7225879,0.6968926742759999
17618.254265980795,gap,18,1.10732,0.8184852,0.9063250316640001
17622.4069299642,gap,18,1.12518,0.8182165,0.92064084147
17629.475231980905,gap,18,0.96444,0.7223192,0.696633529248
17633.60915496014,gap,18,0.95551,0.7223192,0.6901832187920001
17637.706189998426,gap,18,0.9465799,0.7220506,0.68347858474294
17641.814020986203,gap,18,0.9465799,0.7228564,0.68424133882636
17645.92362998519,gap,18,0.9465799,0.7225879,0.68398718212321
17653.2834849786,gap,18,1.10732,0.8184852,0.9063250316640001
17657.449555990752,gap,18,1.13411,0.8184852,0.928252250172
17664.475543948356,gap,18,0.9465799,0.7223192,0.6837328361040801
17668.563282990362,gap,18,0.9465799,0.7223192,0.6837328361040801
17672.653909947257,gap,18,0.95551,0.7223192,0.6901832187920001
17680.00996898627,gap,18,1.12518,0.8187538,0.9212454006840001
17684.169984946493,gap,18,1.10732,0.8187538,0.906622457816
17691.228787996806,gap,18,0.96444,0.7225879,0.6968926742759999
17695.371080946643,gap,18,0.9465799,0.7225879,0.68398718212321
17699.48339398252,gap,18,0.95551,0.7228564,0.690696518764
17703.604557958897,gap,18,0.96444,0.7225879,0.6968926742759999
17707.694573968183,gap,18,0.9465799,0.7223192,0.6837328361040801
17715.048206970096,gap,18,1.11625,0.8184852,0.9136341045
17719.23720394261,gap,18,1.13411,0.8184852,0.928252250172
17726.32417298155,gap,18,0.96444,0.7225879,0.6968926742759999
17730.422707973048,gap,18,0.9465799,0.7223192,0.6837328361040801
17734.508131979965,gap,18,0.96444,0.7225879,0.6968926742759999
17738.575019000564,gap,18,0.9465799,0.7223192,0.6837328361040801
17742.644164944068,gap,18,0.93765,0.7225879,0.6775345444349999
17746.72943999758,gap,18,0.95551,0.7225879,0.6904399643289999
17750.79066096805,gap,18,0.9465799,0.7223192,0.6837328361040801
17754.87082498148,gap,18,0.9465799,0.7225879,0.68398718212321
17758.93554498907,gap,18,0.9465799,0.7225879,0.68398718212321
17763.054468960036,gap,18,0.96444,0.7228564,0.6971516264159999
17767.157706955913,gap,18,0.95551,0.7223192,0.6901832187920001
17771.34366694372,gap,18,0.9465799,0.7225879,0.68398718212321
17778.57285697246,gap,18,1.13411,0.8184852,0.928252250172
17782.747260993347,gap,18,1.11625,0.8182165,0.913334168125
17786.922220955603,gap,18,1.11625,0.8184852,0.9136341045
17791.094643995166,gap,18,1.11625,0.8184852,0.9136341045
17795.34806596348,gap,18,1.12518,0.8187538,0.9212454006840001
17800.069502962288,gap,18,1.12518,0.8182165,0.92064084147
17814.845063956454,gap,18,1.12518,0.8179479,0.920338618122
17821.953348000534,gap,18,1.43773,0.7228564,1.0392723319719999
17827.557719952893,gap,18,0.96444,0.7225879,0.6968926742759999
17848.87779294513,gap,18,1.18769,0.8337965,0.9902917650849999
17854.530609969515,gap,18,1.16983,0.8332592,0.9747716099359999
17858.61573694274,gap,18,1.16983,0.8332592,0.9747716099359999
17862.715956987813,gap,18,1.1609,0.8335279,0.96764253911
17869.729907950386,gap,18,0.93765,0.7223192,0.67728259788
17873.80729499273,gap,18,0.95551,0.7228564,0.690696518764
17877.889181952924,gap,18,0.96444,0.7225879,0.6968926742759999
17885.24829596281,gap,18,1.12518,0.8187538,0.9212454006840001
17891.370811965317,gap,18,0.9465799,0.7225879,0.68398718212321
17895.936396962497,gap,18,0.96444,0.7228564,0.6971516264159999
17900.04235797096,gap,18,0.96444,0.7223192,0.696633529248
17904.146484972443,gap,18,0.9465799,0.7225879,0.68398718212321
17908.23811298469,gap,18,0.96444,0.7220506,0.696374480664
17912.35894395504,gap,18,0.9465799,0.7223192,0.6837328361040801
17919.644910958596,gap,18,1.09839,0.8187538,0.8993109863819999
17926.665731996763,gap,18,0.96444,0.7223192,0.696633529248
17930.73322996497,gap,18,0.9465799,0.723125,0.6844955901875001
17934.838875953574,gap,18,0.9465799,0.7223192,0.6837328361040801
17938.91716998769,gap,18,0.9465799,0.7228564,0.68424133882636
17943.02196399076,gap,18,0.9465799,0.7225879,0.68398718212321
17947.1119059599,gap,18,0.9465799,0.7225879,0.68398718212321
17951.18625595933,gap,18,0.96444,0.723125,0.697410675
17955.30179096386,gap,18,0.95551,0.7225879,0.6904399643289999
17959.397806960624,gap,18,0.9465799,0.7223192,0.6837328361040801
17963.468989997637,gap,18,0.9465799,0.7225879,0.68398718212321
17967.558894946706,gap,18,0.9465799,0.7225879,0.68398718212321
17971.62180097075,gap,18,0.9465799,0.7225879,0.68398718212321
17975.68124299869,gap,18,0.96444,0.7223192,0.696633529248
17979.775092971977,gap,18,0.9465799,0.7220506,0.68347858474294
17987.137058982626,gap,18,1.12518,0.8184852,0.9209431773360001
17994.501228968147,gap,18,0.9465799,0.7220506,0.68347858474294
17998.584985965863,gap,18,0.93765,0.7228564,0.6777863034599999
18002.656187978573,gap,18,0.9465799,0.7225879,0.68398718212321
18006.725500978064,gap,18,0.95551,0.7223192,0.6901832187920001
18010.804739955347,gap,18,0.95551,0.7223192,0.6901832187920001
18014.89510794636,gap,18,0.9287199,0.7228564,0.67133112352236
18018.95264297491,gap,18,0.9108599,0.7225879,0.6581763423352099
18023.055732948706,gap,18,0.9465799,0.7225879,0.68398718212321
18027.128600981086,gap,18,0.9465799,0.7225879,0.68398718212321
18031.28007997293,gap,18,0.9287199,0.7225879,0.67108176222921
18035.43428098783,gap,18,0.95551,0.723125,0.69095316875
18039.539315970615,gap,18,0.93765,0.7223192,0.67728259788
18046.894652943593,gap,18,1.09839,0.8182165,0.898720821435
18051.027834997512,gap,18,1.10732,0.8179479,0.905730068628
18055.216201988515,gap,18,1.11625,0.8184852,0.9136341045
18062.466021976434,gap,18,0.96444,0.7225879,0.6968926742759999
18066.544111992698,gap,18,0.9465799,0.7225879,0.68398718212321
18070.636331976857,gap,18,0.9287199,0.7228564,0.67133112352236
18074.71157098189,gap,18,0.9465799,0.7225879,0.68398718212321
18078.807660960592,gap,18,0.9465799,0.7225879,0.68398718212321
18082.897954969667,gap,18,0.9287199,0.7225879,0.67108176222921
18090.26125498349,gap,18,1.11625,0.8182165,0.913334168125
18094.418140943162,gap,18,1.09839,0.8187538,0.8993109863819999
18100.471193960402,gap,18,0.9465799,0.7225879,0.68398718212321
18104.99413195066,gap,18,1.41987,0.7225879,1.0259808815729998
18109.05924096005,gap,18,0.9465799,0.7225879,0.68398718212321
18113.138664979488,gap,18,0.93765,0.7223192,0.67728259788
18120.492001995444,gap,18,1.09839,0.8182165,0.898720821435
18127.512396953534,gap,18,0.9465799,0.7223192,0.6837328361040801
18131.581857975107,gap,18,0.93765,0.7225879,0.6775345444349999
18135.660633968655,gap,18,0.9465799,0.7228564,0.68424133882636
18143.01889698254,gap,18,1.10732,0.8184852,0.9063250316640001
18147.170468000695,gap,18,1.10732,0.8187538,0.906622457816
18154.247973987367,gap,18,0.9287199,0.7225879,0.67108176222921
18158.312286948785,gap,18,0.91979,0.723125,0.66512314375
18162.392228958197,gap,18,0.9465799,0.7223192,0.6837328361040801
18166.479745996185,gap,18,0.9287199,0.7225879,0.67108176222921
18173.75897197053,gap,18,1.10732,0.8184852,0.9063250316640001
18180.787793942727,gap,18,0.91979,0.7225879,0.664629124541
18184.862735972274,gap,18,0.9465799,0.7225879,0.68398718212321
18188.93752997974,gap,18,0.9287199,0.7225879,0.67108176222921
18193.015009979717,gap,18,1.12518,0.7225879,0.813041453322
18197.096155956388,gap,18,0.93765,0.7225879,0.6775345444349999
18201.156134949997,gap,18,0.93765,0.7225879,0.6775345444349999
18205.23661497282,gap,18,0.9465799,0.7233938,0.68475003086462
18211.543257988524,gap,18,1.09839,0.8184852,0.899015958828
18216.247656964697,gap,18,1.09839,0.8187538,0.8993109863819999
18223.281607963145,gap,18,0.9465799,0.7228564,0.68424133882636
18227.36482799519,gap,18,0.91979,0.7225879,0.664629124541
18231.45028896397,gap,18,0.9287199,0.7225879,0.67108176222921
18235.519471985754,gap,18,0.9287199,0.7223192,0.67083221519208
18239.605950948317,gap,18,0.9287199,0.7223192,0.67083221519208
18246.95989897009,gap,18,1.10732,0.8187538,0.906622457816
18251.115803956054,gap,18,1.10732,0.8182165,0.9060274947800001
18258.20380996447,gap,18,0.9287199,0.7225879,0.67108176222921
18262.28430797346,gap,18,0.9287199,0.7228564,0.67133112352236
18266.363823961,gap,18,0.93765,0.7225879,0.6775345444349999
18270.437451952603,gap,18,0.93765,0.7225879,0.6775345444349999
18276.73722495092,gap,18,1.13411,0.8187538,0.928556872118
18281.50582697708,gap,18,1.10732,0.8182165,0.9060274947800001
18287.524454994127,gap,18,0.93765,0.7225879,0.6775345444349999
18292.046540998854,gap,18,0.9465799,0.7225879,0.68398718212321
18296.127890993375,gap,18,0.91979,0.7225879,0.664629124541
18300.217017997056,gap,18,0.9287199,0.7228564,0.67133112352236
18307.520336995367,gap,18,1.10732,0.8184852,0.9063250316640001
18314.609157969244,gap,18,0.9465799,0.7228564,0.68424133882636
18318.761135975365,gap,18,1.39308,0.7223192,1.006248431136
18326.597338949796,gap,18,1.39308,0.9286194,1.293641113752
18333.519623964094,gap,18,1.31271,0.9283507,1.218655247397
18340.3276699828,gap,18,1.29485,0.9286194,1.20242283009
18344.468722993042,gap,18,1.30378,0.9286194,1.2107154013319998
18348.63601595862,gap,18,1.32164,0.9286194,1.2273005438159998
18359.468022943474,bench:759d48b07800d479,19,2.31287,0.9283507,2.147154483509
18366.226087964606,bench:759d48b07800d479,19,5.143679,0.9294252,4.780664883310799
18370.299678994343,bench:759d48b07800d479,19,5.1794,0.9291566,4.81247369404
18379.455794987734,bench:759d48b07800d479,19,5.1794,0.928888,4.8110825072
18383.56638496043,bench:759d48b07800d479,19,5.17047,0.9294252,4.805565113844
18391.50540099945,bench:759d48b07800d479,19,5.18833,0.9299625,4.824952337625
18398.147189000156,bench:759d48b07800d479,19,3.55414,0.928888,3.30139799632
18402.099947968964,bench:759d48b07800d479,19,4.1078,0.9291566,3.8167894814800003
18411.46526497323,bench:759d48b07800d479,19,5.25977,0.928888,4.88573723576
18415.586132963654,bench:759d48b07800d479,19,4.1078,0.9304997,3.8223066676600004
18419.6482419502,bench:759d48b07800d479,19,3.58986,0.9291566,3.335542112076
18427.53005598206,bench:759d48b07800d479,19,5.28656,0.928888,4.91062214528
18431.5920349909,bench:759d48b07800d479,19,5.27763,0.928888,4.902327175440001
18435.60940399766,bench:759d48b07800d479,19,5.33121,0.9291566,4.953528957485999
18439.628975989763,bench:759d48b07800d479,19,5.28656,0.9291566,4.912042115296
18447.473863954656,bench:759d48b07800d479,19,5.304419,0.928888,4.927211156072
18451.491491985507,bench:759d48b07800d479,19,5.32228,0.9291566,4.945231589048
18455.572711944114,bench:759d48b07800d479,19,5.304419,0.928888,4.927211156072
18463.243619946297,bench:759d48b07800d479,19,5.28656,0.9291566,4.912042115296
18471.477225946728,bench:759d48b07800d479,19,5.34907,0.9294252,4.971560454564
18475.486465962604,bench:759d48b07800d479,19,5.29549,0.9294252,4.921761852347999
18483.220890979283,bench:759d48b07800d479,19,5.33121,0.928888,4.95209699448
18487.25220496999,bench:759d48b07800d479,19,3.85776,0.9291566,3.584463165216
18491.497626993805,bench:759d48b07800d479,19,3.56307,0.928888,3.3096929661600005
18499.4298099773,bench:759d48b07800d479,19,5.34907,0.9291566,4.970123694362
18511.4804719924,bench:759d48b07800d479,19,5.39372,0.9291566,5.011610536552
18515.54589596344,bench:759d48b07800d479,19,5.31335,0.928888,4.9355070548
18523.43319094507,bench:759d48b07800d479,19,5.32228,0.9291566,4.945231589048
18531.441002967767,bench:759d48b07800d479,19,5.33121,0.9291566,4.953528957485999
18535.493370960467,bench:759d48b07800d479,19,5.33121,0.9291566,4.953528957485999
18539.51449895976,bench:759d48b07800d479,19,5.33121,0.928888,4.95209699448
18547.422478965018,bench:759d48b07800d479,19,5.34907,0.9291566,4.970123694362
18555.461179988924,bench:759d48b07800d479,19,5.32228,0.9291566,4.945231589048
18563.45454696566,bench:759d48b07800d479,19,5.358,0.9291566,4.9784210628
18571.439414983615,bench:759d48b07800d479,19,5.32228,0.9291566,4.945231589048
18579.43811599398,bench:759d48b07800d479,19,5.37586,0.9294252,4.996459755672
18587.47340994887,bench:759d48b07800d479,19,5.34907,0.9294252,4.971560454564
18599.486478953622,bench:759d48b07800d479,19,5.37586,0.9291566,4.9950157996760005
18603.534940979443,bench:759d48b07800d479,19,5.34014,0.9286194,4.958957602716
18611.452234967146,bench:759d48b07800d479,19,5.34907,0.9291566,4.970123694362
18619.163401948754,bench:759d48b07800d479,19,4.13459,0.9291566,3.8416815867940004
18623.2246409636,bench:759d48b07800d479,19,2.88439,0.9291566,2.680050005474
18627.214064996224,bench:759d48b07800d479,19,4.11673,0.9294252,3.826192603595999
18631.11834297888,bench:759d48b07800d479,19,4.07208,0.9296938,3.7857875291039997
18635.062396991998,bench:759d48b07800d479,19,4.12566,0.9294252,3.8344923706319998
18639.02430399321,bench:759d48b07800d479,19,4.00064,0.9294252,3.7182956321279996
18642.904080974404,bench:759d48b07800d479,19,4.11673,0.9283507,3.8217691772109994
18651.38053696137,bench:759d48b07800d479,19,5.34014,0.928888,4.96039196432
18659.427663951647,bench:759d48b07800d479,19,5.358,0.9291566,4.9784210628
18667.441234982107,bench:759d48b07800d479,19,5.32228,0.9291566,4.945231589048
18675.41213997174,bench:759d48b07800d479,19,5.34014,0.9291566,4.961826325924
18683.41524800053,bench:759d48b07800d479,19,5.34014,0.9291566,4.961826325924
18691.409263992682,bench:759d48b07800d479,19,5.34014,0.928888,4.96039196432
18703.459481999744,bench:759d48b07800d479,19,5.39372,0.9286194,5.008713030168
18711.43447898794,bench:759d48b07800d479,19,5.34907,0.9294252,4.971560454564
18719.13192397915,bench:759d48b07800d479,19,5.33121,0.9294252,4.954960920492
18723.492937977426,bench:759d48b07800d479,19,5.358,0.9286194,4.975542745199999
18731.43132397672,bench:759d48b07800d479,19,5.37586,0.9291566,4.9950157996760005
18735.43921194505,bench:759d48b07800d479,19,4.12566,0.928888,3.83227606608
18739.462709985673,bench:759d48b07800d479,19,4.14352,0.9283507,3.8466396924639996
18743.498022959102,bench:759d48b07800d479,19,4.17031,0.9291566,3.874871060546
18747.47668899363,bench:759d48b07800d479,19,4.22389,0.9294252,3.9257898080279996
18751.40237394953,bench:759d48b07800d479,19,4.13459,0.9291566,3.8416815867940004
18755.344631965272,bench:759d48b07800d479,19,4.13459,0.9291566,3.8416815867940004
18759.20618796954,bench:759d48b07800d479,19,4.14352,0.9286194,3.8477530562879996
18763.122279953677,bench:759d48b07800d479,19,4.14352,0.9283507,3.8466396924639996
18767.035871976987,bench:759d48b07800d479,19,4.12566,0.9286194,3.831167913804
18770.956555963494,bench:759d48b07800d479,19,4.11673,0.9286194,3.8228753425619995
18774.944851000328,bench:759d48b07800d479,19,4.14352,0.9299625,3.8533182179999996
18778.831776988227,bench:759d48b07800d479,19,4.15245,0.9280821,3.853814516145
18782.725776953157,bench:759d48b07800d479,19,4.29533,0.9291566,3.9910342186779997
18791.439507971518,bench:759d48b07800d479,19,5.34014,0.9280821,4.956088345494
18795.42609897908,bench:759d48b07800d479,19,4.12566,0.9294252,3.8344923706319998
18807.4147059815,bench:759d48b07800d479,19,5.32228,0.928888,4.94380202464
18819.471571943723,bench:759d48b07800d479,19,5.34014,0.9286194,4.958957602716
18823.536662966944,bench:759d48b07800d479,19,4.13459,0.9291566,3.8416815867940004
18831.465215946082,bench:759d48b07800d479,19,5.358,0.9294252,4.979860221599999
18835.73965699179,bench:759d48b07800d479,19,4.11673,0.9283507,3.8217691772109994
18839.678248972632,bench:759d48b07800d479,19,4.27747,0.9291566,3.974439481802
18843.63743296126,bench:759d48b07800d479,19,4.14352,0.9283507,3.8466396924639996
18851.589300960768,bench:759d48b07800d479,19,4.17924,0.9283507,3.879800379468
18855.601669987664,bench:759d48b07800d479,19,4.14352,0.9286194,3.8477530562879996
18863.594889990054,bench:759d48b07800d479,19,5.32228,0.9280821,4.939512799188
18871.522183995694,bench:759d48b07800d479,19,5.34014,0.9286194,4.958957602716
18875.55421894649,bench:759d48b07800d479,19,4.08994,0.9286194,3.7979976288360002
18879.58838394843,bench:759d48b07800d479,19,4.15245,0.9291566,3.85827632367
18887.171588954516,bench:759d48b07800d479,19,5.34907,0.9304997,4.9773080302790005
18895.131882978603,bench:759d48b07800d479,19,5.358,0.9291566,4.9784210628
18899.17864097515,bench:759d48b07800d479,19,4.11673,0.9291566,3.8250868499179997
18903.461599955335,bench:759d48b07800d479,19,5.33121,0.9286194,4.950665031473999
18911.41117096413,bench:759d48b07800d479,19,5.31335,0.9291566,4.9369342206099995
18915.52772495197,bench:759d48b07800d479,19,5.34907,0.9294252,4.971560454564
18923.45546296565,bench:759d48b07800d479,19,5.34014,0.928888,4.96039196432
18931.438015948515,bench:759d48b07800d479,19,5.358,0.928888,4.976981904
18935.554957948625,bench:759d48b07800d479,19,5.34014,0.9299625,4.9661299447500005
18943.450770981144,bench:759d48b07800d479,19,5.33121,0.9294252,4.954960920492
18951.42297295388,bench:759d48b07800d479,19,5.33121,0.9291566,4.953528957485999
18959.426728950348,bench:759d48b07800d479,19,5.33121,0.9294252,4.954960920492
18967.399985995144,bench:759d48b07800d479,19,5.34907,0.9294252,4.971560454564
18975.421871989965,bench:759d48b07800d479,19,5.34907,0.9294252,4.971560454564
18983.42192498967,bench:759d48b07800d479,19,5.32228,0.928888,4.94380202464
18991.44219997106,bench:759d48b07800d479,19,5.34907,0.9294252,4.971560454564
18999.46945597185,bench:759d48b07800d479,19,5.358,0.928888,4.976981904
19003.47758398857,bench:759d48b07800d479,19,5.358,0.928888,4.976981904
19007.721543952357,bench:759d48b07800d479,19,5.38479,0.928888,5.00186681352
19011.66357996408,bench:759d48b07800d479,19,5.358,0.9291566,4.9784210628
19019.441746000666,bench:759d48b07800d479,19,5.40265,0.9286194,5.01700560141
19023.46974395914,bench:759d48b07800d479,19,5.42051,0.928888,5.035046692880001
19031.43500094302,bench:759d48b07800d479,19,5.358,0.9286194,4.975542745199999
19035.456017998513,bench:759d48b07800d479,19,5.358,0.9291566,4.9784210628
19043.432070990093,bench:759d48b07800d479,19,5.34907,0.9304997,4.9773080302790005
19051.447493955493,bench:759d48b07800d479,19,5.358,0.9294252,4.979860221599999
19055.527639982756,bench:759d48b07800d479,19,4.14352,0.9286194,3.8477530562879996
19059.54067595303,bench:759d48b07800d479,19,4.14352,0.928888,3.8488660057599997
19063.490359985735,bench:759d48b07800d479,19,4.13459,0.928888,3.8405710359200005
19067.42402596865,bench:759d48b07800d479,19,4.27747,0.9304997,3.980184551759
19071.338543959428,bench:759d48b07800d479,19,4.13459,0.928888,3.8405710359200005
19075.270728964824,bench:759d48b07800d479,19,4.17924,0.9291566,3.8831684289840003
19079.166338953655,bench:759d48b07800d479,19,3.40233,0.9304997,3.165867044301
19083.10183894355,bench:759d48b07800d479,19,4.20603,0.9294252,3.909190273956
19087.040170968976,bench:759d48b07800d479,19,4.11673,0.9291566,3.8250868499179997
19090.93263396062,bench:759d48b07800d479,19,4.14352,0.9286194,3.8477530562879996
19094.820873986464,bench:759d48b07800d479,19,4.13459,0.928888,3.8405710359200005
19098.70944794966,bench:759d48b07800d479,19,4.14352,0.9286194,3.8477530562879996
19102.628465974703,bench:759d48b07800d479,19,4.16138,0.928888,3.8654559454400004
19106.500835972838,bench:759d48b07800d479,19,4.49179,0.9294252,4.174782819108
19110.395502997562,bench:759d48b07800d479,19,4.12566,0.928888,3.83227606608
19114.32024295209,bench:759d48b07800d479,19,4.1971,0.9283507,3.8963807229699996
19118.205445993226,bench:759d48b07800d479,19,4.21496,0.9280821,3.911828928216
19122.06727999728,bench:759d48b07800d479,19,4.14352,0.9283507,3.8466396924639996
19125.993926951196,bench:759d48b07800d479,19,4.18817,0.928888,3.8903408549600007
19129.86483395798,bench:759d48b07800d479,19,4.26854,0.9294252,3.9672886432079997
19133.731611946132,bench:759d48b07800d479,19,4.14352,0.9286194,3.8477530562879996
19137.595778971445,bench:759d48b07800d479,19,4.42035,0.9286194,4.10482276479
19141.46885299124,bench:759d48b07800d479,19,4.13459,0.9286194,3.839460485046
19145.38259297842,bench:759d48b07800d479,19,4.15245,0.9294252,3.8593916717399996
19149.22487095464,bench:759d48b07800d479,19,4.12566,0.9294252,3.8344923706319998
19153.09018595144,bench:759d48b07800d479,19,4.14352,0.9286194,3.8477530562879996
19157.000999955926,bench:759d48b07800d479,19,4.71504,0.9291566,4.381010535264
19160.87418497773,bench:759d48b07800d479,19,4.48286,0.928888,4.1640748596799995
19164.722203975543,bench:759d48b07800d479,19,4.18817,0.9291566,3.891465797422
19168.636239948682,bench:759d48b07800d479,19,4.16138,0.928888,3.8654559454400004
19172.53133194754,bench:759d48b07800d479,19,4.27747,0.9326486,3.989376407042
19176.39194399817,bench:759d48b07800d479,19,4.13459,0.9291566,3.8416815867940004
19180.265035945922,bench:759d48b07800d479,19,4.21496,0.9304997,3.922019015512
19184.128979977686,bench:759d48b07800d479,19,4.42035,0.9291566,4.10719737681
19188.020923989825,bench:759d48b07800d479,19,4.1078,0.9283507,3.81347900546
19191.950127948076,bench:759d48b07800d479,19,4.17031,0.9283507,3.871510207717
19195.837109000422,bench:759d48b07800d479,19,4.11673,0.9291566,3.8250868499179997
19199.695719988085,bench:759d48b07800d479,19,4.16138,0.928888,3.8654559454400004
19203.56788596837,bench:759d48b07800d479,19,4.13459,0.9286194,3.839460485046
19207.480515993666,bench:759d48b07800d479,19,4.12566,0.9283507,3.8300593489619996
19211.39803394908,bench:759d48b07800d479,19,4.16138,0.9291566,3.866573692108
19215.274014975876,bench:759d48b07800d479,19,4.43821,0.9296938,4.126176320098
19219.206828973256,bench:759d48b07800d479,19,4.14352,0.928888,3.8488660057599997
19223.06434699567,bench:759d48b07800d479,19,4.17031,0.9283507,3.871510207717
19226.954698970076,bench:759d48b07800d479,19,4.27747,0.9304997,3.980184551759
19230.86449498078,bench:759d48b07800d479,19,4.14352,0.9286194,3.8477530562879996
19234.767086978536,bench:759d48b07800d479,19,4.17031,0.928888,3.87375091528
19238.64901298657,bench:759d48b07800d479,19,4.44714,0.928888,4.13089498032
19242.495993967168,bench:759d48b07800d479,19,4.14352,0.9286194,3.8477530562879996
19246.3449939969,bench:759d48b07800d479,19,4.12566,0.9304997,3.838925392302
19250.204605981708,bench:759d48b07800d479,19,4.15245,0.9294252,3.8593916717399996
19254.068549955264,bench:759d48b07800d479,19,4.14352,0.9291566,3.849978955232
19257.919068972114,bench:759d48b07800d479,19,4.2864,0.9291566,3.9827368502400002
19261.83841994498,bench:759d48b07800d479,19,4.13459,0.928888,3.8405710359200005
19265.749159967527,bench:759d48b07800d479,19,4.21496,0.9315742,3.9265479900319997
19269.62245599134,bench:759d48b07800d479,19,4.42928,0.9291566,4.115494745248
19273.483492957894,bench:759d48b07800d479,19,4.13459,0.9294252,3.842792137668
19277.37923397217,bench:759d48b07800d479,19,4.16138,0.928888,3.8654559454400004
19281.251547974534,bench:759d48b07800d479,19,4.14352,0.9286194,3.8477530562879996
19285.083714989014,bench:759d48b07800d479,19,4.17924,0.9291566,3.8831684289840003
19288.957399956416,bench:759d48b07800d479,19,4.27747,0.9294252,3.975588410244
19292.80536295846,bench:759d48b07800d479,19,4.1078,0.9294252,3.81789283656
19296.667511982378,bench:759d48b07800d479,19,4.27747,0.928888,3.9732905533600005
19300.540455966257,bench:759d48b07800d479,19,4.14352,0.9286194,3.8477530562879996
19304.40462194383,bench:759d48b07800d479,19,4.17924,0.9294252,3.884290972848
19308.246844972018,bench:759d48b07800d479,19,4.27747,0.9294252,3.975588410244
19312.09964095615,bench:759d48b07800d479,19,4.16138,0.9286194,3.8643381987720002
19315.938029962126,bench:759d48b07800d479,19,4.2864,0.9296938,3.9850395043200004
19319.877695990726,bench:759d48b07800d479,19,4.04529,0.9286194,3.7565347726259994
19326.648945978377,bench:759d48b07800d479,19,4.12566,0.9280821,3.828951196686
19330.683592997957,bench:759d48b07800d479,19,4.04529,0.928888,3.75762133752
19334.632202982903,bench:759d48b07800d479,19,4.04529,0.928888,3.75762133752
19338.616256951354,bench:759d48b07800d479,19,4.07208,0.9294252,3.7846937684159996
19342.53462695051,bench:759d48b07800d479,19,4.33998,0.9283507,4.029023470986
19346.470144984778,bench:759d48b07800d479,19,4.03636,0.9286194,3.748242201384
19350.365514983423,bench:759d48b07800d479,19,4.08994,0.9286194,3.7979976288360002
19354.283587948885,gap,20,3.51842,0.9286194,3.2672730693479997
19358.23727294337,gap,20,1.58061,0.9283507,1.467360399927
19362.095586955547,gap,20,1.58061,0.9286194,1.467785109834
19368.92481794348,gap,20,1.40201,0.9283507,1.301556964907
19373.098203970585,gap,20,1.39308,0.928888,1.2940152950400001
19377.239348948933,gap,20,1.40201,0.9280821,1.301180385021
19381.396401964594,gap,20,1.38415,0.9286194,1.28534854251
19385.524232988246,gap,20,1.37522,0.9286194,1.277055971268
19389.665211958345,gap,20,1.40201,0.9283507,1.301556964907
19397.946798999328,gap,20,1.1609,0.8182165,0.9498675348500001
19405.031248985324,gap,20,1.02695,0.7223192,0.7417857024400001
19409.14178395178,gap,20,0.9822999,0.7225879,0.70979802191121
19413.21633796906,gap,20,0.9822999,0.7236622,0.71085330669378
19417.35963098472,gap,20,1.13411,0.7225879,0.8194941632689999
19424.659245996736,gap,20,1.14304,0.8179479,0.9349471676159999
19428.835057944525,gap,20,1.14304,0.8187538,0.935868343552
19433.013721951284,gap,20,1.68777,0.8182165,1.380961262205
19437.164514965843,gap,20,1.15197,0.8182165,0.942560861505
19441.336845979095,gap,20,1.13411,0.8184852,0.928252250172
19445.47297299141,gap,20,1.11625,0.8179479,0.9130343433749999
19449.634876975324,gap,20,1.14304,0.8184852,0.9355613230080001
19453.77635594923,gap,20,1.13411,0.8179479,0.9276428928689999
19457.936315971892,gap,20,1.14304,0.8182165,0.93525418816
19465.020821953658,gap,20,1.14304,0.7225879,0.825946873216
19469.094208965544,gap,20,0.9822999,0.7223192,0.7095340779280801
19473.176576953847,gap,20,0.9822999,0.7223192,0.7095340779280801
19477.243518980686,gap,20,0.96444,0.7220506,0.696374480664
19484.585411963053,gap,20,1.14304,0.8187538,0.935868343552
19491.65825196542,gap,20,0.96444,0.7225879,0.6968926742759999
19495.78134197509,gap,20,0.96444,0.7225879,0.6968926742759999
19499.87565394258,gap,20,0.96444,0.7223192,0.696633529248
19507.230138988234,gap,20,1.13411,0.8187538,0.928556872118
19511.42130297376,gap,20,1.13411,0.8187538,0.928556872118
19518.50864198059,gap,20,0.96444,0.7228564,0.6971516264159999
19522.63539895648,gap,20,0.9822999,0.7228564,0.71006176943436
19529.911846970208,gap,20,1.13411,0.8184852,0.928252250172
19537.00727899559,gap,20,1.13411,0.7223192,0.819189427912
19541.082832962275,gap,20,0.9733699,0.7223192,0.70308376747208
19545.17327499343,gap,20,0.9822999,0.7228564,0.71006176943436
19549.256031983532,gap,20,0.9733699,0.7228564,0.70360666178236
19553.356473974418,gap,20,0.96444,0.7220506,0.696374480664
19557.44391697226,gap,20,0.96444,0.7225879,0.6968926742759999
19561.51458097156,gap,20,0.9822999,0.7225879,0.70979802191121
19565.575171960518,gap,20,0.9822999,0.7225879,0.70979802191121
19569.669539981987,gap,20,0.95551,0.7225879,0.6904399643289999
19573.75359296566,gap,20,0.9822999,0.7228564,0.71006176943436
19577.83083198592,gap,20,0.95551,0.7223192,0.6901832187920001
19581.90416294383,gap,20,0.95551,0.7223192,0.6901832187920001
19585.96967998892,gap,20,0.9465799,0.7223192,0.6837328361040801
19590.038325986825,gap,20,0.95551,0.723125,0.69095316875
19594.12836097181,gap,20,0.95551,0.7225879,0.6904399643289999
19598.186691990122,gap,20,0.9733699,0.7225879,0.7033453119642099
19602.246449969243,gap,20,0.96444,0.7223192,0.696633529248
19606.3049849472,gap,20,0.95551,0.7220506,0.689926568806
19610.412129957695,gap,20,0.9287199,0.7225879,0.67108176222921
19614.499424991664,gap,20,0.96444,0.7223192,0.696633529248
19618.56612598058,gap,20,0.9822999,0.7228564,0.71006176943436
19622.631420963444,gap,20,0.96444,0.7220506,0.696374480664
19626.710492942948,gap,20,0.95551,0.7225879,0.6904399643289999
19630.779156985227,gap,20,0.9465799,0.7225879,0.68398718212321
19634.8852289957,gap,20,0.95551,0.7225879,0.6904399643289999
19642.233380989637,gap,20,1.10732,0.8184852,0.9063250316640001
19646.365192951635,gap,20,1.12518,0.8182165,0.92064084147
19653.384439996444,gap,20,0.95551,0.7225879,0.6904399643289999
19657.446882978547,gap,20,0.96444,0.7223192,0.696633529248
19661.52962099295,gap,20,0.93765,0.7220506,0.6770307450899999
19665.592878998723,gap,20,0.9733699,0.7223192,0.70308376747208
19669.65891397558,gap,20,0.9465799,0.7220506,0.68347858474294
19673.707818961702,gap,20,0.95551,0.7223192,0.6901832187920001
19677.764317952096,gap,20,0.96444,0.7223192,0.696633529248
19681.822092970833,gap,20,0.96444,0.7225879,0.6968926742759999
19685.91934995493,gap,20,0.96444,0.7220506,0.696374480664
19689.988736994565,gap,20,0.9465799,0.7225879,0.68398718212321
19694.07993898494,gap,20,0.9465799,0.7223192,0.6837328361040801
19698.151380987838,gap,20,0.9465799,0.7223192,0.6837328361040801
19702.211786992848,gap,20,0.9733699,0.7223192,0.70308376747208
19706.28389599733,gap,20,0.93765,0.7220506,0.6770307450899999
19710.36354196258,gap,20,0.9465799,0.7228564,0.68424133882636
19714.422076998744,gap,20,0.9465799,0.7225879,0.68398718212321
19718.483833945356,gap,20,0.96444,0.7225879,0.6968926742759999
19722.53520297818,gap,20,0.9465799,0.7223192,0.6837328361040801
19726.59960796591,gap,20,0.95551,0.7225879,0.6904399643289999
19730.65229097847,gap,20,0.9465799,0.7225879,0.68398718212321
19734.73451199243,gap,20,0.95551,0.7223192,0.6901832187920001
19738.799694983754,gap,20,0.9465799,0.7223192,0.6837328361040801
19742.881488986313,gap,20,0.9465799,0.7223192,0.6837328361040801
19746.96189397946,gap,20,0.96444,0.7223192,0.696633529248
19751.058021967765,gap,20,0.93765,0.7225879,0.6775345444349999
19755.13898197096,gap,20,0.95551,0.7225879,0.6904399643289999
19759.212573000696,gap,20,0.93765,0.7223192,0.67728259788
19763.33164499374,gap,20,0.9465799,0.7223192,0.6837328361040801
19767.4384379643,gap,20,0.9465799,0.7225879,0.68398718212321
19771.495528984815,gap,20,0.93765,0.7225879,0.6775345444349999
19775.558304972947,gap,20,0.9465799,0.7225879,0.68398718212321
19781.790911976714,gap,20,1.10732,0.8182165,0.9060274947800001
19786.50149598252,gap,20,1.11625,0.8184852,0.9136341045
19790.628289978486,gap,20,1.12518,0.8184852,0.9209431773360001
19794.76319497917,gap,20,1.11625,0.8187538,0.9139339292499999
19800.88174698176,gap,20,0.9465799,0.7225879,0.68398718212321
19805.419758951757,gap,20,0.9465799,0.7223192,0.6837328361040801
19809.506793972105,gap,20,0.93765,0.7223192,0.67728259788
19813.574310974218,gap,20,0.95551,0.7223192,0.6901832187920001
19820.87390695233,gap,20,1.13411,0.8187538,0.928556872118
19827.955320943147,gap,20,0.9465799,0.7223192,0.6837328361040801
19832.015614956617,gap,20,0.95551,0.7225879,0.6904399643289999
19836.08135394752,gap,20,0.95551,0.7223192,0.6901832187920001
19840.16162995249,gap,20,0.9465799,0.7225879,0.68398718212321
19847.484262951184,gap,20,1.12518,0.8184852,0.9209431773360001
19857.68246097723,gap,20,0.95551,0.7225879,0.6904399643289999
19863.2141489652,gap,20,0.9465799,0.7223192,0.6837328361040801
19881.60695397528,gap,20,1.11625,0.8184852,0.9136341045
19889.680542983115,gap,20,0.9465799,0.7223192,0.6837328361040801
19894.225554948207,gap,20,0.9465799,0.7225879,0.68398718212321
19911.507518962026,gap,20,1.17876,0.8329906,0.981895999656
19917.192649969365,gap,20,1.16983,0.8332592,0.9747716099359999
19921.293665945996,gap,20,1.16983,0.8335279,0.9750859432569999
19925.394681980833,gap,20,1.16983,0.8332592,0.9747716099359999
19932.49592895154,gap,20,0.9465799,0.7225879,0.68398718212321
19936.591074976604,gap,20,0.93765,0.7225879,0.6775345444349999
19940.709997958038,gap,20,0.95551,0.7223192,0.6901832187920001
19948.064630967565,gap,20,1.11625,0.8184852,0.9136341045
19952.21473899437,gap,20,1.11625,0.8182165,0.913334168125
19959.300430957228,gap,20,0.95551,0.7225879,0.6904399643289999
19963.423427951057,gap,20,0.9465799,0.7225879,0.68398718212321
19967.49855595408,gap,20,0.96444,0.7223192,0.696633529248
19971.58536798088,gap,20,0.96444,0.7225879,0.6968926742759999
19975.674736953806,gap,20,0.96444,0.7223192,0.696633529248
19979.742752970196,gap,20,0.93765,0.7225879,0.6775345444349999
19983.83715795353,gap,20,0.93765,0.7225879,0.6775345444349999
19991.176513954997,gap,20,1.11625,0.8184852,0.9136341045
19995.370510965586,gap,20,1.11625,0.8187538,0.9139339292499999
20002.46062799124,gap,20,0.93765,0.7225879,0.6775345444349999
20006.532069994137,gap,20,0.96444,0.7225879,0.6968926742759999
20010.61097497586,gap,20,0.9465799,0.7225879,0.68398718212321
20014.67458496336,gap,20,0.9287199,0.7225879,0.67108176222921
20018.746841989923,gap,20,0.9465799,0.7223192,0.6837328361040801
20022.81072898768,gap,20,0.93765,0.7225879,0.6775345444349999
20026.899448945187,gap,20,0.93765,0.7225879,0.6775345444349999
20030.981094983872,gap,20,0.9465799,0.7223192,0.6837328361040801
20035.081869980786,gap,20,0.96444,0.7225879,0.6968926742759999
20039.19333097292,gap,20,0.96444,0.7225879,0.6968926742759999
20046.552685962524,gap,20,1.11625,0.8179479,0.9130343433749999
20050.69447995629,gap,20,1.11625,0.8182165,0.913334168125
20057.71909694886,gap,20,0.93765,0.7225879,0.6775345444349999
20061.78283598274,gap,20,0.9465799,0.7225879,0.68398718212321
20065.851055958774,gap,20,0.9287199,0.7225879,0.67108176222921
20073.153337987605,gap,20,1.10732,0.8184852,0.9063250316640001
20079.27116798237,gap,20,0.93765,0.7225879,0.6775345444349999
20083.785494964104,gap,20,0.93765,0.7225879,0.6775345444349999
20091.080758953467,gap,20,1.10732,0.8187538,0.906622457816
20095.278199994937,gap,20,1.09839,0.8187538,0.8993109863819999
20099.446548963897,gap,20,1.11625,0.8179479,0.9130343433749999
20105.507267988287,gap,20,0.96444,0.7225879,0.6968926742759999
20110.035039950162,gap,20,0.93765,0.7225879,0.6775345444349999
20117.32096999185,gap,20,1.12518,0.8184852,0.9209431773360001
20124.35843894491,gap,20,0.9465799,0.7223192,0.6837328361040801
20128.45915899379,gap,20,0.9287199,0.7223192,0.67083221519208
20132.551360991783,gap,20,0.9287199,0.7225879,0.67108176222921
20136.61908096401,gap,20,0.9465799,0.7223192,0.6837328361040801
20140.692022978328,gap,20,0.9465799,0.7225879,0.68398718212321
20144.776409957558,gap,20,0.95551,0.7225879,0.6904399643289999
20148.849518969655,gap,20,0.9287199,0.7225879,0.67108176222921
20152.91012794478,gap,20,0.9287199,0.7225879,0.67108176222921
20156.974588986486,gap,20,1.14304,0.7223192,0.8256397383680001
20161.03729099268,gap,20,0.95551,0.7223192,0.6901832187920001
20165.11547396658,gap,20,0.9465799,0.7225879,0.68398718212321
20169.18374999659,gap,20,0.9465799,0.7223192,0.6837328361040801
20173.268432961777,gap,20,0.9465799,0.7225879,0.68398718212321
20177.329097990878,gap,20,0.96444,0.7223192,0.696633529248
20181.39285495272,gap,20,0.9465799,0.7223192,0.6837328361040801
20185.455111961346,gap,20,0.9465799,0.7223192,0.6837328361040801
20189.551165967714,gap,20,0.9465799,0.7225879,0.68398718212321
20196.908705984242,gap,20,1.10732,0.8184852,0.9063250316640001
20201.043017965276,gap,20,1.13411,0.8184852,0.928252250172
20208.078098949045,gap,20,0.91979,0.7223192,0.664381976968
20212.144966993947,gap,20,0.9465799,0.7223192,0.6837328361040801
20216.22820594348,gap,20,0.9287199,0.7225879,0.67108176222921
20223.524005967192,gap,20,1.09839,0.8182165,0.898720821435
20230.612752959132,gap,20,0.9465799,0.7225879,0.68398718212321
20234.703120950144,gap,20,0.95551,0.7228564,0.690696518764
20238.786285975948,gap,20,0.9465799,0.7225879,0.68398718212321
20243.38900099974,gap,20,0.9465799,0.7225879,0.68398718212321
20260.65294595901,gap,20,1.09839,0.8184852,0.899015958828
20266.45442796871,gap,20,1.09839,0.8184852,0.899015958828
20293.08835696429,gap,20,1.12518,0.8182165,0.92064084147
20299.126206955407,gap,20,0.9287199,0.7225879,0.67108176222921
20303.654755989555,gap,20,0.9465799,0.723125,0.6844955901875001
20307.73840198526,gap,20,0.9287199,0.7223192,0.67083221519208
20311.809214996174,gap,20,0.9287199,0.7220506,0.67058276102694
20315.863397961948,gap,20,0.9465799,0.7223192,0.6837328361040801
20319.983635970857,gap,20,0.9108599,0.7223192,0.65793159428008
20327.82296795631,gap,20,1.3395,0.9286194,1.2438856862999998
20334.747586981393,gap,20,1.3395,0.928888,1.244245476
20338.959268992767,gap,20,1.32164,0.9286194,1.2273005438159998
20343.135561968666,gap,20,1.32164,0.9283507,1.2269454191479998
20348.876210977323,gap,20,1.31271,0.9286194,1.219007972574
20353.45327795949,gap,20,1.31271,0.9283507,1.218655247397
20357.552812958602,gap,20,1.29485,0.9286194,1.20242283009
20361.64731095778,gap,20,1.29485,0.928888,1.2027706268
20365.760122949723,gap,20,1.31271,0.9286194,1.219007972574
20369.868990965188,gap,20,1.30378,0.9291566,1.211415791948
20373.94732196117,gap,20,1.33057,0.9286194,1.235593115058
20378.030949970707,gap,20,1.30378,0.928888,1.21106559664
20382.140280969907,gap,20,1.31271,0.9286194,1.219007972574
20386.239351995755,gap,20,1.32164,0.9286194,1.2273005438159998
20390.32220194349,gap,20,1.33057,0.9283507,1.235235590899
20398.148885986302,gap,20,0.9287199,0.7228564,0.67133112352236
20402.209124993533,gap,20,0.93765,0.7225879,0.6775345444349999
20406.341177993454,gap,20,0.9287199,0.7223192,0.67083221519208
20410.460674960632,gap,20,0.9287199,0.7225879,0.67108176222921
20414.753707998898,bench:4086332912da2667,21,1.70563,0.7220506,1.231551164878
20422.17317398172,bench:4086332912da2667,21,1.79493,0.8187538,1.4696057582339999
20426.89560999861,bench:4086332912da2667,21,1.80386,0.8182165,1.47594801569
20433.932283951435,bench:4086332912da2667,21,2.39324,0.8883263,2.1259780342120003
20440.416017954703,bench:4086332912da2667,21,2.83974,0.9286194,2.637037654956
20444.438256963622,bench:4086332912da2667,21,2.83081,0.9280821,2.627224089501
20448.50060698809,bench:4086332912da2667,21,2.83081,0.9286194,2.628745083714
20454.259050951805,bench:4086332912da2667,21,2.4111,0.8877891,2.1405482990099998
20458.651527995244,bench:4086332912da2667,21,2.42003,0.8883263,2.149776295789
20464.380027959123,bench:4086332912da2667,21,2.84867,0.928888,2.64609537896
20468.65248697577,bench:4086332912da2667,21,2.8576,0.9286194,2.65362279744
20472.627596987877,bench:4086332912da2667,21,2.83974,0.9283507,2.636274616818
20476.688132970594,bench:4086332912da2667,21,2.83081,0.9283507,2.627984445067
20480.70638999343,bench:4086332912da2667,21,2.82188,0.9286194,2.620452512472
20484.71761099063,bench:4086332912da2667,21,2.84867,0.9294252,2.647625684484
20488.71862795204,bench:4086332912da2667,21,2.83974,0.928888,2.63780040912
20492.722626950126,bench:4086332912da2667,21,2.84867,0.9291566,2.646860531722
20496.81680998765,bench:4086332912da2667,21,2.84867,0.9291566,2.646860531722
20500.847585964948,bench:4086332912da2667,21,2.86653,0.928888,2.6626853186400004
20504.873731988482,bench:4086332912da2667,21,2.86653,0.9294252,2.664225218556
20508.92739696428,bench:4086332912da2667,21,2.84867,0.928888,2.64609537896
20512.94861797942,bench:4086332912da2667,21,2.84867,0.9291566,2.646860531722
20517.0057269861,bench:4086332912da2667,21,2.84867,0.9286194,2.645330226198
20521.021706983447,bench:4086332912da2667,21,2.84867,0.928888,2.64609537896
20525.055686943233,bench:4086332912da2667,21,2.86653,0.9283507,2.661145132071
20529.13407399319,bench:4086332912da2667,21,2.90225,0.9291566,2.69664474235
20533.147034992,bench:4086332912da2667,21,2.87546,0.9286194,2.670207939924
20537.160922947805,bench:4086332912da2667,21,2.8576,0.928888,2.6543903488000002
20541.237197990995,bench:4086332912da2667,21,2.91118,0.9291566,2.704942110788
20545.21669697715,bench:4086332912da2667,21,2.86653,0.9286194,2.661915368682
20549.286676978227,bench:4086332912da2667,21,2.83081,0.9286194,2.628745083714
20553.333100979216,bench:4086332912da2667,21,2.88439,0.9283507,2.677725475573
20557.44413495995,bench:4086332912da2667,21,2.86653,0.9286194,2.661915368682
20561.46037497092,bench:4086332912da2667,21,2.84867,0.9286194,2.645330226198
20565.47996599693,bench:4086332912da2667,21,2.84867,0.9291566,2.646860531722
20569.49750095373,bench:4086332912da2667,21,2.86653,0.9291566,2.663455268598
20573.540332959965,bench:4086332912da2667,21,2.87546,0.9286194,2.670207939924
20577.57964596385,bench:4086332912da2667,21,2.8576,0.9294252,2.65592545152
20581.651569984388,bench:4086332912da2667,21,2.86653,0.9294252,2.664225218556
20585.705715988297,bench:4086332912da2667,21,2.8576,0.9291566,2.6551579001600003
20589.750435960013,bench:4086332912da2667,21,2.87546,0.9283507,2.669435303822
20593.787175952457,bench:4086332912da2667,21,2.84867,0.9286194,2.645330226198
20597.89282095153,bench:4086332912da2667,21,2.87546,0.9291566,2.671752637036
20603.527692961507,bench:4086332912da2667,21,2.73258,0.918949,2.51110165842
20607.76431899285,bench:4086332912da2667,21,2.72365,0.9186804,2.50216387146
20614.173386944458,bench:4086332912da2667,21,2.88439,0.9286194,2.678500511166
20618.205718987156,bench:4086332912da2667,21,2.87546,0.928888,2.67098028848
20622.263586963527,bench:4086332912da2667,21,2.86653,0.928888,2.6626853186400004
20626.346732955426,bench:4086332912da2667,21,2.87546,0.9291566,2.671752637036
20630.382471950725,bench:4086332912da2667,21,2.83974,0.928888,2.63780040912
20634.410896978807,bench:4086332912da2667,21,2.87546,0.928888,2.67098028848
20638.45995097654,bench:4086332912da2667,21,2.84867,0.9286194,2.645330226198
20642.52089295769,bench:4086332912da2667,21,2.84867,0.9283507,2.644564788569
20646.575557999313,bench:4086332912da2667,21,2.87546,0.928888,2.67098028848
20650.59970394941,bench:4086332912da2667,21,2.8576,0.9283507,2.65285496032
20654.641998989973,bench:4086332912da2667,21,2.84867,0.9291566,2.646860531722
20658.680311986245,bench:4086332912da2667,21,2.83974,0.9294252,2.6393259174479997
20662.709513970185,bench:4086332912da2667,21,2.88439,0.928888,2.67927525832
20666.78165999474,bench:4086332912da2667,21,2.8576,0.9307683,2.65976349408
20670.840620994568,bench:4086332912da2667,21,2.87546,0.928888,2.67098028848
20674.92180399131,bench:4086332912da2667,21,2.88439,0.9286194,2.678500511166
20678.978098963853,bench:4086332912da2667,21,2.86653,0.9286194,2.661915368682
20683.092392981052,bench:4086332912da2667,21,2.86653,0.9286194,2.661915368682
20687.14613094926,bench:4086332912da2667,21,2.86653,0.9286194,2.661915368682
20691.26296194736,bench:4086332912da2667,21,2.8576,0.928888,2.6543903488000002
20698.03635997232,bench:4086332912da2667,21,2.31287,0.8735522,2.0204126768140003
20702.336170943454,bench:4086332912da2667,21,2.30394,0.8735522,2.0126118556679997
20708.237521990668,bench:4086332912da2667,21,2.72365,0.9194863,2.504358860995
20712.493665982038,bench:4086332912da2667,21,2.71472,0.9184118,2.493230881696
20718.896159960423,bench:4086332912da2667,21,2.84867,0.9283507,2.644564788569
20723.087286984082,bench:4086332912da2667,21,2.84867,0.9286194,2.645330226198
20727.18178399373,bench:4086332912da2667,21,2.86653,0.9283507,2.661145132071
20733.678369957488,bench:4086332912da2667,21,2.70579,0.9178746,2.4835759139339997
20737.816441978794,bench:4086332912da2667,21,2.72365,0.9186804,2.50216387146
20744.197787949815,bench:4086332912da2667,21,2.84867,0.9283507,2.644564788569
20748.258581967093,bench:4086332912da2667,21,2.83081,0.9286194,2.628745083714
20752.37202399876,bench:4086332912da2667,21,2.87546,0.9286194,2.670207939924
20758.842554991134,bench:4086332912da2667,21,2.71472,0.9186804,2.4939600554879995
20762.98219995806,bench:4086332912da2667,21,2.72365,0.9184118,2.50143229907
20768.54007295333,bench:4086332912da2667,21,2.84867,0.928888,2.64609537896
20772.743754961994,bench:4086332912da2667,21,2.87546,0.928888,2.67098028848
20776.739419961814,bench:4086332912da2667,21,2.87546,0.928888,2.67098028848
20780.796139966697,bench:4086332912da2667,21,2.88439,0.9286194,2.678500511166
20784.847156959586,bench:4086332912da2667,21,2.84867,0.9286194,2.645330226198
20788.934283948038,bench:4086332912da2667,21,2.84867,0.9283507,2.644564788569
20794.486915983725,bench:4086332912da2667,21,2.72365,0.9186804,2.50216387146
20798.74431999633,bench:4086332912da2667,21,2.75044,0.9186804,2.526775319376
20802.889205981046,bench:4086332912da2667,21,2.73258,0.918949,2.51110165842
20809.91361994529,bench:4086332912da2667,21,2.87546,0.9280821,2.668662955266
20813.972821983043,bench:4086332912da2667,21,2.86653,0.9286194,2.661915368682
20818.01498698769,bench:4086332912da2667,21,2.89332,0.928888,2.6875702281600002
20822.07809598185,bench:4086332912da2667,21,2.89332,0.928888,2.6875702281600002
20826.16087194765,bench:4086332912da2667,21,2.8576,0.9294252,2.65592545152
20830.218443996273,bench:4086332912da2667,21,2.88439,0.9294252,2.680824752628
20834.26331199007,bench:4086332912da2667,21,2.86653,0.9291566,2.663455268598
20838.29219994368,bench:4086332912da2667,21,2.87546,0.9286194,2.670207939924
20842.334067972843,bench:4086332912da2667,21,2.86653,0.9286194,2.661915368682
20846.382954972796,bench:4086332912da2667,21,2.86653,0.928888,2.6626853186400004
20850.458156957757,bench:4086332912da2667,21,2.87546,0.9286194,2.670207939924
20858.57226396911,bench:4086332912da2667,21,2.84867,0.9283507,2.644564788569
20862.653632997535,bench:4086332912da2667,21,2.84867,0.9286194,2.645330226198
20866.742240963504,bench:4086332912da2667,21,2.84867,0.928888,2.64609537896
20873.24753095163,bench:4086332912da2667,21,2.73258,0.9186804,2.510367687432
20878.728199983016,bench:4086332912da2667,21,2.8576,0.9283507,2.65285496032
20882.98188196495,bench:4086332912da2667,21,2.86653,0.9286194,2.661915368682
20887.094471952878,bench:4086332912da2667,21,2.86653,0.928888,2.6626853186400004
20891.177636978682,bench:4086332912da2667,21,2.84867,0.9283507,2.644564788569
20895.24685696233,bench:4086332912da2667,21,2.86653,0.9286194,2.661915368682
20899.317335977685,bench:4086332912da2667,21,2.87546,0.9291566,2.671752637036
20903.43181497883,bench:4086332912da2667,21,2.86653,0.9280821,2.660375182113
20907.4867759482,bench:4086332912da2667,21,2.8576,0.9286194,2.65362279744
20911.555347964168,bench:4086332912da2667,21,2.87546,0.9286194,2.670207939924
20915.62010598136,bench:4086332912da2667,21,2.84867,0.928888,2.64609537896
20919.692584953737,bench:4086332912da2667,21,2.87546,0.9286194,2.670207939924
20923.72899095062,bench:4086332912da2667,21,2.84867,0.9286194,2.645330226198
20927.796006959397,bench:4086332912da2667,21,2.87546,0.928888,2.67098028848
20931.84041295899,bench:4086332912da2667,21,2.84867,0.928888,2.64609537896
20935.883744969033,bench:4086332912da2667,21,2.86653,0.928888,2.6626853186400004
20939.981556963176,bench:4086332912da2667,21,2.84867,0.9291566,2.646860531722
20944.03194397455,bench:4086332912da2667,21,2.86653,0.928888,2.6626853186400004
20948.07453494286,bench:4086332912da2667,21,2.8576,0.9286194,2.65362279744
20952.143014990725,bench:4086332912da2667,21,2.87546,0.9283507,2.669435303822
20956.194456957746,bench:4086332912da2667,21,2.8576,0.9291566,2.6551579001600003
20960.232288984116,bench:4086332912da2667,21,2.86653,0.928888,2.6626853186400004
20964.296267949976,bench:4086332912da2667,21,2.88439,0.928888,2.67927525832
20968.325266963802,bench:4086332912da2667,21,2.87546,0.9286194,2.670207939924
20972.408560977783,bench:4086332912da2667,21,2.87546,0.9291566,2.671752637036
20976.449114969,bench:4086332912da2667,21,2.86653,0.9294252,2.664225218556
20980.52609397564,bench:4086332912da2667,21,2.8576,0.928888,2.6543903488000002
20984.587554994505,bench:4086332912da2667,21,2.8576,0.9294252,2.65592545152
20988.61397895962,bench:4086332912da2667,21,2.8576,0.9286194,2.65362279744
20992.694180982653,bench:4086332912da2667,21,2.86653,0.9283507,2.661145132071
20996.77151197102,bench:4086332912da2667,21,2.84867,0.9294252,2.647625684484
21000.76912197983,bench:4086332912da2667,21,2.84867,0.9283507,2.644564788569
21004.776471992955,bench:4086332912da2667,21,2.9469,0.9286194,2.73654850986
21008.82648897823,bench:4086332912da2667,21,2.91118,0.9291566,2.704942110788
21012.867968995124,bench:4086332912da2667,21,2.8576,0.9286194,2.65362279744
21016.910503967665,bench:4086332912da2667,21,2.8576,0.9291566,2.6551579001600003
21021.00776095176,bench:4086332912da2667,21,2.84867,0.9294252,2.647625684484
21025.040982000064,bench:4086332912da2667,21,2.83081,0.9283507,2.627984445067
21029.070886957925,bench:4086332912da2667,21,2.99155,0.928888,2.7788148964
21033.10864494415,bench:4086332912da2667,21,3.06299,0.9286194,2.844351936006
21037.196568970103,bench:4086332912da2667,21,2.8576,0.9291566,2.6551579001600003
21041.2551589543,bench:4086332912da2667,21,2.89332,0.928888,2.6875702281600002
21045.303768943995,bench:4086332912da2667,21,2.86653,0.9315742,2.670385391526
21049.39626599662,bench:4086332912da2667,21,2.87546,0.928888,2.67098028848
21053.461226983927,bench:4086332912da2667,21,2.91118,0.9280821,2.701814047878
21057.49602196738,bench:4086332912da2667,21,2.88439,0.9286194,2.678500511166
21061.57922395505,bench:4086332912da2667,21,2.88439,0.9294252,2.680824752628
21065.614165971056,bench:4086332912da2667,21,2.89332,0.928888,2.6875702281600002
21069.636293977965,bench:4086332912da2667,21,2.8576,0.9286194,2.65362279744
21073.695736995433,bench:4086332912da2667,21,2.84867,0.9286194,2.645330226198
21077.765641966835,bench:4086332912da2667,21,2.86653,0.9283507,2.661145132071
21081.80334395729,bench:4086332912da2667,21,2.87546,0.9286194,2.670207939924
21085.873434960376,bench:4086332912da2667,21,2.91118,0.9294252,2.7057240537359997
21089.957673975732,bench:4086332912da2667,21,2.87546,0.9286194,2.670207939924
21094.03898596065,bench:4086332912da2667,21,2.87546,0.9286194,2.670207939924
21098.06483599823,bench:4086332912da2667,21,2.8576,0.928888,2.6543903488000002
21102.12546394905,bench:4086332912da2667,21,2.86653,0.9294252,2.664225218556
21106.16292495979,bench:4086332912da2667,21,2.89332,0.928888,2.6875702281600002
21110.199275950436,bench:4086332912da2667,21,2.88439,0.9280821,2.676950728419
21114.24188496312,bench:4086332912da2667,21,2.88439,0.928888,2.67927525832
21118.3068829705,bench:4086332912da2667,21,2.88439,0.9291566,2.680050005474
21122.32058495283,bench:4086332912da2667,21,2.86653,0.9294252,2.664225218556
21126.372175989673,bench:4086332912da2667,21,2.88439,0.9286194,2.678500511166
21130.434469960164,bench:4086332912da2667,21,2.86653,0.9299625,2.665765405125
21134.48448694544,bench:4086332912da2667,21,2.87546,0.9280821,2.668662955266
21138.54131795233,bench:4086332912da2667,21,2.86653,0.9283507,2.661145132071
21142.59718696121,bench:4086332912da2667,21,2.88439,0.9283507,2.677725475573
21146.680517995264,bench:4086332912da2667,21,2.88439,0.9304997,2.683924029683
21150.771607994102,bench:4086332912da2667,21,2.87546,0.9280821,2.668662955266
21154.77782895323,bench:4086332912da2667,21,2.86653,0.928888,2.6626853186400004
21158.855641959235,bench:4086332912da2667,21,2.86653,0.9291566,2.663455268598
21162.863825971726,bench:4086332912da2667,21,2.8576,0.928888,2.6543903488000002
21166.983248956967,bench:4086332912da2667,21,2.8576,0.9286194,2.65362279744
21171.032432990614,bench:4086332912da2667,21,2.87546,0.928888,2.67098028848
21175.05161598092,bench:4086332912da2667,21,2.87546,0.928888,2.67098028848
21179.145520960446,bench:4086332912da2667,21,2.8576,0.9294252,2.65592545152
21183.243722945917,bench:4086332912da2667,21,2.8576,0.9283507,2.65285496032
21187.287294946145,bench:4086332912da2667,21,2.86653,0.9286194,2.661915368682
21191.391607979313,bench:4086332912da2667,21,2.87546,0.928888,2.67098028848
21195.46845695004,bench:4086332912da2667,21,2.86653,0.9280821,2.660375182113
21199.506955977995,bench:4086332912da2667,21,2.86653,0.928888,2.6626853186400004
21203.583619964775,bench:4086332912da2667,21,2.86653,0.9294252,2.664225218556
21207.63756299857,bench:4086332912da2667,21,2.87546,0.9286194,2.670207939924
21211.639672983438,bench:4086332912da2667,21,2.8576,0.928888,2.6543903488000002
21215.71265195962,bench:4086332912da2667,21,2.88439,0.928888,2.67927525832
21219.768186972942,bench:4086332912da2667,21,2.86653,0.928888,2.6626853186400004
21223.819499951787,bench:4086332912da2667,21,2.88439,0.9286194,2.678500511166
21227.89133095648,bench:4086332912da2667,21,2.88439,0.9286194,2.678500511166
21231.926866981667,bench:4086332912da2667,21,2.86653,0.9286194,2.661915368682
21236.030012951232,bench:4086332912da2667,21,2.87546,0.928888,2.67098028848
21240.086454956327,bench:4086332912da2667,21,2.8576,0.928888,2.6543903488000002
21244.12248999579,bench:4086332912da2667,21,2.84867,0.9283507,2.644564788569
21248.217265994754,bench:4086332912da2667,21,2.88439,0.9294252,2.680824752628
21252.237726992462,bench:4086332912da2667,21,2.87546,0.9291566,2.671752637036
21256.26305898186,bench:4086332912da2667,21,2.83081,0.928888,2.6295054392800004
21260.25876199128,bench:4086332912da2667,21,2.86653,0.9291566,2.663455268598
21264.374277961906,bench:4086332912da2667,21,2.8576,0.9286194,2.65362279744
21268.44977599103,bench:4086332912da2667,21,2.87546,0.9291566,2.671752637036
21272.5159029942,bench:4086332912da2667,21,2.86653,0.9291566,2.663455268598
21276.561123959254,bench:4086332912da2667,21,2.87546,0.9280821,2.668662955266
21280.651824956294,bench:4086332912da2667,21,2.86653,0.9286194,2.661915368682
21284.656175994314,bench:4086332912da2667,21,2.88439,0.928888,2.67927525832
21288.74554397771,bench:4086332912da2667,21,2.86653,0.9291566,2.663455268598
21292.789911967702,bench:4086332912da2667,21,2.8576,0.9294252,2.65592545152
21296.86015099287,bench:4086332912da2667,21,2.89332,0.9283507,2.686015647324
21300.949055992533,bench:4086332912da2667,21,2.87546,0.928888,2.67098028848
21305.03210995812,bench:4086332912da2667,21,2.87546,0.928888,2.67098028848
21309.092496987432,bench:4086332912da2667,21,3.77739,0.9294252,3.5108014562279997
21313.161642989144,bench:4086332912da2667,21,2.92011,0.928888,2.71245513768
21317.3078619875,bench:4086332912da2667,21,2.8576,0.9291566,2.6551579001600003
21323.945520969573,bench:4086332912da2667,21,2.82188,0.9294252,2.622726383376
21329.13963799365,bench:4086332912da2667,21,2.92011,0.9286194,2.7116707961340003
21333.380670985207,bench:4086332912da2667,21,2.68793,0.928888,2.4967859218400004
21337.44787296746,bench:4086332912da2667,21,2.68793,0.928888,2.4967859218400004
21341.603980981745,bench:4086332912da2667,21,2.67007,0.9286194,2.479478801358
21345.725718943868,bench:4086332912da2667,21,2.68793,0.928888,2.4967859218400004
21349.783438956365,bench:4086332912da2667,21,2.68793,0.9283507,2.4953416970510003
21355.905824981164,bench:4086332912da2667,21,2.72365,0.9286194,2.52923422881
21359.95491599897,bench:4086332912da2667,21,2.7683,0.9283507,2.56995324281
21364.0608949936,bench:4086332912da2667,21,2.78616,0.928888,2.5880305900800002
21369.291844952386,bench:4086332912da2667,21,2.68793,0.9283507,2.4953416970510003
21373.52776696207,bench:4086332912da2667,21,2.69686,0.928888,2.50508089168
21379.666059976444,bench:4086332912da2667,21,2.77723,0.9283507,2.578243414561
21383.736594987568,bench:4086332912da2667,21,2.7683,0.9286194,2.57069708502
21390.415586996824,bench:4086332912da2667,21,2.87546,0.928888,2.67098028848
21394.514657964464,bench:4086332912da2667,21,2.88439,0.9283507,2.677725475573
21398.602452944033,bench:4086332912da2667,21,2.8576,0.9294252,2.65592545152
21402.655561978463,bench:4086332912da2667,21,2.88439,0.9286194,2.678500511166
21406.726040993817,bench:4086332912da2667,21,2.8576,0.9283507,2.65285496032
21412.67974296352,bench:4086332912da2667,21,2.72365,0.918949,2.50289544385
21416.897887946106,gap,22,1.58061,0.9186804,1.452075427044
21423.35745599121,gap,22,1.49131,0.9036377,1.347603938387
21430.497090972494,gap,22,0.96444,0.7223192,0.696633529248
21434.62653295137,gap,22,0.95551,0.7228564,0.690696518764
21438.709048961755,gap,22,0.96444,0.7223192,0.696633529248
21442.803527985234,gap,22,0.96444,0.7225879,0.6968926742759999
21450.1574759488,gap,22,1.12518,0.8179479,0.920338618122
21454.290213994682,gap,22,1.11625,0.8182165,0.913334168125
21461.30370296305,gap,22,0.9465799,0.723125,0.6844955901875001
21465.377107961103,gap,22,0.9465799,0.7223192,0.6837328361040801
21469.492734991945,gap,22,0.9733699,0.7223192,0.70308376747208
21473.620046977885,gap,22,0.93765,0.7223192,0.67728259788
21477.697341993917,gap,22,0.96444,0.7223192,0.696633529248
21481.784005998634,gap,22,0.9465799,0.7225879,0.68398718212321
21485.8580409782,gap,22,0.91979,0.7225879,0.664629124541
21489.942297979724,gap,22,0.9465799,0.7225879,0.68398718212321
21494.031758978963,gap,22,0.93765,0.7223192,0.67728259788
21498.091738962103,gap,22,0.95551,0.7225879,0.6904399643289999
21502.15408799704,gap,22,0.9465799,0.7228564,0.68424133882636
21506.22082699556,gap,22,0.9465799,0.7223192,0.6837328361040801
21510.307509975974,gap,22,0.95551,0.7223192,0.6901832187920001
21514.397396997083,gap,22,0.9465799,0.7223192,0.6837328361040801
21518.468542955816,gap,22,0.9465799,0.7223192,0.6837328361040801
21522.516762954183,gap,22,0.9287199,0.7223192,0.67083221519208
21526.575983967632,gap,22,0.96444,0.7223192,0.696633529248
21530.632814974524,gap,22,0.95551,0.7223192,0.6901832187920001
21534.712868975475,gap,22,0.95551,0.7225879,0.6904399643289999
21538.78410696052,gap,22,0.96444,0.7225879,0.6968926742759999
21542.843771982007,gap,22,0.95551,0.7225879,0.6904399643289999
21546.890566998627,gap,22,0.9287199,0.7223192,0.67083221519208
21550.977656967007,gap,22,0.9287199,0.7223192,0.67083221519208
21555.06785796024,gap,22,0.9465799,0.723125,0.6844955901875001
21559.153244947083,gap,22,0.93765,0.7223192,0.67728259788
21563.28159396071,gap,22,0.9465799,0.7225879,0.68398718212321
21567.506479972508,gap,22,0.9287199,0.7225879,0.67108176222921
21573.697456973605,gap,22,1.12518,0.8187538,0.9212454006840001
21578.398152953014,gap,22,1.11625,0.8187538,0.9139339292499999
21582.569501944818,gap,22,1.11625,0.8182165,0.913334168125
21586.745776992757,gap,22,1.10732,0.8184852,0.9063250316640001
21590.917773952242,gap,22,1.11625,0.8184852,0.9136341045
21595.06954898825,gap,22,1.09839,0.8187538,0.8993109863819999
21602.152628998738,gap,22,0.9465799,0.7225879,0.68398718212321
21606.22899699956,gap,22,0.9465799,0.721782,0.6832243333818001
21610.325235989876,gap,22,0.9465799,0.7225879,0.68398718212321
21614.386825996917,gap,22,0.95551,0.723125,0.69095316875
21618.450694950297,gap,22,0.9287199,0.7225879,0.67108176222921
21622.53339594463,gap,22,0.93765,0.7223192,0.67728259788
21628.7660219823,gap,22,1.11625,0.8182165,0.913334168125
21633.472475979943,gap,22,1.10732,0.8184852,0.9063250316640001
21640.502186957747,gap,22,0.9465799,0.7228564,0.68424133882636
21644.570813979954,gap,22,0.93765,0.7225879,0.6775345444349999
21648.637219972443,gap,22,0.95551,0.7225879,0.6904399643289999
21652.676495956257,gap,22,0.9465799,0.7225879,0.68398718212321
21656.74012398813,gap,22,0.96444,0.7225879,0.6968926742759999
21660.790195979644,gap,22,0.9465799,0.7228564,0.68424133882636
21664.87437899923,gap,22,0.9465799,0.7223192,0.6837328361040801
21668.94952498842,gap,22,0.95551,0.7223192,0.6901832187920001
21673.06096694665,gap,22,0.95551,0.7225879,0.6904399643289999
21679.37168397475,gap,22,1.11625,0.8182165,0.913334168125
21684.085156943183,gap,22,1.09839,0.8182165,0.898720821435
21691.1801819806,gap,22,0.9465799,0.7225879,0.68398718212321
21695.28971699765,gap,22,0.9465799,0.7223192,0.6837328361040801
21699.407602951396,gap,22,0.9465799,0.7223192,0.6837328361040801
21706.692254985683,gap,22,1.12518,0.8182165,0.92064084147
21710.838492959738,gap,22,1.12518,0.8184852,0.9209431773360001
21716.885471949354,gap,22,0.9465799,0.7225879,0.68398718212321
21721.471835975535,gap,22,0.9465799,0.7225879,0.68398718212321
21725.59501795331,gap,22,0.9465799,0.7225879,0.68398718212321
21729.686274949927,gap,22,0.9465799,0.7225879,0.68398718212321
21735.92186399037,gap,22,1.09839,0.8182165,0.898720821435
21740.630466956645,gap,22,1.12518,0.8187538,0.9212454006840001
21747.698213963304,gap,22,0.9287199,0.7223192,0.67083221519208
21751.815729949158,gap,22,0.93765,0.7228564,0.6777863034599999
21755.888856947422,gap,22,0.93765,0.7220506,0.6770307450899999
21763.252267963253,gap,22,1.10732,0.8184852,0.9063250316640001
21767.460449947976,gap,22,1.10732,0.8184852,0.9063250316640001
21774.514863966033,gap,22,0.93765,0.7225879,0.6775345444349999
21778.623046993744,gap,22,0.9465799,0.7223192,0.6837328361040801
21782.692210981622,gap,22,0.93765,0.7225879,0.6775345444349999
21786.796004977077,gap,22,0.9287199,0.7225879,0.67108176222921
21790.877576975618,gap,22,0.9465799,0.7228564,0.68424133882636
21794.993463961873,gap,22,0.93765,0.7228564,0.6777863034599999
21802.354966988787,gap,22,1.10732,0.8184852,0.9063250316640001
21806.494167947676,gap,22,1.11625,0.8182165,0.913334168125
21812.613386951853,gap,22,0.9287199,0.7223192,0.67083221519208
21817.183324950747,gap,22,0.9287199,0.7223192,0.67083221519208
21821.273415000178,gap,22,0.9465799,0.7223192,0.6837328361040801
21825.381949951407,gap,22,0.93765,0.7228564,0.6777863034599999
21829.45200294489,gap,22,0.93765,0.7225879,0.6775345444349999
21833.531222946476,gap,22,0.9465799,0.7223192,0.6837328361040801
21837.604646978434,gap,22,0.93765,0.7220506,0.6770307450899999
21841.697292984463,gap,22,0.93765,0.7223192,0.67728259788
21845.76247597579,gap,22,0.9465799,0.7225879,0.68398718212321
21849.836788955145,gap,22,0.91979,0.7225879,0.664629124541
21853.895731968805,gap,22,0.9465799,0.7225879,0.68398718212321
21861.997468979098,gap,22,0.9287199,0.7220506,0.67058276102694
21866.078021994326,gap,22,0.91979,0.7228564,0.664876088156
21870.147297973745,gap,22,0.93765,0.7228564,0.6777863034599999
21874.216573953163,gap,22,1.25913,0.7225879,0.909832102527
21878.32003395306,gap,22,0.93765,0.7225879,0.6775345444349999
21882.419809990097,gap,22,0.9465799,0.7225879,0.68398718212321
21886.53689995408,gap,22,0.93765,0.7223192,0.67728259788
21892.765358963516,gap,22,1.12518,0.8182165,0.92064084147
21897.478294966277,gap,22,1.12518,0.8182165,0.92064084147
21904.539356997702,gap,22,0.9287199,0.7225879,0.67108176222921
21908.645965973847,gap,22,0.9465799,0.7228564,0.68424133882636
21912.747036956716,gap,22,0.9465799,0.7225879,0.68398718212321
21920.16998498002,gap,22,1.10732,0.8187538,0.906622457816
21924.912160960957,gap,22,1.12518,0.8184852,0.9209431773360001
21939.703537966125,gap,22,1.09839,0.8184852,0.899015958828
21947.808737982996,gap,22,2.56291,0.723125,1.8533042937500002
21952.452044992242,gap,22,0.93765,0.7220506,0.6770307450899999
21969.677120971028,gap,22,1.28592,0.8638819,1.1108830128479998
21975.11245694477,gap,22,1.27699,0.8636134,1.102825675666
21979.100214957725,gap,22,1.27699,0.8633446,1.102482420754
21983.06695499923,gap,22,1.28592,0.8633446,1.110192088032
21990.07098097354,gap,22,0.9287199,0.7225879,0.67108176222921
21994.145089993253,gap,22,0.9465799,0.7225879,0.68398718212321
21998.24206897756,gap,22,0.9287199,0.7225879,0.67108176222921
22002.32758495258,gap,22,0.9287199,0.7223192,0.67083221519208
22008.55202495586,gap,22,1.09839,0.8184852,0.899015958828
22013.26859096298,gap,22,1.11625,0.8182165,0.913334168125
22020.361837989185,gap,22,0.9287199,0.7228564,0.67133112352236
22024.43513198523,gap,22,0.9287199,0.7225879,0.67108176222921
22028.524888970423,gap,22,0.9465799,0.7228564,0.68424133882636
22035.887688980438,gap,22,1.09839,0.8184852,0.899015958828
22040.029482974205,gap,22,1.09839,0.8184852,0.899015958828
22047.06426698249,gap,22,0.91979,0.7225879,0.664629124541
22054.74413797492,gap,22,1.10732,0.8182165,0.9060274947800001
22058.89509798726,gap,22,1.09839,0.8184852,0.899015958828
22065.987714973744,gap,22,0.9287199,0.7225879,0.67108176222921
22070.05797198508,gap,22,0.9287199,0.7225879,0.67108176222921
22074.132358946372,gap,22,0.9108599,0.7225879,0.6581763423352099
22078.20713496767,gap,22,0.91979,0.7225879,0.664629124541
22085.545082984027,gap,22,1.10732,0.8187538,0.906622457816
22091.5707469685,gap,22,0.9465799,0.7225879,0.68398718212321
22096.08503698837,gap,22,0.91979,0.7223192,0.664381976968
22100.170238991268,gap,22,0.91979,0.7225879,0.664629124541
22104.271050950047,gap,22,0.93765,0.7225879,0.6775345444349999
22108.36604895303,gap,22,0.9287199,0.7228564,0.67133112352236
22112.431453948375,gap,22,0.93765,0.7225879,0.6775345444349999
22119.727161945775,gap,22,1.11625,0.8182165,0.913334168125
22126.801982987672,gap,22,0.9465799,0.7223192,0.6837328361040801
22130.87244395865,gap,22,0.9287199,0.7225879,0.67108176222921
22134.975126944482,gap,22,0.91979,0.7220506,0.664134921374
22142.72381196497,gap,22,1.08053,0.8184852,0.884397813156
22146.86175395036,gap,22,1.09839,0.8184852,0.899015958828
22152.913935948163,gap,22,0.93765,0.7223192,0.67728259788
22157.433336949907,gap,22,0.93765,0.723125,0.67803815625
22161.490038968623,gap,22,0.93765,0.7225879,0.6775345444349999
22165.545129973907,gap,22,0.93765,0.7223192,0.67728259788
22169.603701971937,gap,22,0.9465799,0.7225879,0.68398718212321
22173.67375595495,gap,22,0.91979,0.7225879,0.664629124541
22180.97966699861,gap,22,1.11625,0.8184852,0.9136341045
22188.070376985706,gap,22,0.9287199,0.7223192,0.67083221519208
22192.148985981476,gap,22,0.9287199,0.7228564,0.67133112352236
22196.223390987143,gap,22,0.9465799,0.7223192,0.6837328361040801
22200.3088700003,gap,22,0.91979,0.7223192,0.664381976968
22207.60398596758,gap,22,1.10732,0.8184852,0.9063250316640001
22214.62362195598,gap,22,0.9287199,0.7228564,0.67133112352236
22218.71495299274,gap,22,0.9287199,0.7225879,0.67108176222921
22222.777783987112,gap,22,0.91979,0.7228564,0.664876088156
22226.8420420005,gap,22,0.9287199,0.7225879,0.67108176222921
22230.906354961917,gap,22,0.93765,0.7223192,0.67728259788
22234.969463956077,gap,22,0.93765,0.7225879,0.6775345444349999
22239.055516954977,gap,22,0.9287199,0.7220506,0.67058276102694
22243.134829972405,gap,22,0.91979,0.7225879,0.664629124541
22247.22599395318,gap,22,0.9287199,0.7223192,0.67083221519208
22251.302028947975,gap,22,0.9287199,0.7223192,0.67083221519208
22255.397470958997,gap,22,0.93765,0.7220506,0.6770307450899999
22259.480024978984,gap,22,0.91979,0.7223192,0.664381976968
22263.53726396337,gap,22,0.9108599,0.7225879,0.6581763423352099
22267.5866689533,gap,22,0.9287199,0.7223192,0.67083221519208
22271.65900095133,gap,22,0.91979,0.7223192,0.664381976968
22275.715331954416,gap,22,0.9287199,0.7228564,0.67133112352236
22279.79055198375,gap,22,0.9287199,0.7225879,0.67108176222921
22283.84638397256,gap,22,0.9287199,0.7223192,0.67083221519208
22287.91845595697,gap,22,0.9465799,0.7225879,0.68398718212321
22291.99741699267,gap,22,0.93765,0.7223192,0.67728259788
22296.04650696274,gap,22,0.91979,0.7225879,0.664629124541
22300.120689964388,gap,22,0.9465799,0.7228564,0.68424133882636
22304.176576959435,gap,22,0.9465799,0.7228564,0.68424133882636
22308.262908947654,gap,22,0.9287199,0.7225879,0.67108176222921
22312.330795975868,gap,22,0.93765,0.7225879,0.6775345444349999
22316.398959956132,gap,22,0.9287199,0.7223192,0.67083221519208
22320.572586962953,gap,22,0.9108599,0.7228564,0.65842090821836
22328.47262197174,gap,22,1.33057,0.9286194,1.235593115058
22335.41942597367,gap,22,1.3395,0.9283507,1.2435257626499998
22342.200378945563,gap,22,1.29485,0.928888,1.2027706268
22346.354172972497,gap,22,1.29485,0.928888,1.2027706268
22350.495854974724,gap,22,1.29485,0.9286194,1.20242283009
22354.648444976192,gap,22,1.30378,0.9286194,1.2107154013319998
22361.656025983393,gap,22,1.32164,0.9286194,1.2273005438159998
22365.792615979444,gap,22,1.32164,0.9286194,1.2273005438159998
22371.60346697783,gap,22,1.31271,0.9286194,1.219007972574
22376.179737970233,gap,22,1.30378,0.9286194,1.2107154013319998
22380.32038399251,gap,22,1.30378,0.9286194,1.2107154013319998
22384.465121955145,gap,22,1.28592,0.9286194,1.1941302588479998
22391.41798095079,gap,22,1.31271,0.928888,1.21936056648
22399.669105943758,gap,22,1.09839,0.8184852,0.899015958828
22406.78661095444,gap,22,0.9287199,0.7228564,0.67133112352236
22410.900441987906,gap,22,0.9465799,0.7225879,0.68398718212321
22418.735644954722,gap,22,1.08053,0.8184852,0.884397813156
22422.908659966197,gap,22,1.10732,0.8187538,0.906622457816
22429.02347195195,gap,22,0.9465799,0.7228564,0.68424133882636
22434.572825965006,gap,22,0.91979,0.7228564,0.664876088156
22438.659971987363,gap,22,0.93765,0.7220506,0.6770307450899999
22442.739413992967,gap,22,0.9465799,0.7225879,0.68398718212321
22450.053380976897,gap,22,1.08946,0.8184852,0.8917068859920001
22457.125350949354,gap,22,0.9287199,0.7228564,0.67133112352236
22461.240440956317,gap,22,0.9287199,0.723125,0.6715805776875
22465.307123959064,gap,22,0.91979,0.7225879,0.664629124541
22469.38623295864,gap,22,0.9287199,0.7223192,0.67083221519208
22479.46078394307,bench:a8e76eeec3664255,23,1.38415,0.7223192,0.9997981206800001
22487.45015199529,bench:a8e76eeec3664255,23,3.02727,0.8636134,2.614390937418
22499.442000000272,bench:a8e76eeec3664255,23,5.42051,0.9299625,5.040871030875
22507.537310943007,bench:a8e76eeec3664255,23,3.56307,0.9299625,3.3135214848750003
22515.535141981672,bench:a8e76eeec3664255,23,4.17031,0.928888,3.87375091528
22519.674472976476,bench:a8e76eeec3664255,23,4.13459,0.9286194,3.839460485046
22523.77561799949,bench:a8e76eeec3664255,23,4.1078,0.9286194,3.81458277132
22527.862578979693,bench:a8e76eeec3664255,23,4.08101,0.9299625,3.795186262125
22531.97020594962,bench:a8e76eeec3664255,23,4.09887,0.9299625,3.811795392375
22536.04755597189,bench:a8e76eeec3664255,23,4.09887,0.9294252,3.8095930695239995
22540.154923975933,bench:a8e76eeec3664255,23,4.06315,0.9294252,3.77639400138
22544.21906999778,bench:a8e76eeec3664255,23,4.08101,0.9299625,3.795186262125
22548.293215979356,bench:a8e76eeec3664255,23,4.11673,0.9286194,3.8228753425619995
22552.36645496916,bench:a8e76eeec3664255,23,4.08101,0.9286194,3.789705057594
22556.429600983392,bench:a8e76eeec3664255,23,4.14352,0.9299625,3.8533182179999996
22560.54213596508,bench:a8e76eeec3664255,23,4.20603,0.9296938,3.910320013614
22564.63628198253,bench:a8e76eeec3664255,23,4.30426,0.9286194,3.9970193386440003
22568.738630972803,bench:a8e76eeec3664255,23,4.42035,0.9280821,4.102447710735
22573.281846998725,bench:a8e76eeec3664255,23,4.11673,0.9291566,3.8250868499179997
22577.405603951775,bench:a8e76eeec3664255,23,4.42928,0.9294252,4.116684449856
22581.54432295123,bench:a8e76eeec3664255,23,4.53644,0.9291566,4.215063166504
22591.457560949493,bench:a8e76eeec3664255,23,5.42944,0.9291566,5.044800010304
22595.634150959086,bench:a8e76eeec3664255,23,5.474089,0.9270077,5.0745226534853005
22599.777721974533,bench:a8e76eeec3664255,23,5.81343,0.9294252,5.403148340436
22603.891997947358,bench:a8e76eeec3664255,23,5.67055,0.9286194,5.2657827386700005
22608.007642964367,bench:a8e76eeec3664255,23,5.67055,0.9286194,5.2657827386700005
22612.11780796293,bench:a8e76eeec3664255,23,5.73306,0.9280821,5.320750364226
22616.252711974084,bench:a8e76eeec3664255,23,5.92952,0.928888,5.5078599737600005
22620.34520995803,bench:a8e76eeec3664255,23,5.99203,0.9294252,5.569143681156
22624.529743974563,bench:a8e76eeec3664255,23,5.61697,0.9291566,5.219044747502
22631.24582794262,bench:a8e76eeec3664255,23,5.50088,0.9294252,5.112656494176
22635.529656952713,bench:a8e76eeec3664255,23,5.63483,0.9194863,5.181148987829
22639.682153996546,bench:a8e76eeec3664255,23,5.63483,0.9326486,5.255316310738
22643.81655899342,bench:a8e76eeec3664255,23,5.97417,0.9294252,5.552544147083999
22647.921889962163,bench:a8e76eeec3664255,23,5.67055,0.9286194,5.2657827386700005
22652.02983195195,bench:a8e76eeec3664255,23,5.8938,0.9291566,5.47626316908
22656.14006994292,bench:a8e76eeec3664255,23,5.65269,0.928888,5.25071590872
22660.267937986646,bench:a8e76eeec3664255,23,5.67055,0.928888,5.2673058484
22664.431119977962,bench:a8e76eeec3664255,23,5.70627,0.9291566,5.302018431882
22671.554144995753,bench:a8e76eeec3664255,23,5.67948,0.9299625,5.2817034195
22675.697141967248,bench:a8e76eeec3664255,23,5.8938,0.928888,5.4746800944
22679.78815798415,bench:a8e76eeec3664255,23,5.97417,0.9283507,5.546124901419
22683.9081189828,bench:a8e76eeec3664255,23,5.97417,0.9294252,5.552544147083999
22688.01567197079,bench:a8e76eeec3664255,23,5.91166,0.9291566,5.492857905956001
22692.12881795829,bench:a8e76eeec3664255,23,5.84915,0.928888,5.4332052452
22696.231112000532,bench:a8e76eeec3664255,23,5.97417,0.9291566,5.550939485022
22700.353349966463,bench:a8e76eeec3664255,23,5.84915,0.9294252,5.43634740858
22704.459476983175,bench:a8e76eeec3664255,23,5.804499,0.9294252,5.394847643974799
22711.262355966028,bench:a8e76eeec3664255,23,5.474089,0.9291566,5.0862859233374005
22715.565036982298,bench:a8e76eeec3664255,23,2.5897,0.9302311,2.40901947967
22723.452868987806,bench:a8e76eeec3664255,23,5.67055,0.928888,5.2673058484
22731.18029499892,bench:a8e76eeec3664255,23,5.52767,0.9369466,5.179131612421999
22739.43562299246,bench:a8e76eeec3664255,23,5.92059,0.9294252,5.502745544868
22743.66174894385,bench:a8e76eeec3664255,23,5.67055,0.9291566,5.26882895813
22751.45961897215,bench:a8e76eeec3664255,23,5.822359,0.9286194,5.4067555211646
22763.518465973902,bench:a8e76eeec3664255,23,5.59911,0.928888,5.2009460896799995
22768.007496953942,bench:a8e76eeec3664255,23,5.48302,0.9278135,5.087219976769999
22772.125105955638,bench:a8e76eeec3664255,23,5.73306,0.9294252,5.328450437112
22776.21595497476,bench:a8e76eeec3664255,23,5.8938,0.928888,5.4746800944
22787.50408795895,bench:a8e76eeec3664255,23,5.67055,0.9283507,5.264259061885
22791.958840971347,bench:a8e76eeec3664255,23,5.64376,0.9280821,5.237872632696001
22796.080930973403,bench:a8e76eeec3664255,23,5.8938,0.9291566,5.47626316908
22800.194150942843,bench:a8e76eeec3664255,23,5.97417,0.9280821,5.544520239357
22807.275378960185,bench:a8e76eeec3664255,23,5.79557,0.9286194,5.381878736058
22811.549615988042,bench:a8e76eeec3664255,23,5.99203,0.9291566,5.567534221898
22815.728538960684,bench:a8e76eeec3664255,23,5.54553,0.9291566,5.152665799998
22819.86110995058,bench:a8e76eeec3664255,23,5.67055,0.928888,5.2673058484
22823.96458997391,bench:a8e76eeec3664255,23,5.75092,0.9283507,5.338870607644
22828.09271698352,bench:a8e76eeec3664255,23,5.97417,0.928888,5.549334822960001
22832.24313997198,bench:a8e76eeec3664255,23,5.79557,0.928888,5.38343542616
22836.378303996753,bench:a8e76eeec3664255,23,5.68841,0.9280821,5.279311498461
22843.244330957532,bench:a8e76eeec3664255,23,5.4473,0.9294252,5.06285789196
22847.560381982476,bench:a8e76eeec3664255,23,5.804499,0.9283507,5.3886107097993
22851.701508974656,bench:a8e76eeec3664255,23,4.11673,0.9283507,3.8217691772109994
22855.847412953153,bench:a8e76eeec3664255,23,4.09887,0.9296938,3.810694026006
22867.451912956312,bench:a8e76eeec3664255,23,5.5366,0.9280821,5.13841935486
22875.240856956225,bench:a8e76eeec3664255,23,5.65269,0.9326486,5.271973414734
22879.412649956066,bench:a8e76eeec3664255,23,4.13459,0.9299625,3.8450136528750005
22883.588498982135,bench:a8e76eeec3664255,23,4.14352,0.928888,3.8488660057599997
22887.686422967818,bench:a8e76eeec3664255,23,2.64328,0.9280821,2.453180853288
22891.727512993384,bench:a8e76eeec3664255,23,4.08994,0.928888,3.7990961867200004
22899.570567999035,bench:a8e76eeec3664255,23,5.92059,0.9280821,5.494793600439
22907.59902796708,bench:a8e76eeec3664255,23,2.87546,0.9291566,2.671752637036
22919.469691987615,bench:a8e76eeec3664255,23,5.87594,0.9286194,5.456511877236
22931.47166899871,bench:a8e76eeec3664255,23,5.72413,0.9294252,5.320150670075999
22939.17505798163,bench:a8e76eeec3664255,23,5.5366,0.926739,5.1309831474
22943.70279199211,bench:a8e76eeec3664255,23,5.5366,0.9291566,5.14436843156
22948.15811997978,bench:a8e76eeec3664255,23,5.92952,0.9294252,5.511045311904
22952.638761955313,bench:a8e76eeec3664255,23,5.50088,0.9304997,5.118567189736001
22959.03388597071,bench:a8e76eeec3664255,23,5.29549,0.9186804,4.864862871395999
22966.089891968295,bench:a8e76eeec3664255,23,5.75092,0.9294252,5.345049971183999
22970.556182961445,bench:a8e76eeec3664255,23,5.509809,0.9294252,5.120955331786799
22979.485318996012,bench:a8e76eeec3664255,23,5.92059,0.9291566,5.501155274394
22991.438611992635,bench:a8e76eeec3664255,23,5.59018,0.9296938,5.197155686884
23003.50740394788,bench:a8e76eeec3664255,23,5.55446,0.9304997,5.168423363662
23007.65327096451,bench:a8e76eeec3664255,23,3.00048,0.9291566,2.787915795168
23011.811768985353,bench:a8e76eeec3664255,23,4.15245,0.928888,3.8571609756000003
23019.030680996366,bench:a8e76eeec3664255,23,5.56339,0.9299625,5.173744072875
23023.600173997693,bench:a8e76eeec3664255,23,5.55446,0.9326486,5.180359342756
23027.742911945097,bench:a8e76eeec3664255,23,5.92059,0.9291566,5.501155274394
23037.98831399763,bench:a8e76eeec3664255,23,2.56291,0.9197549,2.357249030759
23042.226994992234,bench:a8e76eeec3664255,23,3.95599,0.9186804,3.634290475596
23047.444463998545,bench:a8e76eeec3664255,23,5.36693,0.9192177,4.933377050661
23054.124917951412,bench:a8e76eeec3664255,23,5.67055,0.9286194,5.2657827386700005
23063.47673595883,bench:a8e76eeec3664255,23,5.63483,0.9294252,5.237152999716
23071.432288968936,bench:a8e76eeec3664255,23,5.97417,0.9291566,5.550939485022
23079.476433980744,bench:a8e76eeec3664255,23,5.822359,0.9294252,5.411447178046799
23083.69341195794,bench:a8e76eeec3664255,23,5.67055,0.9280821,5.262735952155
23091.49983699899,bench:a8e76eeec3664255,23,5.822359,0.928888,5.408319406792
23099.473834969103,bench:a8e76eeec3664255,23,5.8938,0.9280821,5.46993028098
23103.6767019541,bench:a8e76eeec3664255,23,5.509809,0.9304997,5.1268756215573
23107.897105976008,bench:a8e76eeec3664255,23,5.491949,0.9304997,5.1102568969153
23112.004343944136,bench:a8e76eeec3664255,23,4.45607,0.9299625,4.143977997375001
23116.140081954654,bench:a8e76eeec3664255,23,4.14352,0.9369466,3.8822569760319996
23123.5597699997,bench:a8e76eeec3664255,23,4.14352,0.9291566,3.849978955232
23131.281288980972,bench:a8e76eeec3664255,23,5.54553,0.9294252,5.154155329356
23138.96495598601,bench:a8e76eeec3664255,23,5.68841,0.928888,5.283895788080001
23147.28098694468,bench:a8e76eeec3664255,23,5.97417,0.9291566,5.550939485022
23151.539038983174,bench:a8e76eeec3664255,23,5.52767,0.9280821,5.1301315817069995
23163.437146984506,bench:a8e76eeec3664255,23,5.65269,0.9326486,5.271973414734
23167.564736970235,bench:a8e76eeec3664255,23,5.59911,0.9280821,5.1964337669309995
23179.439326981083,bench:a8e76eeec3664255,23,5.6259,0.9294252,5.22885323268
23183.52573196171,bench:a8e76eeec3664255,23,5.57232,0.9280821,5.171570447472001
23191.442951967474,bench:a8e76eeec3664255,23,5.8938,0.9280821,5.46993028098
23195.577874954324,bench:a8e76eeec3664255,23,5.57232,0.9286194,5.174564455008
23199.667632987257,bench:a8e76eeec3664255,23,5.5366,0.928888,5.1428813008
23203.70698295301,bench:a8e76eeec3664255,23,5.56339,0.9296938,5.172249189982
23207.796016999055,bench:a8e76eeec3664255,23,5.58125,0.9296938,5.1888535212499995
23215.45681398129,bench:a8e76eeec3664255,23,5.67055,0.9280821,5.262735952155
23219.54060799908,bench:a8e76eeec3664255,23,5.97417,0.9286194,5.547730160898
23227.450050995685,bench:a8e76eeec3664255,23,5.93845,0.9294252,5.519345078939999
23231.548752984963,bench:a8e76eeec3664255,23,5.56339,0.9280821,5.163282674319
23235.64691696083,bench:a8e76eeec3664255,23,5.56339,0.9275449,5.1602940212110004
23239.795635978226,bench:a8e76eeec3664255,23,5.66162,0.9294252,5.262052300824
23251.42154295463,bench:a8e76eeec3664255,23,5.52767,0.9294252,5.137555795283999
23259.53609496355,bench:a8e76eeec3664255,23,5.70627,0.9369466,5.346470275182
23263.731146987993,bench:a8e76eeec3664255,23,5.50088,0.928888,5.1097014214400005
23267.801052948926,bench:a8e76eeec3664255,23,5.83129,0.9286194,5.415049021026
23279.435848991852,bench:a8e76eeec3664255,23,5.65269,0.9304997,5.259826349193
23283.541234966833,bench:a8e76eeec3664255,23,5.57232,0.9329173,5.198513729136
23287.633380969055,bench:a8e76eeec3664255,23,5.81343,0.9369466,5.446873472838
23291.718452994246,bench:a8e76eeec3664255,23,5.99203,0.9294252,5.569143681156
23295.871264999732,bench:a8e76eeec3664255,23,5.58125,0.9299625,5.190353203125
23300.3735919483,bench:a8e76eeec3664255,23,5.65269,0.9294252,5.253752533787999
23307.434783957433,bench:a8e76eeec3664255,23,5.93845,0.928888,5.5161549436
23315.42472494766,bench:a8e76eeec3664255,23,5.25084,0.9192177,4.826665067868
23323.132336954586,bench:a8e76eeec3664255,23,5.37586,0.9302311,5.000792161246
23331.58147794893,bench:a8e76eeec3664255,23,5.37586,0.9280821,4.989239438106001
23343.520973983686,bench:a8e76eeec3664255,23,5.474089,0.9280821,5.0804040147069
23347.60582394665,bench:a8e76eeec3664255,23,5.48302,0.9299625,5.0990029867499995
23354.20040896861,bench:a8e76eeec3664255,23,5.41158,0.9291566,5.028205273428
23358.382608974352,bench:a8e76eeec3664255,23,5.491949,0.9286194,5.0999303852106
23363.593688991386,bench:a8e76eeec3664255,23,5.4473,0.9294252,5.06285789196
23368.104034976568,bench:a8e76eeec3664255,23,5.48302,0.9302311,5.100475725921999
23372.616898966953,bench:a8e76eeec3664255,23,5.822359,0.9294252,5.411447178046799
23383.413276984356,bench:a8e76eeec3664255,23,5.38479,0.9283507,4.9989735658529995
23387.608180986717,bench:a8e76eeec3664255,23,5.65269,0.928888,5.25071590872
23394.18206195114,bench:a8e76eeec3664255,23,5.491949,0.9280821,5.0969795610129
23399.410252983216,bench:a8e76eeec3664255,23,5.67055,0.9299625,5.273398854375
23407.49621199211,bench:a8e76eeec3664255,23,5.24191,0.9194863,4.819864430832999
23414.008278981782,bench:a8e76eeec3664255,23,5.4473,0.9280821,5.055541623330001
23418.439477973152,bench:a8e76eeec3664255,23,5.5366,0.928888,5.1428813008
23426.940284960438,bench:a8e76eeec3664255,23,5.31335,0.9151884,4.86271628514
23435.253167990595,bench:a8e76eeec3664255,23,4.13459,0.928888,3.8405710359200005
23439.42564696772,bench:a8e76eeec3664255,23,4.16138,0.9286194,3.8643381987720002
23445.958601951133,bench:a8e76eeec3664255,23,3.93813,0.9192177,3.619998800901
23450.06274798652,bench:a8e76eeec3664255,23,3.96492,0.9192177,3.644624643084
23462.985697959084,bench:a8e76eeec3664255,23,5.491949,0.928888,5.1014055227120005
23472.60551294312,gap,24,5.5366,0.9286194,5.14139417004
23476.641474990174,gap,24,1.70563,0.928888,1.58433923944
23483.295984973665,gap,24,1.48238,0.888595,1.3172354561000001
23490.46495294897,gap,24,0.9912299,0.7225879,0.71625073185821
23494.626895000692,gap,24,1.00909,0.7228564,0.729427164676
23498.76611394575,gap,24,0.9912299,0.7228564,0.7165168770863599
23502.905648958404,gap,24,0.9912299,0.7228564,0.7165168770863599
23510.26217098115,gap,24,1.15197,0.8184852,0.942870395844
23514.454129966907,gap,24,1.15197,0.8179479,0.9422514423629998
23518.623460957315,gap,24,1.13411,0.8184852,0.928252250172
23522.801475948654,gap,24,1.15197,0.8187538,0.9431798149859999
23529.88981595263,gap,24,1.00016,0.7225879,0.7227035140639999
23533.964275964536,gap,24,0.9912299,0.7228564,0.7165168770863599
23538.05792197818,gap,24,0.9822999,0.7228564,0.71006176943436
23542.140716977883,gap,24,1.00016,0.7225879,0.7227035140639999
23546.206769999117,gap,24,0.9733699,0.7228564,0.70360666178236
23550.261471944395,gap,24,0.95551,0.7223192,0.6901832187920001
23554.33615494985,gap,24,0.9822999,0.7225879,0.70979802191121
23558.40163497487,gap,24,0.9912299,0.7223192,0.7159843883840801
23562.486817943864,gap,24,0.9733699,0.7228564,0.70360666178236
23566.575870965607,gap,24,0.95551,0.7220506,0.689926568806
23570.66499796929,gap,24,0.9822999,0.7228564,0.71006176943436
23574.73397796275,gap,24,0.9822999,0.7228564,0.71006176943436
23578.82284600055,gap,24,0.9912299,0.7223192,0.7159843883840801
23582.896880980115,gap,24,0.9822999,0.7225879,0.70979802191121
23586.967267969158,gap,24,0.9733699,0.7223192,0.70308376747208
23591.056302946527,gap,24,0.9733699,0.7225879,0.7033453119642099
23595.12948599877,gap,24,0.9822999,0.7225879,0.70979802191121
23599.289926991332,gap,24,0.9822999,0.7225879,0.70979802191121
23603.437998972367,gap,24,0.9822999,0.7223192,0.7095340779280801
23607.515903946478,gap,24,0.96444,0.7225879,0.6968926742759999
23614.824814954773,gap,24,1.14304,0.8179479,0.9349471676159999
23618.986997986212,gap,24,1.12518,0.8179479,0.920338618122
23623.142160999123,gap,24,1.14304,0.8179479,0.9349471676159999
23630.46640594257,gap,24,0.96444,0.7223192,0.696633529248
23634.543995955028,gap,24,0.9733699,0.7225879,0.7033453119642099
23638.64234596258,gap,24,0.9733699,0.7228564,0.70360666178236
23642.705843958538,gap,24,0.96444,0.7228564,0.6971516264159999
23650.01260698773,gap,24,1.12518,0.8187538,0.9212454006840001
23657.094427966513,gap,24,0.96444,0.7225879,0.6968926742759999
23661.1694819876,gap,24,0.96444,0.7223192,0.696633529248
23665.24883097736,gap,24,0.96444,0.7225879,0.6968926742759999
23669.344699999783,gap,24,0.96444,0.7220506,0.696374480664
23676.695091999136,gap,24,1.14304,0.8182165,0.93525418816
23683.76772798365,gap,24,0.9733699,0.7225879,0.7033453119642099
23687.87846597843,gap,24,0.96444,0.7225879,0.6968926742759999
23691.96598295821,gap,24,0.95551,0.7223192,0.6901832187920001
23696.034276974387,gap,24,0.96444,0.7223192,0.696633529248
23702.26777298376,gap,24,1.13411,0.8182165,0.9279475148149999
23706.990356964525,gap,24,1.13411,0.8184852,0.928252250172
23714.07686296152,gap,24,0.96444,0.7225879,0.6968926742759999
23718.16582395695,gap,24,0.95551,0.721782,0.6896699188200001
23722.230358980596,gap,24,0.96444,0.721782,0.69611543208
23726.29931999836,gap,24,0.9822999,0.7228564,0.71006176943436
23730.35726195667,gap,24,0.96444,0.7225879,0.6968926742759999
23734.451907977927,gap,24,0.96444,0.7220506,0.696374480664
23738.52488794364,gap,24,0.96444,0.7228564,0.6971516264159999
23742.620144970715,gap,24,0.96444,0.7223192,0.696633529248
23746.677327959333,gap,24,0.96444,0.7223192,0.696633529248
23750.75021496741,gap,24,0.96444,0.7223192,0.696633529248
23754.819823952857,gap,24,0.96444,0.7220506,0.696374480664
23758.883488946594,gap,24,0.9465799,0.7225879,0.68398718212321
23762.934393947944,gap,24,0.96444,0.7225879,0.6968926742759999
23767.037169949617,gap,24,0.9465799,0.7225879,0.68398718212321
23771.178962953854,gap,24,0.9465799,0.7220506,0.68347858474294
23775.29820095515,gap,24,0.9733699,0.7225879,0.7033453119642099
23779.40390299773,gap,24,0.93765,0.7225879,0.6775345444349999
23783.486622967757,gap,24,0.95551,0.7223192,0.6901832187920001
23790.79160798574,gap,24,1.12518,0.8187538,0.9212454006840001
23794.94245699607,gap,24,1.13411,0.8182165,0.9279475148149999
23799.09384297207,gap,24,1.12518,0.8184852,0.9209431773360001
23806.479697988834,gap,24,0.96444,0.7223192,0.696633529248
23810.558899946045,gap,24,0.96444,0.7225879,0.6968926742759999
23814.628693973646,gap,24,0.96444,0.7225879,0.6968926742759999
23818.72930296231,gap,24,0.96444,0.7223192,0.696633529248
23822.821430978365,gap,24,0.96444,0.7225879,0.6968926742759999
23826.901057967916,gap,24,0.96444,0.7225879,0.6968926742759999
23831.015906995162,gap,24,0.96444,0.7223192,0.696633529248
23835.128793958575,gap,24,0.93765,0.7223192,0.67728259788
23842.48850098811,gap,24,1.12518,0.8182165,0.92064084147
23846.644090954214,gap,24,1.12518,0.8184852,0.9209431773360001
23853.690170974005,gap,24,0.9465799,0.7225879,0.68398718212321
23857.78057697462,gap,24,0.95551,0.7223192,0.6901832187920001
23861.85831495095,gap,24,0.96444,0.7223192,0.696633529248
23873.15202195896,gap,24,1.12518,0.8179479,0.920338618122
23880.2171019488,gap,24,0.9465799,0.7225879,0.68398718212321
23884.34035895625,gap,24,0.9465799,0.7223192,0.6837328361040801
23891.630973957945,gap,24,1.13411,0.8182165,0.9279475148149999
23898.729386972263,gap,24,0.96444,0.7223192,0.696633529248
23902.830921986606,gap,24,0.96444,0.7225879,0.6968926742759999
23906.898938992526,gap,24,0.95551,0.7225879,0.6904399643289999
23911.003028973937,gap,24,0.95551,0.723125,0.69095316875
23915.10067495983,gap,24,0.93765,0.7225879,0.6775345444349999
23919.199949945323,gap,24,0.96444,0.7223192,0.696633529248
23923.33440994844,gap,24,0.96444,0.7225879,0.6968926742759999
23927.434074983466,gap,24,0.9465799,0.7225879,0.68398718212321
23931.522627943195,gap,24,0.9465799,0.7225879,0.68398718212321
23935.607181978412,gap,24,0.9287199,0.7225879,0.67108176222921
23942.905036965385,gap,24,1.12518,0.8182165,0.92064084147
23947.028349968605,gap,24,1.12518,0.8184852,0.9209431773360001
23954.106725985184,gap,24,0.9465799,0.7225879,0.68398718212321
23958.196186984424,gap,24,0.95551,0.7228564,0.690696518764
23962.277277954854,gap,24,0.95551,0.7225879,0.6904399643289999
23968.51771796355,gap,24,1.11625,0.8184852,0.9136341045
23973.638982977718,gap,24,1.10732,0.8163362,0.903945400984
23981.306409987155,gap,24,0.9465799,0.7241996,0.68551278494804
23999.6538819978,gap,24,1.16983,0.8332592,0.9747716099359999
24004.380965954624,gap,24,3.67023,0.8332592,3.058252913616
24008.965606975835,gap,24,1.19662,0.8332592,0.9970946239039999
24027.10574795492,gap,24,1.27699,0.8638819,1.103168547481
24031.576593988575,gap,24,1.30378,0.8636134,1.1259618786519998
24035.561999946367,gap,24,1.29485,0.8630761,1.1175540880850001
24042.769486957695,gap,24,1.13411,0.8184852,0.928252250172
24046.92920600064,gap,24,1.11625,0.8184852,0.9136341045
24054.020526993554,gap,24,0.93765,0.7228564,0.6777863034599999
24058.11244994402,gap,24,0.95551,0.7225879,0.6904399643289999
24065.393917961046,gap,24,1.14304,0.8187538,0.935868343552
24072.47518299846,gap,24,0.95551,0.7220506,0.689926568806
24076.590143959038,gap,24,0.95551,0.7228564,0.690696518764
24080.685974971857,gap,24,0.95551,0.7223192,0.6901832187920001
24088.042162999045,gap,24,1.12518,0.8182165,0.92064084147
24092.19003096223,gap,24,1.10732,0.8184852,0.9063250316640001
24099.198777985293,gap,24,0.9465799,0.7225879,0.68398718212321
24103.300590999424,gap,24,0.96444,0.7223192,0.696633529248
24107.387199997902,gap,24,0.9465799,0.7223192,0.6837328361040801
24111.449308984447,gap,24,0.96444,0.7223192,0.696633529248
24115.546509972773,gap,24,0.9465799,0.7225879,0.68398718212321
24119.661729957443,gap,24,0.9465799,0.7225879,0.68398718212321
24123.759912967216,gap,24,0.93765,0.7225879,0.6775345444349999
24127.8320219717,gap,24,0.9465799,0.7225879,0.68398718212321
24131.93777896231,gap,24,0.95551,0.7225879,0.6904399643289999
24139.30248597171,gap,24,1.10732,0.8184852,0.9063250316640001
24143.478815967683,gap,24,1.11625,0.8184852,0.9136341045
24147.621350944974,gap,24,1.12518,0.8184852,0.9209431773360001
24151.770903961733,gap,24,1.09839,0.8187538,0.8993109863819999
24158.904945943505,gap,24,0.9465799,0.7225879,0.68398718212321
24163.081794977188,gap,24,0.9465799,0.7223192,0.6837328361040801
24170.43657595059,gap,24,1.09839,0.8184852,0.899015958828
24174.58325898042,gap,24,1.11625,0.8182165,0.913334168125
24178.715977992397,gap,24,1.12518,0.8184852,0.9209431773360001
24182.886048976798,gap,24,1.12518,0.8182165,0.92064084147
24189.94509294862,gap,24,0.93765,0.7225879,0.6775345444349999
24194.066849944647,gap,24,0.9465799,0.7225879,0.68398718212321
24198.152791999746,gap,24,0.93765,0.7228564,0.6777863034599999
24202.271418995224,gap,24,0.9465799,0.7225879,0.68398718212321
24206.343231955543,gap,24,0.93765,0.7220506,0.6770307450899999
24210.401933989488,gap,24,0.9465799,0.7228564,0.68424133882636
24214.489801961463,gap,24,0.95551,0.7228564,0.690696518764
24218.562614987604,gap,24,0.95551,0.7225879,0.6904399643289999
24222.674759977963,gap,24,0.93765,0.7225879,0.6775345444349999
24230.035615968518,gap,24,1.08946,0.8182165,0.8914141480900001
24234.23337197164,gap,24,1.11625,0.8184852,0.9136341045
24238.41370199807,gap,24,1.10732,0.8179479,0.905730068628
24242.582513950765,gap,24,1.11625,0.8182165,0.913334168125
24246.73467798857,gap,24,1.10732,0.8179479,0.905730068628
24250.87385997176,gap,24,1.13411,0.8179479,0.9276428928689999
24257.942995987833,gap,24,0.95551,0.7225879,0.6904399643289999
24262.050141987856,gap,24,0.93765,0.7220506,0.6770307450899999
24266.150305978954,gap,24,0.9465799,0.723125,0.6844955901875001
24270.256710995454,gap,24,0.9287199,0.7225879,0.67108176222921
24274.342115968466,gap,24,0.9287199,0.7228564,0.67133112352236
24281.708730966784,gap,24,1.09839,0.8187538,0.8993109863819999
24285.85015394492,gap,24,1.12518,0.8184852,0.9209431773360001
24291.964835952967,gap,24,0.9465799,0.7225879,0.68398718212321
24299.175025953446,gap,24,1.11625,0.8179479,0.9130343433749999
24303.95214696182,gap,24,1.11625,0.8182165,0.913334168125
24310.970597958658,gap,24,0.9465799,0.7225879,0.68398718212321
24318.795892992057,gap,24,1.68777,0.8187538,1.3818681010259999
24327.022054989357,gap,24,1.34843,0.928888,1.25254044584
24334.235041984357,gap,24,1.32164,0.9286194,1.2273005438159998
24338.40861299541,gap,24,1.31271,0.9283507,1.218655247397
24342.55546197528,gap,24,1.32164,0.9286194,1.2273005438159998
24346.681940951385,gap,24,1.31271,0.9286194,1.219007972574
24350.77266098233,gap,24,1.30378,0.9286194,1.2107154013319998
24354.896657983772,gap,24,1.30378,0.9286194,1.2107154013319998
24361.902571981773,gap,24,1.33057,0.9283507,1.235235590899
24366.05947697535,gap,24,1.34843,0.9286194,1.252178257542
24370.234343979973,gap,24,1.33057,0.9286194,1.235593115058
24374.37334196875,gap,24,1.33057,0.9283507,1.235235590899
24381.111943977885,gap,24,1.31271,0.928888,1.21936056648
24385.217014991213,gap,24,1.32164,0.9326486,1.232625695704
24389.329197991174,gap,24,1.32164,0.9286194,1.2273005438159998
24397.14295597514,gap,24,0.9465799,0.7223192,0.6837328361040801
24401.209972973447,gap,24,0.9465799,0.7233938,0.68475003086462
24405.298303987365,gap,24,0.93765,0.7225879,0.6775345444349999
24409.38417194411,gap,24,0.9465799,0.7223192,0.6837328361040801
24413.47357694758,gap,24,0.9287199,0.7220506,0.67058276102694
24417.575222963933,gap,24,0.93765,0.7223192,0.67728259788
24421.638276951853,gap,24,0.9465799,0.7225879,0.68398718212321
24425.692681979854,gap,24,0.93765,0.7220506,0.6770307450899999
24429.78377296822,gap,24,0.93765,0.7228564,0.6777863034599999
24433.84851195151,gap,24,0.93765,0.7225879,0.6775345444349999
24437.91224999586,gap,24,0.9465799,0.7223192,0.6837328361040801
24441.9621929992,gap,24,0.9465799,0.7225879,0.68398718212321
24446.041838964447,gap,24,0.93765,0.7225879,0.6775345444349999
24450.641979987267,gap,24,0.9465799,0.7225879,0.68398718212321
24454.70940397354,gap,24,0.93765,0.7225879,0.6775345444349999
24458.7662909762,gap,24,0.93765,0.7225879,0.6775345444349999
24462.849306990393,gap,24,0.9465799,0.7223192,0.6837328361040801
24466.921267972793,gap,24,0.9465799,0.7223192,0.6837328361040801
24471.021358971484,gap,24,0.9465799,0.7225879,0.68398718212321
24475.086282996926,gap,24,0.9287199,0.7225879,0.67108176222921
24479.235186998267,gap,24,0.9465799,0.7225879,0.68398718212321
24486.57894995995,gap,24,1.10732,0.8184852,0.9063250316640001
24490.75922498014,gap,24,1.09839,0.8184852,0.899015958828
24494.878295983654,gap,24,1.09839,0.8182165,0.898720821435
24499.025589961093,gap,24,1.08946,0.8184852,0.8917068859920001
24506.104447995313,gap,24,0.9287199,0.7225879,0.67108176222921
24510.186185943894,gap,24,0.93765,0.723125,0.67803815625
24514.244647987653,gap,24,0.9287199,0.7225879,0.67108176222921
24518.348181969486,gap,24,0.9287199,0.7223192,0.67083221519208
24522.399309964385,gap,24,0.93765,0.7220506,0.6770307450899999
24526.476622966584,gap,24,0.9287199,0.7225879,0.67108176222921
24539.453942968976,bench:264d4c26cb15a7ab,25,1.43773,0.7225879,1.0388863014669998
24551.447475969326,bench:264d4c26cb15a7ab,25,4.96508,0.9039063,4.487967092004
24555.74613797944,bench:264d4c26cb15a7ab,25,4.08101,0.9280821,3.787512330921
24559.873005957343,bench:264d4c26cb15a7ab,25,5.37586,0.9283507,4.990683394102001
24567.349155957345,bench:264d4c26cb15a7ab,25,5.60804,0.9294252,5.2122536986079995
24571.481820952613,bench:264d4c26cb15a7ab,25,4.07208,0.9286194,3.7814124863519996
24575.577299983706,bench:264d4c26cb15a7ab,25,4.07208,0.9294252,3.7846937684159996
24583.55155697791,bench:264d4c26cb15a7ab,25,4.08994,0.928888,3.7990961867200004
24591.624589986168,bench:264d4c26cb15a7ab,25,4.07208,0.928888,3.7825062470399997
24595.73038399685,bench:264d4c26cb15a7ab,25,4.08101,0.9291566,3.791897376166
24599.812881962862,bench:264d4c26cb15a7ab,25,4.08994,0.9294252,3.8012933024880002
24603.92847197363,bench:264d4c26cb15a7ab,25,4.11673,0.9294252,3.826192603595999
24608.06711798068,bench:264d4c26cb15a7ab,25,4.08994,0.9291566,3.8001947446040005
24612.118930963334,bench:264d4c26cb15a7ab,25,4.08101,0.9296938,3.794089694738
24616.1629469716,bench:264d4c26cb15a7ab,25,4.15245,0.9291566,3.85827632367
24620.285259967204,bench:264d4c26cb15a7ab,25,4.09887,0.9294252,3.8095930695239995
24624.337627959903,bench:264d4c26cb15a7ab,25,4.09887,0.9291566,3.808492113042
24628.35431197891,bench:264d4c26cb15a7ab,25,4.17031,0.9294252,3.8759912058119994
24632.470864977222,bench:264d4c26cb15a7ab,25,4.09887,0.9294252,3.8095930695239995
24636.473251972347,bench:264d4c26cb15a7ab,25,4.22389,0.9280821,3.920116701369
24640.47775097424,bench:264d4c26cb15a7ab,25,4.11673,0.9286194,3.8228753425619995
24644.628303998616,bench:264d4c26cb15a7ab,25,4.1078,0.9299625,3.8200999575
24648.716523952316,bench:264d4c26cb15a7ab,25,4.08994,0.928888,3.7990961867200004
24655.501976958476,bench:264d4c26cb15a7ab,25,5.358,0.928888,4.976981904
24663.26338396175,bench:264d4c26cb15a7ab,25,4.08994,0.928888,3.7990961867200004
24671.437343000434,bench:264d4c26cb15a7ab,25,5.52767,0.9326486,5.155373686762
24679.55728294328,bench:264d4c26cb15a7ab,25,5.6259,0.928888,5.2258309992
24683.65618895041,bench:264d4c26cb15a7ab,25,2.58077,0.9291566,2.397939478582
24687.794407946058,bench:264d4c26cb15a7ab,25,2.55398,0.9291566,2.373047373268
24695.580018975306,bench:264d4c26cb15a7ab,25,4.08994,0.928888,3.7990961867200004
24699.693663977087,bench:264d4c26cb15a7ab,25,4.12566,0.928888,3.83227606608
24707.54497795133,bench:264d4c26cb15a7ab,25,4.42035,0.9286194,4.10482276479
24711.631919955835,bench:264d4c26cb15a7ab,25,5.58125,0.9294252,5.187354397499999
24715.72658396326,bench:264d4c26cb15a7ab,25,5.6259,0.9286194,5.22431988246
24719.84093397623,bench:264d4c26cb15a7ab,25,5.55446,0.9280821,5.154994901166
24723.962171992753,bench:264d4c26cb15a7ab,25,5.50088,0.928888,5.1097014214400005
24728.06515096454,bench:264d4c26cb15a7ab,25,5.509809,0.9302311,5.1253956868599
24732.179481943604,bench:264d4c26cb15a7ab,25,5.50088,0.9299625,5.115612117
24736.324553960003,bench:264d4c26cb15a7ab,25,5.48302,0.9302311,5.100475725921999
24743.29683795804,bench:264d4c26cb15a7ab,25,5.50088,0.9304997,5.118567189736001
24747.51470499905,bench:264d4c26cb15a7ab,25,5.43837,0.9294252,5.054558124923999
24751.6738139675,bench:264d4c26cb15a7ab,25,5.67948,0.9291566,5.277126326568
24756.125659972895,bench:264d4c26cb15a7ab,25,5.51874,0.928888,5.126291361120001
24767.511975951493,bench:264d4c26cb15a7ab,25,5.66162,0.9280821,5.254448179002
24771.961896971334,bench:264d4c26cb15a7ab,25,5.509809,0.9286194,5.1165155276946
24783.504581952002,bench:264d4c26cb15a7ab,25,5.50088,0.9296938,5.114134030544
24791.34382196935,bench:264d4c26cb15a7ab,25,5.73306,0.9291566,5.326910537196
24799.27391197998,bench:264d4c26cb15a7ab,25,5.6259,0.9280821,5.22129708639
24803.544982976746,bench:264d4c26cb15a7ab,25,5.64376,0.9286194,5.240905024944
24811.317314975895,bench:264d4c26cb15a7ab,25,5.67055,0.9291566,5.26882895813
24819.269720988814,bench:264d4c26cb15a7ab,25,5.509809,0.9275449,5.1105952379241
24823.54343897896,bench:264d4c26cb15a7ab,25,4.18817,0.9286194,3.8892159124980004
24827.864378981758,bench:264d4c26cb15a7ab,25,4.12566,0.928888,3.83227606608
24831.962431955617,bench:264d4c26cb15a7ab,25,5.51874,0.928888,5.126291361120001
24836.056855972856,bench:264d4c26cb15a7ab,25,4.14352,0.9286194,3.8477530562879996
24843.52954296628,bench:264d4c26cb15a7ab,25,4.15245,0.9286194,3.85604562753
24847.927111957688,bench:264d4c26cb15a7ab,25,4.14352,0.9286194,3.8477530562879996
24852.01779496856,bench:264d4c26cb15a7ab,25,4.45607,0.928888,4.1391899501600005
24856.077311967965,bench:264d4c26cb15a7ab,25,4.14352,0.9291566,3.849978955232
24860.14438397251,bench:264d4c26cb15a7ab,25,4.17924,0.9291566,3.8831684289840003
24864.180307951756,bench:264d4c26cb15a7ab,25,4.09887,0.9286194,3.8062902000779997
24875.571624957956,bench:264d4c26cb15a7ab,25,5.51874,0.9294252,5.129256028248
24879.75436198758,bench:264d4c26cb15a7ab,25,4.14352,0.9294252,3.8510919047039995
24883.8785449625,bench:264d4c26cb15a7ab,25,5.55446,0.9291566,5.160963168436
24891.553322959226,bench:264d4c26cb15a7ab,25,5.474089,0.9291566,5.0862859233374005
24895.661024958827,bench:264d4c26cb15a7ab,25,5.59911,0.9291566,5.202450010625999
24899.781262967736,bench:264d4c26cb15a7ab,25,5.67948,0.9291566,5.277126326568
24903.87237200048,bench:264d4c26cb15a7ab,25,5.51874,0.9291566,5.1277736946840005
24907.95929497108,bench:264d4c26cb15a7ab,25,5.55446,0.9286194,5.157979312524
24912.06505196169,bench:264d4c26cb15a7ab,25,5.59018,0.9291566,5.194152642188
24919.42527797073,bench:264d4c26cb15a7ab,25,5.509809,0.9286194,5.1165155276946
24927.43701598374,bench:264d4c26cb15a7ab,25,5.67055,0.9286194,5.2657827386700005
24935.18499698257,bench:264d4c26cb15a7ab,25,5.55446,0.9296938,5.1639470243479995
24939.551806950476,bench:264d4c26cb15a7ab,25,5.67055,0.9294252,5.27035206786
24943.612415983807,bench:264d4c26cb15a7ab,25,5.59018,0.9291566,5.194152642188
24948.011317988858,bench:264d4c26cb15a7ab,25,5.66162,0.928888,5.259010878560001
24952.111093967687,bench:264d4c26cb15a7ab,25,5.66162,0.9294252,5.262052300824
24959.22854397213,bench:264d4c26cb15a7ab,25,5.52767,0.9291566,5.1360710631219995
24963.53878098307,bench:264d4c26cb15a7ab,25,5.6259,0.9280821,5.22129708639
24975.515609956346,bench:264d4c26cb15a7ab,25,5.68841,0.9280821,5.279311498461
24979.59231195273,bench:264d4c26cb15a7ab,25,5.63483,0.928888,5.23412596904
24987.16736899223,bench:264d4c26cb15a7ab,25,5.491949,0.9294252,5.1043557977148
24995.45147398021,bench:264d4c26cb15a7ab,25,5.63483,0.9296938,5.238666515054
25003.14351194538,bench:264d4c26cb15a7ab,25,5.57232,0.9294252,5.179054630464
25007.519506965764,bench:264d4c26cb15a7ab,25,5.64376,0.928888,5.2424209388800005
25015.495911997277,bench:264d4c26cb15a7ab,25,5.509809,0.928888,5.117995462392
25027.516925998498,bench:264d4c26cb15a7ab,25,5.509809,0.928888,5.117995462392
25031.659626984037,bench:264d4c26cb15a7ab,25,5.59911,0.9291566,5.202450010625999
25043.51427196525,bench:264d4c26cb15a7ab,25,5.509809,0.928888,5.117995462392
25051.18553194916,bench:264d4c26cb15a7ab,25,4.15245,0.9294252,3.8593916717399996
25055.604378983844,bench:264d4c26cb15a7ab,25,4.12566,0.9299625,3.83670908775
25063.62278299639,bench:264d4c26cb15a7ab,25,4.13459,0.9283507,3.8383495207130003
25071.279005962424,bench:264d4c26cb15a7ab,25,5.67948,0.928888,5.27560081824
25079.33509495342,bench:264d4c26cb15a7ab,25,5.51874,0.9291566,5.1277736946840005
25087.29981497163,bench:264d4c26cb15a7ab,25,5.7152,0.928888,5.3087806976000005
25095.274219987914,bench:264d4c26cb15a7ab,25,5.52767,0.9291566,5.1360710631219995
25099.45949498797,bench:264d4c26cb15a7ab,25,4.14352,0.9299625,3.8533182179999996
25103.513492969796,bench:264d4c26cb15a7ab,25,4.16138,0.928888,3.8654559454400004
25107.54197294591,bench:264d4c26cb15a7ab,25,4.17031,0.928888,3.87375091528
25115.550451970194,bench:264d4c26cb15a7ab,25,4.14352,0.9291566,3.849978955232
25119.638078962453,bench:264d4c26cb15a7ab,25,5.67948,0.9280821,5.271023725308
25123.69337299606,bench:264d4c26cb15a7ab,25,3.00048,0.9291566,2.787915795168
25127.723500947468,bench:264d4c26cb15a7ab,25,4.14352,0.9291566,3.849978955232
25131.732129957527,bench:264d4c26cb15a7ab,25,3.98278,0.928888,3.6995565486400004
25135.745294974186,bench:264d4c26cb15a7ab,25,4.15245,0.9291566,3.85827632367
25139.699497958645,bench:264d4c26cb15a7ab,25,3.00048,0.9294252,2.788721724096
25143.72077398002,bench:264d4c26cb15a7ab,25,4.13459,0.9291566,3.8416815867940004
25147.737864986993,bench:264d4c26cb15a7ab,25,4.11673,0.9286194,3.8228753425619995
25151.800714957062,bench:264d4c26cb15a7ab,25,2.71472,0.928888,2.52167083136
25155.801546992734,bench:264d4c26cb15a7ab,25,2.71472,0.9294252,2.5231291789439996
25159.816766972654,bench:264d4c26cb15a7ab,25,4.21496,0.928888,3.9152257644799997
25163.778284972068,bench:264d4c26cb15a7ab,25,4.21496,0.9294252,3.9174900409919995
25167.82907897141,bench:264d4c26cb15a7ab,25,4.13459,0.9286194,3.839460485046
25171.84611497214,bench:264d4c26cb15a7ab,25,4.17031,0.928888,3.87375091528
25175.789132947102,bench:264d4c26cb15a7ab,25,4.2864,0.9291566,3.9827368502400002
25179.79209398618,bench:264d4c26cb15a7ab,25,4.13459,0.9286194,3.839460485046
25183.7894449709,bench:264d4c26cb15a7ab,25,4.11673,0.9286194,3.8228753425619995
25187.797554943245,bench:264d4c26cb15a7ab,25,4.1078,0.9291566,3.8167894814800003
25191.814052988775,bench:264d4c26cb15a7ab,25,2.88439,0.928888,2.67927525832
25195.762866991572,bench:264d4c26cb15a7ab,25,4.13459,0.9291566,3.8416815867940004
25199.787679943256,bench:264d4c26cb15a7ab,25,4.12566,0.9294252,3.8344923706319998
25207.41834799992,bench:264d4c26cb15a7ab,25,5.67055,0.928888,5.2673058484
25211.561788979452,bench:264d4c26cb15a7ab,25,5.67055,0.9291566,5.26882895813
25216.01896896027,bench:264d4c26cb15a7ab,25,5.68841,0.928888,5.283895788080001
25220.52057395922,bench:264d4c26cb15a7ab,25,5.51874,0.9294252,5.129256028248
25227.58972796146,bench:264d4c26cb15a7ab,25,5.509809,0.9304997,5.1268756215573
25235.426911967807,bench:264d4c26cb15a7ab,25,5.52767,0.928888,5.1345863309599995
25243.16357896896,bench:264d4c26cb15a7ab,25,5.55446,0.9299625,5.1654395077499995
25247.66044295393,bench:264d4c26cb15a7ab,25,5.59018,0.9307683,5.203162335294
25252.095937961712,bench:264d4c26cb15a7ab,25,5.50088,0.9294252,5.112656494176
25263.527253991924,bench:264d4c26cb15a7ab,25,5.54553,0.928888,5.151176270640001
25269.270753953606,bench:264d4c26cb15a7ab,25,5.509809,0.9280821,5.1135551073189
25275.574785948265,bench:264d4c26cb15a7ab,25,5.58125,0.928888,5.18435615
25280.03553999588,bench:264d4c26cb15a7ab,25,5.65269,0.9280821,5.246160405849
25287.43567195488,bench:264d4c26cb15a7ab,25,5.55446,0.928888,5.15947124048
25292.203441960737,bench:264d4c26cb15a7ab,25,5.27763,0.9294252,4.905162318276
25304.129067983013,bench:264d4c26cb15a7ab,25,5.52767,0.9291566,5.1360710631219995
25322.306096961256,bench:264d4c26cb15a7ab,25,5.2687,0.9192177,4.84308229599
25331.383546988945,bench:264d4c26cb15a7ab,25,5.52767,0.928888,5.1345863309599995
25359.171835996676,bench:264d4c26cb15a7ab,25,5.42051,0.9369466,5.078728414766
25366.957631951664,bench:264d4c26cb15a7ab,25,5.36693,0.9296938,4.989601546034
25375.05692394916,bench:264d4c26cb15a7ab,25,5.55446,0.928888,5.15947124048
25379.258605942596,bench:264d4c26cb15a7ab,25,4.06315,0.9286194,3.77311991511
25383.27558594756,bench:264d4c26cb15a7ab,25,4.04529,0.9291566,3.7587079024139998
25387.47447199421,bench:264d4c26cb15a7ab,25,5.39372,0.9299625,5.0159573355000004
25395.559449971188,bench:264d4c26cb15a7ab,25,5.43837,0.9286194,5.050175886378
25403.55357696535,bench:264d4c26cb15a7ab,25,4.06315,0.928888,3.7742112772000005
25415.42799997842,bench:264d4c26cb15a7ab,25,5.68841,0.9280821,5.279311498461
25423.576847999357,bench:264d4c26cb15a7ab,25,4.05422,0.9291566,3.767005270852
25431.53021595208,bench:264d4c26cb15a7ab,25,4.22389,0.9291566,3.9246552711739997
25439.452602993697,bench:264d4c26cb15a7ab,25,5.51874,0.928888,5.126291361120001
25443.570581963286,bench:264d4c26cb15a7ab,25,4.13459,0.9291566,3.8416815867940004
25451.555115985684,bench:264d4c26cb15a7ab,25,4.14352,0.928888,3.8488660057599997
25463.454408978578,bench:264d4c26cb15a7ab,25,5.69734,0.9304997,5.301373160798
25467.985828989185,bench:264d4c26cb15a7ab,25,5.50088,0.9304997,5.118567189736001
25472.113214957062,bench:264d4c26cb15a7ab,25,5.65269,0.9286194,5.249197596186
25476.1718979571,bench:264d4c26cb15a7ab,25,5.491949,0.9291566,5.1028806602134
25482.986128947232,bench:264d4c26cb15a7ab,25,5.59911,0.928888,5.2009460896799995
25487.545585958287,bench:264d4c26cb15a7ab,25,5.58125,0.9313055,5.197848821875
25491.638397972565,bench:264d4c26cb15a7ab,25,4.21496,0.928888,3.9152257644799997
25495.716025994625,bench:264d4c26cb15a7ab,25,5.56339,0.9294252,5.170754863428
25499.816226947587,bench:264d4c26cb15a7ab,25,4.15245,0.9286194,3.85604562753
25503.88292898424,bench:264d4c26cb15a7ab,25,4.16138,0.9304997,3.8721628415860003
25507.932074950077,bench:264d4c26cb15a7ab,25,4.27747,0.9304997,3.980184551759
25511.97107299231,bench:264d4c26cb15a7ab,25,4.17031,0.9294252,3.8759912058119994
25516.053922998253,bench:264d4c26cb15a7ab,25,5.67055,0.9291566,5.26882895813
25520.260345947463,bench:264d4c26cb15a7ab,25,3.58093,0.9286194,3.325321068042
25530.219842970837,gap,26,5.21512,0.9194863,4.7952313928559995
25535.184757958632,gap,26,1.70563,0.928888,1.58433923944
25539.39803194953,gap,26,1.6967,0.9291566,1.57650000322
25546.542630996555,gap,26,1.17876,0.8182165,0.96448088154
25550.74777494883,gap,26,1.16983,0.8182165,0.957174208195
25554.95397595223,gap,26,1.17876,0.8179479,0.964164266604
25559.170582972,gap,26,1.16983,0.8182165,0.957174208195
25563.37413599249,gap,26,1.18769,0.8179479,0.9714685413509999
25570.481770962942,gap,26,1.00016,0.7225879,0.7227035140639999
25574.600805994123,gap,26,1.00909,0.7228564,0.729427164676
25578.714876959566,gap,26,0.9733699,0.7225879,0.7033453119642099
25582.81754195923,gap,26,1.00016,0.7225879,0.7227035140639999
25590.178618964273,gap,26,1.15197,0.8184852,0.942870395844
25594.346134981606,gap,26,1.16983,0.8184852,0.9574885415159999
25601.43562196754,gap,26,0.9912299,0.7220506,0.71571814403294
25605.54186097579,gap,26,0.9822999,0.7225879,0.70979802191121
25609.6384509583,gap,26,0.9822999,0.7225879,0.70979802191121
25616.99080595281,gap,26,1.21448,0.8184852,0.994033905696
25621.136877976824,gap,26,1.1609,0.8176794,0.9492440154599999
25628.15868097823,gap,26,0.96444,0.7228564,0.6971516264159999
25632.240511942655,gap,26,0.9912299,0.7225879,0.71625073185821
25636.32162095746,gap,26,0.9822999,0.7220506,0.70927023217494
25640.39848896209,gap,26,0.9822999,0.7223192,0.7095340779280801
25644.472801999655,gap,26,0.9822999,0.7223192,0.7095340779280801
25648.550058947876,gap,26,0.9822999,0.7228564,0.71006176943436
25652.633260993753,gap,26,0.9733699,0.7223192,0.70308376747208
25656.726424989756,gap,26,0.96444,0.7225879,0.6968926742759999
25660.83469998557,gap,26,0.9912299,0.7223192,0.7159843883840801
25664.928994956426,gap,26,0.96444,0.7225879,0.6968926742759999
25669.035584956873,gap,26,1.14304,0.7225879,0.825946873216
25676.380680990405,gap,26,1.15197,0.8184852,0.942870395844
25680.541696958244,gap,26,1.12518,0.8187538,0.9212454006840001
25687.629072985146,gap,26,0.9822999,0.7223192,0.7095340779280801
25691.70420098817,gap,26,0.96444,0.7225879,0.6968926742759999
25695.798697997816,gap,26,0.96444,0.7225879,0.6968926742759999
25703.164867998566,gap,26,1.13411,0.8187538,0.928556872118
25707.33892096905,gap,26,1.12518,0.8187538,0.9212454006840001
25714.417759969365,gap,26,0.9733699,0.7225879,0.7033453119642099
25718.48525799578,gap,26,0.9822999,0.7225879,0.70979802191121
25722.587014955934,gap,26,0.96444,0.7228564,0.6971516264159999
25726.671160955448,gap,26,0.95551,0.7225879,0.6904399643289999
25730.751547962427,gap,26,0.96444,0.7225879,0.6968926742759999
25734.834526956547,gap,26,0.96444,0.7223192,0.696633529248
25738.89891395811,gap,26,0.9733699,0.7225879,0.7033453119642099
25742.97481996473,gap,26,0.9822999,0.7223192,0.7095340779280801
25747.072928992566,gap,26,0.95551,0.7223192,0.6901832187920001
25751.169944996946,gap,26,0.96444,0.7225879,0.6968926742759999
25755.27094199788,gap,26,0.9465799,0.7223192,0.6837328361040801
25759.390069986694,gap,26,0.96444,0.7223192,0.696633529248
25766.753220988903,gap,26,1.12518,0.8187538,0.9212454006840001
25770.91293997364,gap,26,1.13411,0.8187538,0.928556872118
25775.03740094835,gap,26,1.12518,0.8182165,0.92064084147
25782.459032954648,gap,26,0.96444,0.7225879,0.6968926742759999
25786.533808975946,gap,26,0.96444,0.7228564,0.6971516264159999
25790.61497398652,gap,26,0.96444,0.7225879,0.6968926742759999
25794.685841945466,gap,26,0.96444,0.7225879,0.6968926742759999
25801.9981609541,gap,26,1.13411,0.8182165,0.9279475148149999
25809.07787097385,gap,26,0.96444,0.7223192,0.696633529248
25813.180164957885,gap,26,0.9733699,0.7225879,0.7033453119642099
25817.241717944853,gap,26,0.9822999,0.7220506,0.70927023217494
25821.316808986012,gap,26,0.9465799,0.7225879,0.68398718212321
25828.66371999262,gap,26,1.12518,0.8182165,0.92064084147
25835.741854971275,gap,26,0.9733699,0.7228564,0.70360666178236
25839.851519966032,gap,26,0.95551,0.7225879,0.6904399643289999
25843.980664969422,gap,26,0.9465799,0.7225879,0.68398718212321
25851.353186997585,gap,26,1.12518,0.8182165,0.92064084147
25855.501609970815,gap,26,1.11625,0.8182165,0.913334168125
25859.645163000096,gap,26,1.11625,0.8182165,0.913334168125
25863.833215960767,gap,26,1.13411,0.8187538,0.928556872118
25874.860238982365,gap,26,0.96444,0.7225879,0.6968926742759999
25878.950773971155,gap,26,0.9287199,0.7223192,0.67083221519208
25883.059678948484,gap,26,0.96444,0.7228564,0.6971516264159999
25887.15110294288,gap,26,0.95551,0.7225879,0.6904399643289999
25891.32204395719,gap,26,0.95551,0.7225879,0.6904399643289999
25898.58917798847,gap,26,1.13411,0.8184852,0.928252250172
25902.73436094867,gap,26,1.11625,0.8179479,0.9130343433749999
25909.761626971886,gap,26,0.9465799,0.7225879,0.68398718212321
25913.829531986266,gap,26,0.93765,0.7223192,0.67728259788
25917.939621955156,gap,26,0.9465799,0.7228564,0.68424133882636
25922.028434986714,gap,26,0.95551,0.7225879,0.6904399643289999
25926.11785896588,gap,26,0.95551,0.7225879,0.6904399643289999
25930.19678199198,gap,26,0.95551,0.7225879,0.6904399643289999
25934.26161399111,gap,26,0.96444,0.7225879,0.6968926742759999
25938.3263529744,gap,26,0.96444,0.7225879,0.6968926742759999
25942.42607196793,gap,26,0.9465799,0.7225879,0.68398718212321
25946.51601498481,gap,26,0.95551,0.7225879,0.6904399643289999
25950.606530997902,gap,26,0.96444,0.7228564,0.6971516264159999
25954.68121394515,gap,26,0.9465799,0.7223192,0.6837328361040801
25958.75393395545,gap,26,0.95551,0.7225879,0.6904399643289999
25962.828357995022,gap,26,0.96444,0.7223192,0.696633529248
25966.915707977023,gap,26,0.9465799,0.7223192,0.6837328361040801
25971.009427972604,gap,26,0.96444,0.7220506,0.696374480664
25975.107517966535,gap,26,0.96444,0.7225879,0.6968926742759999
25982.448965951335,gap,26,1.11625,0.8182165,0.913334168125
25986.58709297888,gap,26,1.11625,0.8187538,0.9139339292499999
25993.662746972404,gap,26,0.95551,0.7228564,0.690696518764
25997.79331899481,gap,26,0.95551,0.7225879,0.6904399643289999
26001.906945952214,gap,26,0.96444,0.7225879,0.6968926742759999
26009.246004978195,gap,26,1.10732,0.8179479,0.905730068628
26015.353816968855,gap,26,0.9465799,0.7225879,0.68398718212321
26019.885328947566,gap,26,0.93765,0.7223192,0.67728259788
26023.98106799228,gap,26,0.95551,0.7225879,0.6904399643289999
26028.079472947866,gap,26,0.93765,0.7223192,0.67728259788
26036.208875942975,gap,26,1.13411,0.8182165,0.9279475148149999
26040.93857196858,gap,26,1.11625,0.8182165,0.913334168125
26058.145146991592,gap,26,0.96444,0.7225879,0.6968926742759999
