t_ms,phase,window_id,I_A,V_V,P_W
4.810942002222873,warmup,1,1.58061,0.9286194,1.467785109834
9.850993999862112,warmup,1,1.58061,0.9283507,1.467360399927
38.96709300170187,warmup,1,1.56275,0.9283507,1.450780056425
44.0887919976376,warmup,1,2.46468,0.9280821,2.287425390228
70.85474299674388,warmup,1,5.19726,0.9299625,4.8332569027500005
76.4405679947231,warmup,1,5.161539,0.9304997,4.802810491038301
80.60699800262228,warmup,1,3.94706,0.9286194,3.6653164889639998
85.21001599729061,warmup,1,4.15245,0.928888,3.8571609756000003
89.78853499866091,warmup,1,5.8938,0.9283507,5.47151335566
95.1330839889124,warmup,1,5.92952,0.9326486,5.530158526672
100.3639129921794,warmup,1,5.92952,0.9280821,5.503081373592
105.06313398946077,warmup,1,5.27763,0.9299625,4.9079979888750005
109.16495299898088,warmup,1,5.17047,0.9280821,4.798620655587
113.35010400216561,warmup,1,1.59847,0.928888,1.4847996013600002
127.63908199849539,warmup,1,1.59847,0.928888,1.4847996013600002
131.8217329971958,idle,2,1.58954,0.9283507,1.475650571678
135.5977209896082,idle,2,1.58954,0.9283507,1.475650571678
139.3467279995093,idle,2,1.58061,0.9286194,1.467785109834
143.09803099604324,idle,2,1.61633,0.9283507,1.500521086931
146.83616800175514,idle,2,1.58061,0.9286194,1.467785109834
150.58622999640647,idle,2,1.58954,0.9283507,1.475650571678
154.33766299975105,idle,2,1.59847,0.9283507,1.483940743429
158.086169991293,idle,2,1.59847,0.9283507,1.483940743429
161.81562100246083,idle,2,1.58061,0.9286194,1.467785109834
165.5721459974302,idle,2,1.59847,0.9283507,1.483940743429
169.31569000007585,idle,2,1.57168,0.9283507,1.459070228176
173.0734750017291,idle,2,1.58954,0.9286194,1.476077681076
176.80159299925435,idle,2,1.58061,0.9280821,1.4669358480810002
180.53584000153933,idle,2,1.56275,0.9286194,1.45119996735
184.2708659969503,idle,2,1.57168,0.9286194,1.459492538592
188.01518699910957,idle,2,1.57168,0.928888,1.4599146918400001
191.78356499469373,idle,2,1.57168,0.928888,1.4599146918400001
195.56034899142105,idle,2,1.56275,0.928888,1.4516197220000002
199.31009599531535,idle,2,1.58954,0.9283507,1.475650571678
203.0495289945975,idle,2,2.27715,0.9286194,2.1146056667099997
206.8041099992115,idle,2,1.58954,0.9283507,1.475650571678
210.5650239973329,idle,2,1.57168,0.9283507,1.459070228176
214.30275299644563,idle,2,1.58061,0.9283507,1.467360399927
218.03677899879403,idle,2,1.57168,0.9286194,1.459492538592
221.76978598872665,idle,2,1.57168,0.9283507,1.459070228176
225.52390399505384,idle,2,1.58061,0.9286194,1.467785109834
229.27035499014892,idle,2,1.57168,0.9283507,1.459070228176
233.03739899711218,idle,2,1.58954,0.9286194,1.476077681076
236.76509100187104,idle,2,1.58954,0.9283507,1.475650571678
240.5137640016619,idle,2,1.56275,0.9283507,1.450780056425
244.2584189993795,idle,2,1.58061,0.9286194,1.467785109834
248.02899999485817,idle,2,1.58954,0.9283507,1.475650571678
251.77506200270727,idle,2,1.57168,0.9283507,1.459070228176
255.5189949925989,idle,2,1.57168,0.9286194,1.459492538592
259.24546500027645,idle,2,1.56275,0.9286194,1.45119996735
262.98874999338295,idle,2,1.58954,0.9283507,1.475650571678
266.73301598930266,idle,2,1.59847,0.9286194,1.484370252318
270.4480410029646,idle,2,1.56275,0.9286194,1.45119996735
274.17475199035835,idle,2,1.57168,0.9280821,1.458648074928
277.9265739955008,idle,2,1.57168,0.9283507,1.459070228176
281.6731179918861,idle,2,1.57168,0.9283507,1.459070228176
285.42586498952005,idle,2,1.59847,0.928888,1.4847996013600002
289.17094599455595,idle,2,1.56275,0.9283507,1.450780056425
292.9394160019001,idle,2,1.58061,0.928888,1.4682096616800002
296.6812189988559,idle,2,1.61633,0.9286194,1.500955394802
300.43668899452314,idle,2,1.58954,0.9283507,1.475650571678
304.5456919935532,idle,2,2.75937,0.9280821,2.560921904277
310.394626998459,idle,2,2.72365,0.928888,2.5299658012000004
315.5648999963887,idle,2,3.42912,0.928888,3.18526841856
320.18628899822943,idle,2,1.58061,0.9286194,1.467785109834
324.02255399210844,idle,2,1.57168,0.9283507,1.459070228176
327.8345970029477,idle,2,1.57168,0.9283507,1.459070228176
331.6127339930972,idle,2,1.57168,0.9283507,1.459070228176
335.361480989377,idle,2,1.58061,0.9283507,1.467360399927
339.1112469980726,idle,2,1.58061,0.9283507,1.467360399927
342.85875399655197,idle,2,1.58954,0.928888,1.47650463152
346.62231599213555,idle,2,1.58061,0.928888,1.4682096616800002
350.3784159984207,idle,2,1.58061,0.9283507,1.467360399927
354.0992560010636,idle,2,1.58061,0.928888,1.4682096616800002
357.83263300254475,idle,2,1.56275,0.9283507,1.450780056425
361.56432499410585,idle,2,1.57168,0.9286194,1.459492538592
365.304628998274,idle,2,1.58061,0.9286194,1.467785109834
369.09139399358537,idle,2,1.58954,0.9286194,1.476077681076
372.83677198865917,idle,2,1.57168,0.9286194,1.459492538592
376.5787599986652,idle,2,1.57168,0.928888,1.4599146918400001
380.3090259898454,idle,2,1.58061,0.9283507,1.467360399927
384.0338659938425,idle,2,1.58061,0.9286194,1.467785109834
387.76118800160475,idle,2,1.57168,0.9286194,1.459492538592
391.4832139998907,idle,2,1.57168,0.928888,1.4599146918400001
395.20836899464484,idle,2,1.58061,0.9286194,1.467785109834
398.93485700304154,idle,2,1.58061,0.9283507,1.467360399927
402.67525298986584,idle,2,1.56275,0.9283507,1.450780056425
406.41622299153823,idle,2,1.58061,0.9283507,1.467360399927
410.1546929887263,idle,2,1.58061,0.928888,1.4682096616800002
413.8855519995559,idle,2,1.57168,0.9286194,1.459492538592
417.6275219942909,idle,2,1.58954,0.9283507,1.475650571678
421.3469179958338,idle,2,1.56275,0.9280821,1.4503603017750002
425.08401699888054,idle,2,1.58061,0.9286194,1.467785109834
428.8281719927909,idle,2,1.58061,0.928888,1.4682096616800002
432.55669699283317,idle,2,1.58954,0.9283507,1.475650571678
436.2681310012704,idle,2,1.58061,0.928888,1.4682096616800002
439.98810098855756,idle,2,1.58061,0.9283507,1.467360399927
443.72710699099116,idle,2,1.58954,0.9286194,1.476077681076
447.45081799919717,idle,2,1.57168,0.9286194,1.459492538592
451.1647329927655,idle,2,1.57168,0.9286194,1.459492538592
454.8965729918564,idle,2,1.56275,0.9283507,1.450780056425
458.6192279966781,idle,2,1.58954,0.9283507,1.475650571678
462.3639569908846,idle,2,1.57168,0.9283507,1.459070228176
466.1029089911608,idle,2,1.56275,0.9286194,1.45119996735
469.8215639946284,idle,2,1.58061,0.9286194,1.467785109834
473.5495519998949,idle,2,1.58061,0.9283507,1.467360399927
477.2844669932965,idle,2,1.58061,0.9286194,1.467785109834
481.05510299501475,idle,2,1.57168,0.9283507,1.459070228176
484.8031839937903,idle,2,1.56275,0.9286194,1.45119996735
488.5358570027165,idle,2,1.56275,0.9283507,1.450780056425
492.2660489974078,idle,2,1.57168,0.9286194,1.459492538592
495.9871489991201,idle,2,1.57168,0.9286194,1.459492538592
499.71263798943255,idle,2,1.58061,0.9283507,1.467360399927
503.455051992205,idle,2,1.56275,0.9286194,1.45119996735
507.1973369922489,idle,2,1.58954,0.9283507,1.475650571678
510.9296399896266,idle,2,1.57168,0.9283507,1.459070228176
514.669349999167,idle,2,1.58954,0.9286194,1.476077681076
518.3974129904527,idle,2,1.57168,0.9283507,1.459070228176
522.1389939979417,idle,2,1.56275,0.9286194,1.45119996735
525.8746299950872,idle,2,1.56275,0.9283507,1.450780056425
529.6085449954262,idle,2,1.56275,0.9283507,1.450780056425
533.3444959978806,idle,2,1.58061,0.9283507,1.467360399927
537.0689289993607,idle,2,1.58061,0.9283507,1.467360399927
540.8044169889763,idle,2,1.57168,0.9283507,1.459070228176
544.5253689977108,idle,2,1.57168,0.9286194,1.459492538592
548.2512089947704,idle,2,1.59847,0.9283507,1.483940743429
551.9774569984293,idle,2,1.56275,0.9283507,1.450780056425
555.7211859995732,idle,2,1.58954,0.9283507,1.475650571678
559.4507490022806,idle,2,1.58954,0.9283507,1.475650571678
563.1866259936942,idle,2,1.58954,0.9283507,1.475650571678
566.9166879961267,idle,2,1.57168,0.928888,1.4599146918400001
570.6522879918339,idle,2,1.58954,0.928888,1.47650463152
574.3868869903963,idle,2,1.57168,0.9286194,1.459492538592
578.1373939971672,idle,2,1.57168,0.9283507,1.459070228176
581.8657529889606,idle,2,1.58954,0.9283507,1.475650571678
585.6082410027739,idle,2,1.56275,0.928888,1.4516197220000002
589.3440259969793,idle,2,1.57168,0.9283507,1.459070228176
593.0875889898743,idle,2,1.57168,0.9283507,1.459070228176
596.8472989916336,idle,2,1.58954,0.928888,1.47650463152
600.5912870023167,idle,2,1.57168,0.9283507,1.459070228176
604.347404994769,idle,2,1.56275,0.9286194,1.45119996735
608.1097819987917,idle,2,1.58061,0.9283507,1.467360399927
611.8564560019877,idle,2,1.56275,0.9283507,1.450780056425
615.5847589980112,idle,2,1.58061,0.9283507,1.467360399927
619.3187839962775,idle,2,1.56275,0.9286194,1.45119996735
623.0824759986717,idle,2,1.71456,0.928888,1.59263420928
626.8329459999222,idle,2,1.58954,0.9283507,1.475650571678
630.558619988733,idle,2,1.57168,0.9280821,1.458648074928
634.2988669930492,idle,2,1.57168,0.9286194,1.459492538592
638.0352260021027,idle,2,1.57168,0.9283507,1.459070228176
641.7699549929239,idle,2,1.57168,0.9283507,1.459070228176
645.5138699966483,idle,2,1.56275,0.9283507,1.450780056425
649.2576909950003,idle,2,1.55382,0.9283507,1.442489884674
653.0359759926796,idle,2,1.56275,0.9283507,1.450780056425
656.8068709893851,idle,2,1.56275,0.9283507,1.450780056425
660.5598039895995,idle,2,1.56275,0.9283507,1.450780056425
664.3561069940915,idle,2,1.57168,0.928888,1.4599146918400001
668.1020579999313,idle,2,1.58954,0.9286194,1.476077681076
671.8711939902278,idle,2,1.56275,0.9283507,1.450780056425
675.6155530019896,idle,2,1.58061,0.9283507,1.467360399927
679.3772079981863,idle,2,1.55382,0.9283507,1.442489884674
683.1060479889857,idle,2,1.59847,0.9283507,1.483940743429
686.8657769955462,idle,2,1.56275,0.9283507,1.450780056425
690.6184690014925,idle,2,1.56275,0.9283507,1.450780056425
694.3696050002472,idle,2,1.57168,0.9283507,1.459070228176
698.1293709977763,idle,2,1.57168,0.9283507,1.459070228176
701.8813600006979,idle,2,1.56275,0.9283507,1.450780056425
705.6066630029818,idle,2,1.57168,0.9283507,1.459070228176
709.347447991604,idle,2,1.57168,0.9283507,1.459070228176
713.0841949983733,idle,2,1.58954,0.928888,1.47650463152
716.8226840003626,idle,2,1.58954,0.928888,1.47650463152
720.5898940010229,idle,2,1.56275,0.9286194,1.45119996735
724.3350490025477,idle,2,1.55382,0.9283507,1.442489884674
728.0731299979379,idle,2,1.55382,0.9286194,1.442907396108
731.8157849949785,idle,2,1.57168,0.9283507,1.459070228176
735.5490139889298,idle,2,1.57168,0.928888,1.4599146918400001
739.3514459981816,idle,2,1.56275,0.9283507,1.450780056425
745.9789669956081,idle,2,1.58061,0.928888,1.4682096616800002
749.7730850009248,idle,2,1.45559,0.9283507,1.351297995413
753.5845349921146,idle,2,1.45559,0.928888,1.35208008392
757.3640969931148,idle,2,1.47345,0.9286194,1.36827425493
761.118141002953,idle,2,1.46452,0.9283507,1.359588167164
764.8779070004821,idle,2,1.46452,0.9286194,1.359981683688
768.6111549992347,idle,2,1.49131,0.9283507,1.384458682417
772.381624992704,idle,2,1.45559,0.9283507,1.351297995413
776.1361129960278,idle,2,1.46452,0.9283507,1.359588167164
779.8822309996467,idle,2,1.47345,0.9283507,1.367878338915
783.6262009950588,idle,2,1.46452,0.9283507,1.359588167164
787.3829299933277,idle,2,1.47345,0.9283507,1.367878338915
791.1335839889944,idle,2,1.47345,0.9283507,1.367878338915
794.8699249973288,idle,2,1.47345,0.9286194,1.36827425493
798.6175429978175,idle,2,1.46452,0.928888,1.3603750537600001
802.3730309942039,idle,2,1.45559,0.9286194,1.351689112446
806.1369450006168,idle,2,1.46452,0.9286194,1.359981683688
812.807187990984,idle,2,1.57168,0.9286194,1.459492538592
816.5970089903567,idle,2,1.58954,0.9283507,1.475650571678
820.3685339976801,idle,2,1.56275,0.9283507,1.450780056425
824.1354479978327,idle,2,1.56275,0.9283507,1.450780056425
827.8871590009658,idle,2,1.57168,0.9283507,1.459070228176
831.624924991047,idle,2,1.55382,0.9283507,1.442489884674
835.3587279998465,idle,2,1.57168,0.9286194,1.459492538592
839.0864389948547,idle,2,1.72349,0.9283507,1.600003147943
842.8200569906039,idle,2,1.58061,0.9283507,1.467360399927
846.5584149962524,idle,2,1.56275,0.9286194,1.45119996735
850.3058299975237,idle,2,1.58954,0.9283507,1.475650571678
854.0425959945424,idle,2,1.56275,0.9286194,1.45119996735
857.7931579930009,idle,2,1.57168,0.9283507,1.459070228176
861.5447019983549,idle,2,1.56275,0.9283507,1.450780056425
865.2786530001322,idle,2,1.57168,0.9283507,1.459070228176
869.0082160028396,idle,2,1.57168,0.9283507,1.459070228176
872.7412969892612,idle,2,1.58954,0.9280821,1.475223621234
876.4726739900652,idle,2,1.56275,0.9283507,1.450780056425
880.2324769931147,idle,2,1.58061,0.9283507,1.467360399927
883.978705998743,idle,2,1.56275,0.9280821,1.4503603017750002
887.731212991639,idle,2,1.58954,0.9283507,1.475650571678
891.4619239949388,idle,2,1.58954,0.9283507,1.475650571678
895.2065969933756,idle,2,1.58061,0.9286194,1.467785109834
898.9387519977754,idle,2,1.57168,0.9283507,1.459070228176
902.672315001837,idle,2,1.58061,0.928888,1.4682096616800002
906.4040999946883,idle,2,1.57168,0.9283507,1.459070228176
910.1531060005073,idle,2,1.56275,0.9283507,1.450780056425
913.8872240000637,idle,2,1.56275,0.9283507,1.450780056425
917.6181389921112,idle,2,1.56275,0.9283507,1.450780056425
921.3659599918174,idle,2,1.57168,0.9283507,1.459070228176
925.1135039958172,idle,2,1.59847,0.9286194,1.484370252318
928.8269370008493,idle,2,1.58061,0.9283507,1.467360399927
932.5672409904655,idle,2,1.57168,0.9280821,1.458648074928
936.3211180025246,idle,2,1.58954,0.9283507,1.475650571678
940.0594210019335,idle,2,1.57168,0.928888,1.4599146918400001
943.7963719974505,idle,2,1.58954,0.9283507,1.475650571678
948.0476710014045,idle,2,1.58954,0.9283507,1.475650571678
951.7956039926503,idle,2,1.58061,0.9286194,1.467785109834
955.5439809919335,idle,2,1.58954,0.928888,1.47650463152
959.2908579943469,idle,2,1.58061,0.928888,1.4682096616800002
963.0144769907929,idle,2,1.99139,0.928888,1.8497782743200002
966.7486870021094,idle,2,1.57168,0.9283507,1.459070228176
970.5046379967825,idle,2,1.58954,0.928888,1.47650463152
974.2719969945028,idle,2,1.58061,0.9286194,1.467785109834
978.0022819904843,idle,2,1.58061,0.9283507,1.467360399927
981.7301409930224,idle,2,1.56275,0.9283507,1.450780056425
985.4713329987135,idle,2,1.58061,0.9283507,1.467360399927
989.2100249999203,idle,2,1.57168,0.9280821,1.458648074928
993.0099939956563,idle,2,1.57168,0.9283507,1.459070228176
996.7540560028283,idle,2,1.58061,0.9286194,1.467785109834
1000.5112299986649,idle,2,1.57168,0.9283507,1.459070228176
1004.2931439966196,idle,2,1.58954,0.9286194,1.476077681076
1008.0326689931098,idle,2,1.57168,0.9283507,1.459070228176
1011.7603979888372,idle,2,1.57168,0.9286194,1.459492538592
1015.5064049904468,idle,2,1.56275,0.9283507,1.450780056425
1019.2545789905125,idle,2,1.56275,0.9283507,1.450780056425
1023.0014190019574,idle,2,1.58954,0.928888,1.47650463152
1026.7555000027642,idle,2,1.58061,0.9283507,1.467360399927
1030.4948959965259,idle,2,1.56275,0.9286194,1.45119996735
1034.2564759921515,idle,2,1.56275,0.9283507,1.450780056425
1041.9980989972828,idle,2,1.56275,0.9283507,1.450780056425
1045.7466799998656,idle,2,1.56275,0.9283507,1.450780056425
1049.4954460009467,idle,2,1.58061,0.9283507,1.467360399927
1053.23282298923,idle,2,1.56275,0.9286194,1.45119996735
1056.976866995683,idle,2,1.57168,0.9283507,1.459070228176
1060.723317990778,idle,2,1.58061,0.9286194,1.467785109834
1064.453400002094,idle,2,1.58954,0.9283507,1.475650571678
1068.1864249927457,idle,2,1.58061,0.9286194,1.467785109834
1071.9229319947772,idle,2,1.57168,0.9291566,1.4603368450879999
1075.6599019950954,idle,2,1.55382,0.9283507,1.442489884674
1079.41731599567,idle,2,1.56275,0.9283507,1.450780056425
1083.1568779976806,idle,2,1.57168,0.9283507,1.459070228176
1086.903514995356,idle,2,1.57168,0.9283507,1.459070228176
1090.6280589988455,idle,2,1.57168,0.9283507,1.459070228176
1094.363213996985,idle,2,1.55382,0.9283507,1.442489884674
1098.0915909894975,idle,2,1.56275,0.9283507,1.450780056425
1101.8265609891387,idle,2,1.57168,0.928888,1.4599146918400001
1105.5661979917204,idle,2,1.58061,0.9286194,1.467785109834
1109.3001120025292,idle,2,1.56275,0.928888,1.4516197220000002
1113.0461930006277,idle,2,1.56275,0.9283507,1.450780056425
1116.7724409897346,idle,2,1.56275,0.9283507,1.450780056425
1120.4946139914682,idle,2,1.58061,0.9283507,1.467360399927
1124.240713994368,idle,2,1.57168,0.9283507,1.459070228176
1127.9813869914506,idle,2,1.55382,0.9283507,1.442489884674
1131.725079001626,idle,2,1.58061,0.9286194,1.467785109834
1135.466567997355,idle,2,1.57168,0.9283507,1.459070228176
1139.1875379922567,idle,2,1.58061,0.9286194,1.467785109834
1142.925321997609,idle,2,1.55382,0.928888,1.4433247521600001
1146.6657179989852,idle,2,1.58061,0.928888,1.4682096616800002
1150.4039839928737,idle,2,1.58954,0.9283507,1.475650571678
1154.1584539954783,idle,2,1.57168,0.9283507,1.459070228176
1157.8922939952463,idle,2,1.57168,0.9283507,1.459070228176
1161.631689989008,idle,2,1.55382,0.9283507,1.442489884674
1165.3674190019956,idle,2,1.56275,0.928888,1.4516197220000002
1169.1050929948688,idle,2,1.56275,0.9286194,1.45119996735
1172.847339999862,idle,2,1.57168,0.9283507,1.459070228176
1176.5687729930505,idle,2,1.57168,0.9283507,1.459070228176
1180.2947059914004,idle,2,1.56275,0.9280821,1.4503603017750002
1184.051008996903,idle,2,1.58954,0.9286194,1.476077681076
1187.7926460001618,idle,2,1.56275,0.9283507,1.450780056425
1191.5483189950464,idle,2,1.57168,0.9283507,1.459070228176
1195.2972329891054,idle,2,1.57168,0.9286194,1.459492538592
1199.041165993549,idle,2,2.00925,0.9283507,1.865288643975
1202.7794140012702,idle,2,1.6074,0.928888,1.4930945712
1206.511087002582,idle,2,1.56275,0.928888,1.4516197220000002
1210.2486499934457,idle,2,1.55382,0.928888,1.4433247521600001
1213.997897997615,idle,2,1.58954,0.9283507,1.475650571678
1217.7406449918635,idle,2,1.58954,0.9286194,1.476077681076
1221.5050410013646,idle,2,1.58061,0.9283507,1.467360399927
1225.2356589888223,idle,2,1.58954,0.9283507,1.475650571678
1228.9643510011956,idle,2,1.58061,0.9283507,1.467360399927
1232.701005996205,idle,2,1.58954,0.9283507,1.475650571678
1236.4253459963948,idle,2,1.58061,0.9283507,1.467360399927
1240.1646499929484,idle,2,1.55382,0.928888,1.4433247521600001
1243.904285991448,idle,2,1.55382,0.9283507,1.442489884674
1247.6282749994425,idle,2,1.54489,0.9286194,1.434614824866
1251.3781519955955,idle,2,1.58061,0.9286194,1.467785109834
1255.1194359984947,idle,2,1.57168,0.928888,1.4599146918400001
1258.855053994921,idle,2,1.58061,0.9286194,1.467785109834
1262.5953579990892,idle,2,1.58061,0.9283507,1.467360399927
1266.343771989341,idle,2,1.57168,0.9283507,1.459070228176
1270.0835189898498,idle,2,1.56275,0.9283507,1.450780056425
1273.8072299980558,idle,2,1.58061,0.9283507,1.467360399927
1277.5311069999589,idle,2,1.58061,0.9280821,1.4669358480810002
1281.2716699991142,idle,2,1.57168,0.9283507,1.459070228176
1285.0122319941875,idle,2,1.57168,0.9283507,1.459070228176
1288.756405992899,idle,2,1.58954,0.9286194,1.476077681076
1292.505152989179,idle,2,1.58954,0.9286194,1.476077681076
1296.2453639920568,idle,2,1.57168,0.9286194,1.459492538592
1299.980814990704,idle,2,1.58061,0.9283507,1.467360399927
1303.717859002063,idle,2,1.57168,0.9283507,1.459070228176
1307.452237000689,idle,2,1.58061,0.9286194,1.467785109834
1311.199335992569,idle,2,1.56275,0.9286194,1.45119996735
1314.9408239987679,idle,2,1.55382,0.9286194,1.442907396108
1318.6789419996785,idle,2,1.58061,0.9283507,1.467360399927
1322.433948997059,idle,2,1.56275,0.9286194,1.45119996735
1326.172492990736,idle,2,1.56275,0.9286194,1.45119996735
1329.9056480027502,idle,2,1.58954,0.9280821,1.475223621234
1333.6509880027734,idle,2,1.57168,0.9280821,1.458648074928
1337.3827179893851,idle,2,1.58954,0.9286194,1.476077681076
1341.1236870015273,idle,2,1.56275,0.928888,1.4516197220000002
1344.8542679980164,idle,2,1.56275,0.9283507,1.450780056425
1348.5967379965587,idle,2,1.58061,0.928888,1.4682096616800002
1352.3346149886493,idle,2,1.58061,0.9283507,1.467360399927
1356.057511002291,idle,2,1.56275,0.9283507,1.450780056425
1359.8122589901322,idle,2,1.58061,0.9286194,1.467785109834
1363.5557660018094,idle,2,1.56275,0.9283507,1.450780056425
1367.293012997834,idle,2,1.58954,0.9280821,1.475223621234
1371.0224459937308,idle,2,1.70563,0.9280821,1.582964672223
1374.7729899914702,idle,2,1.58061,0.9283507,1.467360399927
1378.5026269906666,idle,2,1.58061,0.928888,1.4682096616800002
1382.2410229913658,idle,2,1.57168,0.9286194,1.459492538592
1385.966029993142,idle,2,1.58061,0.9283507,1.467360399927
1389.7050179948565,idle,2,1.6074,0.9283507,1.49223091518
1393.4509139944566,idle,2,1.57168,0.9283507,1.459070228176
1397.2040499938885,idle,2,1.57168,0.9283507,1.459070228176
1400.9652419917984,idle,2,1.57168,0.9283507,1.459070228176
1404.721544997301,idle,2,1.58954,0.9280821,1.475223621234
1408.4578479960328,idle,2,1.58954,0.9283507,1.475650571678
1412.1878000005381,idle,2,1.58061,0.9283507,1.467360399927
1415.9285289933905,idle,2,1.56275,0.9283507,1.450780056425
1419.6558879921213,idle,2,1.58061,0.9283507,1.467360399927
1423.392265001894,idle,2,1.57168,0.9283507,1.459070228176
1427.1393090020865,idle,2,1.55382,0.9283507,1.442489884674
1430.8773899974767,idle,2,1.56275,0.9283507,1.450780056425
1434.6054889902007,idle,2,1.57168,0.9286194,1.459492538592
1438.359125997522,idle,2,1.57168,0.9283507,1.459070228176
1442.108855000697,idle,2,1.58954,0.9283507,1.475650571678
1445.8427319914335,idle,2,1.58061,0.9283507,1.467360399927
1449.5804609905463,idle,2,1.56275,0.9283507,1.450780056425
1453.3152270014398,idle,2,1.55382,0.9283507,1.442489884674
1457.0865119894734,idle,2,1.58061,0.9283507,1.467360399927
1460.851684998488,idle,2,1.56275,0.9286194,1.45119996735
1464.5888029917842,idle,2,1.56275,0.9283507,1.450780056425
1468.3198839920806,idle,2,1.56275,0.9280821,1.4503603017750002
1472.0406690030359,idle,2,1.58954,0.9283507,1.475650571678
1475.7798240025295,idle,2,1.55382,0.9283507,1.442489884674
1479.5292749913642,idle,2,1.58954,0.928888,1.47650463152
1483.2770779903512,idle,2,1.58061,0.9304997,1.4707571308170002
1487.01264099509,idle,2,1.71456,0.9283507,1.5917129761920001
1490.7431109895697,idle,2,1.58954,0.9283507,1.475650571678
1494.4848949962761,idle,2,1.57168,0.9283507,1.459070228176
1498.2062170020072,idle,2,1.57168,0.9280821,1.458648074928
1501.95918699319,idle,2,1.56275,0.9291566,1.45203947665
1505.6872679997468,idle,2,1.59847,0.928888,1.4847996013600002
1509.4489039911423,idle,2,1.56275,0.9283507,1.450780056425
1513.1855779909529,idle,2,1.57168,0.9283507,1.459070228176
1516.946399002336,idle,2,1.58061,0.9291566,1.468634213526
1520.6814989942359,idle,2,1.56275,0.9283507,1.450780056425
1524.4063580030343,idle,2,1.56275,0.928888,1.4516197220000002
1528.1436239893083,idle,2,1.58061,0.9283507,1.467360399927
1531.888056997559,idle,2,1.56275,0.9283507,1.450780056425
1535.6261929991888,idle,2,1.58954,0.9286194,1.476077681076
1539.3561999953818,idle,2,1.57168,0.9283507,1.459070228176
1543.092521998915,idle,2,1.58061,0.9280821,1.4669358480810002
1546.8278439948335,idle,2,1.58061,0.9280821,1.4669358480810002
1550.5533690011362,idle,2,1.56275,0.9283507,1.450780056425
1554.2963949992554,idle,2,1.58954,0.9283507,1.475650571678
1558.043512995937,idle,2,1.58061,0.9283507,1.467360399927
1561.7736860003788,idle,2,1.56275,0.9286194,1.45119996735
1565.5060629942454,idle,2,1.58061,0.9283507,1.467360399927
1569.2520149896154,idle,2,1.56275,0.9286194,1.45119996735
1573.002891993383,idle,2,1.58061,0.9283507,1.467360399927
1576.7327880021185,idle,2,1.59847,0.9286194,1.484370252318
1580.4671649966622,idle,2,1.58061,0.9286194,1.467785109834
1584.2155979917152,idle,2,1.58954,0.9286194,1.476077681076
1587.9388829926029,idle,2,1.56275,0.9291566,1.45203947665
1591.6747969895368,idle,2,1.57168,0.9283507,1.459070228176
1595.422377999057,idle,2,1.58061,0.9283507,1.467360399927
1599.1697549907258,idle,2,1.58954,0.9280821,1.475223621234
1602.9035949904937,idle,2,1.56275,0.928888,1.4516197220000002
1606.6406390018528,idle,2,1.56275,0.9283507,1.450780056425
1610.3912199905608,idle,2,1.57168,0.9283507,1.459070228176
1614.1275970003335,idle,2,1.56275,0.9283507,1.450780056425
1617.857400997309,idle,2,1.56275,0.9283507,1.450780056425
1621.5914450003766,idle,2,1.58061,0.928888,1.4682096616800002
1625.345822001691,idle,2,1.58954,0.9283507,1.475650571678
1629.1079579968937,idle,2,1.58061,0.9283507,1.467360399927
1632.8819829941494,idle,2,1.57168,0.9283507,1.459070228176
1636.6412859933916,idle,2,1.57168,0.9283507,1.459070228176
1640.396533999592,idle,2,1.58954,0.928888,1.47650463152
1644.1306149936281,idle,2,1.57168,0.928888,1.4599146918400001
1647.8632329963148,idle,2,1.56275,0.9286194,1.45119996735
1651.6081469890196,idle,2,1.58061,0.9283507,1.467360399927
1655.3627279936336,idle,2,1.56275,0.9283507,1.450780056425
1659.1173269989667,idle,2,1.57168,0.9283507,1.459070228176
1662.8545010025846,idle,2,1.58061,0.9283507,1.467360399927
1666.5880079963244,idle,2,1.58061,0.9286194,1.467785109834
1670.3220700001111,idle,2,1.58061,0.9286194,1.467785109834
1674.0515589917777,idle,2,1.58061,0.9286194,1.467785109834
1677.796509990003,idle,2,1.58954,0.9283507,1.475650571678
1681.5322949987603,idle,2,1.56275,0.9283507,1.450780056425
1685.2734129934106,idle,2,1.58061,0.9283507,1.467360399927
1689.0334189956775,idle,2,1.57168,0.9283507,1.459070228176
1692.7680369990412,idle,2,1.58061,0.9286194,1.467785109834
1696.518765995279,idle,2,1.58954,0.9286194,1.476077681076
1700.2581440028735,idle,2,1.57168,0.9283507,1.459070228176
1703.993057992193,idle,2,1.56275,0.9283507,1.450780056425
1707.7329909952823,idle,2,1.58061,0.9283507,1.467360399927
1711.4717939984985,idle,2,1.58061,0.9286194,1.467785109834
1715.1958199974615,idle,2,1.57168,0.9283507,1.459070228176
1718.934566990356,idle,2,1.58954,0.928888,1.47650463152
1722.6662219909485,idle,2,1.57168,0.9286194,1.459492538592
1726.403765991563,idle,2,1.56275,0.9283507,1.450780056425
1730.159699000069,idle,2,1.56275,0.9286194,1.45119996735
1733.8960019988008,idle,2,1.56275,0.9283507,1.450780056425
1737.639824001235,idle,2,1.56275,0.9283507,1.450780056425
1741.4204230008181,idle,2,1.45559,0.928888,1.35208008392
1748.0570549960248,idle,2,1.56275,0.9286194,1.45119996735
1751.8740789964795,idle,2,1.47345,0.9286194,1.36827425493
1755.6730119977146,idle,2,1.46452,0.9283507,1.359588167164
1759.450518002268,idle,2,1.45559,0.9283507,1.351297995413
1763.207080992288,idle,2,1.48238,0.9280821,1.375770343398
1766.969253993011,idle,2,1.46452,0.9291566,1.3607684238320001
1770.7217979914276,idle,2,1.46452,0.9280821,1.359194797092
1774.4611379894195,idle,2,1.46452,0.9286194,1.359981683688
1778.2142560026841,idle,2,1.47345,0.9283507,1.367878338915
1781.9546519895084,idle,2,1.45559,0.9286194,1.351689112446
1785.6846590002533,idle,2,1.47345,0.928888,1.3686700236
1789.432998994016,idle,2,1.46452,0.9283507,1.359588167164
1793.17991300195,idle,2,1.47345,0.9283507,1.367878338915
1796.9476049911464,idle,2,1.46452,0.928888,1.3603750537600001
1800.7036490016617,idle,2,1.48238,0.9286194,1.376566826172
1804.4630999938818,idle,2,1.47345,0.9286194,1.36827425493
1808.244179992471,idle,2,1.45559,0.9283507,1.351297995413
1814.8611270007677,idle,2,1.58061,0.928888,1.4682096616800002
1818.6501710006269,idle,2,1.56275,0.928888,1.4516197220000002
1822.4303619936109,idle,2,1.58061,0.9283507,1.467360399927
1826.2066099996446,idle,2,1.58954,0.9286194,1.476077681076
1829.9585049971938,idle,2,1.58954,0.9283507,1.475650571678
1833.727770994301,idle,2,1.57168,0.9283507,1.459070228176
1837.4914259911748,idle,2,1.58061,0.928888,1.4682096616800002
1841.2281740020262,idle,2,1.56275,0.9280821,1.4503603017750002
1845.0396249972982,idle,2,1.57168,0.928888,1.4599146918400001
1848.8292419933714,idle,2,1.57168,0.9283507,1.459070228176
1852.5978409888921,idle,2,1.56275,0.9286194,1.45119996735
1856.3668290007627,idle,2,1.56275,0.9280821,1.4503603017750002
1860.1062620000448,idle,2,1.56275,0.9283507,1.450780056425
1863.878472999204,idle,2,1.57168,0.9283507,1.459070228176
1867.6093499962008,idle,2,1.58954,0.9283507,1.475650571678
1871.357652998995,idle,2,1.55382,0.9283507,1.442489884674
1875.0888079957804,idle,2,1.59847,0.9286194,1.484370252318
1878.8392589922296,idle,2,1.58954,0.9283507,1.475650571678
1882.6091730006738,idle,2,1.58061,0.9286194,1.467785109834
1886.361532000592,idle,2,1.58954,0.9286194,1.476077681076
1890.0950389943318,idle,2,1.58061,0.9283507,1.467360399927
1893.8450269924942,idle,2,1.56275,0.9286194,1.45119996735
1897.5813489960274,idle,2,1.58061,0.9283507,1.467360399927
1901.3242079963675,idle,2,1.56275,0.9280821,1.4503603017750002
1905.1074180024443,idle,2,1.57168,0.9286194,1.459492538592
1908.846979989903,idle,2,1.56275,0.9283507,1.450780056425
1912.5872469885508,idle,2,1.56275,0.9286194,1.45119996735
1916.313939000247,idle,2,1.57168,0.9286194,1.459492538592
1920.052482993924,idle,2,1.58954,0.9286194,1.476077681076
1923.7785269942833,idle,2,1.57168,0.928888,1.4599146918400001
1927.4941259936895,idle,2,1.58061,0.928888,1.4682096616800002
1931.2442259979434,idle,2,1.56275,0.928888,1.4516197220000002
1934.9852509913035,idle,2,1.58061,0.9286194,1.467785109834
1938.7141659972258,idle,2,1.57168,0.9283507,1.459070228176
1942.4558579921722,idle,2,1.56275,0.928888,1.4516197220000002
1946.2111049942905,idle,2,1.56275,0.9286194,1.45119996735
1949.9500379897654,idle,2,1.58061,0.9283507,1.467360399927
1953.6771189887077,idle,2,1.58061,0.9286194,1.467785109834
1957.4137369927485,idle,2,1.56275,0.9286194,1.45119996735
1961.1455400008708,idle,2,1.56275,0.9283507,1.450780056425
1964.9531949980883,idle,2,1.57168,0.9286194,1.459492538592
1968.7287199922139,idle,2,1.57168,0.9280821,1.458648074928
1972.4724299885565,idle,2,1.57168,0.9283507,1.459070228176
1976.240844000131,idle,2,1.58061,0.9283507,1.467360399927
1979.9714260007022,idle,2,1.58061,0.9291566,1.468634213526
1983.7097470008302,idle,2,1.58061,0.9283507,1.467360399927
1987.4760129896458,idle,2,1.58061,0.9286194,1.467785109834
1991.2167049915297,idle,2,1.58061,0.9286194,1.467785109834
1994.9651749921031,idle,2,1.57168,0.9286194,1.459492538592
1998.7190149986418,idle,2,1.57168,0.9286194,1.459492538592
2002.4474849924445,idle,2,1.57168,0.9286194,1.459492538592
2006.1813249922125,idle,2,1.58061,0.9283507,1.467360399927
2009.9263879965292,idle,2,1.57168,0.9283507,1.459070228176
2013.6762649926823,idle,2,1.58061,0.928888,1.4682096616800002
2017.4477529944852,idle,2,1.58061,0.9283507,1.467360399927
2021.1719819926657,idle,2,1.56275,0.9286194,1.45119996735
2024.936710993643,idle,2,1.58061,0.9286194,1.467785109834
2028.6808849923545,idle,2,1.58954,0.9286194,1.476077681076
2032.4083549930947,idle,2,1.58954,0.9286194,1.476077681076
2036.1688799894182,idle,2,1.56275,0.9283507,1.450780056425
2043.9328729989938,idle,2,1.56275,0.9283507,1.450780056425
2047.698786991532,idle,2,1.57168,0.9283507,1.459070228176
2051.4676820021123,idle,2,1.57168,0.9286194,1.459492538592
2055.218577996129,idle,2,1.56275,0.9283507,1.450780056425
2058.9467519894242,idle,2,1.58061,0.928888,1.4682096616800002
2062.683055002708,idle,2,1.57168,0.9283507,1.459070228176
2066.425894998247,idle,2,1.58954,0.9283507,1.475650571678
2070.1751979941037,idle,2,1.58061,0.9286194,1.467785109834
2073.9328159979777,idle,2,1.56275,0.9286194,1.45119996735
2077.6939149945974,idle,2,1.57168,0.9283507,1.459070228176
2081.4531999931205,idle,2,1.58061,0.9283507,1.467360399927
2085.1957440027036,idle,2,1.58061,0.9286194,1.467785109834
2088.944546994753,idle,2,1.58061,0.928888,1.4682096616800002
2092.6984429970616,idle,2,1.57168,0.928888,1.4599146918400001
2096.433985992917,idle,2,1.56275,0.9286194,1.45119996735
2100.169511992135,idle,2,1.58954,0.9280821,1.475223621234
2103.9164079993498,idle,2,1.57168,0.9283507,1.459070228176
2107.641117996536,idle,2,1.55382,0.9286194,1.442907396108
2111.3748289935756,idle,2,1.56275,0.9286194,1.45119996735
2115.1327620027587,idle,2,1.58061,0.9283507,1.467360399927
2118.861916998867,idle,2,1.56275,0.9283507,1.450780056425
2122.586739002145,idle,2,1.57168,0.9283507,1.459070228176
2126.3343570026336,idle,2,1.57168,0.9283507,1.459070228176
2130.372712999815,prefill,3,1.65205,0.9283507,1.533681773935
2135.579911991954,prefill,3,2.52719,0.928888,2.34747646472
2142.4324120016536,prefill,3,2.75044,0.9286194,2.554111942536
2146.8553579907166,prefill,3,2.89332,0.9275449,2.6836842100680003
2152.4580719997175,prefill,3,2.46468,0.9304997,2.2933840005960002
2156.5140949969646,prefill,3,2.51826,0.9286194,2.3385050902440003
2161.017168997205,prefill,3,2.72365,0.9286194,2.52923422881
2165.5280029954156,prefill,3,2.56291,0.9286194,2.379967946454
2175.345739000477,prefill,3,2.91118,0.928888,2.70416016784
2179.470112998388,prefill,3,2.73258,0.928888,2.53826077104
2185.0050130015006,prefill,3,2.53612,0.9280821,2.353727575452
2191.3434989983216,prefill,3,2.67007,0.9294252,2.481630343764
2197.7204290014924,prefill,3,2.61649,0.9286194,2.429723373906
2201.8823769903975,prefill,3,2.5897,0.9291566,2.40623684702
2206.1738609918393,prefill,3,2.72365,0.928888,2.5299658012000004
2210.476159991231,prefill,3,2.51826,0.9291566,2.339857899516
2226.956174999941,prefill,3,2.63435,0.928888,2.4470161028
2231.61300799984,prefill,3,2.89332,0.9286194,2.686793082408
2235.9293249901384,prefill,3,2.75937,0.928888,2.5631456805600004
2240.4877139924793,prefill,3,2.65221,0.9286194,2.462893658874
2245.774115988752,prefill,3,2.60756,0.9294252,2.4235319745119996
2250.313726995955,prefill,3,2.66114,0.928888,2.47190101232
2255.7290169934276,prefill,3,2.59863,0.928888,2.41383622344
2265.6671769946115,prefill,3,2.62542,0.928888,2.43872113296
2271.3758350000717,prefill,3,2.75044,0.9283507,2.553372899308
2275.81485499104,prefill,3,2.57184,0.9278135,2.38618787184
2280.4067989927717,prefill,3,2.82188,0.9291566,2.6219684264080003
2284.7673569922335,prefill,3,2.54505,0.9296938,2.3661172056899997
2289.6428179956274,prefill,3,2.62542,0.9283507,2.437310494794
2294.044133988791,prefill,3,2.60756,0.928888,2.42213119328
2300.6056739977794,prefill,3,2.74151,0.9291566,2.547292110466
2310.816147000878,prefill,3,2.82188,0.9286194,2.620452512472
2319.949924989487,prefill,3,2.75937,0.9291566,2.5638868473420002
2324.4089630024973,prefill,3,2.74151,0.9283507,2.545082727557
2329.56040299905,prefill,3,2.8576,0.9291566,2.6551579001600003
2335.1287659897935,prefill,3,3.05406,0.9286194,2.836059364764
2339.4454709923593,prefill,3,3.42912,0.9283507,3.1834259523840003
2345.459015996312,prefill,3,2.73258,0.9286194,2.537526800052
2350.465957002598,prefill,3,2.7683,0.9286194,2.57069708502
2363.149872995564,prefill,3,2.71472,0.9286194,2.5209416575679997
2367.5045970012434,prefill,3,2.59863,0.928888,2.41383622344
2371.973708999576,prefill,3,2.52719,0.928888,2.34747646472
2376.6334489919245,prefill,3,2.67007,0.9291566,2.480913162962
2380.735063998145,prefill,3,2.63435,0.9294252,2.44843127562
2385.2241019922076,prefill,3,2.84867,0.928888,2.64609537896
2389.883119991282,prefill,3,2.49147,0.9280821,2.312288709687
2394.3908429937437,prefill,3,2.75937,0.928888,2.5631456805600004
2399.3197289964883,prefill,3,2.75044,0.9286194,2.554111942536
2406.7979469982674,prefill,3,2.55398,0.928888,2.37236137424
2410.8783209958347,prefill,3,2.78616,0.9294252,2.589527315232
2416.3199629983865,prefill,3,2.63435,0.9299625,2.4498467118750002
2420.6570759997703,prefill,3,2.79509,0.9283507,2.594823758063
2425.116539990995,prefill,3,2.47361,0.9294252,2.299035468972
2430.448533996241,prefill,3,2.61649,0.9291566,2.4311289523340003
2435.063070995966,prefill,3,2.56291,0.9275449,2.377214099659
2440.2322329988237,prefill,3,2.61649,0.9286194,2.429723373906
2474.951748998137,prefill,3,2.78616,0.928888,2.5880305900800002
2508.9589939889265,prefill,3,2.72365,0.9280821,2.5277708116650004
2513.5685119894333,prefill,3,2.7683,0.9286194,2.57069708502
2518.4952689887723,prefill,3,2.57184,0.9294252,2.3903329063679997
2530.039452991332,prefill,3,2.70579,0.9280821,2.511195265359
2537.6763730018865,prefill,3,2.56291,0.9280821,2.378590894911
2557.362973995623,prefill,3,2.73258,0.9286194,2.537526800052
2561.708123990684,prefill,3,2.89332,0.928888,2.6875702281600002
2566.255679994356,prefill,3,2.91118,0.9286194,2.703378224892
2571.3287870021304,prefill,3,2.50933,0.9286194,2.330212519002
2580.906912990031,prefill,3,2.60756,0.928888,2.42213119328
2623.889529990265,prefill,3,3.09871,0.9280821,2.875857284091
2628.241735001211,prefill,3,2.61649,0.9291566,2.4311289523340003
2633.109770002193,prefill,3,2.90225,0.9283507,2.6943058190749998
2637.46779099165,prefill,3,2.8576,0.9283507,2.65285496032
2641.957531988737,prefill,3,2.8576,0.9296938,2.65669300288
2645.973721999326,prefill,3,2.7683,0.9286194,2.57069708502
2650.204354999005,prefill,3,2.84867,0.928888,2.64609537896
2654.467764994479,prefill,3,2.81295,0.9283507,2.611404101565
2660.0264419976156,prefill,3,2.56291,0.9283507,2.379279292537
2665.859542990802,prefill,3,2.60756,0.9304997,2.426333797732
2670.508745999541,prefill,3,2.59863,0.9286194,2.413138231422
2682.6289640011964,prefill,3,2.56291,0.9286194,2.379967946454
2694.0546309924684,prefill,3,2.83081,0.928888,2.6295054392800004
2698.336374000064,prefill,3,2.82188,0.9286194,2.620452512472
2703.4661659999983,prefill,3,2.82188,0.9291566,2.6219684264080003
2707.945333997486,prefill,3,2.83974,0.928888,2.63780040912
2712.285557994619,prefill,3,2.82188,0.9294252,2.622726383376
2724.269590995391,prefill,3,2.58077,0.928888,2.39724628376
2760.123227999429,prefill,3,2.66114,0.9283507,2.470471181798
2766.0875500005204,prefill,3,2.34859,0.9283507,2.180315170513
2779.5410709950374,prefill,3,2.52719,0.9280821,2.345439802299
2783.703388995491,prefill,3,2.46468,0.9291566,2.290073688888
2787.7743749995716,prefill,3,2.62542,0.9280821,2.436605306982
2792.727576001198,prefill,3,2.679,0.928888,2.488490952
2796.8468759936513,prefill,3,2.53612,0.9283507,2.3544087772839997
2802.2524429979967,prefill,3,2.49147,0.9278135,2.311619500845
2813.1556149892276,prefill,3,2.66114,0.928888,2.47190101232
2820.0660220027203,prefill,3,2.75937,0.9286194,2.562404513778
2824.4588009984,prefill,3,2.71472,0.928888,2.52167083136
2830.5906409950694,prefill,3,2.75044,0.9294252,2.556328247088
2834.709236994968,prefill,3,2.59863,0.928888,2.41383622344
2848.3316269994248,prefill,3,2.71472,0.9294252,2.5231291789439996
2852.390594998724,prefill,3,2.75044,0.9286194,2.554111942536
2856.30559999845,prefill,3,2.75937,0.9286194,2.562404513778
2860.250030993484,prefill,3,2.73258,0.9280821,2.536058584818
2864.260831993306,prefill,3,2.75044,0.9294252,2.556328247088
2868.236670998158,prefill,3,2.75937,0.928888,2.5631456805600004
2872.1162319998257,prefill,3,2.74151,0.9280821,2.544346357971
2877.8487969975686,prefill,3,2.73258,0.9283507,2.536792555806
2883.5406769940164,prefill,3,2.55398,0.928888,2.37236137424
2889.201649988536,prefill,3,2.73258,0.9283507,2.536792555806
2894.912732997909,prefill,3,2.79509,0.9283507,2.594823758063
2900.591113997507,prefill,3,2.58077,0.9294252,2.3986326734039998
2904.758912991383,prefill,3,2.60756,0.928888,2.42213119328
2909.4892269931734,prefill,3,2.55398,0.9294252,2.373733372296
2940.988546994049,prefill,3,2.65221,0.9283507,2.4621810100470003
2946.3361709931633,prefill,3,2.55398,0.9286194,2.371675375212
2985.8467409940204,prefill,3,2.74151,0.9280821,2.544346357971
3015.9269430005224,prefill,3,2.78616,0.9280821,2.5857852237360004
3022.6347779971547,prefill,3,2.63435,0.9283507,2.445600666545
3027.04840899969,prefill,3,2.77723,0.9291566,2.580481584218
3032.1703299996443,prefill,3,2.55398,0.9283507,2.370989120786
3039.892582994071,prefill,3,2.75044,0.9280821,2.5526341311240004
3048.710418996052,prefill,3,2.68793,0.9278135,2.493897741055
3056.2430989957647,prefill,3,2.75044,0.9294252,2.556328247088
3064.8254190018633,prefill,3,2.5004,0.9294252,2.3239347700799997
3082.199815995409,prefill,3,2.60756,0.9294252,2.4235319745119996
3095.92740899825,prefill,3,2.74151,0.9283507,2.545082727557
3100.764980990789,prefill,3,2.57184,0.9280821,2.386878668064
3114.013262995286,prefill,3,2.44682,0.9291566,2.2734789520120002
3119.5902549952734,prefill,3,2.53612,0.928888,2.3557714345600003
3126.3456820015563,prefill,3,2.69686,0.928888,2.50508089168
3133.604752991232,prefill,3,2.75044,0.9283507,2.553372899308
3141.8420199916,prefill,3,2.48254,0.928888,2.3060016155200005
3156.683510998846,prefill,3,2.49147,0.928888,2.31429658536
3165.171813001507,prefill,3,2.69686,0.9286194,2.504356515084
3172.8304919961374,prefill,3,2.60756,0.9280821,2.420029760676
3177.233141992474,prefill,3,2.82188,0.9283507,2.619694273316
3186.41999400279,prefill,3,2.679,0.9304997,2.4928086963
3196.1342489958042,prefill,3,2.78616,0.9280821,2.5857852237360004
3204.932344990084,prefill,3,3.43805,0.9280821,3.190792663905
3214.676524992683,prefill,3,2.64328,0.928888,2.45531107264
3222.210741994786,prefill,3,2.74151,0.9280821,2.544346357971
3226.7152249987703,prefill,3,2.51826,0.9278135,2.3364756245100002
3235.097249998944,prefill,3,2.90225,0.9286194,2.69508565365
3239.3134379963158,prefill,3,2.98262,0.9280821,2.768116233102
3247.5235750025604,prefill,3,2.62542,0.928888,2.43872113296
3265.111506989342,prefill,3,2.80402,0.9294252,2.6061268493039997
3271.2248289899435,prefill,3,2.83081,0.928888,2.6295054392800004
3277.6552769937553,prefill,3,2.77723,0.9286194,2.578989656262
3283.3429899910698,prefill,3,2.49147,0.9283507,2.312957918529
3305.0784999941243,prefill,3,2.81295,0.9283507,2.611404101565
3309.747740000603,prefill,3,2.52719,0.9283507,2.346118605533
3320.67757799814,prefill,3,2.5897,0.9291566,2.40623684702
3329.605024002376,prefill,3,2.50933,0.9315742,2.337627087286
3333.7626389984507,prefill,3,5.34907,0.9299625,4.9744345098750005
3359.227655993891,prefill,3,2.74151,0.9286194,2.545819371294
3364.023599002394,prefill,3,5.143679,0.9280821,4.7737564080459
3368.2080089929514,prefill,3,5.18833,0.9280821,4.8151962018929995
3372.5835849909345,prefill,3,3.00048,0.9283507,2.785497708336
3377.2198259975994,prefill,3,5.09903,0.9286194,4.7350581791819994
3381.466142993304,prefill,3,5.13475,0.9304997,4.777883334575001
3385.608405995299,prefill,3,4.39356,0.9294252,4.083485381711999
3391.2608419923345,prefill,3,5.34907,0.928888,4.968686934160001
3395.499177990132,prefill,3,5.15261,0.9304997,4.794502059217001
3399.91230898886,prefill,3,4.22389,0.9286194,3.922386197466
3404.5187539886683,prefill,3,5.15261,0.9294252,4.788965579771999
3408.6821090022568,prefill,3,5.34907,0.9278135,4.962939358445
3413.0765369918663,prefill,3,5.0901,0.9286194,4.72676560794
3417.721313991933,prefill,3,5.63483,0.9291566,5.235639484378
3422.293757990701,prefill,3,5.51874,0.9286194,5.124809027556
3427.602900992497,prefill,3,4.15245,0.928888,3.8571609756000003
3431.7586639954243,prefill,3,5.491949,0.928888,5.1014055227120005
3436.6437169956043,prefill,3,5.21512,0.9294252,4.847063949023999
3440.9522749920143,prefill,3,6.36709,0.9296938,5.919444097042001
3445.219036992057,prefill,3,2.70579,0.9304997,2.517736783263
3449.3963179993443,prefill,3,5.78664,0.9369466,5.421772673424
3453.7824489962077,prefill,3,4.79541,0.928888,4.45439880408
3457.9710079997312,prefill,3,5.42944,0.9280821,5.038966077024
3462.3606209934223,prefill,3,4.79541,0.9283507,4.451822230287
3466.5174019901315,prefill,3,4.06315,0.928888,3.7742112772000005
3471.383529002196,decode,4,4.04529,0.928888,3.75762133752
3485.0446229975205,decode,4,2.82188,0.9283507,2.619694273316
3489.263347990345,decode,4,4.78648,0.9280821,4.442246410008
3493.8695699966047,decode,4,5.143679,0.9296938,4.7820464754901995
3498.0961289984407,decode,4,4.08101,0.9294252,3.7929935354519997
3502.2766319889342,decode,4,4.05422,0.9294252,3.768094234344
3506.6813189914683,decode,4,4.14352,0.9286194,3.8477530562879996
3510.785099992063,decode,4,3.13443,0.9286194,2.910692505942
3515.2566939941607,decode,4,5.19726,0.9291566,4.829068430916
3519.514640996931,decode,4,5.143679,0.9286194,4.776520106772599
3524.178252002457,decode,4,3.65237,0.928888,3.39264266456
3528.3801990008214,decode,4,5.21512,0.928888,4.84426238656
3533.8400999899022,decode,4,5.33121,0.9283507,4.949232535346999
3538.3532109990483,decode,4,5.23298,0.9286194,4.859446747812
3542.9909149970626,idle,5,2.56291,0.9294252,2.382033139332
3547.383582990733,idle,5,2.82188,0.9296938,2.623484340344
3552.925260999473,bench:c3e6e3b38b352ca5,6,2.00032,0.8636134,1.7275031562879999
3558.355845991173,bench:c3e6e3b38b352ca5,6,1.30378,0.8633446,1.125611422588
3572.8754149895394,bench:c3e6e3b38b352ca5,6,1.30378,0.8636134,1.1259618786519998
3577.423025999451,bench:c3e6e3b38b352ca5,6,1.29485,0.8633446,1.1179017553100001
3581.682862000889,bench:c3e6e3b38b352ca5,6,2.21464,0.8630761,1.9114028541040002
3585.9551789908437,bench:c3e6e3b38b352ca5,6,2.2325,0.8636134,1.9280169155
3590.2929779986152,bench:c3e6e3b38b352ca5,6,2.20571,0.8630761,1.903695584531
3594.6362579998095,bench:c3e6e3b38b352ca5,6,2.19678,0.8633446,1.896578150388
3598.924944992177,bench:c3e6e3b38b352ca5,6,2.20571,0.8636134,1.9048807125139997
3603.2264480018057,bench:c3e6e3b38b352ca5,6,2.3218,0.8636134,2.00513759212
3607.5261349906214,bench:c3e6e3b38b352ca5,6,2.2325,0.8638819,1.92861634175
3611.881506993086,bench:c3e6e3b38b352ca5,6,2.21464,0.8636134,1.912592780176
3616.178583994042,bench:c3e6e3b38b352ca5,6,2.17892,0.8633446,1.8811588158320003
3620.559103990672,bench:c3e6e3b38b352ca5,6,2.21464,0.8636134,1.912592780176
3624.8656809912063,bench:c3e6e3b38b352ca5,6,2.17892,0.8638819,1.8823295495480001
3629.174478992354,bench:c3e6e3b38b352ca5,6,2.20571,0.8636134,1.9048807125139997
3633.4988890012028,bench:c3e6e3b38b352ca5,6,2.21464,0.8638819,1.913187411016
3637.745187996188,bench:c3e6e3b38b352ca5,6,2.16999,0.8633446,1.873449148554
3642.0573749928735,bench:c3e6e3b38b352ca5,6,2.16999,0.8633446,1.873449148554
3646.3918590015965,bench:c3e6e3b38b352ca5,6,2.18785,0.8628075,1.887693388875
3652.3004039918305,bench:c3e6e3b38b352ca5,6,2.84867,0.9286194,2.645330226198
3656.4995549997548,bench:c3e6e3b38b352ca5,6,2.83974,0.928888,2.63780040912
3660.6011149997357,bench:c3e6e3b38b352ca5,6,2.83974,0.9291566,2.638563163284
3664.7042479889933,bench:c3e6e3b38b352ca5,6,2.77723,0.9291566,2.580481584218
3668.779455998447,bench:c3e6e3b38b352ca5,6,2.83974,0.9286194,2.637037654956
3672.901477999403,bench:c3e6e3b38b352ca5,6,2.81295,0.9283507,2.611404101565
3677.024407996214,bench:c3e6e3b38b352ca5,6,2.8576,0.928888,2.6543903488000002
3681.131004996132,bench:c3e6e3b38b352ca5,6,2.86653,0.9283507,2.661145132071
3685.266767992289,bench:c3e6e3b38b352ca5,6,2.87546,0.9286194,2.670207939924
3693.4632009943016,bench:c3e6e3b38b352ca5,6,2.78616,0.9280821,2.5857852237360004
3697.62820500182,bench:c3e6e3b38b352ca5,6,2.84867,0.9291566,2.646860531722
3701.665802000207,bench:c3e6e3b38b352ca5,6,2.84867,0.9286194,2.645330226198
3705.6903439952293,bench:c3e6e3b38b352ca5,6,2.84867,0.9283507,2.644564788569
3709.669514995767,bench:c3e6e3b38b352ca5,6,2.89332,0.928888,2.6875702281600002
3713.671556994086,bench:c3e6e3b38b352ca5,6,2.83974,0.928888,2.63780040912
3717.738727995311,bench:c3e6e3b38b352ca5,6,2.83974,0.9280821,2.635511862654
3721.778639999684,bench:c3e6e3b38b352ca5,6,2.84867,0.9291566,2.646860531722
3725.816737001878,bench:c3e6e3b38b352ca5,6,2.84867,0.9283507,2.644564788569
3729.8462039907463,bench:c3e6e3b38b352ca5,6,2.87546,0.928888,2.67098028848
3733.867431001272,bench:c3e6e3b38b352ca5,6,2.86653,0.9286194,2.661915368682
3737.9764719953528,bench:c3e6e3b38b352ca5,6,2.90225,0.928888,2.6958651980000004
3742.125827993732,bench:c3e6e3b38b352ca5,6,2.71472,0.9280821,2.519483038512
3748.7378849909874,bench:c3e6e3b38b352ca5,6,2.8576,0.9304997,2.6589959427200003
3752.874351994251,bench:c3e6e3b38b352ca5,6,2.75044,0.9280821,2.5526341311240004
3756.912911994732,bench:c3e6e3b38b352ca5,6,2.75044,0.9294252,2.556328247088
3760.9637129935436,bench:c3e6e3b38b352ca5,6,2.71472,0.9283507,2.5202122123039996
3765.122419994441,bench:c3e6e3b38b352ca5,6,2.7683,0.928888,2.5714406504
3769.1409429971827,bench:c3e6e3b38b352ca5,6,2.75044,0.9286194,2.554111942536
3773.2195209973725,bench:c3e6e3b38b352ca5,6,2.75937,0.928888,2.5631456805600004
3777.2903769946424,bench:c3e6e3b38b352ca5,6,2.78616,0.9283507,2.586533586312
3781.3619559892686,bench:c3e6e3b38b352ca5,6,2.7683,0.928888,2.5714406504
3785.4301639890764,bench:c3e6e3b38b352ca5,6,2.7683,0.9291566,2.57218421578
3789.4260759931058,bench:c3e6e3b38b352ca5,6,2.77723,0.9286194,2.578989656262
3793.461932000355,bench:c3e6e3b38b352ca5,6,2.75044,0.928888,2.5548507107200003
3797.55489899253,bench:c3e6e3b38b352ca5,6,2.72365,0.928888,2.5299658012000004
3801.7054949887097,bench:c3e6e3b38b352ca5,6,2.65221,0.9286194,2.462893658874
3805.725647995132,bench:c3e6e3b38b352ca5,6,2.75937,0.9286194,2.562404513778
3809.838447996299,bench:c3e6e3b38b352ca5,6,2.78616,0.928888,2.5880305900800002
3814.837186000659,bench:c3e6e3b38b352ca5,6,2.75044,0.9283507,2.553372899308
3819.845238002017,bench:c3e6e3b38b352ca5,6,2.86653,0.9286194,2.661915368682
3978.146387002198,bench:c3e6e3b38b352ca5,6,2.26822,0.9283507,2.1057036247539997
3982.395982995513,bench:c3e6e3b38b352ca5,6,2.83974,0.928888,2.63780040912
3986.5001720027067,bench:c3e6e3b38b352ca5,6,2.86653,0.9286194,2.661915368682
3990.54721299035,bench:c3e6e3b38b352ca5,6,2.81295,0.928888,2.6129154996
3994.587180990493,bench:c3e6e3b38b352ca5,6,2.83081,0.9283507,2.627984445067
3998.65853699157,bench:c3e6e3b38b352ca5,6,2.83974,0.9280821,2.635511862654
4002.7318369975546,bench:c3e6e3b38b352ca5,6,2.86653,0.9291566,2.663455268598
4006.7652680008905,bench:c3e6e3b38b352ca5,6,2.79509,0.9280821,2.594072996889
4010.8596609934466,bench:c3e6e3b38b352ca5,6,2.8576,0.928888,2.6543903488000002
4014.908312994521,bench:c3e6e3b38b352ca5,6,2.90225,0.9286194,2.69508565365
4018.9811879972694,bench:c3e6e3b38b352ca5,6,2.83081,0.928888,2.6295054392800004
4022.9987849888857,bench:c3e6e3b38b352ca5,6,2.8576,0.9291566,2.6551579001600003
4027.090788993519,bench:c3e6e3b38b352ca5,6,2.83974,0.928888,2.63780040912
4031.166533997748,bench:c3e6e3b38b352ca5,6,2.92011,0.9291566,2.7132394792260004
4035.2415009983815,bench:c3e6e3b38b352ca5,6,2.92904,0.9286194,2.719963367376
4039.336097994237,bench:c3e6e3b38b352ca5,6,2.79509,0.9291566,2.597076321094
4043.4550089994445,bench:c3e6e3b38b352ca5,6,2.89332,0.9326486,2.6984508473520004
4051.5395179972984,bench:c3e6e3b38b352ca5,6,2.88439,0.928888,2.67927525832
4055.621428997256,bench:c3e6e3b38b352ca5,6,2.84867,0.9286194,2.645330226198
4059.695506992284,bench:c3e6e3b38b352ca5,6,2.83081,0.9283507,2.627984445067
4063.755251991097,bench:c3e6e3b38b352ca5,6,2.83974,0.9283507,2.636274616818
4067.788700995152,bench:c3e6e3b38b352ca5,6,2.89332,0.928888,2.6875702281600002
4071.8620760017075,bench:c3e6e3b38b352ca5,6,2.87546,0.9291566,2.671752637036
4075.9489129995927,bench:c3e6e3b38b352ca5,6,2.83974,0.9286194,2.637037654956
4079.9919919954846,bench:c3e6e3b38b352ca5,6,2.87546,0.928888,2.67098028848
4084.031218997552,bench:c3e6e3b38b352ca5,6,2.90225,0.9294252,2.6974242867
4088.081574998796,bench:c3e6e3b38b352ca5,6,2.91118,0.9286194,2.703378224892
4092.140856999322,bench:c3e6e3b38b352ca5,6,2.87546,0.9283507,2.669435303822
4096.24411999539,bench:c3e6e3b38b352ca5,6,2.8576,0.9280821,2.6520874089600004
4100.302291000844,bench:c3e6e3b38b352ca5,6,2.84867,0.9280821,2.643799635807
4104.377442999976,bench:c3e6e3b38b352ca5,6,2.88439,0.928888,2.67927525832
4108.424854988698,bench:c3e6e3b38b352ca5,6,2.87546,0.9286194,2.670207939924
4112.473840999883,bench:c3e6e3b38b352ca5,6,2.78616,0.9283507,2.586533586312
4116.556270993897,bench:c3e6e3b38b352ca5,6,2.88439,0.928888,2.67927525832
4120.650033990387,bench:c3e6e3b38b352ca5,6,2.83081,0.9291566,2.630265794846
4124.735278994194,bench:c3e6e3b38b352ca5,6,2.88439,0.9286194,2.678500511166
4128.835727999103,bench:c3e6e3b38b352ca5,6,2.80402,0.9291566,2.605373689532
4132.897306000814,bench:c3e6e3b38b352ca5,6,2.90225,0.9291566,2.69664474235
4136.9276990008075,bench:c3e6e3b38b352ca5,6,2.78616,0.9280821,2.5857852237360004
4141.00442599738,bench:c3e6e3b38b352ca5,6,2.82188,0.9294252,2.622726383376
4145.173224998871,bench:c3e6e3b38b352ca5,6,2.79509,0.9294252,2.597827082268
4149.2922289908165,bench:c3e6e3b38b352ca5,6,2.86653,0.9286194,2.661915368682
4153.390973995556,bench:c3e6e3b38b352ca5,6,2.81295,0.9286194,2.61215994123
4157.428866994451,bench:c3e6e3b38b352ca5,6,2.83081,0.9286194,2.628745083714
4161.451594001846,bench:c3e6e3b38b352ca5,6,2.86653,0.9283507,2.661145132071
4165.4590429970995,bench:c3e6e3b38b352ca5,6,2.84867,0.9286194,2.645330226198
4169.490695989225,bench:c3e6e3b38b352ca5,6,2.8576,0.9283507,2.65285496032
4173.554959998,bench:c3e6e3b38b352ca5,6,2.86653,0.928888,2.6626853186400004
4177.5841859926,bench:c3e6e3b38b352ca5,6,2.83974,0.9280821,2.635511862654
4181.625450000865,bench:c3e6e3b38b352ca5,6,2.84867,0.928888,2.64609537896
4185.651177002001,bench:c3e6e3b38b352ca5,6,2.86653,0.9304997,2.6673053050410003
4189.696569999796,bench:c3e6e3b38b352ca5,6,2.78616,0.9283507,2.586533586312
4193.709464001586,bench:c3e6e3b38b352ca5,6,2.8576,0.928888,2.6543903488000002
4197.711671993602,bench:c3e6e3b38b352ca5,6,2.79509,0.9286194,2.595574798746
4201.7477509944,bench:c3e6e3b38b352ca5,6,2.82188,0.9286194,2.620452512472
4205.795884990948,bench:c3e6e3b38b352ca5,6,2.80402,0.9283507,2.603113929814
4209.759481993387,bench:c3e6e3b38b352ca5,6,2.75937,0.928888,2.5631456805600004
4213.809394001146,bench:c3e6e3b38b352ca5,6,2.88439,0.928888,2.67927525832
4217.857120995177,bench:c3e6e3b38b352ca5,6,2.91118,0.9280821,2.701814047878
4221.865717991022,bench:c3e6e3b38b352ca5,6,2.87546,0.928888,2.67098028848
4225.88790798909,bench:c3e6e3b38b352ca5,6,2.83974,0.9283507,2.636274616818
4229.901208993397,bench:c3e6e3b38b352ca5,6,2.78616,0.928888,2.5880305900800002
4233.909527989454,bench:c3e6e3b38b352ca5,6,2.86653,0.9283507,2.661145132071
4237.912106997101,bench:c3e6e3b38b352ca5,6,2.84867,0.9286194,2.645330226198
4241.974630000186,bench:c3e6e3b38b352ca5,6,2.86653,0.9286194,2.661915368682
4246.002985993982,bench:c3e6e3b38b352ca5,6,2.84867,0.9283507,2.644564788569
4250.049971989938,bench:c3e6e3b38b352ca5,6,2.86653,0.9286194,2.661915368682
4254.139568991377,bench:c3e6e3b38b352ca5,6,2.83974,0.9294252,2.6393259174479997
4258.144758990966,bench:c3e6e3b38b352ca5,6,2.8576,0.9294252,2.65592545152
4262.096374994144,bench:c3e6e3b38b352ca5,6,2.81295,0.9280821,2.610648543195
4266.141193991643,bench:c3e6e3b38b352ca5,6,2.83974,0.9291566,2.638563163284
4270.186290988931,bench:c3e6e3b38b352ca5,6,2.79509,0.928888,2.5963255599200004
4274.219610990258,bench:c3e6e3b38b352ca5,6,2.8576,0.9291566,2.6551579001600003
4278.228948998731,bench:c3e6e3b38b352ca5,6,2.8576,0.9294252,2.65592545152
4282.233082994935,bench:c3e6e3b38b352ca5,6,2.7683,0.9278135,2.56846611205
4286.294549994636,bench:c3e6e3b38b352ca5,6,2.88439,0.9283507,2.677725475573
4290.343091997784,bench:c3e6e3b38b352ca5,6,3.50056,0.9283507,3.249747326392
4294.3968740000855,bench:c3e6e3b38b352ca5,6,2.81295,0.9291566,2.61367105797
4298.458340999787,bench:c3e6e3b38b352ca5,6,2.84867,0.928888,2.64609537896
4302.4900119926315,bench:c3e6e3b38b352ca5,6,2.84867,0.9286194,2.645330226198
4306.517183998949,bench:c3e6e3b38b352ca5,6,2.77723,0.9286194,2.578989656262
4310.527984998771,bench:c3e6e3b38b352ca5,6,2.88439,0.9283507,2.677725475573
4314.537636993919,bench:c3e6e3b38b352ca5,6,2.84867,0.9283507,2.644564788569
4318.540271997335,bench:c3e6e3b38b352ca5,6,2.90225,0.9296938,2.69820383105
4322.567035997054,bench:c3e6e3b38b352ca5,6,2.83081,0.9286194,2.628745083714
4326.593410994974,bench:c3e6e3b38b352ca5,6,2.81295,0.9294252,2.61442661634
4330.610229997546,bench:c3e6e3b38b352ca5,6,2.83974,0.9286194,2.637037654956
4334.63914199092,bench:c3e6e3b38b352ca5,6,2.84867,0.9286194,2.645330226198
4338.635776002775,bench:c3e6e3b38b352ca5,6,2.8576,0.9294252,2.65592545152
4342.693058992154,bench:c3e6e3b38b352ca5,6,2.83081,0.9286194,2.628745083714
4346.71408199938,bench:c3e6e3b38b352ca5,6,2.78616,0.9294252,2.589527315232
4350.707289995626,bench:c3e6e3b38b352ca5,6,2.87546,0.9291566,2.671752637036
4354.774534993339,bench:c3e6e3b38b352ca5,6,2.87546,0.928888,2.67098028848
4358.832761994563,bench:c3e6e3b38b352ca5,6,2.8576,0.9283507,2.65285496032
4362.835637002718,bench:c3e6e3b38b352ca5,6,2.89332,0.9283507,2.686015647324
4366.852381994249,bench:c3e6e3b38b352ca5,6,2.88439,0.9283507,2.677725475573
4370.898016000865,bench:c3e6e3b38b352ca5,6,2.87546,0.9286194,2.670207939924
4374.90527999762,bench:c3e6e3b38b352ca5,6,2.86653,0.9294252,2.664225218556
4378.921210998669,bench:c3e6e3b38b352ca5,6,2.77723,0.9294252,2.581227548196
4382.976955996128,bench:c3e6e3b38b352ca5,6,2.87546,0.9304997,2.675614667362
4387.049922996084,bench:c3e6e3b38b352ca5,6,2.87546,0.9283507,2.669435303822
4391.0300209972775,bench:c3e6e3b38b352ca5,6,2.90225,0.9280821,2.693526274725
4395.057135989191,bench:c3e6e3b38b352ca5,6,2.84867,0.9283507,2.644564788569
4399.081362993456,bench:c3e6e3b38b352ca5,6,2.86653,0.9283507,2.661145132071
4403.158144996269,bench:c3e6e3b38b352ca5,6,3.50056,0.9286194,3.250687926864
4407.194446001085,bench:c3e6e3b38b352ca5,6,3.20587,0.9286194,2.977033075878
4411.190079990774,bench:c3e6e3b38b352ca5,6,2.93797,0.9294252,2.730623354844
4415.212084990344,bench:c3e6e3b38b352ca5,6,2.92904,0.9280821,2.718389594184
4419.265607997659,bench:c3e6e3b38b352ca5,6,2.88439,0.9294252,2.680824752628
4423.2893159933155,bench:c3e6e3b38b352ca5,6,2.84867,0.928888,2.64609537896
4427.331079990836,bench:c3e6e3b38b352ca5,6,2.90225,0.9283507,2.6943058190749998
4431.356324988883,bench:c3e6e3b38b352ca5,6,2.8576,0.9286194,2.65362279744
4435.384069991414,bench:c3e6e3b38b352ca5,6,2.8576,0.9270077,2.64901720352
4439.407592988573,bench:c3e6e3b38b352ca5,6,2.83081,0.9286194,2.628745083714
4443.438097994658,bench:c3e6e3b38b352ca5,6,2.88439,0.9280821,2.676950728419
4447.454602996004,bench:c3e6e3b38b352ca5,6,2.84867,0.9286194,2.645330226198
4451.469070001622,bench:c3e6e3b38b352ca5,6,2.79509,0.928888,2.5963255599200004
4455.517537993728,bench:c3e6e3b38b352ca5,6,2.84867,0.9280821,2.643799635807
4459.554838002077,bench:c3e6e3b38b352ca5,6,2.89332,0.9283507,2.686015647324
4463.598064990947,bench:c3e6e3b38b352ca5,6,2.87546,0.928888,2.67098028848
4467.6253289944725,bench:c3e6e3b38b352ca5,6,2.84867,0.9294252,2.647625684484
4471.712685000966,bench:c3e6e3b38b352ca5,6,2.88439,0.9283507,2.677725475573
4475.733503990341,bench:c3e6e3b38b352ca5,6,2.88439,0.9291566,2.680050005474
4479.739193993737,bench:c3e6e3b38b352ca5,6,2.86653,0.9291566,2.663455268598
4483.733846995165,bench:c3e6e3b38b352ca5,6,2.89332,0.9291566,2.6883473739120003
4487.754721994861,bench:c3e6e3b38b352ca5,6,2.78616,0.9286194,2.587282227504
4491.79496699071,bench:c3e6e3b38b352ca5,6,2.89332,0.9286194,2.686793082408
4495.79684199125,bench:c3e6e3b38b352ca5,6,2.86653,0.9294252,2.664225218556
4499.8312539973995,bench:c3e6e3b38b352ca5,6,2.83974,0.9286194,2.637037654956
4503.890239997418,bench:c3e6e3b38b352ca5,6,2.81295,0.9291566,2.61367105797
4507.941632997245,bench:c3e6e3b38b352ca5,6,2.88439,0.928888,2.67927525832
4511.971026993706,bench:c3e6e3b38b352ca5,6,2.83974,0.928888,2.63780040912
4516.026604993385,bench:c3e6e3b38b352ca5,6,2.80402,0.9299625,2.60763344925
4520.052627995028,bench:c3e6e3b38b352ca5,6,2.80402,0.9291566,2.605373689532
4524.084076998406,bench:c3e6e3b38b352ca5,6,2.90225,0.928888,2.6958651980000004
4528.134025997133,bench:c3e6e3b38b352ca5,6,2.81295,0.9286194,2.61215994123
4532.140622992301,bench:c3e6e3b38b352ca5,6,2.83081,0.9286194,2.628745083714
4536.166979989503,bench:c3e6e3b38b352ca5,6,2.89332,0.9283507,2.686015647324
4540.1801699918,bench:c3e6e3b38b352ca5,6,2.87546,0.9286194,2.670207939924
4544.160229997942,bench:c3e6e3b38b352ca5,6,2.86653,0.9280821,2.660375182113
4548.200474993791,bench:c3e6e3b38b352ca5,6,2.88439,0.9291566,2.680050005474
4552.238794989535,bench:c3e6e3b38b352ca5,6,2.8576,0.9291566,2.6551579001600003
4556.259021002916,bench:c3e6e3b38b352ca5,6,2.82188,0.9283507,2.619694273316
4560.300914992695,bench:c3e6e3b38b352ca5,6,2.89332,0.9280821,2.685238501572
4564.366955994046,bench:c3e6e3b38b352ca5,6,2.84867,0.9286194,2.645330226198
4568.364886989002,bench:c3e6e3b38b352ca5,6,2.8576,0.9294252,2.65592545152
4572.380798999802,bench:c3e6e3b38b352ca5,6,2.81295,0.9283507,2.611404101565
4576.386802989873,bench:c3e6e3b38b352ca5,6,2.8576,0.9294252,2.65592545152
4580.40167899162,bench:c3e6e3b38b352ca5,6,2.88439,0.928888,2.67927525832
4584.44505299849,bench:c3e6e3b38b352ca5,6,2.84867,0.928888,2.64609537896
4588.438947001123,bench:c3e6e3b38b352ca5,6,2.88439,0.928888,2.67927525832
4592.441266999231,bench:c3e6e3b38b352ca5,6,2.84867,0.9280821,2.643799635807
4596.511882002233,bench:c3e6e3b38b352ca5,6,2.92011,0.928888,2.71245513768
4600.56899698975,bench:c3e6e3b38b352ca5,6,2.84867,0.9304997,2.650686580399
4604.591057999642,bench:c3e6e3b38b352ca5,6,2.86653,0.9280821,2.660375182113
4608.659024990629,bench:c3e6e3b38b352ca5,6,2.81295,0.9286194,2.61215994123
4612.687436994747,bench:c3e6e3b38b352ca5,6,2.84867,0.9291566,2.646860531722
4616.719366997131,bench:c3e6e3b38b352ca5,6,2.81295,0.9286194,2.61215994123
4620.719557002303,bench:c3e6e3b38b352ca5,6,2.8576,0.9286194,2.65362279744
4624.793208990013,bench:c3e6e3b38b352ca5,6,2.86653,0.928888,2.6626853186400004
4628.822954997304,bench:c3e6e3b38b352ca5,6,2.7683,0.9291566,2.57218421578
4632.857903998229,bench:c3e6e3b38b352ca5,6,2.87546,0.9291566,2.671752637036
4636.869852998643,bench:c3e6e3b38b352ca5,6,2.84867,0.9286194,2.645330226198
4640.838653998799,bench:c3e6e3b38b352ca5,6,2.82188,0.9291566,2.6219684264080003
4644.846565992339,bench:c3e6e3b38b352ca5,6,2.84867,0.9291566,2.646860531722
4648.892571000033,bench:c3e6e3b38b352ca5,6,2.81295,0.9283507,2.611404101565
4652.933185992879,bench:c3e6e3b38b352ca5,6,2.86653,0.9294252,2.664225218556
4656.94265399361,bench:c3e6e3b38b352ca5,6,2.8576,0.9283507,2.65285496032
4660.943713999586,bench:c3e6e3b38b352ca5,6,2.84867,0.9294252,2.647625684484
4664.963718998479,bench:c3e6e3b38b352ca5,6,2.88439,0.9286194,2.678500511166
4669.030611999915,bench:c3e6e3b38b352ca5,6,2.87546,0.9283507,2.669435303822
4673.0936160020065,bench:c3e6e3b38b352ca5,6,2.8576,0.9283507,2.65285496032
4677.198656994733,bench:c3e6e3b38b352ca5,6,2.88439,0.9286194,2.678500511166
4681.263346996275,bench:c3e6e3b38b352ca5,6,2.80402,0.9294252,2.6061268493039997
4685.325313999783,bench:c3e6e3b38b352ca5,6,2.87546,0.9291566,2.671752637036
4689.396891990327,bench:c3e6e3b38b352ca5,6,2.77723,0.9280821,2.577497450583
4693.426729994826,bench:c3e6e3b38b352ca5,6,2.84867,0.9286194,2.645330226198
4697.449141996913,bench:c3e6e3b38b352ca5,6,2.8576,0.9283507,2.65285496032
4701.503923992277,bench:c3e6e3b38b352ca5,6,2.86653,0.9291566,2.663455268598
4705.501206990448,bench:c3e6e3b38b352ca5,6,2.84867,0.928888,2.64609537896
4709.535841000616,bench:c3e6e3b38b352ca5,6,2.87546,0.9304997,2.675614667362
4713.605900993571,bench:c3e6e3b38b352ca5,6,2.88439,0.9283507,2.677725475573
4717.653200990753,bench:c3e6e3b38b352ca5,6,2.91118,0.9286194,2.703378224892
4721.684371994343,bench:c3e6e3b38b352ca5,6,2.84867,0.9291566,2.646860531722
4725.685136989341,bench:c3e6e3b38b352ca5,6,2.92904,0.9283507,2.719176334328
4729.730566992657,bench:c3e6e3b38b352ca5,6,2.88439,0.9283507,2.677725475573
4733.754182991106,bench:c3e6e3b38b352ca5,6,2.87546,0.9286194,2.670207939924
4737.7713169989875,bench:c3e6e3b38b352ca5,6,2.84867,0.928888,2.64609537896
4741.859321002266,bench:c3e6e3b38b352ca5,6,2.73258,0.928888,2.53826077104
4748.530822995235,bench:c3e6e3b38b352ca5,6,2.84867,0.9286194,2.645330226198
4752.6928629959,bench:c3e6e3b38b352ca5,6,2.77723,0.9286194,2.578989656262
4756.757144990843,bench:c3e6e3b38b352ca5,6,2.73258,0.9286194,2.537526800052
4760.725038999226,bench:c3e6e3b38b352ca5,6,2.75937,0.9286194,2.562404513778
4764.778042997932,bench:c3e6e3b38b352ca5,6,2.75044,0.928888,2.5548507107200003
4768.82178899541,bench:c3e6e3b38b352ca5,6,2.7683,0.9291566,2.57218421578
4772.839126992039,bench:c3e6e3b38b352ca5,6,2.7683,0.9286194,2.57069708502
4776.838409001357,bench:c3e6e3b38b352ca5,6,2.68793,0.928888,2.4967859218400004
4780.850765993819,bench:c3e6e3b38b352ca5,6,2.69686,0.9291566,2.505805268276
4784.8835670010885,bench:c3e6e3b38b352ca5,6,2.77723,0.9283507,2.578243414561
4788.910385992494,bench:c3e6e3b38b352ca5,6,2.74151,0.9294252,2.548028480052
4792.953760988894,bench:c3e6e3b38b352ca5,6,2.75044,0.9280821,2.5526341311240004
4797.00874700211,bench:c3e6e3b38b352ca5,6,2.69686,0.9286194,2.504356515084
4801.118490999215,bench:c3e6e3b38b352ca5,6,2.77723,0.9304997,2.584211681831
4805.128717998741,bench:c3e6e3b38b352ca5,6,2.75937,0.9291566,2.5638868473420002
4809.177000002819,bench:c3e6e3b38b352ca5,6,2.74151,0.9294252,2.548028480052
4816.322257000138,bench:c3e6e3b38b352ca5,6,2.83974,0.928888,2.63780040912
4820.366205996834,bench:c3e6e3b38b352ca5,6,2.81295,0.9294252,2.61442661634
4824.379803991178,bench:c3e6e3b38b352ca5,6,2.78616,0.9286194,2.587282227504
4828.422788996249,bench:c3e6e3b38b352ca5,6,2.90225,0.9283507,2.6943058190749998
4832.450219997554,bench:c3e6e3b38b352ca5,6,2.8576,0.9283507,2.65285496032
4836.47259499412,bench:c3e6e3b38b352ca5,6,2.87546,0.9294252,2.6725249855919997
4840.50232199661,bench:c3e6e3b38b352ca5,6,2.8576,0.928888,2.6543903488000002
4844.5458819915075,bench:c3e6e3b38b352ca5,6,2.81295,0.9294252,2.61442661634
4848.580904988921,bench:c3e6e3b38b352ca5,6,2.84867,0.928888,2.64609537896
4852.619056997355,bench:c3e6e3b38b352ca5,6,2.83974,0.9286194,2.637037654956
4856.66915398906,bench:c3e6e3b38b352ca5,6,2.81295,0.9286194,2.61215994123
4860.699102995568,bench:c3e6e3b38b352ca5,6,2.7683,0.9286194,2.57069708502
4864.729292996344,bench:c3e6e3b38b352ca5,6,2.83974,0.9291566,2.638563163284
4868.7610939959995,bench:c3e6e3b38b352ca5,6,2.87546,0.9286194,2.670207939924
4872.800116994767,bench:c3e6e3b38b352ca5,6,2.87546,0.928888,2.67098028848
4876.852472996688,bench:c3e6e3b38b352ca5,6,2.80402,0.9283507,2.603113929814
4880.867162995855,bench:c3e6e3b38b352ca5,6,2.87546,0.9283507,2.669435303822
4884.92035199306,bench:c3e6e3b38b352ca5,6,2.78616,0.9286194,2.587282227504
4888.965171994641,bench:c3e6e3b38b352ca5,6,2.88439,0.9283507,2.677725475573
4893.030249993899,bench:c3e6e3b38b352ca5,6,2.86653,0.928888,2.6626853186400004
4897.099661990069,bench:c3e6e3b38b352ca5,6,2.87546,0.9291566,2.671752637036
4901.138054992771,bench:c3e6e3b38b352ca5,6,2.84867,0.9294252,2.647625684484
4905.2220589946955,bench:c3e6e3b38b352ca5,6,2.86653,0.9280821,2.660375182113
4909.269581999979,bench:c3e6e3b38b352ca5,6,2.79509,0.9283507,2.594823758063
4913.30519800249,bench:c3e6e3b38b352ca5,6,2.84867,0.928888,2.64609537896
4917.313294994528,bench:c3e6e3b38b352ca5,6,2.8576,0.928888,2.6543903488000002
4921.348187999683,bench:c3e6e3b38b352ca5,6,2.87546,0.9294252,2.6725249855919997
4925.366415001918,bench:c3e6e3b38b352ca5,6,2.83081,0.9283507,2.627984445067
4929.438178995042,bench:c3e6e3b38b352ca5,6,2.84867,0.9286194,2.645330226198
4933.4986640024,bench:c3e6e3b38b352ca5,6,2.8576,0.9286194,2.65362279744
4937.511279989849,bench:c3e6e3b38b352ca5,6,2.84867,0.9283507,2.644564788569
4941.541822001454,bench:c3e6e3b38b352ca5,6,2.81295,0.928888,2.6129154996
4945.580344996415,bench:c3e6e3b38b352ca5,6,2.83974,0.9286194,2.637037654956
4949.658940997324,bench:c3e6e3b38b352ca5,6,2.83974,0.928888,2.63780040912
4953.671815994312,bench:c3e6e3b38b352ca5,6,2.8576,0.9286194,2.65362279744
4957.698857993819,bench:c3e6e3b38b352ca5,6,2.87546,0.9283507,2.669435303822
4961.685010988731,bench:c3e6e3b38b352ca5,6,2.83974,0.9286194,2.637037654956
4965.714238001965,bench:c3e6e3b38b352ca5,6,2.88439,0.9280821,2.676950728419
4969.764389999909,bench:c3e6e3b38b352ca5,6,2.86653,0.928888,2.6626853186400004
4973.958467991906,bench:c3e6e3b38b352ca5,6,2.86653,0.9286194,2.661915368682
4977.9893980012275,bench:c3e6e3b38b352ca5,6,2.87546,0.928888,2.67098028848
4982.020679992274,bench:c3e6e3b38b352ca5,6,2.83974,0.9283507,2.636274616818
4986.179553990951,bench:c3e6e3b38b352ca5,6,2.86653,0.928888,2.6626853186400004
4990.163244001451,bench:c3e6e3b38b352ca5,6,2.83974,0.9286194,2.637037654956
4994.183100992814,bench:c3e6e3b38b352ca5,6,2.86653,0.9294252,2.664225218556
4998.23440099135,bench:c3e6e3b38b352ca5,6,2.88439,0.9286194,2.678500511166
5002.254498991533,bench:c3e6e3b38b352ca5,6,2.84867,0.9280821,2.643799635807
5006.279447989073,bench:c3e6e3b38b352ca5,6,2.79509,0.928888,2.5963255599200004
5010.336822000681,bench:c3e6e3b38b352ca5,6,2.83081,0.9286194,2.628745083714
5014.334790001158,bench:c3e6e3b38b352ca5,6,2.87546,0.9283507,2.669435303822
5018.304129000171,bench:c3e6e3b38b352ca5,6,2.86653,0.928888,2.6626853186400004
5022.3274849995505,bench:c3e6e3b38b352ca5,6,2.84867,0.9280821,2.643799635807
5026.291620000848,bench:c3e6e3b38b352ca5,6,2.8576,0.9286194,2.65362279744
5030.317939002998,bench:c3e6e3b38b352ca5,6,2.83081,0.9294252,2.631026150412
5034.330369991949,bench:c3e6e3b38b352ca5,6,2.89332,0.928888,2.6875702281600002
5038.324708002619,bench:c3e6e3b38b352ca5,6,2.78616,0.9291566,2.5887789526560003
5042.325100992457,bench:c3e6e3b38b352ca5,6,2.81295,0.9299625,2.6159380143749997
5046.36043899518,bench:c3e6e3b38b352ca5,6,2.87546,0.9286194,2.670207939924
5054.409429998486,bench:c3e6e3b38b352ca5,6,2.77723,0.928888,2.57973562024
5058.461897002417,bench:c3e6e3b38b352ca5,6,2.87546,0.9283507,2.669435303822
5062.500790998456,bench:c3e6e3b38b352ca5,6,2.92011,0.928888,2.71245513768
5066.473239989136,bench:c3e6e3b38b352ca5,6,2.89332,0.9283507,2.686015647324
5070.521355999517,bench:c3e6e3b38b352ca5,6,2.84867,0.9291566,2.646860531722
5074.735265996424,bench:c3e6e3b38b352ca5,6,2.83081,0.9286194,2.628745083714
5089.0801130008185,bench:c3e6e3b38b352ca5,6,2.87546,0.9294252,2.6725249855919997
5093.262616996071,bench:c3e6e3b38b352ca5,6,2.7683,0.928888,2.5714406504
5119.401035000919,bench:c3e6e3b38b352ca5,6,2.89332,0.9283507,2.686015647324
5123.481372997048,bench:c3e6e3b38b352ca5,6,2.83974,0.9291566,2.638563163284
5127.521100002923,bench:c3e6e3b38b352ca5,6,2.8576,0.9291566,2.6551579001600003
5131.504455988761,bench:c3e6e3b38b352ca5,6,2.84867,0.9294252,2.647625684484
5135.5220719997305,bench:c3e6e3b38b352ca5,6,2.87546,0.9291566,2.671752637036
5139.520817989251,bench:c3e6e3b38b352ca5,6,2.90225,0.9299625,2.698983665625
5143.508692999603,bench:c3e6e3b38b352ca5,6,2.81295,0.9283507,2.611404101565
5147.5721599999815,bench:c3e6e3b38b352ca5,6,2.83081,0.9291566,2.630265794846
5151.551590999588,bench:c3e6e3b38b352ca5,6,2.86653,0.9283507,2.661145132071
5155.546854992281,bench:c3e6e3b38b352ca5,6,2.82188,0.9294252,2.622726383376
5159.6149889956,bench:c3e6e3b38b352ca5,6,2.89332,0.928888,2.6875702281600002
5163.64738199627,bench:c3e6e3b38b352ca5,6,2.92904,0.9286194,2.719963367376
5167.659054000978,bench:c3e6e3b38b352ca5,6,2.80402,0.928888,2.60462052976
5171.738131990423,bench:c3e6e3b38b352ca5,6,2.79509,0.9286194,2.595574798746
5175.738895995892,bench:c3e6e3b38b352ca5,6,2.83081,0.9286194,2.628745083714
5179.761325998697,bench:c3e6e3b38b352ca5,6,2.88439,0.928888,2.67927525832
5183.823700994253,bench:c3e6e3b38b352ca5,6,2.89332,0.9270077,2.682129918564
5187.851927999873,bench:c3e6e3b38b352ca5,6,2.79509,0.928888,2.5963255599200004
5191.854913995485,bench:c3e6e3b38b352ca5,6,2.90225,0.9286194,2.69508565365
5195.912751994911,bench:c3e6e3b38b352ca5,6,2.78616,0.928888,2.5880305900800002
5199.986441002693,bench:c3e6e3b38b352ca5,6,2.81295,0.9280821,2.610648543195
5204.052315995796,bench:c3e6e3b38b352ca5,6,2.92011,0.9291566,2.7132394792260004
5208.089523992385,bench:c3e6e3b38b352ca5,6,2.82188,0.928888,2.6212104694400002
5212.149138998939,bench:c3e6e3b38b352ca5,6,2.86653,0.9291566,2.663455268598
5216.174291999778,bench:c3e6e3b38b352ca5,6,2.87546,0.928888,2.67098028848
5220.184445002815,bench:c3e6e3b38b352ca5,6,2.90225,0.9283507,2.6943058190749998
5224.230541993165,bench:c3e6e3b38b352ca5,6,2.84867,0.9283507,2.644564788569
5228.269065002678,bench:c3e6e3b38b352ca5,6,2.86653,0.928888,2.6626853186400004
5232.311439991463,bench:c3e6e3b38b352ca5,6,2.8576,0.9283507,2.65285496032
5236.311943997862,bench:c3e6e3b38b352ca5,6,2.86653,0.9291566,2.663455268598
5240.349966989015,bench:c3e6e3b38b352ca5,6,2.84867,0.9283507,2.644564788569
5244.445933989482,bench:c3e6e3b38b352ca5,6,2.88439,0.9283507,2.677725475573
5248.470956998062,bench:c3e6e3b38b352ca5,6,2.84867,0.9278135,2.6430344830449997
5252.479535993189,bench:c3e6e3b38b352ca5,6,2.77723,0.9286194,2.578989656262
5256.530428989208,bench:c3e6e3b38b352ca5,6,2.90225,0.928888,2.6958651980000004
5260.613915001159,bench:c3e6e3b38b352ca5,6,2.86653,0.9283507,2.661145132071
5264.600641996367,bench:c3e6e3b38b352ca5,6,2.86653,0.928888,2.6626853186400004
5268.649164994713,bench:c3e6e3b38b352ca5,6,2.88439,0.9286194,2.678500511166
5272.682335998979,bench:c3e6e3b38b352ca5,6,2.80402,0.9291566,2.605373689532
5276.696266999352,bench:c3e6e3b38b352ca5,6,2.88439,0.9283507,2.677725475573
5280.7262709975475,bench:c3e6e3b38b352ca5,6,2.87546,0.9280821,2.668662955266
5284.776813001372,bench:c3e6e3b38b352ca5,6,2.81295,0.9299625,2.6159380143749997
5288.785205993918,bench:c3e6e3b38b352ca5,6,2.89332,0.9283507,2.686015647324
5292.796415000339,bench:c3e6e3b38b352ca5,6,2.81295,0.9286194,2.61215994123
5296.844270997099,bench:c3e6e3b38b352ca5,6,2.77723,0.928888,2.57973562024
5300.88571998931,bench:c3e6e3b38b352ca5,6,2.88439,0.9294252,2.680824752628
5304.928501995164,bench:c3e6e3b38b352ca5,6,2.83081,0.928888,2.6295054392800004
5308.971968988772,bench:c3e6e3b38b352ca5,6,2.90225,0.9283507,2.6943058190749998
5313.044602997252,bench:c3e6e3b38b352ca5,6,3.76846,0.9294252,3.502501689192
5317.107422000845,bench:c3e6e3b38b352ca5,6,2.81295,0.9280821,2.610648543195
5321.216073993128,bench:c3e6e3b38b352ca5,6,2.86653,0.9286194,2.661915368682
5325.196598001639,bench:c3e6e3b38b352ca5,6,2.87546,0.9286194,2.670207939924
5329.224601999158,bench:c3e6e3b38b352ca5,6,2.87546,0.9283507,2.669435303822
5333.295292002731,bench:c3e6e3b38b352ca5,6,2.88439,0.9283507,2.677725475573
5337.314425996738,bench:c3e6e3b38b352ca5,6,2.82188,0.9291566,2.6219684264080003
5341.346948989667,bench:c3e6e3b38b352ca5,6,2.91118,0.9294252,2.7057240537359997
5345.376138997381,bench:c3e6e3b38b352ca5,6,2.87546,0.9286194,2.670207939924
5349.397402998875,bench:c3e6e3b38b352ca5,6,2.89332,0.9280821,2.685238501572
5353.462461993331,bench:c3e6e3b38b352ca5,6,2.77723,0.9278135,2.5767514866049996
5357.504355997662,bench:c3e6e3b38b352ca5,6,2.89332,0.928888,2.6875702281600002
5361.526470995159,bench:c3e6e3b38b352ca5,6,2.87546,0.928888,2.67098028848
5365.607789994101,bench:c3e6e3b38b352ca5,6,2.88439,0.9294252,2.680824752628
5369.662553988746,bench:c3e6e3b38b352ca5,6,2.88439,0.9283507,2.677725475573
5373.6983359995065,bench:c3e6e3b38b352ca5,6,2.8576,0.928888,2.6543903488000002
5377.746803991613,bench:c3e6e3b38b352ca5,6,2.81295,0.9286194,2.61215994123
5381.771974993171,bench:c3e6e3b38b352ca5,6,2.8576,0.9280821,2.6520874089600004
5385.777887000586,bench:c3e6e3b38b352ca5,6,2.90225,0.9286194,2.69508565365
5389.810668988503,bench:c3e6e3b38b352ca5,6,2.83974,0.9286194,2.637037654956
5393.849692001822,bench:c3e6e3b38b352ca5,6,2.8576,0.9291566,2.6551579001600003
5397.9018079990055,bench:c3e6e3b38b352ca5,6,2.89332,0.928888,2.6875702281600002
5401.893089991063,bench:c3e6e3b38b352ca5,6,2.88439,0.9296938,2.6815994997819996
5405.913687995053,bench:c3e6e3b38b352ca5,6,2.77723,0.9286194,2.578989656262
5409.962709993124,bench:c3e6e3b38b352ca5,6,2.89332,0.928888,2.6875702281600002
5413.969066998106,bench:c3e6e3b38b352ca5,6,2.81295,0.9286194,2.61215994123
5418.046663995483,bench:c3e6e3b38b352ca5,6,2.88439,0.9294252,2.680824752628
5422.1338349889265,bench:c3e6e3b38b352ca5,6,2.83974,0.9286194,2.637037654956
5426.187967997976,bench:c3e6e3b38b352ca5,6,2.8576,0.9291566,2.6551579001600003
5430.200287999469,bench:c3e6e3b38b352ca5,6,2.89332,0.928888,2.6875702281600002
5434.2690509947715,bench:c3e6e3b38b352ca5,6,2.81295,0.9294252,2.61442661634
5438.302166992798,bench:c3e6e3b38b352ca5,6,2.88439,0.928888,2.67927525832
5442.290819992195,bench:c3e6e3b38b352ca5,6,2.8576,0.9283507,2.65285496032
5446.354860992869,bench:c3e6e3b38b352ca5,6,2.86653,0.928888,2.6626853186400004
5450.407031996292,bench:c3e6e3b38b352ca5,6,2.84867,0.9286194,2.645330226198
5454.4267960009165,bench:c3e6e3b38b352ca5,6,2.91118,0.9286194,2.703378224892
5458.445430995198,bench:c3e6e3b38b352ca5,6,2.88439,0.9280821,2.676950728419
5462.470842991024,bench:c3e6e3b38b352ca5,6,2.86653,0.9294252,2.664225218556
5466.493568994338,bench:c3e6e3b38b352ca5,6,2.88439,0.9294252,2.680824752628
5470.543536997866,bench:c3e6e3b38b352ca5,6,2.88439,0.928888,2.67927525832
5474.610188990482,bench:c3e6e3b38b352ca5,6,3.90241,0.9294252,3.626998194732
5478.673970996169,bench:c3e6e3b38b352ca5,6,2.88439,0.9294252,2.680824752628
5482.685160997789,bench:c3e6e3b38b352ca5,6,2.87546,0.9294252,2.6725249855919997
5486.734758000239,bench:c3e6e3b38b352ca5,6,2.89332,0.9283507,2.686015647324
5490.7702619966585,bench:c3e6e3b38b352ca5,6,2.86653,0.9280821,2.660375182113
5494.80422999477,bench:c3e6e3b38b352ca5,6,2.86653,0.928888,2.6626853186400004
5498.8371419894975,bench:c3e6e3b38b352ca5,6,2.86653,0.9286194,2.661915368682
5502.917386998888,bench:c3e6e3b38b352ca5,6,2.99155,0.9280821,2.7764040062550004
5506.9750389957335,bench:c3e6e3b38b352ca5,6,2.88439,0.9294252,2.680824752628
5510.977895988617,bench:c3e6e3b38b352ca5,6,2.84867,0.9286194,2.645330226198
5514.999214996351,bench:c3e6e3b38b352ca5,6,2.90225,0.9294252,2.6974242867
5519.050219998462,bench:c3e6e3b38b352ca5,6,2.86653,0.9286194,2.661915368682
5523.053038996295,bench:c3e6e3b38b352ca5,6,2.82188,0.9286194,2.620452512472
5527.055913989898,bench:c3e6e3b38b352ca5,6,2.8576,0.9283507,2.65285496032
5531.085473994608,bench:c3e6e3b38b352ca5,6,2.87546,0.928888,2.67098028848
5535.103367990814,bench:c3e6e3b38b352ca5,6,2.90225,0.928888,2.6958651980000004
5539.108372991905,bench:c3e6e3b38b352ca5,6,2.92011,0.9286194,2.7116707961340003
5543.128951001563,bench:c3e6e3b38b352ca5,6,3.07192,0.9283507,2.851819082344
5547.159807989374,bench:c3e6e3b38b352ca5,6,3.42019,0.928888,3.17697344872
5551.479253990692,idle,6,3.07192,0.928888,2.8534696249600002
5555.9564029972535,idle,6,1.64312,0.9283507,1.525391602184
5570.217158994637,idle,6,1.63419,0.9291566,1.518418424154
5574.463179989834,bench:d908ade19db0c477,7,1.63419,0.9286194,1.517540537286
5578.699182995479,bench:d908ade19db0c477,7,1.62526,0.9283507,1.508811258682
5592.968678989564,bench:d908ade19db0c477,7,1.64312,0.928888,1.52627445056
5597.256348002702,bench:d908ade19db0c477,7,2.7683,0.928888,2.5714406504
5601.357203995576,bench:d908ade19db0c477,7,2.83081,0.9291566,2.630265794846
5605.42141199403,bench:d908ade19db0c477,7,2.78616,0.9283507,2.586533586312
5609.508879002533,bench:d908ade19db0c477,7,2.84867,0.9286194,2.645330226198
5613.608326995745,bench:d908ade19db0c477,7,2.84867,0.928888,2.64609537896
5617.673386994284,bench:d908ade19db0c477,7,2.88439,0.928888,2.67927525832
5621.752927996567,bench:d908ade19db0c477,7,2.84867,0.9291566,2.646860531722
5625.767580990214,bench:d908ade19db0c477,7,2.82188,0.9286194,2.620452512472
5629.799048998393,bench:d908ade19db0c477,7,2.8576,0.9283507,2.65285496032
5633.825441997033,bench:d908ade19db0c477,7,2.82188,0.928888,2.6212104694400002
5637.840223993408,bench:d908ade19db0c477,7,2.83974,0.928888,2.63780040912
5641.912505991058,bench:d908ade19db0c477,7,2.83081,0.928888,2.6295054392800004
5645.937547989888,bench:d908ade19db0c477,7,2.86653,0.9286194,2.661915368682
5649.977292996482,bench:d908ade19db0c477,7,2.77723,0.928888,2.57973562024
5654.025334995822,bench:d908ade19db0c477,7,2.7683,0.9294252,2.5729277811599998
5658.218393000425,bench:d908ade19db0c477,7,2.79509,0.9283507,2.594823758063
5662.3092309891945,bench:d908ade19db0c477,7,2.7683,0.9280821,2.56920967743
5666.404363990296,bench:d908ade19db0c477,7,2.83974,0.928888,2.63780040912
5670.47497999738,bench:d908ade19db0c477,7,2.84867,0.9291566,2.646860531722
5674.554336001165,bench:d908ade19db0c477,7,2.83974,0.9286194,2.637037654956
5678.60119199031,bench:d908ade19db0c477,7,2.84867,0.9286194,2.645330226198
5682.69669599249,bench:d908ade19db0c477,7,2.88439,0.9283507,2.677725475573
5686.745625993353,bench:d908ade19db0c477,7,2.8576,0.9294252,2.65592545152
5690.789631000371,bench:d908ade19db0c477,7,2.8576,0.928888,2.6543903488000002
5694.812895002542,bench:d908ade19db0c477,7,2.84867,0.9294252,2.647625684484
5698.840028999257,bench:d908ade19db0c477,7,2.83081,0.9291566,2.630265794846
5702.920458992594,bench:d908ade19db0c477,7,2.84867,0.928888,2.64609537896
5706.965184988803,bench:d908ade19db0c477,7,2.84867,0.9286194,2.645330226198
5711.0562449961435,bench:d908ade19db0c477,7,2.80402,0.928888,2.60462052976
5715.114174992777,bench:d908ade19db0c477,7,2.92011,0.9294252,2.714023820772
5719.133680002415,bench:d908ade19db0c477,7,3.47377,0.928888,3.2267432677600003
5723.18216599524,bench:d908ade19db0c477,7,2.93797,0.9294252,2.730623354844
5727.211669989629,bench:d908ade19db0c477,7,2.87546,0.928888,2.67098028848
5731.246415991336,bench:d908ade19db0c477,7,2.88439,0.9294252,2.680824752628
5735.352826988674,bench:d908ade19db0c477,7,2.88439,0.9286194,2.678500511166
5739.512922998983,bench:d908ade19db0c477,7,2.8576,0.9291566,2.6551579001600003
5746.14949899842,bench:d908ade19db0c477,7,2.83081,0.928888,2.6295054392800004
5750.32931700116,bench:d908ade19db0c477,7,2.62542,0.9286194,2.438015945148
5754.373766001663,bench:d908ade19db0c477,7,2.71472,0.9283507,2.5202122123039996
5758.401547995163,bench:d908ade19db0c477,7,2.74151,0.9286194,2.545819371294
5762.465811989387,bench:d908ade19db0c477,7,2.69686,0.9286194,2.504356515084
5766.534019989194,bench:d908ade19db0c477,7,2.75044,0.928888,2.5548507107200003
5770.585968988598,bench:d908ade19db0c477,7,2.74151,0.9283507,2.545082727557
5774.605065991636,bench:d908ade19db0c477,7,2.69686,0.9291566,2.505805268276
5778.70934800012,bench:d908ade19db0c477,7,2.72365,0.9291566,2.5306973735900002
5782.794536993606,bench:d908ade19db0c477,7,2.67007,0.9280821,2.478044172747
5786.841059991275,bench:d908ade19db0c477,7,2.73258,0.928888,2.53826077104
5790.865805000067,bench:d908ade19db0c477,7,2.77723,0.928888,2.57973562024
5794.933123994269,bench:d908ade19db0c477,7,2.74151,0.928888,2.54655574088
5798.971479991451,bench:d908ade19db0c477,7,2.69686,0.9280821,2.502907492206
5802.998447994469,bench:d908ade19db0c477,7,2.73258,0.9283507,2.536792555806
5807.062526000664,bench:d908ade19db0c477,7,2.75937,0.9286194,2.562404513778
5813.705102002132,bench:d908ade19db0c477,7,2.83081,0.928888,2.6295054392800004
5817.741217993898,bench:d908ade19db0c477,7,2.83081,0.9286194,2.628745083714
5821.817370000645,bench:d908ade19db0c477,7,2.90225,0.9286194,2.69508565365
5825.8786520018475,bench:d908ade19db0c477,7,2.77723,0.928888,2.57973562024
5829.918711999198,bench:d908ade19db0c477,7,2.82188,0.928888,2.6212104694400002
5833.951642998727,bench:d908ade19db0c477,7,2.83974,0.928888,2.63780040912
5837.950572997215,bench:d908ade19db0c477,7,2.83081,0.928888,2.6295054392800004
5841.984762999346,bench:d908ade19db0c477,7,2.84867,0.9280821,2.643799635807
5846.126821998041,bench:d908ade19db0c477,7,2.81295,0.9286194,2.61215994123
5850.161178997951,bench:d908ade19db0c477,7,2.83974,0.9283507,2.636274616818
5854.2483859928325,bench:d908ade19db0c477,7,2.78616,0.9283507,2.586533586312
5858.309205999831,bench:d908ade19db0c477,7,2.8576,0.9286194,2.65362279744
5862.422079997486,bench:d908ade19db0c477,7,2.7683,0.928888,2.5714406504
5866.461083991453,bench:d908ade19db0c477,7,2.8576,0.928888,2.6543903488000002
5870.496717994683,bench:d908ade19db0c477,7,2.82188,0.9291566,2.6219684264080003
5874.586721998639,bench:d908ade19db0c477,7,2.89332,0.928888,2.6875702281600002
5878.617467998993,bench:d908ade19db0c477,7,2.82188,0.9286194,2.620452512472
5882.693286999711,bench:d908ade19db0c477,7,2.8576,0.928888,2.6543903488000002
5886.741586989956,bench:d908ade19db0c477,7,2.84867,0.928888,2.64609537896
5890.81981399795,bench:d908ade19db0c477,7,2.80402,0.9286194,2.603867369988
5894.825614988804,bench:d908ade19db0c477,7,2.87546,0.9283507,2.669435303822
5898.9048229996115,bench:d908ade19db0c477,7,2.88439,0.928888,2.67927525832
5902.959326995187,bench:d908ade19db0c477,7,2.84867,0.9280821,2.643799635807
5907.015423988923,bench:d908ade19db0c477,7,2.75044,0.9294252,2.556328247088
5911.075001989957,bench:d908ade19db0c477,7,2.8576,0.928888,2.6543903488000002
5915.130894994945,bench:d908ade19db0c477,7,2.8576,0.9286194,2.65362279744
5919.150788991828,bench:d908ade19db0c477,7,3.38447,0.9294252,3.145611706644
5923.184182000114,bench:d908ade19db0c477,7,2.99155,0.928888,2.7788148964
5927.2129829914775,bench:d908ade19db0c477,7,2.92011,0.928888,2.71245513768
5931.269135995535,bench:d908ade19db0c477,7,2.81295,0.9283507,2.611404101565
5935.308843996609,bench:d908ade19db0c477,7,2.8576,0.9286194,2.65362279744
5939.334644994233,bench:d908ade19db0c477,7,2.86653,0.9283507,2.661145132071
5943.417592992773,bench:d908ade19db0c477,7,2.87546,0.9304997,2.675614667362
5947.48741199146,bench:d908ade19db0c477,7,2.83974,0.928888,2.63780040912
5951.564620001591,bench:d908ade19db0c477,7,2.86653,0.928888,2.6626853186400004
5955.630160999135,bench:d908ade19db0c477,7,2.83081,0.928888,2.6295054392800004
5959.7136469965335,bench:d908ade19db0c477,7,2.84867,0.9286194,2.645330226198
5963.78665100201,bench:d908ade19db0c477,7,2.8576,0.9286194,2.65362279744
5967.87435899023,bench:d908ade19db0c477,7,2.83081,0.928888,2.6295054392800004
5971.917696995661,bench:d908ade19db0c477,7,2.8576,0.9286194,2.65362279744
5975.953885994386,bench:d908ade19db0c477,7,2.83081,0.9286194,2.628745083714
5979.9904089886695,bench:d908ade19db0c477,7,2.83974,0.9283507,2.636274616818
5984.04750599002,bench:d908ade19db0c477,7,2.7683,0.9291566,2.57218421578
5988.066602993058,bench:d908ade19db0c477,7,2.82188,0.928888,2.6212104694400002
5992.198162988643,bench:d908ade19db0c477,7,2.84867,0.9283507,2.644564788569
5996.25424099213,bench:d908ade19db0c477,7,2.87546,0.9280821,2.668662955266
6000.34683800186,bench:d908ade19db0c477,7,2.83081,0.9291566,2.630265794846
6004.434823000338,bench:d908ade19db0c477,7,2.86653,0.9286194,2.661915368682
6008.432105998509,bench:d908ade19db0c477,7,2.80402,0.9283507,2.603113929814
6012.4397030012915,bench:d908ade19db0c477,7,2.79509,0.9283507,2.594823758063
6016.478984995047,bench:d908ade19db0c477,7,2.81295,0.9283507,2.611404101565
6020.537896998576,bench:d908ade19db0c477,7,2.83974,0.9283507,2.636274616818
6024.569456989411,bench:d908ade19db0c477,7,2.7683,0.9286194,2.57069708502
6028.626350002014,bench:d908ade19db0c477,7,2.79509,0.9294252,2.597827082268
6032.661354998709,bench:d908ade19db0c477,7,2.82188,0.928888,2.6212104694400002
6036.7940989963245,bench:d908ade19db0c477,7,2.86653,0.928888,2.6626853186400004
6040.871140998206,bench:d908ade19db0c477,7,2.8576,0.9280821,2.6520874089600004
6044.980273989495,bench:d908ade19db0c477,7,2.84867,0.9294252,2.647625684484
6049.037463992136,bench:d908ade19db0c477,7,2.8576,0.9286194,2.65362279744
6057.202915995731,bench:d908ade19db0c477,7,2.84867,0.9294252,2.647625684484
6061.276956999791,bench:d908ade19db0c477,7,2.81295,0.9283507,2.611404101565
6065.389071998652,bench:d908ade19db0c477,7,2.82188,0.928888,2.6212104694400002
6069.440651001059,bench:d908ade19db0c477,7,2.84867,0.928888,2.64609537896
6073.5300989908865,bench:d908ade19db0c477,7,2.82188,0.9286194,2.620452512472
6077.654344000621,bench:d908ade19db0c477,7,2.81295,0.9291566,2.61367105797
6081.737865999457,bench:d908ade19db0c477,7,2.79509,0.9286194,2.595574798746
6085.817036990193,bench:d908ade19db0c477,7,2.87546,0.9294252,2.6725249855919997
6089.837096995325,bench:d908ade19db0c477,7,2.79509,0.928888,2.5963255599200004
6093.854453996755,bench:d908ade19db0c477,7,2.75044,0.9291566,2.5555894789040003
6097.918810002739,bench:d908ade19db0c477,7,2.84867,0.9280821,2.643799635807
6101.956814993173,bench:d908ade19db0c477,7,2.83974,0.9294252,2.6393259174479997
6105.958079002448,bench:d908ade19db0c477,7,2.84867,0.928888,2.64609537896
6110.023285989882,bench:d908ade19db0c477,7,2.86653,0.9283507,2.661145132071
6114.074790995801,bench:d908ade19db0c477,7,2.77723,0.9291566,2.580481584218
6118.132980001974,bench:d908ade19db0c477,7,2.83974,0.9291566,2.638563163284
6122.1899109950755,bench:d908ade19db0c477,7,2.8576,0.9283507,2.65285496032
6126.2501739984145,bench:d908ade19db0c477,7,2.8576,0.9286194,2.65362279744
6130.29875299253,bench:d908ade19db0c477,7,2.84867,0.9286194,2.645330226198
6134.333238995168,bench:d908ade19db0c477,7,2.84867,0.9286194,2.645330226198
6138.352298992686,bench:d908ade19db0c477,7,2.80402,0.9294252,2.6061268493039997
6142.394896000042,bench:d908ade19db0c477,7,2.83081,0.9280821,2.627224089501
6146.447695995448,bench:d908ade19db0c477,7,2.83081,0.9283507,2.627984445067
6150.473589994363,bench:d908ade19db0c477,7,2.83974,0.9286194,2.637037654956
6154.549908998888,bench:d908ade19db0c477,7,2.83974,0.9283507,2.636274616818
6158.6362090019975,bench:d908ade19db0c477,7,2.90225,0.9291566,2.69664474235
6162.643010000465,bench:d908ade19db0c477,7,2.86653,0.9286194,2.661915368682
6166.649032995338,bench:d908ade19db0c477,7,2.81295,0.9294252,2.61442661634
6170.725167001365,bench:d908ade19db0c477,7,2.78616,0.9286194,2.587282227504
6174.755152998841,bench:d908ade19db0c477,7,2.7683,0.9286194,2.57069708502
6178.771824997966,bench:d908ade19db0c477,7,2.7683,0.9283507,2.56995324281
6182.87253199378,bench:d908ade19db0c477,7,2.83081,0.9283507,2.627984445067
6186.941776992171,bench:d908ade19db0c477,7,2.87546,0.9283507,2.669435303822
6190.991355993901,bench:d908ade19db0c477,7,2.8576,0.9286194,2.65362279744
6195.0329529936425,bench:d908ade19db0c477,7,2.78616,0.928888,2.5880305900800002
6199.1274199972395,bench:d908ade19db0c477,7,2.87546,0.928888,2.67098028848
6203.1683690001955,bench:d908ade19db0c477,7,3.35768,0.9286194,3.1180067869920003
6207.198762000189,bench:d908ade19db0c477,7,2.92011,0.9280821,2.7101018210310004
6211.2375809956575,bench:d908ade19db0c477,7,2.92904,0.9286194,2.719963367376
6215.324937002151,bench:d908ade19db0c477,7,2.88439,0.9280821,2.676950728419
6219.347385995206,bench:d908ade19db0c477,7,2.89332,0.928888,2.6875702281600002
6223.423520001234,bench:d908ade19db0c477,7,2.83974,0.9280821,2.635511862654
6227.495264989557,bench:d908ade19db0c477,7,2.8576,0.9291566,2.6551579001600003
6231.55026898894,bench:d908ade19db0c477,7,2.88439,0.9294252,2.680824752628
6235.608643997693,bench:d908ade19db0c477,7,2.88439,0.928888,2.67927525832
6239.648167000269,bench:d908ade19db0c477,7,2.87546,0.9283507,2.669435303822
6243.729170993902,bench:d908ade19db0c477,7,2.8576,0.9283507,2.65285496032
6247.765934997005,bench:d908ade19db0c477,7,2.87546,0.9286194,2.670207939924
6251.832327994634,bench:d908ade19db0c477,7,2.8576,0.9294252,2.65592545152
6255.933609994827,bench:d908ade19db0c477,7,2.83974,0.9283507,2.636274616818
6259.987002995331,bench:d908ade19db0c477,7,2.86653,0.9280821,2.660375182113
6264.07330299844,bench:d908ade19db0c477,7,2.83081,0.9286194,2.628745083714
6268.15347399679,bench:d908ade19db0c477,7,2.80402,0.9286194,2.603867369988
6272.191922995262,bench:d908ade19db0c477,7,2.81295,0.9294252,2.61442661634
6276.219298000797,bench:d908ade19db0c477,7,2.82188,0.928888,2.6212104694400002
6280.295117001515,bench:d908ade19db0c477,7,2.75937,0.9286194,2.562404513778
6284.361694997642,bench:d908ade19db0c477,7,2.84867,0.928888,2.64609537896
6288.405365994549,bench:d908ade19db0c477,7,2.89332,0.9280821,2.685238501572
6292.474258996663,bench:d908ade19db0c477,7,2.7683,0.9280821,2.56920967743
6296.529226994608,bench:d908ade19db0c477,7,2.83081,0.928888,2.6295054392800004
6300.614841995412,bench:d908ade19db0c477,7,2.8576,0.928888,2.6543903488000002
6304.628068988677,bench:d908ade19db0c477,7,2.81295,0.9294252,2.61442661634
6308.699535991764,bench:d908ade19db0c477,7,2.82188,0.9286194,2.620452512472
6312.782077002339,bench:d908ade19db0c477,7,2.83974,0.9294252,2.6393259174479997
6316.853432988864,bench:d908ade19db0c477,7,2.84867,0.9286194,2.645330226198
6320.995454996591,bench:d908ade19db0c477,7,2.84867,0.9283507,2.644564788569
6325.068421996548,bench:d908ade19db0c477,7,2.83081,0.9294252,2.631026150412
6329.145833995426,bench:d908ade19db0c477,7,2.8576,0.9286194,2.65362279744
6333.238281993545,bench:d908ade19db0c477,7,2.83974,0.9280821,2.635511862654
6337.3114349960815,bench:d908ade19db0c477,7,2.84867,0.9286194,2.645330226198
6341.479882990825,bench:d908ade19db0c477,7,2.8576,0.9291566,2.6551579001600003
6345.616997001343,bench:d908ade19db0c477,7,2.7683,0.9286194,2.57069708502
6349.671297997702,bench:d908ade19db0c477,7,2.77723,0.9280821,2.577497450583
6353.701727988664,bench:d908ade19db0c477,7,2.84867,0.9291566,2.646860531722
6357.76752899983,bench:d908ade19db0c477,7,2.88439,0.928888,2.67927525832
6361.798218989861,bench:d908ade19db0c477,7,2.87546,0.9291566,2.671752637036
6365.867907996289,bench:d908ade19db0c477,7,2.83974,0.9286194,2.637037654956
6369.907061001868,bench:d908ade19db0c477,7,2.84867,0.9283507,2.644564788569
6373.95919499977,bench:d908ade19db0c477,7,2.77723,0.9291566,2.580481584218
6378.044605997275,bench:d908ade19db0c477,7,2.86653,0.9283507,2.661145132071
6382.113646992366,bench:d908ade19db0c477,7,2.8576,0.9283507,2.65285496032
6386.161169997649,bench:d908ade19db0c477,7,2.77723,0.9283507,2.578243414561
6390.209527002298,bench:d908ade19db0c477,7,2.80402,0.9283507,2.603113929814
6394.219252993935,bench:d908ade19db0c477,7,2.83974,0.9286194,2.637037654956
6398.280794994207,bench:d908ade19db0c477,7,2.83974,0.9283507,2.636274616818
6402.357576997019,bench:d908ade19db0c477,7,2.84867,0.9283507,2.644564788569
6406.390006988659,bench:d908ade19db0c477,7,2.83974,0.9286194,2.637037654956
6410.393900994677,bench:d908ade19db0c477,7,2.84867,0.9294252,2.647625684484
6414.42740499042,bench:d908ade19db0c477,7,2.8576,0.9280821,2.6520874089600004
6418.4647429938195,bench:d908ade19db0c477,7,2.84867,0.9283507,2.644564788569
6422.515117999865,bench:d908ade19db0c477,7,2.82188,0.9286194,2.620452512472
6426.573751989054,bench:d908ade19db0c477,7,2.89332,0.9283507,2.686015647324
6430.5747379985405,bench:d908ade19db0c477,7,2.77723,0.9286194,2.578989656262
6434.627964990796,bench:d908ade19db0c477,7,2.81295,0.9283507,2.611404101565
6438.681857995107,bench:d908ade19db0c477,7,2.83974,0.9283507,2.636274616818
6442.765176994726,bench:d908ade19db0c477,7,2.84867,0.9283507,2.644564788569
6446.795847994508,bench:d908ade19db0c477,7,2.84867,0.928888,2.64609537896
6450.800555991009,bench:d908ade19db0c477,7,2.83974,0.928888,2.63780040912
6454.842876002658,bench:d908ade19db0c477,7,2.79509,0.9283507,2.594823758063
6458.866750996094,bench:d908ade19db0c477,7,2.91118,0.928888,2.70416016784
6462.858384998981,bench:d908ade19db0c477,7,2.89332,0.9283507,2.686015647324
6466.8575749965385,bench:d908ade19db0c477,7,2.92011,0.9286194,2.7116707961340003
6470.881375993486,bench:d908ade19db0c477,7,2.8576,0.9280821,2.6520874089600004
6474.940175990923,bench:d908ade19db0c477,7,2.80402,0.928888,2.60462052976
6479.020865997882,bench:d908ade19db0c477,7,2.8576,0.9294252,2.65592545152
6483.066721993964,bench:d908ade19db0c477,7,2.77723,0.928888,2.57973562024
6487.10761500115,bench:d908ade19db0c477,7,2.86653,0.9283507,2.661145132071
6491.1584529909305,bench:d908ade19db0c477,7,3.20587,0.9280821,2.975310561927
6495.233345995075,bench:d908ade19db0c477,7,2.99155,0.9286194,2.77801136607
6499.309961000108,bench:d908ade19db0c477,7,2.83081,0.928888,2.6295054392800004
6503.363076990354,bench:d908ade19db0c477,7,2.84867,0.928888,2.64609537896
6507.413988991175,bench:d908ade19db0c477,7,2.86653,0.9291566,2.663455268598
6511.456325999461,bench:d908ade19db0c477,7,2.7683,0.9294252,2.5729277811599998
6515.493330996833,bench:d908ade19db0c477,7,2.78616,0.9286194,2.587282227504
6519.5777240005555,bench:d908ade19db0c477,7,2.84867,0.9283507,2.644564788569
6523.619524989044,bench:d908ade19db0c477,7,2.78616,0.928888,2.5880305900800002
6527.6710469916,bench:d908ade19db0c477,7,2.80402,0.9286194,2.603867369988
6531.7035149928415,bench:d908ade19db0c477,7,2.87546,0.9291566,2.671752637036
6535.763908002991,bench:d908ade19db0c477,7,2.81295,0.9283507,2.611404101565
6539.825874991948,bench:d908ade19db0c477,7,2.86653,0.9283507,2.661145132071
6543.8896019913955,bench:d908ade19db0c477,7,2.8576,0.9283507,2.65285496032
6547.941013996024,bench:d908ade19db0c477,7,2.81295,0.928888,2.6129154996
6552.000572992256,bench:d908ade19db0c477,7,2.77723,0.9286194,2.578989656262
6556.080615002429,bench:d908ade19db0c477,7,2.82188,0.9286194,2.620452512472
6560.094453001511,bench:d908ade19db0c477,7,2.8576,0.9286194,2.65362279744
6564.134530999581,bench:d908ade19db0c477,7,2.78616,0.9286194,2.587282227504
6568.246294002165,bench:d908ade19db0c477,7,2.8576,0.928888,2.6543903488000002
6572.304242989048,bench:d908ade19db0c477,7,2.83081,0.9283507,2.627984445067
6576.34293299634,bench:d908ade19db0c477,7,2.84867,0.9291566,2.646860531722
6580.406141001731,bench:d908ade19db0c477,7,2.83974,0.9286194,2.637037654956
6584.438459991361,bench:d908ade19db0c477,7,2.81295,0.9286194,2.61215994123
6588.484408988734,bench:d908ade19db0c477,7,2.82188,0.9291566,2.6219684264080003
6592.5360609981,bench:d908ade19db0c477,7,2.86653,0.9283507,2.661145132071
6596.624621000956,bench:d908ade19db0c477,7,2.84867,0.9283507,2.644564788569
6600.657107002917,bench:d908ade19db0c477,7,2.86653,0.9286194,2.661915368682
6604.728314996464,bench:d908ade19db0c477,7,2.83974,0.9286194,2.637037654956
6608.7969669897575,bench:d908ade19db0c477,7,2.8576,0.9286194,2.65362279744
6612.82932299946,bench:d908ade19db0c477,7,2.78616,0.9286194,2.587282227504
6616.872308994061,bench:d908ade19db0c477,7,2.78616,0.928888,2.5880305900800002
6620.905869000126,bench:d908ade19db0c477,7,2.81295,0.9283507,2.611404101565
6624.946188996546,bench:d908ade19db0c477,7,2.86653,0.928888,2.6626853186400004
6629.015322992927,bench:d908ade19db0c477,7,2.8576,0.928888,2.6543903488000002
6633.073104996583,bench:d908ade19db0c477,7,2.82188,0.9291566,2.6219684264080003
6637.1948680025525,bench:d908ade19db0c477,7,2.83974,0.9280821,2.635511862654
6641.288315993734,bench:d908ade19db0c477,7,2.83974,0.9294252,2.6393259174479997
6645.368708996102,bench:d908ade19db0c477,7,2.82188,0.928888,2.6212104694400002
6649.461897992296,bench:d908ade19db0c477,7,2.86653,0.9286194,2.661915368682
6653.533290998894,bench:d908ade19db0c477,7,2.8576,0.928888,2.6543903488000002
6657.632831993396,bench:d908ade19db0c477,7,2.78616,0.928888,2.5880305900800002
6661.70789199532,bench:d908ade19db0c477,7,2.77723,0.9283507,2.578243414561
6665.73741499451,bench:d908ade19db0c477,7,2.78616,0.9280821,2.5857852237360004
6669.758289994206,bench:d908ade19db0c477,7,2.78616,0.9286194,2.587282227504
6673.791164997965,bench:d908ade19db0c477,7,2.80402,0.9286194,2.603867369988
6677.8790399985155,bench:d908ade19db0c477,7,2.89332,0.9294252,2.689124519664
6681.919024995295,bench:d908ade19db0c477,7,2.84867,0.9286194,2.645330226198
6685.936566995224,bench:d908ade19db0c477,7,2.88439,0.928888,2.67927525832
6689.9834599898895,bench:d908ade19db0c477,7,2.84867,0.9283507,2.644564788569
6694.053334998898,bench:d908ade19db0c477,7,2.78616,0.9283507,2.586533586312
6698.1594690005295,bench:d908ade19db0c477,7,2.91118,0.9291566,2.704942110788
6702.173509998829,bench:d908ade19db0c477,7,2.77723,0.9283507,2.578243414561
6706.2475139973685,bench:d908ade19db0c477,7,2.84867,0.9283507,2.644564788569
6710.324204002973,bench:d908ade19db0c477,7,2.86653,0.9286194,2.661915368682
6714.373689988861,bench:d908ade19db0c477,7,2.88439,0.9283507,2.677725475573
6718.4187679958995,bench:d908ade19db0c477,7,2.81295,0.9291566,2.61367105797
6722.446327999933,bench:d908ade19db0c477,7,2.83974,0.9283507,2.636274616818
6726.478832992143,bench:d908ade19db0c477,7,2.81295,0.9286194,2.61215994123
6730.5651329952525,bench:d908ade19db0c477,7,2.81295,0.9286194,2.61215994123
6734.645284988801,bench:d908ade19db0c477,7,2.83974,0.9286194,2.637037654956
6738.754418998724,bench:d908ade19db0c477,7,2.77723,0.9286194,2.578989656262
6746.3012840016745,bench:d908ade19db0c477,7,2.89332,0.9286194,2.686793082408
6750.490842998261,bench:d908ade19db0c477,7,2.72365,0.9294252,2.53142894598
6754.531865997706,bench:d908ade19db0c477,7,2.71472,0.9294252,2.5231291789439996
6758.599665990914,bench:d908ade19db0c477,7,2.61649,0.9286194,2.429723373906
6762.701910993201,bench:d908ade19db0c477,7,2.679,0.9294252,2.4899301107999996
6766.775840995251,bench:d908ade19db0c477,7,2.75937,0.9283507,2.561663071059
6770.82256799622,bench:d908ade19db0c477,7,2.74151,0.9283507,2.545082727557
6774.867571992218,bench:d908ade19db0c477,7,2.73258,0.9280821,2.536058584818
6778.934779998963,bench:d908ade19db0c477,7,2.75044,0.9283507,2.553372899308
6783.01993200148,bench:d908ade19db0c477,7,2.74151,0.9280821,2.544346357971
6787.080324997078,bench:d908ade19db0c477,7,2.73258,0.9280821,2.536058584818
6791.205217989045,bench:d908ade19db0c477,7,3.9292,0.928888,3.6497867296
6795.231889002025,bench:d908ade19db0c477,7,2.82188,0.9280821,2.6189363163480004
6799.2912079935195,bench:d908ade19db0c477,7,2.79509,0.9283507,2.594823758063
6803.382989994134,bench:d908ade19db0c477,7,2.69686,0.9299625,2.5079786677500002
6807.435808994342,bench:d908ade19db0c477,7,2.79509,0.9304997,2.6008304064730003
6814.114922002773,bench:d908ade19db0c477,7,2.87546,0.9294252,2.6725249855919997
6818.212500002119,bench:d908ade19db0c477,7,2.81295,0.928888,2.6129154996
6822.2556529944995,bench:d908ade19db0c477,7,2.79509,0.9294252,2.597827082268
6826.29576799809,bench:d908ade19db0c477,7,2.87546,0.928888,2.67098028848
6830.3871609969065,bench:d908ade19db0c477,7,2.82188,0.9283507,2.619694273316
6834.471998998197,bench:d908ade19db0c477,7,2.81295,0.9286194,2.61215994123
6838.547817998915,bench:d908ade19db0c477,7,2.77723,0.928888,2.57973562024
6842.584154990618,bench:d908ade19db0c477,7,2.83081,0.928888,2.6295054392800004
6846.66427099728,bench:d908ade19db0c477,7,2.82188,0.9286194,2.620452512472
6850.727755998378,bench:d908ade19db0c477,7,2.8576,0.9286194,2.65362279744
6854.74922398862,bench:d908ade19db0c477,7,2.84867,0.9291566,2.646860531722
6858.853728001122,bench:d908ade19db0c477,7,2.83081,0.9280821,2.627224089501
6862.915139994584,bench:d908ade19db0c477,7,2.88439,0.9286194,2.678500511166
6866.992569994181,bench:d908ade19db0c477,7,2.86653,0.928888,2.6626853186400004
6871.044629995595,bench:d908ade19db0c477,7,2.77723,0.9280821,2.577497450583
6875.075281990576,bench:d908ade19db0c477,7,2.82188,0.928888,2.6212104694400002
6879.1703789902385,bench:d908ade19db0c477,7,2.83974,0.928888,2.63780040912
6883.276437991299,bench:d908ade19db0c477,7,2.92904,0.9286194,2.719963367376
6887.335608989815,bench:d908ade19db0c477,7,2.83974,0.9283507,2.636274616818
6891.404038993642,bench:d908ade19db0c477,7,2.84867,0.9278135,2.6430344830449997
6895.483061991399,bench:d908ade19db0c477,7,2.83974,0.928888,2.63780040912
6899.550028989324,bench:d908ade19db0c477,7,2.8576,0.9286194,2.65362279744
6903.587977998541,bench:d908ade19db0c477,7,2.81295,0.9286194,2.61215994123
6907.655574992532,bench:d908ade19db0c477,7,2.83974,0.928888,2.63780040912
6911.6885799885495,bench:d908ade19db0c477,7,2.8576,0.928888,2.6543903488000002
6915.771546991891,bench:d908ade19db0c477,7,2.8576,0.928888,2.6543903488000002
6919.928975999937,bench:d908ade19db0c477,7,2.8576,0.928888,2.6543903488000002
6924.040997997508,bench:d908ade19db0c477,7,2.83081,0.928888,2.6295054392800004
6928.121094999369,bench:d908ade19db0c477,7,2.87546,0.928888,2.67098028848
6932.171729000402,bench:d908ade19db0c477,7,2.86653,0.9283507,2.661145132071
6936.204270998132,bench:d908ade19db0c477,7,2.83081,0.9291566,2.630265794846
6940.271330997348,bench:d908ade19db0c477,7,2.84867,0.9294252,2.647625684484
6944.356685999082,bench:d908ade19db0c477,7,2.81295,0.9280821,2.610648543195
6948.415320002823,bench:d908ade19db0c477,7,2.80402,0.9283507,2.603113929814
6952.458916988689,bench:d908ade19db0c477,7,2.84867,0.9294252,2.647625684484
6956.568736000918,bench:d908ade19db0c477,7,2.86653,0.928888,2.6626853186400004
6960.651870002039,bench:d908ade19db0c477,7,2.8576,0.9283507,2.65285496032
6964.71772599034,bench:d908ade19db0c477,7,2.83974,0.9283507,2.636274616818
6968.791544990381,bench:d908ade19db0c477,7,2.86653,0.9294252,2.664225218556
6972.870863988646,bench:d908ade19db0c477,7,2.74151,0.9280821,2.544346357971
6976.932609002688,bench:d908ade19db0c477,7,2.83974,0.9294252,2.6393259174479997
6981.019593993551,bench:d908ade19db0c477,7,2.8576,0.928888,2.6543903488000002
6985.117894990253,bench:d908ade19db0c477,7,2.89332,0.928888,2.6875702281600002
6989.883485992323,bench:d908ade19db0c477,7,2.84867,0.9280821,2.643799635807
6993.929434989695,bench:d908ade19db0c477,7,2.83974,0.9286194,2.637037654956
6998.026141998707,bench:d908ade19db0c477,7,2.82188,0.9294252,2.622726383376
7002.130238994141,bench:d908ade19db0c477,7,2.8576,0.928888,2.6543903488000002
7006.19035398995,bench:d908ade19db0c477,7,2.79509,0.9283507,2.594823758063
7010.249376995489,bench:d908ade19db0c477,7,2.86653,0.928888,2.6626853186400004
7014.360214001499,bench:d908ade19db0c477,7,2.83974,0.9286194,2.637037654956
7018.45221799158,bench:d908ade19db0c477,7,2.8576,0.9278135,2.6513198576
7022.5372040004,bench:d908ade19db0c477,7,2.84867,0.928888,2.64609537896
7026.578411998344,bench:d908ade19db0c477,7,2.81295,0.9286194,2.61215994123
7030.643730991869,bench:d908ade19db0c477,7,2.79509,0.9286194,2.595574798746
7034.678383992286,bench:d908ade19db0c477,7,2.8576,0.9286194,2.65362279744
7038.704943988705,bench:d908ade19db0c477,7,2.8576,0.9286194,2.65362279744
7042.78128099395,bench:d908ade19db0c477,7,2.83974,0.9291566,2.638563163284
7046.827840997139,bench:d908ade19db0c477,7,2.81295,0.9283507,2.611404101565
7050.886457000161,bench:d908ade19db0c477,7,2.89332,0.9291566,2.6883473739120003
7059.008465002989,bench:d908ade19db0c477,7,2.83974,0.9280821,2.635511862654
7063.099765990046,bench:d908ade19db0c477,7,2.84867,0.9283507,2.644564788569
7067.170732989325,bench:d908ade19db0c477,7,3.35768,0.9291566,3.119810532688
7071.270774002187,bench:d908ade19db0c477,7,2.92011,0.9283507,2.710886162577
7075.331407992053,bench:d908ade19db0c477,7,2.90225,0.9291566,2.69664474235
7079.406930002733,bench:d908ade19db0c477,7,2.91118,0.928888,2.70416016784
7083.421953997458,bench:d908ade19db0c477,7,2.88439,0.9283507,2.677725475573
7087.420698997448,bench:d908ade19db0c477,7,2.86653,0.9280821,2.660375182113
7091.495165994274,bench:d908ade19db0c477,7,2.8576,0.9283507,2.65285496032
7095.58383699914,bench:d908ade19db0c477,7,2.8576,0.9286194,2.65362279744
7099.654156001634,bench:d908ade19db0c477,7,2.80402,0.9286194,2.603867369988
7103.754418989411,bench:d908ade19db0c477,7,2.86653,0.9286194,2.661915368682
7107.8009789926,bench:d908ade19db0c477,7,2.84867,0.9283507,2.644564788569
7111.8388539907755,bench:d908ade19db0c477,7,2.77723,0.9286194,2.578989656262
7115.8939320012,bench:d908ade19db0c477,7,2.87546,0.9286194,2.670207939924
7119.956288996036,bench:d908ade19db0c477,7,2.82188,0.9291566,2.6219684264080003
7124.033532993053,bench:d908ade19db0c477,7,2.8576,0.928888,2.6543903488000002
7128.07750099455,bench:d908ade19db0c477,7,2.81295,0.9286194,2.61215994123
7132.165652990807,bench:d908ade19db0c477,7,2.91118,0.9286194,2.703378224892
7136.223027991946,bench:d908ade19db0c477,7,2.8576,0.9294252,2.65592545152
7140.329364992795,bench:d908ade19db0c477,7,2.84867,0.9286194,2.645330226198
7144.348146990524,bench:d908ade19db0c477,7,2.8576,0.928888,2.6543903488000002
7148.417725999025,bench:d908ade19db0c477,7,2.87546,0.9283507,2.669435303822
7152.456507988973,bench:d908ade19db0c477,7,2.78616,0.9283507,2.586533586312
7156.545696998364,bench:d908ade19db0c477,7,2.81295,0.9286194,2.61215994123
7160.605608994956,bench:d908ade19db0c477,7,2.7683,0.9291566,2.57218421578
7164.653094994719,bench:d908ade19db0c477,7,2.91118,0.9291566,2.704942110788
7168.734264996601,bench:d908ade19db0c477,7,2.83974,0.928888,2.63780040912
7172.779676999198,bench:d908ade19db0c477,7,2.88439,0.9286194,2.678500511166
7176.791145000607,bench:d908ade19db0c477,7,2.7683,0.928888,2.5714406504
7180.8745930029545,bench:d908ade19db0c477,7,2.84867,0.928888,2.64609537896
7184.947911999188,bench:d908ade19db0c477,7,2.88439,0.928888,2.67927525832
7189.037934993394,bench:d908ade19db0c477,7,2.77723,0.9294252,2.581227548196
7193.049551002332,bench:d908ade19db0c477,7,2.83974,0.9283507,2.636274616818
7197.105943996576,bench:d908ade19db0c477,7,2.86653,0.9286194,2.661915368682
7201.1925779952435,bench:d908ade19db0c477,7,2.77723,0.928888,2.57973562024
7205.296674001147,bench:d908ade19db0c477,7,2.82188,0.9291566,2.6219684264080003
7209.364529990125,bench:d908ade19db0c477,7,2.83974,0.928888,2.63780040912
7213.439200990251,bench:d908ade19db0c477,7,2.82188,0.928888,2.6212104694400002
7217.558409000048,bench:d908ade19db0c477,7,2.81295,0.928888,2.6129154996
7221.714097002405,bench:d908ade19db0c477,7,2.91118,0.9283507,2.702595990826
7225.810471994919,bench:d908ade19db0c477,7,2.86653,0.9283507,2.661145132071
7229.884753993247,bench:d908ade19db0c477,7,2.8576,0.9286194,2.65362279744
7233.945164989564,bench:d908ade19db0c477,7,2.83974,0.9280821,2.635511862654
7237.9649659997085,bench:d908ade19db0c477,7,2.82188,0.928888,2.6212104694400002
7241.982915002154,bench:d908ade19db0c477,7,2.84867,0.9291566,2.646860531722
7246.071622997988,bench:d908ade19db0c477,7,2.80402,0.928888,2.60462052976
7250.165885998285,bench:d908ade19db0c477,7,2.79509,0.928888,2.5963255599200004
7254.252446000464,bench:d908ade19db0c477,7,2.78616,0.9283507,2.586533586312
7258.257579989731,bench:d908ade19db0c477,7,2.77723,0.9286194,2.578989656262
7262.380546992063,bench:d908ade19db0c477,7,2.86653,0.928888,2.6626853186400004
7266.438439997728,bench:d908ade19db0c477,7,2.87546,0.9294252,2.6725249855919997
7270.559536991641,bench:d908ade19db0c477,7,2.83974,0.9278135,2.63474910849
7274.6106889972,bench:d908ade19db0c477,7,2.83974,0.928888,2.63780040912
7278.679786002613,bench:d908ade19db0c477,7,2.90225,0.9283507,2.6943058190749998
7282.719197988627,bench:d908ade19db0c477,7,2.83974,0.9283507,2.636274616818
7286.804164992645,bench:d908ade19db0c477,7,2.84867,0.9283507,2.644564788569
7290.870798999094,bench:d908ade19db0c477,7,2.93797,0.928888,2.72904507736
7294.920006999746,bench:d908ade19db0c477,7,2.8576,0.9286194,2.65362279744
7298.983474000124,bench:d908ade19db0c477,7,2.81295,0.928888,2.6129154996
7303.073218994541,bench:d908ade19db0c477,7,2.88439,0.9291566,2.680050005474
7307.125833991449,bench:d908ade19db0c477,7,2.92011,0.928888,2.71245513768
7311.137208991568,bench:d908ade19db0c477,7,3.49163,0.9286194,3.2423953556219995
7315.157083998201,bench:d908ade19db0c477,7,3.50056,0.9294252,3.253508678112
7319.237866002368,bench:d908ade19db0c477,7,2.9469,0.928888,2.7373400472
7323.287519000587,bench:d908ade19db0c477,7,2.8576,0.9286194,2.65362279744
7327.390614998876,bench:d908ade19db0c477,7,2.8576,0.9286194,2.65362279744
7331.427119992441,bench:d908ade19db0c477,7,2.8576,0.9280821,2.6520874089600004
7335.49653099908,bench:d908ade19db0c477,7,2.92011,0.9286194,2.7116707961340003
7339.519405999454,bench:d908ade19db0c477,7,2.87546,0.928888,2.67098028848
7343.590021991986,bench:d908ade19db0c477,7,2.87546,0.9283507,2.669435303822
7347.633358993335,bench:d908ade19db0c477,7,2.88439,0.928888,2.67927525832
7351.664068002719,bench:d908ade19db0c477,7,2.88439,0.928888,2.67927525832
7355.678534993785,bench:d908ade19db0c477,7,2.86653,0.9291566,2.663455268598
7359.741113992641,bench:d908ade19db0c477,7,2.91118,0.9286194,2.703378224892
7363.7906179938,bench:d908ade19db0c477,7,2.78616,0.9283507,2.586533586312
7367.892991998815,bench:d908ade19db0c477,7,2.8576,0.928888,2.6543903488000002
7371.999014998437,bench:d908ade19db0c477,7,2.82188,0.9286194,2.620452512472
7376.0136859928025,bench:d908ade19db0c477,7,2.86653,0.9291566,2.663455268598
7380.045893994975,bench:d908ade19db0c477,7,2.82188,0.9286194,2.620452512472
7384.123120995355,bench:d908ade19db0c477,7,2.91118,0.9291566,2.704942110788
7388.1818289955845,bench:d908ade19db0c477,7,2.78616,0.9283507,2.586533586312
7392.237962994841,bench:d908ade19db0c477,7,2.84867,0.928888,2.64609537896
7396.315170000889,bench:d908ade19db0c477,7,2.83081,0.9294252,2.631026150412
7400.387322995812,bench:d908ade19db0c477,7,2.86653,0.9280821,2.660375182113
7404.4880860019475,bench:d908ade19db0c477,7,2.91118,0.9280821,2.701814047878
7408.561571995961,bench:d908ade19db0c477,7,2.84867,0.9283507,2.644564788569
7412.579520998406,bench:d908ade19db0c477,7,2.83974,0.9283507,2.636274616818
7416.635691988631,bench:d908ade19db0c477,7,2.82188,0.9283507,2.619694273316
7420.64701099298,bench:d908ade19db0c477,7,2.86653,0.9286194,2.661915368682
7424.69340399839,bench:d908ade19db0c477,7,2.7683,0.928888,2.5714406504
7428.834612001083,bench:d908ade19db0c477,7,2.86653,0.9286194,2.661915368682
7432.853320002323,bench:d908ade19db0c477,7,2.78616,0.9286194,2.587282227504
7436.942675994942,bench:d908ade19db0c477,7,2.81295,0.9286194,2.61215994123
7441.024364990881,bench:d908ade19db0c477,7,2.83974,0.9283507,2.636274616818
7445.1072579977335,bench:d908ade19db0c477,7,2.80402,0.9286194,2.603867369988
7449.1717999917455,bench:d908ade19db0c477,7,2.84867,0.9283507,2.644564788569
7453.223655989859,bench:d908ade19db0c477,7,2.84867,0.9280821,2.643799635807
7457.280438000453,bench:d908ade19db0c477,7,2.83081,0.9280821,2.627224089501
7461.330887002987,bench:d908ade19db0c477,7,2.80402,0.9291566,2.605373689532
7465.425057001994,bench:d908ade19db0c477,7,2.8576,0.9283507,2.65285496032
7469.454487989424,bench:d908ade19db0c477,7,2.80402,0.9286194,2.603867369988
7473.5430470027495,bench:d908ade19db0c477,7,2.79509,0.9280821,2.594072996889
7477.604810992489,bench:d908ade19db0c477,7,2.83974,0.9286194,2.637037654956
7481.682110999827,bench:d908ade19db0c477,7,2.81295,0.9291566,2.61367105797
7485.709059998044,bench:d908ade19db0c477,7,2.7683,0.928888,2.5714406504
7489.76993499673,bench:d908ade19db0c477,7,2.78616,0.9280821,2.5857852237360004
7493.832809996093,bench:d908ade19db0c477,7,2.83974,0.9294252,2.6393259174479997
7497.88260999776,bench:d908ade19db0c477,7,2.8576,0.928888,2.6543903488000002
7501.955965999514,bench:d908ade19db0c477,7,2.86653,0.9286194,2.661915368682
7506.033284997102,bench:d908ade19db0c477,7,2.84867,0.928888,2.64609537896
7510.069604992168,bench:d908ade19db0c477,7,2.7683,0.928888,2.5714406504
7514.126682988717,bench:d908ade19db0c477,7,2.83081,0.9294252,2.631026150412
7518.180150000262,bench:d908ade19db0c477,7,2.81295,0.928888,2.6129154996
7522.21767300216,bench:d908ade19db0c477,7,2.83974,0.928888,2.63780040912
7526.249955990352,bench:d908ade19db0c477,7,2.78616,0.9283507,2.586533586312
7530.267663998529,bench:d908ade19db0c477,7,2.81295,0.9286194,2.61215994123
7534.281019994523,bench:d908ade19db0c477,7,2.83974,0.928888,2.63780040912
7538.34326499782,bench:d908ade19db0c477,7,2.7683,0.928888,2.5714406504
7542.444676990272,bench:d908ade19db0c477,7,2.88439,0.928888,2.67927525832
7546.4782920025755,bench:d908ade19db0c477,7,2.87546,0.9280821,2.668662955266
7550.549481995404,bench:d908ade19db0c477,7,2.8576,0.928888,2.6543903488000002
7554.567061000853,bench:d908ade19db0c477,7,2.84867,0.9286194,2.645330226198
7558.623268996598,bench:d908ade19db0c477,7,2.8576,0.928888,2.6543903488000002
7562.6686249888735,bench:d908ade19db0c477,7,2.8576,0.928888,2.6543903488000002
7566.745498988894,bench:d908ade19db0c477,7,2.86653,0.928888,2.6626853186400004
7570.804096001666,bench:d908ade19db0c477,7,2.83974,0.9278135,2.63474910849
7574.777896996238,idle,7,1.63419,0.9280821,1.516662486999
7578.988659995957,idle,7,1.63419,0.9286194,1.517540537286
7593.265655988944,idle,7,1.62526,0.9283507,1.508811258682
7597.537084002397,bench:2c9590523055fe71,8,1.62526,0.9283507,1.508811258682
7601.710624992847,bench:2c9590523055fe71,8,1.63419,0.9283507,1.517101430433
7615.967453995836,bench:2c9590523055fe71,8,1.61633,0.9283507,1.500521086931
7621.5895939967595,bench:2c9590523055fe71,8,1.63419,0.9286194,1.517540537286
7625.636634998955,bench:2c9590523055fe71,8,2.55398,0.9291566,2.373047373268
7629.607750990544,bench:2c9590523055fe71,8,2.49147,0.9283507,2.312957918529
7633.68107000133,bench:2c9590523055fe71,8,4.07208,0.9283507,3.7803183184559996
7641.607618003036,bench:2c9590523055fe71,8,5.25977,0.928888,4.88573723576
7645.632992993342,bench:2c9590523055fe71,8,2.53612,0.9291566,2.356452636392
7653.600427991478,bench:2c9590523055fe71,8,5.36693,0.9286194,4.983835316442
7661.59473398875,bench:2c9590523055fe71,8,5.358,0.9299625,4.982739075
7665.5539799976395,bench:2c9590523055fe71,8,2.56291,0.928888,2.38065634408
7673.5864149959525,bench:2c9590523055fe71,8,4.31319,0.9280821,4.0029944328989995
7681.621312993229,bench:2c9590523055fe71,8,5.358,0.9294252,4.979860221599999
7685.65844699333,bench:2c9590523055fe71,8,4.11673,0.928888,3.82398109624
7689.604211991536,bench:2c9590523055fe71,8,4.08994,0.9294252,3.8012933024880002
7693.584512991947,bench:2c9590523055fe71,8,4.13459,0.9286194,3.839460485046
7697.548962998553,bench:2c9590523055fe71,8,4.08101,0.9283507,3.788608490207
7701.578207997954,bench:2c9590523055fe71,8,4.08101,0.9294252,3.7929935354519997
7705.498583993176,bench:2c9590523055fe71,8,4.07208,0.9280821,3.779224557768
7709.526366001228,bench:2c9590523055fe71,8,4.17924,0.9294252,3.884290972848
7713.453852993553,bench:2c9590523055fe71,8,4.08101,0.9291566,3.791897376166
7717.370728991227,bench:2c9590523055fe71,8,4.07208,0.9286194,3.7814124863519996
7721.333233988844,bench:2c9590523055fe71,8,4.13459,0.9291566,3.8416815867940004
7725.270369002828,bench:2c9590523055fe71,8,4.12566,0.9286194,3.831167913804
7729.225891991518,bench:2c9590523055fe71,8,4.14352,0.9286194,3.8477530562879996
7733.186526995269,bench:2c9590523055fe71,8,4.08994,0.9291566,3.8001947446040005
7737.092458992265,bench:2c9590523055fe71,8,4.1078,0.9283507,3.81347900546
7741.095703997416,bench:2c9590523055fe71,8,4.99187,0.928888,4.63688814056
7753.54110400076,bench:2c9590523055fe71,8,5.38479,0.9302311,5.009099124969
7761.579667989281,bench:2c9590523055fe71,8,2.49147,0.9291566,2.314965794202
7769.657233002363,bench:2c9590523055fe71,8,5.28656,0.9286194,4.909202175263999
7781.567821992212,bench:2c9590523055fe71,8,5.27763,0.9280821,4.898073933423
7789.250500994967,bench:2c9590523055fe71,8,5.25977,0.9294252,4.888562784204
7793.253265001113,bench:2c9590523055fe71,8,2.50933,0.9283507,2.329538262031
7797.24469599023,bench:2c9590523055fe71,8,3.56307,0.928888,3.3096929661600005
7801.157294001314,bench:2c9590523055fe71,8,2.70579,0.928888,2.51337586152
7805.572387995198,bench:2c9590523055fe71,8,4.24175,0.9291566,3.94125000805
7813.532582993503,bench:2c9590523055fe71,8,5.29549,0.9286194,4.917494746506
7821.627536002779,bench:2c9590523055fe71,8,5.37586,0.9294252,4.996459755672
7825.68265098962,bench:2c9590523055fe71,8,2.56291,0.928888,2.38065634408
7833.599680001498,bench:2c9590523055fe71,8,2.71472,0.9286194,2.5209416575679997
7845.593730991823,bench:2c9590523055fe71,8,5.42051,0.9304997,5.043782928847
7849.608161996002,bench:2c9590523055fe71,8,2.57184,0.9286194,2.3882605176959997
7853.614056002698,bench:2c9590523055fe71,8,4.09887,0.9291566,3.808492113042
7857.612022999092,bench:2c9590523055fe71,8,4.1078,0.9280821,3.8123756503800004
7861.634953995235,bench:2c9590523055fe71,8,4.1078,0.928888,3.8156861264
7865.621013988857,bench:2c9590523055fe71,8,4.17031,0.9291566,3.874871060546
7869.541574997129,bench:2c9590523055fe71,8,4.12566,0.928888,3.83227606608
7873.459598995396,bench:2c9590523055fe71,8,4.12566,0.9291566,3.833384218356
7877.343863990973,bench:2c9590523055fe71,8,4.18817,0.9286194,3.8892159124980004
7881.264758994803,bench:2c9590523055fe71,8,4.11673,0.9291566,3.8250868499179997
7885.227855993435,bench:2c9590523055fe71,8,4.14352,0.928888,3.8488660057599997
7889.148194997688,bench:2c9590523055fe71,8,4.54537,0.9291566,4.2233605349420005
7893.074348001392,bench:2c9590523055fe71,8,4.11673,0.9286194,3.8228753425619995
7897.079315996962,bench:2c9590523055fe71,8,4.17031,0.9296938,3.8771113510779998
7901.012228991021,bench:2c9590523055fe71,8,4.11673,0.928888,3.82398109624
7904.935696991743,bench:2c9590523055fe71,8,4.12566,0.9294252,3.8344923706319998
7908.923942988622,bench:2c9590523055fe71,8,4.20603,0.9286194,3.905801054982
7917.525614000624,bench:2c9590523055fe71,8,5.36693,0.9296938,4.989601546034
7921.90820799442,bench:2c9590523055fe71,8,5.40265,0.9294252,5.02135905678
7925.997804995859,bench:2c9590523055fe71,8,5.39372,0.9283507,5.007263737604
7930.002383989631,bench:2c9590523055fe71,8,5.40265,0.9294252,5.02135905678
7934.031073993538,bench:2c9590523055fe71,8,5.34907,0.9286194,4.967250173958
7938.327465002658,bench:2c9590523055fe71,8,5.42944,0.928888,5.04334166272
7942.377136001596,bench:2c9590523055fe71,8,5.38479,0.9294252,5.0047595227079995
7946.3752699957695,bench:2c9590523055fe71,8,5.41158,0.9304997,5.035473566526
7950.41851499991,bench:2c9590523055fe71,8,5.37586,0.928888,4.993571843680001
7954.427871998632,bench:2c9590523055fe71,8,5.39372,0.928888,5.01016178336
7958.481412992114,bench:2c9590523055fe71,8,5.42051,0.9294252,5.037958590852
7962.468565994641,bench:2c9590523055fe71,8,5.37586,0.9369466,5.036893749076
7969.52939798939,bench:2c9590523055fe71,8,4.11673,0.9286194,3.8228753425619995
7973.504626002978,bench:2c9590523055fe71,8,4.12566,0.928888,3.83227606608
7977.579758997308,bench:2c9590523055fe71,8,4.17924,0.9280821,3.8786778356040004
7981.530338991433,bench:2c9590523055fe71,8,4.14352,0.9299625,3.8533182179999996
7985.41938100243,bench:2c9590523055fe71,8,4.18817,0.9296938,3.8937156823460004
7989.332719997037,bench:2c9590523055fe71,8,4.15245,0.9283507,3.854929864215
7993.277058994863,bench:2c9590523055fe71,8,4.14352,0.9286194,3.8477530562879996
7997.212674992625,bench:2c9590523055fe71,8,4.11673,0.9286194,3.8228753425619995
8001.10806999146,bench:2c9590523055fe71,8,4.17924,0.9291566,3.8831684289840003
8005.008482999983,bench:2c9590523055fe71,8,4.1078,0.928888,3.8156861264
8013.526691996958,bench:2c9590523055fe71,8,5.36693,0.928888,4.98527687384
8021.499312002561,bench:2c9590523055fe71,8,5.42944,0.928888,5.04334166272
8029.514321999159,bench:2c9590523055fe71,8,5.41158,0.9291566,5.028205273428
8037.491886992939,bench:2c9590523055fe71,8,5.40265,0.9286194,5.01700560141
8045.504951995099,bench:2c9590523055fe71,8,5.39372,0.928888,5.01016178336
8053.524201997789,bench:2c9590523055fe71,8,5.509809,0.928888,5.117995462392
8069.557609996991,bench:2c9590523055fe71,8,5.43837,0.9291566,5.053097378742
8077.519824000774,bench:2c9590523055fe71,8,5.37586,0.9294252,4.996459755672
8085.261519998312,bench:2c9590523055fe71,8,5.4473,0.928888,5.059931602400001
8089.592392992927,bench:2c9590523055fe71,8,5.40265,0.9291566,5.01990790499
8093.651878996752,bench:2c9590523055fe71,8,5.46516,0.928888,5.07652154208
8101.559110989911,bench:2c9590523055fe71,8,5.36693,0.928888,4.98527687384
8109.535212992341,bench:2c9590523055fe71,8,5.42051,0.9291566,5.036502641866
8117.535778001184,bench:2c9590523055fe71,8,5.36693,0.9304997,4.9939267549210005
8125.5267139931675,bench:2c9590523055fe71,8,5.40265,0.9280821,5.014102757565
8133.270726000774,bench:2c9590523055fe71,8,5.38479,0.9291566,5.0033131681139995
8137.610541991307,bench:2c9590523055fe71,8,5.39372,0.9291566,5.011610536552
8145.525792991975,bench:2c9590523055fe71,8,5.358,0.9326486,4.9971311988
8153.524709996418,bench:2c9590523055fe71,8,5.37586,0.9294252,4.996459755672
8161.51458999957,bench:2c9590523055fe71,8,5.34907,0.9304997,4.9773080302790005
8169.590746998438,bench:2c9590523055fe71,8,5.39372,0.9291566,5.011610536552
8177.2799999889685,bench:2c9590523055fe71,8,5.37586,0.928888,4.993571843680001
8181.629464990692,bench:2c9590523055fe71,8,5.40265,0.928888,5.018456753200001
8189.514846002567,bench:2c9590523055fe71,8,5.37586,0.9326486,5.013788302796001
8197.552521989564,bench:2c9590523055fe71,8,5.37586,0.928888,4.993571843680001
8205.134404997807,bench:2c9590523055fe71,8,5.43837,0.9291566,5.053097378742
8209.567461992265,bench:2c9590523055fe71,8,5.39372,0.9304997,5.018854841884
8213.923556002555,bench:2c9590523055fe71,8,5.358,0.928888,4.976981904
8217.852321002283,bench:2c9590523055fe71,8,5.37586,0.9291566,4.9950157996760005
8221.77956700034,bench:2c9590523055fe71,8,5.39372,0.9291566,5.011610536552
8225.731868995354,bench:2c9590523055fe71,8,5.38479,0.9304997,5.010545479563
8229.664243990555,bench:2c9590523055fe71,8,5.40265,0.9291566,5.01990790499
8233.608100999845,bench:2c9590523055fe71,8,5.39372,0.9304997,5.018854841884
8237.55268099194,bench:2c9590523055fe71,8,5.39372,0.9280821,5.005814984412
8241.576389002148,bench:2c9590523055fe71,8,5.39372,0.9291566,5.011610536552
8245.56557899632,bench:2c9590523055fe71,8,5.45623,0.9294252,5.0711576589959995
8249.588638995192,bench:2c9590523055fe71,8,5.4473,0.9291566,5.0613947471800005
8257.510946001275,bench:2c9590523055fe71,8,5.37586,0.9286194,4.992127887684
8261.560764993192,bench:2c9590523055fe71,8,5.50088,0.9299625,5.115612117
8269.539329994586,bench:2c9590523055fe71,8,5.37586,0.9291566,4.9950157996760005
8273.559779001516,bench:2c9590523055fe71,8,5.42051,0.9280821,5.030678303871
8277.553894993616,bench:2c9590523055fe71,8,5.39372,0.9294252,5.013059289744
8281.647805997636,bench:2c9590523055fe71,8,5.474089,0.928888,5.084815583032
8293.551155002206,bench:2c9590523055fe71,8,5.39372,0.9294252,5.013059289744
8301.544442001614,bench:2c9590523055fe71,8,5.40265,0.9304997,5.027164204205
8309.539155001403,bench:2c9590523055fe71,8,5.37586,0.9294252,4.996459755672
8317.490479996195,bench:2c9590523055fe71,8,5.43837,0.9294252,5.054558124923999
8325.526896995143,bench:2c9590523055fe71,8,5.40265,0.928888,5.018456753200001
8333.55111000128,bench:2c9590523055fe71,8,5.40265,0.9291566,5.01990790499
8341.490767998039,bench:2c9590523055fe71,8,5.42944,0.9294252,5.046258357887999
8349.552054991364,bench:2c9590523055fe71,8,5.38479,0.9291566,5.0033131681139995
8353.578577996814,bench:2c9590523055fe71,8,5.42944,0.9283507,5.040424424607999
8361.495106990333,bench:2c9590523055fe71,8,5.42051,0.9291566,5.036502641866
8369.532283002627,bench:2c9590523055fe71,8,5.40265,0.9326486,5.03877395879
8377.536384999985,bench:2c9590523055fe71,8,5.509809,0.9286194,5.1165155276946
8385.531912994338,bench:2c9590523055fe71,8,5.42944,0.928888,5.04334166272
8389.63486099965,bench:2c9590523055fe71,8,5.40265,0.928888,5.018456753200001
8397.501686995383,bench:2c9590523055fe71,8,5.48302,0.9302311,5.100475725921999
8405.545196001185,bench:2c9590523055fe71,8,5.45623,0.9291566,5.0696921156179995
8413.484595002956,bench:2c9590523055fe71,8,5.42051,0.9294252,5.037958590852
8420.816127996659,bench:2c9590523055fe71,8,5.45623,0.9283507,5.065294939860999
8425.602534000063,bench:2c9590523055fe71,8,5.42944,0.9286194,5.041883315135999
8433.56217299879,bench:2c9590523055fe71,8,5.41158,0.9280821,5.022390530718
8441.559072001837,bench:2c9590523055fe71,8,5.358,0.928888,4.976981904
8449.522155991872,bench:2c9590523055fe71,8,5.43837,0.9286194,5.050175886378
8457.568590994924,bench:2c9590523055fe71,8,5.474089,0.9294252,5.0877562636428
8461.637613989296,bench:2c9590523055fe71,8,5.42051,0.9280821,5.030678303871
8469.501920990297,bench:2c9590523055fe71,8,5.4473,0.9294252,5.06285789196
8477.514244994381,bench:2c9590523055fe71,8,5.43837,0.9280821,5.047253850177
8485.57319799147,bench:2c9590523055fe71,8,5.39372,0.9291566,5.011610536552
8493.500949000008,bench:2c9590523055fe71,8,5.42944,0.9291566,5.044800010304
8501.527496002382,bench:2c9590523055fe71,8,5.4473,0.9286194,5.05846845762
8509.511097989161,bench:2c9590523055fe71,8,5.40265,0.9286194,5.01700560141
8513.54852798977,bench:2c9590523055fe71,8,3.34875,0.9283507,3.1088144066249996
8517.519180997624,bench:2c9590523055fe71,8,4.2864,0.9291566,3.9827368502400002
8521.482222990016,bench:2c9590523055fe71,8,4.14352,0.9299625,3.8533182179999996
8525.385432993062,bench:2c9590523055fe71,8,4.16138,0.928888,3.8654559454400004
8529.273437990923,bench:2c9590523055fe71,8,4.15245,0.9283507,3.854929864215
8533.171813993249,bench:2c9590523055fe71,8,4.2864,0.9291566,3.9827368502400002
8537.06928298925,bench:2c9590523055fe71,8,4.13459,0.9286194,3.839460485046
8541.020194999874,bench:2c9590523055fe71,8,4.18817,0.928888,3.8903408549600007
8544.89859000023,bench:2c9590523055fe71,8,4.14352,0.9291566,3.849978955232
8548.788965999847,bench:2c9590523055fe71,8,4.16138,0.9291566,3.866573692108
8557.507265999448,bench:2c9590523055fe71,8,5.42944,0.9294252,5.046258357887999
8569.542058001389,bench:2c9590523055fe71,8,5.41158,0.9291566,5.028205273428
8573.834394002915,bench:2c9590523055fe71,8,5.36693,0.9286194,4.983835316442
8585.545502995956,bench:2c9590523055fe71,8,5.42051,0.9291566,5.036502641866
8589.817542990204,bench:2c9590523055fe71,8,5.36693,0.9296938,4.989601546034
8597.223278993624,bench:2c9590523055fe71,8,5.43837,0.9280821,5.047253850177
8601.60596598871,bench:2c9590523055fe71,8,5.4473,0.9294252,5.06285789196
8609.55323500093,bench:2c9590523055fe71,8,5.4473,0.9291566,5.0613947471800005
8617.553781994502,bench:2c9590523055fe71,8,5.43837,0.9294252,5.054558124923999
8621.79674798972,bench:2c9590523055fe71,8,5.39372,0.928888,5.01016178336
8629.504889002419,bench:2c9590523055fe71,8,5.37586,0.9291566,4.9950157996760005
8637.500786993769,bench:2c9590523055fe71,8,5.4473,0.9296938,5.06432103674
8645.505777996732,bench:2c9590523055fe71,8,5.45623,0.928888,5.06822657224
8653.494398997282,bench:2c9590523055fe71,8,5.43837,0.9280821,5.047253850177
8661.545390001265,bench:2c9590523055fe71,8,5.48302,0.9296938,5.0975296992759995
8665.628189992276,bench:2c9590523055fe71,8,5.43837,0.9304997,5.060401653489
8673.497700990993,bench:2c9590523055fe71,8,5.42944,0.928888,5.04334166272
8681.501394996303,bench:2c9590523055fe71,8,5.42051,0.9291566,5.036502641866
8689.703551994171,bench:2c9590523055fe71,8,5.45623,0.928888,5.06822657224
8697.541007000837,bench:2c9590523055fe71,8,5.43837,0.928888,5.05163663256
8705.583385992213,bench:2c9590523055fe71,8,5.43837,0.928888,5.05163663256
8713.498822995462,bench:2c9590523055fe71,8,5.491949,0.9291566,5.1028806602134
8721.566683001583,bench:2c9590523055fe71,8,5.4473,0.9326486,5.0804167187800005
8729.551914992044,bench:2c9590523055fe71,8,5.43837,0.9280821,5.047253850177
8737.501221999992,bench:2c9590523055fe71,8,5.51874,0.9286194,5.124809027556
8745.625026000198,bench:2c9590523055fe71,8,5.34907,0.9280821,4.964376118647
8752.057623001747,bench:2c9590523055fe71,8,5.34907,0.9304997,4.9773080302790005
8757.007045991486,bench:2c9590523055fe71,8,5.31335,0.9291566,4.9369342206099995
8765.53475500259,bench:2c9590523055fe71,8,5.34907,0.9294252,4.971560454564
8773.512986997957,bench:2c9590523055fe71,8,5.34014,0.9280821,4.956088345494
8777.582287002588,bench:2c9590523055fe71,8,5.358,0.9280821,4.9726638918
8785.49520499655,bench:2c9590523055fe71,8,5.304419,0.9304997,4.935760288174301
8793.492361990502,bench:2c9590523055fe71,8,5.304419,0.928888,4.927211156072
8801.513464000891,bench:2c9590523055fe71,8,5.36693,0.928888,4.98527687384
8809.568565993686,bench:2c9590523055fe71,8,5.37586,0.9291566,4.9950157996760005
8821.445544002927,bench:2c9590523055fe71,8,5.4473,0.9326486,5.0804167187800005
8825.617936992785,bench:2c9590523055fe71,8,5.42051,0.928888,5.035046692880001
8833.549779999885,bench:2c9590523055fe71,8,5.41158,0.928888,5.02675172304
8841.500326991081,bench:2c9590523055fe71,8,5.48302,0.928888,5.09311148176
8849.485762999393,bench:2c9590523055fe71,8,5.4473,0.9291566,5.0613947471800005
8857.553474997985,bench:2c9590523055fe71,8,5.50088,0.9294252,5.112656494176
8865.481318993261,bench:2c9590523055fe71,8,5.509809,0.9294252,5.120955331786799
8869.594099989627,bench:2c9590523055fe71,8,5.48302,0.9291566,5.094584220932
8877.554017992225,bench:2c9590523055fe71,8,5.41158,0.9280821,5.022390530718
8885.529952996876,bench:2c9590523055fe71,8,5.474089,0.9294252,5.0877562636428
8893.517517994042,bench:2c9590523055fe71,8,5.43837,0.9283507,5.048714596359
8901.554194002529,bench:2c9590523055fe71,8,5.42944,0.9286194,5.041883315135999
8909.539685002528,bench:2c9590523055fe71,8,5.34907,0.9296938,4.972997214766
8917.547990989988,bench:2c9590523055fe71,8,5.43837,0.9294252,5.054558124923999
8925.551426989841,bench:2c9590523055fe71,8,5.38479,0.9286194,5.0004204589259995
8933.516085002339,bench:2c9590523055fe71,8,5.42944,0.928888,5.04334166272
8941.519075990072,bench:2c9590523055fe71,8,5.4473,0.9326486,5.0804167187800005
8949.527454999043,bench:2c9590523055fe71,8,5.509809,0.9299625,5.1239157521625
8957.498724994366,bench:2c9590523055fe71,8,5.509809,0.9326486,5.1387156501174
8965.522585989675,bench:2c9590523055fe71,8,5.46516,0.9291566,5.077989484056
8973.51179899124,bench:2c9590523055fe71,8,5.43837,0.9291566,5.053097378742
8981.547270988813,bench:2c9590523055fe71,8,5.4473,0.928888,5.059931602400001
8989.549058998819,bench:2c9590523055fe71,8,5.42051,0.9286194,5.033590743894
8997.486086998833,bench:2c9590523055fe71,8,5.4473,0.9326486,5.0804167187800005
9005.530632988666,bench:2c9590523055fe71,8,5.42944,0.928888,5.04334166272
9013.492087993654,bench:2c9590523055fe71,8,5.42944,0.9294252,5.046258357887999
9021.53481899586,bench:2c9590523055fe71,8,5.43837,0.9286194,5.050175886378
9029.515920992708,bench:2c9590523055fe71,8,5.42051,0.9294252,5.037958590852
9037.533615992288,bench:2c9590523055fe71,8,5.42051,0.9369466,5.078728414766
9045.490921998862,bench:2c9590523055fe71,8,5.4473,0.928888,5.059931602400001
9053.548226991552,bench:2c9590523055fe71,8,5.46516,0.9299625,5.0823938565
9061.535385000752,bench:2c9590523055fe71,8,5.39372,0.9291566,5.011610536552
9069.59491300222,bench:2c9590523055fe71,8,5.43837,0.928888,5.05163663256
9073.587954990217,bench:2c9590523055fe71,8,5.46516,0.9304997,5.085329740452
9077.555477997521,bench:2c9590523055fe71,8,5.42051,0.928888,5.035046692880001
9085.557839993271,bench:2c9590523055fe71,8,5.491949,0.9304997,5.1102568969153
9089.56147400022,bench:2c9590523055fe71,8,5.45623,0.928888,5.06822657224
9097.520946990699,bench:2c9590523055fe71,8,5.43837,0.9280821,5.047253850177
9101.686005989905,bench:2c9590523055fe71,8,5.40265,0.9294252,5.02135905678
9109.497165001812,bench:2c9590523055fe71,8,5.42051,0.9294252,5.037958590852
9117.557414996554,bench:2c9590523055fe71,8,5.42944,0.9291566,5.044800010304
9125.545516988495,bench:2c9590523055fe71,8,5.42944,0.9294252,5.046258357887999
9133.506100988598,bench:2c9590523055fe71,8,5.41158,0.9291566,5.028205273428
9141.500981000718,bench:2c9590523055fe71,8,5.4473,0.9286194,5.05846845762
9149.495694000507,bench:2c9590523055fe71,8,5.40265,0.9280821,5.014102757565
9157.513389000087,bench:2c9590523055fe71,8,5.45623,0.9294252,5.0711576589959995
9165.546231000917,bench:2c9590523055fe71,8,5.509809,0.9286194,5.1165155276946
9173.532296001213,bench:2c9590523055fe71,8,5.43837,0.9291566,5.053097378742
9177.63135599671,bench:2c9590523055fe71,8,5.509809,0.928888,5.117995462392
9185.534828997334,bench:2c9590523055fe71,8,5.42944,0.9294252,5.046258357887999
9193.555004996597,bench:2c9590523055fe71,8,5.4473,0.9294252,5.06285789196
9201.519718990312,bench:2c9590523055fe71,8,5.51874,0.9294252,5.129256028248
9213.57171398995,bench:2c9590523055fe71,8,5.41158,0.928888,5.02675172304
9221.529909002129,bench:2c9590523055fe71,8,5.509809,0.9286194,5.1165155276946
9229.490382000222,bench:2c9590523055fe71,8,5.40265,0.9294252,5.02135905678
9237.513613988995,bench:2c9590523055fe71,8,5.42944,0.928888,5.04334166272
9245.509622996906,bench:2c9590523055fe71,8,5.48302,0.9291566,5.094584220932
9253.545668994775,bench:2c9590523055fe71,8,5.42051,0.9280821,5.030678303871
9261.523123990628,bench:2c9590523055fe71,8,5.42944,0.9291566,5.044800010304
9269.506243988872,bench:2c9590523055fe71,8,5.42051,0.9291566,5.036502641866
9277.550567989238,bench:2c9590523055fe71,8,5.45623,0.9280821,5.0638293964829995
9285.51309699833,bench:2c9590523055fe71,8,5.42051,0.9294252,5.037958590852
9293.484180991072,bench:2c9590523055fe71,8,5.4473,0.9286194,5.05846845762
9301.58622599265,bench:2c9590523055fe71,8,5.42944,0.928888,5.04334166272
9309.52266199165,bench:2c9590523055fe71,8,5.45623,0.9294252,5.0711576589959995
9313.62898099178,bench:2c9590523055fe71,8,5.42944,0.9286194,5.041883315135999
9321.540491000633,bench:2c9590523055fe71,8,5.42051,0.928888,5.035046692880001
9325.581939992844,bench:2c9590523055fe71,8,5.51874,0.9286194,5.124809027556
9329.579575001844,bench:2c9590523055fe71,8,5.42944,0.928888,5.04334166272
9337.55467699666,bench:2c9590523055fe71,8,5.51874,0.9304997,5.135185914378001
9345.493315995554,bench:2c9590523055fe71,8,5.51874,0.9294252,5.129256028248
9353.560732997721,bench:2c9590523055fe71,8,5.45623,0.9286194,5.0667610288619995
9361.516853998182,bench:2c9590523055fe71,8,5.45623,0.9283507,5.065294939860999
9369.51499299903,bench:2c9590523055fe71,8,5.42944,0.928888,5.04334166272
9377.501372990082,bench:2c9590523055fe71,8,5.4473,0.9291566,5.0613947471800005
9385.49319699814,bench:2c9590523055fe71,8,5.474089,0.928888,5.084815583032
9393.553261994384,bench:2c9590523055fe71,8,5.50088,0.9283507,5.106745798616
9401.516530997469,bench:2c9590523055fe71,8,5.46516,0.9294252,5.079457426032
9407.389724990935,bench:2c9590523055fe71,8,5.36693,0.9294252,4.988159988635999
9417.529143000138,bench:2c9590523055fe71,8,5.48302,0.9291566,5.094584220932
9421.63475799316,bench:2c9590523055fe71,8,5.48302,0.9286194,5.091638742588
9425.863408992882,bench:2c9590523055fe71,8,5.48302,0.9294252,5.096056960104
9433.566753999912,bench:2c9590523055fe71,8,5.43837,0.9291566,5.053097378742
9437.673850989086,bench:2c9590523055fe71,8,5.45623,0.9294252,5.0711576589959995
9445.498046989087,bench:2c9590523055fe71,8,5.43837,0.9291566,5.053097378742
9453.553166997153,bench:2c9590523055fe71,8,5.41158,0.9294252,5.029658823816
9461.54684299836,bench:2c9590523055fe71,8,5.42051,0.928888,5.035046692880001
9469.551703994512,bench:2c9590523055fe71,8,5.51874,0.928888,5.126291361120001
9477.567529000225,bench:2c9590523055fe71,8,5.50088,0.9294252,5.112656494176
9485.534576000646,bench:2c9590523055fe71,8,5.41158,0.928888,5.02675172304
9493.551602994557,bench:2c9590523055fe71,8,5.48302,0.9291566,5.094584220932
9501.533260990982,bench:2c9590523055fe71,8,5.474089,0.9294252,5.0877562636428
9509.485659989878,bench:2c9590523055fe71,8,5.474089,0.9286194,5.0833452427266
9517.552965000505,bench:2c9590523055fe71,8,5.50088,0.928888,5.1097014214400005
9521.672190996469,bench:2c9590523055fe71,8,5.4473,0.9286194,5.05846845762
9525.68465899094,bench:2c9590523055fe71,8,5.42051,0.928888,5.035046692880001
9533.505614002934,bench:2c9590523055fe71,8,5.474089,0.928888,5.084815583032
9541.541938000591,bench:2c9590523055fe71,8,5.45623,0.9304997,5.077020378131
9549.54905899649,bench:2c9590523055fe71,8,5.491949,0.9294252,5.1043557977148
9553.584601002512,bench:2c9590523055fe71,8,5.42051,0.9286194,5.033590743894
9561.577387998113,bench:2c9590523055fe71,8,5.51874,0.9283507,5.123326142118
9569.505416991888,bench:2c9590523055fe71,8,5.43837,0.928888,5.05163663256
9577.632091997657,bench:2c9590523055fe71,8,5.4473,0.9294252,5.06285789196
9581.636577990139,bench:2c9590523055fe71,8,5.474089,0.9283507,5.0818743550123004
9585.669674997916,bench:2c9590523055fe71,8,5.4473,0.9291566,5.0613947471800005
9593.550592995598,bench:2c9590523055fe71,8,5.43837,0.9291566,5.053097378742
9597.542078990955,idle,8,2.55398,0.9291566,2.373047373268
9601.735674994416,idle,8,1.73242,0.928888,1.60922414896
9616.00094899768,idle,8,1.71456,0.9283507,1.5917129761920001
9620.25263698888,bench:63a0f7989a7e8866,9,1.71456,0.9286194,1.5921736784640002
9624.47393599723,bench:63a0f7989a7e8866,9,1.6967,0.9283507,1.5751326326900001
9638.740376991336,bench:63a0f7989a7e8866,9,1.6967,0.9283507,1.5751326326900001
9643.019619994448,bench:63a0f7989a7e8866,9,2.88439,0.9283507,2.677725475573
9646.951698989142,bench:63a0f7989a7e8866,9,2.92011,0.9286194,2.7116707961340003
9650.975388998631,bench:63a0f7989a7e8866,9,2.90225,0.928888,2.6958651980000004
9654.998411991983,bench:63a0f7989a7e8866,9,2.90225,0.9286194,2.69508565365
9659.020120001514,bench:63a0f7989a7e8866,9,2.9469,0.928888,2.7373400472
9662.978958993335,bench:63a0f7989a7e8866,9,2.95583,0.9283507,2.744046849581
9666.951463994337,bench:63a0f7989a7e8866,9,2.92011,0.9283507,2.710886162577
9670.945190999191,bench:63a0f7989a7e8866,9,2.92011,0.9286194,2.7116707961340003
9674.91775099188,bench:63a0f7989a7e8866,9,2.92011,0.928888,2.71245513768
9678.892793002888,bench:63a0f7989a7e8866,9,2.92011,0.9283507,2.710886162577
9682.896964994143,bench:63a0f7989a7e8866,9,2.93797,0.9286194,2.728255938618
9686.843062998378,bench:63a0f7989a7e8866,9,2.91118,0.928888,2.70416016784
9690.830103994813,bench:63a0f7989a7e8866,9,2.93797,0.928888,2.72904507736
9694.78034999338,bench:63a0f7989a7e8866,9,2.93797,0.928888,2.72904507736
9698.732780991122,bench:63a0f7989a7e8866,9,2.92011,0.9283507,2.710886162577
9702.743989997543,bench:63a0f7989a7e8866,9,2.90225,0.9283507,2.6943058190749998
9706.736679989262,bench:63a0f7989a7e8866,9,2.91118,0.9280821,2.701814047878
9710.725461991387,bench:63a0f7989a7e8866,9,2.91118,0.9283507,2.702595990826
9714.727949001826,bench:63a0f7989a7e8866,9,2.92011,0.9283507,2.710886162577
9718.816267995862,bench:63a0f7989a7e8866,9,2.92011,0.9280821,2.7101018210310004
9722.859141998924,bench:63a0f7989a7e8866,9,2.89332,0.9291566,2.6883473739120003
9726.889536003,bench:63a0f7989a7e8866,9,2.97369,0.9286194,2.761426223586
9730.88972599362,bench:63a0f7989a7e8866,9,2.92011,0.9283507,2.710886162577
9734.838322998257,bench:63a0f7989a7e8866,9,2.9469,0.9283507,2.73575667783
9738.965363998432,bench:63a0f7989a7e8866,9,2.90225,0.928888,2.6958651980000004
9746.139547001803,bench:63a0f7989a7e8866,9,2.92011,0.928888,2.71245513768
9750.168939994182,bench:63a0f7989a7e8866,9,2.80402,0.9294252,2.6061268493039997
9754.196870999294,bench:63a0f7989a7e8866,9,2.77723,0.9286194,2.578989656262
9758.154171999195,bench:63a0f7989a7e8866,9,2.81295,0.9283507,2.611404101565
9762.128955000662,bench:63a0f7989a7e8866,9,2.79509,0.9294252,2.597827082268
9766.108960000565,bench:63a0f7989a7e8866,9,2.81295,0.928888,2.6129154996
9770.111816993449,bench:63a0f7989a7e8866,9,2.78616,0.9283507,2.586533586312
9774.139450993971,bench:63a0f7989a7e8866,9,2.78616,0.9286194,2.587282227504
9778.107973994338,bench:63a0f7989a7e8866,9,2.87546,0.928888,2.67098028848
9782.08220200031,bench:63a0f7989a7e8866,9,2.83081,0.9283507,2.627984445067
9786.120575998211,bench:63a0f7989a7e8866,9,2.82188,0.9286194,2.620452512472
9790.073006995954,bench:63a0f7989a7e8866,9,2.81295,0.9283507,2.611404101565
9794.067401002394,bench:63a0f7989a7e8866,9,2.77723,0.9283507,2.578243414561
9798.110313000507,bench:63a0f7989a7e8866,9,2.83081,0.9286194,2.628745083714
9802.094558996032,bench:63a0f7989a7e8866,9,2.81295,0.928888,2.6129154996
9806.06741498923,bench:63a0f7989a7e8866,9,2.83081,0.928888,2.6295054392800004
9811.140559992054,bench:63a0f7989a7e8866,9,2.91118,0.9283507,2.702595990826
9816.15194499318,bench:63a0f7989a7e8866,9,2.95583,0.9286194,2.7448410811020003
9820.156116998987,bench:63a0f7989a7e8866,9,2.90225,0.9283507,2.6943058190749998
9824.120862002019,bench:63a0f7989a7e8866,9,2.92011,0.928888,2.71245513768
9828.10866399086,bench:63a0f7989a7e8866,9,2.87546,0.9283507,2.669435303822
9832.117019992438,bench:63a0f7989a7e8866,9,2.90225,0.9294252,2.6974242867
9836.090265991515,bench:63a0f7989a7e8866,9,2.92011,0.9286194,2.7116707961340003
9840.05154899205,bench:63a0f7989a7e8866,9,2.92904,0.9283507,2.719176334328
9844.02457199758,bench:63a0f7989a7e8866,9,2.91118,0.928888,2.70416016784
9848.029946995666,bench:63a0f7989a7e8866,9,2.88439,0.9278135,2.6761759812649997
9852.015693002613,bench:63a0f7989a7e8866,9,2.91118,0.9286194,2.703378224892
9855.997587001184,bench:63a0f7989a7e8866,9,2.93797,0.9283507,2.7274665060789998
9859.966203002841,bench:63a0f7989a7e8866,9,2.9469,0.9286194,2.73654850986
9863.939299990307,bench:63a0f7989a7e8866,9,2.88439,0.928888,2.67927525832
9867.903102000128,bench:63a0f7989a7e8866,9,2.89332,0.9291566,2.6883473739120003
9871.907105989521,bench:63a0f7989a7e8866,9,2.93797,0.9286194,2.728255938618
9875.879036990227,bench:63a0f7989a7e8866,9,2.91118,0.928888,2.70416016784
9879.888060997473,bench:63a0f7989a7e8866,9,2.92011,0.9286194,2.7116707961340003
9883.923194996896,bench:63a0f7989a7e8866,9,2.92904,0.9294252,2.722323587808
9887.858125992352,bench:63a0f7989a7e8866,9,2.92011,0.9278135,2.709317479485
9891.859037990798,bench:63a0f7989a7e8866,9,2.92011,0.9283507,2.710886162577
9895.789616988623,bench:63a0f7989a7e8866,9,2.92011,0.9286194,2.7116707961340003
9899.80602999276,bench:63a0f7989a7e8866,9,2.92011,0.9294252,2.714023820772
9903.759052991518,bench:63a0f7989a7e8866,9,2.91118,0.928888,2.70416016784
9907.786279989523,bench:63a0f7989a7e8866,9,2.88439,0.9286194,2.678500511166
9911.788395998883,bench:63a0f7989a7e8866,9,2.92011,0.9286194,2.7116707961340003
9915.757529990515,bench:63a0f7989a7e8866,9,2.89332,0.9283507,2.686015647324
9919.810608989792,bench:63a0f7989a7e8866,9,2.91118,0.9291566,2.704942110788
9923.940963999485,bench:63a0f7989a7e8866,9,2.89332,0.9280821,2.685238501572
9928.132449000259,bench:63a0f7989a7e8866,9,2.90225,0.9280821,2.693526274725
9933.806051994907,bench:63a0f7989a7e8866,9,4.15245,0.9286194,3.85604562753
9938.070942997001,bench:63a0f7989a7e8866,9,3.572,0.928888,3.317987936
9942.273205000674,bench:63a0f7989a7e8866,9,3.92027,0.9296938,3.644650713326
9946.494078991236,bench:63a0f7989a7e8866,9,2.90225,0.9291566,2.69664474235
9950.634305001586,bench:63a0f7989a7e8866,9,2.92904,0.9286194,2.719963367376
9954.723400995135,bench:63a0f7989a7e8866,9,4.2864,0.9299625,3.9861912600000005
9958.846793990233,bench:63a0f7989a7e8866,9,2.91118,0.9283507,2.702595990826
9962.832890989375,bench:63a0f7989a7e8866,9,2.92011,0.928888,2.71245513768
9966.818636996322,bench:63a0f7989a7e8866,9,2.92904,0.928888,2.7207501075200002
9970.791215993813,bench:63a0f7989a7e8866,9,2.93797,0.9283507,2.7274665060789998
9974.772461995599,bench:63a0f7989a7e8866,9,2.91118,0.9286194,2.703378224892
9978.730892995372,bench:63a0f7989a7e8866,9,2.88439,0.9286194,2.678500511166
9982.763822990819,bench:63a0f7989a7e8866,9,2.86653,0.928888,2.6626853186400004
9986.762457992882,bench:63a0f7989a7e8866,9,2.91118,0.9280821,2.701814047878
9990.733573999023,bench:63a0f7989a7e8866,9,2.92011,0.9283507,2.710886162577
9994.707744990592,bench:63a0f7989a7e8866,9,2.92011,0.928888,2.71245513768
9998.696638998808,bench:63a0f7989a7e8866,9,2.90225,0.9286194,2.69508565365
10002.680940000573,bench:63a0f7989a7e8866,9,2.91118,0.928888,2.70416016784
10006.659759994363,bench:63a0f7989a7e8866,9,2.88439,0.928888,2.67927525832
10010.687004993088,bench:63a0f7989a7e8866,9,2.92904,0.9283507,2.719176334328
10014.721138999448,bench:63a0f7989a7e8866,9,2.91118,0.9286194,2.703378224892
10018.783551000524,bench:63a0f7989a7e8866,9,2.88439,0.9280821,2.676950728419
10022.909277002327,bench:63a0f7989a7e8866,9,2.86653,0.9283507,2.661145132071
10027.08711399464,bench:63a0f7989a7e8866,9,2.92011,0.928888,2.71245513768
10031.149025002378,bench:63a0f7989a7e8866,9,3.49163,0.9283507,3.2414571546409996
10035.274232999654,bench:63a0f7989a7e8866,9,3.07192,0.9280821,2.850993964632
10039.338810995105,bench:63a0f7989a7e8866,9,2.92011,0.928888,2.71245513768
10043.379130001995,bench:63a0f7989a7e8866,9,2.86653,0.9280821,2.660375182113
10047.526875001495,bench:63a0f7989a7e8866,9,4.09887,0.9283507,3.805188833709
10051.542101995437,bench:63a0f7989a7e8866,9,2.89332,0.9283507,2.686015647324
10056.893020999269,bench:63a0f7989a7e8866,9,4.02743,0.9286194,3.7399496301419997
10061.350670992397,bench:63a0f7989a7e8866,9,4.84899,0.9286194,4.502866184406
10069.638714994653,bench:63a0f7989a7e8866,9,2.90225,0.9294252,2.6974242867
10073.715829988942,bench:63a0f7989a7e8866,9,2.92011,0.9280821,2.7101018210310004
10078.176201990573,bench:63a0f7989a7e8866,9,2.9469,0.928888,2.7373400472
10082.814756999142,bench:63a0f7989a7e8866,9,2.90225,0.928888,2.6958651980000004
10087.060999998357,bench:63a0f7989a7e8866,9,3.81311,0.9280821,3.538879136331
10091.165448990068,bench:63a0f7989a7e8866,9,3.49163,0.9283507,3.2414571546409996
10095.286933996249,bench:63a0f7989a7e8866,9,3.07192,0.9286194,2.852644507248
10099.741546000587,bench:63a0f7989a7e8866,9,4.00957,0.928888,3.7244414581600003
10104.116343994974,bench:63a0f7989a7e8866,9,3.70595,0.9294252,3.4444033199399997
10108.59256699041,bench:63a0f7989a7e8866,9,3.68809,0.9286194,3.424831922946
10113.044568002806,bench:63a0f7989a7e8866,9,3.61665,0.9280821,3.356548126965
10117.185145994881,bench:63a0f7989a7e8866,9,2.88439,0.928888,2.67927525832
10121.395037989714,bench:63a0f7989a7e8866,9,2.92904,0.9286194,2.719963367376
10135.821365998709,bench:63a0f7989a7e8866,9,4.93829,0.9315742,4.600383556118
10140.11914600269,bench:63a0f7989a7e8866,9,2.91118,0.9283507,2.702595990826
10166.173435995006,bench:63a0f7989a7e8866,9,2.90225,0.9291566,2.69664474235
10170.227828988573,bench:63a0f7989a7e8866,9,2.92011,0.928888,2.71245513768
10174.22870399605,bench:63a0f7989a7e8866,9,2.92904,0.9286194,2.719963367376
10178.20928299625,bench:63a0f7989a7e8866,9,2.91118,0.9286194,2.703378224892
10182.20204699901,bench:63a0f7989a7e8866,9,2.87546,0.928888,2.67098028848
10186.256291999598,bench:63a0f7989a7e8866,9,2.92011,0.9283507,2.710886162577
10190.301296999678,bench:63a0f7989a7e8866,9,2.92011,0.9283507,2.710886162577
10194.299115988542,bench:63a0f7989a7e8866,9,2.91118,0.9286194,2.703378224892
10198.26163999096,bench:63a0f7989a7e8866,9,2.91118,0.9280821,2.701814047878
10202.2408490011,bench:63a0f7989a7e8866,9,2.91118,0.9280821,2.701814047878
10206.234630997642,bench:63a0f7989a7e8866,9,2.8576,0.9286194,2.65362279744
10210.228413998266,bench:63a0f7989a7e8866,9,2.91118,0.928888,2.70416016784
10214.247343988973,bench:63a0f7989a7e8866,9,2.89332,0.9286194,2.686793082408
10218.223256990314,bench:63a0f7989a7e8866,9,2.92011,0.9291566,2.7132394792260004
10222.240595001495,bench:63a0f7989a7e8866,9,2.90225,0.9283507,2.6943058190749998
10226.19365499122,bench:63a0f7989a7e8866,9,2.87546,0.9286194,2.670207939924
10230.274585002917,bench:63a0f7989a7e8866,9,2.86653,0.9283507,2.661145132071
10234.325144992908,bench:63a0f7989a7e8866,9,2.90225,0.9291566,2.69664474235
10238.346817001002,bench:63a0f7989a7e8866,9,2.88439,0.928888,2.67927525832
10242.335635994095,bench:63a0f7989a7e8866,9,2.88439,0.928888,2.67927525832
10246.348271000898,bench:63a0f7989a7e8866,9,2.90225,0.9283507,2.6943058190749998
10250.347256995155,bench:63a0f7989a7e8866,9,2.92011,0.928888,2.71245513768
10254.365742992377,bench:63a0f7989a7e8866,9,2.92011,0.9286194,2.7116707961340003
10258.352470002137,bench:63a0f7989a7e8866,9,2.91118,0.9286194,2.703378224892
10262.311364000197,bench:63a0f7989a7e8866,9,2.92904,0.9286194,2.719963367376
10266.319627990015,bench:63a0f7989a7e8866,9,2.92011,0.9286194,2.7116707961340003
10270.341169991298,bench:63a0f7989a7e8866,9,2.87546,0.9286194,2.670207939924
10274.29539700097,bench:63a0f7989a7e8866,9,2.91118,0.9283507,2.702595990826
10278.292049988522,bench:63a0f7989a7e8866,9,2.88439,0.928888,2.67927525832
10282.284369997797,bench:63a0f7989a7e8866,9,2.90225,0.928888,2.6958651980000004
10286.261985995225,bench:63a0f7989a7e8866,9,2.84867,0.9283507,2.644564788569
10290.255804997287,bench:63a0f7989a7e8866,9,2.83081,0.9286194,2.628745083714
10294.252976993448,bench:63a0f7989a7e8866,9,2.88439,0.9291566,2.680050005474
10298.204203994828,bench:63a0f7989a7e8866,9,2.91118,0.9280821,2.701814047878
10302.215912000975,bench:63a0f7989a7e8866,9,2.92011,0.9294252,2.714023820772
10306.233953990159,bench:63a0f7989a7e8866,9,2.89332,0.928888,2.6875702281600002
10310.251124989009,bench:63a0f7989a7e8866,9,2.91118,0.9291566,2.704942110788
10314.275833996362,bench:63a0f7989a7e8866,9,2.92011,0.9278135,2.709317479485
10318.260004991316,bench:63a0f7989a7e8866,9,2.92011,0.9280821,2.7101018210310004
10322.15867699415,bench:63a0f7989a7e8866,9,2.88439,0.928888,2.67927525832
10326.162792989635,bench:63a0f7989a7e8866,9,2.88439,0.9283507,2.677725475573
10330.121538994717,bench:63a0f7989a7e8866,9,2.92011,0.9286194,2.7116707961340003
10334.048655990046,bench:63a0f7989a7e8866,9,2.92011,0.928888,2.71245513768
10338.05771599873,bench:63a0f7989a7e8866,9,2.87546,0.9294252,2.6725249855919997
10342.058405993157,bench:63a0f7989a7e8866,9,2.90225,0.928888,2.6958651980000004
10345.983484992757,bench:63a0f7989a7e8866,9,2.87546,0.9286194,2.670207939924
10349.970859999303,bench:63a0f7989a7e8866,9,2.89332,0.9291566,2.6883473739120003
10354.005956993205,bench:63a0f7989a7e8866,9,2.87546,0.928888,2.67098028848
10357.985369992093,bench:63a0f7989a7e8866,9,2.92011,0.9286194,2.7116707961340003
10361.937522990047,bench:63a0f7989a7e8866,9,2.87546,0.9286194,2.670207939924
10365.946638994501,bench:63a0f7989a7e8866,9,2.92011,0.928888,2.71245513768
10369.931717999862,bench:63a0f7989a7e8866,9,2.91118,0.9286194,2.703378224892
10373.935203999281,bench:63a0f7989a7e8866,9,2.88439,0.9286194,2.678500511166
10377.944319989183,bench:63a0f7989a7e8866,9,2.93797,0.9286194,2.728255938618
10381.92215799063,bench:63a0f7989a7e8866,9,2.89332,0.9286194,2.686793082408
10385.923144000117,bench:63a0f7989a7e8866,9,2.89332,0.9294252,2.689124519664
10389.860352996038,bench:63a0f7989a7e8866,9,2.86653,0.9291566,2.663455268598
10393.786469998304,bench:63a0f7989a7e8866,9,2.92904,0.9286194,2.719963367376
10397.746678994736,bench:63a0f7989a7e8866,9,2.89332,0.9283507,2.686015647324
10401.692498999182,bench:63a0f7989a7e8866,9,2.89332,0.9280821,2.685238501572
10405.59935598867,bench:63a0f7989a7e8866,9,2.92011,0.9280821,2.7101018210310004
10409.651786001632,bench:63a0f7989a7e8866,9,2.89332,0.928888,2.6875702281600002
10413.656680000713,bench:63a0f7989a7e8866,9,2.88439,0.9283507,2.677725475573
10417.632037002477,bench:63a0f7989a7e8866,9,2.91118,0.9283507,2.702595990826
10421.629763994133,bench:63a0f7989a7e8866,9,2.92904,0.9280821,2.718389594184
10425.640286994167,bench:63a0f7989a7e8866,9,2.92011,0.9286194,2.7116707961340003
10429.623050993541,bench:63a0f7989a7e8866,9,2.87546,0.9283507,2.669435303822
10433.594907997758,bench:63a0f7989a7e8866,9,2.89332,0.928888,2.6875702281600002
10437.561617000028,bench:63a0f7989a7e8866,9,2.9469,0.9283507,2.73575667783
10441.535844001919,bench:63a0f7989a7e8866,9,2.92011,0.928888,2.71245513768
10445.553162993747,bench:63a0f7989a7e8866,9,2.87546,0.9280821,2.668662955266
10449.48087199009,bench:63a0f7989a7e8866,9,2.91118,0.928888,2.70416016784
10453.508655002224,bench:63a0f7989a7e8866,9,2.91118,0.9283507,2.702595990826
10457.516381997266,bench:63a0f7989a7e8866,9,2.88439,0.9291566,2.680050005474
10461.455386990565,bench:63a0f7989a7e8866,9,2.89332,0.9283507,2.686015647324
10465.502947001369,bench:63a0f7989a7e8866,9,2.92011,0.9280821,2.7101018210310004
10469.50758100138,bench:63a0f7989a7e8866,9,2.92904,0.928888,2.7207501075200002
10473.55697400053,bench:63a0f7989a7e8866,9,2.92904,0.9291566,2.7215368476640003
10477.550461000646,bench:63a0f7989a7e8866,9,2.91118,0.9291566,2.704942110788
10481.538669002475,bench:63a0f7989a7e8866,9,2.86653,0.9286194,2.661915368682
10485.538858993095,bench:63a0f7989a7e8866,9,2.92904,0.9286194,2.719963367376
10489.59543798992,bench:63a0f7989a7e8866,9,2.89332,0.9296938,2.689901665416
10493.610460995114,bench:63a0f7989a7e8866,9,2.89332,0.9294252,2.689124519664
10497.565318000852,bench:63a0f7989a7e8866,9,2.89332,0.9283507,2.686015647324
10501.541118996101,bench:63a0f7989a7e8866,9,2.91118,0.9294252,2.7057240537359997
10505.599048992735,bench:63a0f7989a7e8866,9,2.91118,0.9286194,2.703378224892
10509.55425799475,bench:63a0f7989a7e8866,9,2.89332,0.9286194,2.686793082408
10513.510058997781,bench:63a0f7989a7e8866,9,2.89332,0.9286194,2.686793082408
10517.585914989468,bench:63a0f7989a7e8866,9,2.90225,0.9283507,2.6943058190749998
10521.602512992104,bench:63a0f7989a7e8866,9,2.90225,0.9286194,2.69508565365
10525.593405996915,bench:63a0f7989a7e8866,9,2.89332,0.928888,2.6875702281600002
10529.573670995887,bench:63a0f7989a7e8866,9,2.90225,0.9294252,2.6974242867
10533.657377993222,bench:63a0f7989a7e8866,9,2.92011,0.9283507,2.710886162577
10537.649994003004,bench:63a0f7989a7e8866,9,2.92011,0.9286194,2.7116707961340003
10541.61709199252,bench:63a0f7989a7e8866,9,2.91118,0.9283507,2.702595990826
10545.61317099433,bench:63a0f7989a7e8866,9,2.89332,0.9294252,2.689124519664
10549.604415995418,bench:63a0f7989a7e8866,9,2.88439,0.9280821,2.676950728419
10553.597477002768,bench:63a0f7989a7e8866,9,2.89332,0.9286194,2.686793082408
10557.578481995733,bench:63a0f7989a7e8866,9,2.88439,0.928888,2.67927525832
10561.622392997378,bench:63a0f7989a7e8866,9,2.91118,0.9294252,2.7057240537359997
10565.643009002088,bench:63a0f7989a7e8866,9,2.92011,0.9286194,2.7116707961340003
10569.654420993174,bench:63a0f7989a7e8866,9,2.91118,0.928888,2.70416016784
10573.58368599671,bench:63a0f7989a7e8866,9,2.92011,0.928888,2.71245513768
10577.528542999062,bench:63a0f7989a7e8866,9,2.83974,0.9286194,2.637037654956
10581.474436999997,bench:63a0f7989a7e8866,9,2.90225,0.9286194,2.69508565365
10585.487516000285,bench:63a0f7989a7e8866,9,2.91118,0.928888,2.70416016784
10589.401946999715,bench:63a0f7989a7e8866,9,2.90225,0.9283507,2.6943058190749998
10593.469654995715,bench:63a0f7989a7e8866,9,2.91118,0.928888,2.70416016784
10597.42462298891,bench:63a0f7989a7e8866,9,2.90225,0.9283507,2.6943058190749998
10601.362646993948,bench:63a0f7989a7e8866,9,2.88439,0.9283507,2.677725475573
10605.423483997583,bench:63a0f7989a7e8866,9,2.86653,0.9283507,2.661145132071
10609.371248996467,bench:63a0f7989a7e8866,9,2.92904,0.9286194,2.719963367376
10613.368382997578,bench:63a0f7989a7e8866,9,2.91118,0.9283507,2.702595990826
10617.382887998247,bench:63a0f7989a7e8866,9,2.92011,0.928888,2.71245513768
10621.380058990326,bench:63a0f7989a7e8866,9,2.88439,0.928888,2.67927525832
10625.400712000555,bench:63a0f7989a7e8866,9,2.89332,0.928888,2.6875702281600002
10629.444493999472,bench:63a0f7989a7e8866,9,2.87546,0.928888,2.67098028848
10633.47896200139,bench:63a0f7989a7e8866,9,2.87546,0.9286194,2.670207939924
10637.439022000763,bench:63a0f7989a7e8866,9,2.89332,0.928888,2.6875702281600002
10641.468211993924,bench:63a0f7989a7e8866,9,2.89332,0.9286194,2.686793082408
10645.498993995716,bench:63a0f7989a7e8866,9,2.88439,0.9283507,2.677725475573
10649.44351799204,bench:63a0f7989a7e8866,9,2.89332,0.9283507,2.686015647324
10653.470670993556,bench:63a0f7989a7e8866,9,2.92011,0.9280821,2.7101018210310004
10657.45047199016,bench:63a0f7989a7e8866,9,2.8576,0.9291566,2.6551579001600003
10661.45551399677,bench:63a0f7989a7e8866,9,2.90225,0.9286194,2.69508565365
10665.47603700019,bench:63a0f7989a7e8866,9,2.87546,0.9283507,2.669435303822
10669.458634001785,bench:63a0f7989a7e8866,9,2.88439,0.9286194,2.678500511166
10673.474545998033,bench:63a0f7989a7e8866,9,2.91118,0.9286194,2.703378224892
10677.466106993961,bench:63a0f7989a7e8866,9,2.89332,0.9286194,2.686793082408
10681.439038002281,bench:63a0f7989a7e8866,9,2.90225,0.928888,2.6958651980000004
10685.426190990256,bench:63a0f7989a7e8866,9,2.84867,0.9294252,2.647625684484
10689.425083997776,bench:63a0f7989a7e8866,9,2.91118,0.9291566,2.704942110788
10693.398051997065,bench:63a0f7989a7e8866,9,2.92011,0.9286194,2.7116707961340003
10697.418650001055,bench:63a0f7989a7e8866,9,2.89332,0.9286194,2.686793082408
10701.359580998542,bench:63a0f7989a7e8866,9,2.91118,0.9283507,2.702595990826
10705.360862993984,bench:63a0f7989a7e8866,9,2.92011,0.9280821,2.7101018210310004
10709.368682990316,bench:63a0f7989a7e8866,9,2.92011,0.928888,2.71245513768
10713.414058001945,bench:63a0f7989a7e8866,9,2.90225,0.9294252,2.6974242867
10717.392413993366,bench:63a0f7989a7e8866,9,2.89332,0.928888,2.6875702281600002
10721.438029999263,bench:63a0f7989a7e8866,9,2.88439,0.928888,2.67927525832
10725.429978992906,bench:63a0f7989a7e8866,9,2.91118,0.9280821,2.701814047878
10729.398298994056,bench:63a0f7989a7e8866,9,2.91118,0.928888,2.70416016784
10733.44554399955,bench:63a0f7989a7e8866,9,2.93797,0.9294252,2.730623354844
10737.401049002074,bench:63a0f7989a7e8866,9,2.87546,0.9283507,2.669435303822
10741.589329991257,bench:63a0f7989a7e8866,9,2.80402,0.9283507,2.603113929814
10748.207331998856,bench:63a0f7989a7e8866,9,2.91118,0.9283507,2.702595990826
10752.311762000318,bench:63a0f7989a7e8866,9,2.81295,0.928888,2.6129154996
10756.311136996374,bench:63a0f7989a7e8866,9,2.79509,0.928888,2.5963255599200004
10760.320326997316,bench:63a0f7989a7e8866,9,2.7683,0.9283507,2.56995324281
10764.315998996608,bench:63a0f7989a7e8866,9,2.83974,0.9283507,2.636274616818
10768.336465989705,bench:63a0f7989a7e8866,9,2.80402,0.9286194,2.603867369988
10772.306785991532,bench:63a0f7989a7e8866,9,2.78616,0.928888,2.5880305900800002
10776.324734993977,bench:63a0f7989a7e8866,9,2.83974,0.9286194,2.637037654956
10780.356813993421,bench:63a0f7989a7e8866,9,2.86653,0.9286194,2.661915368682
10784.318133999477,bench:63a0f7989a7e8866,9,2.79509,0.9283507,2.594823758063
10788.30854599073,bench:63a0f7989a7e8866,9,2.81295,0.9283507,2.611404101565
10792.308235992095,bench:63a0f7989a7e8866,9,2.80402,0.9286194,2.603867369988
10796.313443992403,bench:63a0f7989a7e8866,9,2.83974,0.9286194,2.637037654956
10800.307375000557,bench:63a0f7989a7e8866,9,2.82188,0.9286194,2.620452512472
10804.354212988983,bench:63a0f7989a7e8866,9,2.78616,0.9283507,2.586533586312
10808.308198989835,bench:63a0f7989a7e8866,9,2.79509,0.9291566,2.597076321094
10813.352176992339,bench:63a0f7989a7e8866,9,2.81295,0.9294252,2.61442661634
10818.363599988515,bench:63a0f7989a7e8866,9,2.88439,0.9283507,2.677725475573
10822.365011990769,bench:63a0f7989a7e8866,9,2.88439,0.9283507,2.677725475573
10826.315664991853,bench:63a0f7989a7e8866,9,2.87546,0.9294252,2.6725249855919997
10830.280317997676,bench:63a0f7989a7e8866,9,2.88439,0.9283507,2.677725475573
10834.291434002807,bench:63a0f7989a7e8866,9,2.91118,0.9294252,2.7057240537359997
10838.310067993007,bench:63a0f7989a7e8866,9,2.90225,0.928888,2.6958651980000004
10842.368794998038,bench:63a0f7989a7e8866,9,4.00064,0.9286194,3.7150719164159995
10846.406095995917,bench:63a0f7989a7e8866,9,2.8576,0.9291566,2.6551579001600003
10850.398840993876,bench:63a0f7989a7e8866,9,2.8576,0.928888,2.6543903488000002
10854.399604999344,bench:63a0f7989a7e8866,9,2.91118,0.9283507,2.702595990826
10858.369017994846,bench:63a0f7989a7e8866,9,2.91118,0.9286194,2.703378224892
10862.323337991256,bench:63a0f7989a7e8866,9,2.92011,0.9280821,2.7101018210310004
10866.265749995364,bench:63a0f7989a7e8866,9,2.92011,0.9280821,2.7101018210310004
10870.211367000593,bench:63a0f7989a7e8866,9,2.88439,0.9294252,2.680824752628
10874.196870994638,bench:63a0f7989a7e8866,9,2.90225,0.9286194,2.69508565365
10878.158042993164,bench:63a0f7989a7e8866,9,2.90225,0.928888,2.6958651980000004
10882.110862992704,bench:63a0f7989a7e8866,9,2.92011,0.9286194,2.7116707961340003
10886.076886992669,bench:63a0f7989a7e8866,9,2.90225,0.9283507,2.6943058190749998
10890.054946998134,bench:63a0f7989a7e8866,9,2.88439,0.9294252,2.680824752628
10894.011062991922,bench:63a0f7989a7e8866,9,2.89332,0.928888,2.6875702281600002
10897.982383001363,bench:63a0f7989a7e8866,9,2.91118,0.9291566,2.704942110788
10901.964924996719,bench:63a0f7989a7e8866,9,2.90225,0.928888,2.6958651980000004
10905.975763002061,bench:63a0f7989a7e8866,9,2.90225,0.9283507,2.6943058190749998
10909.930378998979,bench:63a0f7989a7e8866,9,2.86653,0.9283507,2.661145132071
10913.84293998999,bench:63a0f7989a7e8866,9,2.92011,0.928888,2.71245513768
10917.761352990055,bench:63a0f7989a7e8866,9,2.89332,0.9291566,2.6883473739120003
10921.764913990046,bench:63a0f7989a7e8866,9,2.87546,0.928888,2.67098028848
10925.757806995534,bench:63a0f7989a7e8866,9,2.91118,0.9278135,2.70103210493
10929.778292993433,bench:63a0f7989a7e8866,9,2.89332,0.928888,2.6875702281600002
10933.715854000184,bench:63a0f7989a7e8866,9,2.88439,0.9283507,2.677725475573
10937.66011900152,bench:63a0f7989a7e8866,9,2.87546,0.9280821,2.668662955266
10941.704475000734,bench:63a0f7989a7e8866,9,2.86653,0.9280821,2.660375182113
10945.661090998328,bench:63a0f7989a7e8866,9,2.90225,0.928888,2.6958651980000004
10949.642539999331,bench:63a0f7989a7e8866,9,2.90225,0.9286194,2.69508565365
10953.637970989803,bench:63a0f7989a7e8866,9,2.90225,0.9283507,2.6943058190749998
10957.682715990813,bench:63a0f7989a7e8866,9,2.89332,0.9283507,2.686015647324
10961.69451699825,bench:63a0f7989a7e8866,9,2.90225,0.9275449,2.691967186025
10965.668559001642,bench:63a0f7989a7e8866,9,2.91118,0.928888,2.70416016784
10969.68628600007,bench:63a0f7989a7e8866,9,2.91118,0.9283507,2.702595990826
10973.72934599116,bench:63a0f7989a7e8866,9,2.86653,0.9291566,2.663455268598
10977.717036003014,bench:63a0f7989a7e8866,9,2.90225,0.928888,2.6958651980000004
10981.666281993967,bench:63a0f7989a7e8866,9,2.91118,0.9283507,2.702595990826
10985.626231995411,bench:63a0f7989a7e8866,9,2.88439,0.9294252,2.680824752628
10989.65877298906,bench:63a0f7989a7e8866,9,2.91118,0.9286194,2.703378224892
10993.68857400259,bench:63a0f7989a7e8866,9,2.89332,0.928888,2.6875702281600002
10997.631819991511,bench:63a0f7989a7e8866,9,2.89332,0.9280821,2.685238501572
11001.546250990941,bench:63a0f7989a7e8866,9,2.88439,0.928888,2.67927525832
11005.583033998846,bench:63a0f7989a7e8866,9,2.91118,0.9294252,2.7057240537359997
11009.55040899862,bench:63a0f7989a7e8866,9,2.92011,0.928888,2.71245513768
11013.546746995416,bench:63a0f7989a7e8866,9,2.92011,0.928888,2.71245513768
11017.529010990984,bench:63a0f7989a7e8866,9,2.90225,0.9283507,2.6943058190749998
11021.551607991569,bench:63a0f7989a7e8866,9,2.84867,0.9286194,2.645330226198
11025.806851990637,bench:63a0f7989a7e8866,9,2.89332,0.9286194,2.686793082408
11029.791893990478,bench:63a0f7989a7e8866,9,2.88439,0.9294252,2.680824752628
11033.785527994041,bench:63a0f7989a7e8866,9,2.95583,0.9286194,2.7448410811020003
11037.800958991284,bench:63a0f7989a7e8866,9,2.88439,0.9283507,2.677725475573
11041.75142699387,bench:63a0f7989a7e8866,9,2.91118,0.9286194,2.703378224892
11045.7529869891,bench:63a0f7989a7e8866,9,2.87546,0.9286194,2.670207939924
11049.766491996706,bench:63a0f7989a7e8866,9,2.92011,0.9280821,2.7101018210310004
11053.71412698878,bench:63a0f7989a7e8866,9,2.89332,0.9283507,2.686015647324
11057.798074994935,bench:63a0f7989a7e8866,9,2.90225,0.9280821,2.693526274725
11061.75645100302,bench:63a0f7989a7e8866,9,2.89332,0.928888,2.6875702281600002
11069.764553001733,bench:63a0f7989a7e8866,9,2.87546,0.9280821,2.668662955266
11073.773372001597,bench:63a0f7989a7e8866,9,2.92011,0.9283507,2.710886162577
11077.772488002665,bench:63a0f7989a7e8866,9,2.88439,0.9283507,2.677725475573
11081.719344991143,bench:63a0f7989a7e8866,9,2.89332,0.928888,2.6875702281600002
11085.674664995167,bench:63a0f7989a7e8866,9,2.86653,0.928888,2.6626853186400004
11089.668225002242,bench:63a0f7989a7e8866,9,2.89332,0.9294252,2.689124519664
11093.654675001744,bench:63a0f7989a7e8866,9,2.89332,0.9291566,2.6883473739120003
11097.636197999236,bench:63a0f7989a7e8866,9,2.89332,0.928888,2.6875702281600002
11101.618888002122,bench:63a0f7989a7e8866,9,2.89332,0.9286194,2.686793082408
11105.669262993615,bench:63a0f7989a7e8866,9,2.87546,0.9286194,2.670207939924
11109.694600992952,bench:63a0f7989a7e8866,9,2.93797,0.9286194,2.728255938618
11113.6971800006,bench:63a0f7989a7e8866,9,2.88439,0.9286194,2.678500511166
11117.639721996966,bench:63a0f7989a7e8866,9,2.92011,0.928888,2.71245513768
11121.65017100051,bench:63a0f7989a7e8866,9,2.90225,0.9283507,2.6943058190749998
11125.618769001449,bench:63a0f7989a7e8866,9,2.92011,0.9283507,2.710886162577
11129.617161990609,bench:63a0f7989a7e8866,9,2.91118,0.9294252,2.7057240537359997
11133.592444995884,bench:63a0f7989a7e8866,9,2.89332,0.928888,2.6875702281600002
11137.561764990096,bench:63a0f7989a7e8866,9,2.92011,0.9291566,2.7132394792260004
11141.507602995262,bench:63a0f7989a7e8866,9,2.92011,0.9283507,2.710886162577
11145.531440997729,bench:63a0f7989a7e8866,9,2.90225,0.9291566,2.69664474235
11149.612797002192,bench:63a0f7989a7e8866,9,3.01834,0.928888,2.80369980592
11155.88883899909,bench:63a0f7989a7e8866,9,3.14336,0.9283507,2.918140456352
11165.533965002396,bench:63a0f7989a7e8866,9,2.72365,0.9278135,2.527039239275
11169.737153002643,bench:63a0f7989a7e8866,9,2.88439,0.9286194,2.678500511166
11173.800990989548,bench:63a0f7989a7e8866,9,2.89332,0.9280821,2.685238501572
11177.759774000151,bench:63a0f7989a7e8866,9,2.86653,0.9286194,2.661915368682
11181.709778989898,bench:63a0f7989a7e8866,9,2.90225,0.928888,2.6958651980000004
11185.678227993776,bench:63a0f7989a7e8866,9,2.88439,0.928888,2.67927525832
11189.652788991225,bench:63a0f7989a7e8866,9,2.89332,0.928888,2.6875702281600002
11193.617534998339,bench:63a0f7989a7e8866,9,2.88439,0.9286194,2.678500511166
11197.5469099998,bench:63a0f7989a7e8866,9,2.86653,0.9294252,2.664225218556
11201.559323002584,bench:63a0f7989a7e8866,9,2.86653,0.9291566,2.663455268598
11205.581160000293,bench:63a0f7989a7e8866,9,2.84867,0.9286194,2.645330226198
11209.638201995404,bench:63a0f7989a7e8866,9,2.91118,0.9286194,2.703378224892
11213.66359500098,bench:63a0f7989a7e8866,9,2.87546,0.9283507,2.669435303822
11217.626044992357,bench:63a0f7989a7e8866,9,2.90225,0.9286194,2.69508565365
11221.631030988647,bench:63a0f7989a7e8866,9,2.90225,0.9283507,2.6943058190749998
11225.68623899133,bench:63a0f7989a7e8866,9,2.89332,0.9286194,2.686793082408
11229.614762996789,bench:63a0f7989a7e8866,9,2.91118,0.928888,2.70416016784
11233.687471001758,bench:63a0f7989a7e8866,9,2.92011,0.9280821,2.7101018210310004
11237.697011994896,bench:63a0f7989a7e8866,9,2.92011,0.9283507,2.710886162577
11241.721886995947,bench:63a0f7989a7e8866,9,2.90225,0.9286194,2.69508565365
11245.668855000986,bench:63a0f7989a7e8866,9,2.88439,0.928888,2.67927525832
11249.69180500193,bench:63a0f7989a7e8866,9,2.88439,0.9291566,2.680050005474
11253.714124002727,bench:63a0f7989a7e8866,9,2.92011,0.9291566,2.7132394792260004
11257.706962001976,bench:63a0f7989a7e8866,9,2.90225,0.9291566,2.69664474235
11261.669466999592,bench:63a0f7989a7e8866,9,2.92011,0.9286194,2.7116707961340003
11265.621879996615,bench:63a0f7989a7e8866,9,2.88439,0.928888,2.67927525832
11269.60464399599,bench:63a0f7989a7e8866,9,2.88439,0.928888,2.67927525832
11273.615444995812,bench:63a0f7989a7e8866,9,2.92904,0.9291566,2.7215368476640003
11277.653319993988,bench:63a0f7989a7e8866,9,2.92011,0.9283507,2.710886162577
11281.663121000747,bench:63a0f7989a7e8866,9,2.86653,0.9286194,2.661915368682
11285.679328997503,bench:63a0f7989a7e8866,9,2.87546,0.9291566,2.671752637036
11289.684407995082,bench:63a0f7989a7e8866,9,2.88439,0.928888,2.67927525832
11293.73570799362,bench:63a0f7989a7e8866,9,2.89332,0.9294252,2.689124519664
11297.742675989866,bench:63a0f7989a7e8866,9,2.88439,0.9283507,2.677725475573
11301.715811001486,bench:63a0f7989a7e8866,9,2.89332,0.928888,2.6875702281600002
11305.708389991196,bench:63a0f7989a7e8866,9,2.92904,0.9286194,2.719963367376
11309.66361699393,bench:63a0f7989a7e8866,9,2.88439,0.9286194,2.678500511166
11313.629176991526,bench:63a0f7989a7e8866,9,2.92011,0.9283507,2.710886162577
11317.62299699767,bench:63a0f7989a7e8866,9,2.89332,0.9286194,2.686793082408
11321.635353990132,bench:63a0f7989a7e8866,9,2.93797,0.9280821,2.726677367337
11325.610728992615,bench:63a0f7989a7e8866,9,2.91118,0.9283507,2.702595990826
11329.65317799244,bench:63a0f7989a7e8866,9,2.89332,0.9294252,2.689124519664
11333.672701002797,bench:63a0f7989a7e8866,9,2.88439,0.9283507,2.677725475573
11337.647409993224,bench:63a0f7989a7e8866,9,2.91118,0.9286194,2.703378224892
11341.658543999074,bench:63a0f7989a7e8866,9,2.90225,0.9283507,2.6943058190749998
11345.672288996866,bench:63a0f7989a7e8866,9,2.89332,0.9286194,2.686793082408
11349.683683001786,bench:63a0f7989a7e8866,9,2.89332,0.9280821,2.685238501572
11353.700742998626,bench:63a0f7989a7e8866,9,2.95583,0.928888,2.74563501704
11357.708932991954,bench:63a0f7989a7e8866,9,2.86653,0.9294252,2.664225218556
11361.706844996661,bench:63a0f7989a7e8866,9,2.90225,0.9294252,2.6974242867
11365.697386994725,bench:63a0f7989a7e8866,9,2.86653,0.928888,2.6626853186400004
11369.69253999996,bench:63a0f7989a7e8866,9,2.92011,0.9286194,2.7116707961340003
11373.640007994254,bench:63a0f7989a7e8866,9,2.87546,0.928888,2.67098028848
11377.636271994561,bench:63a0f7989a7e8866,9,2.92904,0.928888,2.7207501075200002
11381.653794989688,bench:63a0f7989a7e8866,9,2.89332,0.9283507,2.686015647324
11385.601763002342,bench:63a0f7989a7e8866,9,2.88439,0.9286194,2.678500511166
11389.568250000593,bench:63a0f7989a7e8866,9,2.89332,0.9283507,2.686015647324
11393.582106000395,bench:63a0f7989a7e8866,9,2.90225,0.928888,2.6958651980000004
11397.58133298892,bench:63a0f7989a7e8866,9,2.87546,0.9291566,2.671752637036
11401.624263991835,bench:63a0f7989a7e8866,9,2.88439,0.9283507,2.677725475573
11405.66965698963,bench:63a0f7989a7e8866,9,2.89332,0.9294252,2.689124519664
11409.650866000447,bench:63a0f7989a7e8866,9,2.92011,0.9286194,2.7116707961340003
11413.723555000615,bench:63a0f7989a7e8866,9,2.89332,0.9283507,2.686015647324
11417.719207995106,bench:63a0f7989a7e8866,9,2.89332,0.9291566,2.6883473739120003
11421.651194992592,bench:63a0f7989a7e8866,9,2.90225,0.928888,2.6958651980000004
11425.647365991608,bench:63a0f7989a7e8866,9,2.84867,0.9291566,2.646860531722
11429.641964001348,bench:63a0f7989a7e8866,9,2.92011,0.928888,2.71245513768
11433.643172000302,bench:63a0f7989a7e8866,9,2.87546,0.9291566,2.671752637036
11437.65160300245,bench:63a0f7989a7e8866,9,2.89332,0.9294252,2.689124519664
11441.722717994708,bench:63a0f7989a7e8866,9,2.92011,0.9283507,2.710886162577
11445.680407996406,bench:63a0f7989a7e8866,9,2.84867,0.928888,2.64609537896
11449.644431995694,bench:63a0f7989a7e8866,9,2.91118,0.9283507,2.702595990826
11453.598918000353,bench:63a0f7989a7e8866,9,2.88439,0.928888,2.67927525832
11457.621775000007,bench:63a0f7989a7e8866,9,2.90225,0.9283507,2.6943058190749998
11461.654315993655,bench:63a0f7989a7e8866,9,2.86653,0.9286194,2.661915368682
11465.69102499052,bench:63a0f7989a7e8866,9,2.88439,0.9294252,2.680824752628
11469.68065899273,bench:63a0f7989a7e8866,9,2.87546,0.928888,2.67098028848
11473.65492300014,bench:63a0f7989a7e8866,9,2.88439,0.9283507,2.677725475573
11477.661612996599,bench:63a0f7989a7e8866,9,2.92011,0.9283507,2.710886162577
11481.640099998913,bench:63a0f7989a7e8866,9,2.84867,0.928888,2.64609537896
11485.602696993737,bench:63a0f7989a7e8866,9,2.84867,0.928888,2.64609537896
11489.577646992984,bench:63a0f7989a7e8866,9,2.90225,0.9286194,2.69508565365
11493.558521993691,bench:63a0f7989a7e8866,9,2.91118,0.928888,2.70416016784
11497.57137800043,bench:63a0f7989a7e8866,9,2.88439,0.9286194,2.678500511166
11501.537364994874,bench:63a0f7989a7e8866,9,2.86653,0.9283507,2.661145132071
11505.540776997805,bench:63a0f7989a7e8866,9,2.88439,0.9283507,2.677725475573
11509.527189002256,bench:63a0f7989a7e8866,9,2.8576,0.9283507,2.65285496032
11513.509379001334,bench:63a0f7989a7e8866,9,2.90225,0.9291566,2.69664474235
11517.491272999905,bench:63a0f7989a7e8866,9,2.90225,0.9291566,2.69664474235
11521.496444998775,bench:63a0f7989a7e8866,9,2.9469,0.9283507,2.73575667783
11525.43144999072,bench:63a0f7989a7e8866,9,2.90225,0.928888,2.6958651980000004
11529.425157990772,bench:63a0f7989a7e8866,9,2.84867,0.9286194,2.645330226198
11533.42618199531,bench:63a0f7989a7e8866,9,2.89332,0.928888,2.6875702281600002
11537.438557003043,bench:63a0f7989a7e8866,9,2.8576,0.9283507,2.65285496032
11541.434857994318,bench:63a0f7989a7e8866,9,2.90225,0.9291566,2.69664474235
11545.410232996801,bench:63a0f7989a7e8866,9,2.90225,0.9286194,2.69508565365
11549.383978999685,bench:63a0f7989a7e8866,9,2.88439,0.9286194,2.678500511166
11553.363779996289,bench:63a0f7989a7e8866,9,2.92011,0.9283507,2.710886162577
11557.329025992658,bench:63a0f7989a7e8866,9,2.89332,0.9283507,2.686015647324
11561.322048990405,bench:63a0f7989a7e8866,9,2.87546,0.9286194,2.670207939924
11565.339497989044,bench:63a0f7989a7e8866,9,2.90225,0.928888,2.6958651980000004
11569.377669002279,bench:63a0f7989a7e8866,9,2.91118,0.9286194,2.703378224892
11573.426303002634,bench:63a0f7989a7e8866,9,2.86653,0.928888,2.6626853186400004
11577.463344990974,bench:63a0f7989a7e8866,9,2.86653,0.928888,2.6626853186400004
11581.463645998156,bench:63a0f7989a7e8866,9,2.91118,0.9286194,2.703378224892
11585.498316999292,bench:63a0f7989a7e8866,9,2.86653,0.9283507,2.661145132071
11589.527210002416,bench:63a0f7989a7e8866,9,2.88439,0.9286194,2.678500511166
11593.531122998684,bench:63a0f7989a7e8866,9,2.88439,0.9283507,2.677725475573
11597.497164999368,bench:63a0f7989a7e8866,9,2.8576,0.928888,2.6543903488000002
11601.544094999554,bench:63a0f7989a7e8866,9,2.87546,0.9280821,2.668662955266
11605.508969994844,bench:63a0f7989a7e8866,9,2.8576,0.9286194,2.65362279744
11609.521659993334,bench:63a0f7989a7e8866,9,2.87546,0.9283507,2.669435303822
11613.573850001558,bench:63a0f7989a7e8866,9,2.88439,0.9286194,2.678500511166
11617.557243996998,bench:63a0f7989a7e8866,9,2.88439,0.9286194,2.678500511166
11621.537933999207,idle,9,1.66098,0.9283507,1.541971945686
11625.711380998837,idle,9,1.65205,0.9283507,1.533681773935
11639.99046999379,idle,9,1.66098,0.9283507,1.541971945686
11644.274008998764,bench:7e6a2e7081a63f3f,10,5.90273,0.9286194,5.481389590962
11648.469123989344,bench:7e6a2e7081a63f3f,10,1.63419,0.9283507,1.517101430433
11662.719563988503,bench:7e6a2e7081a63f3f,10,1.65205,0.9283507,1.533681773935
11669.525453995448,bench:7e6a2e7081a63f3f,10,1.64312,0.928888,1.52627445056
11677.545351994922,bench:7e6a2e7081a63f3f,10,5.56339,0.9315742,5.182710588538
11685.64745299227,bench:7e6a2e7081a63f3f,10,5.58125,0.9369466,5.229333211249999
11693.618240999058,bench:7e6a2e7081a63f3f,10,3.00048,0.9283507,2.785497708336
11701.662138992106,bench:7e6a2e7081a63f3f,10,5.7152,0.9291566,5.310315800320001
11709.648981995997,bench:7e6a2e7081a63f3f,10,5.93845,0.9304997,5.525725943465
11713.765893000527,bench:7e6a2e7081a63f3f,10,3.00048,0.9294252,2.788721724096
11717.835100993398,bench:7e6a2e7081a63f3f,10,2.62542,0.9291566,2.439426320772
11721.926938000252,bench:7e6a2e7081a63f3f,10,4.44714,0.9286194,4.129700478516
11726.0060539993,bench:7e6a2e7081a63f3f,10,4.11673,0.9304997,3.830616029981
11733.660250989487,bench:7e6a2e7081a63f3f,10,5.57232,0.9304997,5.185042088304001
11739.191150991246,bench:7e6a2e7081a63f3f,10,2.71472,0.9291566,2.522400005152
11749.061144990264,bench:7e6a2e7081a63f3f,10,5.94738,0.9280821,5.519656919898
11753.229148991522,bench:7e6a2e7081a63f3f,10,2.55398,0.9296938,2.374419371324
11757.357744994806,bench:7e6a2e7081a63f3f,10,4.03636,0.9283507,3.747157631452
11764.525484002661,bench:7e6a2e7081a63f3f,10,5.64376,0.9294252,5.245452766752
11769.365351996385,bench:7e6a2e7081a63f3f,10,4.00064,0.9304997,3.722594319808
11773.59152099234,bench:7e6a2e7081a63f3f,10,4.33998,0.9286194,4.030189623611999
11777.731487993151,bench:7e6a2e7081a63f3f,10,3.92027,0.9283507,3.639385398689
11781.8931399961,bench:7e6a2e7081a63f3f,10,4.0185,0.9286194,3.7316570589
11786.044291002327,bench:7e6a2e7081a63f3f,10,5.56339,0.9304997,5.176732725983
11790.151313995011,bench:7e6a2e7081a63f3f,10,5.95631,0.928888,5.53274488328
11794.34326098999,bench:7e6a2e7081a63f3f,10,2.57184,0.9296938,2.391023702592
11798.460209989571,bench:7e6a2e7081a63f3f,10,4.02743,0.928888,3.74103139784
11802.60786099825,bench:7e6a2e7081a63f3f,10,4.67932,0.928888,4.34656419616
11806.718364998233,bench:7e6a2e7081a63f3f,10,4.02743,0.928888,3.74103139784
11817.069133991026,bench:7e6a2e7081a63f3f,10,5.59911,0.9326486,5.222002102746
11825.635193992639,bench:7e6a2e7081a63f3f,10,4.00064,0.928888,3.71614648832
11829.841122991638,bench:7e6a2e7081a63f3f,10,4.18817,0.928888,3.8903408549600007
11833.971404994372,bench:7e6a2e7081a63f3f,10,4.23282,0.928888,3.9318157041600004
11838.088759992388,bench:7e6a2e7081a63f3f,10,4.17031,0.9286194,3.8726307700139997
11842.196782992687,bench:7e6a2e7081a63f3f,10,4.15245,0.9294252,3.8593916717399996
11846.267656990676,bench:7e6a2e7081a63f3f,10,4.34891,0.9326486,4.056004823026
11850.38269800134,bench:7e6a2e7081a63f3f,10,4.15245,0.928888,3.8571609756000003
11854.547608993016,bench:7e6a2e7081a63f3f,10,4.14352,0.9283507,3.8466396924639996
11858.697224000935,bench:7e6a2e7081a63f3f,10,4.14352,0.9280821,3.845526742992
11862.823449991993,bench:7e6a2e7081a63f3f,10,6.81359,0.9294252,6.3327222484679995
11866.916193990619,bench:7e6a2e7081a63f3f,10,4.42035,0.9283507,4.103635016745
11871.069030996296,bench:7e6a2e7081a63f3f,10,4.13459,0.928888,3.8405710359200005
11875.178367990884,bench:7e6a2e7081a63f3f,10,4.67932,0.9286194,4.345307330808
11879.251316990121,bench:7e6a2e7081a63f3f,10,4.70611,0.928888,4.37144910568
11883.372098993277,bench:7e6a2e7081a63f3f,10,4.15245,0.9286194,3.85604562753
11887.437120996765,bench:7e6a2e7081a63f3f,10,4.12566,0.928888,3.83227606608
11891.487681001308,bench:7e6a2e7081a63f3f,10,4.13459,0.9296938,3.8439026885420002
11895.591426000465,bench:7e6a2e7081a63f3f,10,4.15245,0.928888,3.8571609756000003
11899.688281991985,bench:7e6a2e7081a63f3f,10,4.30426,0.928888,3.9981754628800004
11903.752692989656,bench:7e6a2e7081a63f3f,10,4.16138,0.928888,3.8654559454400004
11907.883733991184,bench:7e6a2e7081a63f3f,10,4.16138,0.9294252,3.867691438776
11911.950294001144,bench:7e6a2e7081a63f3f,10,4.74183,0.928888,4.40462898504
11916.063519995078,bench:7e6a2e7081a63f3f,10,4.15245,0.9286194,3.85604562753
11920.136319997255,bench:7e6a2e7081a63f3f,10,4.17031,0.928888,3.87375091528
11929.542521989788,bench:7e6a2e7081a63f3f,10,5.57232,0.9291566,5.177557905312001
11933.671136997873,bench:7e6a2e7081a63f3f,10,5.93845,0.9286194,5.51455987593
11938.113341995631,bench:7e6a2e7081a63f3f,10,5.94738,0.9280821,5.519656919898
11942.223475998617,bench:7e6a2e7081a63f3f,10,5.96524,0.9296938,5.545846643512
11946.699401989463,bench:7e6a2e7081a63f3f,10,5.67948,0.9291566,5.277126326568
11950.868738989811,bench:7e6a2e7081a63f3f,10,5.96524,0.9283507,5.537834729668
11957.394074997865,bench:7e6a2e7081a63f3f,10,5.5366,0.9286194,5.14139417004
11965.373621991603,bench:7e6a2e7081a63f3f,10,5.96524,0.9286194,5.539437589656
11969.624050994753,bench:7e6a2e7081a63f3f,10,6.52783,0.9291566,6.065376328178
11973.81962799409,bench:7e6a2e7081a63f3f,10,5.96524,0.928888,5.54103985312
11977.906464991975,bench:7e6a2e7081a63f3f,10,6.80466,0.9280821,6.315283142586
11989.618259991403,bench:7e6a2e7081a63f3f,10,5.7152,0.9329173,5.33180895296
11993.742801001645,bench:7e6a2e7081a63f3f,10,6.52783,0.928888,6.06362295304
12001.331961990218,bench:7e6a2e7081a63f3f,10,5.96524,0.928888,5.54103985312
12005.6632229971,bench:7e6a2e7081a63f3f,10,5.94738,0.9286194,5.522852447172
12009.776466991752,bench:7e6a2e7081a63f3f,10,5.72413,0.9294252,5.320150670075999
12017.571367992787,bench:7e6a2e7081a63f3f,10,6.518899,0.9286194,6.0535760780406
12025.603913993109,bench:7e6a2e7081a63f3f,10,5.69734,0.9294252,5.295251368968
12037.610853993101,bench:7e6a2e7081a63f3f,10,6.518899,0.9286194,6.0535760780406
12041.730247001396,bench:7e6a2e7081a63f3f,10,5.94738,0.9283507,5.5212543861659995
12049.350443994626,bench:7e6a2e7081a63f3f,10,6.80466,0.9304997,6.331734088602
12057.526415999746,bench:7e6a2e7081a63f3f,10,5.96524,0.928888,5.54103985312
12065.522887991392,bench:7e6a2e7081a63f3f,10,5.97417,0.9296938,5.5541488091460005
12073.672767000971,bench:7e6a2e7081a63f3f,10,5.65269,0.928888,5.25071590872
12081.5262029937,bench:7e6a2e7081a63f3f,10,5.93845,0.928888,5.5161549436
12089.524953989894,bench:7e6a2e7081a63f3f,10,5.92952,0.928888,5.5078599737600005
12093.803640993428,bench:7e6a2e7081a63f3f,10,5.96524,0.9291566,5.542642116584
12101.59092998947,bench:7e6a2e7081a63f3f,10,5.97417,0.9291566,5.550939485022
12109.577420997084,bench:7e6a2e7081a63f3f,10,5.96524,0.9280821,5.536232466204
12117.561097998987,bench:7e6a2e7081a63f3f,10,5.95631,0.9291566,5.534344748146
12125.54297799943,bench:7e6a2e7081a63f3f,10,5.67948,0.9291566,5.277126326568
12133.536412991816,bench:7e6a2e7081a63f3f,10,5.94738,0.9294252,5.527644845976
12141.548033992876,bench:7e6a2e7081a63f3f,10,5.60804,0.9283507,5.206227859628
12145.662166993134,bench:7e6a2e7081a63f3f,10,5.96524,0.9291566,5.542642116584
12153.526030000648,bench:7e6a2e7081a63f3f,10,5.60804,0.9280821,5.204721540084
12157.690366002498,bench:7e6a2e7081a63f3f,10,6.67071,0.9304997,6.207093653787
12165.543932991568,bench:7e6a2e7081a63f3f,10,5.95631,0.9280821,5.527944693051
12173.523701989325,bench:7e6a2e7081a63f3f,10,5.97417,0.9294252,5.552544147083999
12177.657538995845,bench:7e6a2e7081a63f3f,10,5.75092,0.9286194,5.340415879848
12185.573474998819,bench:7e6a2e7081a63f3f,10,6.518899,0.9294252,6.0588290068548
12193.540817999747,bench:7e6a2e7081a63f3f,10,5.96524,0.9307683,5.5522562938919995
12205.619182990631,bench:7e6a2e7081a63f3f,10,5.60804,0.9326486,5.230330654744
12209.741390994168,bench:7e6a2e7081a63f3f,10,5.97417,0.9296938,5.5541488091460005
12217.52410598856,bench:7e6a2e7081a63f3f,10,5.983099,0.928888,5.557628863912001
12225.52170799463,bench:7e6a2e7081a63f3f,10,5.97417,0.9294252,5.552544147083999
12233.526440002606,bench:7e6a2e7081a63f3f,10,5.96524,0.9291566,5.542642116584
12241.53565299639,bench:7e6a2e7081a63f3f,10,5.97417,0.9272762,5.539705655754
12249.530828994466,bench:7e6a2e7081a63f3f,10,5.67948,0.9286194,5.274075309912
12257.532153002103,bench:7e6a2e7081a63f3f,10,5.81343,0.928888,5.40002536584
12265.5332180002,bench:7e6a2e7081a63f3f,10,5.67948,0.9304997,5.284754436156
12271.602891996736,bench:7e6a2e7081a63f3f,10,5.94738,0.9299625,5.53084037325
12277.53134399245,bench:7e6a2e7081a63f3f,10,6.80466,0.9326486,6.346356622476001
12281.994399992982,bench:7e6a2e7081a63f3f,10,5.67948,0.9270077,5.264921691996
12289.617671995074,bench:7e6a2e7081a63f3f,10,5.59911,0.9283507,5.197937687876999
12301.59963099868,bench:7e6a2e7081a63f3f,10,5.96524,0.9280821,5.536232466204
12305.761226991308,bench:7e6a2e7081a63f3f,10,5.64376,0.9283507,5.239388546632
12309.873805003008,bench:7e6a2e7081a63f3f,10,6.81359,0.9304997,6.340043450923
12314.060605000122,bench:7e6a2e7081a63f3f,10,5.79557,0.9286194,5.381878736058
12321.531729001435,bench:7e6a2e7081a63f3f,10,6.23314,0.9280821,5.784865660794
12329.269982001279,bench:7e6a2e7081a63f3f,10,5.61697,0.9294252,5.220553465644
12337.526655988768,bench:7e6a2e7081a63f3f,10,6.518899,0.9299625,6.0623316112875
12341.666697000619,bench:7e6a2e7081a63f3f,10,5.60804,0.9291566,5.210747379064
12349.52137399523,bench:7e6a2e7081a63f3f,10,6.52783,0.9326486,6.088171510538
12357.531068992103,bench:7e6a2e7081a63f3f,10,5.95631,0.9294252,5.535944613012
12361.654053995153,bench:7e6a2e7081a63f3f,10,5.822359,0.9294252,5.411447178046799
12369.52341599681,bench:7e6a2e7081a63f3f,10,5.97417,0.9280821,5.544520239357
12373.659919991042,bench:7e6a2e7081a63f3f,10,5.65269,0.9294252,5.253752533787999
12377.886811998906,bench:7e6a2e7081a63f3f,10,5.64376,0.9286194,5.240905024944
12382.005426989053,bench:7e6a2e7081a63f3f,10,5.97417,0.9280821,5.544520239357
12389.52081000025,bench:7e6a2e7081a63f3f,10,5.67948,0.9294252,5.278651834895999
12401.605286999256,bench:7e6a2e7081a63f3f,10,5.7152,0.9304997,5.317991885440001
12413.533617000212,bench:7e6a2e7081a63f3f,10,6.52783,0.9326486,6.088171510538
12425.598703994183,bench:7e6a2e7081a63f3f,10,5.58125,0.931037,5.19635025625
12437.615329996333,bench:7e6a2e7081a63f3f,10,5.70627,0.9291566,5.302018431882
12445.601783998427,bench:7e6a2e7081a63f3f,10,5.60804,0.9286194,5.207734739976
12457.606354000745,bench:7e6a2e7081a63f3f,10,5.94738,0.9294252,5.527644845976
12461.708838993218,bench:7e6a2e7081a63f3f,10,6.53676,0.9286194,6.070162149144
12469.269592998899,bench:7e6a2e7081a63f3f,10,5.68841,0.9280821,5.279311498461
12477.57182198984,bench:7e6a2e7081a63f3f,10,5.97417,0.9296938,5.5541488091460005
12485.267593001481,bench:7e6a2e7081a63f3f,10,5.70627,0.9294252,5.303551136004
12489.991536989692,bench:7e6a2e7081a63f3f,10,5.64376,0.9291566,5.243936852816001
12497.52043899207,bench:7e6a2e7081a63f3f,10,5.69734,0.9294252,5.295251368968
12501.691757002845,bench:7e6a2e7081a63f3f,10,5.65269,0.9283507,5.247678718383
12509.653062996222,bench:7e6a2e7081a63f3f,10,5.72413,0.9294252,5.320150670075999
12513.769288998446,bench:7e6a2e7081a63f3f,10,6.518899,0.928888,6.055327054312
12521.523133997107,bench:7e6a2e7081a63f3f,10,5.97417,0.9291566,5.550939485022
12533.608480996918,bench:7e6a2e7081a63f3f,10,5.64376,0.9283507,5.239388546632
12537.737651000498,bench:7e6a2e7081a63f3f,10,5.67948,0.9304997,5.284754436156
12545.27059099928,bench:7e6a2e7081a63f3f,10,5.64376,0.9270077,5.231808976952
12553.598985992721,bench:7e6a2e7081a63f3f,10,5.59911,0.9294252,5.203953931571999
12565.625925999484,bench:7e6a2e7081a63f3f,10,5.92059,0.9283507,5.496383870912999
12577.515422992292,bench:7e6a2e7081a63f3f,10,5.67948,0.9291566,5.277126326568
12589.611121991766,bench:7e6a2e7081a63f3f,10,5.63483,0.928888,5.23412596904
12601.511562999804,bench:7e6a2e7081a63f3f,10,5.79557,0.928888,5.38343542616
12605.676936000236,bench:7e6a2e7081a63f3f,10,5.65269,0.9291566,5.252234221254
12609.84871799883,bench:7e6a2e7081a63f3f,10,5.79557,0.9278135,5.377208086194999
12617.529358991305,bench:7e6a2e7081a63f3f,10,5.96524,0.9294252,5.544244380047999
12621.672232999117,bench:7e6a2e7081a63f3f,10,5.95631,0.9291566,5.534344748146
12625.846847993671,bench:7e6a2e7081a63f3f,10,5.94738,0.928888,5.52444991344
12630.00361000013,bench:7e6a2e7081a63f3f,10,5.804499,0.9286194,5.3901703786806
12637.595437990967,bench:7e6a2e7081a63f3f,10,6.82252,0.9294252,6.341022015504
12645.29374599806,bench:7e6a2e7081a63f3f,10,5.96524,0.9296938,5.545846643512
12653.59804999025,bench:7e6a2e7081a63f3f,10,5.67948,0.928888,5.27560081824
12661.620910992497,bench:7e6a2e7081a63f3f,10,6.81359,0.9294252,6.3327222484679995
12669.603457994526,bench:7e6a2e7081a63f3f,10,5.96524,0.9291566,5.542642116584
12677.253285000916,bench:7e6a2e7081a63f3f,10,5.7152,0.9294252,5.31185090304
12685.579513999983,bench:7e6a2e7081a63f3f,10,5.95631,0.9291566,5.534344748146
12693.35209899873,bench:7e6a2e7081a63f3f,10,5.96524,0.9294252,5.544244380047999
12697.787822995451,bench:7e6a2e7081a63f3f,10,5.64376,0.9280821,5.237872632696001
12702.216398000019,bench:7e6a2e7081a63f3f,10,5.94738,0.9286194,5.522852447172
12706.657065995387,bench:7e6a2e7081a63f3f,10,5.75092,0.9286194,5.340415879848
12713.784267994924,bench:7e6a2e7081a63f3f,10,5.7152,0.928888,5.3087806976000005
12721.532372001093,bench:7e6a2e7081a63f3f,10,6.24207,0.9280821,5.793153433947
12729.535417995066,bench:7e6a2e7081a63f3f,10,6.518899,0.9291566,6.0570780305834
12737.283670998295,bench:7e6a2e7081a63f3f,10,5.7152,0.9294252,5.31185090304
12741.55158099893,bench:7e6a2e7081a63f3f,10,5.46516,0.9326486,5.097073822776
12748.80394799402,bench:7e6a2e7081a63f3f,10,6.79573,0.9280821,6.306995369433
12757.655080000404,bench:7e6a2e7081a63f3f,10,5.50088,0.9291566,5.111178957808001
12761.816436002846,bench:7e6a2e7081a63f3f,10,5.94738,0.9280821,5.519656919898
12765.973346991814,bench:7e6a2e7081a63f3f,10,5.93845,0.928888,5.5161549436
12770.112497993978,bench:7e6a2e7081a63f3f,10,5.67948,0.9286194,5.274075309912
12774.233983989689,bench:7e6a2e7081a63f3f,10,5.96524,0.9299625,5.5474495035
12785.622076989966,bench:7e6a2e7081a63f3f,10,5.94738,0.9286194,5.522852447172
12789.728321993607,bench:7e6a2e7081a63f3f,10,5.93845,0.9286194,5.51455987593
12793.856270000106,bench:7e6a2e7081a63f3f,10,5.491949,0.928888,5.1014055227120005
12801.536133993068,bench:7e6a2e7081a63f3f,10,5.93845,0.9304997,5.525725943465
12805.65439700149,bench:7e6a2e7081a63f3f,10,5.63483,0.9286194,5.232612453702
12813.346982991789,bench:7e6a2e7081a63f3f,10,5.7152,0.9326486,5.330273278720001
12818.060648001847,bench:7e6a2e7081a63f3f,10,6.08133,0.928888,5.648874461040001
12825.56866199593,bench:7e6a2e7081a63f3f,10,5.97417,0.9280821,5.544520239357
12833.288433001144,bench:7e6a2e7081a63f3f,10,5.64376,0.931037,5.25454937912
12841.615457989974,bench:7e6a2e7081a63f3f,10,5.97417,0.9294252,5.552544147083999
12853.602712988504,bench:7e6a2e7081a63f3f,10,5.94738,0.9294252,5.527644845976
12857.735568992211,bench:7e6a2e7081a63f3f,10,5.96524,0.9280821,5.536232466204
12865.257230994757,bench:7e6a2e7081a63f3f,10,5.65269,0.928888,5.25071590872
12877.530056997784,bench:7e6a2e7081a63f3f,10,6.52783,0.9294252,6.067129703316
12889.628218996222,bench:7e6a2e7081a63f3f,10,6.518899,0.928888,6.055327054312
12893.728426992311,bench:7e6a2e7081a63f3f,10,5.67055,0.9286194,5.2657827386700005
12901.349438994657,bench:7e6a2e7081a63f3f,10,6.52783,0.9304997,6.074143856651
12909.54309499648,bench:7e6a2e7081a63f3f,10,6.81359,0.9286194,6.327231857646
12913.66913598904,bench:7e6a2e7081a63f3f,10,5.58125,0.9291566,5.18585527375
12921.526905993233,bench:7e6a2e7081a63f3f,10,5.95631,0.9286194,5.5311450184140005
12929.52972999774,bench:7e6a2e7081a63f3f,10,5.96524,0.9294252,5.544244380047999
12933.648548991187,bench:7e6a2e7081a63f3f,10,5.94738,0.9294252,5.527644845976
12938.084734996664,bench:7e6a2e7081a63f3f,10,5.93845,0.928888,5.5161549436
12942.185146996053,bench:7e6a2e7081a63f3f,10,4.20603,0.9286194,3.905801054982
12946.325038996292,bench:7e6a2e7081a63f3f,10,6.52783,0.928888,6.06362295304
12950.449338997714,bench:7e6a2e7081a63f3f,10,4.22389,0.9283507,3.921251238223
12954.609416992753,bench:7e6a2e7081a63f3f,10,4.20603,0.9286194,3.905801054982
12958.715050001047,bench:7e6a2e7081a63f3f,10,4.24175,0.9283507,3.937831581725
12962.814942991827,bench:7e6a2e7081a63f3f,10,4.42928,0.9296938,4.117874154464
12966.919279991998,bench:7e6a2e7081a63f3f,10,4.20603,0.9286194,3.905801054982
12971.00882200175,bench:7e6a2e7081a63f3f,10,4.30426,0.9286194,3.9970193386440003
12975.150472993846,bench:7e6a2e7081a63f3f,10,4.20603,0.9286194,3.905801054982
12979.230939992703,bench:7e6a2e7081a63f3f,10,4.18817,0.9286194,3.8892159124980004
12983.358202996897,bench:7e6a2e7081a63f3f,10,5.65269,0.9283507,5.247678718383
12993.548621001537,bench:7e6a2e7081a63f3f,10,5.79557,0.928888,5.38343542616
13001.660925991018,bench:7e6a2e7081a63f3f,10,4.78648,0.9294252,4.448675131296
13005.852465998032,bench:7e6a2e7081a63f3f,10,5.28656,0.928888,4.91062214528
13010.087931994349,bench:7e6a2e7081a63f3f,10,4.1971,0.9291566,3.89976316586
13014.241454002331,bench:7e6a2e7081a63f3f,10,5.95631,0.928888,5.53274488328
13018.35860600113,bench:7e6a2e7081a63f3f,10,4.57216,0.9286194,4.245796475904
13022.487035996164,bench:7e6a2e7081a63f3f,10,4.18817,0.9294252,3.892590739884
13029.650718992343,bench:7e6a2e7081a63f3f,10,4.25961,0.9280821,3.9532677939810004
13033.785462990636,bench:7e6a2e7081a63f3f,10,5.95631,0.9294252,5.535944613012
13037.950391997583,bench:7e6a2e7081a63f3f,10,5.75985,0.9286194,5.34870845109
13045.35855499853,bench:7e6a2e7081a63f3f,10,5.97417,0.9286194,5.547730160898
13049.635112998658,bench:7e6a2e7081a63f3f,10,6.24207,0.9294252,5.801537158164
13053.777171997353,bench:7e6a2e7081a63f3f,10,5.95631,0.9286194,5.5311450184140005
13061.337647988694,bench:7e6a2e7081a63f3f,10,6.52783,0.9326486,6.088171510538
13065.523558994755,bench:7e6a2e7081a63f3f,10,4.30426,0.9286194,3.9970193386440003
13069.660043998738,bench:7e6a2e7081a63f3f,10,4.24175,0.928888,3.940110674
13081.523763001314,bench:7e6a2e7081a63f3f,10,4.18817,0.928888,3.8903408549600007
13089.542364992667,bench:7e6a2e7081a63f3f,10,5.96524,0.9280821,5.536232466204
13093.660553990048,bench:7e6a2e7081a63f3f,10,5.65269,0.9286194,5.249197596186
13101.610304991482,bench:7e6a2e7081a63f3f,10,5.66162,0.9304997,5.268135711514001
13113.608336992911,bench:7e6a2e7081a63f3f,10,5.96524,0.9280821,5.536232466204
13117.724859999726,bench:7e6a2e7081a63f3f,10,5.94738,0.9291566,5.526047379708
13121.895140997367,bench:7e6a2e7081a63f3f,10,5.68841,0.9280821,5.279311498461
13126.108476993977,bench:7e6a2e7081a63f3f,10,5.95631,0.928888,5.53274488328
13130.233424992184,bench:7e6a2e7081a63f3f,10,5.96524,0.9280821,5.536232466204
13137.668253999436,bench:7e6a2e7081a63f3f,10,5.97417,0.9294252,5.552544147083999
13141.743776999647,bench:7e6a2e7081a63f3f,10,6.82252,0.9286194,6.335524428888
13145.891391992336,bench:7e6a2e7081a63f3f,10,5.83129,0.928888,5.416615305520001
13149.982859002193,bench:7e6a2e7081a63f3f,10,5.59911,0.9283507,5.197937687876999
13154.045695991954,bench:7e6a2e7081a63f3f,10,6.53676,0.928888,6.07191792288
13158.213125992916,bench:7e6a2e7081a63f3f,10,5.59018,0.9283507,5.189647516126
13165.671825001482,bench:7e6a2e7081a63f3f,10,5.68841,0.9291566,5.285423695006
13169.755902999896,bench:7e6a2e7081a63f3f,10,5.93845,0.9283507,5.512964214415
13173.898387991358,bench:7e6a2e7081a63f3f,10,5.68841,0.928888,5.283895788080001
13178.022854990559,bench:7e6a2e7081a63f3f,10,6.67964,0.9291566,6.206431591624
13185.550016001798,bench:7e6a2e7081a63f3f,10,6.53676,0.9296938,6.0771852440880005
13189.70194600115,bench:7e6a2e7081a63f3f,10,5.840219,0.9291566,5.4264780292954
13197.664455001359,bench:7e6a2e7081a63f3f,10,5.68841,0.9304997,5.293063798477
13201.754793000873,bench:7e6a2e7081a63f3f,10,6.67964,0.9304997,6.2154030161080005
13205.91350000177,bench:7e6a2e7081a63f3f,10,5.58125,0.9286194,5.18285702625
13213.530141991214,bench:7e6a2e7081a63f3f,10,6.24207,0.9280821,5.793153433947
13225.616062991321,bench:7e6a2e7081a63f3f,10,5.65269,0.9286194,5.249197596186
13229.762806993676,bench:7e6a2e7081a63f3f,10,5.70627,0.9283507,5.297419748889
13237.33228299534,bench:7e6a2e7081a63f3f,10,6.465319,0.9283507,6.0020834193732995
13241.58745299792,bench:7e6a2e7081a63f3f,10,4.58109,0.928888,4.25531952792
13245.69647500175,bench:7e6a2e7081a63f3f,10,3.16122,0.9291566,2.937268427052
13249.812367997947,bench:7e6a2e7081a63f3f,10,3.49163,0.9283507,3.2414571546409996
13257.665248995181,bench:7e6a2e7081a63f3f,10,3.572,0.9294252,3.3199068144
13265.34418699157,bench:7e6a2e7081a63f3f,10,5.59911,0.9286194,5.199442168734
13269.572707999032,bench:7e6a2e7081a63f3f,10,4.21496,0.928888,3.9152257644799997
13273.716192998108,bench:7e6a2e7081a63f3f,10,4.45607,0.9291566,4.140386850562001
13277.796957001556,bench:7e6a2e7081a63f3f,10,4.42928,0.9291566,4.115494745248
13281.87907199026,bench:7e6a2e7081a63f3f,10,4.75969,0.9286194,4.419940471986
13285.983408990433,bench:7e6a2e7081a63f3f,10,4.05422,0.9294252,3.768094234344
13290.03493199707,bench:7e6a2e7081a63f3f,10,4.05422,0.9286194,3.7648273438679998
13294.079029001296,bench:7e6a2e7081a63f3f,10,2.63435,0.9280821,2.444893080135
13298.164754989557,bench:7e6a2e7081a63f3f,10,4.23282,0.928888,3.9318157041600004
13302.166870998917,bench:7e6a2e7081a63f3f,10,4.20603,0.928888,3.9069307946400005
13313.529797989759,bench:7e6a2e7081a63f3f,10,5.61697,0.9291566,5.219044747502
13317.98542899196,bench:7e6a2e7081a63f3f,10,5.66162,0.9286194,5.257490167428
13322.094506991562,bench:7e6a2e7081a63f3f,10,3.01834,0.9283507,2.8020780518379995
13329.620278993389,bench:7e6a2e7081a63f3f,10,4.24175,0.9286194,3.9389713399499997
13341.08751999156,bench:7e6a2e7081a63f3f,10,6.465319,0.9294252,6.0090304046388
13345.617058002972,bench:7e6a2e7081a63f3f,10,5.64376,0.9307683,5.253032900808
13349.758708995068,bench:7e6a2e7081a63f3f,10,5.97417,0.9299625,5.555754068625
13353.884842988919,bench:7e6a2e7081a63f3f,10,5.64376,0.9286194,5.240905024944
13357.992012999603,bench:7e6a2e7081a63f3f,10,2.71472,0.9294252,2.5231291789439996
13365.641488999245,bench:7e6a2e7081a63f3f,10,4.24175,0.9291566,3.94125000805
13373.067077001906,bench:7e6a2e7081a63f3f,10,5.57232,0.9286194,5.174564455008
13377.662094993866,bench:7e6a2e7081a63f3f,10,5.56339,0.9280821,5.163282674319
13385.656233993359,bench:7e6a2e7081a63f3f,10,5.68841,0.9294252,5.2869516019319995
13393.0973779934,bench:7e6a2e7081a63f3f,10,5.67948,0.9283507,5.272549233636
13397.2126969893,bench:7e6a2e7081a63f3f,10,3.572,0.9280821,3.3151092612
13401.296718991944,bench:7e6a2e7081a63f3f,10,3.43805,0.9286194,3.19263992817
13405.652739995276,bench:7e6a2e7081a63f3f,10,5.66162,0.9286194,5.257490167428
13410.208665998653,bench:7e6a2e7081a63f3f,10,4.465,0.928888,4.14748492
13421.535962988855,bench:7e6a2e7081a63f3f,10,4.17924,0.9291566,3.8831684289840003
13425.965631002327,bench:7e6a2e7081a63f3f,10,4.22389,0.9291566,3.9246552711739997
13433.648346996051,bench:7e6a2e7081a63f3f,10,4.1971,0.9286194,3.89750848374
13437.747498988756,bench:7e6a2e7081a63f3f,10,5.83129,0.928888,5.416615305520001
13441.86878099572,bench:7e6a2e7081a63f3f,10,2.91118,0.928888,2.70416016784
13445.978636998916,bench:7e6a2e7081a63f3f,10,4.1971,0.9286194,3.89750848374
13450.09632500296,bench:7e6a2e7081a63f3f,10,4.20603,0.9286194,3.905801054982
13461.619398993207,bench:7e6a2e7081a63f3f,10,5.65269,0.928888,5.25071590872
13465.779642996495,bench:7e6a2e7081a63f3f,10,2.65221,0.9286194,2.462893658874
13469.923683995148,bench:7e6a2e7081a63f3f,10,4.54537,0.928888,4.222139648560001
13474.087335998775,bench:7e6a2e7081a63f3f,10,4.21496,0.9302311,3.9208868772559997
13478.2509689976,bench:7e6a2e7081a63f3f,10,4.17031,0.9286194,3.8726307700139997
13482.38323199621,bench:7e6a2e7081a63f3f,10,5.95631,0.9286194,5.5311450184140005
13489.354452991392,bench:7e6a2e7081a63f3f,10,5.64376,0.9280821,5.237872632696001
13493.6498629977,bench:7e6a2e7081a63f3f,10,6.82252,0.9294252,6.341022015504
13497.773422001046,bench:7e6a2e7081a63f3f,10,5.96524,0.9296938,5.545846643512
13501.884573997813,bench:7e6a2e7081a63f3f,10,5.96524,0.9294252,5.544244380047999
13506.355222998536,bench:7e6a2e7081a63f3f,10,6.53676,0.9294252,6.075429470352
13510.500300995773,bench:7e6a2e7081a63f3f,10,5.79557,0.9286194,5.381878736058
13521.617210994009,bench:7e6a2e7081a63f3f,10,5.64376,0.9304997,5.251516986872001
13529.3863889965,bench:7e6a2e7081a63f3f,10,5.72413,0.9278135,5.310925089754999
13533.623854993493,bench:7e6a2e7081a63f3f,10,6.53676,0.9326486,6.096500062536
13537.773265998112,bench:7e6a2e7081a63f3f,10,5.94738,0.9283507,5.5212543861659995
13545.322334990487,bench:7e6a2e7081a63f3f,10,5.70627,0.9304997,5.309682523119
13553.36102900037,bench:7e6a2e7081a63f3f,10,5.68841,0.9280821,5.279311498461
13557.571420999011,bench:7e6a2e7081a63f3f,10,4.14352,0.9283507,3.8466396924639996
13565.656448001391,bench:7e6a2e7081a63f3f,10,4.20603,0.9286194,3.905801054982
13573.076721993857,bench:7e6a2e7081a63f3f,10,5.76878,0.9280821,5.353901456838
13581.651485990733,bench:7e6a2e7081a63f3f,10,4.6436,0.9283507,4.31088931052
13593.596648992389,bench:7e6a2e7081a63f3f,10,5.66162,0.9286194,5.257490167428
13598.056093993364,bench:7e6a2e7081a63f3f,10,5.64376,0.9294252,5.245452766752
13605.353609993472,bench:7e6a2e7081a63f3f,10,5.97417,0.9280821,5.544520239357
13609.655797001324,bench:7e6a2e7081a63f3f,10,5.60804,0.9283507,5.206227859628
13621.59453399363,bench:7e6a2e7081a63f3f,10,5.79557,0.9280821,5.3787647762969995
13629.383507999592,bench:7e6a2e7081a63f3f,10,5.60804,0.9296938,5.213760018152
13637.340924993623,bench:7e6a2e7081a63f3f,10,5.69734,0.9304997,5.301373160798
13645.281360993977,idle,10,3.00048,0.928888,2.7871098662400002
13649.490826996043,idle,10,1.75921,0.9283507,1.633163834947
13663.714249996701,idle,10,1.74135,0.9283507,1.616583491445
13668.017103991588,bench:209bd387e0e684e1,11,5.18833,0.9283507,4.816589787331
13672.215865997714,bench:209bd387e0e684e1,11,1.73242,0.9283507,1.608293319694
13686.468546991819,bench:209bd387e0e684e1,11,1.74135,0.928888,1.6175191188
13693.672636989504,bench:209bd387e0e684e1,11,5.43837,0.9283507,5.048714596359
13705.550022990792,bench:209bd387e0e684e1,11,5.52767,0.9275449,5.1271621173829995
13709.66897100152,bench:209bd387e0e684e1,11,4.1971,0.9283507,3.8963807229699996
13713.853196997661,bench:209bd387e0e684e1,11,5.61697,0.9283507,5.214518031379
13721.56426399306,bench:209bd387e0e684e1,11,5.69734,0.928888,5.29219075792
13733.591925993096,bench:209bd387e0e684e1,11,5.52767,0.9280821,5.1301315817069995
13738.733884994872,bench:209bd387e0e684e1,11,5.59911,0.9283507,5.197937687876999
13746.340693993261,bench:209bd387e0e684e1,11,3.42019,0.9280821,3.174217117599
13750.54532699869,bench:209bd387e0e684e1,11,4.14352,0.9286194,3.8477530562879996
13754.714219001471,bench:209bd387e0e684e1,11,4.17031,0.9283507,3.871510207717
13761.55583000218,bench:209bd387e0e684e1,11,4.17924,0.9283507,3.879800379468
13765.960609991453,bench:209bd387e0e684e1,11,4.14352,0.9286194,3.8477530562879996
13770.097353990423,bench:209bd387e0e684e1,11,4.42035,0.928888,4.1060100708
13774.14904399484,bench:209bd387e0e684e1,11,4.1078,0.9286194,3.81458277132
13778.220324995345,bench:209bd387e0e684e1,11,4.15245,0.9286194,3.85604562753
13782.276366997394,bench:209bd387e0e684e1,11,4.38463,0.9286194,4.071652479821999
13789.646436998737,bench:209bd387e0e684e1,11,4.09887,0.9291566,3.808492113042
13793.750847995398,bench:209bd387e0e684e1,11,5.59911,0.9294252,5.203953931571999
13797.846036992269,bench:209bd387e0e684e1,11,5.45623,0.9304997,5.077020378131
13801.9598749961,bench:209bd387e0e684e1,11,5.60804,0.9299625,5.2152668985
13806.082007999066,bench:209bd387e0e684e1,11,5.48302,0.928888,5.09311148176
13811.085189998266,bench:209bd387e0e684e1,11,5.59018,0.9291566,5.194152642188
13817.591767001431,bench:209bd387e0e684e1,11,5.66162,0.9291566,5.260531589692
13825.291019995348,bench:209bd387e0e684e1,11,5.60804,0.9286194,5.207734739976
13829.821741994238,bench:209bd387e0e684e1,11,5.68841,0.928888,5.283895788080001
13833.867912995629,bench:209bd387e0e684e1,11,5.51874,0.9237842,5.098124815908
13841.256594998413,bench:209bd387e0e684e1,11,5.55446,0.9326486,5.180359342756
13849.123937994591,bench:209bd387e0e684e1,11,5.60804,0.9280821,5.204721540084
13861.624244993436,bench:209bd387e0e684e1,11,5.51874,0.9294252,5.129256028248
13873.618721991079,bench:209bd387e0e684e1,11,5.54553,0.9304997,5.160114001341
13881.441769990488,bench:209bd387e0e684e1,11,5.75092,0.9294252,5.345049971183999
13889.370520992088,bench:209bd387e0e684e1,11,5.58125,0.9270077,5.173861725625
13893.583172000945,bench:209bd387e0e684e1,11,5.6259,0.928888,5.2258309992
13901.364553996245,bench:209bd387e0e684e1,11,5.67948,0.9294252,5.278651834895999
13905.670111998916,bench:209bd387e0e684e1,11,5.57232,0.928888,5.1760611801600005
13913.349752998329,bench:209bd387e0e684e1,11,5.65269,0.928888,5.25071590872
13917.52951599483,bench:209bd387e0e684e1,11,4.22389,0.9286194,3.922386197466
13921.584538999014,bench:209bd387e0e684e1,11,4.24175,0.9286194,3.9389713399499997
13925.746783002978,bench:209bd387e0e684e1,11,4.42035,0.9291566,4.10719737681
13933.65977499343,bench:209bd387e0e684e1,11,4.23282,0.928888,3.9318157041600004
13945.620177997625,bench:209bd387e0e684e1,11,5.67055,0.928888,5.2673058484
13949.690922992886,bench:209bd387e0e684e1,11,5.6259,0.9291566,5.22734211594
13957.559785994818,bench:209bd387e0e684e1,11,5.66162,0.9291566,5.260531589692
13965.531220994308,bench:209bd387e0e684e1,11,5.75092,0.9291566,5.343505274072
13969.646151002962,bench:209bd387e0e684e1,11,5.58125,0.9291566,5.18585527375
13977.557994992821,bench:209bd387e0e684e1,11,5.51874,0.9283507,5.123326142118
13989.600970991887,bench:209bd387e0e684e1,11,5.61697,0.9304997,5.226588899909
13993.762326994329,bench:209bd387e0e684e1,11,5.54553,0.9291566,5.152665799998
14001.526207997813,bench:209bd387e0e684e1,11,5.63483,0.928888,5.23412596904
14009.57071800076,bench:209bd387e0e684e1,11,5.66162,0.9294252,5.262052300824
14017.26465599495,bench:209bd387e0e684e1,11,5.59018,0.9296938,5.197155686884
14025.525310993544,bench:209bd387e0e684e1,11,5.60804,0.9296938,5.213760018152
14029.727721994277,bench:209bd387e0e684e1,11,5.66162,0.9291566,5.260531589692
14034.165648990893,bench:209bd387e0e684e1,11,5.67055,0.9294252,5.27035206786
14038.230708989431,bench:209bd387e0e684e1,11,4.23282,0.928888,3.9318157041600004
14042.303693990107,bench:209bd387e0e684e1,11,4.21496,0.928888,3.9152257644799997
14049.644468002953,bench:209bd387e0e684e1,11,4.49179,0.9286194,4.171163334726
14053.728675993625,bench:209bd387e0e684e1,11,5.54553,0.9302311,5.158624471983
14057.825309995678,bench:209bd387e0e684e1,11,5.59018,0.928888,5.192651119840001
14061.92194299365,bench:209bd387e0e684e1,11,5.60804,0.9291566,5.210747379064
14065.999132988509,bench:209bd387e0e684e1,11,5.51874,0.928888,5.126291361120001
14070.07756299572,bench:209bd387e0e684e1,11,5.61697,0.9369466,5.262800943802
14078.12427499448,bench:209bd387e0e684e1,11,5.509809,0.9299625,5.1239157521625
14082.538128990564,bench:209bd387e0e684e1,11,5.70627,0.9294252,5.303551136004
14086.669076990802,bench:209bd387e0e684e1,11,5.51874,0.9304997,5.135185914378001
14090.744321991224,bench:209bd387e0e684e1,11,5.54553,0.9294252,5.154155329356
14097.363138993387,bench:209bd387e0e684e1,11,5.52767,0.9304997,5.143495276699
14101.621030000388,bench:209bd387e0e684e1,11,5.61697,0.9291566,5.219044747502
14113.606173996232,bench:209bd387e0e684e1,11,5.56339,0.928888,5.16776621032
14121.634942988749,bench:209bd387e0e684e1,11,5.70627,0.928888,5.30048572776
14129.527286000666,bench:209bd387e0e684e1,11,5.7152,0.928888,5.3087806976000005
14137.531462998595,bench:209bd387e0e684e1,11,5.67948,0.928888,5.27560081824
14149.598068994237,bench:209bd387e0e684e1,11,5.96524,0.9294252,5.544244380047999
14153.686424993793,bench:209bd387e0e684e1,11,5.60804,0.9294252,5.2122536986079995
14157.820298991282,bench:209bd387e0e684e1,11,4.13459,0.9291566,3.8416815867940004
14161.90374699363,bench:209bd387e0e684e1,11,4.21496,0.928888,3.9152257644799997
14169.64709199965,bench:209bd387e0e684e1,11,4.21496,0.9286194,3.9140936262239996
14177.353788996697,bench:209bd387e0e684e1,11,5.54553,0.9294252,5.154155329356
14181.504792999476,bench:209bd387e0e684e1,11,4.465,0.9294252,4.149883517999999
14185.678795998683,bench:209bd387e0e684e1,11,5.55446,0.9299625,5.1654395077499995
14189.797355997143,bench:209bd387e0e684e1,11,2.67007,0.9304997,2.484499333979
14193.85317499109,bench:209bd387e0e684e1,11,4.18817,0.9286194,3.8892159124980004
14197.883660992375,bench:209bd387e0e684e1,11,4.2864,0.9283507,3.9792824404800005
14201.909572992008,bench:209bd387e0e684e1,11,4.22389,0.9286194,3.922386197466
14205.975909993867,bench:209bd387e0e684e1,11,4.22389,0.9286194,3.922386197466
14209.974914992927,bench:209bd387e0e684e1,11,4.44714,0.9286194,4.129700478516
14213.975826991373,bench:209bd387e0e684e1,11,4.18817,0.928888,3.8903408549600007
14217.992701989715,bench:209bd387e0e684e1,11,4.17924,0.9296938,3.885413516712
14221.974743995816,bench:209bd387e0e684e1,11,4.22389,0.9286194,3.922386197466
14225.96054499445,bench:209bd387e0e684e1,11,3.42912,0.9294252,3.187110541824
14229.969364998396,bench:209bd387e0e684e1,11,4.32212,0.928888,4.01476540256
14233.94768399885,bench:209bd387e0e684e1,11,4.1971,0.928888,3.8986358248
14237.958003999665,bench:209bd387e0e684e1,11,4.31319,0.928888,4.00647043272
14241.95760099974,bench:209bd387e0e684e1,11,4.1971,0.928888,3.8986358248
14245.970513002248,bench:209bd387e0e684e1,11,4.22389,0.9286194,3.922386197466
14249.954981001792,bench:209bd387e0e684e1,11,4.20603,0.9280821,3.9035411550630004
14253.968559991335,bench:209bd387e0e684e1,11,4.32212,0.9283507,4.012443127484
14257.9715460015,bench:209bd387e0e684e1,11,3.42019,0.9283507,3.1751357806329996
14261.978939990513,bench:209bd387e0e684e1,11,4.25068,0.9280821,3.944980020828
14265.95657398866,bench:209bd387e0e684e1,11,4.18817,0.9294252,3.892590739884
14269.99093098857,bench:209bd387e0e684e1,11,4.25961,0.9280821,3.9532677939810004
14273.984675994143,bench:209bd387e0e684e1,11,4.21496,0.9291566,3.916357902736
14278.013717994327,bench:209bd387e0e684e1,11,4.23282,0.9283507,3.929541409974
14282.020147991716,bench:209bd387e0e684e1,11,3.42019,0.9286194,3.176054785686
14286.059559992282,bench:209bd387e0e684e1,11,4.24175,0.928888,3.940110674
14290.09384199162,bench:209bd387e0e684e1,11,3.42019,0.9283507,3.1751357806329996
14294.126142995083,bench:209bd387e0e684e1,11,4.22389,0.928888,3.9235207343200003
14298.17751799419,bench:209bd387e0e684e1,11,4.20603,0.9283507,3.904670894721
14302.205373998731,bench:209bd387e0e684e1,11,4.23282,0.928888,3.9318157041600004
14306.343452000874,bench:209bd387e0e684e1,11,4.17031,0.928888,3.87375091528
14310.387659992557,bench:209bd387e0e684e1,11,4.1971,0.9286194,3.89750848374
14314.45210899983,bench:209bd387e0e684e1,11,4.24175,0.928888,3.940110674
14318.497557993396,bench:209bd387e0e684e1,11,4.1971,0.928888,3.8986358248
14322.54187700164,bench:209bd387e0e684e1,11,4.25068,0.9286194,3.947263911192
14326.703806000296,bench:209bd387e0e684e1,11,4.17924,0.9286194,3.880923341256
14330.724069994176,bench:209bd387e0e684e1,11,4.18817,0.9294252,3.892590739884
14334.749075002037,bench:209bd387e0e684e1,11,4.25068,0.9286194,3.947263911192
14338.760172002367,bench:209bd387e0e684e1,11,4.17031,0.9283507,3.871510207717
14342.800509999506,bench:209bd387e0e684e1,11,4.25068,0.9283507,3.946121753476
14346.821402999922,bench:209bd387e0e684e1,11,3.42019,0.9278135,3.173298454565
14350.808870993205,bench:209bd387e0e684e1,11,4.31319,0.928888,4.00647043272
14354.809450000175,bench:209bd387e0e684e1,11,4.1971,0.928888,3.8986358248
14358.846935996553,bench:209bd387e0e684e1,11,4.25068,0.9286194,3.947263911192
14362.87827299384,bench:209bd387e0e684e1,11,4.1971,0.928888,3.8986358248
14366.920462998678,bench:209bd387e0e684e1,11,4.23282,0.928888,3.9318157041600004
14370.974115998251,bench:209bd387e0e684e1,11,3.42019,0.9283507,3.1751357806329996
14375.014545992599,bench:209bd387e0e684e1,11,4.23282,0.9286194,3.9306787687080003
14379.04547600192,bench:209bd387e0e684e1,11,3.42912,0.928888,3.18526841856
14383.093980999547,bench:209bd387e0e684e1,11,4.24175,0.9294252,3.9423893420999994
14387.158854995505,bench:209bd387e0e684e1,11,4.66146,0.9286194,4.328722188324
14391.211099995417,bench:209bd387e0e684e1,11,4.20603,0.928888,3.9069307946400005
14395.340622999356,bench:209bd387e0e684e1,11,4.17924,0.9286194,3.880923341256
14399.362497002585,bench:209bd387e0e684e1,11,4.17924,0.9291566,3.8831684289840003
14403.366112994263,bench:209bd387e0e684e1,11,4.31319,0.9326486,4.022690615034
14407.374450995121,bench:209bd387e0e684e1,11,4.16138,0.9283507,3.863220035966
14411.41486298875,bench:209bd387e0e684e1,11,4.22389,0.9283507,3.921251238223
14415.591458993731,bench:209bd387e0e684e1,11,4.16138,0.9286194,3.8643381987720002
14419.638462990406,bench:209bd387e0e684e1,11,4.22389,0.9299625,3.928059304125
14423.713800992118,bench:209bd387e0e684e1,11,4.21496,0.928888,3.9152257644799997
14427.734397992026,bench:209bd387e0e684e1,11,4.17924,0.928888,3.88204588512
14431.750902993372,bench:209bd387e0e684e1,11,4.17031,0.9294252,3.8759912058119994
14435.741870998754,bench:209bd387e0e684e1,11,4.21496,0.928888,3.9152257644799997
14439.75354199938,bench:209bd387e0e684e1,11,4.17031,0.9283507,3.871510207717
14443.792564998148,bench:209bd387e0e684e1,11,4.20603,0.9286194,3.905801054982
14447.825921000913,bench:209bd387e0e684e1,11,4.17031,0.9286194,3.8726307700139997
14451.878313993802,bench:209bd387e0e684e1,11,4.22389,0.9283507,3.921251238223
14456.028485001298,bench:209bd387e0e684e1,11,4.17031,0.928888,3.87375091528
14460.057988995686,bench:209bd387e0e684e1,11,3.43805,0.928888,3.1935633884000003
14464.099530989188,bench:209bd387e0e684e1,11,4.25068,0.9280821,3.944980020828
14468.112534988904,bench:209bd387e0e684e1,11,4.1971,0.9283507,3.8963807229699996
14472.149779991014,bench:209bd387e0e684e1,11,4.21496,0.9286194,3.9140936262239996
14476.269524995587,bench:209bd387e0e684e1,11,4.18817,0.9283507,3.8880905512190003
14480.284603996552,bench:209bd387e0e684e1,11,4.22389,0.9280821,3.920116701369
14484.315940993838,bench:209bd387e0e684e1,11,4.27747,0.9294252,3.975588410244
14488.335428002756,bench:209bd387e0e684e1,11,4.18817,0.928888,3.8903408549600007
14492.373579996638,bench:209bd387e0e684e1,11,4.22389,0.9283507,3.921251238223
14496.40413999441,bench:209bd387e0e684e1,11,4.17924,0.928888,3.88204588512
14500.459643997601,bench:209bd387e0e684e1,11,4.22389,0.9286194,3.922386197466
14504.508426995017,bench:209bd387e0e684e1,11,4.18817,0.928888,3.8903408549600007
14508.537652989617,bench:209bd387e0e684e1,11,4.20603,0.928888,3.9069307946400005
14512.653175988817,bench:209bd387e0e684e1,11,4.18817,0.9291566,3.891465797422
14516.63156900031,bench:209bd387e0e684e1,11,4.47393,0.9280821,4.152174349653
14520.61514799425,bench:209bd387e0e684e1,11,4.20603,0.9286194,3.905801054982
14524.634485991555,bench:209bd387e0e684e1,11,4.1971,0.9286194,3.89750848374
14528.663731995039,bench:209bd387e0e684e1,11,4.22389,0.9294252,3.9257898080279996
14532.737421002821,bench:209bd387e0e684e1,11,4.1971,0.9280821,3.89525338191
14536.818480992224,bench:209bd387e0e684e1,11,4.22389,0.9283507,3.921251238223
14540.875558988773,bench:209bd387e0e684e1,11,4.1971,0.9280821,3.89525338191
14544.914081998286,bench:209bd387e0e684e1,11,4.20603,0.9283507,3.904670894721
14548.971067997627,bench:209bd387e0e684e1,11,4.17924,0.9283507,3.879800379468
14552.978794992669,bench:209bd387e0e684e1,11,4.32212,0.9286194,4.013604481128
14557.028298993828,bench:209bd387e0e684e1,11,4.20603,0.9286194,3.905801054982
14565.546266996535,bench:209bd387e0e684e1,11,5.67948,0.9283507,5.272549233636
14577.614484995138,bench:209bd387e0e684e1,11,5.75985,0.928888,5.350255546800001
14581.7448769958,bench:209bd387e0e684e1,11,5.59018,0.9283507,5.189647516126
14585.840122002992,bench:209bd387e0e684e1,11,2.65221,0.9294252,2.465030809692
14589.940903999377,bench:209bd387e0e684e1,11,5.51874,0.9326486,5.147045134764
14597.342510998715,bench:209bd387e0e684e1,11,5.58125,0.9296938,5.1888535212499995
14601.491291992716,bench:209bd387e0e684e1,11,4.21496,0.9291566,3.916357902736
14605.65662899171,bench:209bd387e0e684e1,11,4.17031,0.9291566,3.874871060546
14609.71217000042,bench:209bd387e0e684e1,11,4.17924,0.9286194,3.880923341256
14617.643364996184,bench:209bd387e0e684e1,11,4.25068,0.928888,3.94840564384
14621.747590994346,bench:209bd387e0e684e1,11,5.60804,0.9294252,5.2122536986079995
14625.801706992206,bench:209bd387e0e684e1,11,5.96524,0.928888,5.54103985312
14630.2813559887,bench:209bd387e0e684e1,11,5.69734,0.9294252,5.295251368968
14634.399785994901,bench:209bd387e0e684e1,11,5.67948,0.928888,5.27560081824
14641.375432998757,bench:209bd387e0e684e1,11,5.67948,0.9286194,5.274075309912
14645.613603002857,bench:209bd387e0e684e1,11,5.67055,0.9286194,5.2657827386700005
14657.592264993582,bench:209bd387e0e684e1,11,5.61697,0.9286194,5.216027311218
14661.789656995097,bench:209bd387e0e684e1,11,2.679,0.928888,2.488490952
14665.85547599243,bench:209bd387e0e684e1,11,4.24175,0.9286194,3.9389713399499997
14673.569209990092,bench:209bd387e0e684e1,11,4.20603,0.928888,3.9069307946400005
14678.063100000145,bench:209bd387e0e684e1,11,4.18817,0.9283507,3.8880905512190003
14682.134085989674,bench:209bd387e0e684e1,11,4.43821,0.928888,4.12260001048
14686.220053001307,bench:209bd387e0e684e1,11,4.1971,0.9286194,3.89750848374
14697.632441995665,bench:209bd387e0e684e1,11,5.52767,0.9294252,5.137555795283999
14701.749297993956,bench:209bd387e0e684e1,11,5.52767,0.9304997,5.143495276699
14713.601534996997,bench:209bd387e0e684e1,11,5.67948,0.9294252,5.278651834895999
14717.697186992154,bench:209bd387e0e684e1,11,5.55446,0.9280821,5.154994901166
14721.808431990212,bench:209bd387e0e684e1,11,5.60804,0.9326486,5.230330654744
14725.90893600136,bench:209bd387e0e684e1,11,5.67948,0.9286194,5.274075309912
14730.053847000818,bench:209bd387e0e684e1,11,5.59018,0.9280821,5.188145993778
14734.465756002464,bench:209bd387e0e684e1,11,5.67055,0.928888,5.2673058484
14738.576907999231,bench:209bd387e0e684e1,11,5.51874,0.9294252,5.129256028248
14742.771541001275,bench:209bd387e0e684e1,11,5.38479,0.9283507,4.9989735658529995
14753.054938992136,bench:209bd387e0e684e1,11,5.42051,0.9294252,5.037958590852
14757.654475994059,bench:209bd387e0e684e1,11,5.46516,0.9296938,5.080925368008
14761.744183997507,bench:209bd387e0e684e1,11,5.509809,0.928888,5.117995462392
14766.262962002656,bench:209bd387e0e684e1,11,5.474089,0.9294252,5.0877562636428
14770.359873000416,bench:209bd387e0e684e1,11,5.51874,0.9294252,5.129256028248
14777.346946997568,bench:209bd387e0e684e1,11,5.51874,0.9304997,5.135185914378001
14781.792706999113,bench:209bd387e0e684e1,11,5.59911,0.9299625,5.2069623333749995
14785.86730400275,bench:209bd387e0e684e1,11,5.491949,0.9294252,5.1043557977148
14789.947714991285,bench:209bd387e0e684e1,11,5.50088,0.9270077,5.099358116776
14794.023922993802,bench:209bd387e0e684e1,11,5.509809,0.9280821,5.1135551073189
14798.125963992788,bench:209bd387e0e684e1,11,5.491949,0.9299625,5.1073066219125005
14802.21531999996,bench:209bd387e0e684e1,11,5.60804,0.928888,5.20924105952
14806.626673002029,bench:209bd387e0e684e1,11,5.54553,0.9286194,5.149686741282
14813.665116991615,bench:209bd387e0e684e1,11,5.59018,0.928888,5.192651119840001
14818.665131999296,bench:209bd387e0e684e1,11,5.67948,0.9291566,5.277126326568
14833.521640990512,bench:209bd387e0e684e1,11,5.70627,0.928888,5.30048572776
14838.015993998852,bench:209bd387e0e684e1,11,5.60804,0.9304997,5.218279537588
14842.113849997986,bench:209bd387e0e684e1,11,3.71488,0.9283507,3.4487114484159997
14849.638104002224,bench:209bd387e0e684e1,11,5.59018,0.9286194,5.191149597492
14857.339819995104,bench:209bd387e0e684e1,11,5.54553,0.928888,5.151176270640001
14861.440526990918,bench:209bd387e0e684e1,11,4.21496,0.9294252,3.9174900409919995
14869.60075800016,bench:209bd387e0e684e1,11,5.56339,0.9294252,5.170754863428
14877.652284994838,bench:209bd387e0e684e1,11,5.5366,0.9307683,5.15329176978
14881.73545600148,bench:209bd387e0e684e1,11,4.17031,0.928888,3.87375091528
14885.819663992152,bench:209bd387e0e684e1,11,4.20603,0.9286194,3.905801054982
14889.91405699926,bench:209bd387e0e684e1,11,4.17924,0.9283507,3.879800379468
14893.957449996378,bench:209bd387e0e684e1,11,4.13459,0.928888,3.8405710359200005
14901.656795002054,bench:209bd387e0e684e1,11,5.66162,0.9291566,5.260531589692
14905.814724988886,bench:209bd387e0e684e1,11,4.24175,0.9286194,3.9389713399499997
14909.867876995122,bench:209bd387e0e684e1,11,4.23282,0.9283507,3.929541409974
14913.993936002953,bench:209bd387e0e684e1,11,5.6259,0.9291566,5.22734211594
14921.130896997056,bench:209bd387e0e684e1,11,5.73306,0.9294252,5.328450437112
14925.28723400028,bench:209bd387e0e684e1,11,4.22389,0.9291566,3.9246552711739997
14929.38870099897,bench:209bd387e0e684e1,11,4.15245,0.9294252,3.8593916717399996
14933.559537996189,bench:209bd387e0e684e1,11,4.18817,0.9291566,3.891465797422
14938.075778991333,bench:209bd387e0e684e1,11,4.23282,0.9283507,3.929541409974
14942.16572798905,bench:209bd387e0e684e1,11,5.67948,0.9294252,5.278651834895999
14949.512797989883,bench:209bd387e0e684e1,11,5.5366,0.9280821,5.13841935486
14961.573423002847,bench:209bd387e0e684e1,11,5.54553,0.9326486,5.172030790758001
14973.533789001522,bench:209bd387e0e684e1,11,5.59911,0.9286194,5.199442168734
14977.662421995774,bench:209bd387e0e684e1,11,5.56339,0.9283507,5.164777000873
14981.841963002807,bench:209bd387e0e684e1,11,5.72413,0.9294252,5.320150670075999
14985.99966999609,bench:209bd387e0e684e1,11,4.25068,0.9291566,3.949547376488
14990.003896993585,bench:209bd387e0e684e1,11,4.23282,0.928888,3.9318157041600004
14997.718074999284,bench:209bd387e0e684e1,11,4.38463,0.9283507,4.070474329741
15005.358272988815,bench:209bd387e0e684e1,11,5.5366,0.9296938,5.14734269308
15017.511471000034,bench:209bd387e0e684e1,11,5.59018,0.9283507,5.189647516126
15022.019989992259,bench:209bd387e0e684e1,11,5.66162,0.9286194,5.257490167428
15026.444677001564,bench:209bd387e0e684e1,11,5.65269,0.928888,5.25071590872
15033.57484198932,bench:209bd387e0e684e1,11,5.66162,0.9283507,5.255968890134
15038.103730999865,bench:209bd387e0e684e1,11,5.66162,0.9286194,5.257490167428
15042.59704699507,bench:209bd387e0e684e1,11,5.54553,0.928888,5.151176270640001
15046.98071499297,bench:209bd387e0e684e1,11,4.22389,0.9283507,3.921251238223
15053.659030993003,bench:209bd387e0e684e1,11,4.11673,0.928888,3.82398109624
15057.857127001625,bench:209bd387e0e684e1,11,4.20603,0.9283507,3.904670894721
15065.648823001538,bench:209bd387e0e684e1,11,4.68825,0.928888,4.354859166000001
15069.726308996906,bench:209bd387e0e684e1,11,5.58125,0.9299625,5.190353203125
15074.135976989055,bench:209bd387e0e684e1,11,5.7152,0.928888,5.3087806976000005
15085.62730999256,bench:209bd387e0e684e1,11,5.59911,0.9326486,5.222002102746
15097.609231990646,bench:209bd387e0e684e1,11,5.59911,0.9291566,5.202450010625999
15102.052640999318,bench:209bd387e0e684e1,11,5.95631,0.9294252,5.535944613012
15106.138977993396,bench:209bd387e0e684e1,11,4.1971,0.928888,3.8986358248
15110.262240996235,bench:209bd387e0e684e1,11,4.1971,0.9304997,3.90540029087
15114.294746002997,bench:209bd387e0e684e1,11,4.24175,0.9286194,3.9389713399499997
15118.37878699589,bench:209bd387e0e684e1,11,4.15245,0.9280821,3.853814516145
15129.567882002448,bench:209bd387e0e684e1,11,5.57232,0.9291566,5.177557905312001
15134.002067992697,bench:209bd387e0e684e1,11,4.23282,0.9286194,3.9306787687080003
15138.097978997394,bench:209bd387e0e684e1,11,4.49179,0.928888,4.17236982952
15142.200909001986,bench:209bd387e0e684e1,11,4.1971,0.928888,3.8986358248
15146.28811700095,bench:209bd387e0e684e1,11,4.51858,0.928888,4.19725473904
15153.651871994953,bench:209bd387e0e684e1,11,4.24175,0.9283507,3.937831581725
15157.757783992565,bench:209bd387e0e684e1,11,5.6259,0.9280821,5.22129708639
15161.868064998998,bench:209bd387e0e684e1,11,5.72413,0.9291566,5.318613168758
15166.287547996035,bench:209bd387e0e684e1,11,5.72413,0.9286194,5.315538166122
15173.060955989058,bench:209bd387e0e684e1,11,5.42051,0.9286194,5.033590743894
15187.709708989132,bench:209bd387e0e684e1,11,5.509809,0.9283507,5.1150350420162995
15197.057780998875,bench:209bd387e0e684e1,11,5.58125,0.9291566,5.18585527375
15223.135977998027,bench:209bd387e0e684e1,11,4.42928,0.9291566,4.115494745248
15227.265073990566,bench:209bd387e0e684e1,11,4.24175,0.928888,3.940110674
15231.396299990593,bench:209bd387e0e684e1,11,4.1971,0.9315742,3.90991007482
15235.388675995637,bench:209bd387e0e684e1,11,4.30426,0.928888,3.9981754628800004
15239.380699000321,bench:209bd387e0e684e1,11,4.1971,0.9286194,3.89750848374
15243.35975899885,bench:209bd387e0e684e1,11,4.22389,0.9286194,3.922386197466
15247.378596992348,bench:209bd387e0e684e1,11,4.49179,0.9283507,4.169956390753
15251.42465699173,bench:209bd387e0e684e1,11,4.20603,0.9286194,3.905801054982
15255.479679995915,bench:209bd387e0e684e1,11,4.21496,0.928888,3.9152257644799997
15259.530869996524,bench:209bd387e0e684e1,11,4.50072,0.928888,4.180664799360001
15263.570836992585,bench:209bd387e0e684e1,11,4.30426,0.928888,3.9981754628800004
15267.632563001825,bench:209bd387e0e684e1,11,4.29533,0.9294252,3.9921879443159995
15271.699067990994,bench:209bd387e0e684e1,11,4.18817,0.928888,3.8903408549600007
15275.719553988893,bench:209bd387e0e684e1,11,4.21496,0.9283507,3.9129610664719996
15279.77113200177,bench:209bd387e0e684e1,11,4.1971,0.9286194,3.89750848374
15283.787617998314,bench:209bd387e0e684e1,11,4.23282,0.9291566,3.932952639612
15287.816251991899,bench:209bd387e0e684e1,11,4.20603,0.9294252,3.909190273956
15291.889922998962,bench:209bd387e0e684e1,11,4.23282,0.928888,3.9318157041600004
15297.661172997323,bench:209bd387e0e684e1,11,5.60804,0.9280821,5.204721540084
15305.348184992909,bench:209bd387e0e684e1,11,5.54553,0.9294252,5.154155329356
15309.637316997396,bench:209bd387e0e684e1,11,5.51874,0.9270077,5.115914474298
15317.522678989917,bench:209bd387e0e684e1,11,5.58125,0.9291566,5.18585527375
15325.264708997565,bench:209bd387e0e684e1,11,5.59018,0.9304997,5.201660812946001
15329.647136997664,bench:209bd387e0e684e1,11,5.59018,0.9326486,5.213673550748
15337.550776996068,bench:209bd387e0e684e1,11,5.67948,0.9294252,5.278651834895999
15349.607475989615,bench:209bd387e0e684e1,11,5.57232,0.9326486,5.197016446752
15354.124309989857,bench:209bd387e0e684e1,11,5.5366,0.9291566,5.14436843156
15358.228924989817,bench:209bd387e0e684e1,11,5.66162,0.9283507,5.255968890134
15362.346335998154,bench:209bd387e0e684e1,11,5.6259,0.9283507,5.22280820313
15366.451451001922,bench:209bd387e0e684e1,11,5.58125,0.9280821,5.179858220625
15373.349487999803,bench:209bd387e0e684e1,11,5.58125,0.9304997,5.193351450625
15377.437176997773,bench:209bd387e0e684e1,11,4.23282,0.9296938,3.9352265105160003
15381.702532002237,bench:209bd387e0e684e1,11,5.59018,0.9283507,5.189647516126
15385.818349997862,bench:209bd387e0e684e1,11,5.75092,0.928888,5.34196057696
15390.244536989485,bench:209bd387e0e684e1,11,5.59911,0.928888,5.2009460896799995
15394.337521996931,bench:209bd387e0e684e1,11,5.61697,0.9304997,5.226588899909
15398.449858999811,bench:209bd387e0e684e1,11,5.66162,0.9291566,5.260531589692
15402.555715001654,bench:209bd387e0e684e1,11,5.59911,0.9294252,5.203953931571999
15406.643515001633,bench:209bd387e0e684e1,11,5.67948,0.9296938,5.280177343224
15410.738241989748,bench:209bd387e0e684e1,11,5.59018,0.9283507,5.189647516126
15414.820356993005,bench:209bd387e0e684e1,11,5.75985,0.9291566,5.35180264251
15418.919712989009,bench:209bd387e0e684e1,11,5.59018,0.9291566,5.194152642188
15425.675935999607,bench:209bd387e0e684e1,11,5.66162,0.9280821,5.254448179002
15429.778106001322,bench:209bd387e0e684e1,11,5.61697,0.928888,5.217536029360001
15433.867647996522,bench:209bd387e0e684e1,11,5.7152,0.9299625,5.31492168
15437.96779999684,bench:209bd387e0e684e1,11,5.59018,0.9299625,5.19865776825
15442.064340997604,bench:209bd387e0e684e1,11,5.67055,0.928888,5.2673058484
15446.16476999363,bench:209bd387e0e684e1,11,5.61697,0.9294252,5.220553465644
15450.249200002872,bench:209bd387e0e684e1,11,5.64376,0.9259331,5.225744192456
15454.336574999616,bench:209bd387e0e684e1,11,5.63483,0.928888,5.23412596904
15458.43896799488,bench:209bd387e0e684e1,11,5.66162,0.928888,5.259010878560001
15465.369707992068,bench:209bd387e0e684e1,11,5.59018,0.9283507,5.189647516126
15469.642191994353,bench:209bd387e0e684e1,11,5.52767,0.9296938,5.139040527445999
15473.73969599721,bench:209bd387e0e684e1,11,5.6259,0.9304997,5.23489826223
15477.812422002899,bench:209bd387e0e684e1,11,5.75092,0.928888,5.34196057696
15481.87368598883,bench:209bd387e0e684e1,11,5.66162,0.9280821,5.254448179002
15485.974652998266,bench:209bd387e0e684e1,11,5.70627,0.9286194,5.298953023638
15490.072952990886,bench:209bd387e0e684e1,11,5.60804,0.9304997,5.218279537588
15494.181050002226,bench:209bd387e0e684e1,11,5.75092,0.928888,5.34196057696
15498.283979002736,bench:209bd387e0e684e1,11,4.22389,0.9299625,3.928059304125
15502.357908990234,bench:209bd387e0e684e1,11,4.25068,0.9286194,3.947263911192
15506.469043000834,bench:209bd387e0e684e1,11,5.61697,0.9294252,5.220553465644
15513.59004099504,bench:209bd387e0e684e1,11,4.18817,0.9286194,3.8892159124980004
15518.03696800198,bench:209bd387e0e684e1,11,5.75092,0.928888,5.34196057696
15522.149639000418,bench:209bd387e0e684e1,11,5.64376,0.9304997,5.251516986872001
15526.254753989633,bench:209bd387e0e684e1,11,5.63483,0.9294252,5.237152999716
15533.34054799052,bench:209bd387e0e684e1,11,5.66162,0.9286194,5.257490167428
15537.645253993105,bench:209bd387e0e684e1,11,5.55446,0.9294252,5.162455096392
15541.739035994397,bench:209bd387e0e684e1,11,5.60804,0.9326486,5.230330654744
15545.830446993932,bench:209bd387e0e684e1,11,5.59911,0.9294252,5.203953931571999
15549.907691995031,bench:209bd387e0e684e1,11,5.822359,0.928888,5.408319406792
15553.978493000614,bench:209bd387e0e684e1,11,5.59911,0.9291566,5.202450010625999
15558.058292997885,bench:209bd387e0e684e1,11,5.65269,0.928888,5.25071590872
15562.14388999797,bench:209bd387e0e684e1,11,5.58125,0.9299625,5.190353203125
15566.25317200087,bench:209bd387e0e684e1,11,5.6259,0.9294252,5.22885323268
15570.36069399328,bench:209bd387e0e684e1,11,5.64376,0.9270077,5.231808976952
15581.620028999168,bench:209bd387e0e684e1,11,5.55446,0.9270077,5.149027189342
15589.386744002695,bench:209bd387e0e684e1,11,5.54553,0.9237842,5.122872994626
15597.362364991568,bench:209bd387e0e684e1,11,4.20603,0.9286194,3.905801054982
15601.514276000671,bench:209bd387e0e684e1,11,4.48286,0.9286194,4.162870763483999
15605.564910001704,bench:209bd387e0e684e1,11,4.25068,0.9286194,3.947263911192
15609.626580990152,bench:209bd387e0e684e1,11,4.25961,0.928888,3.9567006136800007
15613.666530000046,bench:209bd387e0e684e1,11,4.53644,0.9294252,4.216281654287999
15617.707144992892,bench:209bd387e0e684e1,11,4.30426,0.928888,3.9981754628800004
15625.607340989518,bench:209bd387e0e684e1,11,5.72413,0.928888,5.31707566744
15629.672900002333,bench:209bd387e0e684e1,11,5.68841,0.9304997,5.293063798477
15634.140530994046,bench:209bd387e0e684e1,11,5.68841,0.9291566,5.285423695006
15641.345768992323,bench:209bd387e0e684e1,11,5.6259,0.9283507,5.22280820313
15645.640807997552,bench:209bd387e0e684e1,11,5.60804,0.9294252,5.2122536986079995
15649.746552997385,bench:209bd387e0e684e1,11,5.51874,0.9304997,5.135185914378001
15653.834315991844,bench:209bd387e0e684e1,11,5.58125,0.9326486,5.20534499875
15657.93069099891,bench:209bd387e0e684e1,11,5.65269,0.9286194,5.249197596186
15662.036434994661,bench:209bd387e0e684e1,11,5.59018,0.9278135,5.18664447143
15666.143272988847,bench:209bd387e0e684e1,11,5.55446,0.9291566,5.160963168436
15670.167147996835,idle,11,1.76814,0.9286194,1.641929105916
15674.35229900002,idle,11,1.75921,0.9286194,1.6336365346739998
15688.603035989217,idle,11,1.75028,0.9283507,1.624873663196
