t_ms,phase,window_id,I_A,V_V,P_W
4.404532024636865,warmup,1,1.61633,0.928888,1.5013895410400002
9.463761001825333,warmup,1,1.6074,0.9283507,1.49223091518
38.31004002131522,warmup,1,1.28592,0.8633446,1.110192088032
47.45091503718868,warmup,1,1.4288,0.7223192,1.0320496729600002
77.54731102613732,warmup,1,2.61649,0.7228564,1.891346542036
84.71920498413965,warmup,1,5.36693,0.9315742,4.999693521206
89.86321202246472,warmup,1,5.358,0.928888,4.976981904
96.70742403250188,warmup,1,1.6074,0.928888,1.4930945712
104.13133399561048,warmup,1,1.4288,0.8891322,1.27039208736
118.53197403252125,warmup,1,1.41987,0.8883263,1.261307863581
126.45213800715283,baseline_A,2,0.96444,0.7223192,0.696633529248
130.6248580222018,baseline_A,2,0.9465799,0.7225879,0.68398718212321
137.12192501407117,baseline_A,2,1.09839,0.8179479,0.898425793881
141.83082402450964,baseline_A,2,1.10732,0.8182165,0.9060274947800001
148.95523700397462,baseline_A,2,0.9465799,0.7223192,0.6837328361040801
153.07058702455834,baseline_A,2,0.91979,0.7223192,0.664381976968
157.15734398690984,baseline_A,2,0.9287199,0.7223192,0.67083221519208
164.44592201150954,baseline_A,2,1.08946,0.8187538,0.891999514948
168.62997401040047,baseline_A,2,1.08946,0.8184852,0.8917068859920001
175.72174000088125,baseline_A,2,0.9287199,0.7225879,0.67108176222921
179.7901270329021,baseline_A,2,0.9287199,0.7228564,0.67133112352236
183.9084760285914,baseline_A,2,0.93765,0.7223192,0.67728259788
187.9845110233873,baseline_A,2,0.91979,0.7223192,0.664381976968
192.06558301812038,baseline_A,2,0.91979,0.7223192,0.664381976968
196.16019201930612,baseline_A,2,0.91979,0.7225879,0.664629124541
200.2563010319136,baseline_A,2,0.91979,0.7225879,0.664629124541
204.33972403407097,baseline_A,2,0.91979,0.7225879,0.664629124541
211.6388389840722,baseline_A,2,1.09839,0.8182165,0.898720821435
218.72043801704422,baseline_A,2,0.93765,0.7228564,0.6777863034599999
222.80080599011853,baseline_A,2,0.9287199,0.7225879,0.67108176222921
230.17510602949187,baseline_A,2,1.11625,0.8184852,0.9136341045
237.25785303395241,baseline_A,2,0.91979,0.7228564,0.664876088156
241.33266601711512,baseline_A,2,0.93765,0.7223192,0.67728259788
245.42925599962473,baseline_A,2,0.9108599,0.7223192,0.65793159428008
249.5008650003001,baseline_A,2,0.9287199,0.7228564,0.67133112352236
253.593992034439,baseline_A,2,0.9287199,0.7225879,0.67108176222921
257.6687129912898,baseline_A,2,0.9287199,0.7225879,0.67108176222921
261.7303770384751,baseline_A,2,0.91979,0.7223192,0.664381976968
265.7861530315131,baseline_A,2,0.91979,0.7228564,0.664876088156
269.85339203383774,baseline_A,2,0.9287199,0.7225879,0.67108176222921
273.93911202671006,baseline_A,2,0.91979,0.7228564,0.664876088156
278.00235099857673,baseline_A,2,0.9287199,0.7225879,0.67108176222921
282.05871902173385,baseline_A,2,0.93765,0.7228564,0.6777863034599999
286.1422360292636,baseline_A,2,0.91979,0.7225879,0.664629124541
290.2011600090191,baseline_A,2,0.9287199,0.7223192,0.67083221519208
294.27262098761275,baseline_A,2,0.91979,0.7225879,0.664629124541
298.3519519912079,baseline_A,2,0.9287199,0.7225879,0.67108176222921
302.42689402075484,baseline_A,2,1.12518,0.7223192,0.8127391174560001
306.49178102612495,baseline_A,2,1.00909,0.7225879,0.729156224011
310.5483719846234,baseline_A,2,0.91979,0.7223192,0.664381976968
314.64442500146106,baseline_A,2,0.9108599,0.7225879,0.6581763423352099
320.95625303918496,baseline_A,2,1.08053,0.8182165,0.884107474745
325.67374501377344,baseline_A,2,1.08946,0.8184852,0.8917068859920001
332.6882889959961,baseline_A,2,0.93765,0.7225879,0.6775345444349999
336.7519720341079,baseline_A,2,0.93765,0.7223192,0.67728259788
340.8566740108654,baseline_A,2,0.9465799,0.7223192,0.6837328361040801
344.9485420132987,baseline_A,2,0.9108599,0.7223192,0.65793159428008
349.00622500572354,baseline_A,2,0.93765,0.7225879,0.6775345444349999
353.07750100037083,baseline_A,2,0.9108599,0.7225879,0.6581763423352099
357.1509800385684,baseline_A,2,0.91979,0.7220506,0.664134921374
361.2360710394569,baseline_A,2,0.91979,0.7223192,0.664381976968
365.29932799749076,baseline_A,2,0.9108599,0.7225879,0.6581763423352099
369.3629740155302,baseline_A,2,0.9287199,0.7220506,0.67058276102694
373.4315460314974,baseline_A,2,0.9108599,0.7228564,0.65842090821836
377.49348900979385,baseline_A,2,0.9108599,0.7223192,0.65793159428008
381.5510610002093,baseline_A,2,0.93765,0.7228564,0.6777863034599999
385.62144798925146,baseline_A,2,0.9287199,0.723125,0.6715805776875
389.69759398605675,baseline_A,2,0.9108599,0.7225879,0.6581763423352099
393.7472220277414,baseline_A,2,0.9108599,0.7220506,0.65768693731094
397.8004420059733,baseline_A,2,0.91979,0.7228564,0.664876088156
401.87149500707164,baseline_A,2,0.9287199,0.7223192,0.67083221519208
405.9334190096706,baseline_A,2,0.9287199,0.7223192,0.67083221519208
409.98797299107537,baseline_A,2,0.9287199,0.7223192,0.67083221519208
414.0542119857855,baseline_A,2,0.91979,0.7225879,0.664629124541
418.1035989895463,baseline_A,2,0.91979,0.7228564,0.664876088156
422.14937502285466,baseline_A,2,0.93765,0.7225879,0.6775345444349999
426.222798996605,baseline_A,2,0.9108599,0.7223192,0.65793159428008
430.4071110091172,baseline_A,2,0.9108599,0.7225879,0.6581763423352099
437.756058992818,baseline_A,2,1.08053,0.8184852,0.884397813156
441.97270303266123,baseline_A,2,1.08053,0.8182165,0.884107474745
448.99515400175005,baseline_A,2,0.9287199,0.7223192,0.67083221519208
453.0906520085409,baseline_A,2,0.9108599,0.7223192,0.65793159428008
457.21200201660395,baseline_A,2,0.91979,0.7225879,0.664629124541
464.561523986049,baseline_A,2,1.08053,0.8179479,0.8838172443869999
468.76492799492553,baseline_A,2,1.08053,0.8182165,0.884107474745
475.8872300153598,baseline_A,2,0.90193,0.7223192,0.6514813560560001
479.9758570152335,baseline_A,2,0.91979,0.7225879,0.664629124541
487.33506398275495,baseline_A,2,1.08946,0.8179479,0.8911215191340001
494.34979300713167,baseline_A,2,0.9287199,0.7225879,0.67108176222921
498.44608700368553,baseline_A,2,1.14304,0.7223192,0.8256397383680001
502.5654740165919,baseline_A,2,0.93765,0.7225879,0.6775345444349999
509.86429303884506,baseline_A,2,1.08946,0.8184852,0.8917068859920001
516.9475580332801,baseline_A,2,0.91979,0.7225879,0.664629124541
521.0378330084495,baseline_A,2,0.9287199,0.7225879,0.67108176222921
525.1411460340023,baseline_A,2,0.93765,0.7225879,0.6775345444349999
529.2286989861168,baseline_A,2,0.90193,0.7225879,0.6517237046469999
536.5117960027419,baseline_A,2,1.08053,0.8182165,0.884107474745
540.6987930182368,baseline_A,2,1.09839,0.8184852,0.899015958828
544.863086019177,baseline_A,2,1.08946,0.8182165,0.8914141480900001
551.9667220069095,baseline_A,2,0.91979,0.7228564,0.664876088156
556.0687379911542,baseline_A,2,0.93765,0.7225879,0.6775345444349999
560.1618280052207,baseline_A,2,0.91979,0.7223192,0.664381976968
564.2285299836658,baseline_A,2,0.9108599,0.7223192,0.65793159428008
568.2938430109061,baseline_A,2,0.9287199,0.7225879,0.67108176222921
572.3714150371961,baseline_A,2,0.9108599,0.7225879,0.6581763423352099
576.4689869829454,baseline_A,2,0.91979,0.7220506,0.664134921374
584.5737790223211,baseline_A,2,0.9287199,0.7225879,0.67108176222921
591.859246022068,baseline_A,2,1.08946,0.8182165,0.8914141480900001
598.917844996322,baseline_A,2,0.9108599,0.7223192,0.65793159428008
603.0176019994542,baseline_A,2,0.9108599,0.7223192,0.65793159428008
607.0950630237348,baseline_A,2,0.91979,0.7225879,0.664629124541
614.4040300277993,baseline_A,2,1.08053,0.8184852,0.884397813156
621.4786840137094,baseline_A,2,0.91979,0.7225879,0.664629124541
625.5744600202888,baseline_A,2,0.9287199,0.7223192,0.67083221519208
629.6685870038345,baseline_A,2,0.93765,0.7225879,0.6775345444349999
633.7507520220242,baseline_A,2,0.90193,0.7225879,0.6517237046469999
641.0370339872316,baseline_A,2,1.08946,0.8182165,0.8914141480900001
648.130392015446,baseline_A,2,0.9108599,0.7223192,0.65793159428008
652.2019819822162,baseline_A,2,0.9108599,0.7223192,0.65793159428008
656.2699250061996,baseline_A,2,0.9108599,0.7225879,0.6581763423352099
660.3509230189957,baseline_A,2,0.9108599,0.7225879,0.6581763423352099
664.429143012967,baseline_A,2,0.9108599,0.7223192,0.65793159428008
668.5953250271268,baseline_A,2,0.91979,0.7228564,0.664876088156
675.9329580236226,baseline_A,2,1.08053,0.8187538,0.884688043514
680.0730670220219,baseline_A,2,1.0716,0.8184852,0.8770887403200001
684.2703599832021,baseline_A,2,1.66991,0.8176794,1.365451006854
690.0393409887329,baseline_A,2,1.01802,0.8182165,0.83296076133
696.1906339856796,baseline_A,2,1.29485,0.9280821,1.201727107185
700.3996490384452,baseline_A,2,1.29485,0.9286194,1.20242283009
704.5822020154446,baseline_A,2,1.30378,0.9283507,1.2103650756459998
711.3794140168466,baseline_A,2,1.27699,0.9286194,1.185837687606
715.5203560250811,baseline_A,2,1.28592,0.9286194,1.1941302588479998
719.6141320164315,baseline_A,2,1.28592,0.928888,1.19447565696
723.7098150071688,baseline_A,2,1.28592,0.928888,1.19447565696
730.6900069816038,baseline_A,2,1.30378,0.928888,1.21106559664
737.400849990081,baseline_A,2,1.28592,0.9283507,1.1937847321439998
741.5160700329579,baseline_A,2,1.27699,0.928888,1.18618068712
745.6462709815241,baseline_A,2,1.27699,0.9286194,1.185837687606
752.6442040107213,baseline_A,2,1.32164,0.928888,1.22765553632
756.8686819868162,baseline_A,2,1.31271,0.9294252,1.220065754292
763.6655049864203,baseline_A,2,1.26806,0.9286194,1.177545116364
771.4774670312181,baseline_A,2,0.9108599,0.7223192,0.65793159428008
778.8033970282413,baseline_A,2,1.08946,0.8187538,0.891999514948
784.8377840127796,baseline_A,2,0.9108599,0.7225879,0.6581763423352099
789.3513700109906,baseline_A,2,0.9108599,0.7225879,0.6581763423352099
793.4198119910434,baseline_A,2,0.9287199,0.7228564,0.67133112352236
797.5227730348706,baseline_A,2,0.91979,0.7223192,0.664381976968
801.6007150290534,baseline_A,2,0.9287199,0.7225879,0.67108176222921
805.7164910132997,baseline_A,2,0.9108599,0.7225879,0.6581763423352099
812.9683660226874,baseline_A,2,1.08946,0.8187538,0.891999514948
820.0440009823069,baseline_A,2,0.9287199,0.7223192,0.67083221519208
824.1073510143906,baseline_A,2,0.91979,0.7228564,0.664876088156
831.5046509960666,baseline_A,2,1.08946,0.8184852,0.8917068859920001
837.6465360051952,baseline_A,2,0.9287199,0.7228564,0.67133112352236
842.1661040047184,baseline_A,2,0.91979,0.7223192,0.664381976968
849.4651259970851,baseline_A,2,1.08946,0.8179479,0.8911215191340001
856.4815220306627,baseline_A,2,0.9108599,0.7225879,0.6581763423352099
860.575131024234,baseline_A,2,0.9108599,0.7225879,0.6581763423352099
864.6810540230945,baseline_A,2,0.9287199,0.7223192,0.67083221519208
868.7952370382845,baseline_A,2,0.91979,0.7223192,0.664381976968
872.9051240370609,baseline_A,2,0.91979,0.7228564,0.664876088156
876.9650289905258,baseline_A,2,0.91979,0.7223192,0.664381976968
881.0430830344558,baseline_A,2,0.91979,0.7225879,0.664629124541
885.1204140228219,baseline_A,2,0.9287199,0.7228564,0.67133112352236
892.410122032743,baseline_A,2,1.09839,0.8187538,0.8993109863819999
896.5527490363456,baseline_A,2,1.0716,0.8182165,0.8768008014
903.582495986484,baseline_A,2,0.90193,0.7225879,0.6517237046469999
907.6459939824417,baseline_A,2,0.91979,0.7225879,0.664629124541
911.7030290071853,baseline_A,2,0.9287199,0.7223192,0.67083221519208
915.793007996399,baseline_A,2,0.9287199,0.7225879,0.67108176222921
919.8853209964,baseline_A,2,0.91979,0.7223192,0.664381976968
923.9579860004596,baseline_A,2,0.9108599,0.7225879,0.6581763423352099
928.0186130199581,baseline_A,2,0.9108599,0.7225879,0.6581763423352099
935.4212830075994,baseline_A,2,1.08053,0.8182165,0.884107474745
939.5878540235572,baseline_A,2,1.08053,0.8187538,0.884688043514
946.604712982662,baseline_A,2,0.91979,0.7225879,0.664629124541
950.6769510335289,baseline_A,2,0.90193,0.7228564,0.6519658728519999
954.8115599900484,baseline_A,2,0.9108599,0.7223192,0.65793159428008
962.1655259979889,baseline_A,2,1.09839,0.8187538,0.8993109863819999
966.3068759837188,baseline_A,2,1.08053,0.8179479,0.8838172443869999
973.3931410009973,baseline_A,2,0.91979,0.7225879,0.664629124541
977.4850649992004,baseline_A,2,0.93765,0.7225879,0.6775345444349999
981.5607290365733,baseline_A,2,0.93765,0.7225879,0.6775345444349999
985.6625969987363,baseline_A,2,0.9287199,0.7223192,0.67083221519208
990.1909609907307,baseline_A,2,0.91979,0.7228564,0.664876088156
994.2521069897339,baseline_A,2,0.91979,0.7225879,0.664629124541
998.3466980047524,baseline_A,2,0.91979,0.7225879,0.664629124541
1005.7044980349019,baseline_A,2,1.0716,0.8179479,0.87651296964
1009.8337170202285,baseline_A,2,1.08053,0.8182165,0.884107474745
1016.8805010034703,baseline_A,2,0.9287199,0.7225879,0.67108176222921
1020.9617399959825,baseline_A,2,0.9108599,0.7223192,0.65793159428008
1025.0303680077195,baseline_A,2,0.9108599,0.7225879,0.6581763423352099
1032.32013102388,baseline_A,2,1.08053,0.8184852,0.884397813156
1036.4827020093799,baseline_A,2,1.08053,0.8187538,0.884688043514
1042.5331440055743,baseline_A,2,1.41987,0.7228564,1.026362116668
1047.0645269961096,baseline_A,2,0.9108599,0.7225879,0.6581763423352099
1053.302207030356,baseline_A,2,1.0716,0.8179479,0.87651296964
1058.0132179893553,baseline_A,2,1.06267,0.8184852,0.869779667484
1065.030890982598,baseline_A,2,0.9108599,0.7225879,0.6581763423352099
1069.1044630366378,baseline_A,2,0.90193,0.723125,0.65220813125
1073.1996829854324,baseline_A,2,0.90193,0.7225879,0.6517237046469999
1077.2804589942098,baseline_A,2,0.9108599,0.7220506,0.65768693731094
1081.3518640352413,baseline_A,2,0.90193,0.7220506,0.651239097658
1085.4049730114639,baseline_A,2,0.91979,0.7223192,0.664381976968
1089.4778600195423,baseline_A,2,0.91979,0.7223192,0.664381976968
1093.5623580007814,baseline_A,2,0.91979,0.7225879,0.664629124541
1097.6536340313032,baseline_A,2,0.9108599,0.7228564,0.65842090821836
1103.93144399859,baseline_A,2,1.08053,0.8184852,0.884397813156
1108.663027989678,baseline_A,2,1.08946,0.8184852,0.8917068859920001
1115.7494049984962,baseline_A,2,0.93765,0.7228564,0.6777863034599999
1119.8055510176346,baseline_A,2,0.91979,0.7223192,0.664381976968
1123.9014000166208,baseline_A,2,0.9108599,0.7225879,0.6581763423352099
1127.985175990034,baseline_A,2,0.9108599,0.7225879,0.6581763423352099
1134.2120980261825,baseline_A,2,1.10732,0.8182165,0.9060274947800001
1138.9272559899837,baseline_A,2,1.08053,0.8182165,0.884107474745
1146.0279840393923,baseline_A,2,0.9108599,0.7225879,0.6581763423352099
1153.3171740011312,baseline_A,2,1.08053,0.8184852,0.884397813156
1160.410254029557,baseline_A,2,0.90193,0.7225879,0.6517237046469999
1164.5551400142722,baseline_A,2,0.90193,0.7223192,0.6514813560560001
1168.69363700971,baseline_A,2,0.9108599,0.7225879,0.6581763423352099
1172.8385970345698,baseline_A,2,0.91979,0.7220506,0.664134921374
1180.1958230207674,baseline_A,2,1.0716,0.8187538,0.8773765720800001
1184.3420980148949,baseline_A,2,1.09839,0.8182165,0.898720821435
1188.4721700334921,baseline_A,2,1.08053,0.8187538,0.884688043514
1195.9320239839144,baseline_A,2,0.91979,0.7220506,0.664134921374
1200.0018919934519,baseline_A,2,0.90193,0.7225879,0.6517237046469999
1204.064389981795,baseline_A,2,0.91979,0.7228564,0.664876088156
1208.1210920005105,baseline_A,2,0.9108599,0.7225879,0.6581763423352099
1212.2267570230179,baseline_A,2,0.90193,0.7225879,0.6517237046469999
1216.2952549988404,baseline_A,2,0.90193,0.7225879,0.6517237046469999
1223.608314001467,baseline_A,2,1.06267,0.8182165,0.869494128055
1230.696857033763,baseline_A,2,0.90193,0.7241996,0.6531773452280001
1234.7615030012093,baseline_A,2,0.9108599,0.7223192,0.65793159428008
1238.823242019862,baseline_A,2,0.9108599,0.7225879,0.6581763423352099
1242.9089990328066,baseline_A,2,0.9733699,0.7220506,0.70282232031694
1247.0182190299965,baseline_A,2,0.9287199,0.7223192,0.67083221519208
1254.342575033661,baseline_A,2,1.08053,0.8187538,0.884688043514
1261.3345630234107,baseline_A,2,0.9108599,0.7225879,0.6581763423352099
1265.440468036104,baseline_A,2,0.9108599,0.7223192,0.65793159428008
1269.5145219913684,baseline_A,2,0.9108599,0.7223192,0.65793159428008
1276.8761360202916,baseline_A,2,1.06267,0.8184852,0.869779667484
1283.9457350200973,baseline_A,2,0.9287199,0.7223192,0.67083221519208
1288.0320110125467,baseline_A,2,0.9108599,0.7225879,0.6581763423352099
1292.0981569914147,baseline_A,2,0.9108599,0.7225879,0.6581763423352099
1296.1983770364895,baseline_A,2,0.9108599,0.7223192,0.65793159428008
1303.55278798379,baseline_A,2,1.06267,0.8182165,0.869494128055
1307.6881369925104,baseline_A,2,1.08946,0.8190223,0.892292034958
1314.697569992859,baseline_A,2,0.9108599,0.7241996,0.65964437523604
1318.7716050306335,baseline_A,2,0.90193,0.7225879,0.6517237046469999
1322.8519359836355,baseline_A,2,0.91979,0.7225879,0.664629124541
1330.1507179858163,baseline_A,2,1.08053,0.8184852,0.884397813156
1337.2412419994362,baseline_A,2,0.8929999,0.7223192,0.64503097336808
1341.3016480044462,baseline_A,2,0.91979,0.7223192,0.664381976968
1345.3697570366785,baseline_A,2,0.9287199,0.7225879,0.67108176222921
1349.4582360144705,baseline_A,2,0.9287199,0.7225879,0.67108176222921
1353.5619740141556,baseline_A,2,0.9108599,0.7225879,0.6581763423352099
1357.6652869815007,baseline_A,2,0.9108599,0.7225879,0.6581763423352099
1364.9681060342118,baseline_A,2,1.08053,0.8187538,0.884688043514
1372.0544450334273,baseline_A,2,0.91979,0.7220506,0.664134921374
1376.153109013103,baseline_A,2,0.9287199,0.7220506,0.67058276102694
1380.2338109817356,baseline_A,2,0.9108599,0.7225879,0.6581763423352099
1384.3381610349752,baseline_A,2,0.90193,0.7223192,0.6514813560560001
1390.6384889851324,baseline_A,2,1.08053,0.8182165,0.884107474745
1395.3430179972202,baseline_A,2,1.06267,0.8187538,0.870065100646
1402.3628759896383,baseline_A,2,0.9108599,0.7228564,0.65842090821836
1406.4252999960445,baseline_A,2,1.00016,0.7225879,0.7227035140639999
1410.5119460145943,baseline_A,2,0.93765,0.7225879,0.6775345444349999
1416.754498030059,baseline_A,2,1.0716,0.8184852,0.8770887403200001
1421.4548780000769,baseline_A,2,1.08053,0.8184852,0.884397813156
1428.4638480166905,baseline_A,2,0.9108599,0.7223192,0.65793159428008
1432.5515680247918,baseline_A,2,0.90193,0.7223192,0.6514813560560001
1436.6408620262519,baseline_A,2,0.90193,0.7220506,0.651239097658
1440.74410101166,baseline_A,2,0.9108599,0.7223192,0.65793159428008
1444.8262469959445,baseline_A,2,0.90193,0.7225879,0.6517237046469999
1452.3501560324803,baseline_A,2,1.08053,0.8179479,0.8838172443869999
1456.51591202477,baseline_A,2,1.08053,0.8184852,0.884397813156
1463.60060403822,baseline_A,2,0.9108599,0.7225879,0.6581763423352099
1467.6729160128161,baseline_A,2,0.9108599,0.7225879,0.6581763423352099
1471.7270630062558,baseline_A,2,0.9108599,0.7223192,0.65793159428008
1475.7912270142697,baseline_A,2,0.91979,0.7223192,0.664381976968
1482.0873889839277,baseline_A,2,1.08053,0.8179479,0.8838172443869999
1486.8479180149734,baseline_A,2,1.08946,0.8187538,0.891999514948
1493.8229800318368,baseline_A,2,0.9108599,0.7225879,0.6581763423352099
1497.9217370273545,baseline_A,2,0.91979,0.7228564,0.664876088156
1502.0058089867234,baseline_A,2,0.91979,0.7220506,0.664134921374
1509.2955169966444,baseline_A,2,1.08946,0.8182165,0.8914141480900001
1516.3745420286432,baseline_A,2,0.8929999,0.7223192,0.64503097336808
1520.5125759821385,baseline_A,2,0.9108599,0.7225879,0.6581763423352099
1524.6150550083257,baseline_A,2,0.9108599,0.7228564,0.65842090821836
1528.7286270176992,baseline_A,2,0.9287199,0.7225879,0.67108176222921
1536.0895190387964,baseline_A,2,1.0716,0.8184852,0.8770887403200001
1540.2314980165102,baseline_A,2,1.06267,0.8184852,0.869779667484
1547.341633005999,baseline_A,2,0.91979,0.7225879,0.664629124541
1551.4102239976637,baseline_A,2,0.9108599,0.7225879,0.6581763423352099
1555.5145739926957,baseline_A,2,0.90193,0.7220506,0.651239097658
1559.5808679936454,baseline_A,2,0.90193,0.7225879,0.6517237046469999
1563.6517920065671,baseline_A,2,0.90193,0.7220506,0.651239097658
1571.012387983501,baseline_A,2,1.06267,0.8182165,0.869494128055
1575.1558850170113,baseline_A,2,1.08946,0.8182165,0.8914141480900001
1586.2482049851678,baseline_A,2,0.9108599,0.7223192,0.65793159428008
1590.341925038956,baseline_A,2,0.91979,0.7220506,0.664134921374
1594.4213480106555,baseline_A,2,0.93765,0.7223192,0.67728259788
1600.7145839976147,baseline_A,2,1.05374,0.8187538,0.8627536292119999
1607.840941986069,baseline_A,2,0.90193,0.7225879,0.6517237046469999
1612.441878998652,baseline_A,2,0.9108599,0.7228564,0.65842090821836
1616.5104510146193,baseline_A,2,0.9108599,0.7223192,0.65793159428008
1620.6297079916112,baseline_A,2,0.91979,0.7228564,0.664876088156
1624.7034840052947,baseline_A,2,0.9108599,0.7223192,0.65793159428008
1628.793370036874,baseline_A,2,0.9108599,0.7225879,0.6581763423352099
1632.894701033365,baseline_A,2,0.91979,0.7228564,0.664876088156
1636.9429220212623,baseline_A,2,0.9108599,0.7223192,0.65793159428008
1640.9920310252346,baseline_A,2,0.93765,0.7225879,0.6775345444349999
1645.0652329949662,baseline_A,2,0.90193,0.7223192,0.6514813560560001
1649.1218790179119,baseline_A,2,0.9108599,0.7225879,0.6581763423352099
1653.1892290222459,baseline_A,2,0.9108599,0.7225879,0.6581763423352099
1657.2633560281247,baseline_A,2,0.90193,0.7223192,0.6514813560560001
1661.3172800280154,baseline_A,2,0.9287199,0.7225879,0.67108176222921
1665.3615009854548,baseline_A,2,0.9108599,0.7223192,0.65793159428008
1669.4166290108114,baseline_A,2,0.91979,0.7225879,0.664629124541
1673.48897800548,baseline_A,2,0.90193,0.7223192,0.6514813560560001
1677.5574390194379,baseline_A,2,0.9287199,0.7228564,0.67133112352236
1681.6033640061505,baseline_A,2,0.90193,0.7225879,0.6517237046469999
1685.7478790334426,baseline_A,2,0.8572799,0.7225879,0.61946008265321
1693.6191740096547,baseline_A,2,1.29485,0.9286194,1.20242283009
1699.4609700050205,baseline_A,2,1.29485,0.928888,1.2027706268
1704.1510179988109,baseline_A,2,1.30378,0.928888,1.21106559664
1708.3251069998369,baseline_A,2,1.30378,0.9286194,1.2107154013319998
1712.5207519857213,baseline_A,2,1.30378,0.9286194,1.2107154013319998
1719.3166129873134,baseline_A,2,1.26806,0.9286194,1.177545116364
1723.4541660291143,baseline_A,2,1.27699,0.9286194,1.185837687606
1730.4017100250348,baseline_A,2,1.30378,0.9283507,1.2103650756459998
1737.1905890177004,baseline_A,2,1.26806,0.928888,1.1778857172800001
1741.3146420149133,baseline_A,2,1.26806,0.9283507,1.1772043886419998
1745.4148620017804,baseline_A,2,1.26806,0.928888,1.1778857172800001
1749.5385269867256,baseline_A,2,1.28592,0.9283507,1.1937847321439998
1756.4745899871923,baseline_A,2,1.30378,0.9286194,1.2107154013319998
1762.6874190173112,baseline_A,2,1.02695,0.8198282,0.84192256999
1770.8532850374468,baseline_A,2,0.9108599,0.7225879,0.6581763423352099
1775.4221489885822,baseline_A,2,0.8929999,0.7225879,0.6452709224412099
1779.5403309864923,baseline_A,2,0.9108599,0.7223192,0.65793159428008
1783.6353470338508,baseline_A,2,0.8929999,0.7223192,0.64503097336808
1790.9558329847641,baseline_A,2,1.0716,0.8182165,0.8768008014
1797.9868950205855,baseline_A,2,0.9108599,0.7225879,0.6581763423352099
1802.080132998526,baseline_A,2,0.8929999,0.7220506,0.64479111359494
1806.1790940118954,baseline_A,2,0.91979,0.7223192,0.664381976968
1813.4696540073492,baseline_A,2,1.08053,0.8184852,0.884397813156
1820.5270490143448,baseline_A,2,0.9287199,0.7228564,0.67133112352236
1824.6468610013835,baseline_A,2,0.88407,0.7223192,0.638580735144
1828.7279889918864,baseline_A,2,0.90193,0.7228564,0.6519658728519999
1832.83744903747,baseline_A,2,0.9108599,0.7223192,0.65793159428008
1840.196767996531,baseline_A,2,1.0716,0.8184852,0.8770887403200001
1844.3264689994976,baseline_A,2,1.08053,0.8182165,0.884107474745
1851.3637160067447,baseline_A,2,0.9287199,0.7223192,0.67083221519208
1855.4762320127338,baseline_A,2,0.91979,0.7225879,0.664629124541
1859.605951991398,baseline_A,2,0.8929999,0.7223192,0.64503097336808
1865.8290220191702,baseline_A,2,1.08053,0.8184852,0.884397813156
1870.531477034092,baseline_A,2,1.08053,0.8182165,0.884107474745
1876.658714027144,baseline_A,2,0.9108599,0.7223192,0.65793159428008
1881.1777450027876,baseline_A,2,0.9108599,0.7225879,0.6581763423352099
1885.2388539817184,baseline_A,2,0.90193,0.7228564,0.6519658728519999
1889.3084450392053,baseline_A,2,0.9108599,0.7225879,0.6581763423352099
1896.598263992928,baseline_A,2,1.08946,0.8184852,0.8917068859920001
1903.9220270351507,baseline_A,2,0.8929999,0.7228564,0.6455106929143599
1907.9857100150548,baseline_A,2,0.9287199,0.7225879,0.67108176222921
1912.0690220152028,baseline_A,2,0.90193,0.7223192,0.6514813560560001
1916.1317060352303,baseline_A,2,0.8929999,0.7223192,0.64503097336808
1920.206852024421,baseline_A,2,0.9108599,0.7223192,0.65793159428008
1924.2939610267058,baseline_A,2,0.9108599,0.7225879,0.6581763423352099
1928.3435890101828,baseline_A,2,0.9108599,0.7223192,0.65793159428008
1932.4138090014458,baseline_A,2,0.8929999,0.7225879,0.6452709224412099
1936.4757330040447,baseline_A,2,0.90193,0.7225879,0.6517237046469999
1940.6567109981552,baseline_A,2,0.8929999,0.7225879,0.6452709224412099
1947.8926419978961,baseline_A,2,1.08053,0.8179479,0.8838172443869999
1952.075657027308,baseline_A,2,1.08053,0.8179479,0.8838172443869999
1956.2184319947846,baseline_A,2,1.0716,0.8179479,0.87651296964
1960.3688369970769,baseline_A,2,1.08053,0.8182165,0.884107474745
1967.3935290193185,baseline_A,2,0.8929999,0.723125,0.6457505526875
1971.4485080330633,baseline_A,2,0.90193,0.7225879,0.6517237046469999
1975.5229140282609,baseline_A,2,0.8929999,0.7223192,0.64503097336808
1981.8257979932241,baseline_A,2,1.0716,0.8184852,0.8770887403200001
1986.5305669954978,baseline_A,2,1.08053,0.8184852,0.884397813156
1993.5532219824381,baseline_A,2,0.8929999,0.7225879,0.6452709224412099
1997.6337749976665,baseline_A,2,0.90193,0.7228564,0.6519658728519999
2001.6993110184558,baseline_A,2,0.9108599,0.7223192,0.65793159428008
2005.7879380183294,baseline_A,2,0.91979,0.7223192,0.664381976968
2009.860583988484,baseline_A,2,0.91979,0.7225879,0.664629124541
2017.2118099872023,baseline_A,2,1.0716,0.8187538,0.8773765720800001
2021.334177989047,baseline_A,2,1.0716,0.8184852,0.8770887403200001
2028.4147210186347,baseline_A,2,0.90193,0.7225879,0.6517237046469999
2032.556218036916,baseline_A,2,0.9287199,0.7223192,0.67083221519208
2036.657123011537,baseline_A,2,0.9108599,0.7225879,0.6581763423352099
2040.7660650089383,baseline_A,2,0.9108599,0.7223192,0.65793159428008
2044.8793960385956,baseline_A,2,0.9287199,0.7223192,0.67083221519208
2048.9664500346407,baseline_A,2,0.9108599,0.7223192,0.65793159428008
2056.258397991769,baseline_A,2,1.08053,0.8184852,0.884397813156
2060.39050698746,baseline_A,2,1.05374,0.8184852,0.8624705946479999
2067.4296430079266,baseline_A,2,0.9108599,0.7228564,0.65842090821836
2071.5314369881526,baseline_A,2,0.9108599,0.7228564,0.65842090821836
2075.6321570370346,baseline_A,2,0.9108599,0.7225879,0.6581763423352099
2079.697987996042,baseline_A,2,0.9108599,0.7223192,0.65793159428008
2083.766653027851,baseline_A,2,0.9108599,0.723125,0.6586655651875
2087.819557986222,baseline_A,2,0.8929999,0.7225879,0.6452709224412099
2091.8925930163823,baseline_A,2,0.91979,0.7228564,0.664876088156
2095.952979987487,baseline_A,2,0.90193,0.7223192,0.6514813560560001
2100.007089029532,baseline_A,2,0.8929999,0.7225879,0.6452709224412099
2104.0904950350523,baseline_A,2,0.9108599,0.7223192,0.65793159428008
2108.1642330391333,baseline_A,2,0.87514,0.7225879,0.632365574806
2112.244472024031,baseline_A,2,0.90193,0.7228564,0.6519658728519999
2116.314859013073,baseline_A,2,0.9108599,0.7225879,0.6581763423352099
2120.3708380344324,baseline_A,2,0.91979,0.7228564,0.664876088156
2124.521984020248,prefill,3,0.9108599,0.7225879,0.6581763423352099
2133.2688630209304,prefill,3,1.85744,0.8332592,1.547728968448
2139.1956389998086,prefill,3,2.80402,0.9286194,2.603867369988
2143.4441540041007,prefill,3,2.48254,0.9275449,2.302667316046
2151.6544640180655,prefill,3,2.61649,0.9186804,2.403718079796
2157.551037031226,prefill,3,2.33073,0.8891322,2.0723270925060002
2163.5659420280717,prefill,3,2.39324,0.8896694,2.129192394856
2170.20384198986,prefill,3,2.66114,0.9184118,2.4440223774520002
2181.16438499419,prefill,3,2.83081,0.928888,2.6295054392800004
2187.4569350038655,prefill,3,2.49147,0.9291566,2.314965794202
2191.805209033191,prefill,3,2.63435,0.9286194,2.44630851639
2196.0550009971485,prefill,3,2.53612,0.9283507,2.3544087772839997
2201.8781669903547,prefill,3,2.47361,0.9184118,2.271792612598
2206.164181989152,prefill,3,2.35752,0.9192177,2.1670741121040002
2215.093078033533,prefill,3,2.48254,0.9192177,2.2819947089580004
2219.8244950268418,prefill,3,2.62542,0.9304997,2.442952522374
2224.322599999141,prefill,3,2.75937,0.928888,2.5631456805600004
2229.715141002089,prefill,3,2.39324,0.9186804,2.198622680496
2233.9867670089006,prefill,3,2.57184,0.9184118,2.362008203712
2238.1847639917396,prefill,3,2.58077,0.9192177,2.372289463629
2244.52388798818,prefill,3,2.72365,0.9286194,2.52923422881
2249.095881008543,prefill,3,2.83974,0.9278135,2.63474910849
2256.6272530239075,prefill,3,2.29501,0.928888,2.13180724888
2261.4555769832805,prefill,3,2.75937,0.9280821,2.560921904277
2265.7943129888736,prefill,3,2.5897,0.9291566,2.40623684702
2272.443342022598,prefill,3,2.42003,0.9184118,2.2225841083540003
2279.199481010437,prefill,3,2.47361,0.9286194,2.297042234034
2283.8751950184815,prefill,3,2.62542,0.9283507,2.437310494794
2290.266819007229,prefill,3,2.66114,0.9286194,2.471186230116
2300.070059020072,prefill,3,2.8576,0.9294252,2.65592545152
2304.1127049946226,prefill,3,2.7683,0.9286194,2.57069708502
2315.856203029398,prefill,3,2.8576,0.9280821,2.6520874089600004
2320.7535640103742,prefill,3,2.77723,0.9286194,2.578989656262
2325.3860929980874,prefill,3,2.86653,0.9283507,2.661145132071
2332.9325210070238,prefill,3,2.49147,0.9286194,2.313627376518
2338.2665070239455,prefill,3,2.75937,0.9283507,2.561663071059
2351.365602982696,prefill,3,2.47361,0.9184118,2.271792612598
2355.530749016907,prefill,3,2.61649,0.9280821,2.4283175338290004
2363.426080031786,prefill,3,2.60756,0.9286194,2.4214308026639997
2367.6395770162344,prefill,3,2.5897,0.9283507,2.40414980779
2372.141811007168,prefill,3,2.60756,0.9278135,2.41932937006
2378.0060700373724,prefill,3,2.48254,0.9194863,2.282661519202
2384.3808239907958,prefill,3,2.88439,0.9192177,2.651382341703
2389.0556120313704,prefill,3,2.43789,0.9192177,2.240951638653
2395.465235982556,prefill,3,2.7683,0.9294252,2.5729277811599998
2399.504308006726,prefill,3,2.7683,0.928888,2.5714406504
2405.1707169855945,prefill,3,2.34859,0.9197549,2.160127160591
2409.929578017909,prefill,3,2.60756,0.9192177,2.396915305812
2415.849873039406,prefill,3,2.59863,0.9280821,2.411741987523
2420.2982939896174,prefill,3,2.63435,0.9296938,2.44913886203
2425.7902409881353,prefill,3,2.45575,0.9178746,2.25407054895
2430.5406769854017,prefill,3,2.34859,0.9186804,2.157603600636
2435.116837034002,prefill,3,2.59863,0.9186804,2.3873104478519998
2466.0109850228764,prefill,3,2.70579,0.9296938,2.515556187102
2484.255939023569,prefill,3,2.68793,0.9294252,2.498229877836
2505.591383029241,prefill,3,2.72365,0.928888,2.5299658012000004
2510.021525027696,prefill,3,2.63435,0.928888,2.4470161028
2514.739517006092,prefill,3,2.64328,0.9272762,2.4510506339359996
2519.0057730069384,prefill,3,2.78616,0.928888,2.5880305900800002
2528.8708630250767,prefill,3,2.63435,0.918949,2.42083329815
2536.333828000352,prefill,3,2.52719,0.9286194,2.346797661486
2555.2835729904473,prefill,3,2.43789,0.903369,2.20231425141
2559.551623999141,prefill,3,2.9469,0.9280821,2.73496514049
2564.0794510254636,prefill,3,2.88439,0.928888,2.67927525832
2569.646175019443,prefill,3,2.56291,0.918949,2.35518358159
2579.169731994625,prefill,3,2.87546,0.9291566,2.671752637036
2621.8251190148294,prefill,3,2.55398,0.9294252,2.373733372296
2626.0040419874713,prefill,3,2.75937,0.9294252,2.564628014124
2631.0452530160546,prefill,3,2.65221,0.9286194,2.462893658874
2636.54034800129,prefill,3,2.68793,0.9192177,2.470792832361
2640.9051769878715,prefill,3,2.75044,0.9184118,2.526036551192
2646.4045320171863,prefill,3,2.8576,0.9286194,2.65362279744
2650.764638034161,prefill,3,2.92011,0.9291566,2.7132394792260004
2656.877856992651,prefill,3,2.73258,0.9184118,2.509633716444
2663.1097969948314,prefill,3,2.65221,0.9286194,2.462893658874
2668.821724015288,prefill,3,2.59863,0.9286194,2.413138231422
2682.9415510292165,prefill,3,2.75937,0.9286194,2.562404513778
2690.854271990247,prefill,3,2.68793,0.9286194,2.496063943842
2700.2174780354835,prefill,3,2.66114,0.9280821,2.469756399594
2705.128411995247,prefill,3,2.72365,0.9286194,2.52923422881
2710.7122850138694,prefill,3,2.75044,0.9283507,2.553372899308
2715.0787240243517,prefill,3,2.74151,0.9294252,2.548028480052
2727.033980016131,prefill,3,3.05406,0.928888,2.8368796852800005
2761.7167950375006,prefill,3,2.45575,0.9286194,2.28045709155
2767.6306089852005,prefill,3,2.34859,0.9294252,2.182838730468
2781.8001030245796,prefill,3,2.57184,0.9296938,2.391023702592
2785.985933034681,prefill,3,2.50933,0.9294252,2.332234537116
2790.5493340222165,prefill,3,2.62542,0.9294252,2.440131508584
2795.3079550061375,prefill,3,2.81295,0.9294252,2.61442661634
2803.2382300007157,prefill,3,2.39324,0.9178746,2.196694207704
2810.445161012467,prefill,3,2.679,0.9283507,2.4870515252999996
2817.741220991593,prefill,3,2.89332,0.9280821,2.685238501572
2828.283120004926,prefill,3,2.59863,0.9197549,2.3901026757870003
2834.836167981848,prefill,3,2.61649,0.9294252,2.431831741548
2839.1209600376897,prefill,3,2.83081,0.9304997,2.6340678557570003
2853.963003028184,prefill,3,2.42003,0.9173373,2.219983786119
2858.0086859874427,prefill,3,2.75937,0.9283507,2.561663071059
2861.977147986181,prefill,3,2.75937,0.9283507,2.561663071059
2865.857037017122,prefill,3,2.75044,0.9283507,2.553372899308
2871.4296130347066,prefill,3,2.61649,0.9184118,2.403015290582
2875.7158869993873,prefill,3,2.65221,0.918949,2.43724572729
2879.665551998187,prefill,3,2.59863,0.918949,2.38800843987
2884.277990029659,prefill,3,2.35752,0.9181431,2.164540721112
2890.1303780148737,prefill,3,2.49147,0.9178746,2.286857029662
2895.720509986859,prefill,3,2.67007,0.9291566,2.480913162962
2901.359491981566,prefill,3,2.7683,0.9280821,2.56920967743
2907.2733800276183,prefill,3,2.56291,0.9194863,2.356560633133
2914.890918007586,prefill,3,2.61649,0.9291566,2.4311289523340003
2946.9151480006985,prefill,3,2.63435,0.9286194,2.44630851639
2952.4665210046805,prefill,3,2.58077,0.9283507,2.395859636039
2988.291621033568,prefill,3,2.68793,0.9294252,2.498229877836
3022.4860520102084,prefill,3,2.90225,0.9280821,2.693526274725
3026.6623640200123,prefill,3,2.75044,0.9286194,2.554111942536
3034.228903008625,prefill,3,2.67007,0.9286194,2.479478801358
3039.538017997984,prefill,3,2.61649,0.9280821,2.4283175338290004
3044.293862010818,prefill,3,2.69686,0.9286194,2.504356515084
3054.9131670268252,prefill,3,3.46484,0.9184118,3.1821499411120002
3065.452566021122,prefill,3,2.69686,0.9286194,2.504356515084
3069.806598010473,prefill,3,2.50933,0.9280821,2.328864255993
3074.859160988126,prefill,3,2.45575,0.9283507,2.279797231525
3092.523602012079,prefill,3,2.5897,0.928888,2.4055412536
3106.440654024482,prefill,3,2.66114,0.9283507,2.470471181798
3111.4947909954935,prefill,3,2.63435,0.9286194,2.44630851639
3124.988680006936,prefill,3,2.42003,0.9291566,2.248586846698
3130.8358460082673,prefill,3,2.73258,0.9291566,2.538994742028
3138.296885008458,prefill,3,2.60756,0.9294252,2.4235319745119996
3148.5247500240803,prefill,3,2.71472,0.9294252,2.5231291789439996
3155.5391459842212,prefill,3,2.58077,0.9286194,2.3965530889379996
3167.2707370016724,prefill,3,2.46468,0.928888,2.2894116758400003
3186.6832360392436,prefill,3,2.52719,0.9280821,2.345439802299
3190.8884730073623,prefill,3,2.79509,0.928888,2.5963255599200004
3201.1136159999296,prefill,3,2.74151,0.9291566,2.547292110466
3211.291333020199,prefill,3,2.56291,0.928888,2.38065634408
3220.182802993804,prefill,3,3.37554,0.9296938,3.138218609652
3230.0735600292683,prefill,3,2.78616,0.9280821,2.5857852237360004
3237.9069849848747,prefill,3,2.60756,0.928888,2.42213119328
3242.5783849903382,prefill,3,2.45575,0.9283507,2.279797231525
3251.4021710376255,prefill,3,2.74151,0.928888,2.54655574088
3255.7179250288755,prefill,3,2.65221,0.9186804,2.436533343684
3264.5506180124357,prefill,3,2.59863,0.9283507,2.412439979541
3282.3458000202663,prefill,3,2.82188,0.9296938,2.623484340344
3288.631184026599,prefill,3,2.60756,0.9294252,2.4235319745119996
3296.5366819989868,prefill,3,2.75044,0.9286194,2.554111942536
3300.958639010787,prefill,3,2.7683,0.9304997,2.57590231951
3317.6401830278337,prefill,3,2.81295,0.9291566,2.61367105797
3327.0846480154432,prefill,3,2.57184,0.9294252,2.3903329063679997
3331.8200660287403,prefill,3,2.56291,0.9280821,2.378590894911
3340.322002011817,prefill,3,2.63435,0.9286194,2.44630851639
3350.8594750310294,prefill,3,2.45575,0.9286194,2.28045709155
3363.02287701983,prefill,3,2.5897,0.9286194,2.40484566018
3367.6448700134642,prefill,3,6.93861,0.9291566,6.447055276326
3377.450961037539,prefill,3,5.8938,0.9192177,5.41768528026
3382.9624819918536,prefill,3,4.13459,0.9291566,3.8416815867940004
3389.0819050138816,prefill,3,5.34907,0.9286194,4.967250173958
3393.4284560382366,prefill,3,4.15245,0.9283507,3.854929864215
3397.696693020407,prefill,3,4.75076,0.9283507,4.410371371531999
3402.054743026383,decode,4,5.25977,0.9304997,4.894214407069
3412.462273030542,decode,4,2.83974,0.9286194,2.637037654956
3417.650796996895,decode,4,5.22405,0.9304997,4.860976957785001
3421.821998024825,decode,4,4.06315,0.9291566,3.7753026392900004
3425.980458036065,decode,4,4.05422,0.9286194,3.7648273438679998
3430.077141034417,decode,4,4.42035,0.9286194,4.10482276479
3435.5666440096684,decode,4,5.34907,0.9299625,4.9744345098750005
3441.069388005417,decode,4,5.42051,0.9294252,5.037958590852
3446.0979499854147,baseline_B,5,5.27763,0.9291566,4.903744746858
3450.076930981595,baseline_B,5,1.63419,0.928888,1.51797948072
3453.957153018564,baseline_B,5,1.62526,0.9283507,1.508811258682
3460.965899983421,baseline_B,5,1.17876,0.8335279,0.982529347404
3468.0402210215107,baseline_B,5,0.9465799,0.7228564,0.68424133882636
3472.142552025616,baseline_B,5,0.9465799,0.723125,0.6844955901875001
3476.24160599662,baseline_B,5,0.9465799,0.7223192,0.6837328361040801
3480.3394179907627,baseline_B,5,0.96444,0.7223192,0.696633529248
3487.69081098726,baseline_B,5,1.11625,0.8179479,0.9130343433749999
3491.8533450108953,baseline_B,5,1.10732,0.8179479,0.905730068628
3498.8657220383175,baseline_B,5,0.9465799,0.7223192,0.6837328361040801
3502.94458999997,baseline_B,5,0.9287199,0.7225879,0.67108176222921
3507.0622169878334,baseline_B,5,0.9287199,0.7225879,0.67108176222921
3513.2935830042697,baseline_B,5,1.10732,0.8187538,0.906622457816
3517.997038026806,baseline_B,5,1.11625,0.8187538,0.9139339292499999
3525.021007983014,baseline_B,5,0.9465799,0.7228564,0.68424133882636
3529.0995609830134,baseline_B,5,0.93765,0.7223192,0.67728259788
3533.172245020978,baseline_B,5,0.9465799,0.7225879,0.68398718212321
3540.505896031391,baseline_B,5,1.09839,0.8187538,0.8993109863819999
3544.6826710249297,baseline_B,5,1.09839,0.8179479,0.898425793881
3551.7624740023166,baseline_B,5,0.93765,0.7228564,0.6777863034599999
3555.833378981333,baseline_B,5,0.9465799,0.7225879,0.68398718212321
3559.902228997089,baseline_B,5,0.9287199,0.7225879,0.67108176222921
3563.9927820302546,baseline_B,5,0.9465799,0.7223192,0.6837328361040801
3568.0668730055913,baseline_B,5,0.93765,0.7223192,0.67728259788
3572.1262780134566,baseline_B,5,0.9287199,0.7225879,0.67108176222921
3576.186628022697,baseline_B,5,0.9287199,0.7223192,0.67083221519208
3580.293125996832,baseline_B,5,0.91979,0.7223192,0.664381976968
3591.675257019233,baseline_B,5,1.09839,0.8187538,0.8993109863819999
3598.6890050116926,baseline_B,5,0.9108599,0.7236622,0.65915487912578
3602.75622503832,baseline_B,5,0.9108599,0.7225879,0.6581763423352099
3606.8537409882993,baseline_B,5,0.9287199,0.7223192,0.67083221519208
3614.134264003951,baseline_B,5,1.08946,0.8182165,0.8914141480900001
3621.15088198334,baseline_B,5,0.91979,0.7223192,0.664381976968
3625.2310459967703,baseline_B,5,0.91979,0.7225879,0.664629124541
3629.333340039011,baseline_B,5,0.9287199,0.7220506,0.67058276102694
3636.6961399908178,baseline_B,5,1.08946,0.8187538,0.891999514948
3640.878470032476,baseline_B,5,1.08946,0.8184852,0.8917068859920001
3647.917866008356,baseline_B,5,0.91979,0.7225879,0.664629124541
3651.9988080253825,baseline_B,5,0.9108599,0.7225879,0.6581763423352099
3659.2848119908012,baseline_B,5,1.08946,0.8187538,0.891999514948
3666.3735029869713,baseline_B,5,0.9108599,0.7225879,0.6581763423352099
3670.4570570145734,baseline_B,5,1.14304,0.7225879,0.825946873216
3674.517036008183,baseline_B,5,0.9465799,0.7223192,0.6837328361040801
3678.582016029395,baseline_B,5,0.91979,0.7225879,0.664629124541
3682.761012983974,baseline_B,5,0.91979,0.7225879,0.664629124541
3689.0399900148623,baseline_B,5,1.04481,0.8184852,0.855161521812
3693.765665986575,baseline_B,5,1.05374,0.8182165,0.8621874547099999
3702.012809982989,baseline_B,5,1.31271,0.9286194,1.219007972574
3708.749949000776,baseline_B,5,1.28592,0.928888,1.19447565696
3715.974676015321,baseline_B,5,1.40201,0.9286194,1.301933684994
3720.1700609875843,baseline_B,5,1.30378,0.9283507,1.2103650756459998
3726.962791988626,baseline_B,5,1.28592,0.9283507,1.1937847321439998
3731.0845860047266,baseline_B,5,1.27699,0.9286194,1.185837687606
3735.2234720019624,baseline_B,5,1.27699,0.9286194,1.185837687606
3739.3713030032814,baseline_B,5,1.27699,0.9286194,1.185837687606
3746.332162001636,baseline_B,5,1.33057,0.928888,1.23595050616
3753.130430006422,baseline_B,5,1.27699,0.928888,1.18618068712
3757.2181870345958,baseline_B,5,1.28592,0.9283507,1.1937847321439998
3761.314184986986,baseline_B,5,1.27699,0.928888,1.18618068712
3769.212683022488,baseline_B,5,0.91979,0.7223192,0.664381976968
3773.310199030675,baseline_B,5,0.90193,0.7223192,0.6514813560560001
3777.40179002285,baseline_B,5,0.9287199,0.7225879,0.67108176222921
3781.479510013014,baseline_B,5,0.90193,0.723125,0.65220813125
3785.5483230086975,baseline_B,5,0.9287199,0.7225879,0.67108176222921
3789.6085060201585,baseline_B,5,0.90193,0.7228564,0.6519658728519999
3793.6644119909033,baseline_B,5,0.90193,0.7225879,0.6517237046469999
3797.7522980072536,baseline_B,5,0.9287199,0.7228564,0.67133112352236
3801.8191850278527,baseline_B,5,0.91979,0.7225879,0.664629124541
3805.888054019306,baseline_B,5,0.9108599,0.7225879,0.6581763423352099
3809.9856069893576,baseline_B,5,0.9287199,0.7225879,0.67108176222921
3814.043920021504,baseline_B,5,0.9287199,0.7225879,0.67108176222921
3818.1136210332625,baseline_B,5,0.9287199,0.7225879,0.67108176222921
3822.190564009361,baseline_B,5,0.91979,0.7225879,0.664629124541
3826.278875989374,baseline_B,5,0.9287199,0.7225879,0.67108176222921
3830.375522025861,baseline_B,5,0.91979,0.7228564,0.664876088156
3834.425965033006,baseline_B,5,1.12518,0.7223192,0.8127391174560001
3838.487407017965,baseline_B,5,0.9465799,0.7225879,0.68398718212321
3842.559165030252,baseline_B,5,0.93765,0.7225879,0.6775345444349999
3846.6342000174336,baseline_B,5,0.93765,0.7223192,0.67728259788
3850.7041790289804,baseline_B,5,0.9108599,0.7225879,0.6581763423352099
3854.7701589995995,baseline_B,5,0.93765,0.7223192,0.67728259788
3858.8194720214233,baseline_B,5,0.9287199,0.7225879,0.67108176222921
3862.9044140107,baseline_B,5,0.91979,0.7228564,0.664876088156
3866.9836340122856,baseline_B,5,0.9108599,0.7223192,0.65793159428008
3871.0499650333077,baseline_B,5,0.9287199,0.7220506,0.67058276102694
3875.1097969943658,baseline_B,5,0.9108599,0.7220506,0.65768693731094
3879.191165033262,baseline_B,5,0.93765,0.7220506,0.6770307450899999
3883.2421629922464,baseline_B,5,0.91979,0.7225879,0.664629124541
3887.3294760123827,baseline_B,5,0.9108599,0.7225879,0.6581763423352099
3891.399491985794,baseline_B,5,0.91979,0.7225879,0.664629124541
3895.472323987633,baseline_B,5,0.91979,0.7225879,0.664629124541
3899.5302480179816,baseline_B,5,0.9108599,0.7223192,0.65793159428008
3903.623468009755,baseline_B,5,0.91979,0.7223192,0.664381976968
3907.710225030314,baseline_B,5,0.9287199,0.7225879,0.67108176222921
3911.8265740107745,baseline_B,5,0.91979,0.7223192,0.664381976968
3918.115679989569,baseline_B,5,1.08053,0.8184852,0.884397813156
3922.817134996876,baseline_B,5,1.0716,0.8187538,0.8773765720800001
3929.8950119991787,baseline_B,5,0.90193,0.7228564,0.6519658728519999
3934.010250028223,baseline_B,5,0.9287199,0.7225879,0.67108176222921
3938.116376986727,baseline_B,5,0.91979,0.7225879,0.664629124541
3945.472417981364,baseline_B,5,1.08946,0.8184852,0.8917068859920001
3952.4921650299802,baseline_B,5,0.91979,0.7228564,0.664876088156
3956.594663031865,baseline_B,5,0.91979,0.7223192,0.664381976968
3960.6753460248,baseline_B,5,0.9108599,0.7225879,0.6581763423352099
3964.795973035507,baseline_B,5,0.9287199,0.7225879,0.67108176222921
3972.137755015865,baseline_B,5,1.08946,0.8184852,0.8917068859920001
3976.265400007833,baseline_B,5,1.08946,0.8182165,0.8914141480900001
3983.350239985157,baseline_B,5,0.9287199,0.7225879,0.67108176222921
3987.426551990211,baseline_B,5,0.91979,0.7225879,0.664629124541
3991.5144569822587,baseline_B,5,0.90193,0.7225879,0.6517237046469999
3995.619659021031,baseline_B,5,0.91979,0.7223192,0.664381976968
3999.721545027569,baseline_B,5,0.90193,0.7225879,0.6517237046469999
4006.029614014551,baseline_B,5,1.08946,0.8182165,0.8914141480900001
4010.741568985395,baseline_B,5,1.08946,0.8182165,0.8914141480900001
4017.764224030543,baseline_B,5,0.9108599,0.7220506,0.65768693731094
4021.8413330148906,baseline_B,5,0.9108599,0.7225879,0.6581763423352099
4025.900312990416,baseline_B,5,0.91979,0.7225879,0.664629124541
4029.968625982292,baseline_B,5,0.93765,0.7225879,0.6775345444349999
4034.056753036566,baseline_B,5,0.9108599,0.7220506,0.65768693731094
4041.3494420354255,baseline_B,5,1.08946,0.8187538,0.891999514948
4048.436318989843,baseline_B,5,0.91979,0.7225879,0.664629124541
4052.527113002725,baseline_B,5,0.9108599,0.7225879,0.6581763423352099
4056.601313990541,baseline_B,5,0.9108599,0.7223192,0.65793159428008
4060.690683021676,baseline_B,5,0.91979,0.7223192,0.664381976968
4064.7700509871356,baseline_B,5,0.9108599,0.7225879,0.6581763423352099
4068.867919035256,baseline_B,5,0.90193,0.7225879,0.6517237046469999
4072.9406949831173,baseline_B,5,0.9108599,0.7225879,0.6581763423352099
4077.0024150260724,baseline_B,5,0.9108599,0.7225879,0.6581763423352099
4081.081542011816,baseline_B,5,0.8929999,0.7225879,0.6452709224412099
4085.154800035525,baseline_B,5,0.93765,0.7223192,0.67728259788
4089.204168005381,baseline_B,5,0.9287199,0.7223192,0.67083221519208
4093.264036986511,baseline_B,5,0.8929999,0.7225879,0.6452709224412099
4097.311831021216,baseline_B,5,0.9287199,0.7223192,0.67083221519208
4101.392032986041,baseline_B,5,0.91979,0.7225879,0.664629124541
4105.4732340271585,baseline_B,5,0.9287199,0.7223192,0.67083221519208
4109.5593250356615,baseline_B,5,0.9287199,0.7225879,0.67108176222921
4113.612249027938,baseline_B,5,0.9108599,0.7225879,0.6581763423352099
4117.667543003336,baseline_B,5,0.91979,0.7228564,0.664876088156
4121.717114991043,baseline_B,5,0.9287199,0.7223192,0.67083221519208
4125.800909998361,baseline_B,5,0.90193,0.7223192,0.6514813560560001
4129.865703987889,baseline_B,5,0.9108599,0.7220506,0.65768693731094
4133.9290169999,baseline_B,5,0.9108599,0.723125,0.6586655651875
4137.980237021111,baseline_B,5,0.91979,0.7225879,0.664629124541
4142.046680033673,baseline_B,5,0.9108599,0.7225879,0.6581763423352099
4146.101474005263,baseline_B,5,0.9108599,0.7228564,0.65842090821836
4150.179157033563,baseline_B,5,0.91979,0.7225879,0.664629124541
4154.248489008751,baseline_B,5,0.9108599,0.7223192,0.65793159428008
4158.322042028885,baseline_B,5,0.9108599,0.7225879,0.6581763423352099
4162.356707034633,baseline_B,5,0.91979,0.7225879,0.664629124541
4166.422648995649,baseline_B,5,0.90193,0.7228564,0.6519658728519999
4170.479944034014,baseline_B,5,1.00016,0.7223192,0.722434771072
4174.540959997103,baseline_B,5,0.9287199,0.7225879,0.67108176222921
4178.618384001311,baseline_B,5,0.91979,0.7228564,0.664876088156
4182.696234027389,baseline_B,5,0.91979,0.723125,0.66512314375
4186.768510029651,baseline_B,5,0.91979,0.7223192,0.664381976968
4190.827082027681,baseline_B,5,0.90193,0.7225879,0.6517237046469999
4194.892043014988,baseline_B,5,0.9287199,0.7225879,0.67108176222921
4198.970522033051,baseline_B,5,0.91979,0.7228564,0.664876088156
4203.024520014878,baseline_B,5,0.91979,0.7223192,0.664381976968
4207.086148031522,baseline_B,5,0.90193,0.7223192,0.6514813560560001
4211.1351460334845,baseline_B,5,0.90193,0.7223192,0.6514813560560001
4215.1955520384945,baseline_B,5,0.91979,0.7223192,0.664381976968
4219.260254001711,baseline_B,5,0.91979,0.7223192,0.664381976968
4223.3276960323565,baseline_B,5,0.9287199,0.7225879,0.67108176222921
4227.393231005408,baseline_B,5,0.9108599,0.7223192,0.65793159428008
4231.449802988209,baseline_B,5,0.9108599,0.7225879,0.6581763423352099
4235.532505030278,baseline_B,5,0.90193,0.7225879,0.6517237046469999
4239.611688011792,baseline_B,5,0.9287199,0.7223192,0.67083221519208
4243.659668019973,baseline_B,5,0.90193,0.7225879,0.6517237046469999
4247.723388019949,baseline_B,5,0.9108599,0.7228564,0.65842090821836
4251.781497034244,baseline_B,5,0.9108599,0.7223192,0.65793159428008
4255.849254026543,baseline_B,5,0.91979,0.7220506,0.664134921374
4259.916067006998,baseline_B,5,0.9108599,0.7225879,0.6581763423352099
4263.976546993945,baseline_B,5,0.9108599,0.7223192,0.65793159428008
4268.05317401886,baseline_B,5,0.9108599,0.7220506,0.65768693731094
4272.116876032669,baseline_B,5,0.9108599,0.7223192,0.65793159428008
4276.170652010478,baseline_B,5,0.9287199,0.7225879,0.67108176222921
4280.233761004638,baseline_B,5,0.9108599,0.7228564,0.65842090821836
4284.305278037209,baseline_B,5,0.9287199,0.7225879,0.67108176222921
4288.376294018235,baseline_B,5,0.9108599,0.7225879,0.6581763423352099
4292.4595510121435,baseline_B,5,0.9108599,0.7228564,0.65842090821836
4296.5256969910115,baseline_B,5,0.90193,0.7225879,0.6517237046469999
4300.6608610157855,baseline_B,5,0.9287199,0.7223192,0.67083221519208
4304.835877032019,baseline_B,5,0.9108599,0.7225879,0.6581763423352099
4312.111955019645,baseline_B,5,1.08946,0.8187538,0.891999514948
4316.255712008569,baseline_B,5,1.08053,0.8187538,0.884688043514
4320.41682000272,baseline_B,5,1.08946,0.8182165,0.8914141480900001
4324.566280003637,baseline_B,5,1.08053,0.8182165,0.884107474745
4328.753757989034,baseline_B,5,1.0716,0.8184852,0.8770887403200001
4336.023411015049,baseline_B,5,0.90193,0.7225879,0.6517237046469999
4340.113816026133,baseline_B,5,0.9108599,0.7223192,0.65793159428008
4344.198331993539,baseline_B,5,0.9108599,0.7223192,0.65793159428008
4348.273070994765,baseline_B,5,0.8929999,0.7225879,0.6452709224412099
4352.342421014328,baseline_B,5,0.9108599,0.7223192,0.65793159428008
4356.421308009885,baseline_B,5,0.91979,0.7223192,0.664381976968
4360.542879032437,baseline_B,5,0.90193,0.7228564,0.6519658728519999
4364.631636010017,baseline_B,5,0.91979,0.7225879,0.664629124541
4368.740449019242,baseline_B,5,0.90193,0.7225879,0.6517237046469999
4372.841558011714,baseline_B,5,0.9287199,0.7223192,0.67083221519208
4376.913833024446,baseline_B,5,0.9108599,0.7223192,0.65793159428008
4380.9923870139755,baseline_B,5,0.9287199,0.7228564,0.67133112352236
4388.280095008668,baseline_B,5,1.06267,0.8182165,0.869494128055
4392.424573015887,baseline_B,5,1.08053,0.8184852,0.884397813156
4396.57351502683,baseline_B,5,1.0716,0.8182165,0.8768008014
4400.78490099404,baseline_B,5,1.06267,0.8179479,0.8692086948929999
4407.778833003249,baseline_B,5,0.9108599,0.7223192,0.65793159428008
4411.867887014523,baseline_B,5,0.9287199,0.7220506,0.67058276102694
4415.959662001114,baseline_B,5,0.9287199,0.7225879,0.67108176222921
4420.054475020152,baseline_B,5,0.90193,0.7223192,0.6514813560560001
4424.15625002468,baseline_B,5,0.9108599,0.7228564,0.65842090821836
4431.511364993639,baseline_B,5,1.09839,0.8182165,0.898720821435
4435.654733038973,baseline_B,5,1.06267,0.8187538,0.870065100646
4442.682091030292,baseline_B,5,0.9108599,0.7239309,0.65939962718091
4446.781162987463,baseline_B,5,0.9108599,0.7223192,0.65793159428008
4450.858197989874,baseline_B,5,0.9287199,0.7225879,0.67108176222921
4454.933511035051,baseline_B,5,0.9287199,0.7225879,0.67108176222921
4459.002582996618,baseline_B,5,0.91979,0.7225879,0.664629124541
4463.062970025931,baseline_B,5,0.9287199,0.7223192,0.67083221519208
4467.132616031449,baseline_B,5,0.9108599,0.7225879,0.6581763423352099
4471.190818003379,baseline_B,5,0.9287199,0.7228564,0.67133112352236
4475.258890015539,baseline_B,5,0.9108599,0.7223192,0.65793159428008
4479.333462018985,baseline_B,5,0.9108599,0.7225879,0.6581763423352099
4483.408274012618,baseline_B,5,0.90193,0.7223192,0.6514813560560001
4487.468847015407,baseline_B,5,0.9108599,0.7225879,0.6581763423352099
4491.526252008043,baseline_B,5,0.9108599,0.7225879,0.6581763423352099
4495.580935035832,baseline_B,5,0.9108599,0.7225879,0.6581763423352099
4499.660156026948,baseline_B,5,0.9108599,0.7223192,0.65793159428008
4503.73961601872,baseline_B,5,0.9108599,0.7225879,0.6581763423352099
4507.795763027389,baseline_B,5,0.9287199,0.7223192,0.67083221519208
4511.860186990816,baseline_B,5,0.9287199,0.7223192,0.67083221519208
4515.915906988084,baseline_B,5,0.9108599,0.7225879,0.6581763423352099
4522.21466100309,baseline_B,5,1.10732,0.8187538,0.906622457816
4526.936209003907,baseline_B,5,1.0716,0.8184852,0.8770887403200001
4532.987873011734,baseline_B,5,0.91979,0.7225879,0.664629124541
4537.511570029892,baseline_B,5,0.90193,0.7223192,0.6514813560560001
4541.571198031306,baseline_B,5,0.9108599,0.7223192,0.65793159428008
4545.63358501764,baseline_B,5,0.9287199,0.7225879,0.67108176222921
4552.986922033597,baseline_B,5,1.08053,0.8184852,0.884397813156
4560.053224035073,baseline_B,5,0.8929999,0.7220506,0.64479111359494
4564.146611024626,baseline_B,5,0.9287199,0.7223192,0.67083221519208
4568.229016033001,baseline_B,5,0.90193,0.7223192,0.6514813560560001
4572.30866199825,baseline_B,5,0.91979,0.7225879,0.664629124541
4576.361382030882,baseline_B,5,0.9108599,0.7225879,0.6581763423352099
4580.427657987457,baseline_B,5,0.9287199,0.7223192,0.67083221519208
4588.5224509984255,baseline_B,5,0.90193,0.7225879,0.6517237046469999
4592.595208028797,baseline_B,5,0.9108599,0.721782,0.6574422803418
4596.747056988534,baseline_B,5,0.9108599,0.7220506,0.65768693731094
4604.113024019171,baseline_B,5,1.0716,0.8182165,0.8768008014
4608.281761000399,baseline_B,5,1.08053,0.8182165,0.884107474745
4612.437832984142,baseline_B,5,1.0716,0.8179479,0.87651296964
4616.618422034662,baseline_B,5,1.08053,0.8184852,0.884397813156
4620.7563820062205,baseline_B,5,1.08053,0.8184852,0.884397813156
4628.008553991094,baseline_B,5,0.9108599,0.7225879,0.6581763423352099
4632.098385016434,baseline_B,5,0.8929999,0.7223192,0.64503097336808
4636.1763830063865,baseline_B,5,0.8929999,0.7225879,0.6452709224412099
4640.259788022377,baseline_B,5,0.9108599,0.7223192,0.65793159428008
4644.342749030329,baseline_B,5,0.9287199,0.7223192,0.67083221519208
4648.39926501736,baseline_B,5,0.90193,0.7225879,0.6517237046469999
4652.469004038721,baseline_B,5,0.9287199,0.7225879,0.67108176222921
4656.537595030386,baseline_B,5,0.9108599,0.7220506,0.65768693731094
4660.605352022685,baseline_B,5,0.9108599,0.7225879,0.6581763423352099
4664.689423982054,baseline_B,5,0.9108599,0.7225879,0.6581763423352099
4668.7458290252835,baseline_B,5,0.9287199,0.7225879,0.67108176222921
4672.849641996436,baseline_B,5,0.9108599,0.7228564,0.65842090821836
4680.21190399304,baseline_B,5,1.08053,0.8182165,0.884107474745
4684.407068009023,baseline_B,5,1.55382,0.8184852,1.271778673464
4692.652915022336,baseline_B,5,1.29485,0.9280821,1.201727107185
4696.908485027961,baseline_B,5,1.29485,0.9286194,1.20242283009
4701.079723017756,baseline_B,5,1.30378,0.9283507,1.2103650756459998
4705.261959985364,baseline_B,5,1.28592,0.9286194,1.1941302588479998
4709.407994989306,baseline_B,5,1.30378,0.9283507,1.2103650756459998
4713.556454982609,baseline_B,5,1.30378,0.9283507,1.2103650756459998
4717.698247986846,baseline_B,5,1.28592,0.928888,1.19447565696
4721.844875020906,baseline_B,5,1.30378,0.9283507,1.2103650756459998
4728.6482360213995,baseline_B,5,1.28592,0.9283507,1.1937847321439998
4732.813732989598,baseline_B,5,1.28592,0.9283507,1.1937847321439998
4736.917657020967,baseline_B,5,1.27699,0.9283507,1.185494560393
4741.027062002104,baseline_B,5,1.29485,0.9280821,1.201727107185
4747.982865024824,baseline_B,5,1.27699,0.9283507,1.185494560393
4752.116363029927,baseline_B,5,1.31271,0.9283507,1.218655247397
4756.251266982872,baseline_B,5,1.30378,0.9286194,1.2107154013319998
4764.4868370261975,baseline_B,5,1.08053,0.8184852,0.884397813156
4768.719054991379,baseline_B,5,1.08946,0.8184852,0.8917068859920001
4775.701544014737,baseline_B,5,0.9108599,0.7225879,0.6581763423352099
4779.834799992386,baseline_B,5,0.9287199,0.7225879,0.67108176222921
4787.1584520326,baseline_B,5,1.08946,0.8187538,0.891999514948
4794.140978017822,baseline_B,5,0.9108599,0.7223192,0.65793159428008
4798.219309013803,baseline_B,5,0.9287199,0.7220506,0.67058276102694
4802.299436996691,baseline_B,5,0.9108599,0.7220506,0.65768693731094
4809.621014981531,baseline_B,5,1.08946,0.8182165,0.8914141480900001
4816.676021029707,baseline_B,5,0.9108599,0.7225879,0.6581763423352099
4820.785741030704,baseline_B,5,0.90193,0.7223192,0.6514813560560001
4828.138521988876,baseline_B,5,1.09839,0.8182165,0.898720821435
4832.281742012128,baseline_B,5,1.10732,0.8182165,0.9060274947800001
4836.450461007189,baseline_B,5,1.0716,0.8182165,0.8768008014
4840.646254015155,baseline_B,5,1.08053,0.8182165,0.884107474745
4844.832509988919,baseline_B,5,1.08946,0.8182165,0.8914141480900001
4848.967025987804,baseline_B,5,1.08053,0.8184852,0.884397813156
4855.991384014487,baseline_B,5,0.9108599,0.7223192,0.65793159428008
4860.0558080361225,baseline_B,5,0.90193,0.7225879,0.6517237046469999
4864.133769006003,baseline_B,5,0.8929999,0.7223192,0.64503097336808
4868.203360005282,baseline_B,5,0.9108599,0.7225879,0.6581763423352099
4872.26183898747,baseline_B,5,0.9108599,0.7228564,0.65842090821836
4876.327930018306,baseline_B,5,0.9108599,0.7223192,0.65793159428008
4880.386947013903,baseline_B,5,0.9287199,0.7223192,0.67083221519208
4884.4750180142,baseline_B,5,0.8929999,0.7225879,0.6452709224412099
4888.626330008265,baseline_B,5,0.9108599,0.7228564,0.65842090821836
4892.758439003956,baseline_B,5,0.90193,0.7223192,0.6514813560560001
4900.037777028047,baseline_B,5,1.08053,0.8184852,0.884397813156
4904.189736989792,baseline_B,5,1.08053,0.8184852,0.884397813156
4908.344344992656,baseline_B,5,1.0716,0.8184852,0.8770887403200001
4912.49269398395,baseline_B,5,1.0716,0.8187538,0.8773765720800001
4919.5148490252905,baseline_B,5,0.9108599,0.7225879,0.6581763423352099
4923.59875398688,baseline_B,5,0.9108599,0.7223192,0.65793159428008
4927.670418983325,baseline_B,5,0.9287199,0.723125,0.6715805776875
4935.007163032424,baseline_B,5,1.0716,0.8187538,0.8773765720800001
4939.195270999335,baseline_B,5,1.08053,0.8182165,0.884107474745
4943.374935013708,baseline_B,5,1.0716,0.8182165,0.8768008014
4950.45145903714,baseline_B,5,1.12518,0.7220506,0.812436894108
4954.562809027266,baseline_B,5,0.9287199,0.7225879,0.67108176222921
4958.649418025743,baseline_B,5,0.91979,0.7225879,0.664629124541
4962.722786003724,baseline_B,5,0.9108599,0.7223192,0.65793159428008
4966.790320992004,baseline_B,5,0.90193,0.7220506,0.651239097658
4970.85598600097,baseline_B,5,0.91979,0.7220506,0.664134921374
4974.914595019072,baseline_B,5,0.9108599,0.7223192,0.65793159428008
4979.003834014293,baseline_B,5,0.9108599,0.7223192,0.65793159428008
4983.093183021992,baseline_B,5,0.9108599,0.7225879,0.6581763423352099
4987.177848001011,baseline_B,5,0.9287199,0.7220506,0.67058276102694
4991.248011996504,baseline_B,5,0.9108599,0.7225879,0.6581763423352099
4995.315159030724,baseline_B,5,0.90193,0.7225879,0.6517237046469999
4999.375638028141,baseline_B,5,0.8929999,0.7225879,0.6452709224412099
5003.454839985352,baseline_B,5,0.9108599,0.7225879,0.6581763423352099
5007.5211160001345,baseline_B,5,0.9108599,0.7223192,0.65793159428008
5011.590373003855,baseline_B,5,0.9108599,0.7225879,0.6581763423352099
5015.635112009477,baseline_B,5,0.90193,0.7223192,0.6514813560560001
5019.688331987709,baseline_B,5,0.8929999,0.7223192,0.64503097336808
5024.21460399637,baseline_B,5,0.9108599,0.7228564,0.65842090821836
5028.281971986871,baseline_B,5,0.90193,0.7225879,0.6517237046469999
5032.350581022911,baseline_B,5,0.90193,0.7225879,0.6517237046469999
5036.421930999495,baseline_B,5,0.8929999,0.7225879,0.6452709224412099
5040.501632029191,baseline_B,5,0.9108599,0.7225879,0.6581763423352099
5044.620130036492,baseline_B,5,0.9108599,0.7225879,0.6581763423352099
5051.994837005623,baseline_B,5,1.0716,0.8184852,0.8770887403200001
5056.161871005315,baseline_B,5,1.0716,0.8187538,0.8773765720800001
5063.193841022439,baseline_B,5,0.9108599,0.7223192,0.65793159428008
5067.272690008394,baseline_B,5,0.8929999,0.7228564,0.6455106929143599
5071.36459602043,baseline_B,5,0.90193,0.7220506,0.651239097658
5077.674183005001,baseline_B,5,1.06267,0.8184852,0.869779667484
5083.523127017543,baseline_B,5,1.08946,0.8182165,0.8914141480900001
5098.295078030787,baseline_B,5,1.06267,0.8187538,0.870065100646
5106.315315992106,baseline_B,5,0.91979,0.7223192,0.664381976968
5132.729821023531,baseline_B,5,0.9108599,0.7223192,0.65793159428008
5136.84870803263,baseline_B,5,0.93765,0.7225879,0.6775345444349999
5144.258378015365,baseline_B,5,1.0716,0.8179479,0.87651296964
5148.421911988407,baseline_B,5,1.06267,0.8182165,0.869494128055
5155.510677024722,baseline_B,5,0.90193,0.7225879,0.6517237046469999
5159.593101008795,baseline_B,5,0.91979,0.7220506,0.664134921374
5166.898678988218,baseline_B,5,1.0716,0.8187538,0.8773765720800001
5173.979166022036,baseline_B,5,0.90193,0.7220506,0.651239097658
5178.066331020091,baseline_B,5,0.90193,0.723125,0.65220813125
5182.140939985402,baseline_B,5,0.90193,0.7225879,0.6517237046469999
5186.208789993543,baseline_B,5,0.91979,0.7223192,0.664381976968
5193.502089998219,baseline_B,5,1.0716,0.8184852,0.8770887403200001
5200.617226015311,baseline_B,5,0.9287199,0.7223192,0.67083221519208
5204.728370998055,baseline_B,5,0.91979,0.7223192,0.664381976968
5208.812905999366,baseline_B,5,0.9108599,0.7225879,0.6581763423352099
5212.926995998714,baseline_B,5,0.8929999,0.7223192,0.64503097336808
5216.996717033908,baseline_B,5,0.9108599,0.7223192,0.65793159428008
5221.072085027117,baseline_B,5,0.91979,0.7223192,0.664381976968
5228.373219026253,baseline_B,5,1.0716,0.8182165,0.8768008014
5232.5191420386545,baseline_B,5,1.0716,0.8176794,0.87622524504
5239.592518017162,baseline_B,5,0.9108599,0.7228564,0.65842090821836
5243.671145988628,baseline_B,5,0.91979,0.7223192,0.664381976968
5247.759883990511,baseline_B,5,0.8929999,0.7225879,0.6452709224412099
5251.819271012209,baseline_B,5,0.8929999,0.7225879,0.6452709224412099
5255.8631030260585,baseline_B,5,0.9108599,0.7223192,0.65793159428008
5259.93813801324,baseline_B,5,0.9108599,0.7225879,0.6581763423352099
5264.00491403183,baseline_B,5,0.8929999,0.7225879,0.6452709224412099
5268.066151998937,baseline_B,5,0.9108599,0.7225879,0.6581763423352099
5272.124873008579,baseline_B,5,0.9108599,0.7225879,0.6581763423352099
5276.183574984316,baseline_B,5,0.8929999,0.7228564,0.6455106929143599
5280.257628008258,baseline_B,5,0.9108599,0.7223192,0.65793159428008
5284.37229199335,baseline_B,5,0.90193,0.7220506,0.651239097658
5291.722388006747,baseline_B,5,1.0716,0.8179479,0.87651296964
5295.853830000851,baseline_B,5,1.0716,0.8182165,0.8768008014
5300.00090203248,baseline_B,5,1.0716,0.8184852,0.8770887403200001
5304.144880035892,baseline_B,5,1.08053,0.8184852,0.884397813156
5311.16657203529,baseline_B,5,0.8929999,0.7223192,0.64503097336808
5315.226459002588,baseline_B,5,0.9108599,0.7228564,0.65842090821836
5319.3023090134375,baseline_B,5,0.90193,0.7225879,0.6517237046469999
5323.376065993216,baseline_B,5,0.9108599,0.7225879,0.6581763423352099
5327.452286030166,baseline_B,5,0.9108599,0.7223192,0.65793159428008
5331.530747003853,baseline_B,5,0.9108599,0.7228564,0.65842090821836
5335.596485994756,baseline_B,5,0.90193,0.7223192,0.6514813560560001
5339.6514290361665,baseline_B,5,0.90193,0.7228564,0.6519658728519999
5343.721445009578,baseline_B,5,0.9108599,0.7223192,0.65793159428008
5347.789628023747,baseline_B,5,0.8929999,0.7223192,0.64503097336808
5351.868589001242,baseline_B,5,0.9108599,0.7223192,0.65793159428008
5359.206332999747,baseline_B,5,1.0716,0.8182165,0.8768008014
5363.369294034783,baseline_B,5,1.0716,0.8182165,0.8768008014
5370.399929990526,baseline_B,5,0.9108599,0.7225879,0.6581763423352099
5374.484650033992,baseline_B,5,0.93765,0.7225879,0.6775345444349999
5378.591129032429,baseline_B,5,0.9108599,0.7223192,0.65793159428008
5385.950836003758,baseline_B,5,1.06267,0.8187538,0.870065100646
5390.111685032025,baseline_B,5,1.0716,0.8184852,0.8770887403200001
5397.196375997737,baseline_B,5,0.9108599,0.7223192,0.65793159428008
5401.275559037458,baseline_B,5,0.91979,0.7223192,0.664381976968
5405.342983023729,baseline_B,5,0.8929999,0.7223192,0.64503097336808
5409.435796027537,baseline_B,5,0.9108599,0.7225879,0.6581763423352099
5416.708226024639,baseline_B,5,1.0716,0.8182165,0.8768008014
5423.926546005532,baseline_B,5,0.9108599,0.7225879,0.6581763423352099
5428.01617301302,baseline_B,5,0.8929999,0.7225879,0.6452709224412099
5432.095004012808,baseline_B,5,0.90193,0.7225879,0.6517237046469999
5436.171225039288,baseline_B,5,0.9108599,0.7220506,0.65768693731094
5440.239796997048,baseline_B,5,0.90193,0.7225879,0.6517237046469999
5444.332738989033,baseline_B,5,0.90193,0.7223192,0.6514813560560001
5448.505514010321,baseline_B,5,1.36629,0.723125,0.98799845625
5453.484132012818,baseline_B,5,1.46452,0.7225879,1.058244431308
5460.392270004377,baseline_B,5,2.46468,0.9025632,2.224529467776
5464.708913990762,baseline_B,5,1.44666,0.9031004,1.306479224664
5479.058369004633,baseline_B,5,1.4288,0.903369,1.2907336272
5486.291281005833,gap,6,1.0716,0.8184852,0.8770887403200001
5491.019865032285,gap,6,1.0716,0.8182165,0.8768008014
5495.205398998223,gap,6,1.08946,0.8182165,0.8914141480900001
5499.400840024464,gap,6,1.0716,0.8184852,0.8770887403200001
5503.573411027901,gap,6,1.06267,0.8182165,0.869494128055
5510.6583799934015,gap,6,0.9108599,0.7223192,0.65793159428008
5514.749525988009,gap,6,0.90193,0.7220506,0.651239097658
5518.849153013434,gap,6,0.9108599,0.7223192,0.65793159428008
5522.90672599338,gap,6,0.9108599,0.7225879,0.6581763423352099
5530.242081033066,gap,6,1.08946,0.8182165,0.8914141480900001
5537.224440020509,gap,6,0.9108599,0.7225879,0.6581763423352099
5541.3145670318045,gap,6,0.91979,0.7225879,0.664629124541
5545.413880026899,gap,6,0.9108599,0.7220506,0.65768693731094
5549.488082004245,gap,6,0.8929999,0.7225879,0.6452709224412099
5553.557765029836,gap,6,0.8929999,0.7228564,0.6455106929143599
5557.630021998193,gap,6,0.9108599,0.7225879,0.6581763423352099
5561.710298003163,gap,6,0.88407,0.7220506,0.638343273942
5569.066060008481,gap,6,1.0716,0.8184852,0.8770887403200001
5573.2161499909125,gap,6,1.0716,0.8184852,0.8770887403200001
5580.3069160319865,gap,6,0.9108599,0.7223192,0.65793159428008
5584.388413000852,gap,6,0.91979,0.7228564,0.664876088156
5592.506779998075,gap,6,0.9108599,0.7225879,0.6581763423352099
5596.58303699689,gap,6,0.9108599,0.7225879,0.6581763423352099
5600.690293998923,gap,6,0.9108599,0.7220506,0.65768693731094
5608.051131013781,gap,6,1.0716,0.8182165,0.8768008014
5612.197368987836,gap,6,1.0716,0.8187538,0.8773765720800001
5619.228894007392,gap,6,0.9108599,0.7225879,0.6581763423352099
5623.294132994488,gap,6,0.90193,0.7228564,0.6519658728519999
5627.35274201259,gap,6,0.9108599,0.7225879,0.6581763423352099
5631.405999010894,gap,6,0.91979,0.7223192,0.664381976968
5635.467571031768,gap,6,0.9108599,0.7225879,0.6581763423352099
5639.528329018503,gap,6,0.9108599,0.7223192,0.65793159428008
5643.610252998769,gap,6,0.9108599,0.7225879,0.6581763423352099
5647.661695023999,gap,6,0.9108599,0.7220506,0.65768693731094
5651.754099992104,gap,6,0.9287199,0.7228564,0.67133112352236
5655.819097999483,gap,6,0.8929999,0.7223192,0.64503097336808
5659.895541029982,gap,6,0.9108599,0.7225879,0.6581763423352099
5663.967241998762,gap,6,0.9108599,0.7220506,0.65768693731094
5668.020332988817,gap,6,0.9108599,0.7223192,0.65793159428008
5672.100737981964,gap,6,0.9108599,0.7225879,0.6581763423352099
5676.189995021559,gap,6,0.9108599,0.721782,0.6574422803418
5680.246105010156,gap,6,0.8929999,0.723125,0.6457505526875
5684.395471995231,gap,6,1.39308,0.7223192,1.006248431136
5692.252526991069,gap,6,1.30378,0.928888,1.21106559664
5698.103618982714,gap,6,1.29485,0.9283507,1.202074903895
5702.829184010625,gap,6,1.30378,0.9286194,1.2107154013319998
5707.014570012689,gap,6,1.28592,0.928888,1.19447565696
5711.168845009524,gap,6,1.27699,0.9286194,1.185837687606
5715.336563996971,gap,6,1.29485,0.928888,1.2027706268
5722.132998984307,gap,6,1.27699,0.9286194,1.185837687606
5726.2683850131,gap,6,1.29485,0.9283507,1.202074903895
5730.406846036203,gap,6,1.28592,0.9291566,1.194821055072
5734.51025102986,gap,6,1.33057,0.9286194,1.235593115058
5741.53572000796,gap,6,1.29485,0.928888,1.2027706268
5748.328007000964,gap,6,1.27699,0.9283507,1.185494560393
5752.487336983904,gap,6,1.26806,0.9283507,1.1772043886419998
5759.451400022954,gap,6,1.29485,0.9286194,1.20242283009
5767.749227990862,gap,6,1.0716,0.8187538,0.8773765720800001
5774.801068007946,gap,6,0.9108599,0.7225879,0.6581763423352099
5778.931936016306,gap,6,0.91979,0.7225879,0.664629124541
5783.05624803761,gap,6,0.9108599,0.7220506,0.65768693731094
5790.40488100145,gap,6,1.05374,0.8184852,0.8624705946479999
5797.4792390014045,gap,6,0.9108599,0.7225879,0.6581763423352099
5801.591403025668,gap,6,0.8929999,0.7225879,0.6452709224412099
5805.674900999293,gap,6,0.91979,0.7223192,0.664381976968
5813.003257033415,gap,6,1.06267,0.8184852,0.869779667484
5817.1435500262305,gap,6,1.0716,0.8184852,0.8770887403200001
5824.175352987368,gap,6,0.90193,0.7225879,0.6517237046469999
5828.259925008751,gap,6,0.9108599,0.7225879,0.6581763423352099
5835.63366899034,gap,6,1.08053,0.8182165,0.884107474745
5842.721157008782,gap,6,0.9108599,0.7223192,0.65793159428008
5846.824228006881,gap,6,0.9108599,0.7225879,0.6581763423352099
5850.883874983992,gap,6,0.91979,0.7223192,0.664381976968
5854.980539006647,gap,6,0.90193,0.7228564,0.6519658728519999
5862.268413999118,gap,6,1.08053,0.8184852,0.884397813156
5869.312661001459,gap,6,0.9108599,0.7223192,0.65793159428008
5873.395084985532,gap,6,0.90193,0.723125,0.65220813125
5877.481748990249,gap,6,0.9108599,0.7223192,0.65793159428008
5881.534507032484,gap,6,0.9108599,0.7223192,0.65793159428008
5885.622375004459,gap,6,0.9108599,0.7225879,0.6581763423352099
5889.705336012412,gap,6,0.9108599,0.7225879,0.6581763423352099
5893.81624100497,gap,6,0.9108599,0.7223192,0.65793159428008
5901.186096016318,gap,6,1.0716,0.8182165,0.8768008014
5905.319407989737,gap,6,1.04481,0.8187538,0.855442157778
5912.342433002777,gap,6,0.9108599,0.7223192,0.65793159428008
5916.426023992244,gap,6,0.9108599,0.7228564,0.65842090821836
5920.509744028095,gap,6,0.8929999,0.7225879,0.6452709224412099
5928.213299019262,gap,6,1.05374,0.8187538,0.8627536292119999
5932.338741025887,gap,6,1.0716,0.8184852,0.8770887403200001
5939.418672991451,gap,6,0.90193,0.7223192,0.6514813560560001
5943.492004997097,gap,6,0.90193,0.7225879,0.6517237046469999
5947.556669008918,gap,6,0.9108599,0.7223192,0.65793159428008
5954.846228996757,gap,6,1.0716,0.8179479,0.87651296964
5960.909967019688,gap,6,0.90193,0.7228564,0.6519658728519999
5965.418165025767,gap,6,0.9108599,0.7223192,0.65793159428008
5969.509810034651,gap,6,0.9108599,0.7223192,0.65793159428008
5973.628307983745,gap,6,0.9287199,0.7223192,0.67083221519208
5980.9181449818425,gap,6,1.0716,0.8184852,0.8770887403200001
5988.35635202704,bench:c3e6e3b38b352ca5,7,1.48238,0.7223192,1.070751535696
5993.158583994955,bench:c3e6e3b38b352ca5,7,1.46452,0.7228564,1.0586376549279999
6000.265367038082,bench:c3e6e3b38b352ca5,7,2.53612,0.9036377,2.291733643724
6004.60780702997,bench:c3e6e3b38b352ca5,7,2.51826,0.903369,2.27491801794
6010.58030501008,bench:c3e6e3b38b352ca5,7,2.83974,0.928888,2.63780040912
6014.841708994936,bench:c3e6e3b38b352ca5,7,2.82188,0.9286194,2.620452512472
6021.2818320142105,bench:c3e6e3b38b352ca5,7,2.69686,0.9184118,2.476828046948
6027.68343698699,bench:c3e6e3b38b352ca5,7,2.83974,0.9291566,2.638563163284
6031.904823030345,bench:c3e6e3b38b352ca5,7,2.83081,0.928888,2.6295054392800004
6037.524120998569,bench:c3e6e3b38b352ca5,7,2.66114,0.918949,2.44545194186
6041.845856991131,bench:c3e6e3b38b352ca5,7,2.72365,0.918949,2.50289544385
6048.200222023297,bench:c3e6e3b38b352ca5,7,2.82188,0.9286194,2.620452512472
6052.447828988079,bench:c3e6e3b38b352ca5,7,2.81295,0.9283507,2.611404101565
6056.715251004789,bench:c3e6e3b38b352ca5,7,2.83974,0.9294252,2.6393259174479997
6063.145596999675,bench:c3e6e3b38b352ca5,7,2.67007,0.9184118,2.452223794826
6067.390631011222,bench:c3e6e3b38b352ca5,7,2.679,0.9192177,2.4625842183
6071.648441022262,bench:c3e6e3b38b352ca5,7,2.67007,0.9192177,2.454375604239
6075.85616002325,bench:c3e6e3b38b352ca5,7,2.68793,0.9186804,2.469348607572
6080.104157037567,bench:c3e6e3b38b352ca5,7,2.74151,0.9186804,2.518571503404
6084.414337994531,bench:c3e6e3b38b352ca5,7,2.68793,0.918949,2.4700705855700003
6088.69731501909,bench:c3e6e3b38b352ca5,7,2.70579,0.918949,2.48648301471
6095.44593503233,bench:c3e6e3b38b352ca5,7,2.83974,0.9291566,2.638563163284
6099.6622840175405,bench:c3e6e3b38b352ca5,7,2.82188,0.9286194,2.620452512472
6103.889335994609,bench:c3e6e3b38b352ca5,7,2.81295,0.9280821,2.610648543195
6108.13396202866,bench:c3e6e3b38b352ca5,7,2.8576,0.928888,2.6543903488000002
6113.804056018125,bench:c3e6e3b38b352ca5,7,2.73258,0.9192177,2.511835902666
6118.091700016521,bench:c3e6e3b38b352ca5,7,2.65221,0.9181431,2.435108311251
6124.562804005109,bench:c3e6e3b38b352ca5,7,2.86653,0.928888,2.6626853186400004
6128.802152001299,bench:c3e6e3b38b352ca5,7,2.83081,0.9286194,2.628745083714
6132.984870986547,bench:c3e6e3b38b352ca5,7,2.82188,0.9291566,2.6219684264080003
6137.120406026952,bench:c3e6e3b38b352ca5,7,2.83081,0.9283507,2.627984445067
6141.265107027721,bench:c3e6e3b38b352ca5,7,2.84867,0.928888,2.64609537896
6145.46893700026,bench:c3e6e3b38b352ca5,7,2.77723,0.9304997,2.584211681831
6149.735174025409,bench:c3e6e3b38b352ca5,7,2.86653,0.9286194,2.661915368682
6153.9060969953425,bench:c3e6e3b38b352ca5,7,2.83081,0.9286194,2.628745083714
6157.999724033289,bench:c3e6e3b38b352ca5,7,2.84867,0.9286194,2.645330226198
6162.205887027085,bench:c3e6e3b38b352ca5,7,2.86653,0.9286194,2.661915368682
6166.402939998079,bench:c3e6e3b38b352ca5,7,2.81295,0.9286194,2.61215994123
6170.608584012371,bench:c3e6e3b38b352ca5,7,3.05406,0.9291566,2.837700005796
6174.773673992604,bench:c3e6e3b38b352ca5,7,2.83081,0.928888,2.6295054392800004
6178.976911993232,bench:c3e6e3b38b352ca5,7,2.87546,0.9286194,2.670207939924
6183.202019019518,bench:c3e6e3b38b352ca5,7,2.83974,0.9283507,2.636274616818
6187.447700998746,bench:c3e6e3b38b352ca5,7,2.83081,0.9286194,2.628745083714
6191.687159996945,bench:c3e6e3b38b352ca5,7,2.84867,0.928888,2.64609537896
6195.8685829886235,bench:c3e6e3b38b352ca5,7,2.87546,0.9283507,2.669435303822
6200.120911991689,bench:c3e6e3b38b352ca5,7,2.86653,0.928888,2.6626853186400004
6204.366168007255,bench:c3e6e3b38b352ca5,7,2.83974,0.9294252,2.6393259174479997
6208.596757031046,bench:c3e6e3b38b352ca5,7,2.83974,0.928888,2.63780040912
6212.831346027087,bench:c3e6e3b38b352ca5,7,2.81295,0.9286194,2.61215994123
6217.030621017329,bench:c3e6e3b38b352ca5,7,2.83081,0.928888,2.6295054392800004
6221.223284024745,bench:c3e6e3b38b352ca5,7,2.82188,0.9294252,2.622726383376
6225.400337018073,bench:c3e6e3b38b352ca5,7,2.81295,0.928888,2.6129154996
6229.545556008816,bench:c3e6e3b38b352ca5,7,2.83974,0.9283507,2.636274616818
6233.726496982854,bench:c3e6e3b38b352ca5,7,2.86653,0.9291566,2.663455268598
6240.255563985556,bench:c3e6e3b38b352ca5,7,2.7683,0.9186804,2.54318295132
6244.595949014183,bench:c3e6e3b38b352ca5,7,2.69686,0.9184118,2.476828046948
6248.881036997773,bench:c3e6e3b38b352ca5,7,2.679,0.9192177,2.4625842183
6255.500011029653,bench:c3e6e3b38b352ca5,7,2.86653,0.9291566,2.663455268598
6259.70417400822,bench:c3e6e3b38b352ca5,7,2.87546,0.9286194,2.670207939924
6263.945818005595,bench:c3e6e3b38b352ca5,7,2.8576,0.9286194,2.65362279744
6268.091131001711,bench:c3e6e3b38b352ca5,7,2.83081,0.9291566,2.630265794846
6272.221405990422,bench:c3e6e3b38b352ca5,7,2.87546,0.9283507,2.669435303822
6276.3519220170565,bench:c3e6e3b38b352ca5,7,2.8576,0.9294252,2.65592545152
6280.560399987735,bench:c3e6e3b38b352ca5,7,2.88439,0.9283507,2.677725475573
6284.687323030084,bench:c3e6e3b38b352ca5,7,2.81295,0.928888,2.6129154996
6288.900153012946,bench:c3e6e3b38b352ca5,7,2.90225,0.9294252,2.6974242867
6293.1619459996,bench:c3e6e3b38b352ca5,7,2.87546,0.9280821,2.668662955266
6297.320034995209,bench:c3e6e3b38b352ca5,7,2.84867,0.9280821,2.643799635807
6301.469032012392,bench:c3e6e3b38b352ca5,7,2.84867,0.9286194,2.645330226198
6305.578734027222,bench:c3e6e3b38b352ca5,7,2.84867,0.9291566,2.646860531722
6309.750916028861,bench:c3e6e3b38b352ca5,7,2.86653,0.928888,2.6626853186400004
6313.955635007005,bench:c3e6e3b38b352ca5,7,2.86653,0.9286194,2.661915368682
6318.15613200888,bench:c3e6e3b38b352ca5,7,2.79509,0.9294252,2.597827082268
6323.743077984545,bench:c3e6e3b38b352ca5,7,2.74151,0.9186804,2.518571503404
6328.010444005486,bench:c3e6e3b38b352ca5,7,2.71472,0.9184118,2.493230881696
6332.276978006121,bench:c3e6e3b38b352ca5,7,2.70579,0.9192177,2.487210060483
6339.459704991896,bench:c3e6e3b38b352ca5,7,2.82188,0.928888,2.6212104694400002
6343.633905984461,bench:c3e6e3b38b352ca5,7,2.87546,0.9280821,2.668662955266
6347.711996000726,bench:c3e6e3b38b352ca5,7,2.8576,0.9291566,2.6551579001600003
6351.878845016472,bench:c3e6e3b38b352ca5,7,2.88439,0.9286194,2.678500511166
6355.97393498756,bench:c3e6e3b38b352ca5,7,2.83081,0.9291566,2.630265794846
6360.22461700486,bench:c3e6e3b38b352ca5,7,2.84867,0.928888,2.64609537896
6364.407040004153,bench:c3e6e3b38b352ca5,7,2.84867,0.928888,2.64609537896
6368.592129030731,bench:c3e6e3b38b352ca5,7,2.83081,0.928888,2.6295054392800004
6372.730978007894,bench:c3e6e3b38b352ca5,7,2.88439,0.9286194,2.678500511166
6377.001363027375,bench:c3e6e3b38b352ca5,7,2.84867,0.928888,2.64609537896
6381.129324028734,bench:c3e6e3b38b352ca5,7,2.8576,0.9291566,2.6551579001600003
6385.26367302984,bench:c3e6e3b38b352ca5,7,2.8576,0.9294252,2.65592545152
6389.443762018345,bench:c3e6e3b38b352ca5,7,2.83974,0.9286194,2.637037654956
6393.593204033095,bench:c3e6e3b38b352ca5,7,2.84867,0.9280821,2.643799635807
6397.721961024217,bench:c3e6e3b38b352ca5,7,2.84867,0.9304997,2.650686580399
6401.816903031431,bench:c3e6e3b38b352ca5,7,2.8576,0.9286194,2.65362279744
6405.91625199886,bench:c3e6e3b38b352ca5,7,2.81295,0.9280821,2.610648543195
6410.006306017749,bench:c3e6e3b38b352ca5,7,2.8576,0.928888,2.6543903488000002
6414.102767012082,bench:c3e6e3b38b352ca5,7,2.84867,0.9283507,2.644564788569
6418.213967990596,bench:c3e6e3b38b352ca5,7,2.84867,0.9286194,2.645330226198
6422.328595013823,bench:c3e6e3b38b352ca5,7,2.92011,0.9286194,2.7116707961340003
6426.483925024513,bench:c3e6e3b38b352ca5,7,2.80402,0.928888,2.60462052976
6430.647625995334,bench:c3e6e3b38b352ca5,7,2.92904,0.9296938,2.723110327952
6434.876863029785,bench:c3e6e3b38b352ca5,7,2.91118,0.9304997,2.708852116646
6439.05754602747,bench:c3e6e3b38b352ca5,7,2.90225,0.9286194,2.69508565365
6443.196876032744,bench:c3e6e3b38b352ca5,7,2.88439,0.928888,2.67927525832
6447.411762026604,bench:c3e6e3b38b352ca5,7,2.88439,0.9283507,2.677725475573
6451.618166000117,bench:c3e6e3b38b352ca5,7,2.84867,0.928888,2.64609537896
6455.808977014385,bench:c3e6e3b38b352ca5,7,2.88439,0.9296938,2.6815994997819996
6459.973160002846,bench:c3e6e3b38b352ca5,7,2.8576,0.928888,2.6543903488000002
6464.191675011534,bench:c3e6e3b38b352ca5,7,2.83974,0.9294252,2.6393259174479997
6468.344913038891,bench:c3e6e3b38b352ca5,7,2.86653,0.9283507,2.661145132071
6472.516538982745,bench:c3e6e3b38b352ca5,7,2.84867,0.9283507,2.644564788569
6476.785072009079,bench:c3e6e3b38b352ca5,7,2.81295,0.928888,2.6129154996
6483.300991007127,bench:c3e6e3b38b352ca5,7,2.70579,0.9192177,2.487210060483
6487.53265402047,bench:c3e6e3b38b352ca5,7,2.73258,0.9186804,2.510367687432
6493.1235639960505,bench:c3e6e3b38b352ca5,7,2.83974,0.9286194,2.637037654956
6497.338709014002,bench:c3e6e3b38b352ca5,7,2.87546,0.928888,2.67098028848
6501.529112982098,bench:c3e6e3b38b352ca5,7,2.87546,0.9291566,2.671752637036
6507.755979022477,bench:c3e6e3b38b352ca5,7,2.80402,0.9286194,2.603867369988
6512.017197033856,bench:c3e6e3b38b352ca5,7,2.8576,0.9291566,2.6551579001600003
6516.216379008256,bench:c3e6e3b38b352ca5,7,2.81295,0.928888,2.6129154996
6520.413875987288,bench:c3e6e3b38b352ca5,7,2.82188,0.928888,2.6212104694400002
6524.761834007222,bench:c3e6e3b38b352ca5,7,2.81295,0.9283507,2.611404101565
6529.040386027191,bench:c3e6e3b38b352ca5,7,2.83081,0.928888,2.6295054392800004
6533.21710502496,bench:c3e6e3b38b352ca5,7,2.86653,0.9283507,2.661145132071
6539.6851170226,bench:c3e6e3b38b352ca5,7,2.69686,0.9184118,2.476828046948
6543.940187024418,bench:c3e6e3b38b352ca5,7,2.73258,0.9186804,2.510367687432
6549.592058989219,bench:c3e6e3b38b352ca5,7,2.87546,0.9280821,2.668662955266
6553.76709299162,bench:c3e6e3b38b352ca5,7,2.83974,0.9286194,2.637037654956
6557.964515988715,bench:c3e6e3b38b352ca5,7,2.79509,0.928888,2.5963255599200004
6562.156178988516,bench:c3e6e3b38b352ca5,7,2.90225,0.928888,2.6958651980000004
6566.321547026746,bench:c3e6e3b38b352ca5,7,2.87546,0.9291566,2.671752637036
6570.5270990147255,bench:c3e6e3b38b352ca5,7,2.8576,0.9291566,2.6551579001600003
6576.970704016276,bench:c3e6e3b38b352ca5,7,2.72365,0.9186804,2.50216387146
6583.427715988364,bench:c3e6e3b38b352ca5,7,2.87546,0.9286194,2.670207939924
6587.646953004878,bench:c3e6e3b38b352ca5,7,2.84867,0.928888,2.64609537896
6597.243972006254,bench:c3e6e3b38b352ca5,7,2.65221,0.918949,2.43724572729
6601.453727984335,bench:c3e6e3b38b352ca5,7,2.68793,0.9194863,2.471514810359
6607.057859015185,bench:c3e6e3b38b352ca5,7,2.87546,0.9296938,2.6732973341479997
6611.308559018653,bench:c3e6e3b38b352ca5,7,2.84867,0.9283507,2.644564788569
6768.731919000857,bench:c3e6e3b38b352ca5,7,2.03604,0.9197549,1.872657766596
6773.045488982461,bench:c3e6e3b38b352ca5,7,2.81295,0.928888,2.6129154996
6777.178394026123,bench:c3e6e3b38b352ca5,7,2.84867,0.9280821,2.643799635807
6783.634202030953,bench:c3e6e3b38b352ca5,7,2.70579,0.9192177,2.487210060483
6787.794328993186,bench:c3e6e3b38b352ca5,7,2.70579,0.918949,2.48648301471
6793.3204239816405,bench:c3e6e3b38b352ca5,7,2.88439,0.9280821,2.676950728419
6797.553809010424,bench:c3e6e3b38b352ca5,7,2.86653,0.9286194,2.661915368682
6801.690583990421,bench:c3e6e3b38b352ca5,7,2.83974,0.928888,2.63780040912
6805.862378038,bench:c3e6e3b38b352ca5,7,2.83081,0.9286194,2.628745083714
6810.035652015358,bench:c3e6e3b38b352ca5,7,2.79509,0.928888,2.5963255599200004
6814.201815985143,bench:c3e6e3b38b352ca5,7,2.89332,0.9283507,2.686015647324
6820.679438998923,bench:c3e6e3b38b352ca5,7,2.73258,0.9186804,2.510367687432
6827.514300006442,bench:c3e6e3b38b352ca5,7,2.84867,0.9286194,2.645330226198
6831.603205006104,bench:c3e6e3b38b352ca5,7,2.84867,0.928888,2.64609537896
6835.768571996596,bench:c3e6e3b38b352ca5,7,2.88439,0.928888,2.67927525832
6839.882272994146,bench:c3e6e3b38b352ca5,7,2.83081,0.9294252,2.631026150412
6844.102900009602,bench:c3e6e3b38b352ca5,7,2.80402,0.9304997,2.609139768794
6848.238712002058,bench:c3e6e3b38b352ca5,7,2.87546,0.9286194,2.670207939924
6852.344932034612,bench:c3e6e3b38b352ca5,7,2.84867,0.9283507,2.644564788569
6856.545780028682,bench:c3e6e3b38b352ca5,7,2.8576,0.9286194,2.65362279744
6860.683259030338,bench:c3e6e3b38b352ca5,7,2.87546,0.9280821,2.668662955266
6864.862699992955,bench:c3e6e3b38b352ca5,7,2.80402,0.9291566,2.605373689532
6868.972568016034,bench:c3e6e3b38b352ca5,7,2.84867,0.9286194,2.645330226198
6873.132195032667,bench:c3e6e3b38b352ca5,7,2.83081,0.9304997,2.6340678557570003
6877.229397010524,bench:c3e6e3b38b352ca5,7,2.84867,0.9283507,2.644564788569
6881.329209019896,bench:c3e6e3b38b352ca5,7,2.84867,0.9283507,2.644564788569
6885.473836038727,bench:c3e6e3b38b352ca5,7,2.84867,0.9294252,2.647625684484
6889.6515180240385,bench:c3e6e3b38b352ca5,7,2.8576,0.9283507,2.65285496032
6893.837200012058,bench:c3e6e3b38b352ca5,7,2.83081,0.928888,2.6295054392800004
6898.051103984471,bench:c3e6e3b38b352ca5,7,2.79509,0.9286194,2.595574798746
6902.220657037105,bench:c3e6e3b38b352ca5,7,2.8576,0.9294252,2.65592545152
6906.356894993223,bench:c3e6e3b38b352ca5,7,2.83974,0.9294252,2.6393259174479997
6910.533318005037,bench:c3e6e3b38b352ca5,7,3.3934,0.9286194,3.1511770719600003
6914.764759014361,bench:c3e6e3b38b352ca5,7,2.88439,0.9286194,2.678500511166
6918.995607004035,bench:c3e6e3b38b352ca5,7,2.8576,0.928888,2.6543903488000002
6923.160973994527,bench:c3e6e3b38b352ca5,7,2.84867,0.9286194,2.645330226198
6927.303305012174,bench:c3e6e3b38b352ca5,7,2.92011,0.928888,2.71245513768
6931.405562034342,bench:c3e6e3b38b352ca5,7,2.84867,0.928888,2.64609537896
6935.60146598611,bench:c3e6e3b38b352ca5,7,2.84867,0.9286194,2.645330226198
6939.82833303744,bench:c3e6e3b38b352ca5,7,2.83974,0.928888,2.63780040912
6943.998756003566,bench:c3e6e3b38b352ca5,7,2.86653,0.928888,2.6626853186400004
6948.139364016242,bench:c3e6e3b38b352ca5,7,2.86653,0.9294252,2.664225218556
6952.323139004875,bench:c3e6e3b38b352ca5,7,2.87546,0.9280821,2.668662955266
6956.588542030659,bench:c3e6e3b38b352ca5,7,2.84867,0.928888,2.64609537896
6960.749077028595,bench:c3e6e3b38b352ca5,7,2.86653,0.9294252,2.664225218556
6964.96075799223,bench:c3e6e3b38b352ca5,7,2.8576,0.928888,2.6543903488000002
6969.091719016433,bench:c3e6e3b38b352ca5,7,2.86653,0.9286194,2.661915368682
6973.202419991139,bench:c3e6e3b38b352ca5,7,2.83081,0.9280821,2.627224089501
6977.385584032163,bench:c3e6e3b38b352ca5,7,2.84867,0.9291566,2.646860531722
6981.50530300336,bench:c3e6e3b38b352ca5,7,2.84867,0.9286194,2.645330226198
6985.567894007545,gap,8,1.59847,0.9283507,1.483940743429
6989.452394016553,gap,8,1.59847,0.9286194,1.484370252318
6996.330827998463,gap,8,1.22341,0.8483019,1.037821027479
7000.410289037973,gap,8,1.22341,0.8488392,1.038478365672
7007.496720994823,gap,8,0.9287199,0.7225879,0.67108176222921
7011.590051988605,gap,8,0.9465799,0.7225879,0.68398718212321
7015.670809021685,gap,8,0.9287199,0.7223192,0.67083221519208
7019.759140035603,gap,8,0.9287199,0.7225879,0.67108176222921
7027.056458988227,gap,8,1.09839,0.8182165,0.898720821435
7033.176455995999,gap,8,0.9108599,0.7223192,0.65793159428008
7038.670292007737,gap,8,0.9287199,0.7220506,0.67058276102694
7042.806882003788,gap,8,0.9287199,0.7223192,0.67083221519208
7046.8879350228235,gap,8,0.91979,0.7225879,0.664629124541
7050.97476602532,gap,8,0.9108599,0.7223192,0.65793159428008
7055.036357021891,gap,8,0.93765,0.7223192,0.67728259788
7059.1020960127935,gap,8,0.9287199,0.7228564,0.67133112352236
7063.163537997752,gap,8,0.91979,0.7223192,0.664381976968
7067.237258015666,gap,8,0.91979,0.7228564,0.664876088156
7071.31821900839,gap,8,0.9287199,0.7223192,0.67083221519208
7075.381903036032,gap,8,0.9287199,0.7225879,0.67108176222921
7079.4383640168235,gap,8,0.9108599,0.7225879,0.6581763423352099
7083.523806009907,gap,8,0.93765,0.7228564,0.6777863034599999
7089.817412022967,gap,8,1.09839,0.8184852,0.899015958828
7094.531996990554,gap,8,1.08053,0.8182165,0.884107474745
7101.560781011358,gap,8,0.9108599,0.7225879,0.6581763423352099
7105.626964010298,gap,8,0.9287199,0.7223192,0.67083221519208
7109.685240022372,gap,8,0.93765,0.7220506,0.6770307450899999
7116.9950030162,gap,8,1.08946,0.8184852,0.8917068859920001
7124.0804539993405,gap,8,0.9287199,0.7225879,0.67108176222921
7128.159952000715,gap,8,0.9287199,0.7223192,0.67083221519208
7132.257116027176,gap,8,0.9287199,0.7225879,0.67108176222921
7136.3269470166415,gap,8,0.9287199,0.7225879,0.67108176222921
7140.408926992677,gap,8,0.91979,0.7223192,0.664381976968
7144.493776024319,gap,8,0.9287199,0.7223192,0.67083221519208
7148.562718997709,gap,8,0.9287199,0.7225879,0.67108176222921
7152.648198010866,gap,8,0.9108599,0.7225879,0.6581763423352099
7156.728547997773,gap,8,0.9287199,0.7225879,0.67108176222921
7160.827009007335,gap,8,0.9108599,0.7223192,0.65793159428008
7164.92130298866,gap,8,0.9108599,0.7223192,0.65793159428008
7169.0157820121385,gap,8,0.9287199,0.7223192,0.67083221519208
7176.370859029703,gap,8,1.08946,0.8187538,0.891999514948
7180.525968025904,gap,8,1.08053,0.8179479,0.8838172443869999
7187.611881003249,gap,8,0.91979,0.7225879,0.664629124541
7191.676194022875,gap,8,0.9287199,0.7225879,0.67108176222921
7195.7509880303405,gap,8,0.91979,0.7228564,0.664876088156
7199.811986007262,gap,8,0.9108599,0.7225879,0.6581763423352099
7203.86592898285,gap,8,0.9287199,0.7223192,0.67083221519208
7207.933705009054,gap,8,0.90193,0.7223192,0.6514813560560001
7212.011258001439,gap,8,0.91979,0.7225879,0.664629124541
7216.069923015311,gap,8,0.9465799,0.7225879,0.68398718212321
7220.128995017149,gap,8,0.9287199,0.7225879,0.67108176222921
7224.198548996355,gap,8,0.91979,0.7220506,0.664134921374
7228.283509030007,gap,8,0.9108599,0.7223192,0.65793159428008
7232.372174039483,gap,8,0.91979,0.7225879,0.664629124541
7239.720769983251,gap,8,1.09839,0.8184852,0.899015958828
7243.852081999648,gap,8,1.08946,0.8184852,0.8917068859920001
7250.875811034348,gap,8,0.9287199,0.7225879,0.67108176222921
7254.9356240197085,gap,8,0.9287199,0.7225879,0.67108176222921
7259.018121985719,gap,8,0.9108599,0.7225879,0.6581763423352099
7263.089694024529,gap,8,0.9287199,0.7223192,0.67083221519208
7267.151821986772,gap,8,0.9108599,0.7220506,0.65768693731094
7274.517584010027,gap,8,1.70563,0.8184852,1.396032911676
7281.584257027134,gap,8,0.9108599,0.7225879,0.6581763423352099
7285.695347003639,gap,8,0.9108599,0.7228564,0.65842090821836
7289.765122986864,gap,8,0.9287199,0.7225879,0.67108176222921
7293.874973023776,gap,8,0.93765,0.7223192,0.67728259788
7297.949230007362,gap,8,0.9108599,0.7225879,0.6581763423352099
7302.0447280141525,gap,8,0.9287199,0.7228564,0.67133112352236
7309.410304995254,gap,8,1.08946,0.8184852,0.8917068859920001
7313.570932019502,gap,8,1.09839,0.8184852,0.899015958828
7320.595883007627,gap,8,0.9287199,0.7225879,0.67108176222921
7328.24816100765,gap,8,1.08946,0.8179479,0.8911215191340001
7332.396287994925,gap,8,1.08946,0.8184852,0.8917068859920001
7339.418813004158,gap,8,0.9287199,0.7220506,0.67058276102694
7343.513719039038,gap,8,0.9287199,0.7225879,0.67108176222921
7347.617235034704,gap,8,0.9287199,0.7223192,0.67083221519208
7354.969868029002,gap,8,1.0716,0.8184852,0.8770887403200001
7359.108236036263,gap,8,1.08053,0.8182165,0.884107474745
7366.118687030394,gap,8,0.9108599,0.7220506,0.65768693731094
7370.187129010446,gap,8,0.9108599,0.7223192,0.65793159428008
7374.26851602504,gap,8,0.9287199,0.7225879,0.67108176222921
7378.35792102851,gap,8,0.90193,0.7220506,0.651239097658
7382.425956020597,gap,8,0.9108599,0.7225879,0.6581763423352099
7386.51026901789,gap,8,1.00909,0.7220506,0.728614039954
7390.603081032168,gap,8,0.91979,0.7223192,0.664381976968
7396.905780013185,gap,8,1.0716,0.8187538,0.8773765720800001
7401.611123990733,gap,8,1.08053,0.8184852,0.884397813156
7408.700223022606,gap,8,0.91979,0.7220506,0.664134921374
7416.210614028387,gap,8,1.09839,0.8182165,0.898720821435
7420.350074011367,gap,8,1.08053,0.8184852,0.884397813156
7427.372525038663,gap,8,0.91979,0.7225879,0.664629124541
7431.444115994964,gap,8,0.90193,0.7225879,0.6517237046469999
7435.545428015757,gap,8,0.90193,0.7225879,0.6517237046469999
7442.898320034146,gap,8,1.08946,0.8179479,0.8911215191340001
7447.042707004584,gap,8,1.0716,0.8184852,0.8770887403200001
7454.066917009186,gap,8,0.90193,0.7225879,0.6517237046469999
7458.132600004319,gap,8,0.93765,0.7225879,0.6775345444349999
7462.2018020018,gap,8,0.9287199,0.7223192,0.67083221519208
7469.551471993327,gap,8,1.08053,0.8184852,0.884397813156
7476.614164013881,gap,8,0.9108599,0.7220506,0.65768693731094
7480.728920025285,gap,8,0.91979,0.7225879,0.664629124541
7484.856733004563,gap,8,0.90193,0.7223192,0.6514813560560001
7489.419207035098,gap,8,0.9287199,0.7220506,0.67058276102694
7506.682505016215,gap,8,1.08053,0.8182165,0.884107474745
7512.994037009776,gap,8,1.08053,0.8182165,0.884107474745
7517.736676032655,gap,8,1.0716,0.8184852,0.8770887403200001
7532.524737995118,gap,8,1.0716,0.8184852,0.8770887403200001
7540.5500319902785,gap,8,0.90193,0.7228564,0.6519658728519999
7547.833962016739,gap,8,1.0716,0.8184852,0.8770887403200001
7553.899088990875,gap,8,0.91979,0.7225879,0.664629124541
7558.413527032826,gap,8,0.9287199,0.7220506,0.67058276102694
7562.511524010915,gap,8,0.93765,0.7223192,0.67728259788
7566.595059004612,gap,8,0.9108599,0.7225879,0.6581763423352099
7573.908914986532,gap,8,1.08053,0.8187538,0.884688043514
7580.982532002963,gap,8,0.9108599,0.7223192,0.65793159428008
7585.084771038964,gap,8,0.9287199,0.7223192,0.67083221519208
7589.161324023735,gap,8,0.91979,0.7223192,0.664381976968
7597.25133900065,gap,8,0.90193,0.7225879,0.6517237046469999
7601.322708011139,gap,8,0.91979,0.7225879,0.664629124541
7605.42226099642,gap,8,0.9108599,0.7225879,0.6581763423352099
7609.508574008942,gap,8,0.90193,0.7223192,0.6514813560560001
7613.5805530357175,gap,8,0.9108599,0.7225879,0.6581763423352099
7617.655181034934,gap,8,0.91979,0.7225879,0.664629124541
7621.738085988909,gap,8,0.9108599,0.7220506,0.65768693731094
7625.795380037744,gap,8,0.9108599,0.7223192,0.65793159428008
7629.846322990488,gap,8,0.91979,0.7225879,0.664629124541
7633.9314869837835,gap,8,0.91979,0.7223192,0.664381976968
7637.999467027839,gap,8,0.91979,0.7220506,0.664134921374
7642.062631028239,gap,8,0.90193,0.7223192,0.6514813560560001
7646.161240001675,gap,8,0.8929999,0.7225879,0.6452709224412099
7653.513725032099,gap,8,1.0716,0.8184852,0.8770887403200001
7657.636538031511,gap,8,1.0716,0.8187538,0.8773765720800001
7664.742525026668,gap,8,0.9108599,0.7223192,0.65793159428008
7668.84498600848,gap,8,0.9108599,0.7228564,0.65842090821836
7672.922149999067,gap,8,0.91979,0.7223192,0.664381976968
7676.9808329991065,gap,8,0.9287199,0.7225879,0.67108176222921
7681.068498000968,gap,8,0.90193,0.7223192,0.6514813560560001
7685.207846981939,gap,8,0.87514,0.7220506,0.631895362084
7693.104067991953,gap,8,1.29485,0.9286194,1.20242283009
7699.066417990252,gap,8,1.29485,0.9283507,1.202074903895
7703.785186982714,gap,8,1.27699,0.9286194,1.185837687606
7708.003443025518,gap,8,1.28592,0.9286194,1.1941302588479998
7712.165587989148,gap,8,1.29485,0.9283507,1.202074903895
7716.348955989815,gap,8,1.30378,0.9286194,1.2107154013319998
7723.146131029353,gap,8,1.26806,0.9286194,1.177545116364
7727.257703023497,gap,8,1.25913,0.9286194,1.1692525451220002
7731.356051983312,gap,8,1.26806,0.9283507,1.1772043886419998
7735.467845981475,gap,8,1.27699,0.9286194,1.185837687606
7742.440723988693,gap,8,1.29485,0.9286194,1.20242283009
7749.13941900013,gap,8,1.26806,0.9286194,1.177545116364
7753.265100996941,gap,8,1.26806,0.9286194,1.177545116364
7761.131267005112,gap,8,0.9108599,0.7228564,0.65842090821836
7765.232746023685,gap,8,0.91979,0.7223192,0.664381976968
7769.348094996531,gap,8,0.90193,0.7220506,0.651239097658
7776.62176603917,gap,8,1.0716,0.8182165,0.8768008014
7783.706161018927,gap,8,0.91979,0.7223192,0.664381976968
7787.793789000716,gap,8,0.90193,0.7223192,0.6514813560560001
7791.868916014209,gap,8,0.9108599,0.7220506,0.65768693731094
7795.954840024933,gap,8,0.90193,0.7225879,0.6517237046469999
7802.1851510275155,gap,8,1.09839,0.8184852,0.899015958828
7806.901809002738,gap,8,1.08053,0.8184852,0.884397813156
7813.990130031016,gap,8,0.91979,0.7223192,0.664381976968
7818.067109037656,gap,8,0.9108599,0.723125,0.6586655651875
7822.158477036282,gap,8,0.8929999,0.7225879,0.6452709224412099
7826.229178986978,gap,8,0.9108599,0.7225879,0.6581763423352099
7830.293973034713,gap,8,0.91979,0.7223192,0.664381976968
7834.365823015105,gap,8,0.91979,0.7223192,0.664381976968
7838.439877028577,gap,8,1.12518,0.723125,0.8136457875
7842.503764026333,gap,8,0.93765,0.7223192,0.67728259788
7846.561206039041,gap,8,0.9287199,0.7225879,0.67108176222921
7850.620704004541,gap,8,0.9108599,0.7225879,0.6581763423352099
7854.704091034364,gap,8,0.9108599,0.721782,0.6574422803418
7858.785404008813,gap,8,0.9108599,0.7225879,0.6581763423352099
7862.871179007925,gap,8,0.9108599,0.7220506,0.65768693731094
7866.935066005681,gap,8,0.9108599,0.7225879,0.6581763423352099
7870.998008991592,gap,8,0.91979,0.7223192,0.664381976968
7875.068655004725,gap,8,0.91979,0.7225879,0.664629124541
7879.141023033299,gap,8,0.9108599,0.7220506,0.65768693731094
7883.20613198448,gap,8,0.9287199,0.7220506,0.67058276102694
7887.289852020331,gap,8,0.91979,0.7225879,0.664629124541
7891.377054038458,gap,8,0.90193,0.7223192,0.6514813560560001
7895.442662993446,gap,8,0.91979,0.7225879,0.664629124541
7899.5079200249165,gap,8,0.9287199,0.7223192,0.67083221519208
7903.5742889973335,gap,8,0.93765,0.7223192,0.67728259788
7907.659046002664,gap,8,0.9287199,0.7223192,0.67083221519208
7911.755544017069,gap,8,0.91979,0.7225879,0.664629124541
7915.824005031027,gap,8,0.90193,0.7220506,0.651239097658
7919.904613983817,gap,8,0.90193,0.7223192,0.6514813560560001
7923.969315015711,gap,8,0.90193,0.7225879,0.6517237046469999
7928.056775999721,gap,8,0.90193,0.7220506,0.651239097658
7932.107403990813,gap,8,0.9108599,0.7225879,0.6581763423352099
7936.1632720101625,gap,8,0.90193,0.7225879,0.6517237046469999
7940.21591899218,gap,8,0.90193,0.7223192,0.6514813560560001
7944.298101996537,gap,8,0.88407,0.7225879,0.638818284753
7948.354248015676,gap,8,0.9108599,0.7225879,0.6581763423352099
7952.420709014405,gap,8,0.90193,0.7223192,0.6514813560560001
7956.497133010998,gap,8,0.9108599,0.7223192,0.65793159428008
7960.661963035818,gap,8,0.91979,0.7225879,0.664629124541
7964.784572017379,gap,8,0.9108599,0.7223192,0.65793159428008
7968.926754023414,gap,8,0.9287199,0.7223192,0.67083221519208
7976.204110018443,gap,8,1.0716,0.8184852,0.8770887403200001
7980.348440993112,gap,8,1.08946,0.8184852,0.8917068859920001
7984.497900994029,gap,8,1.0716,0.8184852,0.8770887403200001
7991.924514994025,gap,8,0.9108599,0.7223192,0.65793159428008
7995.9903649869375,gap,8,0.90193,0.7223192,0.6514813560560001
8000.083788996562,gap,8,0.8929999,0.7223192,0.64503097336808
8004.164175014012,gap,8,0.91979,0.7225879,0.664629124541
8008.23080301052,gap,8,0.9108599,0.7225879,0.6581763423352099
8012.30837503681,gap,8,0.9108599,0.7225879,0.6581763423352099
8016.402075998485,gap,8,0.9108599,0.7223192,0.65793159428008
8020.501777995378,gap,8,0.9287199,0.7220506,0.67058276102694
8024.594794027507,gap,8,0.9108599,0.7225879,0.6581763423352099
8028.686607023701,gap,8,0.9108599,0.7223192,0.65793159428008
8036.049610003829,gap,8,1.08053,0.8184852,0.884397813156
8040.416476025712,bench:d908ade19db0c477,9,1.75921,0.8179479,1.4389421251589998
8047.54216701258,bench:d908ade19db0c477,9,1.45559,0.723125,1.05257351875
8053.592053009197,bench:d908ade19db0c477,9,2.25929,0.8735522,1.973607749938
8058.061306015588,bench:d908ade19db0c477,9,2.26822,0.8738209,1.982018041798
8063.897749991156,bench:d908ade19db0c477,9,2.69686,0.9186804,2.477552423544
8071.102978021372,bench:d908ade19db0c477,9,2.80402,0.928888,2.60462052976
8075.325232988689,bench:d908ade19db0c477,9,2.83081,0.9286194,2.628745083714
8079.4983970117755,bench:d908ade19db0c477,9,2.81295,0.9291566,2.61367105797
8083.536950987764,bench:d908ade19db0c477,9,2.78616,0.9283507,2.586533586312
8089.196693035774,bench:d908ade19db0c477,9,2.68793,0.9184118,2.468626629574
8093.414097034838,bench:d908ade19db0c477,9,2.65221,0.9184118,2.4358209600780003
8099.013080005534,bench:d908ade19db0c477,9,2.83081,0.9283507,2.627984445067
8103.198206983507,bench:d908ade19db0c477,9,2.83081,0.9283507,2.627984445067
8107.3147599818185,bench:d908ade19db0c477,9,2.78616,0.9286194,2.587282227504
8111.468849005178,bench:d908ade19db0c477,9,2.84867,0.928888,2.64609537896
8115.6139760278165,bench:d908ade19db0c477,9,2.81295,0.9294252,2.61442661634
8119.7790470323525,bench:d908ade19db0c477,9,2.81295,0.9286194,2.61215994123
8123.9441559882835,bench:d908ade19db0c477,9,2.75044,0.928888,2.5548507107200003
8128.104319039267,bench:d908ade19db0c477,9,2.98262,0.9286194,2.769718794828
8132.214724028017,bench:d908ade19db0c477,9,2.84867,0.928888,2.64609537896
8136.379333038349,bench:d908ade19db0c477,9,2.81295,0.9291566,2.61367105797
8140.543237037491,bench:d908ade19db0c477,9,2.84867,0.9294252,2.647625684484
8144.76510399254,bench:d908ade19db0c477,9,2.82188,0.9286194,2.620452512472
8149.036340997554,bench:d908ade19db0c477,9,2.77723,0.9286194,2.578989656262
8153.239262988791,bench:d908ade19db0c477,9,2.77723,0.928888,2.57973562024
8157.4198710150085,bench:d908ade19db0c477,9,2.84867,0.9286194,2.645330226198
8161.607165005989,bench:d908ade19db0c477,9,2.77723,0.9283507,2.578243414561
8168.033344030846,bench:d908ade19db0c477,9,2.65221,0.9192177,2.4379583761170003
8172.287061985116,bench:d908ade19db0c477,9,2.71472,0.9186804,2.4939600554879995
8178.774147992954,bench:d908ade19db0c477,9,2.86653,0.9286194,2.661915368682
8183.024996018503,bench:d908ade19db0c477,9,2.81295,0.928888,2.6129154996
8187.280437035952,bench:d908ade19db0c477,9,2.79509,0.9280821,2.594072996889
8191.487525997218,bench:d908ade19db0c477,9,2.87546,0.9286194,2.670207939924
8197.983963997103,bench:d908ade19db0c477,9,2.68793,0.9192177,2.470792832361
8204.42871702835,bench:d908ade19db0c477,9,2.83081,0.928888,2.6295054392800004
8208.585362008307,bench:d908ade19db0c477,9,2.82188,0.928888,2.6212104694400002
8212.744525982998,bench:d908ade19db0c477,9,2.83974,0.9286194,2.637037654956
8216.905041015707,bench:d908ade19db0c477,9,2.79509,0.9291566,2.597076321094
8221.068872022443,bench:d908ade19db0c477,9,2.81295,0.928888,2.6129154996
8225.170258025173,bench:d908ade19db0c477,9,2.7683,0.9291566,2.57218421578
8229.30616303347,bench:d908ade19db0c477,9,2.81295,0.9294252,2.61442661634
8233.462659991346,bench:d908ade19db0c477,9,2.83974,0.9280821,2.635511862654
8237.617120030336,bench:d908ade19db0c477,9,2.78616,0.9291566,2.5887789526560003
8241.746488027275,bench:d908ade19db0c477,9,2.83081,0.928888,2.6295054392800004
8245.916615007445,bench:d908ade19db0c477,9,2.81295,0.928888,2.6129154996
8250.067482003942,bench:d908ade19db0c477,9,2.79509,0.9294252,2.597827082268
8254.23098000465,bench:d908ade19db0c477,9,2.79509,0.9280821,2.594072996889
8258.368847018573,bench:d908ade19db0c477,9,2.81295,0.9294252,2.61442661634
8262.456438038498,bench:d908ade19db0c477,9,2.86653,0.9286194,2.661915368682
8266.576268011704,bench:d908ade19db0c477,9,2.92011,0.9283507,2.710886162577
8270.74015402468,bench:d908ade19db0c477,9,2.81295,0.928888,2.6129154996
8274.874670023564,bench:d908ade19db0c477,9,2.83081,0.9278135,2.626463733935
8278.97026098799,bench:d908ade19db0c477,9,2.83081,0.928888,2.6295054392800004
8283.095535996836,bench:d908ade19db0c477,9,2.84867,0.9286194,2.645330226198
8287.268144020345,bench:d908ade19db0c477,9,2.84867,0.9283507,2.644564788569
8291.394177998882,bench:d908ade19db0c477,9,2.80402,0.928888,2.60462052976
8295.52030598279,bench:d908ade19db0c477,9,2.84867,0.9283507,2.644564788569
8299.616063013673,bench:d908ade19db0c477,9,2.81295,0.928888,2.6129154996
8303.761264018249,bench:d908ade19db0c477,9,2.78616,0.9286194,2.587282227504
8307.918779028114,bench:d908ade19db0c477,9,2.80402,0.9286194,2.603867369988
8312.058943032753,bench:d908ade19db0c477,9,2.78616,0.928888,2.5880305900800002
8316.14566303324,bench:d908ade19db0c477,9,2.86653,0.9294252,2.664225218556
8320.269772026222,bench:d908ade19db0c477,9,2.77723,0.9283507,2.578243414561
8324.394305993337,bench:d908ade19db0c477,9,2.83081,0.928888,2.6295054392800004
8328.566340031102,bench:d908ade19db0c477,9,2.86653,0.928888,2.6626853186400004
8332.876780012157,bench:d908ade19db0c477,9,2.81295,0.9286194,2.61215994123
8339.658103999682,bench:d908ade19db0c477,9,2.27715,0.8732836,1.98859774974
8344.103690993506,bench:d908ade19db0c477,9,2.27715,0.8740894,1.9904326772099998
8350.792349025141,bench:d908ade19db0c477,9,2.64328,0.9186804,2.4283295277119996
8356.387851003092,bench:d908ade19db0c477,9,2.89332,0.9291566,2.6883473739120003
8360.696921008639,bench:d908ade19db0c477,9,2.81295,0.9286194,2.61215994123
8366.252848994918,bench:d908ade19db0c477,9,2.69686,0.9184118,2.476828046948
8370.564197015483,bench:d908ade19db0c477,9,2.70579,0.9184118,2.485029464322
8376.9292649813,bench:d908ade19db0c477,9,2.84867,0.928888,2.64609537896
8381.141835998278,bench:d908ade19db0c477,9,2.80402,0.9286194,2.603867369988
8385.297128988896,bench:d908ade19db0c477,9,2.83081,0.9286194,2.628745083714
8391.792048001662,bench:d908ade19db0c477,9,2.74151,0.9186804,2.518571503404
8396.05250803288,bench:d908ade19db0c477,9,2.69686,0.9186804,2.477552423544
8400.320300017484,bench:d908ade19db0c477,9,2.73258,0.9186804,2.510367687432
8404.612961981911,bench:d908ade19db0c477,9,2.71472,0.9184118,2.493230881696
8408.83756999392,bench:d908ade19db0c477,9,2.69686,0.9186804,2.477552423544
8414.858272008132,bench:d908ade19db0c477,9,2.81295,0.928888,2.6129154996
8424.523716035765,bench:d908ade19db0c477,9,2.78616,0.9286194,2.587282227504
8428.726527024992,bench:d908ade19db0c477,9,2.80402,0.9280821,2.602360770042
8432.964579027612,bench:d908ade19db0c477,9,2.83081,0.928888,2.6295054392800004
8439.505128015298,bench:d908ade19db0c477,9,2.74151,0.918949,2.51930787299
8443.774271989241,bench:d908ade19db0c477,9,2.67007,0.9184118,2.452223794826
8448.028120037634,bench:d908ade19db0c477,9,2.679,0.9186804,2.4611447915999998
8452.240394020919,bench:d908ade19db0c477,9,2.63435,0.9192177,2.421541147995
8456.493631005287,bench:d908ade19db0c477,9,2.68793,0.9192177,2.470792832361
8460.808867996093,bench:d908ade19db0c477,9,2.63435,0.9192177,2.421541147995
8465.120140986983,bench:d908ade19db0c477,9,2.67007,0.918949,2.45365815643
8471.507949987426,bench:d908ade19db0c477,9,2.8576,0.928888,2.6543903488000002
8475.723984010983,bench:d908ade19db0c477,9,2.84867,0.928888,2.64609537896
8479.91814702982,bench:d908ade19db0c477,9,2.83974,0.928888,2.63780040912
8484.177457983606,bench:d908ade19db0c477,9,2.82188,0.9294252,2.622726383376
8488.336695998441,bench:d908ade19db0c477,9,2.8576,0.928888,2.6543903488000002
8492.60935903294,bench:d908ade19db0c477,9,2.82188,0.9286194,2.620452512472
8499.05777798267,bench:d908ade19db0c477,9,2.679,0.9184118,2.4604252121999997
8503.315034031402,bench:d908ade19db0c477,9,2.68793,0.918949,2.4700705855700003
8507.575752038974,bench:d908ade19db0c477,9,2.679,0.918949,2.461864371
8511.844358989038,bench:d908ade19db0c477,9,2.71472,0.9186804,2.4939600554879995
8518.275760987308,bench:d908ade19db0c477,9,3.81311,0.9286194,3.540927920334
8522.534775023814,bench:d908ade19db0c477,9,2.78616,0.928888,2.5880305900800002
8526.722346025053,bench:d908ade19db0c477,9,2.88439,0.928888,2.67927525832
8530.88612103602,bench:d908ade19db0c477,9,2.86653,0.9283507,2.661145132071
8535.103433008771,bench:d908ade19db0c477,9,2.83081,0.928888,2.6295054392800004
8539.297892013565,bench:d908ade19db0c477,9,2.98262,0.9286194,2.769718794828
8543.552258983254,bench:d908ade19db0c477,9,2.8576,0.928888,2.6543903488000002
8547.735256026499,bench:d908ade19db0c477,9,2.83974,0.9294252,2.6393259174479997
8551.972197019495,bench:d908ade19db0c477,9,2.79509,0.9286194,2.595574798746
8556.15822999971,bench:d908ade19db0c477,9,2.89332,0.9291566,2.6883473739120003
8560.325616039336,bench:d908ade19db0c477,9,2.83081,0.9294252,2.631026150412
8564.525594993029,bench:d908ade19db0c477,9,2.77723,0.928888,2.57973562024
8568.787924014032,bench:d908ade19db0c477,9,2.84867,0.9280821,2.643799635807
8572.988921019714,bench:d908ade19db0c477,9,2.83081,0.9283507,2.627984445067
8577.221047016792,bench:d908ade19db0c477,9,2.84867,0.928888,2.64609537896
8581.402803014498,bench:d908ade19db0c477,9,2.86653,0.928888,2.6626853186400004
8585.595078009646,bench:d908ade19db0c477,9,2.8576,0.9294252,2.65592545152
8589.758464018814,bench:d908ade19db0c477,9,2.86653,0.9294252,2.664225218556
8597.924495988991,bench:d908ade19db0c477,9,2.82188,0.928888,2.6212104694400002
8604.556673031766,bench:d908ade19db0c477,9,2.71472,0.918949,2.49468922928
8611.211257986724,bench:d908ade19db0c477,9,2.43789,0.8888636,2.166951681804
8617.800212989096,bench:d908ade19db0c477,9,2.90225,0.9294252,2.6974242867
8621.989468985703,bench:d908ade19db0c477,9,2.79509,0.9294252,2.597827082268
8626.206651038956,bench:d908ade19db0c477,9,2.83974,0.9294252,2.6393259174479997
8630.405350995716,bench:d908ade19db0c477,9,2.84867,0.9283507,2.644564788569
8634.581200021785,bench:d908ade19db0c477,9,2.92011,0.9291566,2.7132394792260004
8638.747881981544,bench:d908ade19db0c477,9,2.83081,0.9286194,2.628745083714
8645.20354301203,bench:d908ade19db0c477,9,2.69686,0.9192177,2.479001446422
8650.808395992499,bench:d908ade19db0c477,9,2.83974,0.9304997,2.642377218078
8655.039725999814,bench:d908ade19db0c477,9,2.86653,0.928888,2.6626853186400004
8659.247889008839,bench:d908ade19db0c477,9,2.80402,0.9291566,2.605373689532
8663.391201989725,bench:d908ade19db0c477,9,2.77723,0.9286194,2.578989656262
8667.592402023729,bench:d908ade19db0c477,9,2.8576,0.9286194,2.65362279744
8671.814212983008,bench:d908ade19db0c477,9,2.86653,0.9286194,2.661915368682
8676.047783985268,bench:d908ade19db0c477,9,2.86653,0.9286194,2.661915368682
8680.28187303571,bench:d908ade19db0c477,9,2.83081,0.9286194,2.628745083714
8684.567424003035,bench:d908ade19db0c477,9,2.74151,0.9286194,2.545819371294
8689.567413006444,bench:d908ade19db0c477,9,2.72365,0.928888,2.5299658012000004
8694.611439015716,bench:d908ade19db0c477,9,2.7683,0.928888,2.5714406504
8700.665028998628,bench:d908ade19db0c477,9,2.67007,0.9294252,2.481630343764
8705.926403985359,bench:d908ade19db0c477,9,2.71472,0.9291566,2.522400005152
8710.150122991763,bench:d908ade19db0c477,9,2.70579,0.9291566,2.514102636714
8715.360795031302,bench:d908ade19db0c477,9,2.61649,0.928888,2.4304261631200004
8719.678253983147,bench:d908ade19db0c477,9,2.679,0.9278135,2.4856123665
8724.001750000753,bench:d908ade19db0c477,9,2.67007,0.928888,2.48019598216
8728.216319985222,bench:d908ade19db0c477,9,2.72365,0.9286194,2.52923422881
8732.480242033489,bench:d908ade19db0c477,9,2.66114,0.9286194,2.471186230116
8736.730627017096,bench:d908ade19db0c477,9,2.679,0.9291566,2.4892105314
8741.080993029755,bench:d908ade19db0c477,9,2.63435,0.9291566,2.44772368921
8746.341664984357,bench:d908ade19db0c477,9,2.7683,0.9286194,2.57069708502
8750.576753984205,bench:d908ade19db0c477,9,2.81295,0.9291566,2.61367105797
8754.81752800988,bench:d908ade19db0c477,9,2.78616,0.9291566,2.5887789526560003
8761.496038001496,bench:d908ade19db0c477,9,2.86653,0.9286194,2.661915368682
8765.692348999437,bench:d908ade19db0c477,9,2.81295,0.9286194,2.61215994123
8769.922456995118,bench:d908ade19db0c477,9,2.84867,0.9286194,2.645330226198
8775.480126030743,bench:d908ade19db0c477,9,2.73258,0.918949,2.51110165842
8779.72656703787,bench:d908ade19db0c477,9,2.66114,0.9173373,2.441162982522
8784.019840008114,bench:d908ade19db0c477,9,2.74151,0.9192177,2.520044516727
8788.326984038576,bench:d908ade19db0c477,9,2.71472,0.9184118,2.493230881696
8794.808792008553,bench:d908ade19db0c477,9,2.83081,0.9294252,2.631026150412
8799.04162202729,bench:d908ade19db0c477,9,2.84867,0.9283507,2.644564788569
8803.234582010191,bench:d908ade19db0c477,9,2.84867,0.928888,2.64609537896
8807.450727035757,bench:d908ade19db0c477,9,2.8576,0.9283507,2.65285496032
8813.03341401508,bench:d908ade19db0c477,9,2.71472,0.9192177,2.4954186745439997
8817.317428009119,bench:d908ade19db0c477,9,2.66114,0.9186804,2.444737159656
8823.05428100517,bench:d908ade19db0c477,9,2.83974,0.9283507,2.636274616818
8827.304684033152,bench:d908ade19db0c477,9,2.83974,0.928888,2.63780040912
8831.518903025426,bench:d908ade19db0c477,9,2.86653,0.9283507,2.661145132071
8835.773196013179,bench:d908ade19db0c477,9,2.86653,0.928888,2.6626853186400004
8839.981414028443,bench:d908ade19db0c477,9,2.83974,0.928888,2.63780040912
8844.143374008127,bench:d908ade19db0c477,9,2.83974,0.928888,2.63780040912
8848.393407999538,bench:d908ade19db0c477,9,2.82188,0.9294252,2.622726383376
8852.653756039217,bench:d908ade19db0c477,9,2.84867,0.9291566,2.646860531722
8856.953826034442,bench:d908ade19db0c477,9,2.83974,0.9291566,2.638563163284
8861.215321987402,bench:d908ade19db0c477,9,2.82188,0.928888,2.6212104694400002
8865.446670039091,bench:d908ade19db0c477,9,2.87546,0.9286194,2.670207939924
8871.933293004986,bench:d908ade19db0c477,9,2.75937,0.9192177,2.5364617448490003
8876.191510993522,bench:d908ade19db0c477,9,2.71472,0.9192177,2.4954186745439997
8880.498822021764,bench:d908ade19db0c477,9,2.71472,0.918949,2.49468922928
8884.824243024923,bench:d908ade19db0c477,9,2.71472,0.918949,2.49468922928
8889.104091038462,bench:d908ade19db0c477,9,2.63435,0.918949,2.42083329815
8896.03583898861,bench:d908ade19db0c477,9,2.90225,0.9294252,2.6974242867
8900.213040004019,bench:d908ade19db0c477,9,2.87546,0.9291566,2.671752637036
8904.44216603646,bench:d908ade19db0c477,9,2.82188,0.928888,2.6212104694400002
8908.670532982796,bench:d908ade19db0c477,9,2.83974,0.9286194,2.637037654956
8912.9187699873,bench:d908ade19db0c477,9,2.83974,0.9286194,2.637037654956
8917.140915000346,bench:d908ade19db0c477,9,2.83081,0.9286194,2.628745083714
8921.341762994416,bench:d908ade19db0c477,9,2.82188,0.928888,2.6212104694400002
8925.59366702335,bench:d908ade19db0c477,9,2.84867,0.9294252,2.647625684484
8929.793366987724,bench:d908ade19db0c477,9,2.83974,0.9294252,2.6393259174479997
8933.974698011298,bench:d908ade19db0c477,9,2.81295,0.928888,2.6129154996
8938.194602029398,bench:d908ade19db0c477,9,2.86653,0.928888,2.6626853186400004
8942.39156099502,bench:d908ade19db0c477,9,2.8576,0.9283507,2.65285496032
8946.59170601517,bench:d908ade19db0c477,9,3.06299,0.9294252,2.846820093348
8950.790258997586,bench:d908ade19db0c477,9,3.02727,0.9291566,2.812807900482
8954.990366008133,bench:d908ade19db0c477,9,2.89332,0.928888,2.6875702281600002
8959.217844007071,bench:d908ade19db0c477,9,2.87546,0.9291566,2.671752637036
8964.914696989581,bench:d908ade19db0c477,9,2.72365,0.918949,2.50289544385
8969.137859996408,bench:d908ade19db0c477,9,2.70579,0.9184118,2.485029464322
8975.627742009237,bench:d908ade19db0c477,9,2.88439,0.9294252,2.680824752628
8979.864942026325,bench:d908ade19db0c477,9,2.82188,0.9283507,2.619694273316
8985.470055020414,bench:d908ade19db0c477,9,2.69686,0.9184118,2.476828046948
8989.793458022177,bench:d908ade19db0c477,9,2.69686,0.9186804,2.477552423544
8996.1340270238,bench:d908ade19db0c477,9,2.86653,0.9294252,2.664225218556
9000.336431025062,bench:d908ade19db0c477,9,2.81295,0.9294252,2.61442661634
9004.593538993504,bench:d908ade19db0c477,9,2.87546,0.9286194,2.670207939924
9008.85142403422,bench:d908ade19db0c477,9,2.84867,0.928888,2.64609537896
9013.08851299109,bench:d908ade19db0c477,9,2.83081,0.9294252,2.631026150412
9017.30793499155,bench:d908ade19db0c477,9,2.86653,0.9294252,2.664225218556
9021.512154024094,bench:d908ade19db0c477,9,2.80402,0.9283507,2.603113929814
9025.697947014123,bench:d908ade19db0c477,9,2.83081,0.9291566,2.630265794846
9029.913944017608,bench:d908ade19db0c477,9,2.83974,0.9283507,2.636274616818
9035.463928012177,bench:d908ade19db0c477,9,2.7683,0.9192177,2.54467035891
9039.669424004387,gap,10,1.56275,0.9173373,1.433568865575
9045.329443993978,gap,10,1.48238,0.903369,1.33913613822
9049.625254992861,gap,10,1.50024,0.903369,1.35527030856
9056.46109598456,gap,10,0.9287199,0.7225879,0.67108176222921
9060.978645982686,gap,10,0.9465799,0.7223192,0.6837328361040801
9068.281130981632,gap,10,1.11625,0.8184852,0.9136341045
9075.366784993093,gap,10,0.9287199,0.7220506,0.67058276102694
9079.46765300585,gap,10,0.93765,0.7228564,0.6777863034599999
9083.546651003417,gap,10,0.9465799,0.7223192,0.6837328361040801
9087.668685999233,gap,10,0.93765,0.7223192,0.67728259788
9091.754349996336,gap,10,0.9287199,0.7223192,0.67083221519208
9095.820255985018,gap,10,0.91979,0.7220506,0.664134921374
9103.114482015371,gap,10,1.11625,0.8187538,0.9139339292499999
9110.215081018396,gap,10,0.9287199,0.7225879,0.67108176222921
9114.28231903119,gap,10,0.91979,0.7225879,0.664629124541
9118.394891032949,gap,10,0.9108599,0.7225879,0.6581763423352099
9122.473407012876,gap,10,1.15197,0.7225879,0.8323995831629999
9129.772560030688,gap,10,1.09839,0.8184852,0.899015958828
9136.878121003974,gap,10,0.93765,0.7225879,0.6775345444349999
9140.963267011102,gap,10,0.93765,0.7225879,0.6775345444349999
9145.05619101692,gap,10,0.91979,0.723125,0.66512314375
9149.144280992914,gap,10,0.9287199,0.7223192,0.67083221519208
9156.496729003266,gap,10,1.08053,0.8184852,0.884397813156
9163.921064988244,gap,10,0.9287199,0.7223192,0.67083221519208
9167.981156031601,gap,10,0.9287199,0.7225879,0.67108176222921
9172.077246010303,gap,10,0.9287199,0.7225879,0.67108176222921
9176.146541023627,gap,10,0.93765,0.7223192,0.67728259788
9180.23355701007,gap,10,0.9287199,0.7223192,0.67083221519208
9184.312221012078,gap,10,0.9287199,0.7225879,0.67108176222921
9188.364608038682,gap,10,0.9287199,0.7223192,0.67083221519208
9192.434069002047,gap,10,0.9287199,0.7220506,0.67058276102694
9196.511401038151,gap,10,0.9287199,0.7220506,0.67058276102694
9200.599213014357,gap,10,0.9287199,0.7225879,0.67108176222921
9204.652766988147,gap,10,0.91979,0.7225879,0.664629124541
9208.744543022476,gap,10,0.9108599,0.7225879,0.6581763423352099
9216.10243502073,gap,10,1.08946,0.8184852,0.8917068859920001
9220.238042995334,gap,10,1.08053,0.8184852,0.884397813156
9227.319011988584,gap,10,0.9108599,0.7223192,0.65793159428008
9231.409899017308,gap,10,0.9108599,0.7223192,0.65793159428008
9235.526897013187,gap,10,0.91979,0.7225879,0.664629124541
9242.826253001112,gap,10,1.08053,0.8184852,0.884397813156
9249.908110999968,gap,10,0.9108599,0.7225879,0.6581763423352099
9253.9928490296,gap,10,0.93765,0.7223192,0.67728259788
9258.09856900014,gap,10,0.93765,0.7223192,0.67728259788
9262.184270017315,gap,10,0.95551,0.7220506,0.689926568806
9269.540200009942,gap,10,1.08053,0.8182165,0.884107474745
9276.553836010862,gap,10,0.91979,0.7228564,0.664876088156
9284.20333698159,gap,10,1.0716,0.8182165,0.8768008014
9288.342779036611,gap,10,1.08053,0.8182165,0.884107474745
9295.427859004121,gap,10,0.9108599,0.7225879,0.6581763423352099
9299.51667203568,gap,10,0.91979,0.7223192,0.664381976968
9303.599873033818,gap,10,0.9108599,0.7225879,0.6581763423352099
9307.673648989294,gap,10,0.9287199,0.7223192,0.67083221519208
9311.74968398409,gap,10,0.91979,0.7225879,0.664629124541
9315.85095898481,gap,10,0.9287199,0.7223192,0.67083221519208
9319.918864988722,gap,10,0.9108599,0.7225879,0.6581763423352099
9323.985880997498,gap,10,0.9287199,0.7223192,0.67083221519208
9328.072100994177,gap,10,0.9287199,0.7228564,0.67133112352236
9332.152821007185,gap,10,0.9108599,0.7220506,0.65768693731094
9339.521677000448,gap,10,1.10732,0.8184852,0.9063250316640001
9343.704859027639,gap,10,1.08053,0.8187538,0.884688043514
9347.8636519867,gap,10,1.08053,0.8184852,0.884397813156
9352.005093998741,gap,10,1.09839,0.8179479,0.898425793881
9356.133980036248,gap,10,1.08946,0.8182165,0.8914141480900001
9360.276088002138,gap,10,1.08053,0.8187538,0.884688043514
9366.335419006646,gap,10,0.91979,0.7220506,0.664134921374
9370.862282987218,gap,10,0.9287199,0.7223192,0.67083221519208
9374.944559007417,gap,10,0.9108599,0.7225879,0.6581763423352099
9379.01066802442,gap,10,0.9108599,0.7225879,0.6581763423352099
9386.303913022857,gap,10,1.08946,0.8182165,0.8914141480900001
9393.395140999928,gap,10,0.91979,0.7223192,0.664381976968
9397.46773202205,gap,10,0.9108599,0.7223192,0.65793159428008
9401.529933034908,gap,10,0.91979,0.7223192,0.664381976968
9405.597468023188,gap,10,0.9465799,0.7228564,0.68424133882636
9412.912695028353,gap,10,1.08946,0.8184852,0.8917068859920001
9419.981479004491,gap,10,0.90193,0.7225879,0.6517237046469999
9424.061772995628,gap,10,0.9108599,0.7225879,0.6581763423352099
9428.133270994294,gap,10,0.91979,0.7223192,0.664381976968
9432.223546027672,gap,10,0.91979,0.7220506,0.664134921374
9436.274452018552,gap,10,0.91979,0.7225879,0.664629124541
9440.341802022886,gap,10,0.91979,0.7225879,0.664629124541
9444.412966025993,gap,10,0.9287199,0.7225879,0.67108176222921
9448.507742024958,gap,10,0.91979,0.7223192,0.664381976968
9452.60836899979,gap,10,0.9108599,0.7225879,0.6581763423352099
9456.676330009941,gap,10,0.9287199,0.7223192,0.67083221519208
9460.753438994288,gap,10,0.9287199,0.7228564,0.67133112352236
9464.866510999855,gap,10,0.8929999,0.7223192,0.64503097336808
9472.189570020419,gap,10,1.08053,0.8187538,0.884688043514
9476.32664203411,gap,10,1.08053,0.8184852,0.884397813156
9483.339167025406,gap,10,0.9287199,0.7228564,0.67133112352236
9487.39890602883,gap,10,0.90193,0.7228564,0.6519658728519999
9491.450719011482,gap,10,0.8929999,0.7228564,0.6455106929143599
9498.813296027947,gap,10,1.08946,0.8184852,0.8917068859920001
9505.871488014236,gap,10,0.9287199,0.7225879,0.67108176222921
9509.991188999265,gap,10,0.90193,0.7225879,0.6517237046469999
9514.0718719922,gap,10,0.91979,0.7225879,0.664629124541
9518.169221992139,gap,10,0.91979,0.7225879,0.664629124541
9525.532392028254,gap,10,1.0716,0.8184852,0.8770887403200001
9532.540249987505,gap,10,0.9108599,0.7228564,0.65842090821836
9540.342286985833,gap,10,1.68777,0.8187538,1.3818681010259999
9545.08683399763,gap,10,1.0716,0.8184852,0.8770887403200001
9559.852729027625,gap,10,1.08053,0.8179479,0.8838172443869999
9566.985493991524,gap,10,2.63435,0.7228564,1.9042567573399998
9572.59138498921,gap,10,0.90193,0.7225879,0.6517237046469999
9590.922394010704,gap,10,1.11625,0.8329906,0.92982575725
9602.211655990686,gap,10,1.10732,0.8184852,0.9063250316640001
9606.982536031865,gap,10,1.08053,0.8184852,0.884397813156
9611.150700016879,gap,10,1.08053,0.8179479,0.8838172443869999
9617.427510034759,gap,10,0.9287199,0.7223192,0.67083221519208
9621.959337033331,gap,10,0.9287199,0.7225879,0.67108176222921
9626.03633501567,gap,10,0.9287199,0.7228564,0.67133112352236
9630.100907001179,gap,10,0.9108599,0.7223192,0.65793159428008
9634.148868033662,gap,10,0.91979,0.7223192,0.664381976968
9638.237514009234,gap,10,0.9287199,0.7220506,0.67058276102694
9645.564999023918,gap,10,1.06267,0.8179479,0.8692086948929999
9652.64083899092,gap,10,0.9108599,0.7225879,0.6581763423352099
9656.751133035868,gap,10,0.8929999,0.7225879,0.6452709224412099
9660.82687099697,gap,10,0.9287199,0.7228564,0.67133112352236
9664.92566501256,gap,10,0.9108599,0.7223192,0.65793159428008
9668.98170002969,gap,10,0.91979,0.7225879,0.664629124541
9673.072161036544,gap,10,0.9108599,0.7225879,0.6581763423352099
9677.134695986751,gap,10,0.90193,0.7225879,0.6517237046469999
9681.211639021058,gap,10,0.90193,0.7225879,0.6517237046469999
9685.340951022226,gap,10,0.8929999,0.7220506,0.64479111359494
9690.799028030597,gap,10,0.8929999,0.7220506,0.64479111359494
9696.737934020348,gap,10,1.30378,0.9280821,1.210014880338
9703.660442028195,gap,10,1.29485,0.9291566,1.20311842351
9707.831679028459,gap,10,1.29485,0.928888,1.2027706268
9711.980084015522,gap,10,1.29485,0.9286194,1.20242283009
9716.158470022492,gap,10,1.29485,0.928888,1.2027706268
9720.32439301256,gap,10,1.30378,0.9286194,1.2107154013319998
9726.141004008241,gap,10,1.27699,0.928888,1.18618068712
9730.715404031798,gap,10,1.27699,0.928888,1.18618068712
9734.804845997132,gap,10,1.28592,0.9283507,1.1937847321439998
9738.894067006186,gap,10,1.26806,0.9283507,1.1772043886419998
9742.9860830307,gap,10,1.27699,0.9286194,1.185837687606
9747.100209991913,gap,10,1.25913,0.928888,1.1695907474400002
9751.198708021548,gap,10,1.29485,0.9286194,1.20242283009
9755.300112999976,gap,10,1.28592,0.928888,1.19447565696
9761.261093022767,gap,10,1.31271,0.9286194,1.219007972574
9766.024806012865,gap,10,1.31271,0.9283507,1.218655247397
9774.248338013422,gap,10,1.0716,0.8184852,0.8770887403200001
9781.258567003533,gap,10,0.9108599,0.7225879,0.6581763423352099
9785.346269025467,gap,10,0.9287199,0.7225879,0.67108176222921
9789.4414330367,gap,10,0.91979,0.7223192,0.664381976968
9796.733512019273,gap,10,1.08053,0.8184852,0.884397813156
9803.92362800194,gap,10,0.9108599,0.7223192,0.65793159428008
9807.999070035294,gap,10,0.91979,0.7223192,0.664381976968
9812.107381992973,gap,10,0.9287199,0.7225879,0.67108176222921
9816.197047010064,gap,10,0.90193,0.7223192,0.6514813560560001
9823.552791029215,gap,10,1.08946,0.8187538,0.891999514948
9830.573946004733,gap,10,0.9108599,0.7225879,0.6581763423352099
9834.654444013722,gap,10,0.9108599,0.7228564,0.65842090821836
9838.739459984936,gap,10,0.93765,0.7223192,0.67728259788
9844.968956022058,gap,10,1.0716,0.8184852,0.8770887403200001
9849.676448036917,gap,10,1.0716,0.8184852,0.8770887403200001
9853.828278020956,gap,10,1.08053,0.8184852,0.884397813156
9857.978719985113,gap,10,1.08946,0.8187538,0.891999514948
9865.006708016153,gap,10,0.9108599,0.7225879,0.6581763423352099
9869.096798996907,gap,10,0.90193,0.7228564,0.6519658728519999
9873.16301901592,gap,10,0.91979,0.7220506,0.664134921374
9880.525188986212,gap,10,1.08946,0.8187538,0.891999514948
9884.67777898768,gap,10,1.0716,0.8184852,0.8770887403200001
9888.823461020365,gap,10,1.0716,0.8182165,0.8768008014
9895.925393037032,gap,10,0.90193,0.7220506,0.651239097658
9900.000575988088,gap,10,0.91979,0.7228564,0.664876088156
9904.066389019135,gap,10,0.9108599,0.7225879,0.6581763423352099
9908.153812983073,gap,10,0.90193,0.7220506,0.651239097658
9912.235422001686,gap,10,0.9108599,0.7220506,0.65768693731094
9916.312957007904,gap,10,0.9108599,0.7228564,0.65842090821836
9920.370435982477,gap,10,0.9108599,0.7220506,0.65768693731094
9924.42973103607,gap,10,0.9108599,0.7228564,0.65842090821836
9928.507395030465,gap,10,0.93765,0.7223192,0.67728259788
9932.587060029618,gap,10,0.91979,0.7225879,0.664629124541
9936.666538997088,gap,10,0.9108599,0.721782,0.6574422803418
9940.806018013973,gap,10,0.91979,0.7225879,0.664629124541
9944.88960801391,gap,10,0.90193,0.7223192,0.6514813560560001
9948.95542098675,gap,10,0.90193,0.723125,0.65220813125
9956.244555010926,gap,10,1.08946,0.8187538,0.891999514948
9960.367423016578,gap,10,1.08946,0.8184852,0.8917068859920001
9967.411726014689,gap,10,0.9287199,0.7220506,0.67058276102694
9971.496296988335,gap,10,0.88407,0.7225879,0.638818284753
9975.571166025475,gap,10,0.90193,0.7228564,0.6519658728519999
9979.630385991186,gap,10,0.8929999,0.7225879,0.6452709224412099
9983.697199029848,gap,10,0.91979,0.7225879,0.664629124541
9987.741679011378,gap,10,0.9108599,0.7225879,0.6581763423352099
9991.813380038366,gap,10,0.9108599,0.7220506,0.65768693731094
9995.872193016112,gap,10,0.9287199,0.7225879,0.67108176222921
9999.966617033351,gap,10,0.90193,0.7225879,0.6517237046469999
10006.271112011746,gap,10,1.08946,0.8182165,0.8914141480900001
10010.97723300336,gap,10,1.08053,0.8179479,0.8838172443869999
10018.051591003314,gap,10,0.91979,0.7223192,0.664381976968
10022.142997011542,gap,10,0.9108599,0.7225879,0.6581763423352099
10026.245790999383,gap,10,0.9287199,0.7223192,0.67083221519208
10033.616108994465,gap,10,1.0716,0.8182165,0.8768008014
10040.626005036756,gap,10,0.9108599,0.7225879,0.6581763423352099
10044.729668996297,gap,10,0.9108599,0.7225879,0.6581763423352099
10048.813556029927,gap,10,0.91979,0.7223192,0.664381976968
10052.94112698175,gap,10,0.90193,0.7225879,0.6517237046469999
10057.02151398873,gap,10,0.9108599,0.7220506,0.65768693731094
10064.373536035419,gap,10,1.04481,0.8182165,0.854880781365
10068.53534799302,gap,10,1.0716,0.8184852,0.8770887403200001
10075.613650027663,gap,10,0.91979,0.7225879,0.664629124541
10079.674499982502,gap,10,0.9108599,0.7225879,0.6581763423352099
10083.735332009383,gap,10,0.91979,0.7228564,0.664876088156
10087.830459000543,gap,10,0.91979,0.7225879,0.664629124541
10091.903790016659,gap,10,0.9108599,0.7228564,0.65842090821836
10095.974306983408,gap,10,0.91979,0.7225879,0.664629124541
10104.907720990013,bench:0aee563acf6fbb92,11,0.9108599,0.7223192,0.65793159428008
10109.640231006779,bench:0aee563acf6fbb92,11,3.69702,0.8488392,3.1381754991840003
10120.975252008066,bench:0aee563acf6fbb92,11,5.491949,0.9291566,5.1028806602134
10125.092212983873,bench:0aee563acf6fbb92,11,2.86653,0.928888,2.6626853186400004
10129.219932015985,bench:0aee563acf6fbb92,11,4.00957,0.9283507,3.722287116199
10133.301374036819,bench:0aee563acf6fbb92,11,5.63483,0.9291566,5.235639484378
10140.980245021638,bench:0aee563acf6fbb92,11,4.24175,0.9286194,3.9389713399499997
10160.909573023673,bench:0aee563acf6fbb92,11,4.04529,0.9291566,3.7587079024139998
10165.300419030245,bench:0aee563acf6fbb92,11,4.05422,0.9237842,3.745224379324
10196.8870050041,bench:0aee563acf6fbb92,11,5.94738,0.9294252,5.527644845976
10200.972446997184,bench:0aee563acf6fbb92,11,2.78616,0.9286194,2.587282227504
10208.97800003877,bench:0aee563acf6fbb92,11,4.04529,0.9283507,3.7554478032029994
10216.999349009711,bench:0aee563acf6fbb92,11,5.39372,0.9304997,5.018854841884
10225.021530990489,bench:0aee563acf6fbb92,11,5.92059,0.9286194,5.497974733446
10229.173603001982,bench:0aee563acf6fbb92,11,2.87546,0.928888,2.67098028848
10233.308544033207,bench:0aee563acf6fbb92,11,4.06315,0.928888,3.7742112772000005
10239.252636034507,bench:0aee563acf6fbb92,11,5.96524,0.9296938,5.545846643512
10245.010562008247,bench:0aee563acf6fbb92,11,5.92952,0.9294252,5.511045311904
10249.088744982146,bench:0aee563acf6fbb92,11,6.00096,0.9291566,5.575831590336
10253.259630990215,bench:0aee563acf6fbb92,11,5.57232,0.9294252,5.179054630464
10260.97068603849,bench:0aee563acf6fbb92,11,5.491949,0.9278135,5.0955044235115
10269.016609003302,bench:0aee563acf6fbb92,11,4.71504,0.928888,4.379744075520001
10273.49710301496,bench:0aee563acf6fbb92,11,5.72413,0.9275449,5.309387588437
10277.574378997087,bench:0aee563acf6fbb92,11,5.56339,0.9294252,5.170754863428
10284.90090102423,bench:0aee563acf6fbb92,11,5.70627,0.9304997,5.309682523119
10289.037620997988,bench:0aee563acf6fbb92,11,5.66162,0.928888,5.259010878560001
10293.114082014654,bench:0aee563acf6fbb92,11,5.91166,0.9294252,5.494445777832
10297.182801994495,bench:0aee563acf6fbb92,11,6.518899,0.9294252,6.0588290068548
10301.286392030306,bench:0aee563acf6fbb92,11,5.96524,0.928888,5.54103985312
10308.750764990691,bench:0aee563acf6fbb92,11,5.59911,0.928888,5.2009460896799995
10313.035556988325,bench:0aee563acf6fbb92,11,5.46516,0.9294252,5.079457426032
10320.722928037867,bench:0aee563acf6fbb92,11,5.491949,0.9291566,5.1028806602134
10324.98257199768,bench:0aee563acf6fbb92,11,6.501039,0.9291566,6.0404832937074
10332.720812992193,bench:0aee563acf6fbb92,11,5.96524,0.928888,5.54103985312
10337.20223302953,bench:0aee563acf6fbb92,11,5.58125,0.9280821,5.179858220625
10341.67565300595,bench:0aee563acf6fbb92,11,5.45623,0.9294252,5.0711576589959995
10346.207183029037,bench:0aee563acf6fbb92,11,6.00096,0.9326486,5.596786942656
10356.959080032539,bench:0aee563acf6fbb92,11,5.304419,0.9184118,4.8716410017442
10368.970908981282,bench:0aee563acf6fbb92,11,5.50088,0.9286194,5.108223885072
10373.136313981377,bench:0aee563acf6fbb92,11,5.70627,0.9280821,5.295887044767
10377.252941019833,bench:0aee563acf6fbb92,11,5.5366,0.9302311,5.15031750826
10381.304698006716,bench:0aee563acf6fbb92,11,5.96524,0.9291566,5.542642116584
10388.668998028152,bench:0aee563acf6fbb92,11,5.63483,0.9294252,5.237152999716
10393.238788004965,bench:0aee563acf6fbb92,11,5.96524,0.931037,5.5538591538799995
10397.740374028217,bench:0aee563acf6fbb92,11,5.46516,0.9286194,5.075053600104
10403.230358031578,bench:0aee563acf6fbb92,11,5.143679,0.9192177,4.7281607799183
10407.679353025742,bench:0aee563acf6fbb92,11,5.18833,0.9184118,4.765023494294
10415.082836989313,bench:0aee563acf6fbb92,11,5.19726,0.9197549,4.780205351574001
10420.873615017626,bench:0aee563acf6fbb92,11,5.46516,0.9304997,5.085329740452
10425.353183003608,bench:0aee563acf6fbb92,11,5.37586,0.9291566,4.9950157996760005
10429.871417989489,bench:0aee563acf6fbb92,11,5.51874,0.9291566,5.1277736946840005
10440.910071018152,bench:0aee563acf6fbb92,11,5.42051,0.9184118,4.978260346018
10447.441341995727,bench:0aee563acf6fbb92,11,6.00096,0.928888,5.5742197324800005
10451.972372015007,bench:0aee563acf6fbb92,11,5.50088,0.9291566,5.111178957808001
10464.84093402978,bench:0aee563acf6fbb92,11,5.25084,0.9184118,4.822433415912
10472.984596039169,bench:0aee563acf6fbb92,11,5.491949,0.9302311,5.1087817594139
10477.142482995987,bench:0aee563acf6fbb92,11,5.67055,0.9280821,5.262735952155
10481.679828022607,bench:0aee563acf6fbb92,11,5.509809,0.9275449,5.1105952379241
10485.828455013689,bench:0aee563acf6fbb92,11,4.08994,0.9286194,3.7979976288360002
10489.932230033446,bench:0aee563acf6fbb92,11,4.71504,0.928888,4.379744075520001
10497.031476988923,bench:0aee563acf6fbb92,11,4.1078,0.928888,3.8156861264
10504.69160702778,bench:0aee563acf6fbb92,11,5.491949,0.928888,5.1014055227120005
10508.826770994347,bench:0aee563acf6fbb92,11,4.40249,0.928888,4.089420131120001
10512.99067598302,bench:0aee563acf6fbb92,11,4.00064,0.9286194,3.7150719164159995
10517.077710013837,bench:0aee563acf6fbb92,11,4.08101,0.928888,3.7908012168800003
10521.135633985978,bench:0aee563acf6fbb92,11,4.57216,0.9304997,4.254393508352001
10525.202966004144,bench:0aee563acf6fbb92,11,4.1078,0.9286194,3.81458277132
10529.256501002237,bench:0aee563acf6fbb92,11,4.13459,0.928888,3.8405710359200005
10533.39442401193,bench:0aee563acf6fbb92,11,4.1078,0.9291566,3.8167894814800003
10537.47421799926,bench:0aee563acf6fbb92,11,4.08101,0.9283507,3.788608490207
10541.612401022576,bench:0aee563acf6fbb92,11,4.08994,0.9291566,3.8001947446040005
10545.773398014717,bench:0aee563acf6fbb92,11,4.08101,0.9304997,3.7973785806970004
10549.881062004715,bench:0aee563acf6fbb92,11,4.08994,0.9291566,3.8001947446040005
10553.901987033896,bench:0aee563acf6fbb92,11,4.16138,0.928888,3.8654559454400004
10557.989910012111,bench:0aee563acf6fbb92,11,4.17031,0.9286194,3.8726307700139997
10562.051205022726,bench:0aee563acf6fbb92,11,4.08994,0.9283507,3.796898661958
10566.16570201004,bench:0aee563acf6fbb92,11,4.08101,0.9291566,3.791897376166
10570.276237034705,bench:0aee563acf6fbb92,11,4.16138,0.9286194,3.8643381987720002
10574.411382025573,bench:0aee563acf6fbb92,11,4.08994,0.928888,3.7990961867200004
10578.558064997196,bench:0aee563acf6fbb92,11,4.08994,0.928888,3.7990961867200004
10582.624543982092,bench:0aee563acf6fbb92,11,4.1078,0.9302311,3.8212033125800002
10586.969261988997,bench:0aee563acf6fbb92,11,4.09887,0.9286194,3.8062902000779997
10591.035222983919,bench:0aee563acf6fbb92,11,4.09887,0.9283507,3.805188833709
10599.17303401744,bench:0aee563acf6fbb92,11,4.11673,0.9291566,3.8250868499179997
10603.28814201057,bench:0aee563acf6fbb92,11,4.56323,0.9283507,4.236277764761
10607.35038103303,bench:0aee563acf6fbb92,11,4.42928,0.9286194,4.113115336032
10611.419230990577,bench:0aee563acf6fbb92,11,4.08101,0.928888,3.7908012168800003
10615.741838002577,bench:0aee563acf6fbb92,11,3.96492,0.9286194,3.681901631448
10619.792409997899,bench:0aee563acf6fbb92,11,4.08101,0.9286194,3.789705057594
10623.842092987616,bench:0aee563acf6fbb92,11,4.24175,0.928888,3.940110674
10627.886129019316,bench:0aee563acf6fbb92,11,4.11673,0.9294252,3.826192603595999
10631.937219004612,bench:0aee563acf6fbb92,11,4.36677,0.9286194,4.0550673373379995
10635.979199025314,bench:0aee563acf6fbb92,11,4.09887,0.9286194,3.8062902000779997
10640.097233990673,bench:0aee563acf6fbb92,11,4.08994,0.9291566,3.8001947446040005
10644.234934996348,bench:0aee563acf6fbb92,11,4.14352,0.9294252,3.8510919047039995
10649.068611033726,bench:0aee563acf6fbb92,11,5.70627,0.9326486,5.321944726722
10653.19018199807,bench:0aee563acf6fbb92,11,4.20603,0.9283507,3.904670894721
10657.356920011807,bench:0aee563acf6fbb92,11,4.08994,0.9294252,3.8012933024880002
10661.505175987259,bench:0aee563acf6fbb92,11,4.14352,0.9286194,3.8477530562879996
10669.024640985299,bench:0aee563acf6fbb92,11,4.13459,0.9294252,3.842792137668
10673.145823995583,bench:0aee563acf6fbb92,11,5.56339,0.928888,5.16776621032
10677.25008103298,bench:0aee563acf6fbb92,11,5.93845,0.9286194,5.51455987593
10685.525520006195,bench:0aee563acf6fbb92,11,6.00096,0.9286194,5.5726078746239995
10692.672748002224,bench:0aee563acf6fbb92,11,5.509809,0.9283507,5.1150350420162995
10701.033538032789,bench:0aee563acf6fbb92,11,5.34907,0.928888,4.968686934160001
10705.600382992998,bench:0aee563acf6fbb92,11,5.39372,0.928888,5.01016178336
10713.012886000797,bench:0aee563acf6fbb92,11,5.358,0.928888,4.976981904
10717.082847026177,bench:0aee563acf6fbb92,11,5.8938,0.9286194,5.47309701972
10724.95440102648,bench:0aee563acf6fbb92,11,5.99203,0.9304997,5.575582117391
10729.436505993363,bench:0aee563acf6fbb92,11,5.43837,0.928888,5.05163663256
10733.922074025031,bench:0aee563acf6fbb92,11,5.43837,0.9304997,5.060401653489
10737.958127981983,bench:0aee563acf6fbb92,11,5.45623,0.9294252,5.0711576589959995
10748.913466988597,bench:0aee563acf6fbb92,11,5.92952,0.9304997,5.517416581144
10753.495719982311,bench:0aee563acf6fbb92,11,5.39372,0.9294252,5.013059289744
10757.64047598932,bench:0aee563acf6fbb92,11,2.54505,0.9291566,2.36475000483
10764.349764038343,bench:0aee563acf6fbb92,11,4.14352,0.928888,3.8488660057599997
10768.460335035343,bench:0aee563acf6fbb92,11,4.45607,0.928888,4.1391899501600005
10772.634628985543,bench:0aee563acf6fbb92,11,4.09887,0.9286194,3.8062902000779997
10776.769941032398,bench:0aee563acf6fbb92,11,4.12566,0.9291566,3.833384218356
10780.869234993588,bench:0aee563acf6fbb92,11,4.12566,0.9291566,3.833384218356
10785.022324009333,bench:0aee563acf6fbb92,11,4.09887,0.9280821,3.804087877227
10789.179840008728,bench:0aee563acf6fbb92,11,4.1078,0.9283507,3.81347900546
10797.007543034852,bench:0aee563acf6fbb92,11,4.14352,0.9291566,3.849978955232
10801.152762025595,bench:0aee563acf6fbb92,11,5.94738,0.9294252,5.527644845976
10805.259666987695,bench:0aee563acf6fbb92,11,5.7152,0.9286194,5.30724559488
10809.321777021978,bench:0aee563acf6fbb92,11,5.67055,0.9291566,5.26882895813
10816.948592022527,bench:0aee563acf6fbb92,11,5.7152,0.9286194,5.30724559488
10824.885885987896,bench:0aee563acf6fbb92,11,5.70627,0.9286194,5.298953023638
10829.07138299197,bench:0aee563acf6fbb92,11,5.91166,0.9291566,5.492857905956001
10836.895716027357,bench:0aee563acf6fbb92,11,5.58125,0.9296938,5.1888535212499995
10844.901842006948,bench:0aee563acf6fbb92,11,5.96524,0.9283507,5.537834729668
10856.9764670101,bench:0aee563acf6fbb92,11,5.59018,0.9280821,5.188145993778
10864.899742999114,bench:0aee563acf6fbb92,11,5.48302,0.9286194,5.091638742588
10872.897703025956,bench:0aee563acf6fbb92,11,5.58125,0.9280821,5.179858220625
10880.640870018397,bench:0aee563acf6fbb92,11,5.58125,0.9291566,5.18585527375
10884.972458006814,bench:0aee563acf6fbb92,11,5.96524,0.9294252,5.544244380047999
10889.467989036348,bench:0aee563acf6fbb92,11,6.00096,0.928888,5.5742197324800005
10893.936667998787,bench:0aee563acf6fbb92,11,5.50088,0.9291566,5.111178957808001
10898.031259013806,bench:0aee563acf6fbb92,11,5.96524,0.9291566,5.542642116584
10904.899285000283,bench:0aee563acf6fbb92,11,5.94738,0.9304997,5.534035305786
10909.372741996776,bench:0aee563acf6fbb92,11,5.56339,0.928888,5.16776621032
10913.47583301831,bench:0aee563acf6fbb92,11,5.70627,0.9326486,5.321944726722
10917.557182023302,bench:0aee563acf6fbb92,11,5.96524,0.9296938,5.545846643512
10924.678354989737,bench:0aee563acf6fbb92,11,5.70627,0.928888,5.30048572776
10929.182626015972,bench:0aee563acf6fbb92,11,5.7152,0.9286194,5.30724559488
10933.674286992755,bench:0aee563acf6fbb92,11,5.58125,0.9296938,5.1888535212499995
10939.173289982136,bench:0aee563acf6fbb92,11,5.21512,0.9283507,4.841460302583999
10945.083084981889,bench:0aee563acf6fbb92,11,5.491949,0.9186804,5.0453459040996
10952.96171301743,bench:0aee563acf6fbb92,11,5.85808,0.918949,5.38327675792
10960.884544008877,bench:0aee563acf6fbb92,11,5.58125,0.9291566,5.18585527375
10968.628415022977,bench:0aee563acf6fbb92,11,5.63483,0.9291566,5.235639484378
10976.933483034372,bench:0aee563acf6fbb92,11,5.70627,0.9294252,5.303551136004
10984.9384429981,bench:0aee563acf6fbb92,11,5.55446,0.9294252,5.162455096392
10996.96177203441,bench:0aee563acf6fbb92,11,5.52767,0.9291566,5.1360710631219995
11004.944343992975,bench:0aee563acf6fbb92,11,5.58125,0.9280821,5.179858220625
11016.973840014543,bench:0aee563acf6fbb92,11,5.7152,0.9280821,5.304174817920001
11024.948430014774,bench:0aee563acf6fbb92,11,5.96524,0.9304997,5.550654030428
11036.962944024708,bench:0aee563acf6fbb92,11,5.509809,0.9326486,5.1387156501174
11041.39467899222,bench:0aee563acf6fbb92,11,5.70627,0.928888,5.30048572776
11045.45852902811,bench:0aee563acf6fbb92,11,5.67055,0.928888,5.2673058484
11049.51569403056,bench:0aee563acf6fbb92,11,6.00096,0.9304997,5.583891479712
11056.888475024607,bench:0aee563acf6fbb92,11,5.70627,0.9294252,5.303551136004
11064.722918032203,bench:0aee563acf6fbb92,11,5.59018,0.9291566,5.194152642188
11076.920263993088,bench:0aee563acf6fbb92,11,5.7152,0.9294252,5.31185090304
11081.397628993727,bench:0aee563acf6fbb92,11,5.7152,0.9294252,5.31185090304
11085.511089011561,bench:0aee563acf6fbb92,11,6.00096,0.9294252,5.577443448192
11089.614734984934,bench:0aee563acf6fbb92,11,5.94738,0.9294252,5.527644845976
11093.701214005705,bench:0aee563acf6fbb92,11,5.92952,0.9294252,5.511045311904
11097.775786009151,bench:0aee563acf6fbb92,11,5.96524,0.9294252,5.544244380047999
11103.343750990462,gap,12,1.70563,0.9283507,1.583422804441
11108.887901995331,gap,12,1.6074,0.9192177,1.4775505309799999
11113.113769039046,gap,12,1.62526,0.9186804,1.4930945069039998
11120.076498016715,gap,12,1.00016,0.7225879,0.7227035140639999
11124.19886601856,gap,12,0.9822999,0.7220506,0.70927023217494
11128.307881997898,gap,12,0.9822999,0.7223192,0.7095340779280801
11132.39041698398,gap,12,0.9822999,0.7225879,0.70979802191121
11139.700014027767,gap,12,1.15197,0.8179479,0.9422514423629998
11146.790630999021,gap,12,0.9733699,0.7223192,0.70308376747208
11150.884425034747,gap,12,0.9822999,0.7220506,0.70927023217494
11154.979533981532,gap,12,0.96444,0.7223192,0.696633529248
11159.032143012155,gap,12,0.9733699,0.7223192,0.70308376747208
11163.112604001071,gap,12,0.9822999,0.7225879,0.70979802191121
11167.192528024316,gap,12,0.9733699,0.7225879,0.7033453119642099
11171.283581003081,gap,12,0.96444,0.7223192,0.696633529248
11175.36126403138,gap,12,0.9822999,0.7225879,0.70979802191121
11179.46611403022,gap,12,0.96444,0.7225879,0.6968926742759999
11183.57020401163,gap,12,0.96444,0.7225879,0.6968926742759999
11190.865226031747,gap,12,1.12518,0.8179479,0.920338618122
11197.963603015523,gap,12,0.96444,0.7228564,0.6971516264159999
11202.05626700772,gap,12,0.9733699,0.7220506,0.70282232031694
11206.142117036507,gap,12,0.95551,0.7220506,0.689926568806
11210.201114998199,gap,12,0.95551,0.7225879,0.6904399643289999
11214.25951999845,gap,12,0.96444,0.7225879,0.6968926742759999
11218.341778032482,gap,12,0.96444,0.7225879,0.6968926742759999
11222.404498024844,gap,12,0.9465799,0.7225879,0.68398718212321
11226.463977014646,gap,12,1.15197,0.7225879,0.8323995831629999
11230.540624004789,gap,12,0.96444,0.7225879,0.6968926742759999
11234.633398998994,gap,12,0.9465799,0.7225879,0.68398718212321
11238.69895300595,gap,12,0.9465799,0.721782,0.6832243333818001
11242.767469026148,gap,12,0.95551,0.7220506,0.689926568806
11246.847023023292,gap,12,0.95551,0.7223192,0.6901832187920001
11250.942428014241,gap,12,0.9465799,0.7223192,0.6837328361040801
11254.992704023607,gap,12,0.96444,0.7228564,0.6971516264159999
11259.07594198361,gap,12,0.96444,0.7223192,0.696633529248
11263.15399602754,gap,12,0.96444,0.7223192,0.696633529248
11267.225679010153,gap,12,0.9287199,0.7225879,0.67108176222921
11271.275344013702,gap,12,0.9465799,0.7223192,0.6837328361040801
11275.360268016811,gap,12,0.9465799,0.7223192,0.6837328361040801
11279.440321028233,gap,12,0.9287199,0.7225879,0.67108176222921
11283.509541011881,gap,12,0.9465799,0.7225879,0.68398718212321
11287.575984024443,gap,12,0.95551,0.7225879,0.6904399643289999
11291.635630012024,gap,12,0.9287199,0.7223192,0.67083221519208
11295.705905999057,gap,12,0.93765,0.7223192,0.67728259788
11299.777014995925,gap,12,0.9465799,0.7225879,0.68398718212321
11303.857939026784,gap,12,0.93765,0.7223192,0.67728259788
11307.936917990446,gap,12,0.95551,0.7225879,0.6904399643289999
11311.991360038519,gap,12,0.9465799,0.7223192,0.6837328361040801
11316.061877005268,gap,12,0.95551,0.7228564,0.690696518764
11320.114005007781,gap,12,0.93765,0.7223192,0.67728259788
11324.194169021212,gap,12,0.9465799,0.7223192,0.6837328361040801
11328.259056026582,gap,12,0.91979,0.7225879,0.664629124541
11332.319091015961,gap,12,0.9287199,0.7225879,0.67108176222921
11336.370441014878,gap,12,0.9465799,0.7225879,0.68398718212321
11340.426495007705,gap,12,0.93765,0.7225879,0.6775345444349999
11344.512178038713,gap,12,0.9465799,0.7228564,0.68424133882636
11348.613712994847,gap,12,0.93765,0.7225879,0.6775345444349999
11352.672395994887,gap,12,0.9465799,0.7225879,0.68398718212321
11356.753653031774,gap,12,0.9465799,0.7220506,0.68347858474294
11360.841503017582,gap,12,0.9465799,0.7225879,0.68398718212321
11364.924889989197,gap,12,0.9465799,0.7223192,0.6837328361040801
11372.226264036726,gap,12,1.09839,0.8184852,0.899015958828
11376.368872006424,gap,12,1.11625,0.8184852,0.9136341045
11383.455397037324,gap,12,0.9465799,0.7225879,0.68398718212321
11387.549560982734,gap,12,0.9465799,0.7225879,0.68398718212321
11391.642189002596,gap,12,0.93765,0.7223192,0.67728259788
11395.732963981573,gap,12,0.9465799,0.7225879,0.68398718212321
11402.028719021473,gap,12,1.09839,0.8182165,0.898720821435
11409.204464987852,gap,12,0.9465799,0.7223192,0.6837328361040801
11413.691699039191,gap,12,0.9465799,0.7220506,0.68347858474294
11417.82788198907,gap,12,0.95551,0.7225879,0.6904399643289999
11421.947379014455,gap,12,0.9465799,0.7223192,0.6837328361040801
11429.286883038003,gap,12,1.11625,0.8182165,0.913334168125
11436.355574987829,gap,12,0.9465799,0.7223192,0.6837328361040801
11440.446683031041,gap,12,0.9465799,0.7225879,0.68398718212321
11444.52864403138,gap,12,0.9287199,0.7228564,0.67133112352236
11448.633085994516,gap,12,0.9465799,0.7223192,0.6837328361040801
11455.989775015041,gap,12,1.10732,0.8182165,0.9060274947800001
11460.134845983703,gap,12,1.11625,0.8184852,0.9136341045
11467.234352021478,gap,12,0.9287199,0.7225879,0.67108176222921
11471.301591023803,gap,12,0.9287199,0.7225879,0.67108176222921
11475.383143988438,gap,12,0.9465799,0.7225879,0.68398718212321
11482.736629026476,gap,12,1.09839,0.8182165,0.898720821435
11486.905608035158,gap,12,1.12518,0.8182165,0.92064084147
11493.95185499452,gap,12,0.9465799,0.7223192,0.6837328361040801
11498.07235301705,gap,12,0.93765,0.7225879,0.6775345444349999
11502.190072031226,gap,12,0.93765,0.7223192,0.67728259788
11509.568909008522,gap,12,1.10732,0.8184852,0.9063250316640001
11516.645470983349,gap,12,0.9465799,0.7223192,0.6837328361040801
11520.767504989635,gap,12,0.9287199,0.7223192,0.67083221519208
11524.857096024789,gap,12,0.9287199,0.7228564,0.67133112352236
11528.9425009978,gap,12,0.93765,0.7225879,0.6775345444349999
11536.244246002752,gap,12,1.10732,0.8182165,0.9060274947800001
11540.39948398713,gap,12,1.09839,0.8182165,0.898720821435
11547.489860036876,gap,12,0.9465799,0.7225879,0.68398718212321
11551.568950002547,gap,12,0.9287199,0.7225879,0.67108176222921
11555.65024499083,gap,12,0.9465799,0.7220506,0.68347858474294
11559.732502035331,gap,12,0.9287199,0.7223192,0.67083221519208
11563.809111015871,gap,12,0.9465799,0.7225879,0.68398718212321
11567.871201026719,gap,12,0.9287199,0.7225879,0.67108176222921
11571.94132899167,gap,12,0.9287199,0.7225879,0.67108176222921
11576.030605006963,gap,12,0.91979,0.7225879,0.664629124541
11580.102453997824,gap,12,0.9287199,0.7225879,0.67108176222921
11584.169026988093,gap,12,0.91979,0.7225879,0.664629124541
11588.24202400865,gap,12,0.91979,0.7228564,0.664876088156
11592.343077994883,gap,12,0.91979,0.7225879,0.664629124541
11602.692811982706,gap,12,1.09839,0.8184852,0.899015958828
11608.500348986126,gap,12,1.09839,0.8184852,0.899015958828
11623.26657702215,gap,12,1.08946,0.8182165,0.8914141480900001
11631.479573028628,gap,12,0.9287199,0.7225879,0.67108176222921
11639.586623990908,gap,12,1.28592,0.8638819,1.1108830128479998
11657.525711983908,gap,12,0.9287199,0.7225879,0.67108176222921
11662.05446398817,gap,12,0.9287199,0.7223192,0.67083221519208
11666.174443031196,gap,12,0.93765,0.7225879,0.6775345444349999
11673.453577037435,gap,12,1.10732,0.8182165,0.9060274947800001
11680.478658003267,gap,12,0.93765,0.7225879,0.6775345444349999
11684.628247981891,gap,12,0.88407,0.7223192,0.638580735144
11692.490616987925,gap,12,1.33057,0.928888,1.23595050616
11699.402143014595,gap,12,1.33057,0.9286194,1.235593115058
11706.20068901917,gap,12,1.32164,0.9286194,1.2273005438159998
11710.342278995086,gap,12,1.29485,0.9283507,1.202074903895
11714.48581299046,gap,12,1.41094,0.9283507,1.309847136658
11718.632403004449,gap,12,1.29485,0.928888,1.2027706268
11722.761252021883,gap,12,1.30378,0.9286194,1.2107154013319998
11726.882676011883,gap,12,1.29485,0.9286194,1.20242283009
11733.895331039093,gap,12,1.31271,0.9286194,1.219007972574
11738.05527202785,gap,12,1.3395,0.9283507,1.2435257626499998
11743.799087009393,gap,12,1.29485,0.9283507,1.202074903895
11748.381135985255,gap,12,1.30378,0.9283507,1.2103650756459998
11755.349883984309,gap,12,1.32164,0.9283507,1.2269454191479998
11763.603045023046,gap,12,1.10732,0.8182165,0.9060274947800001
11770.595849025995,gap,12,0.9287199,0.7225879,0.67108176222921
11774.706438998692,gap,12,0.9465799,0.721782,0.6832243333818001
11778.839676990174,gap,12,0.9287199,0.7223192,0.67083221519208
11786.212032020558,gap,12,1.12518,0.8182165,0.92064084147
11790.374732983764,gap,12,1.09839,0.8187538,0.8993109863819999
11796.484044985846,gap,12,0.9287199,0.7223192,0.67083221519208
11801.06170498766,gap,12,0.9287199,0.7223192,0.67083221519208
11805.18166499678,gap,12,0.9465799,0.7225879,0.68398718212321
11809.254256018903,gap,12,0.9465799,0.7220506,0.68347858474294
11813.31425398821,gap,12,0.91979,0.7225879,0.664629124541
11817.408548027743,gap,12,0.9287199,0.7228564,0.67133112352236
11821.490860020276,gap,12,0.9108599,0.7225879,0.6581763423352099
11825.547209999058,gap,12,0.9287199,0.7220506,0.67058276102694
11829.607244988438,gap,12,0.9287199,0.7228564,0.67133112352236
11833.688816986978,gap,12,0.91979,0.7225879,0.664629124541
11837.74024102604,gap,12,0.93765,0.7228564,0.6777863034599999
11841.82192501612,gap,12,0.9287199,0.7225879,0.67108176222921
11845.893589023035,gap,12,0.9287199,0.7223192,0.67083221519208
11849.95321702445,gap,12,0.9287199,0.7223192,0.67083221519208
11854.038917983416,gap,12,0.93765,0.7223192,0.67728259788
11858.11193502741,gap,12,0.91979,0.7223192,0.664381976968
11862.165063037537,gap,12,0.93765,0.7225879,0.6775345444349999
11866.229801031295,gap,12,0.9465799,0.7225879,0.68398718212321
11870.296114007942,gap,12,0.93765,0.7223192,0.67728259788
11874.353908991907,gap,12,0.93765,0.7223192,0.67728259788
11878.43594403239,gap,12,1.11625,0.7225879,0.806588743375
11882.507349015214,gap,12,0.95551,0.7223192,0.6901832187920001
11886.573069030419,gap,12,0.93765,0.7225879,0.6775345444349999
11890.656493022107,gap,12,0.91979,0.7223192,0.664381976968
11896.948746987619,gap,12,1.08946,0.8182165,0.8914141480900001
11901.672146981582,gap,12,1.09839,0.8182165,0.898720821435
11908.75565301394,gap,12,0.9287199,0.7223192,0.67083221519208
11912.874150031712,gap,12,0.91979,0.7223192,0.664381976968
11916.962647985201,gap,12,0.9108599,0.7223192,0.65793159428008
11921.007608994842,gap,12,0.9465799,0.7225879,0.68398718212321
11925.071217992809,gap,12,0.9287199,0.7220506,0.67058276102694
11929.146883019712,gap,12,0.9287199,0.7225879,0.67108176222921
11933.227306988556,gap,12,0.9287199,0.7223192,0.67083221519208
11937.287767999806,gap,12,0.91979,0.7223192,0.664381976968
11941.353950998746,gap,12,0.9287199,0.7225879,0.67108176222921
11945.41633798508,gap,12,0.91979,0.7223192,0.664381976968
11949.503501993604,gap,12,0.9287199,0.7225879,0.67108176222921
11953.572908008937,gap,12,0.91979,0.7223192,0.664381976968
11957.654795027338,gap,12,0.91979,0.7228564,0.664876088156
11961.715274024755,gap,12,0.91979,0.7223192,0.664381976968
11965.76712402748,gap,12,0.9287199,0.7225879,0.67108176222921
11969.814862997737,gap,12,0.9287199,0.7223192,0.67083221519208
11973.893304995727,gap,12,0.9108599,0.7223192,0.65793159428008
11977.969006984495,gap,12,0.91979,0.7225879,0.664629124541
11982.037894020323,gap,12,0.93765,0.7223192,0.67728259788
11986.115298990626,gap,12,0.91979,0.7223192,0.664381976968
11990.19257503096,gap,12,0.9287199,0.7223192,0.67083221519208
11994.241906038951,gap,12,0.91979,0.7225879,0.664629124541
11998.306738038082,gap,12,0.9465799,0.7228564,0.68424133882636
12002.364402986132,gap,12,0.93765,0.7223192,0.67728259788
12006.426197011024,gap,12,1.00016,0.7225879,0.7227035140639999
12010.499936004635,gap,12,0.9733699,0.7225879,0.7033453119642099
12014.56522999797,gap,12,0.93765,0.7223192,0.67728259788
12018.615635985043,gap,12,0.91979,0.7223192,0.664381976968
12022.691133024637,gap,12,0.9465799,0.7241996,0.68551278494804
12026.742964982986,gap,12,0.9108599,0.7223192,0.65793159428008
12030.822481028736,gap,12,0.93765,0.7223192,0.67728259788
12034.89518299466,gap,12,0.91979,0.7225879,0.664629124541
12038.950144022238,gap,12,0.9287199,0.7225879,0.67108176222921
12043.025772029068,gap,12,0.93765,0.7223192,0.67728259788
12047.08639899036,gap,12,0.93765,0.7223192,0.67728259788
12051.161453011446,gap,12,0.93765,0.7223192,0.67728259788
12055.242340022232,gap,12,0.93765,0.7225879,0.6775345444349999
12059.291393030435,gap,12,0.93765,0.7223192,0.67728259788
12063.354632002302,gap,12,0.9287199,0.7223192,0.67083221519208
12067.422352032736,gap,12,0.93765,0.7223192,0.67728259788
12071.48749899352,gap,12,0.9287199,0.7223192,0.67083221519208
12075.552941008937,gap,12,0.91979,0.7223192,0.664381976968
12079.613754001912,gap,12,0.93765,0.7223192,0.67728259788
12083.668826031499,gap,12,0.9108599,0.7223192,0.65793159428008
12087.747787008993,gap,12,0.9287199,0.7225879,0.67108176222921
12091.825562994927,gap,12,0.91979,0.7225879,0.664629124541
12095.904375019018,gap,12,0.93765,0.7225879,0.6775345444349999
12099.96104001766,gap,12,0.91979,0.7223192,0.664381976968
12104.027649038471,gap,12,0.9108599,0.7220506,0.65768693731094
12108.086518011987,gap,12,0.90193,0.7223192,0.6514813560560001
12112.172386026941,gap,12,0.93765,0.7223192,0.67728259788
12116.244753997307,gap,12,0.9287199,0.7225879,0.67108176222921
12120.327641023323,gap,12,0.93765,0.7225879,0.6775345444349999
12124.377491010819,gap,12,0.9287199,0.7223192,0.67083221519208
12128.433360019699,gap,12,0.9465799,0.7223192,0.6837328361040801
12132.5032649911,gap,12,0.9287199,0.7225879,0.67108176222921
12136.645557999145,gap,12,0.91979,0.7220506,0.664134921374
12140.76166698942,gap,12,0.9108599,0.7223192,0.65793159428008
12144.901313004084,gap,12,0.9287199,0.7225879,0.67108176222921
12152.256279019639,gap,12,1.09839,0.8179479,0.898425793881
12156.430331990123,gap,12,1.08946,0.8182165,0.8914141480900001
12167.651724012103,bench:92de7645560e2e7c,13,1.72349,0.8187538,1.411113986762
12176.917615986895,bench:92de7645560e2e7c,13,3.76846,0.8488392,3.1988165716320003
12184.978743025567,bench:92de7645560e2e7c,13,5.45623,0.928888,5.06822657224
12192.968924995512,bench:92de7645560e2e7c,13,5.43837,0.928888,5.05163663256
12204.964865988586,bench:92de7645560e2e7c,13,4.06315,0.9286194,3.77311991511
12209.084252011962,bench:92de7645560e2e7c,13,4.05422,0.9286194,3.7648273438679998
12213.213490031194,bench:92de7645560e2e7c,13,5.36693,0.928888,4.98527687384
12220.977730990853,bench:92de7645560e2e7c,13,5.51874,0.928888,5.126291361120001
12225.069209991489,bench:92de7645560e2e7c,13,5.42944,0.928888,5.04334166272
12229.210541001521,bench:92de7645560e2e7c,13,5.43837,0.9294252,5.054558124923999
12240.96233502496,bench:92de7645560e2e7c,13,5.50088,0.9270077,5.099358116776
12252.991146000568,bench:92de7645560e2e7c,13,5.474089,0.9286194,5.0833452427266
12260.718072007876,bench:92de7645560e2e7c,13,5.491949,0.9291566,5.1028806602134
12264.992994023487,bench:92de7645560e2e7c,13,5.52767,0.9286194,5.1331015987979995
12269.07947298605,bench:92de7645560e2e7c,13,5.46516,0.9280821,5.072117169636
12273.126027022954,bench:92de7645560e2e7c,13,5.50088,0.928888,5.1097014214400005
12280.719361035153,bench:92de7645560e2e7c,13,5.64376,0.9280821,5.237872632696001
12285.154726007022,bench:92de7645560e2e7c,13,5.40265,0.9291566,5.01990790499
12289.232167997397,bench:92de7645560e2e7c,13,5.43837,0.9294252,5.054558124923999
12296.483062033076,bench:92de7645560e2e7c,13,5.46516,0.9291566,5.077989484056
12301.017221994698,bench:92de7645560e2e7c,13,5.46516,0.9291566,5.077989484056
12305.109663982876,bench:92de7645560e2e7c,13,5.41158,0.9291566,5.028205273428
12309.155235998333,bench:92de7645560e2e7c,13,5.45623,0.9286194,5.0667610288619995
12316.907551023178,bench:92de7645560e2e7c,13,5.39372,0.9294252,5.013059289744
12328.977786994074,bench:92de7645560e2e7c,13,5.474089,0.9280821,5.0804040147069
12333.061414014082,bench:92de7645560e2e7c,13,5.50088,0.9291566,5.111178957808001
12340.611657011323,bench:92de7645560e2e7c,13,5.46516,0.928888,5.07652154208
12345.022855035495,bench:92de7645560e2e7c,13,5.4473,0.9296938,5.06432103674
12352.69300400978,bench:92de7645560e2e7c,13,5.66162,0.9294252,5.262052300824
12357.0399620221,bench:92de7645560e2e7c,13,5.42051,0.9286194,5.033590743894
12364.718850993086,bench:92de7645560e2e7c,13,5.38479,0.9291566,5.0033131681139995
12368.872681981884,bench:92de7645560e2e7c,13,4.17031,0.928888,3.87375091528
12373.017475998495,bench:92de7645560e2e7c,13,4.09887,0.928888,3.80739115656
12377.055326011032,bench:92de7645560e2e7c,13,4.1078,0.9283507,3.81347900546
12385.002897994127,bench:92de7645560e2e7c,13,4.13459,0.928888,3.8405710359200005
12389.107377035543,bench:92de7645560e2e7c,13,5.4473,0.9286194,5.05846845762
12393.198374018539,bench:92de7645560e2e7c,13,5.43837,0.9291566,5.053097378742
12397.276632022113,bench:92de7645560e2e7c,13,5.4473,0.9296938,5.06432103674
12401.444629009347,bench:92de7645560e2e7c,13,5.46516,0.9299625,5.0823938565
12413.019740022719,bench:92de7645560e2e7c,13,5.52767,0.9326486,5.155373686762
12420.720517984591,bench:92de7645560e2e7c,13,5.66162,0.9280821,5.254448179002
12432.96486302279,bench:92de7645560e2e7c,13,5.42944,0.9291566,5.044800010304
12440.721807011869,bench:92de7645560e2e7c,13,5.38479,0.9294252,5.0047595227079995
12448.696046019904,bench:92de7645560e2e7c,13,5.46516,0.9296938,5.080925368008
12456.724191026296,bench:92de7645560e2e7c,13,5.52767,0.9299625,5.1405258123749995
12460.835837002378,bench:92de7645560e2e7c,13,4.13459,0.9294252,3.842792137668
12464.895390032325,bench:92de7645560e2e7c,13,4.13459,0.9286194,3.839460485046
12468.92181498697,bench:92de7645560e2e7c,13,4.12566,0.9286194,3.831167913804
12472.932072007097,bench:92de7645560e2e7c,13,4.45607,0.9294252,4.141583750964
12476.941164000891,bench:92de7645560e2e7c,13,4.12566,0.928888,3.83227606608
12480.927810014691,bench:92de7645560e2e7c,13,4.11673,0.928888,3.82398109624
12484.920050017536,bench:92de7645560e2e7c,13,4.16138,0.9283507,3.863220035966
12489.020954992156,bench:92de7645560e2e7c,13,4.1078,0.9286194,3.81458277132
12497.027562989388,bench:92de7645560e2e7c,13,4.13459,0.9286194,3.839460485046
12501.112986996304,bench:92de7645560e2e7c,13,5.51874,0.9294252,5.129256028248
12505.544278013986,bench:92de7645560e2e7c,13,5.42944,0.931037,5.0550095292799995
12516.971723991446,bench:92de7645560e2e7c,13,5.358,0.9291566,4.9784210628
12524.74252000684,bench:92de7645560e2e7c,13,5.51874,0.9280821,5.121843808554
12529.014219006058,bench:92de7645560e2e7c,13,5.509809,0.928888,5.117995462392
12533.15738303354,bench:92de7645560e2e7c,13,4.08994,0.9280821,3.7958001040740004
12541.024289035704,bench:92de7645560e2e7c,13,5.52767,0.9326486,5.155373686762
12545.476912986487,bench:92de7645560e2e7c,13,5.491949,0.9275449,5.0940292860101
12552.719491999596,bench:92de7645560e2e7c,13,5.50088,0.9286194,5.108223885072
12557.014340010937,bench:92de7645560e2e7c,13,5.51874,0.928888,5.126291361120001
12564.733006001916,bench:92de7645560e2e7c,13,5.51874,0.9291566,5.1277736946840005
12569.049669022206,bench:92de7645560e2e7c,13,5.509809,0.9294252,5.120955331786799
12576.71392802149,bench:92de7645560e2e7c,13,5.46516,0.9294252,5.079457426032
12580.916795006488,bench:92de7645560e2e7c,13,4.465,0.928888,4.14748492
12584.970664000139,bench:92de7645560e2e7c,13,4.11673,0.928888,3.82398109624
12589.044995023869,bench:92de7645560e2e7c,13,4.14352,0.9286194,3.8477530562879996
12596.895550028421,bench:92de7645560e2e7c,13,4.465,0.9286194,4.146285621
12612.991914036684,bench:92de7645560e2e7c,13,5.45623,0.9299625,5.0740892913749995
12624.99189103255,bench:92de7645560e2e7c,13,5.42944,0.9296938,5.047716705471999
12629.130018001888,bench:92de7645560e2e7c,13,4.15245,0.9286194,3.85604562753
12633.294200000819,bench:92de7645560e2e7c,13,4.09887,0.9291566,3.808492113042
12637.355995015241,bench:92de7645560e2e7c,13,4.11673,0.9294252,3.826192603595999
12645.043143013027,bench:92de7645560e2e7c,13,4.15245,0.9286194,3.85604562753
12652.689181035385,bench:92de7645560e2e7c,13,5.42051,0.9369466,5.078728414766
12661.01910098223,bench:92de7645560e2e7c,13,4.1078,0.928888,3.8156861264
12665.103488019668,bench:92de7645560e2e7c,13,4.12566,0.928888,3.83227606608
12669.22587400768,bench:92de7645560e2e7c,13,5.491949,0.9286194,5.0999303852106
12673.36170503404,bench:92de7645560e2e7c,13,4.12566,0.9296938,3.835600522908
12681.01670499891,bench:92de7645560e2e7c,13,5.4473,0.9286194,5.05846845762
12685.064666031394,bench:92de7645560e2e7c,13,2.5004,0.9283507,2.3212480902799997
12691.95478502661,bench:92de7645560e2e7c,13,4.09887,0.9283507,3.805188833709
12700.90582902776,bench:92de7645560e2e7c,13,5.39372,0.9286194,5.008713030168
12705.399434024002,bench:92de7645560e2e7c,13,4.00957,0.9283507,3.722287116199
12709.572672029026,bench:92de7645560e2e7c,13,4.11673,0.9294252,3.826192603595999
12713.645133015234,bench:92de7645560e2e7c,13,4.04529,0.928888,3.75762133752
12717.744352994487,bench:92de7645560e2e7c,13,4.27747,0.9280821,3.9698433402870004
12721.837147022597,bench:92de7645560e2e7c,13,4.12566,0.9291566,3.833384218356
12725.846774992533,bench:92de7645560e2e7c,13,4.36677,0.928888,4.05624025176
12729.895994998515,bench:92de7645560e2e7c,13,4.11673,0.9294252,3.826192603595999
12733.922846033238,bench:92de7645560e2e7c,13,4.00064,0.928888,3.71614648832
12737.94890003046,bench:92de7645560e2e7c,13,3.99171,0.928888,3.70785151848
12742.024342005607,bench:92de7645560e2e7c,13,3.99171,0.9283507,3.705706772697
12746.03521102108,bench:92de7645560e2e7c,13,4.00957,0.9294252,3.7265953991639997
12750.076580035966,bench:92de7645560e2e7c,13,4.05422,0.9286194,3.7648273438679998
12756.741905002855,bench:92de7645560e2e7c,13,4.1078,0.9280821,3.8123756503800004
12760.76751400251,bench:92de7645560e2e7c,13,4.12566,0.9286194,3.831167913804
12764.911621983629,bench:92de7645560e2e7c,13,4.08994,0.9291566,3.8001947446040005
12768.937879998703,bench:92de7645560e2e7c,13,4.13459,0.9291566,3.8416815867940004
12772.960008005612,bench:92de7645560e2e7c,13,4.17924,0.9294252,3.884290972848
12776.953025022522,bench:92de7645560e2e7c,13,4.11673,0.928888,3.82398109624
12781.005411990918,bench:92de7645560e2e7c,13,4.16138,0.9286194,3.8643381987720002
12785.131910000928,bench:92de7645560e2e7c,13,4.11673,0.9286194,3.8228753425619995
12789.143537986092,bench:92de7645560e2e7c,13,4.11673,0.9286194,3.8228753425619995
12793.180740030948,bench:92de7645560e2e7c,13,4.14352,0.928888,3.8488660057599997
12797.280811995734,bench:92de7645560e2e7c,13,4.08994,0.9291566,3.8001947446040005
12801.265291986056,bench:92de7645560e2e7c,13,4.30426,0.9291566,3.999331587116
12805.28879101621,bench:92de7645560e2e7c,13,4.1971,0.9291566,3.89976316586
12809.288086020388,bench:92de7645560e2e7c,13,4.09887,0.9296938,3.810694026006
12813.297713990323,bench:92de7645560e2e7c,13,4.13459,0.9286194,3.839460485046
12817.729189991951,bench:92de7645560e2e7c,13,4.09887,0.9286194,3.8062902000779997
12821.783299033996,bench:92de7645560e2e7c,13,4.12566,0.9291566,3.833384218356
12825.843870989047,bench:92de7645560e2e7c,13,4.60788,0.928888,4.28020443744
12829.831166018266,bench:92de7645560e2e7c,13,4.12566,0.928888,3.83227606608
12833.857460995205,bench:92de7645560e2e7c,13,4.13459,0.9286194,3.839460485046
12837.92782900855,bench:92de7645560e2e7c,13,4.13459,0.9283507,3.8383495207130003
12841.953791037668,bench:92de7645560e2e7c,13,4.08994,0.928888,3.7990961867200004
12845.95312300371,bench:92de7645560e2e7c,13,4.09887,0.9291566,3.808492113042
12849.939492007252,bench:92de7645560e2e7c,13,4.17031,0.9294252,3.8759912058119994
12853.93160203239,bench:92de7645560e2e7c,13,3.33982,0.9304997,3.1077015080540003
12857.907730038278,bench:92de7645560e2e7c,13,4.20603,0.9294252,3.909190273956
12861.90619203262,bench:92de7645560e2e7c,13,4.1078,0.9291566,3.8167894814800003
12865.992208011448,bench:92de7645560e2e7c,13,4.12566,0.928888,3.83227606608
12870.021040027495,bench:92de7645560e2e7c,13,4.1078,0.9294252,3.81789283656
12874.044686031993,bench:92de7645560e2e7c,13,4.41142,0.9286194,4.096530193547999
12878.056685032789,bench:92de7645560e2e7c,13,4.1078,0.9286194,3.81458277132
12882.092776009813,bench:92de7645560e2e7c,13,2.60756,0.9283507,2.4207301512919996
12886.070293025114,bench:92de7645560e2e7c,13,4.07208,0.9291566,3.783600007728
12890.150049992371,bench:92de7645560e2e7c,13,4.14352,0.9283507,3.8466396924639996
12894.166049023625,bench:92de7645560e2e7c,13,4.14352,0.9286194,3.8477530562879996
12898.224899021443,bench:92de7645560e2e7c,13,3.00048,0.928888,2.7871098662400002
12902.228749007918,bench:92de7645560e2e7c,13,4.17031,0.928888,3.87375091528
12906.22867399361,bench:92de7645560e2e7c,13,4.15245,0.9286194,3.85604562753
12910.528373031411,bench:92de7645560e2e7c,13,5.358,0.928888,4.976981904
12914.596222981345,bench:92de7645560e2e7c,13,4.1078,0.9294252,3.81789283656
12920.902459009085,bench:92de7645560e2e7c,13,5.50088,0.928888,5.1097014214400005
12925.393657002132,bench:92de7645560e2e7c,13,5.4473,0.928888,5.059931602400001
12932.691938010976,bench:92de7645560e2e7c,13,4.08994,0.9286194,3.7979976288360002
12936.747325002216,bench:92de7645560e2e7c,13,4.12566,0.928888,3.83227606608
12940.85458200425,bench:92de7645560e2e7c,13,4.04529,0.9291566,3.7587079024139998
12944.827229017392,bench:92de7645560e2e7c,13,4.08994,0.9294252,3.8012933024880002
12948.878561030142,bench:92de7645560e2e7c,13,3.572,0.928888,3.317987936
12952.94433698291,bench:92de7645560e2e7c,13,4.11673,0.9291566,3.8250868499179997
12956.961835036054,bench:92de7645560e2e7c,13,4.44714,0.9294252,4.133283983928
12960.992462991271,bench:92de7645560e2e7c,13,4.14352,0.928888,3.8488660057599997
12965.067054028623,bench:92de7645560e2e7c,13,4.34891,0.9286194,4.038482194854
12969.081496994477,bench:92de7645560e2e7c,13,4.41142,0.9291566,4.0989000083719995
12973.097198992036,bench:92de7645560e2e7c,13,4.09887,0.9286194,3.8062902000779997
12977.096511982381,bench:92de7645560e2e7c,13,4.11673,0.9280821,3.8206634235329995
12981.110900000203,bench:92de7645560e2e7c,13,4.14352,0.9286194,3.8477530562879996
12985.203527030535,bench:92de7645560e2e7c,13,4.09887,0.9286194,3.8062902000779997
12989.191081025638,bench:92de7645560e2e7c,13,4.17031,0.9294252,3.8759912058119994
12993.211060995236,bench:92de7645560e2e7c,13,4.13459,0.928888,3.8405710359200005
12997.212227026466,bench:92de7645560e2e7c,13,4.11673,0.9286194,3.8228753425619995
13001.249744032975,bench:92de7645560e2e7c,13,4.49179,0.9294252,4.174782819108
13005.276927025989,bench:92de7645560e2e7c,13,4.14352,0.9291566,3.849978955232
13009.286332991906,bench:92de7645560e2e7c,13,4.14352,0.9304997,3.855544116944
13013.317923992872,bench:92de7645560e2e7c,13,4.1078,0.928888,3.8156861264
13017.319886013865,bench:92de7645560e2e7c,13,4.15245,0.9286194,3.85604562753
13021.341569023207,bench:92de7645560e2e7c,13,4.11673,0.9283507,3.8217691772109994
13025.434918992687,bench:92de7645560e2e7c,13,4.11673,0.9286194,3.8228753425619995
13029.474584036507,bench:92de7645560e2e7c,13,4.08994,0.928888,3.7990961867200004
13033.52261899272,bench:92de7645560e2e7c,13,4.08994,0.9286194,3.7979976288360002
13037.591247004457,bench:92de7645560e2e7c,13,4.12566,0.9291566,3.833384218356
13041.621764015872,bench:92de7645560e2e7c,13,4.11673,0.9291566,3.8250868499179997
13045.627354993485,bench:92de7645560e2e7c,13,4.11673,0.9294252,3.826192603595999
13049.615039024502,bench:92de7645560e2e7c,13,4.15245,0.9286194,3.85604562753
13053.644925996196,bench:92de7645560e2e7c,13,4.11673,0.9291566,3.8250868499179997
13057.666553999297,bench:92de7645560e2e7c,13,4.14352,0.928888,3.8488660057599997
13061.784107005224,bench:92de7645560e2e7c,13,4.1078,0.928888,3.8156861264
13065.819512994494,bench:92de7645560e2e7c,13,4.11673,0.9280821,3.8206634235329995
13072.90433399612,bench:92de7645560e2e7c,13,4.18817,0.9291566,3.891465797422
13081.002163002267,bench:92de7645560e2e7c,13,5.67055,0.9304997,5.276445073835001
13092.975067032967,bench:92de7645560e2e7c,13,5.491949,0.9286194,5.0999303852106
13097.144600993488,bench:92de7645560e2e7c,13,2.63435,0.9286194,2.44630851639
13101.210414024536,bench:92de7645560e2e7c,13,4.06315,0.9291566,3.7753026392900004
13105.288374994416,bench:92de7645560e2e7c,13,4.17924,0.928888,3.88204588512
13109.325355035253,bench:92de7645560e2e7c,13,5.509809,0.9291566,5.1194753970894
13118.421803985257,bench:92de7645560e2e7c,13,5.4473,0.9299625,5.06578472625
13122.554783010855,bench:92de7645560e2e7c,13,5.08117,0.9286194,4.718473036698
13126.71726202825,bench:92de7645560e2e7c,13,4.13459,0.9304997,3.8472347546230004
13136.92938600434,bench:92de7645560e2e7c,13,5.491949,0.928888,5.1014055227120005
13141.031568986364,bench:92de7645560e2e7c,13,5.55446,0.9299625,5.1654395077499995
13145.138252002653,bench:92de7645560e2e7c,13,4.11673,0.9291566,3.8250868499179997
13149.210861010943,bench:92de7645560e2e7c,13,5.45623,0.9286194,5.0667610288619995
13156.700826017186,bench:92de7645560e2e7c,13,5.46516,0.928888,5.07652154208
13160.71941703558,gap,14,4.1078,0.9291566,3.8167894814800003
13164.694526989479,gap,14,1.68777,0.9283507,1.566842460939
13171.280334005132,gap,14,1.47345,0.888595,1.3093003027499999
13175.209445005748,gap,14,1.45559,0.888595,1.29342999605
13181.26822001068,gap,14,1.15197,0.8182165,0.942560861505
13185.967303987127,gap,14,1.15197,0.8184852,0.942870395844
13190.109283023048,gap,14,1.1609,0.8187538,0.95049128642
13194.2467429908,gap,14,1.1609,0.8184852,0.95017946868
13198.378166998737,gap,14,1.13411,0.8184852,0.928252250172
13202.49233103823,gap,14,1.16983,0.8182165,0.957174208195
13206.6292539821,gap,14,1.14304,0.8182165,0.93525418816
13210.746215016115,gap,14,1.14304,0.8182165,0.93525418816
13214.861212007236,gap,14,1.14304,0.8179479,0.9349471676159999
13219.065541983582,gap,14,1.15197,0.8184852,0.942870395844
13226.069030992221,gap,14,0.96444,0.7223192,0.696633529248
13230.164362001233,gap,14,0.95551,0.7223192,0.6901832187920001
13234.32326602051,gap,14,0.96444,0.7223192,0.696633529248
13241.686751018278,gap,14,1.13411,0.8184852,0.928252250172
13248.761387018021,gap,14,0.9733699,0.7220506,0.70282232031694
13256.311278033536,gap,14,1.13411,0.8184852,0.928252250172
13260.496329981834,gap,14,1.12518,0.8182165,0.92064084147
13267.587651032954,gap,14,0.95551,0.7225879,0.6904399643289999
13271.687260014005,gap,14,0.95551,0.7228564,0.690696518764
13279.050411016215,gap,14,1.11625,0.8184852,0.9136341045
13286.06586199021,gap,14,0.96444,0.7220506,0.696374480664
13290.16319301445,gap,14,0.95551,0.7223192,0.6901832187920001
13294.29202398751,gap,14,0.9465799,0.723125,0.6844955901875001
13301.564973022323,gap,14,1.11625,0.8182165,0.913334168125
13305.706081038807,gap,14,1.11625,0.8187538,0.9139339292499999
13312.804087006953,gap,14,0.95551,0.7225879,0.6904399643289999
13316.891918017063,gap,14,0.95551,0.7223192,0.6901832187920001
13320.99684199784,gap,14,0.95551,0.7225879,0.6904399643289999
13325.070840015542,gap,14,0.96444,0.7223192,0.696633529248
13329.152152989991,gap,14,0.9465799,0.7223192,0.6837328361040801
13336.516897019465,gap,14,1.11625,0.8187538,0.9139339292499999
13340.693578997161,gap,14,1.11625,0.8184852,0.9136341045
13347.78610302601,gap,14,0.95551,0.7228564,0.690696518764
13351.882842020132,gap,14,0.9465799,0.7225879,0.68398718212321
13359.243919025175,gap,14,1.12518,0.8187538,0.9212454006840001
13366.311925987247,gap,14,0.9465799,0.7223192,0.6837328361040801
13370.434608019423,gap,14,1.00016,0.7223192,0.722434771072
13374.560328025836,gap,14,0.9465799,0.7225879,0.68398718212321
13381.905090995133,gap,14,1.12518,0.8182165,0.92064084147
13386.035570001695,gap,14,1.12518,0.8187538,0.9212454006840001
13393.056447035633,gap,14,0.96444,0.7225879,0.6968926742759999
13397.129815013614,gap,14,0.9465799,0.7225879,0.68398718212321
13401.21010900475,gap,14,0.95551,0.7225879,0.6904399643289999
13405.280570033938,gap,14,0.9465799,0.7220506,0.68347858474294
13409.336846030783,gap,14,0.9465799,0.7223192,0.6837328361040801
13413.423474004958,gap,14,0.9465799,0.7228564,0.68424133882636
13417.51410102006,gap,14,0.9465799,0.7225879,0.68398718212321
13421.576544002164,gap,14,0.9465799,0.7220506,0.68347858474294
13425.64539302839,gap,14,0.9287199,0.7223192,0.67083221519208
13429.723002016544,gap,14,0.9465799,0.7225879,0.68398718212321
13433.804611035157,gap,14,0.96444,0.7223192,0.696633529248
13437.858369026799,gap,14,0.96444,0.7225879,0.6968926742759999
13441.921903984621,gap,14,0.9465799,0.7225879,0.68398718212321
13446.002587035764,gap,14,0.9287199,0.7223192,0.67083221519208
13450.071752013173,gap,14,0.95551,0.7223192,0.6901832187920001
13454.127120028716,gap,14,0.9465799,0.7225879,0.68398718212321
13458.22454401059,gap,14,0.96444,0.7225879,0.6968926742759999
13462.308096990455,gap,14,0.9465799,0.7223192,0.6837328361040801
13466.376651020255,gap,14,0.9465799,0.7223192,0.6837328361040801
13470.424371014815,gap,14,1.12518,0.7220506,0.812436894108
13474.508165032603,gap,14,1.00909,0.7225879,0.729156224011
13478.56664500432,gap,14,0.9465799,0.7223192,0.6837328361040801
13482.644624018576,gap,14,0.93765,0.7225879,0.6775345444349999
13486.712363024708,gap,14,0.93765,0.7220506,0.6770307450899999
13490.799102000892,gap,14,0.96444,0.7223192,0.696633529248
13494.853376992978,gap,14,0.9465799,0.7223192,0.6837328361040801
13498.9288939978,gap,14,0.93765,0.7225879,0.6775345444349999
13503.00965103088,gap,14,0.9287199,0.7228564,0.67133112352236
13507.100277987774,gap,14,0.9465799,0.7225879,0.68398718212321
13511.179775989149,gap,14,0.95551,0.7225879,0.6904399643289999
13515.243718982674,gap,14,0.9287199,0.7225879,0.67108176222921
13519.300605985336,gap,14,0.96444,0.7225879,0.6968926742759999
13523.353733995464,gap,14,0.9465799,0.7223192,0.6837328361040801
13530.74514400214,gap,14,1.15197,0.819291,0.9437986532699999
13534.917808021419,gap,14,1.09839,0.8182165,0.898720821435
13540.967639011797,gap,14,0.9465799,0.7225879,0.68398718212321
13545.48850300489,gap,14,0.93765,0.7223192,0.67728259788
13549.56926003797,gap,14,0.9465799,0.7220506,0.68347858474294
13553.675831994042,gap,14,0.96444,0.7223192,0.696633529248
13560.977058019489,gap,14,1.12518,0.8176794,0.920036507292
13567.99193500774,gap,14,0.9465799,0.7225879,0.68398718212321
13572.09159899503,gap,14,0.9465799,0.7225879,0.68398718212321
13576.166931015905,gap,14,0.93765,0.721782,0.6767788923
13580.286076001357,gap,14,0.93765,0.7228564,0.6777863034599999
13587.641302030534,gap,14,1.11625,0.8187538,0.9139339292499999
13591.779392038006,gap,14,1.11625,0.8184852,0.9136341045
13598.797954036854,gap,14,0.9287199,0.7223192,0.67083221519208
13602.86573000485,gap,14,0.9465799,0.7223192,0.6837328361040801
13610.949208028615,gap,14,0.9465799,0.7228564,0.68424133882636
13618.302693008445,gap,14,1.12518,0.8179479,0.920338618122
13625.33071800135,gap,14,0.9465799,0.7223192,0.6837328361040801
13629.412771028,gap,14,0.9287199,0.7223192,0.67083221519208
13633.52615799522,gap,14,0.93765,0.7220506,0.6770307450899999
13640.892476018053,gap,14,1.11625,0.8187538,0.9139339292499999
13645.022937038448,gap,14,1.10732,0.8182165,0.9060274947800001
13652.049998985603,gap,14,0.9465799,0.7225879,0.68398718212321
13656.127571011893,gap,14,0.9465799,0.7225879,0.68398718212321
13663.48214802565,gap,14,1.10732,0.8187538,0.906622457816
13668.224288034253,gap,14,1.11625,0.8184852,0.9136341045
13683.041868032888,gap,14,1.10732,0.8179479,0.905730068628
13691.116198024247,gap,14,2.57184,0.723125,1.8597618
13699.954317009542,gap,14,1.30378,0.9286194,1.2107154013319998
13718.10475399252,gap,14,1.33057,0.9286194,1.235593115058
13724.974355020095,gap,14,1.33057,0.9283507,1.235235590899
13729.584569984581,gap,14,1.33057,0.9283507,1.235235590899
13733.672864036635,gap,14,1.34843,0.9283507,1.251815934401
13737.737325020134,gap,14,1.34843,0.9283507,1.251815934401
13744.463501032442,gap,14,1.30378,0.928888,1.21106559664
13751.868374005426,gap,14,1.33057,0.928888,1.23595050616
13756.054482015315,gap,14,1.33057,0.9283507,1.235235590899
13762.787992018275,gap,14,1.31271,0.9286194,1.219007972574
13770.658046007156,gap,14,0.9287199,0.7228564,0.67133112352236
13774.779006023891,gap,14,0.9465799,0.7225879,0.68398718212321
13778.906669991557,gap,14,0.9465799,0.7225879,0.68398718212321
13786.269044037908,gap,14,1.09839,0.8184852,0.899015958828
13790.419670986012,gap,14,1.12518,0.8182165,0.92064084147
13797.453770006541,gap,14,0.93765,0.7225879,0.6775345444349999
13801.536175014917,gap,14,0.95551,0.7223192,0.6901832187920001
13805.62767299125,gap,14,0.9465799,0.7225879,0.68398718212321
13812.96782498248,gap,14,1.11625,0.8182165,0.913334168125
13817.098136991262,gap,14,1.10732,0.8184852,0.9063250316640001
13824.132551031653,gap,14,0.9465799,0.7223192,0.6837328361040801
13828.209622995928,gap,14,0.9287199,0.723125,0.6715805776875
13835.506868024822,gap,14,1.10732,0.8179479,0.905730068628
13842.564597027376,gap,14,1.15197,0.7223192,0.8320900488240001
13846.687687037047,gap,14,0.9287199,0.723125,0.6715805776875
13850.785702990834,gap,14,0.9465799,0.7223192,0.6837328361040801
13858.129836036824,gap,14,1.10732,0.8184852,0.9063250316640001
13865.21017603809,gap,14,0.9465799,0.7225879,0.68398718212321
13869.306729000527,gap,14,0.9465799,0.7225879,0.68398718212321
13873.390819004271,gap,14,0.93765,0.7223192,0.67728259788
13877.465280005708,gap,14,0.93765,0.7220506,0.6770307450899999
13884.81189502636,gap,14,1.09839,0.8182165,0.898720821435
13891.923864022829,gap,14,0.9287199,0.7223192,0.67083221519208
13896.01434301585,gap,14,0.9465799,0.7223192,0.6837328361040801
13900.097340985667,gap,14,0.9465799,0.7225879,0.68398718212321
13904.159857018385,gap,14,0.9287199,0.7223192,0.67083221519208
13911.487879988272,gap,14,1.09839,0.8184852,0.899015958828
13918.50999702001,gap,14,1.13411,0.7220506,0.818884805966
13922.619773016777,gap,14,0.9287199,0.7225879,0.67108176222921
13926.719548006076,gap,14,0.93765,0.7228564,0.6777863034599999
13934.07808901975,gap,14,1.09839,0.8184852,0.899015958828
13938.215642003343,gap,14,1.13411,0.8182165,0.9279475148149999
13945.305592031218,gap,14,0.9465799,0.7228564,0.68424133882636
13949.383034021594,gap,14,0.93765,0.7228564,0.6777863034599999
13953.459106036462,gap,14,0.9287199,0.7223192,0.67083221519208
13957.529901003,gap,14,0.93765,0.7223192,0.67728259788
13961.608862038702,gap,14,0.9287199,0.7223192,0.67083221519208
13965.691933990456,gap,14,0.93765,0.7223192,0.67728259788
13969.755246012937,gap,14,0.9465799,0.7225879,0.68398718212321
13973.842022009194,gap,14,0.93765,0.7225879,0.6775345444349999
13977.910501009319,gap,14,0.9287199,0.7228564,0.67133112352236
13981.972074019723,gap,14,0.9287199,0.7223192,0.67083221519208
13986.035849025939,gap,14,0.9287199,0.7225879,0.67108176222921
13990.095958986785,gap,14,0.93765,0.7225879,0.6775345444349999
13994.144956988748,gap,14,0.91979,0.7223192,0.664381976968
13998.22938098805,gap,14,0.9465799,0.7220506,0.68347858474294
14002.312249038368,gap,14,0.9465799,0.7223192,0.6837328361040801
14006.393357994966,gap,14,0.9287199,0.7223192,0.67083221519208
14010.459004028235,gap,14,1.15197,0.7225879,0.8323995831629999
14014.50615003705,gap,14,0.93765,0.7225879,0.6775345444349999
14018.589148006868,gap,14,0.91979,0.7223192,0.664381976968
14022.652868006844,gap,14,0.93765,0.7225879,0.6775345444349999
14026.707699988037,gap,14,0.93765,0.7223192,0.67728259788
14030.782309011556,gap,14,0.9465799,0.7225879,0.68398718212321
14034.845511021558,gap,14,0.9287199,0.7223192,0.67083221519208
14038.906268018764,gap,14,0.93765,0.7223192,0.67728259788
14042.97582199797,gap,14,0.91979,0.7220506,0.664134921374
14047.038523014635,gap,14,0.9287199,0.7223192,0.67083221519208
14051.100873039104,gap,14,0.9287199,0.7225879,0.67108176222921
14055.176149006002,gap,14,0.91979,0.721782,0.66388786578
14059.252832026687,gap,14,0.9287199,0.7225879,0.67108176222921
14063.329941011034,gap,14,0.9465799,0.7223192,0.6837328361040801
14067.400995001663,gap,14,0.91979,0.7223192,0.664381976968
14071.456474019215,gap,14,0.9287199,0.7225879,0.67108176222921
14075.523787003476,gap,14,0.93765,0.7225879,0.6775345444349999
14079.573525988963,gap,14,0.91979,0.7225879,0.664629124541
14083.656615985092,gap,14,0.9287199,0.7223192,0.67083221519208
14087.735244014766,gap,14,0.93765,0.7225879,0.6775345444349999
14091.816833999474,gap,14,0.91979,0.7225879,0.664629124541
14095.878869993612,gap,14,0.91979,0.7225879,0.664629124541
14099.946256028488,gap,14,0.93765,0.7225879,0.6775345444349999
14103.99677301757,gap,14,0.91979,0.7223192,0.664381976968
14108.063382038381,gap,14,0.9287199,0.7220506,0.67058276102694
14112.124306033365,gap,14,0.9465799,0.7223192,0.6837328361040801
14116.210951993708,gap,14,0.9287199,0.7223192,0.67083221519208
14120.275616995059,gap,14,0.91979,0.7223192,0.664381976968
14124.35448501492,gap,14,0.93765,0.7223192,0.67728259788
14128.410576027818,gap,14,0.9287199,0.7223192,0.67083221519208
14132.498443999793,gap,14,0.93765,0.7225879,0.6775345444349999
14136.570090020541,gap,14,0.93765,0.7223192,0.67728259788
14140.665346989408,gap,14,0.9465799,0.7223192,0.6837328361040801
14144.753160013352,gap,14,0.91979,0.7225879,0.664629124541
14148.885064991191,gap,14,0.93765,0.7225879,0.6775345444349999
14156.245419988409,gap,14,1.09839,0.8182165,0.898720821435
14160.402435983997,gap,14,1.09839,0.8182165,0.898720821435
14167.425905005075,gap,14,0.9465799,0.7225879,0.68398718212321
14171.489533036947,gap,14,0.93765,0.7220506,0.6770307450899999
14175.573827000335,gap,14,0.9287199,0.7220506,0.67058276102694
14179.650657984894,gap,14,0.91979,0.7228564,0.664876088156
14183.745119022205,gap,14,0.9287199,0.7223192,0.67083221519208
14187.79395002639,gap,14,0.91979,0.7223192,0.664381976968
14191.854523029178,gap,14,0.9287199,0.7223192,0.67083221519208
14195.922576007433,gap,14,0.91979,0.7220506,0.664134921374
14200.004685029853,gap,14,0.9287199,0.7223192,0.67083221519208
14204.075665038545,gap,14,0.91979,0.7223192,0.664381976968
14208.133884996641,gap,14,0.91979,0.7223192,0.664381976968
14212.195068015717,gap,14,0.9287199,0.7220506,0.67058276102694
14216.252918005921,gap,14,0.9287199,0.7223192,0.67083221519208
14220.30771302525,gap,14,0.91979,0.7223192,0.664381976968
14228.953388985246,bench:d90a26c2eb5ca493,15,2.63435,0.7223192,1.9028415845200002
14237.037440994754,bench:d90a26c2eb5ca493,15,2.92011,0.8638819,2.522630175009
14243.80337598268,bench:d90a26c2eb5ca493,15,4.05422,0.928888,3.76591630736
14247.919929039199,bench:d90a26c2eb5ca493,15,4.06315,0.9286194,3.77311991511
14256.976693985052,bench:d90a26c2eb5ca493,15,5.509809,0.928888,5.117995462392
14264.749063993804,bench:d90a26c2eb5ca493,15,5.509809,0.9291566,5.1194753970894
14273.01017002901,bench:d90a26c2eb5ca493,15,4.02743,0.9291566,3.742113165538
14281.02785203373,bench:d90a26c2eb5ca493,15,2.71472,0.928888,2.52167083136
14285.100887005683,bench:d90a26c2eb5ca493,15,3.00048,0.928888,2.7871098662400002
14289.19031098485,bench:d90a26c2eb5ca493,15,4.09887,0.9286194,3.8062902000779997
14297.002106031869,bench:d90a26c2eb5ca493,15,5.509809,0.9326486,5.1387156501174
14308.953121013474,bench:d90a26c2eb5ca493,15,5.509809,0.9294252,5.120955331786799
14316.736934997607,bench:d90a26c2eb5ca493,15,5.48302,0.9291566,5.094584220932
14320.996208989527,bench:d90a26c2eb5ca493,15,5.38479,0.928888,5.00186681352
14332.9658540315,bench:d90a26c2eb5ca493,15,5.48302,0.9315742,5.107839970084
14344.957776018418,bench:d90a26c2eb5ca493,15,5.42944,0.9294252,5.046258357887999
14352.733738021925,bench:d90a26c2eb5ca493,15,5.43837,0.9294252,5.054558124923999
14356.815292034298,bench:d90a26c2eb5ca493,15,5.52767,0.9280821,5.1301315817069995
14360.953678027727,bench:d90a26c2eb5ca493,15,4.09887,0.9296938,3.810694026006
14365.07584201172,bench:d90a26c2eb5ca493,15,4.09887,0.9286194,3.8062902000779997
14369.185821036808,bench:d90a26c2eb5ca493,15,4.09887,0.928888,3.80739115656
14373.276985017583,bench:d90a26c2eb5ca493,15,4.08994,0.9291566,3.8001947446040005
14377.373019990046,bench:d90a26c2eb5ca493,15,4.09887,0.9291566,3.808492113042
14381.489388004411,bench:d90a26c2eb5ca493,15,4.07208,0.928888,3.7825062470399997
14385.550849023275,bench:d90a26c2eb5ca493,15,4.08994,0.9286194,3.7979976288360002
14389.64438403491,bench:d90a26c2eb5ca493,15,4.09887,0.928888,3.80739115656
14393.69593799347,bench:d90a26c2eb5ca493,15,4.12566,0.9291566,3.833384218356
14397.72443601396,bench:d90a26c2eb5ca493,15,4.09887,0.9283507,3.805188833709
14401.873433031142,bench:d90a26c2eb5ca493,15,4.08994,0.9291566,3.8001947446040005
14405.958504998125,bench:d90a26c2eb5ca493,15,4.08994,0.9280821,3.7958001040740004
14409.981226024684,bench:d90a26c2eb5ca493,15,4.08994,0.9286194,3.7979976288360002
14414.07070501009,bench:d90a26c2eb5ca493,15,4.09887,0.9304997,3.813997305339
14418.169851007406,bench:d90a26c2eb5ca493,15,4.08994,0.9304997,3.8056879430180004
14422.261534025893,bench:d90a26c2eb5ca493,15,4.09887,0.9294252,3.8095930695239995
14426.314809999894,bench:d90a26c2eb5ca493,15,4.07208,0.928888,3.7825062470399997
14430.313327000476,bench:d90a26c2eb5ca493,15,4.13459,0.928888,3.8405710359200005
14434.358361992054,bench:d90a26c2eb5ca493,15,4.12566,0.9283507,3.8300593489619996
14438.33119503688,bench:d90a26c2eb5ca493,15,4.11673,0.9283507,3.8217691772109994
14442.3227669904,bench:d90a26c2eb5ca493,15,4.11673,0.9291566,3.8250868499179997
14446.33009901736,bench:d90a26c2eb5ca493,15,4.36677,0.928888,4.05624025176
14450.392968021333,bench:d90a26c2eb5ca493,15,4.1078,0.928888,3.8156861264
14454.489206022117,bench:d90a26c2eb5ca493,15,4.1078,0.9286194,3.81458277132
14458.498611988034,bench:d90a26c2eb5ca493,15,4.13459,0.9283507,3.8383495207130003
14462.637332035229,bench:d90a26c2eb5ca493,15,4.1078,0.9283507,3.81347900546
14466.621275001671,bench:d90a26c2eb5ca493,15,4.1078,0.9294252,3.81789283656
14470.687995024491,bench:d90a26c2eb5ca493,15,4.1078,0.9296938,3.81899619164
14474.758586031385,bench:d90a26c2eb5ca493,15,4.11673,0.9307683,3.8317217836589994
14478.74741803389,bench:d90a26c2eb5ca493,15,4.1078,0.9291566,3.8167894814800003
14482.734397985041,bench:d90a26c2eb5ca493,15,4.45607,0.9286194,4.137993049758
14486.755730002187,bench:d90a26c2eb5ca493,15,4.1078,0.9291566,3.8167894814800003
14490.734728984535,bench:d90a26c2eb5ca493,15,4.13459,0.9291566,3.8416815867940004
14494.711820036173,bench:d90a26c2eb5ca493,15,4.1078,0.9294252,3.81789283656
14498.696837981697,bench:d90a26c2eb5ca493,15,4.2864,0.9291566,3.9827368502400002
14502.739613992162,bench:d90a26c2eb5ca493,15,4.12566,0.9283507,3.8300593489619996
14506.694853014778,bench:d90a26c2eb5ca493,15,4.11673,0.9283507,3.8217691772109994
14510.755870025605,bench:d90a26c2eb5ca493,15,4.14352,0.9291566,3.849978955232
14514.722849999089,bench:d90a26c2eb5ca493,15,4.12566,0.9291566,3.833384218356
14518.708646006417,bench:d90a26c2eb5ca493,15,4.1971,0.9286194,3.89750848374
14522.684125986416,bench:d90a26c2eb5ca493,15,4.13459,0.9291566,3.8416815867940004
14526.670494989958,bench:d90a26c2eb5ca493,15,4.12566,0.9291566,3.833384218356
14530.62916098861,bench:d90a26c2eb5ca493,15,4.14352,0.9286194,3.8477530562879996
14534.604399988893,bench:d90a26c2eb5ca493,15,4.14352,0.9283507,3.8466396924639996
14538.621806015726,bench:d90a26c2eb5ca493,15,4.08994,0.9291566,3.8001947446040005
14542.594027006999,bench:d90a26c2eb5ca493,15,3.572,0.9291566,3.3189473752
14546.830598032102,bench:d90a26c2eb5ca493,15,4.13459,0.9291566,3.8416815867940004
14556.925853015855,bench:d90a26c2eb5ca493,15,5.50088,0.9280821,5.105268262248001
14561.327607021667,bench:d90a26c2eb5ca493,15,5.48302,0.9299625,5.0990029867499995
14568.990606989246,bench:d90a26c2eb5ca493,15,2.9469,0.9291566,2.73813158454
14576.886254013516,bench:d90a26c2eb5ca493,15,5.509809,0.928888,5.117995462392
14584.650235017762,bench:d90a26c2eb5ca493,15,4.17031,0.9286194,3.8726307700139997
14588.836768991314,bench:d90a26c2eb5ca493,15,4.14352,0.9294252,3.8510919047039995
14592.917230038438,bench:d90a26c2eb5ca493,15,4.13459,0.9286194,3.839460485046
14596.988320001401,bench:d90a26c2eb5ca493,15,4.12566,0.9286194,3.831167913804
14601.048374024685,bench:d90a26c2eb5ca493,15,4.12566,0.9286194,3.831167913804
14605.085502029397,bench:d90a26c2eb5ca493,15,4.13459,0.928888,3.8405710359200005
14620.965256995987,bench:d90a26c2eb5ca493,15,5.50088,0.9304997,5.118567189736001
14628.697459993418,bench:d90a26c2eb5ca493,15,5.52767,0.9294252,5.137555795283999
14633.179305994418,bench:d90a26c2eb5ca493,15,5.52767,0.9304997,5.143495276699
14637.209507985972,bench:d90a26c2eb5ca493,15,5.42051,0.9296938,5.039414539838
14648.971654998604,bench:d90a26c2eb5ca493,15,5.40265,0.9286194,5.01700560141
14653.045968036167,bench:d90a26c2eb5ca493,15,5.43837,0.9286194,5.050175886378
14660.610858001746,bench:d90a26c2eb5ca493,15,5.46516,0.9286194,5.075053600104
14668.684854987077,bench:d90a26c2eb5ca493,15,5.45623,0.9286194,5.0667610288619995
14672.832648037001,bench:d90a26c2eb5ca493,15,2.57184,0.9304997,2.393096348448
14680.961607024074,bench:d90a26c2eb5ca493,15,4.14352,0.9286194,3.8477530562879996
14693.138324015308,bench:d90a26c2eb5ca493,15,5.43837,0.9286194,5.050175886378
14704.969340004027,bench:d90a26c2eb5ca493,15,5.67055,0.928888,5.2673058484
14712.680932017975,bench:d90a26c2eb5ca493,15,5.39372,0.9294252,5.013059289744
14720.69643001305,bench:d90a26c2eb5ca493,15,5.41158,0.9294252,5.029658823816
14728.812536981422,bench:d90a26c2eb5ca493,15,5.66162,0.928888,5.259010878560001
14732.95323800994,bench:d90a26c2eb5ca493,15,2.99155,0.9294252,2.78042195706
14737.022754037753,bench:d90a26c2eb5ca493,15,3.55414,0.9280821,3.298533714894
14741.133215022273,bench:d90a26c2eb5ca493,15,4.02743,0.9286194,3.7399496301419997
14745.159120997414,bench:d90a26c2eb5ca493,15,3.9292,0.928888,3.6497867296
14753.039101022296,bench:d90a26c2eb5ca493,15,2.47361,0.928888,2.29770664568
14757.163134985603,bench:d90a26c2eb5ca493,15,5.42944,0.9294252,5.046258357887999
14764.481343037914,bench:d90a26c2eb5ca493,15,5.822359,0.9294252,5.411447178046799
14769.006669986993,bench:d90a26c2eb5ca493,15,5.474089,0.928888,5.084815583032
14773.08992703911,bench:d90a26c2eb5ca493,15,5.43837,0.9291566,5.053097378742
14780.475652019959,bench:d90a26c2eb5ca493,15,5.67055,0.9291566,5.26882895813
14784.561687032692,bench:d90a26c2eb5ca493,15,5.64376,0.9291566,5.243936852816001
14789.018996001687,bench:d90a26c2eb5ca493,15,5.5366,0.9326486,5.16370223876
14793.12749399105,bench:d90a26c2eb5ca493,15,4.29533,0.9286194,3.988726767402
14797.145807009656,bench:d90a26c2eb5ca493,15,3.34875,0.9283507,3.1088144066249996
14801.259286003187,bench:d90a26c2eb5ca493,15,4.12566,0.9280821,3.828951196686
14805.44900498353,bench:d90a26c2eb5ca493,15,4.13459,0.928888,3.8405710359200005
14809.514224994928,bench:d90a26c2eb5ca493,15,4.11673,0.928888,3.82398109624
14813.55761300074,bench:d90a26c2eb5ca493,15,4.1078,0.9294252,3.81789283656
14817.655091988854,bench:d90a26c2eb5ca493,15,4.1078,0.928888,3.8156861264
14821.717181999702,bench:d90a26c2eb5ca493,15,4.11673,0.9291566,3.8250868499179997
14825.80751401838,bench:d90a26c2eb5ca493,15,4.13459,0.9286194,3.839460485046
14829.846345004626,bench:d90a26c2eb5ca493,15,4.13459,0.9286194,3.839460485046
14833.863676991314,bench:d90a26c2eb5ca493,15,4.1078,0.9299625,3.8200999575
14837.946730025578,bench:d90a26c2eb5ca493,15,4.12566,0.9294252,3.8344923706319998
14842.01367298374,bench:d90a26c2eb5ca493,15,4.1078,0.9302311,3.8212033125800002
14846.095910994336,bench:d90a26c2eb5ca493,15,4.1078,0.9283507,3.81347900546
14850.164539006073,bench:d90a26c2eb5ca493,15,4.13459,0.9291566,3.8416815867940004
14854.226000024937,bench:d90a26c2eb5ca493,15,4.17031,0.9304997,3.880472203907
14858.252387028188,bench:d90a26c2eb5ca493,15,4.17031,0.9294252,3.8759912058119994
14862.330903997645,bench:d90a26c2eb5ca493,15,4.17031,0.9291566,3.874871060546
14866.373864992056,bench:d90a26c2eb5ca493,15,4.24175,0.9283507,3.937831581725
14870.414086035453,bench:d90a26c2eb5ca493,15,4.17031,0.9286194,3.8726307700139997
14874.42662101239,bench:d90a26c2eb5ca493,15,4.13459,0.9286194,3.839460485046
14878.448322997428,bench:d90a26c2eb5ca493,15,4.13459,0.9286194,3.839460485046
14882.441302994266,bench:d90a26c2eb5ca493,15,4.16138,0.9286194,3.8643381987720002
14886.471949983388,bench:d90a26c2eb5ca493,15,4.11673,0.9286194,3.8228753425619995
14890.483225986827,bench:d90a26c2eb5ca493,15,4.69718,0.9283507,4.360630341026
14894.555095001124,bench:d90a26c2eb5ca493,15,4.13459,0.9286194,3.839460485046
14898.659017984755,bench:d90a26c2eb5ca493,15,4.11673,0.928888,3.82398109624
14902.727774984669,bench:d90a26c2eb5ca493,15,4.12566,0.9291566,3.833384218356
14906.815458030906,bench:d90a26c2eb5ca493,15,4.14352,0.9291566,3.849978955232
14910.882789990865,bench:d90a26c2eb5ca493,15,4.14352,0.9283507,3.8466396924639996
14914.907973026857,bench:d90a26c2eb5ca493,15,4.15245,0.9286194,3.85604562753
14918.92613901291,bench:d90a26c2eb5ca493,15,4.17924,0.928888,3.88204588512
14922.96667402843,bench:d90a26c2eb5ca493,15,4.20603,0.928888,3.9069307946400005
14926.976228016429,bench:d90a26c2eb5ca493,15,4.13459,0.9286194,3.839460485046
14931.025282014161,bench:d90a26c2eb5ca493,15,4.14352,0.928888,3.8488660057599997
14935.014225018676,bench:d90a26c2eb5ca493,15,4.17924,0.928888,3.88204588512
14939.051038003527,bench:d90a26c2eb5ca493,15,4.09887,0.928888,3.80739115656
14943.123053992167,bench:d90a26c2eb5ca493,15,4.09887,0.9286194,3.8062902000779997
14947.124238009565,bench:d90a26c2eb5ca493,15,4.11673,0.9280821,3.8206634235329995
14951.281235029455,bench:d90a26c2eb5ca493,15,4.12566,0.9280821,3.828951196686
14955.302733986173,bench:d90a26c2eb5ca493,15,4.12566,0.928888,3.83227606608
14959.46617500158,bench:d90a26c2eb5ca493,15,4.13459,0.9280821,3.8372389698390004
14963.452693016734,bench:d90a26c2eb5ca493,15,4.14352,0.9296938,3.8522048541759997
14967.520598031115,bench:d90a26c2eb5ca493,15,4.14352,0.9291566,3.849978955232
14971.530504000839,bench:d90a26c2eb5ca493,15,4.11673,0.9283507,3.8217691772109994
14975.584021012764,bench:d90a26c2eb5ca493,15,4.17924,0.9286194,3.880923341256
14979.614815034438,bench:d90a26c2eb5ca493,15,4.31319,0.9286194,4.005311909885999
14983.642221021,bench:d90a26c2eb5ca493,15,4.14352,0.928888,3.8488660057599997
14987.643608998042,bench:d90a26c2eb5ca493,15,4.13459,0.9286194,3.839460485046
14991.657996026333,bench:d90a26c2eb5ca493,15,4.17924,0.9283507,3.879800379468
14995.677569007967,bench:d90a26c2eb5ca493,15,4.13459,0.9291566,3.8416815867940004
14999.736400030088,bench:d90a26c2eb5ca493,15,4.13459,0.9286194,3.839460485046
15003.825157007668,bench:d90a26c2eb5ca493,15,4.13459,0.9283507,3.8383495207130003
15007.811360002961,bench:d90a26c2eb5ca493,15,4.13459,0.9291566,3.8416815867940004
15011.97555998806,bench:d90a26c2eb5ca493,15,4.13459,0.9299625,3.8450136528750005
15015.970762993675,bench:d90a26c2eb5ca493,15,4.13459,0.9294252,3.842792137668
15020.052483014297,bench:d90a26c2eb5ca493,15,4.13459,0.9280821,3.8372389698390004
15024.173757992685,bench:d90a26c2eb5ca493,15,4.11673,0.9296938,3.8272983572739996
15028.253293014131,bench:d90a26c2eb5ca493,15,4.12566,0.9283507,3.8300593489619996
15032.376494025812,bench:d90a26c2eb5ca493,15,4.11673,0.9299625,3.8284045226249996
15036.54376900522,bench:d90a26c2eb5ca493,15,4.12566,0.9283507,3.8300593489619996
15040.629433991853,bench:d90a26c2eb5ca493,15,4.12566,0.9286194,3.831167913804
15044.713245995808,bench:d90a26c2eb5ca493,15,4.14352,0.928888,3.8488660057599997
15048.717449011747,bench:d90a26c2eb5ca493,15,4.13459,0.9286194,3.839460485046
15052.900946000591,bench:d90a26c2eb5ca493,15,4.14352,0.9294252,3.8510919047039995
15057.011127995793,bench:d90a26c2eb5ca493,15,4.12566,0.9280821,3.828951196686
15061.049182026181,bench:d90a26c2eb5ca493,15,4.13459,0.9283507,3.8383495207130003
15069.001328025479,bench:d90a26c2eb5ca493,15,4.13459,0.9286194,3.839460485046
15076.720254030079,bench:d90a26c2eb5ca493,15,5.491949,0.9291566,5.1028806602134
15080.888620985206,bench:d90a26c2eb5ca493,15,4.11673,0.9283507,3.8217691772109994
15088.951395999175,bench:d90a26c2eb5ca493,15,5.52767,0.9296938,5.139040527445999
15096.90068999771,bench:d90a26c2eb5ca493,15,5.4473,0.9286194,5.05846845762
15104.64283800684,bench:d90a26c2eb5ca493,15,5.509809,0.9280821,5.1135551073189
15108.732225024141,bench:d90a26c2eb5ca493,15,4.12566,0.9291566,3.833384218356
15112.799260008615,bench:d90a26c2eb5ca493,15,4.13459,0.9294252,3.842792137668
15120.953830017243,bench:d90a26c2eb5ca493,15,5.50088,0.9259331,5.093446871128
15125.034457014408,bench:d90a26c2eb5ca493,15,5.50088,0.9296938,5.114134030544
15129.113233007956,bench:d90a26c2eb5ca493,15,5.68841,0.9286194,5.282367881154
15133.211618987843,bench:d90a26c2eb5ca493,15,5.822359,0.928888,5.408319406792
15137.24785798695,bench:d90a26c2eb5ca493,15,5.67055,0.9286194,5.2657827386700005
15141.308671038132,bench:d90a26c2eb5ca493,15,5.46516,0.9291566,5.077989484056
15145.33555903472,bench:d90a26c2eb5ca493,15,5.5366,0.928888,5.1428813008
15152.595766994637,bench:d90a26c2eb5ca493,15,5.50088,0.9286194,5.108223885072
15156.980798987206,bench:d90a26c2eb5ca493,15,5.509809,0.9291566,5.1194753970894
15161.062703991774,bench:d90a26c2eb5ca493,15,5.474089,0.9286194,5.0833452427266
15168.888055020943,bench:d90a26c2eb5ca493,15,5.52767,0.928888,5.1345863309599995
15173.372919030953,bench:d90a26c2eb5ca493,15,5.61697,0.9291566,5.219044747502
15177.490453992505,bench:d90a26c2eb5ca493,15,5.52767,0.9291566,5.1360710631219995
15184.883901034482,bench:d90a26c2eb5ca493,15,5.51874,0.9294252,5.129256028248
15194.2807000014,bench:d90a26c2eb5ca493,15,5.54553,0.9302311,5.158624471983
15204.699748021085,bench:d90a26c2eb5ca493,15,5.46516,0.9286194,5.075053600104
15221.114443033002,bench:d90a26c2eb5ca493,15,5.55446,0.9259331,5.143058366626
15226.538279035594,gap,16,1.72349,0.9283507,1.600003147943
15252.618029015139,gap,16,1.66991,0.9283507,1.550262117437
15259.628220985178,gap,16,1.21448,0.8332592,1.011976633216
15263.762718997896,gap,16,1.21448,0.8332592,1.011976633216
15267.875901015941,gap,16,1.20555,0.8329906,1.00421181783
15275.150443019811,gap,16,1.1609,0.8184852,0.95017946868
15282.162116025575,gap,16,0.9822999,0.7220506,0.70927023217494
15286.26035398338,gap,16,0.9822999,0.7228564,0.71006176943436
15290.359167032875,gap,16,0.9822999,0.7225879,0.70979802191121
15297.654764028266,gap,16,1.15197,0.8187538,0.9431798149859999
15304.739807033911,gap,16,0.96444,0.7223192,0.696633529248
15308.861767000053,gap,16,0.9733699,0.7223192,0.70308376747208
15316.20910402853,gap,16,1.14304,0.8182165,0.93525418816
15320.389675034676,gap,16,1.12518,0.8182165,0.92064084147
15327.47581100557,gap,16,0.9733699,0.7223192,0.70308376747208
15331.557198020164,gap,16,0.9733699,0.7225879,0.7033453119642099
15335.637381009292,gap,16,0.9822999,0.7225879,0.70979802191121
15339.71572999144,gap,16,0.9733699,0.7223192,0.70308376747208
15347.093623015098,gap,16,1.13411,0.8187538,0.928556872118
15353.101824002806,gap,16,0.96444,0.7223192,0.696633529248
15357.617448025849,gap,16,0.96444,0.7228564,0.6971516264159999
15364.912691991776,gap,16,1.11625,0.8184852,0.9136341045
15369.056597002782,gap,16,1.14304,0.8182165,0.93525418816
15373.208613018505,gap,16,1.13411,0.8184852,0.928252250172
15380.313230038155,gap,16,0.96444,0.7225879,0.6968926742759999
15384.395339002367,gap,16,0.96444,0.7225879,0.6968926742759999
15388.512225006707,gap,16,0.95551,0.7225879,0.6904399643289999
15392.631130001973,gap,16,0.96444,0.7228564,0.6971516264159999
15396.716738992836,gap,16,0.96444,0.7220506,0.696374480664
15400.814348016866,gap,16,0.96444,0.7220506,0.696374480664
15404.889011988416,gap,16,0.96444,0.7220506,0.696374480664
15408.977232000325,gap,16,0.96444,0.7225879,0.6968926742759999
15416.26923700096,gap,16,1.11625,0.8184852,0.9136341045
15420.422122988384,gap,16,1.13411,0.8184852,0.928252250172
15427.443629014306,gap,16,0.95551,0.7225879,0.6904399643289999
15431.542015983723,gap,16,0.9465799,0.7223192,0.6837328361040801
15435.614755027927,gap,16,0.95551,0.7223192,0.6901832187920001
15439.682697004173,gap,16,0.93765,0.7225879,0.6775345444349999
15443.74678801978,gap,16,0.9733699,0.7225879,0.7033453119642099
15447.79639702756,gap,16,0.96444,0.7228564,0.6971516264159999
15451.891339034773,gap,16,0.96444,0.7228564,0.6971516264159999
15455.970115028322,gap,16,0.96444,0.7225879,0.6968926742759999
15460.045668005478,gap,16,0.96444,0.7225879,0.6968926742759999
15464.107999985572,gap,16,0.96444,0.7225879,0.6968926742759999
15468.178016017191,gap,16,0.96444,0.7225879,0.6968926742759999
15472.258995985612,gap,16,0.95551,0.7223192,0.6901832187920001
15476.344345021062,gap,16,0.96444,0.7223192,0.696633529248
15480.397825012915,gap,16,0.96444,0.7220506,0.696374480664
15484.480064013042,gap,16,0.9465799,0.7225879,0.68398718212321
15488.552375987638,gap,16,0.96444,0.7220506,0.696374480664
15492.684003023896,gap,16,0.96444,0.7225879,0.6968926742759999
15496.803611982614,gap,16,0.96444,0.7225879,0.6968926742759999
15500.92649803264,gap,16,0.95551,0.7225879,0.6904399643289999
15508.214909990784,gap,16,1.12518,0.8184852,0.9209431773360001
15512.368611001875,gap,16,1.10732,0.8187538,0.906622457816
15516.512904025149,gap,16,1.12518,0.8182165,0.92064084147
15523.945185006596,gap,16,0.95551,0.7225879,0.6904399643289999
15528.022868034896,gap,16,0.9465799,0.7228564,0.68424133882636
15532.113792025484,gap,16,0.9465799,0.7223192,0.6837328361040801
15536.213067010976,gap,16,0.95551,0.7225879,0.6904399643289999
15543.562848004512,gap,16,1.12518,0.8184852,0.9209431773360001
15547.692605003249,gap,16,1.10732,0.8182165,0.9060274947800001
15554.714815982152,gap,16,0.95551,0.7223192,0.6901832187920001
15558.792072988581,gap,16,0.9287199,0.7225879,0.67108176222921
15562.880219018552,gap,16,0.9465799,0.721782,0.6832243333818001
15570.179703994654,gap,16,1.13411,0.8182165,0.9279475148149999
15577.265970001463,gap,16,0.9287199,0.7225879,0.67108176222921
15581.416967033874,gap,16,0.9465799,0.7225879,0.68398718212321
15588.64013798302,gap,16,1.12518,0.8182165,0.92064084147
15595.727792009711,gap,16,0.95551,0.7223192,0.6901832187920001
15599.826160003431,gap,16,0.9287199,0.7223192,0.67083221519208
15606.02824902162,gap,16,1.10732,0.8179479,0.905730068628
15610.745704034343,gap,16,1.11625,0.8179479,0.9130343433749999
15621.774042025208,gap,16,0.9465799,0.7223192,0.6837328361040801
15625.843800022267,gap,16,0.9465799,0.7225879,0.68398718212321
15629.935501026921,gap,16,0.9465799,0.7223192,0.6837328361040801
15637.23878300516,gap,16,1.11625,0.8182165,0.913334168125
15644.317622005474,gap,16,0.9287199,0.7223192,0.67083221519208
15648.411083035171,gap,16,0.9465799,0.7225879,0.68398718212321
15652.520172996446,gap,16,0.9465799,0.7223192,0.6837328361040801
15656.61965298932,gap,16,0.9465799,0.7225879,0.68398718212321
15660.687631985638,gap,16,0.93765,0.7225879,0.6775345444349999
15664.758352038916,gap,16,0.9465799,0.7225879,0.68398718212321
15668.869738990907,gap,16,0.9465799,0.7223192,0.6837328361040801
15672.942959005013,gap,16,0.9465799,0.7225879,0.68398718212321
15677.02158598695,gap,16,0.95551,0.7223192,0.6901832187920001
15681.071659026202,gap,16,0.9465799,0.7225879,0.68398718212321
15688.421013997868,gap,16,1.0716,0.8184852,0.8770887403200001
15696.660879009869,gap,16,1.3395,0.928888,1.244245476
15703.6671640235,gap,16,1.32164,0.9286194,1.2273005438159998
15707.820512994658,gap,16,1.40201,0.9283507,1.301556964907
15714.809113007504,gap,16,1.32164,0.9286194,1.2273005438159998
15721.603844023775,gap,16,1.33057,0.9286194,1.235593115058
15725.8070440148,gap,16,1.31271,0.9283507,1.218655247397
15732.762495987117,gap,16,1.68777,0.9283507,1.566842460939
15748.596066026948,gap,16,1.33057,0.9283507,1.235235590899
15755.442277994007,gap,16,3.60772,0.9286194,3.350198781768
15761.051428038627,gap,16,1.31271,0.9283507,1.218655247397
15778.054802038241,gap,16,1.37522,0.9283507,1.276686449654
15783.585452998523,gap,16,1.37522,0.9286194,1.277055971268
15789.508007001132,gap,16,1.16983,0.8483019,0.992369011677
15795.000565005466,gap,16,1.22341,0.8485706,1.038149757746
15802.029646001756,gap,16,0.93765,0.7225879,0.6775345444349999
15806.124032998923,gap,16,0.95551,0.7223192,0.6901832187920001
15810.227253008634,gap,16,0.96444,0.7225879,0.6968926742759999
15817.583088995889,gap,16,1.12518,0.8182165,0.92064084147
15824.605374014936,gap,16,0.9287199,0.7225879,0.67108176222921
15828.739130985923,gap,16,0.9287199,0.7223192,0.67083221519208
15832.903756992891,gap,16,0.9287199,0.7223192,0.67083221519208
15837.007032998372,gap,16,0.95551,0.7223192,0.6901832187920001
15841.097975033335,gap,16,0.9465799,0.7223192,0.6837328361040801
15848.449719022028,gap,16,1.12518,0.8187538,0.9212454006840001
15852.65525302384,gap,16,1.10732,0.8179479,0.905730068628
15859.744091983885,gap,16,0.9465799,0.7228564,0.68424133882636
15863.798924023286,gap,16,0.9287199,0.7223192,0.67083221519208
15867.87653301144,gap,16,0.9465799,0.7225879,0.68398718212321
15871.966678998433,gap,16,0.93765,0.7228564,0.6777863034599999
15879.26962703932,gap,16,1.10732,0.8179479,0.905730068628
15885.38214302389,gap,16,0.9465799,0.7225879,0.68398718212321
15889.918729022611,gap,16,0.93765,0.7225879,0.6775345444349999
15897.208602982573,gap,16,1.12518,0.8184852,0.9209431773360001
15904.227740014903,gap,16,0.9287199,0.7220506,0.67058276102694
15908.338033012114,gap,16,0.9465799,0.7223192,0.6837328361040801
15915.63327802578,gap,16,1.10732,0.8184852,0.9063250316640001
15922.708283993416,gap,16,0.9287199,0.7228564,0.67133112352236
15926.78361601429,gap,16,0.9287199,0.7225879,0.67108176222921
15930.876373022329,gap,16,0.9287199,0.7225879,0.67108176222921
15934.966296015773,gap,16,0.9465799,0.7225879,0.68398718212321
15942.265171033796,gap,16,1.09839,0.8182165,0.898720821435
15949.348158028442,gap,16,0.93765,0.7223192,0.67728259788
15953.418229997624,gap,16,0.95551,0.7223192,0.6901832187920001
15957.490339991637,gap,16,0.9465799,0.7225879,0.68398718212321
15961.563671007752,gap,16,0.9465799,0.7223192,0.6837328361040801
15965.64261300955,gap,16,0.9287199,0.7223192,0.67083221519208
15969.71161098918,gap,16,0.9465799,0.7225879,0.68398718212321
15973.765498027205,gap,16,0.9465799,0.7223192,0.6837328361040801
15977.824070025235,gap,16,0.91979,0.7225879,0.664629124541
15981.883809028659,gap,16,0.9465799,0.7223192,0.6837328361040801
15985.975288029294,gap,16,0.9287199,0.7223192,0.67083221519208
15990.047675033566,gap,16,0.93765,0.7223192,0.67728259788
15994.113414024469,gap,16,0.9465799,0.7223192,0.6837328361040801
15998.189116013236,gap,16,0.95551,0.7223192,0.6901832187920001
16002.2593360045,gap,16,0.93765,0.7223192,0.67728259788
16006.320130021777,gap,16,0.9465799,0.7223192,0.6837328361040801
16010.394091019407,gap,16,0.9465799,0.7223192,0.6837328361040801
16014.439108024817,gap,16,1.4288,0.7225879,1.03243359152
16018.506476015318,gap,16,0.95551,0.7220506,0.689926568806
16022.576771036256,gap,16,0.9465799,0.7220506,0.68347858474294
16026.654991030227,gap,16,0.9465799,0.7223192,0.6837328361040801
16030.704674019944,gap,16,0.9287199,0.7225879,0.67108176222921
16034.760876034852,gap,16,0.9287199,0.7220506,0.67058276102694
16038.8396520284,gap,16,0.9465799,0.7225879,0.68398718212321
16042.925372021273,gap,16,0.9287199,0.7225879,0.67108176222921
16047.00436902931,gap,16,0.9287199,0.7225879,0.67108176222921
16051.06068198802,gap,16,0.9465799,0.7223192,0.6837328361040801
16055.11545803165,gap,16,0.93765,0.7228564,0.6777863034599999
16059.186881990172,gap,16,0.9287199,0.7220506,0.67058276102694
16063.245380006265,gap,16,0.93765,0.7223192,0.67728259788
16067.32330401428,gap,16,0.93765,0.7225879,0.6775345444349999
16071.405116992537,gap,16,0.93765,0.7223192,0.67728259788
16075.471355987247,gap,16,0.9465799,0.7228564,0.68424133882636
16079.544576001354,gap,16,0.9465799,0.7223192,0.6837328361040801
16083.62222200958,gap,16,0.9287199,0.7225879,0.67108176222921
16087.677757022902,gap,16,0.9465799,0.7225879,0.68398718212321
16091.742829012219,gap,16,0.9465799,0.7228564,0.68424133882636
16095.81564203836,gap,16,0.9465799,0.7225879,0.68398718212321
16099.885343981441,gap,16,0.9465799,0.7228564,0.68424133882636
16103.943601017818,gap,16,0.93765,0.7223192,0.67728259788
16108.01091400208,gap,16,0.9287199,0.7228564,0.67133112352236
16112.066689995117,gap,16,0.91979,0.7228564,0.664876088156
16116.14694702439,gap,16,0.9465799,0.7228564,0.68424133882636
16120.217482035514,gap,16,0.93765,0.7225879,0.6775345444349999
16124.279460986145,gap,16,0.93765,0.7225879,0.6775345444349999
16128.31829302013,gap,16,0.93765,0.7225879,0.6775345444349999
16132.390958024189,gap,16,0.9287199,0.7223192,0.67083221519208
16136.469603981823,gap,16,0.93765,0.7223192,0.67728259788
16140.574379009195,gap,16,0.93765,0.7223192,0.67728259788
16144.634876982309,gap,16,0.9287199,0.7225879,0.67108176222921
16148.723690013867,gap,16,0.93765,0.7223192,0.67728259788
16152.806298981886,gap,16,0.93765,0.7220506,0.6770307450899999
16156.911574013066,gap,16,0.9287199,0.7225879,0.67108176222921
16160.981146036647,gap,16,0.9287199,0.7223192,0.67083221519208
16165.040477993898,gap,16,0.9287199,0.7223192,0.67083221519208
16172.327667009085,gap,16,1.08946,0.8179479,0.8911215191340001
16176.451793988235,gap,16,1.09839,0.8182165,0.898720821435
16180.579142994247,gap,16,1.09839,0.8184852,0.899015958828
16184.79589902563,gap,16,1.11625,0.8184852,0.9136341045
16191.79529498797,gap,16,0.9465799,0.7225879,0.68398718212321
16195.912347990088,gap,16,0.9287199,0.7228564,0.67133112352236
16200.052419037092,gap,16,0.93765,0.7223192,0.67728259788
16207.404090033378,gap,16,1.10732,0.8184852,0.9063250316640001
16211.556124035269,gap,16,1.08946,0.8187538,0.891999514948
16217.664602037985,gap,16,0.9465799,0.7225879,0.68398718212321
16222.184318001382,gap,16,0.95551,0.7228564,0.690696518764
16226.253742002882,gap,16,0.93765,0.7223192,0.67728259788
16230.332388018724,gap,16,0.93765,0.7223192,0.67728259788
16237.670355010778,gap,16,1.11625,0.8184852,0.9136341045
16244.700064999051,gap,16,0.93765,0.7225879,0.6775345444349999
16248.821229033638,gap,16,0.9108599,0.7225879,0.6581763423352099
16256.153085036203,gap,16,1.09839,0.8182165,0.898720821435
16260.281749011483,gap,16,1.10732,0.8182165,0.9060274947800001
16267.305366985966,gap,16,0.9287199,0.7220506,0.67058276102694
16271.397789998446,gap,16,0.9465799,0.7223192,0.6837328361040801
16275.488324987236,gap,16,0.9465799,0.7225879,0.68398718212321
16287.927575991489,bench:890b0c604eb5ed51,17,3.09871,0.8179479,2.534583337209
16296.945674985182,bench:890b0c604eb5ed51,17,3.24159,0.8174106,2.649710026854
16301.13420903217,bench:890b0c604eb5ed51,17,5.43837,0.9294252,5.054558124923999
16305.269521020819,bench:890b0c604eb5ed51,17,2.50933,0.928888,2.33088652504
16309.332425997127,bench:890b0c604eb5ed51,17,3.59879,0.9294252,3.3448061155079998
16317.001131013967,bench:890b0c604eb5ed51,17,4.00064,0.928888,3.71614648832
16321.115869039204,bench:890b0c604eb5ed51,17,5.474089,0.9299625,5.0906974916625005
16325.23899601074,bench:890b0c604eb5ed51,17,5.43837,0.9283507,5.048714596359
16332.716906035785,bench:890b0c604eb5ed51,17,5.45623,0.928888,5.06822657224
16336.92188403802,bench:890b0c604eb5ed51,17,4.07208,0.928888,3.7825062470399997
16340.97625198774,bench:890b0c604eb5ed51,17,4.07208,0.9286194,3.7814124863519996
16345.039158011787,bench:890b0c604eb5ed51,17,4.08101,0.928888,3.7908012168800003
16349.095434008632,bench:890b0c604eb5ed51,17,4.08101,0.928888,3.7908012168800003
16353.13728399342,bench:890b0c604eb5ed51,17,4.08994,0.9294252,3.8012933024880002
16357.215597003233,bench:890b0c604eb5ed51,17,4.08101,0.9291566,3.791897376166
16361.2638170016,bench:890b0c604eb5ed51,17,4.09887,0.9286194,3.8062902000779997
16365.341685013846,bench:890b0c604eb5ed51,17,4.08101,0.9283507,3.788608490207
16369.389294995926,bench:890b0c604eb5ed51,17,4.08994,0.9291566,3.8001947446040005
16373.443718999624,bench:890b0c604eb5ed51,17,4.08994,0.9294252,3.8012933024880002
16377.508383011445,bench:890b0c604eb5ed51,17,4.08994,0.928888,3.7990961867200004
16381.550326012075,bench:890b0c604eb5ed51,17,4.09887,0.928888,3.80739115656
16385.612472018693,bench:890b0c604eb5ed51,17,4.1078,0.928888,3.8156861264
16389.664433023427,bench:890b0c604eb5ed51,17,4.1078,0.928888,3.8156861264
16393.650062032975,bench:890b0c604eb5ed51,17,4.1078,0.9286194,3.81458277132
16397.79494801769,bench:890b0c604eb5ed51,17,4.08994,0.9286194,3.7979976288360002
16401.784798013978,bench:890b0c604eb5ed51,17,4.09887,0.9286194,3.8062902000779997
16405.85555601865,bench:890b0c604eb5ed51,17,4.1078,0.9291566,3.8167894814800003
16409.950756991748,bench:890b0c604eb5ed51,17,4.08994,0.9280821,3.7958001040740004
16414.013236993924,bench:890b0c604eb5ed51,17,4.09887,0.9283507,3.805188833709
16417.99218003871,bench:890b0c604eb5ed51,17,4.1078,0.9291566,3.8167894814800003
16422.06075199647,bench:890b0c604eb5ed51,17,4.1078,0.9275449,3.81016894022
16426.1147690122,bench:890b0c604eb5ed51,17,4.11673,0.9280821,3.8206634235329995
16430.160433985293,bench:890b0c604eb5ed51,17,4.09887,0.9304997,3.813997305339
16434.225339035038,bench:890b0c604eb5ed51,17,4.15245,0.9294252,3.8593916717399996
16438.27511498239,bench:890b0c604eb5ed51,17,4.1078,0.9291566,3.8167894814800003
16442.323076014873,bench:890b0c604eb5ed51,17,4.11673,0.9283507,3.8217691772109994
16446.50094298413,bench:890b0c604eb5ed51,17,4.14352,0.9296938,3.8522048541759997
16450.476164987776,bench:890b0c604eb5ed51,17,4.42928,0.9296938,4.117874154464
16454.562588012777,bench:890b0c604eb5ed51,17,4.14352,0.9294252,3.8510919047039995
16458.616938034538,bench:890b0c604eb5ed51,17,4.56323,0.9286194,4.237503904662
16462.631474016234,bench:890b0c604eb5ed51,17,4.57216,0.928888,4.247024558080001
16466.677602031268,bench:890b0c604eb5ed51,17,4.2864,0.9291566,3.9827368502400002
16470.690452028066,bench:890b0c604eb5ed51,17,4.12566,0.9286194,3.831167913804
16480.88327998994,bench:890b0c604eb5ed51,17,5.42051,0.9294252,5.037958590852
16485.05172203295,bench:890b0c604eb5ed51,17,5.474089,0.9294252,5.0877562636428
16492.69051902229,bench:890b0c604eb5ed51,17,5.45623,0.9294252,5.0711576589959995
16500.99447602406,bench:890b0c604eb5ed51,17,2.57184,0.9283507,2.3875694642879997
16505.067659018096,bench:890b0c604eb5ed51,17,5.474089,0.9291566,5.0862859233374005
16509.18339798227,bench:890b0c604eb5ed51,17,5.50088,0.9280821,5.105268262248001
16513.23450700147,bench:890b0c604eb5ed51,17,5.51874,0.9291566,5.1277736946840005
16520.950285019353,bench:890b0c604eb5ed51,17,5.474089,0.9286194,5.0833452427266
16525.072893011384,bench:890b0c604eb5ed51,17,5.48302,0.9286194,5.091638742588
16529.201334982645,bench:890b0c604eb5ed51,17,4.09887,0.9291566,3.808492113042
16533.261889009736,bench:890b0c604eb5ed51,17,4.11673,0.9294252,3.826192603595999
16537.33334998833,bench:890b0c604eb5ed51,17,4.12566,0.9291566,3.833384218356
16541.370570019353,bench:890b0c604eb5ed51,17,4.11673,0.928888,3.82398109624
16545.420328038745,bench:890b0c604eb5ed51,17,4.13459,0.9294252,3.842792137668
16549.40290102968,bench:890b0c604eb5ed51,17,4.27747,0.9291566,3.974439481802
16557.006846007425,bench:890b0c604eb5ed51,17,4.09887,0.9286194,3.8062902000779997
16564.996547007468,bench:890b0c604eb5ed51,17,2.96476,0.928888,2.7539299868800002
16576.867136987858,bench:890b0c604eb5ed51,17,5.509809,0.9286194,5.1165155276946
16581.303482991643,bench:890b0c604eb5ed51,17,5.491949,0.9286194,5.0999303852106
16585.70110803703,bench:890b0c604eb5ed51,17,5.51874,0.9280821,5.121843808554
16589.740588038694,bench:890b0c604eb5ed51,17,2.96476,0.9291566,2.7547263214160003
16593.78152998397,bench:890b0c604eb5ed51,17,4.12566,0.928888,3.83227606608
16597.81812102301,bench:890b0c604eb5ed51,17,4.00957,0.9283507,3.722287116199
16601.8171380274,bench:890b0c604eb5ed51,17,3.00048,0.9291566,2.787915795168
16605.899284011684,bench:890b0c604eb5ed51,17,5.48302,0.9291566,5.094584220932
16612.700719037093,bench:890b0c604eb5ed51,17,5.4473,0.9294252,5.06285789196
16624.85821399605,bench:890b0c604eb5ed51,17,5.43837,0.9299625,5.057480161125
16629.28691203706,bench:890b0c604eb5ed51,17,4.12566,0.9286194,3.831167913804
16633.319429005496,bench:890b0c604eb5ed51,17,2.71472,0.928888,2.52167083136
16641.024651005864,bench:890b0c604eb5ed51,17,5.42944,0.9286194,5.041883315135999
16645.141649001744,bench:890b0c604eb5ed51,17,2.59863,0.9286194,2.413138231422
16649.159647000488,bench:890b0c604eb5ed51,17,4.00064,0.9307683,3.7236688917119998
16653.161035035737,bench:890b0c604eb5ed51,17,4.11673,0.9286194,3.8228753425619995
16657.202180998866,bench:890b0c604eb5ed51,17,4.14352,0.9286194,3.8477530562879996
16664.997679996304,bench:890b0c604eb5ed51,17,4.16138,0.9294252,3.867691438776
16669.08915899694,bench:890b0c604eb5ed51,17,4.12566,0.928888,3.83227606608
16673.17493498558,bench:890b0c604eb5ed51,17,4.11673,0.9286194,3.8228753425619995
16680.98447099328,bench:890b0c604eb5ed51,17,5.51874,0.9296938,5.130738361812
16688.740249024704,bench:890b0c604eb5ed51,17,5.37586,0.9294252,4.996459755672
16698.330082988832,bench:890b0c604eb5ed51,17,5.40265,0.9280821,5.014102757565
16704.97227803571,bench:890b0c604eb5ed51,17,5.34907,0.9294252,4.971560454564
16709.39386502141,bench:890b0c604eb5ed51,17,5.4473,0.928888,5.059931602400001
16716.922644991428,bench:890b0c604eb5ed51,17,5.42051,0.9283507,5.032134252857
16728.953067038674,bench:890b0c604eb5ed51,17,5.36693,0.9280821,4.980951664953
16733.004453999456,bench:890b0c604eb5ed51,17,5.39372,0.9326486,5.030445406792
16740.65251002321,bench:890b0c604eb5ed51,17,5.38479,0.9286194,5.0004204589259995
16745.1671329909,bench:890b0c604eb5ed51,17,5.42051,0.9294252,5.037958590852
16752.92796600843,bench:890b0c604eb5ed51,17,5.39372,0.9304997,5.018854841884
16763.079461001325,bench:890b0c604eb5ed51,17,5.42944,0.9283507,5.040424424607999
16772.873107984196,bench:890b0c604eb5ed51,17,5.40265,0.9294252,5.02135905678
16780.962881981395,bench:890b0c604eb5ed51,17,5.52767,0.9326486,5.155373686762
16788.59203099273,bench:890b0c604eb5ed51,17,5.491949,0.9296938,5.1058309352162
16793.00410003634,bench:890b0c604eb5ed51,17,5.54553,0.9299625,5.157134942625
16800.662434019614,bench:890b0c604eb5ed51,17,5.46516,0.9286194,5.075053600104
16804.991466982756,bench:890b0c604eb5ed51,17,5.45623,0.9286194,5.0667610288619995
16816.93664798513,bench:890b0c604eb5ed51,17,5.51874,0.9291566,5.1277736946840005
16824.97420103755,bench:890b0c604eb5ed51,17,5.509809,0.9299625,5.1239157521625
16832.68125599716,bench:890b0c604eb5ed51,17,5.51874,0.9294252,5.129256028248
16836.821882985532,bench:890b0c604eb5ed51,17,4.15245,0.9291566,3.85827632367
16840.871436987072,bench:890b0c604eb5ed51,17,4.17031,0.9283507,3.871510207717
16844.902287004516,bench:890b0c604eb5ed51,17,4.14352,0.928888,3.8488660057599997
16848.985710996203,bench:890b0c604eb5ed51,17,4.15245,0.9291566,3.85827632367
16852.99165401375,bench:890b0c604eb5ed51,17,4.14352,0.928888,3.8488660057599997
16857.020022987854,bench:890b0c604eb5ed51,17,4.14352,0.9286194,3.8477530562879996
16861.04598402744,bench:890b0c604eb5ed51,17,4.14352,0.928888,3.8488660057599997
16865.06827903213,bench:890b0c604eb5ed51,17,4.15245,0.9294252,3.8593916717399996
16869.049925997388,bench:890b0c604eb5ed51,17,4.14352,0.9286194,3.8477530562879996
16873.058516997844,bench:890b0c604eb5ed51,17,4.14352,0.9286194,3.8477530562879996
16877.120478020515,bench:890b0c604eb5ed51,17,4.12566,0.928888,3.83227606608
16881.149235996418,bench:890b0c604eb5ed51,17,4.12566,0.9286194,3.831167913804
16885.16475301003,bench:890b0c604eb5ed51,17,4.13459,0.9291566,3.8416815867940004
16889.25756502431,bench:890b0c604eb5ed51,17,4.13459,0.928888,3.8405710359200005
16893.246360006742,bench:890b0c604eb5ed51,17,4.12566,0.9280821,3.828951196686
16897.396802029107,bench:890b0c604eb5ed51,17,4.12566,0.9291566,3.833384218356
16901.443189010024,bench:890b0c604eb5ed51,17,4.13459,0.9286194,3.839460485046
16905.507705989294,bench:890b0c604eb5ed51,17,4.14352,0.9286194,3.8477530562879996
16909.515796985943,bench:890b0c604eb5ed51,17,4.13459,0.9291566,3.8416815867940004
16913.65807200782,bench:890b0c604eb5ed51,17,4.14352,0.9294252,3.8510919047039995
16917.712774011306,bench:890b0c604eb5ed51,17,4.14352,0.928888,3.8488660057599997
16921.710513008293,bench:890b0c604eb5ed51,17,4.11673,0.9286194,3.8228753425619995
16925.768956018146,bench:890b0c604eb5ed51,17,4.15245,0.9294252,3.8593916717399996
16929.79893600568,bench:890b0c604eb5ed51,17,2.62542,0.9291566,2.439426320772
16936.94362603128,bench:890b0c604eb5ed51,17,4.11673,0.9283507,3.8217691772109994
16941.356973024085,bench:890b0c604eb5ed51,17,4.12566,0.9280821,3.828951196686
16945.437747985125,bench:890b0c604eb5ed51,17,4.15245,0.9291566,3.85827632367
16949.474135995843,bench:890b0c604eb5ed51,17,4.16138,0.928888,3.8654559454400004
16953.50922702346,bench:890b0c604eb5ed51,17,4.15245,0.9286194,3.85604562753
16957.51909603132,bench:890b0c604eb5ed51,17,4.18817,0.928888,3.8903408549600007
16961.521335004363,bench:890b0c604eb5ed51,17,4.15245,0.9283507,3.854929864215
16965.525184990838,bench:890b0c604eb5ed51,17,4.15245,0.9294252,3.8593916717399996
16969.537127995864,bench:890b0c604eb5ed51,17,4.15245,0.928888,3.8571609756000003
16973.587164015044,bench:890b0c604eb5ed51,17,4.21496,0.928888,3.9152257644799997
16977.640772995073,bench:890b0c604eb5ed51,17,4.14352,0.928888,3.8488660057599997
16981.68817802798,bench:890b0c604eb5ed51,17,4.12566,0.9291566,3.833384218356
16985.747009981424,bench:890b0c604eb5ed51,17,4.1078,0.9283507,3.81347900546
16989.808933984023,bench:890b0c604eb5ed51,17,4.12566,0.9291566,3.833384218356
16993.796858994756,bench:890b0c604eb5ed51,17,4.11673,0.928888,3.82398109624
16997.85039399285,bench:890b0c604eb5ed51,17,4.1078,0.9294252,3.81789283656
17001.95215101121,bench:890b0c604eb5ed51,17,4.15245,0.9280821,3.853814516145
17005.99409302231,bench:890b0c604eb5ed51,17,4.12566,0.928888,3.83227606608
17010.04455401562,bench:890b0c604eb5ed51,17,4.12566,0.9291566,3.833384218356
17014.031294034794,bench:890b0c604eb5ed51,17,4.09887,0.9286194,3.8062902000779997
17018.068496021442,bench:890b0c604eb5ed51,17,4.14352,0.9291566,3.849978955232
17024.921060015913,bench:890b0c604eb5ed51,17,4.12566,0.9294252,3.8344923706319998
17029.292648017872,bench:890b0c604eb5ed51,17,5.509809,0.9286194,5.1165155276946
17033.384701004252,bench:890b0c604eb5ed51,17,5.509809,0.9291566,5.1194753970894
17037.754048011266,bench:890b0c604eb5ed51,17,5.54553,0.9291566,5.152665799998
17044.45750202285,bench:890b0c604eb5ed51,17,5.42944,0.9294252,5.046258357887999
17052.629904996138,bench:890b0c604eb5ed51,17,5.55446,0.9294252,5.162455096392
17056.8638460245,bench:890b0c604eb5ed51,17,4.12566,0.9283507,3.8300593489619996
17060.99034298677,bench:890b0c604eb5ed51,17,4.11673,0.928888,3.82398109624
17065.054749022238,bench:890b0c604eb5ed51,17,4.14352,0.9286194,3.8477530562879996
17069.1370239947,bench:890b0c604eb5ed51,17,4.14352,0.9286194,3.8477530562879996
17073.202893021517,bench:890b0c604eb5ed51,17,4.11673,0.9291566,3.8250868499179997
17077.275132003706,bench:890b0c604eb5ed51,17,4.13459,0.928888,3.8405710359200005
17081.333481997717,bench:890b0c604eb5ed51,17,4.14352,0.928888,3.8488660057599997
17088.928741985,bench:890b0c604eb5ed51,17,4.14352,0.9291566,3.849978955232
17100.95034900587,bench:890b0c604eb5ed51,17,5.43837,0.9291566,5.053097378742
17105.03732803045,bench:890b0c604eb5ed51,17,5.43837,0.9304997,5.060401653489
17116.96460301755,bench:890b0c604eb5ed51,17,5.509809,0.9291566,5.1194753970894
17122.005906014238,bench:890b0c604eb5ed51,17,5.52767,0.928888,5.1345863309599995
17128.712379024364,bench:890b0c604eb5ed51,17,5.46516,0.9286194,5.075053600104
17136.70098700095,bench:890b0c604eb5ed51,17,5.509809,0.9294252,5.120955331786799
17141.01781602949,bench:890b0c604eb5ed51,17,5.509809,0.9291566,5.1194753970894
17145.37731098244,bench:890b0c604eb5ed51,17,5.509809,0.9296938,5.1224352664841994
17149.434421036858,bench:890b0c604eb5ed51,17,5.5366,0.9286194,5.14139417004
17153.563954983838,bench:890b0c604eb5ed51,17,5.54553,0.9280821,5.146707128013
17160.881828982383,bench:890b0c604eb5ed51,17,5.57232,0.9296938,5.180551355616
17172.938028001226,bench:890b0c604eb5ed51,17,5.51874,0.9294252,5.129256028248
17177.037600020412,bench:890b0c604eb5ed51,17,5.54553,0.9296938,5.155644858714
17181.08878401108,bench:890b0c604eb5ed51,17,5.57232,0.9280821,5.171570447472001
17185.13687403174,bench:890b0c604eb5ed51,17,5.52767,0.9291566,5.1360710631219995
17192.689135030378,bench:890b0c604eb5ed51,17,5.509809,0.9291566,5.1194753970894
17196.83139200788,bench:890b0c604eb5ed51,17,4.15245,0.928888,3.8571609756000003
17200.896370981354,bench:890b0c604eb5ed51,17,4.2864,0.928888,3.9815855232000006
17204.927184036933,bench:890b0c604eb5ed51,17,4.13459,0.9283507,3.8383495207130003
17208.979053015355,bench:890b0c604eb5ed51,17,4.14352,0.9286194,3.8477530562879996
17212.998589035124,bench:890b0c604eb5ed51,17,4.13459,0.9286194,3.839460485046
17217.042475997005,bench:890b0c604eb5ed51,17,4.27747,0.9326486,3.989376407042
17224.998677033,bench:890b0c604eb5ed51,17,4.13459,0.9283507,3.8383495207130003
17232.87873098161,bench:890b0c604eb5ed51,17,5.509809,0.9294252,5.120955331786799
17244.959559990093,bench:890b0c604eb5ed51,17,5.4473,0.9296938,5.06432103674
17252.953038027044,bench:890b0c604eb5ed51,17,5.58125,0.9286194,5.18285702625
17260.619001986925,bench:890b0c604eb5ed51,17,5.55446,0.9280821,5.154994901166
17269.017551036086,bench:890b0c604eb5ed51,17,2.63435,0.9294252,2.44843127562
17273.031956981868,bench:890b0c604eb5ed51,17,5.54553,0.9291566,5.152665799998
17280.599439982325,bench:890b0c604eb5ed51,17,5.4473,0.928888,5.059931602400001
17284.674030030146,gap,18,1.70563,0.9283507,1.583422804441
17288.644807005767,gap,18,1.6967,0.9283507,1.5751326326900001
17295.325243030675,gap,18,1.41987,0.8732836,1.2399491851320001
17302.269973035436,gap,18,1.00016,0.7223192,0.722434771072
17306.40211800346,gap,18,1.00016,0.7228564,0.7229720570239999
17310.52078201901,gap,18,1.00909,0.7223192,0.7288850815280001
17314.62337303674,gap,18,1.00016,0.7223192,0.722434771072
17320.859924016986,gap,18,1.15197,0.8182165,0.942560861505
17325.561008008663,gap,18,1.1609,0.8184852,0.95017946868
17332.582515024114,gap,18,0.9822999,0.7225879,0.70979802191121
17340.226644999348,gap,18,1.13411,0.8187538,0.928556872118
17344.388235011138,gap,18,1.14304,0.8184852,0.9355613230080001
17351.477815012913,gap,18,0.9822999,0.7225879,0.70979802191121
17355.5504429969,gap,18,0.9912299,0.7225879,0.71625073185821
17359.64044102002,gap,18,0.9822999,0.7225879,0.70979802191121
17363.70619799709,gap,18,0.9822999,0.7223192,0.7095340779280801
17367.798861989286,gap,18,0.9912299,0.7223192,0.7159843883840801
17371.8663789914,gap,18,0.9822999,0.7223192,0.7095340779280801
17375.93913602177,gap,18,0.96444,0.7225879,0.6968926742759999
17380.029338004533,gap,18,0.9822999,0.7223192,0.7095340779280801
17384.1041130363,gap,18,0.95551,0.7223192,0.6901832187920001
17388.18700000411,gap,18,0.95551,0.7223192,0.6901832187920001
17392.269016010687,gap,18,0.9822999,0.7223192,0.7095340779280801
17396.330940013286,gap,18,0.96444,0.7225879,0.6968926742759999
17400.40256798966,gap,18,0.96444,0.7220506,0.696374480664
17404.493824986275,gap,18,0.9733699,0.7223192,0.70308376747208
17408.59556302894,gap,18,0.96444,0.7225879,0.6968926742759999
17412.688876036555,gap,18,0.95551,0.7223192,0.6901832187920001
17416.796263016295,gap,18,0.95551,0.7225879,0.6904399643289999
17424.148896010593,gap,18,1.13411,0.8187538,0.928556872118
17428.28274500789,gap,18,1.13411,0.8179479,0.9276428928689999
17432.4163160054,gap,18,1.14304,0.8184852,0.9355613230080001
17439.934318012092,gap,18,0.9733699,0.7225879,0.7033453119642099
17444.019001035485,gap,18,0.96444,0.7225879,0.6968926742759999
17448.096277017612,gap,18,0.96444,0.7223192,0.696633529248
17452.195071033202,gap,18,0.96444,0.7220506,0.696374480664
17456.24608802609,gap,18,0.95551,0.7225879,0.6904399643289999
17460.33236302901,gap,18,0.9465799,0.7225879,0.68398718212321
17464.41562002292,gap,18,0.96444,0.7220506,0.696374480664
17468.49589602789,gap,18,0.96444,0.7225879,0.6968926742759999
17472.577320004348,gap,18,0.96444,0.7220506,0.696374480664
17476.66033601854,gap,18,0.9822999,0.7223192,0.7095340779280801
17480.73640803341,gap,18,0.96444,0.7223192,0.696633529248
17484.827499021776,gap,18,0.96444,0.7225879,0.6968926742759999
17492.18189099338,gap,18,1.13411,0.8182165,0.9279475148149999
17496.31151801441,gap,18,1.12518,0.8176794,0.920036507292
17503.339599003084,gap,18,0.9733699,0.721782,0.7025608731618
17507.416596985422,gap,18,0.9822999,0.7223192,0.7095340779280801
17511.478428030387,gap,18,0.96444,0.7223192,0.696633529248
17518.77919101389,gap,18,1.11625,0.8182165,0.913334168125
17525.8637900115,gap,18,0.96444,0.7228564,0.6971516264159999
17529.957029037178,gap,18,0.95551,0.7225879,0.6904399643289999
17534.06106302282,gap,18,0.93765,0.7223192,0.67728259788
17538.153598026838,gap,18,0.93765,0.7223192,0.67728259788
17545.45463901013,gap,18,1.13411,0.8179479,0.9276428928689999
17552.544403995853,gap,18,0.9465799,0.7225879,0.68398718212321
17556.71016103588,gap,18,0.95551,0.7223192,0.6901832187920001
17560.89902803069,gap,18,0.95551,0.7220506,0.689926568806
17565.01569203101,gap,18,0.96444,0.7225879,0.6968926742759999
17569.094709004276,gap,18,0.96444,0.7223192,0.696633529248
17573.199984035455,gap,18,0.9733699,0.7223192,0.70308376747208
17577.282315003686,gap,18,0.96444,0.7225879,0.6968926742759999
17581.334572983906,gap,18,0.95551,0.7220506,0.689926568806
17585.399347997736,gap,18,0.95551,0.7223192,0.6901832187920001
17589.482438983396,gap,18,0.9465799,0.7223192,0.6837328361040801
17593.573770020157,gap,18,0.9465799,0.7220506,0.68347858474294
17597.647749003954,gap,18,0.9465799,0.7225879,0.68398718212321
17601.716913981363,gap,18,0.93765,0.7223192,0.67728259788
17605.805560015142,gap,18,0.95551,0.7225879,0.6904399643289999
17609.870225016493,gap,18,0.95551,0.7223192,0.6901832187920001
17613.932834006846,gap,18,0.9465799,0.7228564,0.68424133882636
17622.01858998742,gap,18,0.96444,0.7225879,0.6968926742759999
17626.074051018804,gap,18,0.96444,0.7223192,0.696633529248
17630.147567018867,gap,18,0.96444,0.7225879,0.6968926742759999
17634.212212986313,gap,18,0.96444,0.7223192,0.696633529248
17638.298247999046,gap,18,0.96444,0.7225879,0.6968926742759999
17642.3733200063,gap,18,0.96444,0.7223192,0.696633529248
17646.436411014292,gap,18,1.12518,0.7223192,0.8127391174560001
17650.52572399145,gap,18,0.95551,0.7225879,0.6904399643289999
17654.59336998174,gap,18,0.9465799,0.7223192,0.6837328361040801
17658.672571007628,gap,18,0.9465799,0.7223192,0.6837328361040801
17662.754736025818,gap,18,0.93765,0.7225879,0.6775345444349999
17666.818178026006,gap,18,0.9465799,0.7228564,0.68424133882636
17670.883250015322,gap,18,0.93765,0.7223192,0.67728259788
17674.94063702179,gap,18,0.9287199,0.7228564,0.67133112352236
17679.01493201498,gap,18,0.96444,0.7223192,0.696633529248
17685.35281502409,gap,18,1.06267,0.8182165,0.869494128055
17690.039215027355,gap,18,1.06267,0.8184852,0.869779667484
17698.285043006763,gap,18,1.34843,0.928888,1.25254044584
17702.450892014895,gap,18,1.6967,0.9286194,1.5755885359800001
17706.652000022586,gap,18,1.34843,0.928888,1.25254044584
17713.45941600157,gap,18,1.32164,0.9286194,1.2273005438159998
17717.585931997746,gap,18,1.32164,0.9283507,1.2269454191479998
17721.701041038614,gap,18,1.33057,0.9283507,1.235235590899
17725.817186001223,gap,18,1.33057,0.9286194,1.235593115058
17732.794416020624,gap,18,1.33057,0.9291566,1.236307897262
17736.932191008236,gap,18,1.35736,0.928888,1.26083541568
17741.07329902472,gap,18,1.3395,0.9283507,1.2435257626499998
17747.875845001545,gap,18,1.33057,0.9283507,1.235235590899
17751.992250035983,gap,18,1.33057,0.928888,1.23595050616
17758.949498005677,gap,18,1.33057,0.9286194,1.235593115058
17767.18666002853,gap,18,1.12518,0.8179479,0.920338618122
17774.25764699001,gap,18,0.96444,0.7223192,0.696633529248
17778.380423027556,gap,18,0.95551,0.7225879,0.6904399643289999
17782.95145300217,gap,18,1.00909,0.7225879,0.729156224011
17787.79501700774,gap,18,0.9465799,0.7223192,0.6837328361040801
17802.3954880191,gap,18,0.9465799,0.7223192,0.6837328361040801
17809.689251997042,gap,18,1.16983,0.8337965,0.975400159595
17815.366122988053,gap,18,1.1609,0.8332592,0.96733060528
17830.0532969879,gap,18,1.17876,0.8332592,0.982212614592
17837.341560982168,gap,18,1.12518,0.8182165,0.92064084147
17842.10108901607,gap,18,1.12518,0.8182165,0.92064084147
17846.266049018595,gap,18,1.11625,0.8182165,0.913334168125
17853.52808999596,gap,18,0.9465799,0.7223192,0.6837328361040801
17857.618624984752,gap,18,0.93765,0.7220506,0.6770307450899999
17861.742141016293,gap,18,0.95551,0.7220506,0.689926568806
17865.857324039098,gap,18,0.9287199,0.7225879,0.67108176222921
17873.142754018772,gap,18,1.12518,0.8182165,0.92064084147
17880.281574034598,gap,18,0.9287199,0.7223192,0.67083221519208
17884.427627024706,gap,18,0.9465799,0.7225879,0.68398718212321
17891.782463993877,gap,18,1.12518,0.8182165,0.92064084147
17895.927164994646,gap,18,1.11625,0.8182165,0.913334168125
17902.956672012806,gap,18,0.9465799,0.7220506,0.68347858474294
17907.053743023425,gap,18,0.9287199,0.7225879,0.67108176222921
17911.141797027085,gap,18,0.96444,0.7223192,0.696633529248
17915.220184018835,gap,18,0.9465799,0.7223192,0.6837328361040801
17919.307422009297,gap,18,0.9465799,0.7223192,0.6837328361040801
17923.362013010774,gap,18,0.9465799,0.7225879,0.68398718212321
17927.460640028585,gap,18,0.9465799,0.7223192,0.6837328361040801
17931.52674898738,gap,18,0.95551,0.7225879,0.6904399643289999
17935.594487993512,gap,18,0.9465799,0.7223192,0.6837328361040801
17939.64474601671,gap,18,0.95551,0.7220506,0.689926568806
17943.73803999042,gap,18,0.93765,0.7223192,0.67728259788
17947.808964003343,gap,18,0.93765,0.7223192,0.67728259788
17951.87879499281,gap,18,0.9465799,0.7225879,0.68398718212321
17955.957292986568,gap,18,0.93765,0.7223192,0.67728259788
17960.04240203183,gap,18,0.9465799,0.7225879,0.68398718212321
17964.10514001036,gap,18,0.9465799,0.7225879,0.68398718212321
17968.17791601643,gap,18,0.9287199,0.7228564,0.67133112352236
17972.238747985102,gap,18,0.93765,0.7225879,0.6775345444349999
17976.327596988995,gap,18,0.96444,0.7223192,0.696633529248
17980.41794699384,gap,18,0.9287199,0.7223192,0.67083221519208
17984.52359298244,gap,18,0.9465799,0.7228564,0.68424133882636
17988.617442024406,gap,18,0.9465799,0.7225879,0.68398718212321
17992.735736013856,gap,18,0.9465799,0.7225879,0.68398718212321
17996.86097400263,gap,18,0.9287199,0.7223192,0.67083221519208
18000.97476801602,gap,18,0.93765,0.7225879,0.6775345444349999
18008.257995010354,gap,18,1.11625,0.8179479,0.9130343433749999
18012.424657994416,gap,18,1.09839,0.8184852,0.899015958828
18016.58261800185,gap,18,1.10732,0.8179479,0.905730068628
18023.938658996485,gap,18,0.9465799,0.7225879,0.68398718212321
18028.035083028954,gap,18,0.9465799,0.7225879,0.68398718212321
18032.107488019392,gap,18,0.9287199,0.7223192,0.67083221519208
18036.190874991007,gap,18,0.96444,0.7223192,0.696633529248
18040.260947018396,gap,18,0.9465799,0.7225879,0.68398718212321
18044.32020400418,gap,18,0.9287199,0.7225879,0.67108176222921
18048.38573903544,gap,18,0.9287199,0.7228564,0.67133112352236
18052.537421986926,gap,18,0.9287199,0.7225879,0.67108176222921
18059.806222037878,gap,18,1.08946,0.8182165,0.8914141480900001
18066.887413035147,gap,18,0.9465799,0.7225879,0.68398718212321
18070.96741098212,gap,18,0.93765,0.7223192,0.67728259788
18075.044576020446,gap,18,0.93765,0.7225879,0.6775345444349999
18079.107480996754,gap,18,0.95551,0.7223192,0.6901832187920001
18083.19760899758,gap,18,0.9287199,0.7225879,0.67108176222921
18087.2544029844,gap,18,0.9465799,0.7223192,0.6837328361040801
18091.338086000178,gap,18,0.9465799,0.7223192,0.6837328361040801
18095.412491995376,gap,18,0.9465799,0.7225879,0.68398718212321
18099.493527028244,gap,18,0.95551,0.7228564,0.690696518764
18103.571580024436,gap,18,0.93765,0.7225879,0.6775345444349999
18107.655762985814,gap,18,0.9465799,0.7223192,0.6837328361040801
18111.741335014813,gap,18,0.93765,0.7220506,0.6770307450899999
18115.799389022868,gap,18,0.9287199,0.7228564,0.67133112352236
18119.87777502509,gap,18,0.9287199,0.7225879,0.67108176222921
18123.95243998617,gap,18,0.91979,0.7225879,0.664629124541
18128.02465999266,gap,18,0.91979,0.7225879,0.664629124541
18132.120157999452,gap,18,0.9465799,0.7225879,0.68398718212321
18136.19417400332,gap,18,0.93765,0.7223192,0.67728259788
18140.25606098585,gap,18,0.9287199,0.7225879,0.67108176222921
18144.331393006723,gap,18,0.93765,0.7223192,0.67728259788
18148.39128003223,gap,18,0.93765,0.7223192,0.67728259788
18152.469536988065,gap,18,0.9465799,0.7225879,0.68398718212321
18156.554720015265,gap,18,0.9287199,0.7220506,0.67058276102694
18160.65780998906,gap,18,0.93765,0.7223192,0.67728259788
18164.746808004566,gap,18,0.9287199,0.7220506,0.67058276102694
18168.839787016623,gap,18,0.93765,0.7225879,0.6775345444349999
18172.895211027935,gap,18,0.9287199,0.7220506,0.67058276102694
18176.958376017865,gap,18,0.95551,0.7223192,0.6901832187920001
18181.045687990263,gap,18,0.9287199,0.7223192,0.67083221519208
18185.121260001324,gap,18,0.9287199,0.7228564,0.67133112352236
18189.21359203523,gap,18,0.9465799,0.7223192,0.6837328361040801
18193.267534021288,gap,18,0.9287199,0.7223192,0.67083221519208
18197.318680002354,gap,18,0.9465799,0.7223192,0.6837328361040801
18201.378808007576,gap,18,0.9465799,0.7220506,0.68347858474294
18205.45128802769,gap,18,0.9465799,0.7223192,0.6837328361040801
18209.545804013032,gap,18,0.9465799,0.7225879,0.68398718212321
18213.60950602684,gap,18,0.93765,0.7223192,0.67728259788
18217.6755410037,gap,18,0.9465799,0.7220506,0.68347858474294
18221.762334986124,gap,18,0.9287199,0.7225879,0.67108176222921
18225.85012903437,gap,18,0.9465799,0.7220506,0.68347858474294
18233.20535500534,gap,18,1.10732,0.8176794,0.905432753208
18237.35316703096,gap,18,1.10732,0.8182165,0.9060274947800001
18244.43743203301,gap,18,0.9465799,0.7223192,0.6837328361040801
18248.543911031447,gap,18,0.91979,0.7225879,0.664629124541
18252.669389999937,gap,18,0.93765,0.7225879,0.6775345444349999
18256.833091028966,gap,18,0.93765,0.7223192,0.67728259788
18264.085929025896,gap,18,1.09839,0.8187538,0.8993109863819999
18271.1646759999,gap,18,0.93765,0.723125,0.67803815625
18275.26389498962,gap,18,0.9465799,0.7225879,0.68398718212321
18282.56154799601,gap,18,1.10732,0.8187538,0.906622457816
18289.642554009333,gap,18,0.9287199,0.7223192,0.67083221519208
18293.728755030315,gap,18,0.93765,0.7225879,0.6775345444349999
18297.823605011217,gap,18,0.9465799,0.7225879,0.68398718212321
18305.117719981354,gap,18,1.08946,0.8182165,0.8914141480900001
18312.17856000876,gap,18,0.9465799,0.7225879,0.68398718212321
18316.248001996428,gap,18,0.9465799,0.7223192,0.6837328361040801
18320.32729603816,gap,18,0.9465799,0.7220506,0.68347858474294
18324.415646027774,gap,18,0.9465799,0.7225879,0.68398718212321
18328.559903020505,gap,18,0.93765,0.7223192,0.67728259788
18332.68147398485,gap,18,0.9465799,0.7223192,0.6837328361040801
18347.383869986515,bench:084b234ef507e9fb,19,3.20587,0.8184852,2.623957148124
18351.732717012055,bench:084b234ef507e9fb,19,3.77739,0.918949,3.47122876311
18361.012332024984,bench:084b234ef507e9fb,19,4.16138,0.9280821,3.8621022892980004
18368.406519992277,bench:084b234ef507e9fb,19,5.28656,0.9286194,4.909202175263999
18377.032993012108,bench:084b234ef507e9fb,19,5.358,0.9280821,4.9726638918
18381.170100998133,bench:084b234ef507e9fb,19,4.07208,0.9286194,3.7814124863519996
18388.92635999946,bench:084b234ef507e9fb,19,5.28656,0.9291566,4.912042115296
18393.06463499088,bench:084b234ef507e9fb,19,5.33121,0.9294252,4.954960920492
18397.12172601139,bench:084b234ef507e9fb,19,4.09887,0.9291566,3.808492113042
18401.109984028153,bench:084b234ef507e9fb,19,4.08994,0.9286194,3.7979976288360002
18409.00014899671,bench:084b234ef507e9fb,19,4.16138,0.9291566,3.866573692108
18420.951534993947,bench:084b234ef507e9fb,19,5.41158,0.9280821,5.022390530718
18428.73420100659,bench:084b234ef507e9fb,19,5.34907,0.9304997,4.9773080302790005
18432.80184699688,bench:084b234ef507e9fb,19,4.08101,0.9291566,3.791897376166
18436.73060502624,bench:084b234ef507e9fb,19,4.09887,0.9280821,3.804087877227
18440.67854899913,bench:084b234ef507e9fb,19,4.11673,0.9283507,3.8217691772109994
18444.570511986967,bench:084b234ef507e9fb,19,4.12566,0.9294252,3.8344923706319998
18448.459419014398,bench:084b234ef507e9fb,19,4.1078,0.9283507,3.81347900546
18452.377362991683,bench:084b234ef507e9fb,19,4.12566,0.9286194,3.831167913804
18456.35095401667,bench:084b234ef507e9fb,19,4.09887,0.928888,3.80739115656
18460.260250023566,bench:084b234ef507e9fb,19,4.42035,0.9286194,4.10482276479
18464.180563983973,bench:084b234ef507e9fb,19,4.09887,0.928888,3.80739115656
18468.043490021955,bench:084b234ef507e9fb,19,4.16138,0.9286194,3.8643381987720002
18472.165080020204,bench:084b234ef507e9fb,19,4.11673,0.928888,3.82398109624
18476.08063503867,bench:084b234ef507e9fb,19,4.13459,0.9302311,3.846124203749
18479.9513570033,bench:084b234ef507e9fb,19,4.09887,0.928888,3.80739115656
18483.84087602608,bench:084b234ef507e9fb,19,4.11673,0.9283507,3.8217691772109994
18487.994650029577,bench:084b234ef507e9fb,19,4.08101,0.9286194,3.789705057594
18491.89446499804,bench:084b234ef507e9fb,19,4.39356,0.9280821,4.077584391276
18495.76589098433,bench:084b234ef507e9fb,19,4.09887,0.9294252,3.8095930695239995
18499.660668021534,bench:084b234ef507e9fb,19,4.08101,0.9286194,3.789705057594
18503.56764899334,bench:084b234ef507e9fb,19,4.27747,0.9291566,3.974439481802
18507.545037020463,bench:084b234ef507e9fb,19,4.08994,0.9294252,3.8012933024880002
18516.90713199787,bench:084b234ef507e9fb,19,5.358,0.9291566,4.9784210628
18521.276627026964,bench:084b234ef507e9fb,19,5.42944,0.9291566,5.044800010304
18525.368792004883,bench:084b234ef507e9fb,19,5.41158,0.928888,5.02675172304
18529.358846019022,bench:084b234ef507e9fb,19,5.32228,0.9294252,4.946661153456
18536.884348024614,bench:084b234ef507e9fb,19,5.39372,0.9302311,5.017406088692
18544.92836300051,bench:084b234ef507e9fb,19,5.31335,0.9294252,4.9383613864199996
18548.972713993862,bench:084b234ef507e9fb,19,4.1078,0.9286194,3.81458277132
18553.02908201702,bench:084b234ef507e9fb,19,4.09887,0.928888,3.80739115656
18557.055006036535,bench:084b234ef507e9fb,19,4.16138,0.9299625,3.8699273482500005
18561.06302299304,bench:084b234ef507e9fb,19,4.11673,0.9286194,3.8228753425619995
18564.976004010532,bench:084b234ef507e9fb,19,4.13459,0.9286194,3.839460485046
18568.889799993485,bench:084b234ef507e9fb,19,4.15245,0.9291566,3.85827632367
18572.878242994193,bench:084b234ef507e9fb,19,4.09887,0.9283507,3.805188833709
18576.764076016843,bench:084b234ef507e9fb,19,4.09887,0.928888,3.80739115656
18580.67881700117,bench:084b234ef507e9fb,19,4.13459,0.9286194,3.839460485046
18584.76553700166,bench:084b234ef507e9fb,19,4.08101,0.9286194,3.789705057594
18588.729573006276,bench:084b234ef507e9fb,19,4.08994,0.9294252,3.8012933024880002
18593.23315898655,bench:084b234ef507e9fb,19,4.08101,0.928888,3.7908012168800003
18597.171454981435,bench:084b234ef507e9fb,19,4.1078,0.928888,3.8156861264
18604.86249200767,bench:084b234ef507e9fb,19,4.13459,0.9291566,3.8416815867940004
18612.903081986587,bench:084b234ef507e9fb,19,5.36693,0.9286194,4.983835316442
18617.16118903132,bench:084b234ef507e9fb,19,4.11673,0.928888,3.82398109624
18625.178149028216,bench:084b234ef507e9fb,19,4.42928,0.9286194,4.113115336032
18629.163018020336,bench:084b234ef507e9fb,19,4.11673,0.9286194,3.8228753425619995
18633.085905981716,bench:084b234ef507e9fb,19,4.09887,0.9291566,3.808492113042
18637.062089983374,bench:084b234ef507e9fb,19,4.13459,0.928888,3.8405710359200005
18640.973942005076,bench:084b234ef507e9fb,19,4.13459,0.9291566,3.8416815867940004
18644.92282998981,bench:084b234ef507e9fb,19,4.13459,0.9286194,3.839460485046
18648.806904035155,bench:084b234ef507e9fb,19,4.1078,0.928888,3.8156861264
18652.765921026003,bench:084b234ef507e9fb,19,4.13459,0.9286194,3.839460485046
18656.713735021185,bench:084b234ef507e9fb,19,4.13459,0.9283507,3.8383495207130003
18660.62243800843,bench:084b234ef507e9fb,19,4.14352,0.9326486,3.864448127072
18664.545678999275,bench:084b234ef507e9fb,19,4.1078,0.928888,3.8156861264
18668.503399996553,bench:084b234ef507e9fb,19,4.17031,0.928888,3.87375091528
18672.39525099285,bench:084b234ef507e9fb,19,4.13459,0.928888,3.8405710359200005
18676.287362002768,bench:084b234ef507e9fb,19,4.08994,0.928888,3.7990961867200004
18680.965910025407,bench:084b234ef507e9fb,19,5.28656,0.9286194,4.909202175263999
18684.990779031068,bench:084b234ef507e9fb,19,2.49147,0.9283507,2.312957918529
18691.67465902865,bench:084b234ef507e9fb,19,4.13459,0.928888,3.8405710359200005
18695.622509985697,bench:084b234ef507e9fb,19,2.50933,0.9286194,2.330212519002
18699.603287037462,bench:084b234ef507e9fb,19,3.95599,0.9294252,3.6767967969479995
18703.487805032637,bench:084b234ef507e9fb,19,4.00957,0.9286194,3.723364487658
18707.366916001774,bench:084b234ef507e9fb,19,3.73274,0.928888,3.4672973931200004
18716.917695011944,bench:084b234ef507e9fb,19,5.28656,0.9291566,4.912042115296
18728.936986997724,bench:084b234ef507e9fb,19,5.31335,0.9286194,4.9340798889899995
18736.924021039158,bench:084b234ef507e9fb,19,5.32228,0.9294252,4.946661153456
18744.665910024196,bench:084b234ef507e9fb,19,4.00957,0.928888,3.7244414581600003
18748.833333025686,bench:084b234ef507e9fb,19,3.49163,0.928888,3.24333320744
18755.903283017687,bench:084b234ef507e9fb,19,4.14352,0.9294252,3.8510919047039995
18759.903190017212,bench:084b234ef507e9fb,19,4.14352,0.9294252,3.8510919047039995
18763.882225030102,bench:084b234ef507e9fb,19,4.16138,0.928888,3.8654559454400004
18768.996936036274,bench:084b234ef507e9fb,19,5.34014,0.9291566,4.961826325924
18773.115488991607,bench:084b234ef507e9fb,19,5.34907,0.9283507,4.965812878849
18777.37716998672,bench:084b234ef507e9fb,19,4.12566,0.9291566,3.833384218356
18781.373576028273,bench:084b234ef507e9fb,19,4.13459,0.9294252,3.842792137668
18785.32114898553,bench:084b234ef507e9fb,19,5.40265,0.928888,5.018456753200001
18796.936427010223,bench:084b234ef507e9fb,19,5.42944,0.928888,5.04334166272
18801.233386038803,bench:084b234ef507e9fb,19,5.41158,0.928888,5.02675172304
18805.196218017954,bench:084b234ef507e9fb,19,4.49179,0.928888,4.17236982952
18809.198956994805,bench:084b234ef507e9fb,19,4.09887,0.9291566,3.808492113042
18816.962975019123,bench:084b234ef507e9fb,19,4.15245,0.928888,3.8571609756000003
18828.93130503362,bench:084b234ef507e9fb,19,5.37586,0.928888,4.993571843680001
18840.931801008992,bench:084b234ef507e9fb,19,5.34907,0.928888,4.968686934160001
18845.229945029132,bench:084b234ef507e9fb,19,5.4473,0.928888,5.059931602400001
18852.673985005822,bench:084b234ef507e9fb,19,5.43837,0.9294252,5.054558124923999
18864.971662987955,bench:084b234ef507e9fb,19,5.42051,0.928888,5.035046692880001
18868.993234995287,bench:084b234ef507e9fb,19,5.37586,0.928888,4.993571843680001
18872.980066982564,bench:084b234ef507e9fb,19,4.42928,0.9291566,4.115494745248
18876.976418017875,bench:084b234ef507e9fb,19,4.13459,0.9286194,3.839460485046
18880.912195018027,bench:084b234ef507e9fb,19,4.11673,0.9286194,3.8228753425619995
18884.918953001034,bench:084b234ef507e9fb,19,4.14352,0.9286194,3.8477530562879996
18888.893155031838,bench:084b234ef507e9fb,19,4.13459,0.9291566,3.8416815867940004
18892.884562024847,bench:084b234ef507e9fb,19,4.13459,0.9286194,3.839460485046
18896.805024007335,bench:084b234ef507e9fb,19,4.16138,0.9286194,3.8643381987720002
18900.693245988805,bench:084b234ef507e9fb,19,4.13459,0.9291566,3.8416815867940004
18904.594801017083,bench:084b234ef507e9fb,19,4.14352,0.9294252,3.8510919047039995
18908.52256002836,bench:084b234ef507e9fb,19,4.11673,0.9286194,3.8228753425619995
18912.451800017152,bench:084b234ef507e9fb,19,4.13459,0.9283507,3.8383495207130003
18916.367484023795,bench:084b234ef507e9fb,19,4.42928,0.9286194,4.113115336032
18920.25946598733,bench:084b234ef507e9fb,19,4.11673,0.9286194,3.8228753425619995
18928.90116001945,bench:084b234ef507e9fb,19,5.37586,0.9291566,4.9950157996760005
18940.843138028868,bench:084b234ef507e9fb,19,5.36693,0.9291566,4.986718431238
18944.970079988707,bench:084b234ef507e9fb,19,5.42944,0.9326486,5.063759614784
18948.967467993498,bench:084b234ef507e9fb,19,4.14352,0.9294252,3.8510919047039995
18952.962504001334,bench:084b234ef507e9fb,19,4.1078,0.9296938,3.81899619164
18956.9054840249,bench:084b234ef507e9fb,19,4.14352,0.9291566,3.849978955232
18960.948038031347,bench:084b234ef507e9fb,19,5.34907,0.9283507,4.965812878849
18968.88627699809,bench:084b234ef507e9fb,19,5.42944,0.928888,5.04334166272
18980.929995013867,bench:084b234ef507e9fb,19,4.03636,0.9280821,3.7460734651560004
18988.71482699178,bench:084b234ef507e9fb,19,5.358,0.9286194,4.975542745199999
18992.994101019576,bench:084b234ef507e9fb,19,5.36693,0.9291566,4.986718431238
18997.0251180348,bench:084b234ef507e9fb,19,5.38479,0.928888,5.00186681352
19004.94070898276,bench:084b234ef507e9fb,19,5.40265,0.9294252,5.02135905678
19012.92198401643,bench:084b234ef507e9fb,19,5.358,0.9280821,4.9726638918
19016.93913101917,bench:084b234ef507e9fb,19,5.38479,0.928888,5.00186681352
19024.9062210205,bench:084b234ef507e9fb,19,5.38479,0.9280821,4.9975272112589995
19028.908812033478,bench:084b234ef507e9fb,19,4.15245,0.9286194,3.85604562753
19032.902811013628,bench:084b234ef507e9fb,19,4.21496,0.9286194,3.9140936262239996
19036.87525400892,bench:084b234ef507e9fb,19,4.14352,0.928888,3.8488660057599997
19040.76075402554,bench:084b234ef507e9fb,19,4.15245,0.9286194,3.85604562753
19044.712344999425,bench:084b234ef507e9fb,19,4.14352,0.9294252,3.8510919047039995
19048.5694379895,bench:084b234ef507e9fb,19,4.13459,0.9286194,3.839460485046
19052.45860503055,bench:084b234ef507e9fb,19,4.17924,0.9283507,3.879800379468
19056.9693580037,bench:084b234ef507e9fb,19,5.36693,0.9280821,4.980951664953
19064.62445098441,bench:084b234ef507e9fb,19,5.39372,0.9294252,5.013059289744
19072.62317003915,bench:084b234ef507e9fb,19,5.42051,0.928888,5.035046692880001
19084.932663012296,bench:084b234ef507e9fb,19,5.42944,0.9299625,5.0491755959999995
19092.908624035772,bench:084b234ef507e9fb,19,5.42944,0.9291566,5.044800010304
19100.62514198944,bench:084b234ef507e9fb,19,5.34907,0.9291566,4.970123694362
19105.030507023912,bench:084b234ef507e9fb,19,5.36693,0.9286194,4.983835316442
19109.320337011013,bench:084b234ef507e9fb,19,5.37586,0.9291566,4.9950157996760005
19113.405852986034,bench:084b234ef507e9fb,19,5.42944,0.9286194,5.041883315135999
19117.381869989913,bench:084b234ef507e9fb,19,5.4473,0.928888,5.059931602400001
19121.457757020835,bench:084b234ef507e9fb,19,5.37586,0.9294252,4.996459755672
19125.444200006314,bench:084b234ef507e9fb,19,5.42051,0.9291566,5.036502641866
19129.46406903211,bench:084b234ef507e9fb,19,5.51874,0.9299625,5.13222124725
19133.46275303047,bench:084b234ef507e9fb,19,5.48302,0.9304997,5.101948465094
19140.438297006767,bench:084b234ef507e9fb,19,5.43837,0.928888,5.05163663256
19144.985697988886,bench:084b234ef507e9fb,19,5.40265,0.9280821,5.014102757565
19148.99997401517,bench:084b234ef507e9fb,19,5.39372,0.9326486,5.030445406792
19152.998584031593,bench:084b234ef507e9fb,19,5.38479,0.9280821,4.9975272112589995
19157.034859992564,bench:084b234ef507e9fb,19,5.39372,0.928888,5.01016178336
19161.021859035827,bench:084b234ef507e9fb,19,5.42051,0.9291566,5.036502641866
19168.910172011238,bench:084b234ef507e9fb,19,5.42944,0.9291566,5.044800010304
19173.22759400122,bench:084b234ef507e9fb,19,5.38479,0.928888,5.00186681352
19180.90120499255,bench:084b234ef507e9fb,19,5.39372,0.928888,5.01016178336
19188.925406022463,bench:084b234ef507e9fb,19,5.36693,0.9304997,4.9939267549210005
19192.947590025142,bench:084b234ef507e9fb,19,5.42051,0.9280821,5.030678303871
19200.69142302964,bench:084b234ef507e9fb,19,5.4473,0.9291566,5.0613947471800005
19204.950788989663,bench:084b234ef507e9fb,19,5.45623,0.9286194,5.0667610288619995
19212.92582398746,bench:084b234ef507e9fb,19,5.509809,0.9299625,5.1239157521625
19216.940693033393,bench:084b234ef507e9fb,19,5.42051,0.9280821,5.030678303871
19224.9245980056,bench:084b234ef507e9fb,19,5.43837,0.9291566,5.053097378742
19232.916762004606,bench:084b234ef507e9fb,19,5.50088,0.928888,5.1097014214400005
19236.964908021037,bench:084b234ef507e9fb,19,5.38479,0.9294252,5.0047595227079995
19244.911535992287,bench:084b234ef507e9fb,19,5.358,0.9296938,4.981299380399999
19248.936053016223,bench:084b234ef507e9fb,19,5.42051,0.9291566,5.036502641866
19256.91125402227,bench:084b234ef507e9fb,19,5.42051,0.928888,5.035046692880001
19260.994789015967,bench:084b234ef507e9fb,19,4.14352,0.9304997,3.855544116944
19264.96349100489,bench:084b234ef507e9fb,19,4.15245,0.9283507,3.854929864215
19268.927600991447,bench:084b234ef507e9fb,19,4.22389,0.9286194,3.922386197466
19272.840878984425,bench:084b234ef507e9fb,19,4.13459,0.9291566,3.8416815867940004
19276.76636003889,bench:084b234ef507e9fb,19,4.15245,0.9286194,3.85604562753
19288.934779993724,bench:084b234ef507e9fb,19,5.358,0.9291566,4.9784210628
19296.681280015036,bench:084b234ef507e9fb,19,5.38479,0.9291566,5.0033131681139995
19304.916997032706,bench:084b234ef507e9fb,19,5.38479,0.9291566,5.0033131681139995
19309.04525402002,bench:084b234ef507e9fb,19,3.84883,0.9294252,3.5771995925159996
19313.412156014238,bench:084b234ef507e9fb,19,5.37586,0.9299625,4.9993482052500005
19319.83809400117,bench:084b234ef507e9fb,19,5.12582,0.918949,4.71036716318
19328.916063008364,bench:084b234ef507e9fb,19,5.20619,0.9186804,4.782824711676
19335.66536800936,gap,20,5.40265,0.9280821,5.014102757565
19339.670941000804,gap,20,1.70563,0.928888,1.58433923944
19345.47536703758,gap,20,1.43773,0.8735522,1.255932204506
19349.883768998552,gap,20,1.41987,0.8732836,1.2399491851320001
19356.793757993728,gap,20,1.00909,0.7223192,0.7288850815280001
19360.891645017546,gap,20,0.9912299,0.7220506,0.71571814403294
19364.98442001175,gap,20,1.00016,0.7225879,0.7227035140639999
19369.089251034893,gap,20,0.9912299,0.7223192,0.7159843883840801
19373.177415982354,gap,20,1.00016,0.7223192,0.722434771072
19380.504697037395,gap,20,1.14304,0.8184852,0.9355613230080001
19384.703286981676,gap,20,1.1609,0.8179479,0.94955571711
19391.79340400733,gap,20,1.00016,0.7223192,0.722434771072
19395.876235037576,gap,20,0.9912299,0.7225879,0.71625073185821
19403.211608994752,gap,20,1.1609,0.8184852,0.95017946868
19410.19956098171,gap,20,0.9733699,0.7225879,0.7033453119642099
19414.307558035944,gap,20,0.9733699,0.7225879,0.7033453119642099
19418.42209303286,gap,20,0.9822999,0.7225879,0.70979802191121
19425.766578002367,gap,20,1.14304,0.8179479,0.9349471676159999
19429.953779035714,gap,20,1.13411,0.8182165,0.9279475148149999
19436.974229989573,gap,20,0.9733699,0.7225879,0.7033453119642099
19441.058172029443,gap,20,0.9733699,0.7223192,0.70308376747208
19445.130133011844,gap,20,0.9822999,0.7223192,0.7095340779280801
19452.42765499279,gap,20,1.14304,0.8184852,0.9355613230080001
19459.923508984502,gap,20,0.9822999,0.7225879,0.70979802191121
19464.017099991906,gap,20,0.9733699,0.7223192,0.70308376747208
19468.080357008148,gap,20,0.9822999,0.7228564,0.71006176943436
19472.178891999647,gap,20,0.9733699,0.721782,0.7025608731618
19479.476822016295,gap,20,1.14304,0.8184852,0.9355613230080001
19485.59746699175,gap,20,0.96444,0.7225879,0.6968926742759999
19490.130071004387,gap,20,0.96444,0.7225879,0.6968926742759999
19494.200384011492,gap,20,0.96444,0.7225879,0.6968926742759999
19498.267807997763,gap,20,0.96444,0.7223192,0.696633529248
19502.35878699459,gap,20,0.9733699,0.7225879,0.7033453119642099
19506.413063034415,gap,20,1.00016,0.7225879,0.7227035140639999
19510.471858025994,gap,20,1.15197,0.7223192,0.8320900488240001
19514.547282014973,gap,20,0.95551,0.7225879,0.6904399643289999
19520.78836999135,gap,20,1.14304,0.8182165,0.93525418816
19525.489880004898,gap,20,1.14304,0.8184852,0.9355613230080001
19532.504961011,gap,20,0.96444,0.7225879,0.6968926742759999
19540.19779502414,gap,20,1.13411,0.8187538,0.928556872118
19544.336143997498,gap,20,1.15197,0.8179479,0.9422514423629998
19550.455807009712,gap,20,1.58061,0.7225879,1.142129660619
19554.974670987576,gap,20,0.95551,0.7225879,0.6904399643289999
19559.05809503747,gap,20,0.96444,0.7225879,0.6968926742759999
19563.117686018813,gap,20,0.9465799,0.7223192,0.6837328361040801
19567.175017029513,gap,20,0.95551,0.7228564,0.690696518764
19571.226497006137,gap,20,0.96444,0.7223192,0.696633529248
19575.293773028534,gap,20,0.96444,0.7225879,0.6968926742759999
19579.351845022757,gap,20,0.96444,0.7223192,0.696633529248
19583.41801003553,gap,20,0.96444,0.7225879,0.6968926742759999
19587.501656031236,gap,20,0.96444,0.7223192,0.696633529248
19594.810178037733,gap,20,1.12518,0.8179479,0.920338618122
19601.886277028825,gap,20,0.96444,0.7225879,0.6968926742759999
19605.9587560012,gap,20,0.9733699,0.7225879,0.7033453119642099
19610.02262501279,gap,20,0.9465799,0.7223192,0.6837328361040801
19614.09895599354,gap,20,0.96444,0.7223192,0.696633529248
19625.402181001846,gap,20,1.13411,0.8182165,0.9279475148149999
19632.412780018058,gap,20,0.96444,0.7220506,0.696374480664
19640.201280009933,gap,20,1.12518,0.8182165,0.92064084147
19644.348221016116,gap,20,1.12518,0.8184852,0.9209431773360001
19651.41987602692,gap,20,0.9465799,0.7228564,0.68424133882636
19655.512836005073,gap,20,0.93765,0.7223192,0.67728259788
19659.57213100046,gap,20,0.96444,0.7223192,0.696633529248
19663.636055018287,gap,20,0.96444,0.7223192,0.696633529248
19667.69294202095,gap,20,0.95551,0.7225879,0.6904399643289999
19671.759421005845,gap,20,0.96444,0.7220506,0.696374480664
19675.842122989707,gap,20,0.95551,0.7225879,0.6904399643289999
19679.975546023343,gap,20,0.95551,0.7225879,0.6904399643289999
19687.326327024493,gap,20,1.0716,0.8182165,0.8768008014
19693.042605998926,gap,20,1.08946,0.8187538,0.891999514948
19699.199731985573,gap,20,1.35736,0.9286194,1.2604708287839999
19704.93265800178,gap,20,1.33057,0.9286194,1.235593115058
19709.513707028236,gap,20,1.33057,0.9283507,1.235235590899
19716.462381009478,gap,20,1.36629,0.9286194,1.268763400026
19720.66937800264,gap,20,1.36629,0.9283507,1.268396277903
19724.849838006776,gap,20,1.34843,0.9286194,1.252178257542
19731.639236037154,gap,20,1.33057,0.928888,1.23595050616
19735.758752038237,gap,20,1.33057,0.928888,1.23595050616
19739.881971036084,gap,20,1.3395,0.9283507,1.2435257626499998
19744.018895027693,gap,20,1.32164,0.9286194,1.2273005438159998
19748.12030000612,gap,20,1.33057,0.928888,1.23595050616
19752.247371012345,gap,20,1.33057,0.9283507,1.235235590899
19758.205018006265,gap,20,1.37522,0.9286194,1.277055971268
19762.92075001402,gap,20,1.35736,0.9283507,1.2601061061519998
19771.190504019614,gap,20,1.12518,0.8179479,0.920338618122
19778.281509992667,gap,20,0.96444,0.7225879,0.6968926742759999
19782.383729994763,gap,20,1.41094,0.7223192,1.0191490520480002
19786.51174600236,gap,20,0.9733699,0.7228564,0.70360666178236
19793.80604601465,gap,20,1.12518,0.8184852,0.9209431773360001
19800.828461011406,gap,20,0.9465799,0.7223192,0.6837328361040801
19804.90979203023,gap,20,0.95551,0.7225879,0.6904399643289999
19808.988790027797,gap,20,0.9465799,0.7223192,0.6837328361040801
19813.05301003158,gap,20,0.95551,0.7220506,0.689926568806
19817.12380400859,gap,20,0.9287199,0.7225879,0.67108176222921
19824.47625201894,gap,20,1.12518,0.8184852,0.9209431773360001
19828.632249031216,gap,20,1.11625,0.8184852,0.9136341045
19836.501340032555,gap,20,0.95551,0.7225879,0.6904399643289999
19845.208942017052,gap,20,1.14304,0.8184852,0.9355613230080001
19859.99248502776,gap,20,1.13411,0.8184852,0.928252250172
19868.07140801102,gap,20,0.96444,0.7225879,0.6968926742759999
19875.37148600677,gap,20,1.10732,0.8184852,0.9063250316640001
19891.234186012298,gap,20,1.12518,0.8179479,0.920338618122
19898.57130002929,gap,20,1.1609,0.8327221,0.9667070858900001
19903.163738024887,gap,20,1.16983,0.8332592,0.9747716099359999
19907.26738399826,gap,20,1.17876,0.8332592,0.982212614592
19911.361232982017,gap,20,1.16983,0.8329906,0.974457393598
19917.38808300579,gap,20,0.96444,0.7223192,0.696633529248
19921.90502100857,gap,20,0.9465799,0.7225879,0.68398718212321
19925.997796002775,gap,20,0.93765,0.7228564,0.6777863034599999
19930.10714603588,gap,20,0.93765,0.7225879,0.6775345444349999
19936.333123012446,gap,20,1.11625,0.8184852,0.9136341045
19941.04117102688,gap,20,1.14304,0.8176794,0.934640261376
19948.051344021223,gap,20,0.9465799,0.7225879,0.68398718212321
19952.119952999055,gap,20,0.9465799,0.7225879,0.68398718212321
19959.41838301951,gap,20,1.11625,0.8184852,0.9136341045
19966.49985201657,gap,20,0.9733699,0.7225879,0.7033453119642099
19970.58416501386,gap,20,0.9465799,0.7225879,0.68398718212321
19974.659070023336,gap,20,0.9465799,0.7223192,0.6837328361040801
19982.014592038468,gap,20,1.14304,0.8179479,0.9349471676159999
19989.09063602332,gap,20,0.9465799,0.7223192,0.6837328361040801
19993.197522009723,gap,20,0.9465799,0.7225879,0.68398718212321
19997.276760987006,gap,20,0.9465799,0.7225879,0.68398718212321
20001.35555502493,gap,20,0.9465799,0.7223192,0.6837328361040801
20005.420905014034,gap,20,0.9465799,0.7223192,0.6837328361040801
20009.503717010375,gap,20,0.9465799,0.7228564,0.68424133882636
20013.58456700109,gap,20,0.9465799,0.7223192,0.6837328361040801
20017.681602039374,gap,20,0.9465799,0.7225879,0.68398718212321
20021.75650699064,gap,20,0.9287199,0.7223192,0.67083221519208
20025.81491303863,gap,20,0.9287199,0.7223192,0.67083221519208
20029.876540007535,gap,20,0.9465799,0.7225879,0.68398718212321
20033.9475570363,gap,20,0.9465799,0.7223192,0.6837328361040801
20038.048110029195,gap,20,0.91979,0.7223192,0.664381976968
20042.131107999012,gap,20,0.9465799,0.7225879,0.68398718212321
20046.197310031857,gap,20,0.9465799,0.7225879,0.68398718212321
20050.279271032196,gap,20,0.9465799,0.7228564,0.68424133882636
20054.33041701326,gap,20,0.9465799,0.7223192,0.6837328361040801
20058.418711007107,gap,20,0.9465799,0.7225879,0.68398718212321
20062.486634997185,gap,20,0.9733699,0.7225879,0.7033453119642099
20066.547966038343,gap,20,0.95551,0.7225879,0.6904399643289999
20070.604261010885,gap,20,0.9465799,0.7225879,0.68398718212321
20074.677722004708,gap,20,0.95551,0.7228564,0.690696518764
20078.735646035057,gap,20,0.9465799,0.7225879,0.68398718212321
20082.799625000916,gap,20,0.95551,0.7223192,0.6901832187920001
20086.88199298922,gap,20,0.9465799,0.7223192,0.6837328361040801
20090.95962101128,gap,20,0.9465799,0.7225879,0.68398718212321
20095.037025981583,gap,20,0.96444,0.7225879,0.6968926742759999
20099.09182100091,gap,20,0.9465799,0.7223192,0.6837328361040801
20103.144115011673,gap,20,0.93765,0.7223192,0.67728259788
20107.205595006235,gap,20,0.9465799,0.7225879,0.68398718212321
20111.26985203009,gap,20,0.95551,0.7223192,0.6901832187920001
20115.37573899841,gap,20,0.9465799,0.7225879,0.68398718212321
20121.66125199292,gap,20,1.12518,0.8184852,0.9209431773360001
20126.373225997668,gap,20,1.09839,0.8182165,0.898720821435
20133.459269010928,gap,20,0.9465799,0.7225879,0.68398718212321
20137.518081988674,gap,20,0.9465799,0.7223192,0.6837328361040801
20141.59470901359,gap,20,0.9465799,0.7225879,0.68398718212321
20145.67978103878,gap,20,0.9465799,0.7223192,0.6837328361040801
20149.76561203366,gap,20,0.9465799,0.7220506,0.68347858474294
20153.844202985056,gap,20,0.9287199,0.7225879,0.67108176222921
20157.903868006542,gap,20,0.9287199,0.7225879,0.67108176222921
20161.953421018552,gap,20,0.9465799,0.7220506,0.68347858474294
20166.0193449934,gap,20,0.9465799,0.7223192,0.6837328361040801
20170.059714000672,gap,20,0.93765,0.7228564,0.6777863034599999
20174.1252670181,gap,20,0.9465799,0.7225879,0.68398718212321
20178.181821014732,gap,20,0.96444,0.7223192,0.696633529248
20182.26498598233,gap,20,0.93765,0.7225879,0.6775345444349999
20186.32494698977,gap,20,0.9465799,0.7223192,0.6837328361040801
20190.38157403702,gap,20,0.93765,0.7223192,0.67728259788
20194.451368995942,gap,20,1.72349,0.7223192,1.244909918008
20198.54003301589,gap,20,0.9465799,0.7223192,0.6837328361040801
20202.615419984795,gap,20,0.9465799,0.7223192,0.6837328361040801
20206.78119501099,gap,20,0.93765,0.7225879,0.6775345444349999
20213.080541987438,gap,20,1.11625,0.8182165,0.913334168125
20217.799756035674,gap,20,1.10732,0.8179479,0.905730068628
20224.890484008938,gap,20,0.9465799,0.7225879,0.68398718212321
20228.972889017314,gap,20,0.9465799,0.7223192,0.6837328361040801
20233.064664993435,gap,20,0.9465799,0.7223192,0.6837328361040801
20237.151644018013,gap,20,0.9465799,0.7220506,0.68347858474294
20241.22745700879,gap,20,0.9465799,0.7225879,0.68398718212321
20248.581886000466,gap,20,1.11625,0.8179479,0.9130343433749999
20252.759734983556,gap,20,1.11625,0.8182165,0.913334168125
20259.8109820392,gap,20,0.9465799,0.7225879,0.68398718212321
20275.375833036378,gap,20,0.93765,0.7225879,0.6775345444349999
20282.705300021917,gap,20,1.10732,0.8184852,0.9063250316640001
20310.470922035165,gap,20,1.41987,0.8182165,1.161761061855
20317.488707019947,gap,20,0.93765,0.7223192,0.67728259788
20321.60807400942,gap,20,0.93765,0.7225879,0.6775345444349999
20325.699442997575,gap,20,0.9465799,0.7225879,0.68398718212321
20329.776792030316,gap,20,0.9287199,0.7223192,0.67083221519208
20333.829641982447,gap,20,0.91979,0.7225879,0.664629124541
20337.9051029915,gap,20,0.9465799,0.7223192,0.6837328361040801
20341.97634202428,gap,20,0.9465799,0.7225879,0.68398718212321
20346.052766020875,gap,20,0.9465799,0.7223192,0.6837328361040801
20350.10639403481,gap,20,0.9287199,0.7225879,0.67108176222921
20354.188984027132,gap,20,0.9465799,0.7228564,0.68424133882636
20358.24789002072,gap,20,0.9287199,0.7223192,0.67083221519208
20362.30496200733,gap,20,0.9465799,0.7223192,0.6837328361040801
20366.363071021624,gap,20,0.9465799,0.7225879,0.68398718212321
20370.428939000703,gap,20,1.14304,0.7220506,0.825332717824
20374.503252038267,gap,20,0.9733699,0.723125,0.7038681089375001
20378.586934995838,gap,20,0.9465799,0.7225879,0.68398718212321
20382.635748013854,gap,20,0.9465799,0.7228564,0.68424133882636
20388.935614028014,gap,20,1.11625,0.8184852,0.9136341045
20393.638290988747,gap,20,1.09839,0.8187538,0.8993109863819999
20401.07847901527,bench:4086332912da2667,21,1.50024,0.7225879,1.0840552710959999
20408.21398398839,bench:4086332912da2667,21,2.36645,0.8888636,2.10345126622
20412.501238984987,bench:4086332912da2667,21,2.42003,0.8883263,2.149776295789
20419.06754701631,bench:4086332912da2667,21,2.79509,0.928888,2.5963255599200004
20423.212488007266,bench:4086332912da2667,21,2.82188,0.9286194,2.620452512472
20427.30991198914,bench:4086332912da2667,21,2.83974,0.9291566,2.638563163284
20434.085199027322,bench:4086332912da2667,21,2.42003,0.8888636,2.151076577908
20440.64658001298,bench:4086332912da2667,21,2.84867,0.9286194,2.645330226198
20444.878557987977,bench:4086332912da2667,21,2.83081,0.9294252,2.631026150412
20448.9760370343,bench:4086332912da2667,21,2.83974,0.9291566,2.638563163284
20453.054460987914,bench:4086332912da2667,21,2.83974,0.9294252,2.6393259174479997
20457.111941010226,bench:4086332912da2667,21,2.8576,0.928888,2.6543903488000002
20461.127625021618,bench:4086332912da2667,21,2.84867,0.9286194,2.645330226198
20467.69519103691,bench:4086332912da2667,21,2.75044,0.9178746,2.5245590148240002
20471.860096033197,bench:4086332912da2667,21,2.73258,0.9184118,2.509633716444
20477.452152990736,bench:4086332912da2667,21,2.8576,0.928888,2.6543903488000002
20481.589725008234,bench:4086332912da2667,21,2.8576,0.9286194,2.65362279744
20485.718554991763,bench:4086332912da2667,21,2.88439,0.9286194,2.678500511166
20489.811496983748,bench:4086332912da2667,21,2.83081,0.9291566,2.630265794846
20493.91179101076,bench:4086332912da2667,21,2.83081,0.9283507,2.627984445067
20497.98590102,bench:4086332912da2667,21,2.84867,0.9283507,2.644564788569
20502.020546991844,bench:4086332912da2667,21,2.83974,0.9280821,2.635511862654
20506.05591601925,bench:4086332912da2667,21,2.83081,0.9286194,2.628745083714
20510.13450603932,bench:4086332912da2667,21,2.81295,0.928888,2.6129154996
20514.18876403477,bench:4086332912da2667,21,2.84867,0.928888,2.64609537896
20518.24674301315,bench:4086332912da2667,21,2.83974,0.9291566,2.638563163284
20522.283111989964,bench:4086332912da2667,21,2.87546,0.9286194,2.670207939924
20526.3259250205,bench:4086332912da2667,21,2.8576,0.9283507,2.65285496032
20530.39433003869,bench:4086332912da2667,21,2.83081,0.9291566,2.630265794846
20534.481643000618,bench:4086332912da2667,21,2.89332,0.928888,2.6875702281600002
20538.560789020266,bench:4086332912da2667,21,2.90225,0.9286194,2.69508565365
20542.69665700849,bench:4086332912da2667,21,2.8576,0.9286194,2.65362279744
20546.79406201467,bench:4086332912da2667,21,2.84867,0.9286194,2.645330226198
20553.283647983335,bench:4086332912da2667,21,2.72365,0.918949,2.50289544385
20557.424922997598,bench:4086332912da2667,21,2.73258,0.9192177,2.511835902666
20563.875249994453,bench:4086332912da2667,21,2.88439,0.928888,2.67927525832
20567.962729022838,bench:4086332912da2667,21,2.82188,0.928888,2.6212104694400002
20572.002209024504,bench:4086332912da2667,21,2.91118,0.928888,2.70416016784
20576.032985001802,bench:4086332912da2667,21,2.8576,0.9286194,2.65362279744
20580.114112002775,bench:4086332912da2667,21,2.89332,0.928888,2.6875702281600002
20584.225814032834,bench:4086332912da2667,21,2.8576,0.9291566,2.6551579001600003
20588.36788503686,bench:4086332912da2667,21,2.8576,0.9286194,2.65362279744
20592.44605002459,bench:4086332912da2667,21,2.83974,0.9286194,2.637037654956
20596.5168250259,bench:4086332912da2667,21,2.8576,0.9280821,2.6520874089600004
20600.698526017368,bench:4086332912da2667,21,2.84867,0.9286194,2.645330226198
20604.787838994525,bench:4086332912da2667,21,2.87546,0.9294252,2.6725249855919997
20608.900150982663,bench:4086332912da2667,21,2.84867,0.928888,2.64609537896
20613.01970400382,bench:4086332912da2667,21,2.83974,0.9280821,2.635511862654
20619.902952981647,bench:4086332912da2667,21,2.72365,0.9192177,2.503627288605
20628.04009701358,bench:4086332912da2667,21,2.72365,0.918949,2.50289544385
20633.660950988997,bench:4086332912da2667,21,2.84867,0.928888,2.64609537896
20637.83207698725,bench:4086332912da2667,21,2.89332,0.928888,2.6875702281600002
20641.94124098867,bench:4086332912da2667,21,2.86653,0.9280821,2.660375182113
20646.090127993375,bench:4086332912da2667,21,2.80402,0.928888,2.60462052976
20650.12960700551,bench:4086332912da2667,21,2.84867,0.9280821,2.643799635807
20654.224827012513,bench:4086332912da2667,21,2.8576,0.928888,2.6543903488000002
20658.316324988846,bench:4086332912da2667,21,2.92011,0.9283507,2.710886162577
20662.39895299077,bench:4086332912da2667,21,2.86653,0.9294252,2.664225218556
20666.47274699062,bench:4086332912da2667,21,2.84867,0.9286194,2.645330226198
20670.492097036913,bench:4086332912da2667,21,2.92011,0.9286194,2.7116707961340003
20674.599964986555,bench:4086332912da2667,21,2.92011,0.9280821,2.7101018210310004
20678.694611007813,bench:4086332912da2667,21,2.84867,0.9286194,2.645330226198
20682.808996993117,bench:4086332912da2667,21,2.81295,0.928888,2.6129154996
20689.47326700436,bench:4086332912da2667,21,2.83081,0.9291566,2.630265794846
20693.557339021936,bench:4086332912da2667,21,2.75937,0.928888,2.5631456805600004
20697.60357803898,bench:4086332912da2667,21,2.77723,0.9291566,2.580481584218
20703.765537007712,bench:4086332912da2667,21,2.77723,0.928888,2.57973562024
20707.843590993434,bench:4086332912da2667,21,2.66114,0.928888,2.47190101232
20712.014680029824,bench:4086332912da2667,21,2.68793,0.9291566,2.4975078998380003
20716.167417995166,bench:4086332912da2667,21,2.65221,0.9291566,2.4643184260860003
20722.10650902707,bench:4086332912da2667,21,2.75044,0.928888,2.5548507107200003
20726.126119028777,bench:4086332912da2667,21,2.73258,0.9286194,2.537526800052
20730.153431999497,bench:4086332912da2667,21,2.75937,0.928888,2.5631456805600004
20734.246300009545,bench:4086332912da2667,21,2.75044,0.9280821,2.5526341311240004
20740.263223997317,bench:4086332912da2667,21,2.67007,0.9286194,2.479478801358
20744.39786898438,bench:4086332912da2667,21,2.66114,0.9291566,2.472615794524
20748.54638503166,bench:4086332912da2667,21,2.69686,0.9283507,2.503631868802
20754.566383024212,bench:4086332912da2667,21,2.67007,0.9186804,2.4529409756279996
20759.738704015035,bench:4086332912da2667,21,2.75044,0.9184118,2.526036551192
20765.236632025335,bench:4086332912da2667,21,2.87546,0.9286194,2.670207939924
20769.447517988738,bench:4086332912da2667,21,2.86653,0.928888,2.6626853186400004
20773.53636798216,bench:4086332912da2667,21,2.86653,0.9291566,2.663455268598
20777.624921000097,bench:4086332912da2667,21,2.92904,0.9283507,2.719176334328
20784.057951997966,bench:4086332912da2667,21,2.75044,0.9184118,2.526036551192
20789.664342009928,bench:4086332912da2667,21,2.88439,0.928888,2.67927525832
20793.825043016113,bench:4086332912da2667,21,2.87546,0.9283507,2.669435303822
20797.96850401908,bench:4086332912da2667,21,2.83974,0.9286194,2.637037654956
20802.09879699396,bench:4086332912da2667,21,2.83974,0.928888,2.63780040912
20807.724928017706,bench:4086332912da2667,21,2.70579,0.9186804,2.4857562395159998
20811.96998001542,bench:4086332912da2667,21,2.75937,0.9186804,2.534979135348
20817.66238901764,bench:4086332912da2667,21,2.89332,0.928888,2.6875702281600002
20821.884700038936,bench:4086332912da2667,21,2.81295,0.9286194,2.61215994123
20825.98338299431,bench:4086332912da2667,21,2.88439,0.928888,2.67927525832
20830.015400017146,bench:4086332912da2667,21,2.89332,0.928888,2.6875702281600002
20834.093304991256,bench:4086332912da2667,21,2.89332,0.928888,2.6875702281600002
20838.196006021462,bench:4086332912da2667,21,2.87546,0.928888,2.67098028848
20844.665074022487,bench:4086332912da2667,21,2.72365,0.9184118,2.50143229907
20851.444435014855,bench:4086332912da2667,21,2.89332,0.9294252,2.689124519664
20855.650413024705,bench:4086332912da2667,21,2.8576,0.9283507,2.65285496032
20859.723948000465,bench:4086332912da2667,21,2.88439,0.928888,2.67927525832
20863.831667986233,bench:4086332912da2667,21,2.87546,0.928888,2.67098028848
20870.353327016346,bench:4086332912da2667,21,2.77723,0.9186804,2.5513867672919996
20874.56447200384,bench:4086332912da2667,21,2.74151,0.9194863,2.5207808863129997
20880.094382038806,bench:4086332912da2667,21,2.83974,0.928888,2.63780040912
20884.338859992567,bench:4086332912da2667,21,2.86653,0.9283507,2.661145132071
20889.774048991967,bench:4086332912da2667,21,2.74151,0.9186804,2.518571503404
20894.18091403786,bench:4086332912da2667,21,2.75044,0.9192177,2.5282531307880003
20900.593519036192,bench:4086332912da2667,21,2.88439,0.928888,2.67927525832
20904.79762700852,bench:4086332912da2667,21,2.86653,0.9294252,2.664225218556
20908.960050030146,bench:4086332912da2667,21,2.86653,0.928888,2.6626853186400004
20913.10321399942,bench:4086332912da2667,21,2.89332,0.9283507,2.686015647324
20917.231970001012,bench:4086332912da2667,21,2.83081,0.9291566,2.630265794846
20923.63148299046,bench:4086332912da2667,21,2.73258,0.9186804,2.510367687432
20927.88334999932,bench:4086332912da2667,21,2.75044,0.9192177,2.5282531307880003
20933.4742029896,bench:4086332912da2667,21,2.87546,0.9291566,2.671752637036
20937.688403995708,bench:4086332912da2667,21,2.88439,0.928888,2.67927525832
20941.8155309977,bench:4086332912da2667,21,2.89332,0.9294252,2.689124519664
20945.927102002315,bench:4086332912da2667,21,2.84867,0.928888,2.64609537896
20952.360077993944,bench:4086332912da2667,21,2.72365,0.9186804,2.50216387146
20956.546186003834,bench:4086332912da2667,21,2.75044,0.9184118,2.526036551192
20960.696979018394,bench:4086332912da2667,21,2.7683,0.918949,2.5439265167
20966.711902990937,bench:4086332912da2667,21,2.87546,0.9291566,2.671752637036
20970.945713983383,bench:4086332912da2667,21,2.83974,0.9286194,2.637037654956
20975.05704499781,bench:4086332912da2667,21,2.86653,0.9286194,2.661915368682
20979.07156200381,bench:4086332912da2667,21,2.87546,0.9286194,2.670207939924
20983.18909702357,bench:4086332912da2667,21,2.89332,0.9291566,2.6883473739120003
20987.27109399624,bench:4086332912da2667,21,2.88439,0.9286194,2.678500511166
20991.350536991376,bench:4086332912da2667,21,2.88439,0.9283507,2.677725475573
20995.504589984193,bench:4086332912da2667,21,2.87546,0.9294252,2.6725249855919997
20999.601198011078,bench:4086332912da2667,21,2.87546,0.9286194,2.670207939924
21003.74556600582,bench:4086332912da2667,21,2.86653,0.9286194,2.661915368682
21009.42091899924,bench:4086332912da2667,21,2.70579,0.918949,2.48648301471
21013.658675015904,bench:4086332912da2667,21,2.75044,0.9192177,2.5282531307880003
21020.026538986713,bench:4086332912da2667,21,2.87546,0.9294252,2.6725249855919997
21024.166833027266,bench:4086332912da2667,21,2.88439,0.9286194,2.678500511166
21029.754908988252,bench:4086332912da2667,21,2.75044,0.9184118,2.526036551192
21034.064423001837,bench:4086332912da2667,21,2.73258,0.9184118,2.509633716444
21040.41584400693,bench:4086332912da2667,21,2.84867,0.9286194,2.645330226198
21044.68850599369,bench:4086332912da2667,21,2.87546,0.9286194,2.670207939924
21048.939872998744,bench:4086332912da2667,21,2.83974,0.9286194,2.637037654956
21055.776714987587,bench:4086332912da2667,21,2.29501,0.8740894,2.006043913894
21060.15389499953,bench:4086332912da2667,21,2.28608,0.8735522,1.9970102133760002
21065.909783996176,bench:4086332912da2667,21,2.74151,0.9184118,2.517835133818
21070.234780025203,bench:4086332912da2667,21,2.70579,0.9186804,2.4857562395159998
21076.579366985243,bench:4086332912da2667,21,2.87546,0.9283507,2.669435303822
21080.65684698522,bench:4086332912da2667,21,2.87546,0.9286194,2.670207939924
21084.712270996533,bench:4086332912da2667,21,2.8576,0.928888,2.6543903488000002
21088.767657987773,bench:4086332912da2667,21,2.8576,0.9286194,2.65362279744
21092.82830398297,bench:4086332912da2667,21,2.86653,0.9286194,2.661915368682
21096.911413013004,bench:4086332912da2667,21,2.86653,0.9286194,2.661915368682
21101.011872990057,bench:4086332912da2667,21,2.8576,0.9286194,2.65362279744
21105.039076006506,bench:4086332912da2667,21,2.88439,0.9286194,2.678500511166
21109.047667006962,bench:4086332912da2667,21,2.84867,0.9286194,2.645330226198
21113.10073902132,bench:4086332912da2667,21,2.86653,0.9291566,2.663455268598
21117.127867008094,bench:4086332912da2667,21,2.87546,0.9283507,2.669435303822
21121.14568002289,bench:4086332912da2667,21,2.88439,0.9283507,2.677725475573
21125.220882007852,bench:4086332912da2667,21,2.88439,0.9291566,2.680050005474
21129.202287993394,bench:4086332912da2667,21,2.8576,0.9286194,2.65362279744
21133.221879019402,bench:4086332912da2667,21,2.84867,0.928888,2.64609537896
21137.280118011404,bench:4086332912da2667,21,2.8576,0.9291566,2.6551579001600003
21141.348820005078,bench:4086332912da2667,21,2.88439,0.9294252,2.680824752628
21145.380706992,bench:4086332912da2667,21,2.8576,0.9286194,2.65362279744
21149.605352024082,bench:4086332912da2667,21,2.88439,0.928888,2.67927525832
21153.678775008302,bench:4086332912da2667,21,2.86653,0.9286194,2.661915368682
21157.73314400576,bench:4086332912da2667,21,2.86653,0.9294252,2.664225218556
21161.794179002754,bench:4086332912da2667,21,2.88439,0.9286194,2.678500511166
21165.7656779862,bench:4086332912da2667,21,2.87546,0.928888,2.67098028848
21169.76895398693,bench:4086332912da2667,21,2.89332,0.9286194,2.686793082408
21173.842656018678,bench:4086332912da2667,21,2.83974,0.928888,2.63780040912
21177.927709009964,bench:4086332912da2667,21,2.87546,0.9286194,2.670207939924
21181.995893013664,bench:4086332912da2667,21,2.86653,0.928888,2.6626853186400004
21186.084113025572,bench:4086332912da2667,21,2.88439,0.9286194,2.678500511166
21190.174703020602,bench:4086332912da2667,21,2.88439,0.9294252,2.680824752628
21194.25445998786,bench:4086332912da2667,21,2.88439,0.928888,2.67927525832
21198.324550990947,bench:4086332912da2667,21,2.86653,0.928888,2.6626853186400004
21202.37516000634,bench:4086332912da2667,21,2.87546,0.9280821,2.668662955266
21206.460954039358,bench:4086332912da2667,21,2.86653,0.9286194,2.661915368682
21210.489896999206,bench:4086332912da2667,21,2.8576,0.9283507,2.65285496032
21214.57263600314,bench:4086332912da2667,21,2.92011,0.9286194,2.7116707961340003
21218.631078023463,bench:4086332912da2667,21,2.86653,0.9286194,2.661915368682
21222.72298298776,bench:4086332912da2667,21,2.89332,0.9286194,2.686793082408
21226.817333023064,bench:4086332912da2667,21,2.8576,0.9291566,2.6551579001600003
21230.855775997043,bench:4086332912da2667,21,2.89332,0.928888,2.6875702281600002
21234.914829023182,bench:4086332912da2667,21,2.88439,0.9286194,2.678500511166
21238.967715995386,bench:4086332912da2667,21,2.86653,0.928888,2.6626853186400004
21243.033474020194,bench:4086332912da2667,21,2.87546,0.9291566,2.671752637036
21247.15460103471,bench:4086332912da2667,21,2.87546,0.9280821,2.668662955266
21251.2239140342,bench:4086332912da2667,21,2.84867,0.9286194,2.645330226198
21255.31418900937,bench:4086332912da2667,21,2.84867,0.928888,2.64609537896
21259.40574199194,bench:4086332912da2667,21,2.84867,0.928888,2.64609537896
21263.533388031647,bench:4086332912da2667,21,2.8576,0.928888,2.6543903488000002
21267.563793982845,bench:4086332912da2667,21,2.86653,0.928888,2.6626853186400004
21271.601829037536,bench:4086332912da2667,21,2.89332,0.9291566,2.6883473739120003
21275.692308030557,bench:4086332912da2667,21,2.88439,0.928888,2.67927525832
21279.78219499346,bench:4086332912da2667,21,2.86653,0.9291566,2.663455268598
21283.85926701594,bench:4086332912da2667,21,2.87546,0.9280821,2.668662955266
21287.95754298335,bench:4086332912da2667,21,2.87546,0.9294252,2.6725249855919997
21292.077410034835,bench:4086332912da2667,21,2.84867,0.928888,2.64609537896
21296.153426985256,bench:4086332912da2667,21,2.83974,0.9286194,2.637037654956
21300.24546198547,bench:4086332912da2667,21,2.91118,0.9294252,2.7057240537359997
21304.34688500827,bench:4086332912da2667,21,2.87546,0.9280821,2.668662955266
21308.452641998883,bench:4086332912da2667,21,2.90225,0.9291566,2.69664474235
21312.62386101298,bench:4086332912da2667,21,2.86653,0.928888,2.6626853186400004
21316.720006987453,bench:4086332912da2667,21,2.86653,0.9283507,2.661145132071
21320.826431037858,bench:4086332912da2667,21,2.8576,0.9286194,2.65362279744
21326.495599001646,bench:4086332912da2667,21,2.74151,0.918949,2.51930787299
21330.744984035846,bench:4086332912da2667,21,2.72365,0.9194863,2.504358860995
21337.14570000302,bench:4086332912da2667,21,2.88439,0.928888,2.67927525832
21341.20675403392,bench:4086332912da2667,21,2.84867,0.9291566,2.646860531722
21345.323881017976,bench:4086332912da2667,21,2.87546,0.9286194,2.670207939924
21351.77956003463,bench:4086332912da2667,21,2.73258,0.9197549,2.513303844642
21355.899483023677,bench:4086332912da2667,21,2.74151,0.9186804,2.518571503404
21361.418818996754,bench:4086332912da2667,21,2.88439,0.9283507,2.677725475573
21365.664315002505,bench:4086332912da2667,21,2.87546,0.9286194,2.670207939924
21369.75162802264,bench:4086332912da2667,21,2.84867,0.9283507,2.644564788569
21373.87603300158,bench:4086332912da2667,21,2.90225,0.9291566,2.69664474235
21377.988844993524,bench:4086332912da2667,21,2.87546,0.9291566,2.671752637036
21382.05786200706,bench:4086332912da2667,21,2.8576,0.9291566,2.6551579001600003
21386.09110098332,bench:4086332912da2667,21,2.8576,0.9283507,2.65285496032
21390.239764994476,bench:4086332912da2667,21,2.86653,0.9286194,2.661915368682
21394.28541099187,bench:4086332912da2667,21,2.86653,0.9291566,2.663455268598
21398.235077038407,gap,22,2.58077,0.9286194,2.3965530889379996
21403.916837007273,gap,22,1.50024,0.9031004,1.354867344096
21408.237314026337,gap,22,1.49131,0.9036377,1.347603938387
21415.223914023954,gap,22,0.96444,0.7223192,0.696633529248
21419.347874005325,gap,22,0.96444,0.7223192,0.696633529248
21423.453908995725,gap,22,0.96444,0.7225879,0.6968926742759999
21427.52444400685,gap,22,0.96444,0.7225879,0.6968926742759999
21434.89946599584,gap,22,1.11625,0.8187538,0.9139339292499999
21441.979324037675,gap,22,0.96444,0.7225879,0.6968926742759999
21446.062044007704,gap,22,0.9465799,0.7223192,0.6837328361040801
21450.132468016818,gap,22,0.95551,0.7223192,0.6901832187920001
21454.209132003598,gap,22,0.96444,0.7225879,0.6968926742759999
21461.52426599292,gap,22,1.12518,0.8182165,0.92064084147
21468.52736501023,gap,22,0.96444,0.7225879,0.6968926742759999
21476.218458032236,gap,22,1.12518,0.8182165,0.92064084147
21480.373344034888,gap,22,1.11625,0.8184852,0.9136341045
21487.46586899506,gap,22,0.9465799,0.7223192,0.6837328361040801
21491.559163026977,gap,22,0.96444,0.7225879,0.6968926742759999
21495.638530992437,gap,22,0.93765,0.7220506,0.6770307450899999
21499.74556599045,gap,22,0.9287199,0.7225879,0.67108176222921
21507.082607015036,gap,22,1.12518,0.8184852,0.9209431773360001
21513.101122982334,gap,22,0.95551,0.7228564,0.690696518764
21517.632893985137,gap,22,0.93765,0.7228564,0.6777863034599999
21521.7267620028,gap,22,0.93765,0.7225879,0.6775345444349999
21525.832704035565,gap,22,0.9287199,0.723125,0.6715805776875
21529.9308320391,gap,22,0.9465799,0.7225879,0.68398718212321
21534.051422029734,gap,22,0.96444,0.7225879,0.6968926742759999
21541.418666020036,gap,22,1.12518,0.8184852,0.9209431773360001
21545.5641450244,gap,22,1.13411,0.8182165,0.9279475148149999
21552.58717003744,gap,22,0.9465799,0.7225879,0.68398718212321
21556.73457501689,gap,22,0.96444,0.7225879,0.6968926742759999
21560.897386982106,gap,22,0.96444,0.7225879,0.6968926742759999
21568.22103803279,gap,22,1.09839,0.8184852,0.899015958828
21572.41368299583,gap,22,1.12518,0.8184852,0.9209431773360001
21579.502449021675,gap,22,0.9465799,0.7223192,0.6837328361040801
21583.59198400285,gap,22,0.9465799,0.7225879,0.68398718212321
21587.70050003659,gap,22,0.93765,0.7225879,0.6775345444349999
21591.768331010826,gap,22,0.9465799,0.7223192,0.6837328361040801
21599.05851999065,gap,22,1.12518,0.8187538,0.9212454006840001
21606.08306399081,gap,22,0.9465799,0.7225879,0.68398718212321
21610.17871001968,gap,22,0.9733699,0.7223192,0.70308376747208
21614.268689008895,gap,22,0.9465799,0.7223192,0.6837328361040801
21621.622784994543,gap,22,1.12518,0.8187538,0.9212454006840001
21629.81779902475,gap,22,1.09839,0.8184852,0.899015958828
21636.844510037918,gap,22,0.9465799,0.7225879,0.68398718212321
21644.095922005363,gap,22,1.10732,0.8184852,0.9063250316640001
21651.186761038844,gap,22,0.9287199,0.7228564,0.67133112352236
21655.280092032626,gap,22,0.9287199,0.7225879,0.67108176222921
21659.36262701871,gap,22,0.9287199,0.7225879,0.67108176222921
21663.444717007224,gap,22,0.9465799,0.7223192,0.6837328361040801
21670.814997982234,gap,22,1.10732,0.8184852,0.9063250316640001
21677.904059994034,gap,22,0.9465799,0.7225879,0.68398718212321
21682.09381599445,gap,22,0.9465799,0.7223192,0.6837328361040801
21686.523292039055,gap,22,1.6967,0.7228564,1.22647045388
21694.373254023958,gap,22,1.33057,0.9294252,1.236665288364
21701.248614001088,gap,22,1.36629,0.9283507,1.268396277903
21708.013679017313,gap,22,1.30378,0.928888,1.21106559664
21712.177434994373,gap,22,1.31271,0.928888,1.21936056648
21719.12457200233,gap,22,1.3395,0.9291566,1.2446052657
21724.90262798965,gap,22,1.29485,0.9283507,1.202074903895
21729.446195007768,gap,22,1.31271,0.9286194,1.219007972574
21733.55071101105,gap,22,1.30378,0.9283507,1.2103650756459998
21737.65230202116,gap,22,1.31271,0.9286194,1.219007972574
21744.590105023235,gap,22,1.34843,0.9286194,1.252178257542
21751.64685200434,gap,22,1.31271,0.9283507,1.218655247397
21755.76655403711,gap,22,1.31271,0.9286194,1.219007972574
21763.58990499284,gap,22,0.9465799,0.7223192,0.6837328361040801
21767.683662008494,gap,22,0.9465799,0.7223192,0.6837328361040801
21771.80202899035,gap,22,0.9465799,0.7223192,0.6837328361040801
21779.164811014198,gap,22,1.10732,0.8182165,0.9060274947800001
21783.301140996628,gap,22,1.10732,0.8182165,0.9060274947800001
21790.31898098765,gap,22,0.9287199,0.7225879,0.67108176222921
21794.40897901077,gap,22,0.9465799,0.7225879,0.68398718212321
21798.484865983482,gap,22,0.9822999,0.7225879,0.70979802191121
21802.56466002902,gap,22,0.9465799,0.7223192,0.6837328361040801
21806.67063902365,gap,22,0.93765,0.7225879,0.6775345444349999
21814.02284698561,gap,22,1.09839,0.8182165,0.898720821435
21818.17677000072,gap,22,1.11625,0.8184852,0.9136341045
21825.20566502353,gap,22,0.9465799,0.7225879,0.68398718212321
21829.281978018116,gap,22,0.9465799,0.721782,0.6832243333818001
21833.36440200219,gap,22,0.9465799,0.7225879,0.68398718212321
21840.662609029096,gap,22,1.11625,0.8182165,0.913334168125
21844.844773004297,gap,22,1.10732,0.8187538,0.906622457816
21849.005029012915,gap,22,1.10732,0.8184852,0.9063250316640001
21856.08699801378,gap,22,0.93765,0.7228564,0.6777863034599999
21860.153533983976,gap,22,0.9465799,0.7223192,0.6837328361040801
21864.23291999381,gap,22,0.9465799,0.7223192,0.6837328361040801
21868.333788006566,gap,22,0.93765,0.7225879,0.6775345444349999
21874.63304301491,gap,22,1.12518,0.8184852,0.9209431773360001
21879.343349020928,gap,22,1.10732,0.8182165,0.9060274947800001
21886.36507798219,gap,22,0.9465799,0.7223192,0.6837328361040801
21890.450890990905,gap,22,1.43773,0.7228564,1.0392723319719999
21894.549258984625,gap,22,0.93765,0.7223192,0.67728259788
21900.937734986655,gap,22,1.10732,0.8182165,0.9060274947800001
21906.7039390211,gap,22,1.10732,0.819291,0.9072173101200001
21925.011726038065,gap,22,1.1609,0.8329906,0.96701878754
21933.18018503487,gap,22,2.65221,0.723125,1.9178793562500003
21937.69086402608,gap,22,0.9465799,0.7225879,0.68398718212321
21955.867299984675,gap,22,1.28592,0.8636134,1.110537743328
21963.808075990528,gap,22,0.93765,0.7223192,0.67728259788
21967.911407002248,gap,22,0.9465799,0.7223192,0.6837328361040801
21972.005627001636,gap,22,0.9465799,0.7228564,0.68424133882636
21979.335186013486,gap,22,1.10732,0.8187538,0.906622457816
21986.326527025085,gap,22,0.9465799,0.7228564,0.68424133882636
21990.440172026865,gap,22,1.12518,0.7225879,0.813041453322
21994.556243997067,gap,22,0.9465799,0.7223192,0.6837328361040801
22000.85851701442,gap,22,1.09839,0.8187538,0.8993109863819999
22005.5687680142,gap,22,1.11625,0.8182165,0.913334168125
22012.592293031048,gap,22,0.9465799,0.7225879,0.68398718212321
22016.696123988368,gap,22,0.93765,0.7223192,0.67728259788
22020.76121501159,gap,22,0.9287199,0.7223192,0.67083221519208
22028.20706903003,gap,22,1.10732,0.8184852,0.9063250316640001
22032.364214013796,gap,22,1.10732,0.8182165,0.9060274947800001
22038.44143403694,gap,22,1.39308,0.7225879,1.006622751732
22042.944576009177,gap,22,0.9465799,0.7225879,0.68398718212321
22050.26446899865,gap,22,1.12518,0.8182165,0.92064084147
22057.244808995165,gap,22,0.93765,0.7223192,0.67728259788
22061.367640038952,gap,22,0.93765,0.7223192,0.67728259788
22065.436100994702,gap,22,0.9287199,0.7225879,0.67108176222921
22072.731752996333,gap,22,1.11625,0.8179479,0.9130343433749999
22079.97618301306,gap,22,0.93765,0.7225879,0.6775345444349999
22084.093774028588,gap,22,0.9287199,0.7225879,0.67108176222921
22091.47333202418,gap,22,1.09839,0.8182165,0.898720821435
22097.586199990474,gap,22,0.93765,0.7223192,0.67728259788
22102.102045028005,gap,22,0.91979,0.7223192,0.664381976968
22106.181135983206,gap,22,0.9465799,0.7225879,0.68398718212321
22110.248337034136,gap,22,0.91979,0.7225879,0.664629124541
22114.318353997078,gap,22,0.93765,0.7228564,0.6777863034599999
22118.376667029224,gap,22,0.9287199,0.7225879,0.67108176222921
22122.465702006593,gap,22,1.15197,0.7228564,0.832708887108
22126.520421996247,gap,22,0.9465799,0.7225879,0.68398718212321
22130.580956989434,gap,22,0.91979,0.7225879,0.664629124541
22134.653825021815,gap,22,0.9465799,0.7225879,0.68398718212321
22138.743397023063,gap,22,0.9287199,0.7225879,0.67108176222921
22142.81900599599,gap,22,0.93765,0.7225879,0.6775345444349999
22146.894338016864,gap,22,0.91979,0.7225879,0.664629124541
22150.980058009736,gap,22,0.93765,0.7225879,0.6775345444349999
22155.044295999687,gap,22,0.91979,0.7225879,0.664629124541
22159.124794008676,gap,22,0.9465799,0.7225879,0.68398718212321
22163.201847986784,gap,22,0.9465799,0.7225879,0.68398718212321
22167.301493987907,gap,22,0.9465799,0.7223192,0.6837328361040801
22171.37873201864,gap,22,0.93765,0.7225879,0.6775345444349999
22175.461396982428,gap,22,0.9465799,0.7220506,0.68347858474294
22182.82349302899,gap,22,1.10732,0.8182165,0.9060274947800001
22186.96523102699,gap,22,1.08946,0.8184852,0.8917068859920001
22193.07557999855,gap,22,0.9108599,0.7223192,0.65793159428008
22197.596443991642,gap,22,0.9287199,0.7225879,0.67108176222921
22201.670775015373,gap,22,0.9287199,0.7225879,0.67108176222921
22205.74632898206,gap,22,0.9287199,0.7223192,0.67083221519208
22209.802270983346,gap,22,0.9287199,0.7225879,0.67108176222921
22213.8889360358,gap,22,0.93765,0.7225879,0.6775345444349999
22217.937712033745,gap,22,0.9287199,0.7223192,0.67083221519208
22221.99852403719,gap,22,0.9465799,0.7225879,0.68398718212321
22226.051337027457,gap,22,0.9287199,0.7225879,0.67108176222921
22230.12781701982,gap,22,0.93765,0.7225879,0.6775345444349999
22234.200889011845,gap,22,0.9465799,0.7225879,0.68398718212321
22238.278183038346,gap,22,0.93765,0.7223192,0.67728259788
22242.369662038982,gap,22,0.9108599,0.7225879,0.6581763423352099
22246.475900989026,gap,22,1.43773,0.7223192,1.038499983416
22253.83444101317,gap,22,1.10732,0.8182165,0.9060274947800001
22258.00062302733,gap,22,1.09839,0.8184852,0.899015958828
22265.026630018838,gap,22,0.9108599,0.7223192,0.65793159428008
22269.087813037913,gap,22,0.9287199,0.7228564,0.67133112352236
22273.152497014962,gap,22,0.9287199,0.7223192,0.67083221519208
22277.20664301887,gap,22,0.9465799,0.7223192,0.6837328361040801
22281.292585015763,gap,22,0.9287199,0.7225879,0.67108176222921
22285.354546038434,gap,22,0.9465799,0.7225879,0.68398718212321
22289.404841023497,gap,22,0.9465799,0.7225879,0.68398718212321
22293.46237599384,gap,22,0.9465799,0.7225879,0.68398718212321
22297.539132996462,gap,22,0.9287199,0.7225879,0.67108176222921
22301.605260989163,gap,22,0.93765,0.7228564,0.6777863034599999
22305.68764702184,gap,22,0.9287199,0.7220506,0.67058276102694
22309.73720102338,gap,22,0.9465799,0.7223192,0.6837328361040801
22313.792828994337,gap,22,0.93765,0.7223192,0.67728259788
22317.845994024538,gap,22,0.93765,0.7223192,0.67728259788
22321.915047010407,gap,22,0.93765,0.7228564,0.6777863034599999
22325.984860013705,gap,22,0.9287199,0.7225879,0.67108176222921
22330.05959901493,gap,22,0.9465799,0.7225879,0.68398718212321
22334.117874037474,gap,22,0.93765,0.7228564,0.6777863034599999
22338.189853995573,gap,22,0.93765,0.7223192,0.67728259788
22342.28466602508,gap,22,1.50024,0.7225879,1.0840552710959999
22346.392553008627,gap,22,0.93765,0.7223192,0.67728259788
22353.758890007157,gap,22,1.08053,0.8179479,0.8838172443869999
22357.89714602288,gap,22,1.10732,0.8182165,0.9060274947800001
22364.929559989832,gap,22,0.9287199,0.7225879,0.67108176222921
22368.98415099131,gap,22,0.93765,0.7223192,0.67728259788
22373.034464020748,gap,22,0.93765,0.7225879,0.6775345444349999
22377.14642501669,gap,22,0.93765,0.7225879,0.6775345444349999
22381.26908900449,gap,22,0.9108599,0.7223192,0.65793159428008
22388.566130015533,gap,22,1.08946,0.8182165,0.8914141480900001
22392.803515016567,gap,22,1.08946,0.8184852,0.8917068859920001
22396.975048992317,gap,22,1.09839,0.8182165,0.898720821435
22404.047332995106,gap,22,0.9287199,0.7225879,0.67108176222921
22408.15151599236,gap,22,0.91979,0.7220506,0.664134921374
22412.250161985867,gap,22,0.9287199,0.7223192,0.67083221519208
22416.395566018764,gap,22,0.9465799,0.7225879,0.68398718212321
22423.686310998164,gap,22,1.08946,0.8184852,0.8917068859920001
22427.847401006147,gap,22,1.08946,0.8182165,0.8914141480900001
22434.872371028177,gap,22,0.9287199,0.7225879,0.67108176222921
22438.940017018467,gap,22,0.93765,0.7223192,0.67728259788
22443.008107016794,gap,22,0.90193,0.7228564,0.6519658728519999
22450.336851994507,gap,22,1.08946,0.8182165,0.8914141480900001
22458.1114249886,bench:88f33552a20f1f19,23,0.9287199,0.7223192,0.67083221519208
22465.018063026946,bench:88f33552a20f1f19,23,2.63435,0.7228564,1.9042567573399998
22476.42519400688,bench:88f33552a20f1f19,23,6.81359,0.928888,6.32906198792
22480.993836012203,bench:88f33552a20f1f19,23,4.0185,0.9286194,3.7316570589
22489.04896201566,bench:88f33552a20f1f19,23,5.43837,0.9369466,5.095462281042
22493.156423035543,bench:88f33552a20f1f19,23,2.51826,0.9326486,2.348651663436
22497.272939013783,bench:88f33552a20f1f19,23,4.04529,0.9286194,3.7565347726259994
22505.018586001825,bench:88f33552a20f1f19,23,6.00096,0.9280821,5.569383558816
22509.108898986597,bench:88f33552a20f1f19,23,2.53612,0.9283507,2.3544087772839997
22513.203767011873,bench:88f33552a20f1f19,23,4.08994,0.9283507,3.796898661958
22521.031766023953,bench:88f33552a20f1f19,23,5.96524,0.928888,5.54103985312
22525.088042020798,bench:88f33552a20f1f19,23,2.53612,0.9286194,2.355090232728
22533.001911011524,bench:88f33552a20f1f19,23,4.13459,0.9286194,3.839460485046
22541.012889007106,bench:88f33552a20f1f19,23,5.58125,0.9318428,5.2008476275
22549.024109030142,bench:88f33552a20f1f19,23,5.474089,0.9286194,5.0833452427266
22557.03204998281,bench:88f33552a20f1f19,23,4.00064,0.928888,3.71614648832
22564.74469898967,bench:88f33552a20f1f19,23,5.57232,0.9291566,5.177557905312001
22568.964028032497,bench:88f33552a20f1f19,23,5.54553,0.9337231,5.1779894627430005
22573.046008008532,bench:88f33552a20f1f19,23,7.143999,0.9304997,6.6474889263003005
22577.22911599558,bench:88f33552a20f1f19,23,5.83129,0.9291566,5.418181590014
22588.988744013477,bench:88f33552a20f1f19,23,5.50088,0.9291566,5.111178957808001
22596.717613982037,bench:88f33552a20f1f19,23,5.51874,0.9326486,5.147045134764
22604.7033710056,bench:88f33552a20f1f19,23,5.509809,0.9286194,5.1165155276946
22612.9465320264,bench:88f33552a20f1f19,23,5.56339,0.9315742,5.182710588538
22617.488211020827,bench:88f33552a20f1f19,23,5.509809,0.9331858,5.1416755195122
22624.900232010987,bench:88f33552a20f1f19,23,5.45623,0.9326486,5.088745270778
22638.659471005667,bench:88f33552a20f1f19,23,5.474089,0.9286194,5.0833452427266
22646.12930698786,bench:88f33552a20f1f19,23,7.090419,0.9294252,6.590014097158799
22650.306414987426,bench:88f33552a20f1f19,23,5.61697,0.9337231,5.244694641007
22656.73283400247,bench:88f33552a20f1f19,23,5.50088,0.9302311,5.117089653368001
22668.90277300263,bench:88f33552a20f1f19,23,5.59911,0.9286194,5.199442168734
22677.004769037012,bench:88f33552a20f1f19,23,4.12566,0.9283507,3.8300593489619996
22685.260634985752,bench:88f33552a20f1f19,23,5.57232,0.93238,5.1955197216
22694.48691699654,bench:88f33552a20f1f19,23,5.7152,0.928888,5.3087806976000005
22704.72904102644,bench:88f33552a20f1f19,23,5.491949,0.9302311,5.1087817594139
22709.210200991947,bench:88f33552a20f1f19,23,6.00096,0.9286194,5.5726078746239995
22713.662936002947,bench:88f33552a20f1f19,23,7.143999,0.9296938,6.6417315775062
22718.122653022874,bench:88f33552a20f1f19,23,5.50088,0.9299625,5.115612117
22725.445026997477,bench:88f33552a20f1f19,23,5.92952,0.9283507,5.504674042664
22731.482709990814,bench:88f33552a20f1f19,23,5.65269,0.928888,5.25071590872
22735.91031500837,bench:88f33552a20f1f19,23,6.80466,0.9304997,6.331734088602
22741.228783037513,bench:88f33552a20f1f19,23,6.483179,0.9299625,6.0291133507875
22745.80848001642,bench:88f33552a20f1f19,23,5.92952,0.928888,5.5078599737600005
22750.259733002167,bench:88f33552a20f1f19,23,6.465319,0.9275449,5.9968736653231005
22756.884540023748,bench:88f33552a20f1f19,23,5.29549,0.9304997,4.9274518563530005
22764.348154014442,bench:88f33552a20f1f19,23,5.491949,0.9186804,5.0453459040996
22769.92341503501,bench:88f33552a20f1f19,23,5.6259,0.9280821,5.22129708639
22783.367249008734,bench:88f33552a20f1f19,23,5.42944,0.9200235,4.99521239184
22788.48673700122,bench:88f33552a20f1f19,23,5.491949,0.9280821,5.0969795610129
22796.692454023287,bench:88f33552a20f1f19,23,6.92968,0.9283507,6.433173278776
22804.770043992903,bench:88f33552a20f1f19,23,5.63483,0.928888,5.23412596904
22808.960150985513,bench:88f33552a20f1f19,23,3.35768,0.9291566,3.119810532688
22816.838742990512,bench:88f33552a20f1f19,23,4.11673,0.9291566,3.8250868499179997
22824.641296989284,bench:88f33552a20f1f19,23,6.81359,0.9291566,6.330892118194
22829.192364995833,bench:88f33552a20f1f19,23,5.68841,0.9304997,5.293063798477
22836.90834598383,bench:88f33552a20f1f19,23,5.59018,0.9286194,5.191149597492
22847.400394035503,bench:88f33552a20f1f19,23,5.93845,0.9283507,5.512964214415
22853.347244032193,bench:88f33552a20f1f19,23,5.65269,0.9299625,5.256789724125
22861.032318032812,bench:88f33552a20f1f19,23,6.80466,0.9326486,6.346356622476001
22865.17379700672,bench:88f33552a20f1f19,23,5.60804,0.9374838,5.257446649752
22869.287517038174,bench:88f33552a20f1f19,23,4.48286,0.928888,4.1640748596799995
22873.416939983144,bench:88f33552a20f1f19,23,4.21496,0.9369466,3.9491924411359993
22877.493901003618,bench:88f33552a20f1f19,23,4.13459,0.9291566,3.8416815867940004
22881.592455029022,bench:88f33552a20f1f19,23,4.74183,0.928888,4.40462898504
22885.670286021195,bench:88f33552a20f1f19,23,4.14352,0.9291566,3.849978955232
22889.77920898469,bench:88f33552a20f1f19,23,4.14352,0.9291566,3.849978955232
22893.91515101306,bench:88f33552a20f1f19,23,4.13459,0.9283507,3.8383495207130003
22900.933695025742,bench:88f33552a20f1f19,23,5.804499,0.9286194,5.3901703786806
22905.108414008282,bench:88f33552a20f1f19,23,6.00096,0.9291566,5.575831590336
22913.018338032998,bench:88f33552a20f1f19,23,4.18817,0.928888,3.8903408549600007
22917.130428017117,bench:88f33552a20f1f19,23,5.83129,0.9286194,5.415049021026
22924.90507598268,bench:88f33552a20f1f19,23,5.64376,0.9291566,5.243936852816001
22932.98879498616,bench:88f33552a20f1f19,23,5.79557,0.9299625,5.389662766124999
22940.91386703076,bench:88f33552a20f1f19,23,6.94754,0.928888,6.453486535520001
22948.95536400145,bench:88f33552a20f1f19,23,5.55446,0.9302311,5.166931435705999
22956.944175995886,bench:88f33552a20f1f19,23,5.67055,0.9283507,5.264259061885
22964.8943960201,bench:88f33552a20f1f19,23,5.54553,0.9337231,5.1779894627430005
22976.972131989896,bench:88f33552a20f1f19,23,6.518899,0.9304997,6.0658335638303
22984.912500018254,bench:88f33552a20f1f19,23,5.67055,0.9302311,5.274921964105
22996.982235985342,bench:88f33552a20f1f19,23,6.94754,0.9294252,6.457218754007999
23008.928714029025,bench:88f33552a20f1f19,23,5.60804,0.9294252,5.2122536986079995
23020.971190999262,bench:88f33552a20f1f19,23,5.60804,0.9280821,5.204721540084
23025.052893033717,bench:88f33552a20f1f19,23,5.66162,0.9374838,5.307677031756
23032.895873009693,bench:88f33552a20f1f19,23,5.6259,0.9283507,5.22280820313
23040.89703701902,bench:88f33552a20f1f19,23,5.64376,0.9294252,5.245452766752
23045.317254029214,bench:88f33552a20f1f19,23,5.66162,0.9304997,5.268135711514001
23049.400436982978,bench:88f33552a20f1f19,23,6.82252,0.9286194,6.335524428888
23053.44376800349,bench:88f33552a20f1f19,23,5.7152,0.9304997,5.317991885440001
23060.896715032868,bench:88f33552a20f1f19,23,5.5366,0.9291566,5.14436843156
23072.91150803212,bench:88f33552a20f1f19,23,5.7152,0.9304997,5.317991885440001
23084.890651982278,bench:88f33552a20f1f19,23,5.66162,0.9304997,5.268135711514001
23092.915148998145,bench:88f33552a20f1f19,23,6.00096,0.9286194,5.5726078746239995
23100.899072014727,bench:88f33552a20f1f19,23,5.68841,0.9294252,5.2869516019319995
23112.98314202577,bench:88f33552a20f1f19,23,5.93845,0.9291566,5.5177500112699995
23120.888047036715,bench:88f33552a20f1f19,23,5.57232,0.9286194,5.174564455008
23128.765008994378,bench:88f33552a20f1f19,23,5.57232,0.9286194,5.174564455008
23133.262577001005,bench:88f33552a20f1f19,23,7.108279,0.9291566,6.6047043474914
23140.88887401158,bench:88f33552a20f1f19,23,5.57232,0.9302311,5.1835453631520005
23145.31201700447,bench:88f33552a20f1f19,23,7.143999,0.9280821,6.6302175943179
23156.497983029112,bench:88f33552a20f1f19,23,6.49211,0.9197549,5.971149983839
23162.856867013033,bench:88f33552a20f1f19,23,7.09935,0.9280821,6.588779656635
23177.21682199044,bench:88f33552a20f1f19,23,6.54569,0.931037,6.094279580529999
23184.426771011204,bench:88f33552a20f1f19,23,6.9654,0.9286194,6.468205568759999
23189.016707998235,bench:88f33552a20f1f19,23,6.54569,0.9294252,6.083729237387999
23193.144817021675,bench:88f33552a20f1f19,23,7.03684,0.9286194,6.534546138695999
23197.31166603742,bench:88f33552a20f1f19,23,4.17924,0.9299625,3.8865364785
23201.40427502338,bench:88f33552a20f1f19,23,4.13459,0.9286194,3.839460485046
23209.03549803188,bench:88f33552a20f1f19,23,5.79557,0.9296938,5.388105496465999
23216.750052990392,bench:88f33552a20f1f19,23,6.54569,0.9291566,6.081971065054
23221.035994007252,bench:88f33552a20f1f19,23,4.24175,0.928888,3.940110674
23225.070159009192,bench:88f33552a20f1f19,23,2.61649,0.9291566,2.4311289523340003
23229.131194006186,bench:88f33552a20f1f19,23,4.13459,0.9283507,3.8383495207130003
23233.331728028134,bench:88f33552a20f1f19,23,4.13459,0.9302311,3.846124203749
23237.533206003718,bench:88f33552a20f1f19,23,4.14352,0.9259331,3.8366223185119996
23241.73112801509,bench:88f33552a20f1f19,23,4.15245,0.9307683,3.864968827335
23245.920977031346,bench:88f33552a20f1f19,23,4.14352,0.9294252,3.8510919047039995
23249.96645702049,bench:88f33552a20f1f19,23,4.17031,0.9291566,3.874871060546
23254.0539180045,bench:88f33552a20f1f19,23,4.14352,0.9294252,3.8510919047039995
23261.04353601113,bench:88f33552a20f1f19,23,4.14352,0.928888,3.8488660057599997
23265.16295899637,bench:88f33552a20f1f19,23,2.61649,0.9286194,2.429723373906
23272.930385021027,bench:88f33552a20f1f19,23,4.14352,0.928888,3.8488660057599997
23277.438007993624,bench:88f33552a20f1f19,23,5.60804,0.9302311,5.216773218044
23281.541821022984,bench:88f33552a20f1f19,23,5.64376,0.9326486,5.263644862736
23285.68718803581,bench:88f33552a20f1f19,23,5.67055,0.9286194,5.2657827386700005
23289.784390013665,bench:88f33552a20f1f19,23,5.57232,0.9278135,5.17007372232
23294.268124038354,bench:88f33552a20f1f19,23,5.509809,0.9304997,5.1268756215573
23300.724507018458,bench:88f33552a20f1f19,23,5.93845,0.9291566,5.5177500112699995
23305.03241001861,bench:88f33552a20f1f19,23,5.59018,0.9291566,5.194152642188
23309.136648022104,bench:88f33552a20f1f19,23,6.00096,0.9291566,5.575831590336
23313.24914598372,bench:88f33552a20f1f19,23,5.5366,0.9280821,5.13841935486
23320.900258026086,bench:88f33552a20f1f19,23,5.51874,0.928888,5.126291361120001
23325.040698982775,bench:88f33552a20f1f19,23,7.108279,0.9280821,6.5970665017059
23329.505804984365,bench:88f33552a20f1f19,23,7.143999,0.9294252,6.6398126993748
23333.640708995517,bench:88f33552a20f1f19,23,7.108279,0.928888,6.602795063752
23337.73430000292,bench:88f33552a20f1f19,23,6.54569,0.9304997,6.090762581293
23341.833927028347,bench:88f33552a20f1f19,23,5.65269,0.9286194,5.249197596186
23348.73330499977,bench:88f33552a20f1f19,23,5.79557,0.9286194,5.381878736058
23353.02659799345,bench:88f33552a20f1f19,23,5.64376,0.9291566,5.243936852816001
23364.985649008304,bench:88f33552a20f1f19,23,5.64376,0.9299625,5.248485159
23369.10790600814,bench:88f33552a20f1f19,23,6.53676,0.928888,6.07191792288
23373.18916298682,bench:88f33552a20f1f19,23,5.70627,0.9291566,5.302018431882
23381.022292014677,bench:88f33552a20f1f19,23,5.45623,0.9369466,5.1121961473179995
23385.571526014246,bench:88f33552a20f1f19,23,5.55446,0.9280821,5.154994901166
23392.891863011755,bench:88f33552a20f1f19,23,5.57232,0.93238,5.1955197216
23404.969080991577,bench:88f33552a20f1f19,23,5.7152,0.9304997,5.317991885440001
23409.42768601235,bench:88f33552a20f1f19,23,5.58125,0.9326486,5.20534499875
23413.673885981552,bench:88f33552a20f1f19,23,4.13459,0.928888,3.8405710359200005
23420.277489,bench:88f33552a20f1f19,23,3.93813,0.9194863,3.621056582619
23427.41693899734,bench:88f33552a20f1f19,23,4.14352,0.9275449,3.8433008440479997
23431.70913902577,bench:88f33552a20f1f19,23,4.12566,0.928888,3.83227606608
23436.95582903456,bench:88f33552a20f1f19,23,6.94754,0.9294252,6.457218754007999
23448.974325030576,bench:88f33552a20f1f19,23,5.72413,0.9304997,5.326301247761
23456.75517601194,bench:88f33552a20f1f19,23,7.01898,0.9286194,6.5179609962119995
23460.865266039036,gap,24,1.71456,0.9286194,1.5921736784640002
23466.804747004062,gap,24,1.58954,0.9036377,1.436368269658
23471.110335027333,gap,24,1.57168,0.903369,1.4198069899199999
23478.249988984317,gap,24,1.1609,0.8184852,0.95017946868
23482.447171001695,gap,24,1.63419,0.8184852,1.337560328988
23486.627612030134,gap,24,1.17876,0.8184852,0.9647976143520001
23490.76666502515,gap,24,1.1609,0.8187538,0.95049128642
23494.911346992012,gap,24,1.17876,0.8184852,0.9647976143520001
23499.03375201393,gap,24,1.1609,0.8184852,0.95017946868
23503.15176800359,gap,24,1.17876,0.8184852,0.9647976143520001
23507.276025018655,gap,24,1.15197,0.8182165,0.942560861505
23511.38915203046,gap,24,1.1609,0.8182165,0.9498675348500001
23515.51998301875,gap,24,1.15197,0.8184852,0.942870395844
23519.61796201067,gap,24,1.14304,0.8187538,0.935868343552
23523.725219012704,gap,24,1.14304,0.8184852,0.9355613230080001
23527.836550027132,gap,24,1.1609,0.8184852,0.95017946868
23531.943120993674,gap,24,1.14304,0.8184852,0.9355613230080001
23536.05695202714,gap,24,1.14304,0.8187538,0.935868343552
23540.159024007153,gap,24,1.15197,0.8184852,0.942870395844
23544.270022015553,gap,24,1.15197,0.8187538,0.9431798149859999
23548.381055996288,gap,24,1.1609,0.8182165,0.9498675348500001
23552.57940501906,gap,24,1.14304,0.8187538,0.935868343552
23556.736013037153,gap,24,1.1609,0.8184852,0.95017946868
23563.820148992818,gap,24,0.9822999,0.7225879,0.70979802191121
23567.91412801249,gap,24,0.9822999,0.7225879,0.70979802191121
23574.130328022875,gap,24,1.14304,0.8182165,0.93525418816
23578.899949032348,gap,24,1.14304,0.8184852,0.9355613230080001
23585.91006702045,gap,24,0.96444,0.7225879,0.6968926742759999
23590.01728601288,gap,24,0.9822999,0.7225879,0.70979802191121
23594.111746991985,gap,24,0.9822999,0.7225879,0.70979802191121
23601.488917018287,gap,24,1.1609,0.8184852,0.95017946868
23608.483942982275,gap,24,0.9822999,0.7225879,0.70979802191121
23612.576588988304,gap,24,0.96444,0.7225879,0.6968926742759999
23616.694270982407,gap,24,0.96444,0.7225879,0.6968926742759999
23620.786861982197,gap,24,0.96444,0.7225879,0.6968926742759999
23624.854119028896,gap,24,0.96444,0.7220506,0.696374480664
23632.94878200395,gap,24,0.95551,0.7228564,0.690696518764
23640.227249008603,gap,24,1.13411,0.8182165,0.9279475148149999
23647.310625994578,gap,24,0.9822999,0.7225879,0.70979802191121
23651.435529987793,gap,24,0.9822999,0.7225879,0.70979802191121
23655.54891701322,gap,24,0.9465799,0.7228564,0.68424133882636
23662.920809001662,gap,24,1.14304,0.8182165,0.93525418816
23667.138268996496,gap,24,1.14304,0.8184852,0.9355613230080001
23671.310766017996,gap,24,1.14304,0.8184852,0.9355613230080001
23675.49081798643,gap,24,1.12518,0.8184852,0.9209431773360001
23679.67151902849,gap,24,1.13411,0.8182165,0.9279475148149999
23683.878423005808,gap,24,1.70563,0.8187538,1.396491043894
23689.89340198459,gap,24,0.93765,0.7225879,0.6775345444349999
23694.41724801436,gap,24,0.93765,0.7225879,0.6775345444349999
23702.30917201843,gap,24,1.43773,0.9286194,1.335103969962
23709.212217014283,gap,24,1.34843,0.9283507,1.251815934401
23715.971041005105,gap,24,1.3395,0.9283507,1.2435257626499998
23720.12920503039,gap,24,1.33057,0.9286194,1.235593115058
23724.26331299357,gap,24,1.3395,0.9283507,1.2435257626499998
23728.37151400745,gap,24,1.34843,0.9286194,1.252178257542
23735.321688000113,gap,24,1.35736,0.9286194,1.2604708287839999
23742.08219803404,gap,24,1.33057,0.9286194,1.235593115058
23746.214583981782,gap,24,1.36629,0.9283507,1.268396277903
23750.41333999252,gap,24,1.37522,0.9280821,1.2763170655620002
23757.316200004425,gap,24,1.37522,0.9283507,1.276686449654
23761.52225199621,gap,24,1.35736,0.9286194,1.2604708287839999
23769.776154018473,gap,24,1.12518,0.8182165,0.92064084147
23776.827252993826,gap,24,0.9465799,0.7223192,0.6837328361040801
23784.218645014334,gap,24,1.12518,0.8187538,0.9212454006840001
23788.378457014915,gap,24,1.14304,0.8182165,0.93525418816
23792.567639029585,gap,24,1.12518,0.8182165,0.92064084147
23796.795173024293,gap,24,1.13411,0.8184852,0.928252250172
23800.973077013623,gap,24,1.11625,0.8184852,0.9136341045
23805.10985199362,gap,24,1.14304,0.8187538,0.935868343552
23809.278664004523,gap,24,1.12518,0.8187538,0.9212454006840001
23816.361133009195,gap,24,0.9733699,0.7225879,0.7033453119642099
23820.479093992617,gap,24,0.96444,0.7228564,0.6971516264159999
23824.5678319945,gap,24,0.95551,0.7223192,0.6901832187920001
23828.655700024683,gap,24,0.96444,0.7225879,0.6968926742759999
23832.77093898505,gap,24,0.9465799,0.7225879,0.68398718212321
23836.89560298808,gap,24,0.95551,0.7225879,0.6904399643289999
23844.156940001994,gap,24,1.12518,0.8179479,0.920338618122
23848.284716019407,gap,24,1.12518,0.8182165,0.92064084147
23854.34521298157,gap,24,0.9465799,0.7223192,0.6837328361040801
23858.860409993213,gap,24,0.96444,0.7223192,0.696633529248
23862.939594022464,gap,24,0.96444,0.7225879,0.6968926742759999
23867.010536021553,gap,24,0.96444,0.7225879,0.6968926742759999
23871.069590037223,gap,24,0.96444,0.7225879,0.6968926742759999
23875.127291015815,gap,24,0.96444,0.7225879,0.6968926742759999
23879.19275200693,gap,24,0.9465799,0.7225879,0.68398718212321
23883.280139009003,gap,24,0.9465799,0.7223192,0.6837328361040801
23887.344952032436,gap,24,0.96444,0.7223192,0.696633529248
23891.417191014625,gap,24,0.9465799,0.7225879,0.68398718212321
23895.4763369984,gap,24,0.9465799,0.7223192,0.6837328361040801
23899.570520035923,gap,24,0.96444,0.7225879,0.6968926742759999
23903.64455501549,gap,24,0.9465799,0.7225879,0.68398718212321
23907.72260801168,gap,24,0.9465799,0.7225879,0.68398718212321
23911.781642993446,gap,24,0.9465799,0.7225879,0.68398718212321
23915.85256700637,gap,24,0.9465799,0.7223192,0.6837328361040801
23919.924158020876,gap,24,0.9465799,0.7225879,0.68398718212321
23924.016878008842,gap,24,0.95551,0.7228564,0.690696518764
23928.06476500118,gap,24,0.96444,0.7225879,0.6968926742759999
23932.129967026412,gap,24,0.95551,0.7223192,0.6901832187920001
23936.188891006168,gap,24,0.96444,0.7225879,0.6968926742759999
23940.272592008114,gap,24,0.95551,0.7223192,0.6901832187920001
23944.347146025393,gap,24,0.95551,0.7225879,0.6904399643289999
23948.411199031398,gap,24,0.96444,0.7223192,0.696633529248
23952.475938014686,gap,24,0.96444,0.7225879,0.6968926742759999
23956.60728699295,gap,24,0.95551,0.7225879,0.6904399643289999
23960.853710013907,gap,24,1.58061,0.7225879,1.142129660619
23965.324388991576,gap,24,0.93765,0.7228564,0.6777863034599999
23983.61873201793,gap,24,1.71456,0.8329906,1.4282123631360002
23991.769819986075,gap,24,0.96444,0.7223192,0.696633529248
23999.976149003487,gap,24,1.2502,0.8488392,1.06121876784
24018.26560299378,gap,24,1.14304,0.8187538,0.935868343552
24022.976558015216,gap,24,1.11625,0.8182165,0.913334168125
24027.141296013724,gap,24,1.10732,0.8184852,0.9063250316640001
24031.293386011384,gap,24,1.11625,0.8182165,0.913334168125
24035.470086033456,gap,24,1.12518,0.8182165,0.92064084147
24042.55244403612,gap,24,0.9465799,0.7225879,0.68398718212321
24046.64718301501,gap,24,0.96444,0.723125,0.697410675
24050.737495010253,gap,24,0.9465799,0.7225879,0.68398718212321
24054.83193701366,gap,24,0.95551,0.7223192,0.6901832187920001
24062.197978026234,gap,24,1.14304,0.8184852,0.9355613230080001
24069.216003001202,gap,24,0.9465799,0.7225879,0.68398718212321
24073.296649032272,gap,24,0.93765,0.7225879,0.6775345444349999
24077.370184008032,gap,24,0.95551,0.7223192,0.6901832187920001
24083.681735035498,gap,24,1.77707,0.8184852,1.454505494364
24088.40648602927,gap,24,1.12518,0.8184852,0.9209431773360001
24095.488677034155,gap,24,0.9465799,0.7225879,0.68398718212321
24099.58328603534,gap,24,0.96444,0.7223192,0.696633529248
24106.95480799768,gap,24,1.11625,0.8187538,0.9139339292499999
24114.03496202547,gap,24,0.93765,0.7225879,0.6775345444349999
24118.12994099455,gap,24,0.9465799,0.7225879,0.68398718212321
24122.214069007896,gap,24,0.9465799,0.7225879,0.68398718212321
24126.28304801183,gap,24,0.9465799,0.7223192,0.6837328361040801
24133.62518098438,gap,24,1.13411,0.8182165,0.9279475148149999
24140.620669990312,gap,24,0.9465799,0.723125,0.6844955901875001
24148.226301011164,gap,24,1.10732,0.8182165,0.9060274947800001
24152.406020031776,gap,24,1.14304,0.8184852,0.9355613230080001
24159.488932986278,gap,24,0.9465799,0.7223192,0.6837328361040801
24163.565672002733,gap,24,0.9465799,0.7225879,0.68398718212321
24170.858027995564,gap,24,1.11625,0.8184852,0.9136341045
24177.918367029633,gap,24,0.9465799,0.7223192,0.6837328361040801
24182.03597603133,gap,24,0.9465799,0.7220506,0.68347858474294
24186.16156600183,gap,24,0.9465799,0.7223192,0.6837328361040801
24193.511551013216,gap,24,1.11625,0.8179479,0.9130343433749999
24200.56490902789,gap,24,0.95551,0.7223192,0.6901832187920001
24204.68007400632,gap,24,0.9465799,0.7220506,0.68347858474294
24208.781849010848,gap,24,0.93765,0.7225879,0.6775345444349999
24212.886938999873,gap,24,0.9465799,0.7228564,0.68424133882636
24220.2386650024,gap,24,1.12518,0.8184852,0.9209431773360001
24224.379366030917,gap,24,1.10732,0.8182165,0.9060274947800001
24231.457501999103,gap,24,0.9465799,0.7223192,0.6837328361040801
24235.559944005217,gap,24,0.9465799,0.7223192,0.6837328361040801
24239.670368027873,gap,24,0.9465799,0.7220506,0.68347858474294
24246.979742019903,gap,24,1.09839,0.8179479,0.898425793881
24253.98136000149,gap,24,0.9465799,0.7228564,0.68424133882636
24258.068895025644,gap,24,0.9465799,0.7228564,0.68424133882636
24262.14639301179,gap,24,0.9465799,0.7228564,0.68424133882636
24266.220909019466,gap,24,0.9465799,0.7225879,0.68398718212321
24270.31088800868,gap,24,0.9287199,0.7223192,0.67083221519208
24274.363294010982,gap,24,0.93765,0.7223192,0.67728259788
24278.430310019758,gap,24,1.12518,0.7228564,0.813343564152
24282.505863986444,gap,24,0.9733699,0.7225879,0.7033453119642099
24286.567842995282,gap,24,0.95551,0.7223192,0.6901832187920001
24290.653026022483,gap,24,0.9287199,0.7228564,0.67133112352236
24294.738709984813,gap,24,0.96444,0.7225879,0.6968926742759999
24298.788522020914,gap,24,0.96444,0.7225879,0.6968926742759999
24302.857019996736,gap,24,0.9465799,0.7225879,0.68398718212321
24306.922111019958,gap,24,0.96444,0.7228564,0.6971516264159999
24311.011145997327,gap,24,0.9287199,0.7228564,0.67133112352236
24315.052237012424,gap,24,0.93765,0.7220506,0.6770307450899999
24319.110957032535,gap,24,0.9287199,0.7225879,0.67108176222921
24323.197733028792,gap,24,0.9465799,0.7225879,0.68398718212321
24327.287490013987,gap,24,0.9465799,0.7228564,0.68424133882636
24331.34302502731,gap,24,0.9465799,0.7225879,0.68398718212321
24335.425264027435,gap,24,0.9287199,0.7223192,0.67083221519208
24339.47815099964,gap,24,0.9287199,0.7223192,0.67083221519208
24343.544778006617,gap,24,0.9465799,0.7225879,0.68398718212321
24347.60420199018,gap,24,0.9465799,0.7225879,0.68398718212321
24351.66584799299,gap,24,0.9465799,0.7225879,0.68398718212321
24355.75325402897,gap,24,0.9465799,0.7223192,0.6837328361040801
24359.83617702732,gap,24,0.9465799,0.7225879,0.68398718212321
24363.90647199005,gap,24,0.9465799,0.7225879,0.68398718212321
24367.9656740278,gap,24,0.9465799,0.7220506,0.68347858474294
24372.014616033994,gap,24,0.9287199,0.7225879,0.67108176222921
24376.118929008953,gap,24,0.93765,0.7228564,0.6777863034599999
24382.427646021824,gap,24,1.11625,0.8182165,0.913334168125
24387.118341983296,gap,24,1.08946,0.8184852,0.8917068859920001
24394.15960700717,gap,24,0.9465799,0.7225879,0.68398718212321
24398.22266099509,gap,24,0.9465799,0.7225879,0.68398718212321
24402.29440003168,gap,24,0.9465799,0.7225879,0.68398718212321
24406.36278700549,gap,24,0.9465799,0.723125,0.6844955901875001
24410.436285019387,gap,24,1.14304,0.723125,0.8265608000000001
24414.48354203021,gap,24,1.00909,0.7223192,0.7288850815280001
24418.551335984375,gap,24,0.9287199,0.7223192,0.67083221519208
24422.61733399937,gap,24,0.9465799,0.7228564,0.68424133882636
24426.68242502259,gap,24,0.9465799,0.7228564,0.68424133882636
24430.74246001197,gap,24,0.93765,0.7225879,0.6775345444349999
24434.8085320089,gap,24,0.93765,0.7223192,0.67728259788
24438.87612299295,gap,24,0.9465799,0.7225879,0.68398718212321
24442.962175991852,gap,24,0.9465799,0.7223192,0.6837328361040801
24447.03041500179,gap,24,0.9287199,0.7225879,0.67108176222921
24451.09552401118,gap,24,0.9465799,0.7223192,0.6837328361040801
24455.15393000096,gap,24,0.9465799,0.7225879,0.68398718212321
24459.214057016652,gap,24,0.9465799,0.7220506,0.68347858474294
24463.289036997594,gap,24,0.93765,0.7225879,0.6775345444349999
24467.36670099199,gap,24,0.93765,0.7228564,0.6777863034599999
24471.4133850066,gap,24,0.9465799,0.7228564,0.68424133882636
24475.481864006724,gap,24,0.93765,0.7225879,0.6775345444349999
24479.534325015265,gap,24,0.9465799,0.7225879,0.68398718212321
24483.62574900966,gap,24,0.9465799,0.7225879,0.68398718212321
24487.69376502605,gap,24,0.9465799,0.7223192,0.6837328361040801
24491.76859698491,gap,24,0.9465799,0.7220506,0.68347858474294
24495.84629799938,gap,24,0.9465799,0.7223192,0.6837328361040801
24499.904278025497,gap,24,0.93765,0.7225879,0.6775345444349999
24503.95786901936,gap,24,0.9465799,0.7225879,0.68398718212321
24508.034922007937,gap,24,0.9287199,0.7223192,0.67083221519208
24512.110550014768,gap,24,0.9465799,0.723125,0.6844955901875001
24516.175437020138,gap,24,0.9287199,0.7223192,0.67083221519208
24520.684800983872,bench:264d4c26cb15a7ab,25,0.9287199,0.7225879,0.67108176222921
24527.790621039458,bench:264d4c26cb15a7ab,25,2.65221,0.7228564,1.917166972644
24536.840885994025,bench:264d4c26cb15a7ab,25,4.50072,0.8902067,4.006571098824001
24545.011196983978,bench:264d4c26cb15a7ab,25,4.13459,0.9291566,3.8416815867940004
24552.98917600885,bench:264d4c26cb15a7ab,25,4.1078,0.9291566,3.8167894814800003
24560.894304013345,bench:264d4c26cb15a7ab,25,5.40265,0.9291566,5.01990790499
24568.995189038105,bench:264d4c26cb15a7ab,25,5.58125,0.928888,5.18435615
24573.04926100187,bench:264d4c26cb15a7ab,25,4.13459,0.9299625,3.8450136528750005
24577.09422201151,bench:264d4c26cb15a7ab,25,4.08101,0.928888,3.7908012168800003
24581.16877602879,bench:264d4c26cb15a7ab,25,4.11673,0.9294252,3.826192603595999
24585.320051002782,bench:264d4c26cb15a7ab,25,4.08101,0.928888,3.7908012168800003
24589.384419028647,bench:264d4c26cb15a7ab,25,4.08994,0.9283507,3.796898661958
24593.91404199414,bench:264d4c26cb15a7ab,25,4.08101,0.9286194,3.789705057594
24597.98357798718,bench:264d4c26cb15a7ab,25,4.1078,0.928888,3.8156861264
24604.947454994544,bench:264d4c26cb15a7ab,25,4.07208,0.928888,3.7825062470399997
24609.15119299898,bench:264d4c26cb15a7ab,25,5.52767,0.928888,5.1345863309599995
24616.74780503381,bench:264d4c26cb15a7ab,25,5.40265,0.9299625,5.024261900625
24620.883080002386,bench:264d4c26cb15a7ab,25,4.14352,0.928888,3.8488660057599997
24625.081631995272,bench:264d4c26cb15a7ab,25,4.07208,0.9286194,3.7814124863519996
24633.142092032358,bench:264d4c26cb15a7ab,25,4.11673,0.928888,3.82398109624
24637.307477998547,bench:264d4c26cb15a7ab,25,4.08101,0.928888,3.7908012168800003
24641.369475983083,bench:264d4c26cb15a7ab,25,4.07208,0.9286194,3.7814124863519996
24645.3945300309,bench:264d4c26cb15a7ab,25,4.09887,0.9286194,3.8062902000779997
24653.01954903407,bench:264d4c26cb15a7ab,25,4.05422,0.9294252,3.768094234344
24660.717550024856,bench:264d4c26cb15a7ab,25,5.54553,0.928888,5.151176270640001
24664.947398006916,bench:264d4c26cb15a7ab,25,4.1078,0.9294252,3.81789283656
24669.02658098843,bench:264d4c26cb15a7ab,25,4.12566,0.9294252,3.8344923706319998
24673.119819024578,bench:264d4c26cb15a7ab,25,4.1078,0.9286194,3.81458277132
24677.19166900497,bench:264d4c26cb15a7ab,25,5.67948,0.9369466,5.321369475768
24681.24677898595,bench:264d4c26cb15a7ab,25,5.5366,0.9291566,5.14436843156
24685.428811993916,bench:264d4c26cb15a7ab,25,5.64376,0.9291566,5.243936852816001
24692.207618034445,bench:264d4c26cb15a7ab,25,4.22389,0.928888,3.9235207343200003
24696.329949016217,bench:264d4c26cb15a7ab,25,4.0185,0.9291566,3.7338157971000006
24701.035718026105,bench:264d4c26cb15a7ab,25,5.491949,0.9304997,5.1102568969153
24705.142660008278,bench:264d4c26cb15a7ab,25,5.34907,0.9294252,4.971560454564
24709.236435999628,bench:264d4c26cb15a7ab,25,5.52767,0.9286194,5.1331015987979995
24713.383099995553,bench:264d4c26cb15a7ab,25,5.509809,0.9280821,5.1135551073189
24717.4713939894,bench:264d4c26cb15a7ab,25,5.66162,0.9291566,5.260531589692
24721.637649985496,bench:264d4c26cb15a7ab,25,5.67948,0.9280821,5.271023725308
24725.712759012822,bench:264d4c26cb15a7ab,25,5.4473,0.928888,5.059931602400001
24729.85179402167,bench:264d4c26cb15a7ab,25,5.45623,0.928888,5.06822657224
24733.924272994045,bench:264d4c26cb15a7ab,25,5.51874,0.9280821,5.121843808554
24740.971280029044,bench:264d4c26cb15a7ab,25,5.48302,0.928888,5.09311148176
24748.45676298719,bench:264d4c26cb15a7ab,25,5.67948,0.9326486,5.2969590707280005
24759.75195103092,bench:264d4c26cb15a7ab,25,5.63483,0.9291566,5.235639484378
24765.015252982266,bench:264d4c26cb15a7ab,25,5.67948,0.9291566,5.277126326568
24769.13119503297,bench:264d4c26cb15a7ab,25,5.67055,0.9294252,5.27035206786
24776.900100987405,bench:264d4c26cb15a7ab,25,5.59911,0.9296938,5.205457852517999
24784.89156201249,bench:264d4c26cb15a7ab,25,5.67055,0.928888,5.2673058484
24792.642432032153,bench:264d4c26cb15a7ab,25,5.69734,0.9299625,5.298312549749999
24800.915390020236,bench:264d4c26cb15a7ab,25,5.50088,0.9304997,5.118567189736001
24808.88905399479,bench:264d4c26cb15a7ab,25,5.67948,0.9291566,5.277126326568
24816.89501402434,bench:264d4c26cb15a7ab,25,5.6259,0.9326486,5.24698775874
24821.07869599713,bench:264d4c26cb15a7ab,25,5.51874,0.928888,5.126291361120001
24828.895362035837,bench:264d4c26cb15a7ab,25,5.54553,0.9291566,5.152665799998
24836.93754399428,bench:264d4c26cb15a7ab,25,5.67948,0.9369466,5.321369475768
24848.96726201987,bench:264d4c26cb15a7ab,25,5.45623,0.928888,5.06822657224
24853.045037016273,bench:264d4c26cb15a7ab,25,5.72413,0.9280821,5.3124625910729995
24860.94140599016,bench:264d4c26cb15a7ab,25,5.54553,0.9296938,5.155644858714
24868.88760799775,bench:264d4c26cb15a7ab,25,5.509809,0.9286194,5.1165155276946
24876.893364009447,bench:264d4c26cb15a7ab,25,5.56339,0.9296938,5.172249189982
24884.931806009263,bench:264d4c26cb15a7ab,25,5.61697,0.9294252,5.220553465644
24892.894192016684,bench:264d4c26cb15a7ab,25,5.52767,0.9286194,5.1331015987979995
24897.02152303653,bench:264d4c26cb15a7ab,25,5.50088,0.9299625,5.115612117
24901.280130026862,bench:264d4c26cb15a7ab,25,5.65269,0.9280821,5.246160405849
24912.970777018927,bench:264d4c26cb15a7ab,25,5.474089,0.9294252,5.0877562636428
24917.1480149962,bench:264d4c26cb15a7ab,25,5.50088,0.928888,5.1097014214400005
24924.896070035174,bench:264d4c26cb15a7ab,25,5.6259,0.9280821,5.22129708639
24931.449192983564,bench:264d4c26cb15a7ab,25,5.24191,0.9184118,4.814231998538
24940.96256402554,bench:264d4c26cb15a7ab,25,5.509809,0.9294252,5.120955331786799
24945.139579998795,bench:264d4c26cb15a7ab,25,5.59018,0.9286194,5.191149597492
24952.94822700089,bench:264d4c26cb15a7ab,25,5.59018,0.9280821,5.188145993778
24960.899169032928,bench:264d4c26cb15a7ab,25,5.65269,0.928888,5.25071590872
24968.90398103278,bench:264d4c26cb15a7ab,25,5.66162,0.928888,5.259010878560001
24976.65125899948,bench:264d4c26cb15a7ab,25,5.4473,0.9286194,5.05846845762
24980.97997700097,bench:264d4c26cb15a7ab,25,5.491949,0.9291566,5.1028806602134
24988.949585007504,bench:264d4c26cb15a7ab,25,5.59018,0.9291566,5.194152642188
24993.44019003911,bench:264d4c26cb15a7ab,25,5.67055,0.9369466,5.3130025426300005
24997.92555498425,bench:264d4c26cb15a7ab,25,5.65269,0.9291566,5.252234221254
25005.053689994384,bench:264d4c26cb15a7ab,25,5.67055,0.9291566,5.26882895813
25009.533350996207,bench:264d4c26cb15a7ab,25,5.68841,0.928888,5.283895788080001
25014.054936997127,bench:264d4c26cb15a7ab,25,5.51874,0.9326486,5.147045134764
25019.5329770213,bench:264d4c26cb15a7ab,25,5.34014,0.9197549,4.911619931686
25025.335532031022,bench:264d4c26cb15a7ab,25,5.24191,0.9194863,4.819864430832999
25030.704185017385,bench:264d4c26cb15a7ab,25,5.474089,0.928888,5.084815583032
25037.066457036417,bench:264d4c26cb15a7ab,25,5.491949,0.9291566,5.1028806602134
25047.375451016705,bench:264d4c26cb15a7ab,25,5.25977,0.9192177,4.8348736819289995
25056.407067982946,bench:264d4c26cb15a7ab,25,5.68841,0.9291566,5.285423695006
25064.958725997712,bench:264d4c26cb15a7ab,25,5.51874,0.928888,5.126291361120001
25072.924409003463,bench:264d4c26cb15a7ab,25,5.72413,0.9280821,5.3124625910729995
25084.97777499724,bench:264d4c26cb15a7ab,25,5.54553,0.9270077,5.1407490105810005
25089.096050010994,bench:264d4c26cb15a7ab,25,5.491949,0.9286194,5.0999303852106
25093.24917703634,bench:264d4c26cb15a7ab,25,5.804499,0.9291566,5.3932885555434
25097.354378027376,bench:264d4c26cb15a7ab,25,5.474089,0.928888,5.084815583032
25101.46628302755,bench:264d4c26cb15a7ab,25,5.55446,0.9304997,5.168423363662
25105.546300008427,bench:264d4c26cb15a7ab,25,5.509809,0.9291566,5.1194753970894
25109.63526100386,bench:264d4c26cb15a7ab,25,5.70627,0.928888,5.30048572776
25113.721220986918,bench:264d4c26cb15a7ab,25,5.58125,0.9275449,5.176859973125
25117.820460000075,bench:264d4c26cb15a7ab,25,5.67055,0.9294252,5.27035206786
25121.9038470299,bench:264d4c26cb15a7ab,25,5.46516,0.9304997,5.085329740452
25125.99362200126,bench:264d4c26cb15a7ab,25,5.66162,0.9280821,5.254448179002
25130.27643301757,bench:264d4c26cb15a7ab,25,5.58125,0.9294252,5.187354397499999
25136.73533400288,bench:264d4c26cb15a7ab,25,5.56339,0.9304997,5.176732725983
25141.01749600377,bench:264d4c26cb15a7ab,25,5.43837,0.9291566,5.053097378742
25145.10506798979,bench:264d4c26cb15a7ab,25,5.51874,0.9270077,5.115914474298
25149.234084005002,bench:264d4c26cb15a7ab,25,5.51874,0.928888,5.126291361120001
25156.897770008072,bench:264d4c26cb15a7ab,25,5.68841,0.9369466,5.329736408906
25164.89763802383,bench:264d4c26cb15a7ab,25,5.67948,0.9294252,5.278651834895999
25169.056635000743,bench:264d4c26cb15a7ab,25,5.52767,0.9299625,5.1405258123749995
25173.498240008485,bench:264d4c26cb15a7ab,25,5.69734,0.9296938,5.296781674491999
25177.604163996875,bench:264d4c26cb15a7ab,25,5.509809,0.9304997,5.1268756215573
25184.442412981298,bench:264d4c26cb15a7ab,25,5.58125,0.928888,5.18435615
25192.707834008615,bench:264d4c26cb15a7ab,25,5.509809,0.9291566,5.1194753970894
25197.012347984128,bench:264d4c26cb15a7ab,25,5.491949,0.9283507,5.0984546985143
25201.096735021565,bench:264d4c26cb15a7ab,25,5.45623,0.9294252,5.0711576589959995
25205.17471403582,bench:264d4c26cb15a7ab,25,5.52767,0.9278135,5.1286468495449995
25209.261712036096,bench:264d4c26cb15a7ab,25,5.51874,0.9372153,5.172247564722
25213.339951005764,bench:264d4c26cb15a7ab,25,5.52767,0.9326486,5.155373686762
25217.460504034534,bench:264d4c26cb15a7ab,25,5.6259,0.9291566,5.22734211594
25221.558650024235,bench:264d4c26cb15a7ab,25,5.56339,0.9304997,5.176732725983
25225.64138803864,bench:264d4c26cb15a7ab,25,5.67948,0.9294252,5.278651834895999
25229.7378120129,bench:264d4c26cb15a7ab,25,5.64376,0.9326486,5.263644862736
25233.83968003327,bench:264d4c26cb15a7ab,25,5.509809,0.9326486,5.1387156501174
25240.720150992274,bench:264d4c26cb15a7ab,25,5.64376,0.9304997,5.251516986872001
25244.83651900664,bench:264d4c26cb15a7ab,25,4.57216,0.9286194,4.245796475904
25248.902221035678,bench:264d4c26cb15a7ab,25,4.16138,0.9286194,3.8643381987720002
25252.993385016453,bench:264d4c26cb15a7ab,25,4.16138,0.9294252,3.867691438776
25257.029161031824,bench:264d4c26cb15a7ab,25,4.5543,0.9286194,4.229211333419999
25261.14634401165,bench:264d4c26cb15a7ab,25,5.64376,0.9280821,5.237872632696001
25268.708696996327,bench:264d4c26cb15a7ab,25,5.57232,0.9280821,5.171570447472001
25273.018156003673,bench:264d4c26cb15a7ab,25,5.69734,0.9280821,5.287599271614
25277.166820014827,bench:264d4c26cb15a7ab,25,5.56339,0.9275449,5.1602940212110004
25281.595388019923,bench:264d4c26cb15a7ab,25,5.55446,0.9283507,5.156486829122
25285.70823802147,bench:264d4c26cb15a7ab,25,5.68841,0.9291566,5.285423695006
25289.792235998902,bench:264d4c26cb15a7ab,25,4.16138,0.9291566,3.866573692108
25293.942158983555,bench:264d4c26cb15a7ab,25,4.16138,0.9286194,3.8643381987720002
25298.018286004663,bench:264d4c26cb15a7ab,25,4.13459,0.9291566,3.8416815867940004
25304.90973900305,bench:264d4c26cb15a7ab,25,4.14352,0.928888,3.8488660057599997
25309.347881004214,bench:264d4c26cb15a7ab,25,5.7152,0.9291566,5.310315800320001
25313.475064001977,bench:264d4c26cb15a7ab,25,5.65269,0.9294252,5.253752533787999
25320.477903995197,bench:264d4c26cb15a7ab,25,5.52767,0.9280821,5.1301315817069995
25334.931210032664,bench:264d4c26cb15a7ab,25,3.38447,0.9296938,3.146520775286
25344.888670020737,bench:264d4c26cb15a7ab,25,5.4473,0.9278135,5.05407847855
25368.95945703145,bench:264d4c26cb15a7ab,25,5.59018,0.9286194,5.191149597492
25376.90128898248,bench:264d4c26cb15a7ab,25,5.67948,0.9294252,5.278651834895999
25384.89019300323,bench:264d4c26cb15a7ab,25,5.67948,0.9286194,5.274075309912
25392.658452037722,bench:264d4c26cb15a7ab,25,5.54553,0.9286194,5.149686741282
25400.954539014492,bench:264d4c26cb15a7ab,25,5.54553,0.9304997,5.160114001341
25412.973424012307,bench:264d4c26cb15a7ab,25,5.67948,0.9294252,5.278651834895999
25417.04305203166,bench:264d4c26cb15a7ab,25,5.54553,0.9270077,5.1407490105810005
25424.89340202883,bench:264d4c26cb15a7ab,25,5.509809,0.9294252,5.120955331786799
25432.954640011303,bench:264d4c26cb15a7ab,25,5.67055,0.9280821,5.262735952155
25440.899137000088,bench:264d4c26cb15a7ab,25,5.67055,0.928888,5.2673058484
25452.964281023014,bench:264d4c26cb15a7ab,25,5.55446,0.9294252,5.162455096392
25457.143408013508,bench:264d4c26cb15a7ab,25,5.39372,0.928888,5.01016178336
25464.926054992247,bench:264d4c26cb15a7ab,25,5.67055,0.9294252,5.27035206786
25472.870033991057,bench:264d4c26cb15a7ab,25,4.15245,0.928888,3.8571609756000003
25476.941569009796,bench:264d4c26cb15a7ab,25,4.43821,0.9286194,4.1214079072739995
25481.004956003744,bench:264d4c26cb15a7ab,25,4.16138,0.9294252,3.867691438776
25485.032899014186,bench:264d4c26cb15a7ab,25,4.42928,0.9280821,4.110735483888001
25489.056324004196,bench:264d4c26cb15a7ab,25,4.15245,0.928888,3.8571609756000003
25493.073470017407,bench:264d4c26cb15a7ab,25,4.17031,0.9286194,3.8726307700139997
25497.0629690215,bench:264d4c26cb15a7ab,25,4.18817,0.928888,3.8903408549600007
25501.185670029372,bench:264d4c26cb15a7ab,25,4.15245,0.9291566,3.85827632367
25505.15165098477,bench:264d4c26cb15a7ab,25,4.18817,0.9283507,3.8880905512190003
25509.13916801801,bench:264d4c26cb15a7ab,25,4.17924,0.9291566,3.8831684289840003
25513.153481006157,bench:264d4c26cb15a7ab,25,4.1971,0.928888,3.8986358248
25517.167127982248,bench:264d4c26cb15a7ab,25,4.44714,0.9291566,4.132089482124
25521.166588994674,bench:264d4c26cb15a7ab,25,4.13459,0.9291566,3.8416815867940004
25525.1461250009,gap,26,1.71456,0.928888,1.59263420928
25531.592359999195,gap,26,1.55382,0.9036377,1.404090331014
25535.52352602128,gap,26,1.57168,0.9036377,1.420229300336
25542.70817898214,gap,26,1.18769,0.8179479,0.9714685413509999
25546.877287037205,gap,26,1.1609,0.8184852,0.95017946868
25553.91120101558,gap,26,1.00016,0.7223192,0.722434771072
25557.99045803724,gap,26,1.00016,0.7225879,0.7227035140639999
25562.08206701558,gap,26,1.00016,0.7223192,0.722434771072
25569.385645037983,gap,26,1.17876,0.8182165,0.96448088154
25576.467317994684,gap,26,1.00016,0.7225879,0.7227035140639999
25580.618204025086,gap,26,1.00016,0.7228564,0.7229720570239999
25584.751146030612,gap,26,0.9822999,0.7225879,0.70979802191121
25592.31392503716,gap,26,1.15197,0.8184852,0.942870395844
25596.5323849814,gap,26,1.1609,0.8179479,0.94955571711
25600.69262300385,gap,26,1.1609,0.8182165,0.9498675348500001
25604.85919401981,gap,26,1.1609,0.8187538,0.95049128642
25608.99471002631,gap,26,1.15197,0.8179479,0.9422514423629998
25613.125837000553,gap,26,1.16983,0.8182165,0.957174208195
25620.156324992422,gap,26,0.9822999,0.7228564,0.71006176943436
25624.239230004605,gap,26,0.9822999,0.7223192,0.7095340779280801
25628.307838982437,gap,26,0.9822999,0.7223192,0.7095340779280801
25636.37948402902,gap,26,0.9733699,0.7223192,0.70308376747208
25640.4719260172,gap,26,0.96444,0.7223192,0.696633529248
25644.56914603943,gap,26,0.96444,0.7223192,0.696633529248
25648.669422022067,gap,26,0.9733699,0.7223192,0.70308376747208
25652.840419032145,gap,26,0.9822999,0.7225879,0.70979802191121
25656.95799002424,gap,26,0.96444,0.7225879,0.6968926742759999
25664.238828001544,gap,26,1.15197,0.8184852,0.942870395844
25668.39488002006,gap,26,1.13411,0.8182165,0.9279475148149999
25672.554118034896,gap,26,1.14304,0.8182165,0.93525418816
25676.7218009918,gap,26,1.13411,0.8179479,0.9276428928689999
25680.906964000314,gap,26,1.1609,0.8179479,0.94955571711
25687.97121103853,gap,26,0.9108599,0.7225879,0.6581763423352099
25695.807025011163,gap,26,1.37522,0.9291566,1.2777947394520002
25701.692913018633,gap,26,1.37522,0.9283507,1.276686449654
25706.393904983997,gap,26,1.39308,0.9283507,1.293266793156
25713.134599034674,gap,26,1.35736,0.928888,1.26083541568
25717.250355985016,gap,26,1.3395,0.9286194,1.2438856862999998
25721.39177902136,gap,26,1.34843,0.9291566,1.252902634138
25728.396933991462,gap,26,1.37522,0.9286194,1.277055971268
25732.574802008457,gap,26,1.38415,0.9286194,1.28534854251
25739.373161981348,gap,26,1.35736,0.9283507,1.2601061061519998
25743.501771008596,gap,26,1.34843,0.9286194,1.252178257542
25750.456075009424,gap,26,1.98246,0.9286194,1.840950815724
25757.27691600332,gap,26,1.3395,0.9280821,1.24316597295
25765.176100016106,gap,26,0.9733699,0.7220506,0.70282232031694
25769.2949679913,gap,26,0.9733699,0.7228564,0.70360666178236
25773.388242989313,gap,26,0.96444,0.7220506,0.696374480664
25777.470408007503,gap,26,0.96444,0.7228564,0.6971516264159999
25784.749375015963,gap,26,1.13411,0.8179479,0.9276428928689999
25791.95249103941,gap,26,0.96444,0.7225879,0.6968926742759999
25796.042784990277,gap,26,0.96444,0.7225879,0.6968926742759999
25800.131078984123,gap,26,0.9733699,0.7223192,0.70308376747208
25804.19496598188,gap,26,0.96444,0.7223192,0.696633529248
25808.25994600309,gap,26,0.9733699,0.7225879,0.7033453119642099
25812.32446199283,gap,26,0.96444,0.7225879,0.6968926742759999
25816.408441984095,gap,26,0.96444,0.7220506,0.696374480664
25820.576291007455,gap,26,0.96444,0.7223192,0.696633529248
25827.911091037095,gap,26,1.14304,0.8182165,0.93525418816
25832.09399500629,gap,26,1.14304,0.8182165,0.93525418816
25836.232029017992,gap,26,1.13411,0.8187538,0.928556872118
25840.37954499945,gap,26,1.13411,0.8179479,0.9276428928689999
25847.46271802578,gap,26,0.9733699,0.7223192,0.70308376747208
25851.542863994837,gap,26,0.93765,0.7228564,0.6777863034599999
25855.600695009343,gap,26,0.96444,0.7225879,0.6968926742759999
25859.699045016896,gap,26,0.95551,0.7223192,0.6901832187920001
25863.783560984302,gap,26,0.96444,0.7220506,0.696374480664
25867.850596026983,gap,26,0.96444,0.7225879,0.6968926742759999
25871.923964994494,gap,26,0.95551,0.7223192,0.6901832187920001
25876.004277030006,gap,26,0.9465799,0.7225879,0.68398718212321
25880.077905021608,gap,26,0.96444,0.7225879,0.6968926742759999
25884.151346981525,gap,26,0.95551,0.721782,0.6896699188200001
25888.232141034678,gap,26,0.96444,0.7223192,0.696633529248
25892.29815802537,gap,26,0.95551,0.7228564,0.690696518764
25896.365710999817,gap,26,0.9733699,0.7223192,0.70308376747208
25900.445765000768,gap,26,0.93765,0.7225879,0.6775345444349999
25904.610336001497,gap,26,0.96444,0.7223192,0.696633529248
25912.212633993477,gap,26,1.12518,0.8187538,0.9212454006840001
25916.376982000656,gap,26,1.13411,0.8182165,0.9279475148149999
25923.411341034807,gap,26,0.96444,0.7225879,0.6968926742759999
25927.495894022286,gap,26,0.96444,0.7223192,0.696633529248
25931.58846598817,gap,26,0.96444,0.7225879,0.6968926742759999
25938.9502099948,gap,26,1.12518,0.8182165,0.92064084147
25943.088522006292,gap,26,1.14304,0.8182165,0.93525418816
25950.155158003327,gap,26,0.96444,0.7225879,0.6968926742759999
25957.70490099676,gap,26,1.13411,0.8184852,0.928252250172
25961.86795301037,gap,26,1.12518,0.8184852,0.9209431773360001
25968.88855303405,gap,26,0.96444,0.7223192,0.696633529248
25972.985661006533,gap,26,0.96444,0.7228564,0.6971516264159999
25977.054326038342,gap,26,0.96444,0.7223192,0.696633529248
25981.12613899866,gap,26,0.96444,0.7225879,0.6968926742759999
25985.186248028185,gap,26,0.96444,0.7223192,0.696633529248
25989.251560997218,gap,26,0.93765,0.7220506,0.6770307450899999
25993.3262069826,gap,26,0.96444,0.7225879,0.6968926742759999
25997.416020021774,gap,26,0.96444,0.7225879,0.6968926742759999
26001.48272101069,gap,26,0.96444,0.7225879,0.6968926742759999
26005.56909001898,gap,26,0.95551,0.7225879,0.6904399643289999
26009.632105997298,gap,26,0.9465799,0.7225879,0.68398718212321
26013.68878898211,gap,26,0.96444,0.7225879,0.6968926742759999
26017.766101984307,gap,26,0.96444,0.7220506,0.696374480664
26021.840989007615,gap,26,0.95551,0.7223192,0.6901832187920001
26026.00369002903,gap,26,0.96444,0.7225879,0.6968926742759999
26033.229157037567,gap,26,1.17876,0.8327221,0.981579502596
26049.012802017387,gap,26,1.17876,0.8332592,0.982212614592
