t_ms,phase,window_id,I_A,V_V,P_W
8.092153002507985,warmup,1,1.57168,0.9286194,1.459492538592
23.186767008155584,warmup,1,2.29501,0.928888,2.13180724888
38.76732001663186,warmup,1,1.61633,0.928888,1.5013895410400002
42.85113699734211,warmup,1,2.57184,0.9283507,2.3875694642879997
68.9297320204787,warmup,1,4.7329,0.9259331,4.38234876899
72.97865999862552,warmup,1,1.56275,0.928888,1.4516197220000002
77.14905100874603,warmup,1,4.84006,0.9299625,4.501074297750001
81.37181200436316,warmup,1,2.68793,0.9283507,2.4953416970510003
86.73445199383423,warmup,1,4.00064,0.9294252,3.7182956321279996
90.9773420135025,warmup,1,5.11689,0.9296938,4.7571409082819995
95.41702599381097,warmup,1,4.02743,0.9259331,3.729130744933
99.60421299911104,warmup,1,5.08117,0.928888,4.71983783896
104.08995300531387,warmup,1,4.0185,0.9291566,3.7338157971000006
108.39191701961681,warmup,1,3.10764,0.9304997,2.891658087708
112.95582301681861,warmup,1,4.89364,0.9296938,4.549586767432
117.12843499844894,warmup,1,4.0185,0.9283507,3.73057728795
121.29627101239748,warmup,1,3.99171,0.9280821,3.704634599391
125.5967160104774,warmup,1,1.56275,0.9286194,1.45119996735
139.861595002003,warmup,1,1.6074,0.928888,1.4930945712
144.08328200806864,idle,2,2.24143,0.9286194,2.0814353817419997
147.89082302013412,idle,2,1.56275,0.9286194,1.45119996735
151.74736501649022,idle,2,1.54489,0.928888,1.4350297823200002
155.60751801240258,idle,2,1.57168,0.928888,1.4599146918400001
159.48617001413368,idle,2,1.59847,0.9259331,1.480076282357
163.36648899596184,idle,2,1.55382,0.928888,1.4433247521600001
167.23197500687093,idle,2,1.61633,0.9286194,1.500955394802
171.06751599931158,idle,2,1.56275,0.928888,1.4516197220000002
174.88659502123483,idle,2,1.57168,0.9283507,1.459070228176
178.7149150040932,idle,2,1.55382,0.9283507,1.442489884674
182.58427100954577,idle,2,1.56275,0.928888,1.4516197220000002
186.42259002081119,idle,2,1.61633,0.928888,1.5013895410400002
190.29363201116212,idle,2,1.56275,0.928888,1.4516197220000002
194.118581013754,idle,2,1.71456,0.928888,1.59263420928
197.96543702250347,idle,2,1.55382,0.9286194,1.442907396108
205.85338899400085,idle,2,1.57168,0.928888,1.4599146918400001
209.711781993974,idle,2,2.24143,0.9259331,2.075414228333
213.56799101340584,idle,2,1.56275,0.9286194,1.45119996735
217.40771702025086,idle,2,1.54489,0.9291566,1.435444739774
221.26890701474622,idle,2,1.57168,0.9283507,1.459070228176
225.10920799686573,idle,2,1.85744,0.9286194,1.724854818336
228.94628602080047,idle,2,1.57168,0.928888,1.4599146918400001
232.76614301721565,idle,2,1.56275,0.9283507,1.450780056425
236.5861480066087,idle,2,1.54489,0.9283507,1.434199712923
240.41331899934448,idle,2,1.55382,0.9291566,1.4437421082119999
244.21328702010214,idle,2,1.56275,0.9283507,1.450780056425
248.03258801694028,idle,2,1.56275,0.9291566,1.45203947665
251.82161200791597,idle,2,1.58954,0.9286194,1.476077681076
255.6499500060454,idle,2,1.55382,0.9286194,1.442907396108
259.46125100017525,idle,2,1.54489,0.928888,1.4350297823200002
263.2797920086887,idle,2,1.56275,0.9283507,1.450780056425
267.0910940214526,idle,2,1.54489,0.928888,1.4350297823200002
270.89896899997257,idle,2,1.55382,0.9283507,1.442489884674
274.6956589980982,idle,2,1.64312,0.9286194,1.525833108528
278.52697801426984,idle,2,1.55382,0.928888,1.4433247521600001
282.3299459996633,idle,2,1.68777,0.9299625,1.569562808625
286.2061540072318,idle,2,1.58061,0.9283507,1.467360399927
290.0496960210148,idle,2,1.56275,0.9291566,1.45203947665
293.8962000189349,idle,2,1.58061,0.9283507,1.467360399927
297.71865002112463,idle,2,1.56275,0.928888,1.4516197220000002
301.53811699710786,idle,2,1.54489,0.9286194,1.434614824866
305.36202900111675,idle,2,1.55382,0.9283507,1.442489884674
309.17796000721864,idle,2,1.55382,0.9286194,1.442907396108
313.0072049971204,idle,2,1.55382,0.9280821,1.442072528622
316.8138400069438,idle,2,1.56275,0.9286194,1.45119996735
320.6092340114992,idle,2,1.54489,0.9283507,1.434199712923
324.39935000729747,idle,2,1.56275,0.9283507,1.450780056425
328.2311140210368,idle,2,1.54489,0.928888,1.4350297823200002
332.0540630083997,idle,2,1.67884,0.928888,1.55945432992
335.8633460011333,idle,2,2.00925,0.9286194,1.86582852945
339.66751702246256,idle,2,1.54489,0.928888,1.4350297823200002
343.463707016781,idle,2,1.54489,0.9286194,1.434614824866
347.255638014758,idle,2,1.57168,0.9286194,1.459492538592
351.0882910049986,idle,2,1.55382,0.9286194,1.442907396108
354.8957029997837,idle,2,1.56275,0.928888,1.4516197220000002
358.730578009272,idle,2,1.56275,0.9283507,1.450780056425
362.63399000745267,idle,2,1.53596,0.928888,1.4267348124800001
366.52806799975224,idle,2,1.68777,0.9283507,1.566842460939
370.39651701343246,idle,2,1.62526,0.928888,1.50968451088
374.25579901901074,idle,2,1.54489,0.9286194,1.434614824866
378.13598799402826,idle,2,1.55382,0.9283507,1.442489884674
382.0281960070133,idle,2,1.68777,0.9283507,1.566842460939
385.91132999863476,idle,2,1.55382,0.9283507,1.442489884674
389.7669819998555,idle,2,1.55382,0.9294252,1.4441594642639999
393.6083940207027,idle,2,1.54489,0.9286194,1.434614824866
397.45410301839,idle,2,1.54489,0.9286194,1.434614824866
401.30514401244,idle,2,1.54489,0.9283507,1.434199712923
405.13274099794216,idle,2,1.55382,0.928888,1.4433247521600001
409.1359300073236,idle,2,3.3934,0.9286194,3.1511770719600003
413.03911901195534,idle,2,1.57168,0.9294252,1.4607589983359999
416.89710499485955,idle,2,1.54489,0.928888,1.4350297823200002
420.74268401484005,idle,2,1.55382,0.9286194,1.442907396108
424.62402101955377,idle,2,2.25036,0.928888,2.0903323996800003
428.49280301015824,idle,2,1.55382,0.9286194,1.442907396108
432.3699740052689,idle,2,1.54489,0.9283507,1.434199712923
436.2491640204098,idle,2,1.57168,0.9286194,1.459492538592
440.110187017126,idle,2,1.68777,0.9294252,1.568655969804
443.97345001925714,idle,2,2.24143,0.9283507,2.080833109501
447.80789900687523,idle,2,2.27715,0.9283507,2.1139937965049995
451.6738670063205,idle,2,1.54489,0.9275449,1.4329548405610002
455.52748200134374,idle,2,1.54489,0.9286194,1.434614824866
459.431263996521,idle,2,1.43773,0.9286194,1.335103969962
466.10587401664816,idle,2,1.55382,0.928888,1.4433247521600001
470.03374801715836,idle,2,1.44666,0.9286194,1.343396541204
473.9702710066922,idle,2,1.45559,0.928888,1.35208008392
477.8259050217457,idle,2,1.43773,0.9283507,1.334717651911
481.69659401173703,idle,2,2.29501,0.9286194,2.131190809194
485.5888760066591,idle,2,1.45559,0.9286194,1.351689112446
489.4558429950848,idle,2,1.43773,0.9283507,1.334717651911
493.3153850142844,idle,2,1.43773,0.9286194,1.335103969962
497.22068500705063,idle,2,1.45559,0.9299625,1.353644115375
501.07531901448965,idle,2,1.46452,0.9286194,1.359981683688
504.90547201479785,idle,2,1.44666,0.9291566,1.3441736869560001
508.75675401766784,idle,2,1.46452,0.9283507,1.359588167164
512.596148008015,idle,2,1.45559,0.9286194,1.351689112446
516.4385600073729,idle,2,1.43773,0.9286194,1.335103969962
520.2642130025197,idle,2,1.45559,0.9291566,1.352471055394
524.1179210133851,idle,2,2.25036,0.9286194,2.089727952984
527.9734439973254,idle,2,2.87546,0.928888,2.67098028848
533.034216001397,idle,2,1.43773,0.9283507,1.334717651911
538.0896179995034,idle,2,1.56275,0.9283507,1.450780056425
542.0135839958675,idle,2,1.54489,0.9283507,1.434199712923
545.8783289941493,idle,2,1.54489,0.9283507,1.434199712923
549.7720740095247,idle,2,2.25929,0.9286194,2.098020524226
553.6450229992624,idle,2,1.55382,0.9283507,1.442489884674
557.4946390115656,idle,2,1.54489,0.9283507,1.434199712923
561.3508840033319,idle,2,2.25036,0.9286194,2.089727952984
565.2425920125097,idle,2,1.95567,0.928888,1.8165983949600002
569.1425770055503,idle,2,1.57168,0.9291566,1.4603368450879999
573.0355810082983,idle,2,3.38447,0.928888,3.14379356936
576.8991410150193,idle,2,1.54489,0.928888,1.4350297823200002
580.7501270028297,idle,2,1.54489,0.9286194,1.434614824866
584.5692059956491,idle,2,1.55382,0.9283507,1.442489884674
588.3829150116071,idle,2,1.56275,0.9286194,1.45119996735
592.2486410127021,idle,2,1.54489,0.9291566,1.435444739774
596.1912189959548,idle,2,1.54489,0.928888,1.4350297823200002
600.1004819991067,idle,2,2.25929,0.9283507,2.097413453003
604.0136899973731,idle,2,1.56275,0.9283507,1.450780056425
607.8883240115829,idle,2,1.67884,0.928888,1.55945432992
611.7786430113483,idle,2,1.54489,0.9291566,1.435444739774
615.6623320130166,idle,2,1.54489,0.928888,1.4350297823200002
619.5133920118678,idle,2,1.54489,0.9283507,1.434199712923
623.3715260168537,idle,2,1.54489,0.928888,1.4350297823200002
627.2036230075173,idle,2,1.54489,0.928888,1.4350297823200002
631.0438869986683,idle,2,1.67884,0.9291566,1.559905266344
634.8703550174832,idle,2,1.58954,0.928888,1.47650463152
638.7308590055909,idle,2,1.55382,0.928888,1.4433247521600001
642.5896419968922,idle,2,1.57168,0.9286194,1.459492538592
646.4636269956827,idle,2,1.55382,0.9291566,1.4437421082119999
650.3006130224094,idle,2,1.53596,0.9283507,1.425909541172
654.1371180210263,idle,2,2.26822,0.9291566,2.107531583252
657.9965300043114,idle,2,1.54489,0.9286194,1.434614824866
661.8585709948093,idle,2,1.73242,0.9294252,1.610154804984
665.7268530107103,idle,2,1.68777,0.9326486,1.5740963276220001
669.6500790130813,idle,2,1.54489,0.928888,1.4350297823200002
673.6290090193506,idle,2,1.55382,0.9286194,1.442907396108
677.4807730107568,idle,2,1.58061,0.9286194,1.467785109834
681.345388002228,idle,2,1.53596,0.928888,1.4267348124800001
685.1724480220582,idle,2,1.53596,0.9283507,1.425909541172
689.0763039991725,idle,2,1.56275,0.9283507,1.450780056425
692.914698011009,idle,2,1.54489,0.9286194,1.434614824866
696.7462760221679,idle,2,1.54489,0.9299625,1.436689766625
700.5583179998212,idle,2,1.54489,0.9291566,1.435444739774
704.3441570131108,idle,2,1.54489,0.9286194,1.434614824866
708.1373099936172,idle,2,1.77707,0.9286194,1.6502216771579998
711.9538330007344,idle,2,1.57168,0.928888,1.4599146918400001
715.7400790019892,idle,2,1.53596,0.928888,1.4267348124800001
719.5216210093349,idle,2,1.54489,0.9291566,1.435444739774
723.3146630169358,idle,2,2.00925,0.9304997,1.8696065222250002
727.119131013751,idle,2,1.54489,0.928888,1.4350297823200002
730.9083760192152,idle,2,1.54489,0.9283507,1.434199712923
734.6555110125337,idle,2,1.66098,0.9283507,1.541971945686
738.4696460212581,idle,2,1.99139,0.9286194,1.8492433869659999
742.2781320055947,idle,2,1.54489,0.9286194,1.434614824866
746.1574140179437,idle,2,1.54489,0.9286194,1.434614824866
750.005270994734,idle,2,1.54489,0.928888,1.4350297823200002
753.7949240067974,idle,2,1.58061,0.9286194,1.467785109834
757.620651012985,idle,2,1.55382,0.9286194,1.442907396108
761.4407660148572,idle,2,1.70563,0.9278135,1.582506540005
765.2874010091182,idle,2,1.70563,0.9283507,1.583422804441
769.1112940083258,idle,2,1.55382,0.9286194,1.442907396108
772.9007070010994,idle,2,1.53596,0.9294252,1.427559930192
776.7185260017868,idle,2,1.54489,0.9280821,1.4337847554690002
780.5455120105762,idle,2,1.58061,0.9296938,1.4694833172180002
784.3461470038164,idle,2,1.58954,0.9291566,1.4769315819639999
788.1446700193919,idle,2,1.54489,0.9283507,1.434199712923
791.9300640060101,idle,2,1.54489,0.9286194,1.434614824866
795.7165690022521,idle,2,2.28608,0.928888,2.1235122790400003
799.5542410062626,idle,2,1.58061,0.9286194,1.467785109834
803.4230600169394,idle,2,1.54489,0.9286194,1.434614824866
807.2519160050433,idle,2,1.54489,0.928888,1.4350297823200002
811.0458840092178,idle,2,1.55382,0.928888,1.4433247521600001
814.8775180161465,idle,2,1.54489,0.9286194,1.434614824866
818.6718570068479,idle,2,1.53596,0.9283507,1.425909541172
822.4878430191893,idle,2,1.54489,0.9286194,1.434614824866
826.3174029998481,idle,2,1.58061,0.9283507,1.467360399927
830.1315190037712,idle,2,1.53596,0.9280821,1.425496982316
833.9652639988344,idle,2,1.54489,0.9291566,1.435444739774
837.7931209979579,idle,2,1.58954,0.9283507,1.475650571678
841.6187740222085,idle,2,1.55382,0.9283507,1.442489884674
845.4213340010028,idle,2,1.55382,0.9286194,1.442907396108
849.2293950112071,idle,2,2.21464,0.9283507,2.055962594248
853.0278260004707,idle,2,1.55382,0.9283507,1.442489884674
856.819792999886,idle,2,1.54489,0.9283507,1.434199712923
860.6553350109607,idle,2,1.94674,0.9304997,1.811440985978
864.5361910166685,idle,2,1.86637,0.928888,1.7336486965600002
868.3671769977082,idle,2,1.54489,0.928888,1.4350297823200002
872.192997019738,idle,2,2.24143,0.928888,2.0820374298399997
876.0396120196674,idle,2,2.64328,0.9286194,2.4546010876319997
879.9065060156863,idle,2,1.58954,0.9283507,1.475650571678
883.7418619950768,idle,2,1.54489,0.928888,1.4350297823200002
887.558145012008,idle,2,2.09855,0.9299625,1.951572804375
891.3430389948189,idle,2,1.54489,0.9283507,1.434199712923
895.1845620176755,idle,2,1.57168,0.928888,1.4599146918400001
899.0050480060745,idle,2,1.56275,0.928888,1.4516197220000002
902.8274599986617,idle,2,1.54489,0.9286194,1.434614824866
906.6256130172405,idle,2,1.57168,0.928888,1.4599146918400001
910.4527290037367,idle,2,1.71456,0.9286194,1.5921736784640002
914.2660490178969,idle,2,1.55382,0.9286194,1.442907396108
918.0980350065511,idle,2,1.54489,0.9283507,1.434199712923
921.922743000323,idle,2,1.54489,0.9283507,1.434199712923
925.743711006362,idle,2,1.54489,0.9286194,1.434614824866
929.5336600043811,idle,2,1.98246,0.9291566,1.8420157932360002
933.3402210031636,idle,2,1.56275,0.9283507,1.450780056425
937.1896329976153,idle,2,1.54489,0.9291566,1.435444739774
941.0425440000836,idle,2,1.62526,0.9283507,1.508811258682
944.9260120163672,idle,2,1.97353,0.9283507,1.832127956971
948.8012570072897,idle,2,1.59847,0.9286194,1.484370252318
952.693002007436,idle,2,1.55382,0.928888,1.4433247521600001
956.5509690146428,idle,2,1.55382,0.928888,1.4433247521600001
960.3985480207484,idle,2,1.58954,0.928888,1.47650463152
964.2499780165963,idle,2,1.55382,0.9283507,1.442489884674
968.0785380187444,idle,2,2.28608,0.9283507,2.122283968256
971.8884690082632,idle,2,1.54489,0.9286194,1.434614824866
975.7136400148738,idle,2,1.56275,0.928888,1.4516197220000002
979.5020160090644,idle,2,1.56275,0.9283507,1.450780056425
983.266224997351,idle,2,1.56275,0.928888,1.4516197220000002
987.0535260124598,idle,2,1.54489,0.9286194,1.434614824866
990.8567719976418,idle,2,1.54489,0.9286194,1.434614824866
994.65614699875,idle,2,1.55382,0.9283507,1.442489884674
998.4488550107926,idle,2,1.54489,0.9286194,1.434614824866
1002.2016760194674,idle,2,1.54489,0.9283507,1.434199712923
1005.9922730142716,idle,2,1.59847,0.928888,1.4847996013600002
1009.8274820193183,idle,2,1.54489,0.9286194,1.434614824866
1013.6711340164766,idle,2,1.53596,0.9294252,1.427559930192
1017.4841200059745,idle,2,1.56275,0.9291566,1.45203947665
1021.2932550057303,idle,2,1.54489,0.928888,1.4350297823200002
1025.0732419954147,idle,2,1.53596,0.928888,1.4267348124800001
1028.8687090214808,idle,2,1.54489,0.9286194,1.434614824866
1032.666233018972,idle,2,1.54489,0.9299625,1.436689766625
1036.469645012403,idle,2,1.54489,0.928888,1.4350297823200002
1040.2686320012435,idle,2,1.54489,0.9283507,1.434199712923
1044.106470013503,idle,2,3.15229,0.9283507,2.9264306281029997
1047.9138630034868,idle,2,1.55382,0.9286194,1.442907396108
1051.7411640030332,idle,2,1.54489,0.9294252,1.435859697228
1055.5981500074267,idle,2,1.56275,0.9283507,1.450780056425
1059.5143389946315,idle,2,1.54489,0.9286194,1.434614824866
1063.5176390060224,idle,2,1.54489,0.928888,1.4350297823200002
1067.3581059963908,idle,2,2.25929,0.9280821,2.096806607709
1071.2014629971236,idle,2,1.53596,0.9283507,1.425909541172
1074.9960050161462,idle,2,1.54489,0.9283507,1.434199712923
1078.7832690111827,idle,2,1.54489,0.928888,1.4350297823200002
1082.6019220112357,idle,2,1.57168,0.9283507,1.459070228176
1086.4565189986024,idle,2,1.55382,0.928888,1.4433247521600001
1090.2338390005752,idle,2,2.13427,0.928888,1.98249779176
1094.031103013549,idle,2,1.55382,0.928888,1.4433247521600001
1097.811793006258,idle,2,1.53596,0.9283507,1.425909541172
1101.577947003534,idle,2,1.54489,0.9280821,1.4337847554690002
1105.373155005509,idle,2,1.58061,0.9283507,1.467360399927
1109.1306610032916,idle,2,1.54489,0.9286194,1.434614824866
1112.9124060098547,idle,2,1.52703,0.928888,1.4184398426400002
1116.6900779935531,idle,2,1.54489,0.928888,1.4350297823200002
1120.4600830096751,idle,2,1.54489,0.9283507,1.434199712923
1124.2138289962895,idle,2,1.54489,0.928888,1.4350297823200002
1127.9722610197496,idle,2,1.53596,0.928888,1.4267348124800001
1131.7263579985593,idle,2,1.54489,0.9283507,1.434199712923
1135.5348080105614,idle,2,1.54489,0.9286194,1.434614824866
1139.36644201749,idle,2,1.53596,0.9286194,1.426322253624
1143.205669010058,idle,2,1.54489,0.9283507,1.434199712923
1147.0045809983276,idle,2,1.55382,0.9291566,1.4437421082119999
1150.8375120174605,idle,2,1.55382,0.928888,1.4433247521600001
1154.6348870033398,idle,2,1.58061,0.9291566,1.468634213526
1158.4774290095083,idle,2,1.55382,0.9283507,1.442489884674
1162.2858780028764,idle,2,1.58954,0.9294252,1.4773585324079999
1166.2016600021161,idle,2,1.55382,0.9286194,1.442907396108
1170.0423860165756,idle,2,2.27715,0.9286194,2.1146056667099997
1173.8533730094787,idle,2,1.53596,0.9283507,1.425909541172
1177.6848029985558,idle,2,1.53596,0.9283507,1.425909541172
1181.5001410141122,idle,2,1.58061,0.9283507,1.467360399927
1185.3509790089447,idle,2,1.56275,0.9294252,1.4524592313
1189.2400390061084,idle,2,1.53596,0.9286194,1.426322253624
1193.1088020210154,idle,2,1.53596,0.9286194,1.426322253624
1196.9707329990342,idle,2,1.67884,0.928888,1.55945432992
1200.8914960024413,idle,2,1.56275,0.928888,1.4516197220000002
1208.739132998744,idle,2,1.54489,0.9283507,1.434199712923
1212.6117300067563,idle,2,1.84851,0.9283507,1.716065552457
1216.478771995753,idle,2,1.59847,0.9286194,1.484370252318
1220.340757019585,idle,2,1.57168,0.9326486,1.465825151648
1224.1882620146498,idle,2,2.15213,0.9280821,1.9973533298730002
1228.055989020504,idle,2,1.55382,0.9283507,1.442489884674
1231.885251996573,idle,2,1.55382,0.9286194,1.442907396108
1235.7349609956145,idle,2,1.85744,0.9318428,1.7308420904319999
1239.5669470133726,idle,2,1.54489,0.9291566,1.435444739774
1243.3965810050722,idle,2,1.70563,0.9302311,1.586630071093
1247.1971420163754,idle,2,1.58954,0.9286194,1.476077681076
1251.006998005323,idle,2,1.54489,0.928888,1.4350297823200002
1254.8924279981293,idle,2,1.86637,0.9302311,1.736155418107
1258.8330430153292,idle,2,1.57168,0.9283507,1.459070228176
1262.7600289997645,idle,2,1.6074,0.9286194,1.49266282356
1266.7495320201851,idle,2,1.58061,0.9291566,1.468634213526
1270.6615540082566,idle,2,1.61633,0.9283507,1.500521086931
1274.5495960116386,idle,2,1.54489,0.9283507,1.434199712923
1278.4184330084827,idle,2,1.54489,0.9283507,1.434199712923
1282.273734017508,idle,2,1.68777,0.9286194,1.567295964738
1286.1752379976679,idle,2,1.54489,0.9294252,1.435859697228
1290.046316018561,idle,2,1.54489,0.9286194,1.434614824866
1293.8597660104278,idle,2,1.58061,0.9294252,1.469058765372
1297.66589999781,idle,2,1.53596,0.9283507,1.425909541172
1301.4670349948574,idle,2,1.53596,0.9283507,1.425909541172
1305.2804470062256,idle,2,2.16106,0.9286194,2.006802240564
1309.1494140098803,idle,2,1.54489,0.9286194,1.434614824866
1313.0222700128797,idle,2,2.29501,0.9283507,2.130574140007
1316.8881260207854,idle,2,1.56275,0.928888,1.4516197220000002
1320.7026130112354,idle,2,1.54489,0.9286194,1.434614824866
1324.4975990091916,idle,2,1.54489,0.9291566,1.435444739774
1328.321937005967,idle,2,2.00925,0.9326486,1.8739241995500002
1332.1341270057019,idle,2,1.58954,0.9286194,1.476077681076
1335.988206003094,idle,2,1.58061,0.9286194,1.467785109834
1339.8479880124796,idle,2,1.57168,0.9286194,1.459492538592
1343.7106780183967,idle,2,1.72349,0.9286194,1.600466249706
1347.5617750082165,idle,2,1.54489,0.9283507,1.434199712923
1351.3854640186764,idle,2,1.53596,0.928888,1.4267348124800001
1355.2196359960362,idle,2,1.70563,0.9291566,1.584797371658
1359.0358259971254,idle,2,2.00925,0.9304997,1.8696065222250002
1362.8826269996352,idle,2,1.55382,0.9286194,1.442907396108
1366.6881310055032,idle,2,1.54489,0.9283507,1.434199712923
1370.5043210065924,idle,2,1.58061,0.9299625,1.469908027125
1374.3234559951816,idle,2,2.00925,0.928888,1.8663682140000002
1378.1835900153965,idle,2,1.54489,0.9283507,1.434199712923
1382.0884460001253,idle,2,2.25036,0.928888,2.0903323996800003
1385.9428580035456,idle,2,1.54489,0.9286194,1.434614824866
1389.8205660225358,idle,2,1.54489,0.9286194,1.434614824866
1393.693088000873,idle,2,1.55382,0.928888,1.4433247521600001
1397.5030190194957,idle,2,1.53596,0.9294252,1.427559930192
1401.300968020223,idle,2,1.59847,0.9291566,1.485228950402
1405.136047018459,idle,2,1.53596,0.9286194,1.426322253624
1409.0175699966494,idle,2,1.54489,0.9304997,1.4375196815330002
1412.9507770121563,idle,2,1.54489,0.9283507,1.434199712923
1416.81046699523,idle,2,1.54489,0.9286194,1.434614824866
1420.6639339972753,idle,2,1.67884,0.928888,1.55945432992
1424.512087018229,idle,2,1.66991,0.9283507,1.550262117437
1428.349146997789,idle,2,1.53596,0.9302311,1.428797760356
1432.2082260041498,idle,2,1.54489,0.9286194,1.434614824866
1436.065675021382,idle,2,3.44698,0.9286194,3.200932499412
1439.9335860216524,idle,2,1.55382,0.9283507,1.442489884674
1443.8127939938568,idle,2,1.97353,0.928888,1.8331883346400002
1447.6956319995224,idle,2,1.55382,0.928888,1.4433247521600001
1451.5161180170253,idle,2,1.55382,0.928888,1.4433247521600001
1455.3505860094447,idle,2,1.53596,0.9294252,1.427559930192
1459.2366449942347,idle,2,1.4288,0.9291566,1.3275789500800002
1464.270510012284,idle,2,1.44666,0.928888,1.3437851140800001
1469.2798379983287,idle,2,3.38447,0.9286194,3.142884500718
1473.1887500092853,idle,2,1.43773,0.928888,1.33549014424
1477.116271998966,idle,2,3.36661,0.9286194,3.126299358234
1481.01772001246,idle,2,1.43773,0.9283507,1.334717651911
1484.8729289951734,idle,2,1.49131,0.928888,1.38525996328
1488.7583030213136,idle,2,1.43773,0.9291566,1.335876318518
1492.5915860221721,idle,2,1.46452,0.928888,1.3603750537600001
1496.497256011935,idle,2,1.45559,0.928888,1.35208008392
1500.3447790222708,idle,2,1.44666,0.9283507,1.343007823662
1504.170062020421,idle,2,1.43773,0.9283507,1.334717651911
1508.0328439944424,idle,2,1.45559,0.9286194,1.351689112446
1512.0810689986683,idle,2,1.45559,0.9283507,1.351297995413
1516.0100359935313,idle,2,2.00032,0.9291566,1.858610530112
1519.8892810149118,idle,2,1.48238,0.9283507,1.376168510666
1523.7419519980904,idle,2,1.45559,0.9283507,1.351297995413
1527.6092160202097,idle,2,1.43773,0.9291566,1.335876318518
1534.3212700099684,idle,2,2.8576,0.928888,2.6543903488000002
1538.238717999775,idle,2,1.54489,0.928888,1.4350297823200002
1542.1652040095069,idle,2,1.56275,0.928888,1.4516197220000002
1546.0485969961155,idle,2,1.54489,0.9286194,1.434614824866
1549.9261940130964,idle,2,1.55382,0.9283507,1.442489884674
1553.8009390002117,idle,2,1.54489,0.9286194,1.434614824866
1557.6451100059785,idle,2,1.54489,0.9304997,1.4375196815330002
1561.4894290047232,idle,2,1.53596,0.9283507,1.425909541172
1565.5060060089454,idle,2,1.54489,0.9278135,1.433369798015
1569.4180840218905,idle,2,1.54489,0.9283507,1.434199712923
1573.2865150202997,idle,2,1.55382,0.9286194,1.442907396108
1577.1609820076264,idle,2,1.54489,0.928888,1.4350297823200002
1581.0199120023753,idle,2,1.54489,0.9283507,1.434199712923
1584.8643240169622,idle,2,1.56275,0.9283507,1.450780056425
1588.6932730209082,idle,2,1.53596,0.9286194,1.426322253624
1592.5447409972548,idle,2,1.58954,0.928888,1.47650463152
1596.4109119959176,idle,2,1.53596,0.9283507,1.425909541172
1600.2779720001854,idle,2,1.57168,0.926739,1.4565371515199999
1604.155865003122,idle,2,1.54489,0.928888,1.4350297823200002
1608.0034250044264,idle,2,1.54489,0.928888,1.4350297823200002
1611.8390960036777,idle,2,1.58061,0.9283507,1.467360399927
1615.7230630051345,idle,2,1.68777,0.9291566,1.568202634782
1619.598882010905,idle,2,1.54489,0.9286194,1.434614824866
1623.4576650022063,idle,2,1.58061,0.9286194,1.467785109834
1627.297188009834,idle,2,2.25036,0.9283507,2.089123281252
1631.1149329994805,idle,2,1.53596,0.928888,1.4267348124800001
1634.9406040098984,idle,2,1.57168,0.9283507,1.459070228176
1638.8058680167887,idle,2,1.53596,0.928888,1.4267348124800001
1642.6620020065457,idle,2,1.53596,0.928888,1.4267348124800001
1646.5642469993327,idle,2,1.54489,0.9286194,1.434614824866
1650.4084920161404,idle,2,1.54489,0.9286194,1.434614824866
1654.2588860029355,idle,2,1.5181,0.9283507,1.40932919767
1658.1044830090832,idle,2,1.54489,0.9286194,1.434614824866
1661.9515060156118,idle,2,1.54489,0.9347976,1.444159464264
1665.8451770199463,idle,2,1.55382,0.9283507,1.442489884674
1669.701700011501,idle,2,1.56275,0.9283507,1.450780056425
1673.588056000881,idle,2,3.37554,0.928888,3.13549859952
1677.4781520070974,idle,2,1.54489,0.928888,1.4350297823200002
1681.3931009965017,idle,2,1.54489,0.9283507,1.434199712923
1685.2870680158958,idle,2,1.58954,0.9283507,1.475650571678
1689.1155720222741,idle,2,1.54489,0.928888,1.4350297823200002
1693.0799090187065,idle,2,1.57168,0.9286194,1.459492538592
1696.9558210112154,idle,2,1.55382,0.9286194,1.442907396108
1700.821733014891,idle,2,1.54489,0.928888,1.4350297823200002
1704.68195900321,idle,2,1.54489,0.9286194,1.434614824866
1708.5387050174177,idle,2,1.54489,0.9283507,1.434199712923
1712.369023996871,idle,2,1.55382,0.9278135,1.44165517257
1716.1948810098693,idle,2,1.54489,0.9283507,1.434199712923
1720.0242370017804,idle,2,1.54489,0.9286194,1.434614824866
1723.8844080129638,idle,2,1.6074,0.9283507,1.49223091518
1727.8043560218066,idle,2,1.56275,0.9286194,1.45119996735
1731.7846560035832,idle,2,1.55382,0.9286194,1.442907396108
1735.6918080186006,idle,2,1.54489,0.9283507,1.434199712923
1739.550608996069,idle,2,1.54489,0.928888,1.4350297823200002
1743.4124840074219,idle,2,1.55382,0.9286194,1.442907396108
1747.2894139937125,idle,2,1.58954,0.9291566,1.4769315819639999
1751.1627890053205,idle,2,1.56275,0.9280821,1.4503603017750002
1755.005181999877,idle,2,1.56275,0.928888,1.4516197220000002
1758.853500999976,idle,2,1.54489,0.9283507,1.434199712923
1762.7270980156027,idle,2,1.53596,0.928888,1.4267348124800001
1766.6412320104428,idle,2,1.5181,0.9286194,1.4097371111399999
1770.520051009953,idle,2,1.54489,0.9283507,1.434199712923
1774.3821479962207,idle,2,1.58954,0.9283507,1.475650571678
1778.3011520223226,idle,2,1.54489,0.9278135,1.433369798015
1782.2165999969002,idle,2,1.54489,0.928888,1.4350297823200002
1786.123863013927,idle,2,1.54489,0.9294252,1.435859697228
1789.9947940022685,idle,2,1.53596,0.9286194,1.426322253624
1793.8795200025197,idle,2,1.54489,0.9283507,1.434199712923
1797.7847090223804,idle,2,1.54489,0.9283507,1.434199712923
1801.6452880110592,idle,2,1.54489,0.9283507,1.434199712923
1805.4752919997554,idle,2,1.54489,0.9286194,1.434614824866
1809.3116670206655,idle,2,1.57168,0.9286194,1.459492538592
1813.2263940060511,idle,2,1.53596,0.928888,1.4267348124800001
1817.1135830052663,idle,2,1.53596,0.928888,1.4267348124800001
1820.9925130067859,idle,2,1.53596,0.928888,1.4267348124800001
1824.843647016678,idle,2,1.56275,0.9283507,1.450780056425
1828.7146700022276,idle,2,1.53596,0.9283507,1.425909541172
1832.5824339990504,idle,2,1.54489,0.9286194,1.434614824866
1836.4611230208538,idle,2,1.52703,0.9283507,1.417619369421
1840.3605350176804,idle,2,1.55382,0.9283507,1.442489884674
1844.2427240079269,idle,2,1.54489,0.9291566,1.435444739774
1848.1005990179256,idle,2,2.27715,0.9286194,2.1146056667099997
1851.9829180149827,idle,2,1.58954,0.9286194,1.476077681076
1855.8205150184222,idle,2,1.57168,0.928888,1.4599146918400001
1860.0388129998464,idle,2,1.54489,0.9280821,1.4337847554690002
1863.8944470149,idle,2,1.54489,0.9280821,1.4337847554690002
1867.771802993957,idle,2,1.54489,0.9283507,1.434199712923
1871.6566590010189,idle,2,1.56275,0.9286194,1.45119996735
1875.5460329994094,idle,2,1.54489,0.9286194,1.434614824866
1879.4116119970568,idle,2,1.68777,0.9294252,1.568655969804
1883.310616016388,idle,2,3.72381,0.9283507,3.457001620167
1887.1987680031452,idle,2,1.54489,0.9286194,1.434614824866
1891.0490510170348,idle,2,1.70563,0.9294252,1.585255503876
1894.9347400048282,idle,2,2.27715,0.9286194,2.1146056667099997
1898.7828740209807,idle,2,1.55382,0.9283507,1.442489884674
1902.6399530121125,idle,2,2.2325,0.928888,2.07374246
1906.5100490115583,idle,2,1.54489,0.9283507,1.434199712923
1910.3964430105407,idle,2,1.54489,0.9286194,1.434614824866
1914.286836021347,idle,2,1.56275,0.9283507,1.450780056425
1918.208728020545,idle,2,1.54489,0.9283507,1.434199712923
1922.0620290143415,idle,2,1.54489,0.928888,1.4350297823200002
1925.9345699974801,idle,2,1.54489,0.9286194,1.434614824866
1929.790390015114,idle,2,1.55382,0.9286194,1.442907396108
1933.64350500633,idle,2,1.55382,0.928888,1.4433247521600001
1937.4935649975669,idle,2,1.52703,0.9283507,1.417619369421
1941.3564029964618,idle,2,1.54489,0.928888,1.4350297823200002
1945.1526300108526,idle,2,1.53596,0.9283507,1.425909541172
1948.9925980160479,idle,2,1.54489,0.928888,1.4350297823200002
1952.8335650102235,idle,2,1.55382,0.928888,1.4433247521600001
1956.6663290024735,idle,2,2.27715,0.9283507,2.1139937965049995
1960.55377801531,idle,2,1.54489,0.9283507,1.434199712923
1964.473244996043,idle,2,1.53596,0.9294252,1.427559930192
1968.3352860156447,idle,2,1.58061,0.9286194,1.467785109834
1972.2309010103345,idle,2,1.54489,0.9283507,1.434199712923
1976.1104240023997,idle,2,2.25036,0.9286194,2.089727952984
1979.9966870050412,idle,2,1.53596,0.928888,1.4267348124800001
1983.8131370197516,idle,2,1.58061,0.9286194,1.467785109834
1987.6624000025913,idle,2,1.67884,0.9283507,1.5585522891880002
1991.512848995626,idle,2,1.56275,0.9283507,1.450780056425
1995.3808720165398,idle,2,1.53596,0.9286194,1.426322253624
1999.2534880002495,idle,2,1.54489,0.9283507,1.434199712923
2003.1387330091093,idle,2,1.53596,0.9283507,1.425909541172
2007.0197000168264,idle,2,1.54489,0.928888,1.4350297823200002
2010.938426014036,idle,2,1.54489,0.9286194,1.434614824866
2014.8221520066727,idle,2,1.58061,0.928888,1.4682096616800002
2018.6466760060284,idle,2,1.53596,0.928888,1.4267348124800001
2022.4863280018326,idle,2,1.58061,0.928888,1.4682096616800002
2026.3096290000249,idle,2,1.53596,0.9283507,1.425909541172
2030.1765780022833,idle,2,1.56275,0.9291566,1.45203947665
2034.0470270020887,idle,2,1.54489,0.9283507,1.434199712923
2037.8639020200353,idle,2,1.9646,0.9283507,1.8238377852199998
2041.7428690125234,idle,2,1.58061,0.9291566,1.468634213526
2045.5853920138907,idle,2,1.54489,0.9283507,1.434199712923
2049.4143970136065,idle,2,1.56275,0.928888,1.4516197220000002
2053.257809020579,idle,2,1.54489,0.9280821,1.4337847554690002
2057.0956470037345,idle,2,1.54489,0.9286194,1.434614824866
2060.967725003138,idle,2,1.54489,0.9291566,1.435444739774
2064.8293780104723,idle,2,1.65205,0.9286194,1.53412567977
2068.670919019496,idle,2,1.53596,0.9286194,1.426322253624
2072.5325160019565,idle,2,1.54489,0.9286194,1.434614824866
2076.3884280167986,idle,2,3.43805,0.928888,3.1935633884000003
2080.2775990159716,idle,2,1.54489,0.928888,1.4350297823200002
2084.1726590006147,idle,2,1.58954,0.9286194,1.476077681076
2088.0564039980527,idle,2,1.54489,0.928888,1.4350297823200002
2091.9143530190922,idle,2,1.55382,0.9283507,1.442489884674
2095.7960600208025,idle,2,1.54489,0.9283507,1.434199712923
2099.6580090140924,idle,2,1.52703,0.9286194,1.418029682382
2103.5890690109227,idle,2,1.73242,0.928888,1.60922414896
2107.590201019775,idle,2,1.56275,0.9259331,1.447001952025
2111.4920570107643,idle,2,1.55382,0.9291566,1.4437421082119999
2115.3264320164453,idle,2,1.71456,0.9286194,1.5921736784640002
2119.1646039951593,idle,2,1.54489,0.9283507,1.434199712923
2123.0224600003567,idle,2,1.54489,0.9283507,1.434199712923
2126.866594015155,idle,2,1.53596,0.928888,1.4267348124800001
2130.749764997745,idle,2,1.56275,0.9283507,1.450780056425
2134.628991014324,idle,2,1.68777,0.9286194,1.567295964738
2138.5323660215363,idle,2,1.54489,0.9291566,1.435444739774
2142.7294970199,prefill,3,1.68777,0.9286194,1.567295964738
2148.056545003783,prefill,3,2.5004,0.9304997,2.32662144988
2155.263854016084,prefill,3,2.72365,0.9286194,2.52923422881
2162.5493110041134,prefill,3,2.53612,0.9280821,2.353727575452
2168.289633002132,prefill,3,2.679,0.9280821,2.4863319459
2173.608051001793,prefill,3,2.70579,0.9280821,2.511195265359
2178.4240289998706,prefill,3,2.89332,0.9291566,2.6883473739120003
2182.8804350225255,prefill,3,2.74151,0.9294252,2.548028480052
2190.5353710171767,prefill,3,2.31287,0.9291566,2.149018425442
2199.66483101598,prefill,3,2.79509,0.9286194,2.595574798746
2206.5635500184726,prefill,3,2.88439,0.928888,2.67927525832
2214.930942020146,prefill,3,1.54489,0.9286194,1.434614824866
2219.2974420031533,prefill,3,2.59863,0.9275449,2.410346003487
2223.7434970156755,prefill,3,2.78616,0.9296938,2.590275677808
2228.4895130142104,prefill,3,2.5004,0.9286194,2.32191994776
2247.5607030210085,prefill,3,2.59863,0.9286194,2.413138231422
2252.521254005842,prefill,3,2.58077,0.9304997,2.401405710769
2256.9553650100715,prefill,3,2.74151,0.9286194,2.545819371294
2261.5751959965564,prefill,3,2.59863,0.9291566,2.414534215458
2265.7967900158837,prefill,3,3.3934,0.9291566,3.15300000644
2272.1486810187344,prefill,3,2.54505,0.9294252,2.36543360526
2276.511885022046,prefill,3,2.78616,0.928888,2.5880305900800002
2281.2966399942525,prefill,3,2.56291,0.9275449,2.377214099659
2290.3256379941013,prefill,3,2.63435,0.9291566,2.44772368921
2296.616770006949,prefill,3,2.56291,0.9286194,2.379967946454
2301.405784994131,prefill,3,4.04529,0.9296938,3.7608810322019997
2305.985506012803,prefill,3,2.59863,0.9278135,2.411043995505
2310.4690600011963,prefill,3,2.79509,0.928888,2.5963255599200004
2315.4688520007767,prefill,3,2.5897,0.9299625,2.4083238862500003
2320.299811020959,prefill,3,2.62542,0.9283507,2.437310494794
2326.6689050069544,prefill,3,2.70579,0.9283507,2.511922040553
2331.4601790043525,prefill,3,2.60756,0.928888,2.42213119328
2337.890235998202,prefill,3,2.60756,0.9326486,2.431937183416
2342.623511009151,prefill,3,2.75044,0.928888,2.5548507107200003
2348.097742011305,prefill,3,2.75937,0.928888,2.5631456805600004
2352.5570199999493,prefill,3,2.80402,0.9280821,2.602360770042
2358.1583430059254,prefill,3,2.60756,0.9294252,2.4235319745119996
2364.5038260146976,prefill,3,3.54521,0.9283507,3.291198185147
2370.560256007593,prefill,3,2.63435,0.928888,2.4470161028
2375.7814160198905,prefill,3,2.71472,0.928888,2.52167083136
2381.1102230101824,prefill,3,2.60756,0.9283507,2.4207301512919996
2387.741204001941,prefill,3,2.81295,0.9291566,2.61367105797
2396.661906008376,prefill,3,2.58077,0.9294252,2.3986326734039998
2400.936777004972,prefill,3,2.79509,0.9294252,2.597827082268
2405.6789220194332,prefill,3,2.64328,0.9280821,2.453180853288
2410.269458021503,prefill,3,2.54505,0.9299625,2.366801060625
2414.7401789959986,prefill,3,2.68793,0.9286194,2.496063943842
2421.957395999925,prefill,3,2.72365,0.928888,2.5299658012000004
2426.5671530156396,prefill,3,3.25052,0.9286194,3.018495932088
2430.7182480115443,prefill,3,2.80402,0.9283507,2.603113929814
2435.394856001949,prefill,3,2.47361,0.9283507,2.296377575027
2440.138798003318,prefill,3,2.60756,0.9286194,2.4214308026639997
2444.687573995907,prefill,3,2.60756,0.9286194,2.4214308026639997
2449.3281269969884,prefill,3,2.679,0.9278135,2.4856123665
2453.8642190163955,prefill,3,2.68793,0.9280821,2.4946197190530004
2459.11593400524,prefill,3,3.17015,0.928888,2.9447142932
2465.1084570214152,prefill,3,2.90225,0.9291566,2.69664474235
2469.2910879966803,prefill,3,2.44682,0.9307683,2.277422491806
2473.6280890065245,prefill,3,2.49147,0.9294252,2.315635003044
2477.835646015592,prefill,3,2.59863,0.9280821,2.411741987523
2512.517574999947,prefill,3,3.28624,0.9307683,3.058728018192
2550.5328090221155,prefill,3,2.89332,0.9326486,2.6984508473520004
2555.324657005258,prefill,3,2.64328,0.928888,2.45531107264
2560.260077996645,prefill,3,2.5897,0.9291566,2.40623684702
2564.3617100140546,prefill,3,2.73258,0.9283507,2.536792555806
2574.215720000211,prefill,3,2.29501,0.9326486,2.140437863486
2581.685990007827,prefill,3,2.7683,0.9294252,2.5729277811599998
2601.543896016665,prefill,3,2.71472,0.9280821,2.519483038512
2605.76380501152,prefill,3,2.89332,0.9286194,2.686793082408
2610.2435080101714,prefill,3,2.72365,0.9286194,2.52923422881
2618.112201016629,prefill,3,2.50933,0.9280821,2.328864255993
2627.51486201887,prefill,3,2.53612,0.928888,2.3557714345600003
2771.251332014799,prefill,3,1.6074,0.9291566,1.4935263188399999
2775.615591002861,prefill,3,2.67007,0.9286194,2.479478801358
2780.50480899401,prefill,3,2.90225,0.9294252,2.6974242867
2785.0094010063913,prefill,3,2.78616,0.9286194,2.587282227504
2789.4551409990527,prefill,3,1.62526,0.9286194,1.509247966044
2793.8819370174315,prefill,3,2.80402,0.9294252,2.6061268493039997
2798.316677013645,prefill,3,2.77723,0.9291566,2.580481584218
2802.613214997109,prefill,3,2.90225,0.928888,2.6958651980000004
2806.823790015187,prefill,3,2.80402,0.9283507,2.603113929814
2811.1922350071836,prefill,3,2.75044,0.9280821,2.5526341311240004
2816.825706016971,prefill,3,2.42003,0.9294252,2.249236866756
2820.955004019197,prefill,3,2.75937,0.9294252,2.564628014124
2835.1754400064237,prefill,3,2.60756,0.9291566,2.422831583896
2847.172820009291,prefill,3,2.82188,0.9280821,2.6189363163480004
2851.539727009367,prefill,3,2.80402,0.9286194,2.603867369988
2856.69973900076,prefill,3,1.97353,0.928888,1.8331883346400002
2862.280155008193,prefill,3,2.83974,0.9286194,2.637037654956
2867.015411000466,prefill,3,2.78616,0.9283507,2.586533586312
2872.330922022229,prefill,3,2.5897,0.9286194,2.40484566018
2881.0204040200915,prefill,3,2.51826,0.9294252,2.340534304152
2905.89897101745,prefill,3,2.5897,0.9294252,2.40693244044
2923.308158002328,prefill,3,2.50933,0.9286194,2.330212519002
2928.677501011407,prefill,3,1.65205,0.9286194,1.53412567977
2943.6349300085567,prefill,3,2.01818,0.9286194,1.874121100692
2948.0175409989897,prefill,3,2.70579,0.9286194,2.512649086326
2953.224682016298,prefill,3,2.45575,0.9291566,2.28177632045
2957.7340520045254,prefill,3,2.59863,0.928888,2.41383622344
2963.42468902003,prefill,3,2.59863,0.9294252,2.415232207476
2975.4099209967535,prefill,3,2.71472,0.9294252,2.5231291789439996
2982.931302016368,prefill,3,2.52719,0.9283507,2.346118605533
2987.7296129998285,prefill,3,2.72365,0.928888,2.5299658012000004
2992.0152990089264,prefill,3,2.72365,0.9291566,2.5306973735900002
2996.0979869938456,prefill,3,2.71472,0.9294252,2.5231291789439996
3000.4280430148356,prefill,3,2.73258,0.9294252,2.539728713016
3016.049596015364,prefill,3,3.44698,0.9291566,3.202784217068
3020.2231720031705,prefill,3,2.88439,0.9294252,2.680824752628
3024.345859012101,prefill,3,2.72365,0.9291566,2.5306973735900002
3028.312733018538,prefill,3,2.74151,0.928888,2.54655574088
3032.2820139990654,prefill,3,2.73258,0.9294252,2.539728713016
3036.274554004194,prefill,3,2.75044,0.9283507,2.553372899308
3040.20957701141,prefill,3,2.71472,0.928888,2.52167083136
3046.350414020708,prefill,3,4.57216,0.9294252,4.249480722432
3051.980236021336,prefill,3,2.84867,0.9278135,2.6430344830449997
3057.488357007969,prefill,3,2.80402,0.9286194,2.603867369988
3063.6861929961015,prefill,3,2.64328,0.9294252,2.4567310426559996
3069.193016999634,prefill,3,4.17924,0.9299625,3.8865364785
3073.52061002166,prefill,3,2.5897,0.9280821,2.40345421437
3122.545288002584,prefill,3,4.26854,0.928888,3.96499558352
3131.1126600194257,prefill,3,2.56291,0.9280821,2.378590894911
3156.9539600168355,prefill,3,2.70579,0.9283507,2.511922040553
3201.4794170099776,prefill,3,2.73258,0.9294252,2.539728713016
3208.700449002208,prefill,3,2.57184,0.9291566,2.389642110144
3218.389311019564,prefill,3,2.62542,0.9280821,2.436605306982
3225.895470008254,prefill,3,2.82188,0.9302311,2.6250005364680002
3230.6657810113393,prefill,3,2.57184,0.9272762,2.384806022208
3236.90258100396,prefill,3,4.12566,0.9280821,3.828951196686
3245.9030790196266,prefill,3,2.73258,0.928888,2.53826077104
3251.658196997596,prefill,3,4.70611,0.9291566,4.372713166826
3256.693005998386,prefill,3,2.47361,0.9291566,2.298371057326
3271.374289004598,prefill,3,2.49147,0.9286194,2.313627376518
3292.776460002642,prefill,3,2.679,0.928888,2.488490952
3298.794205999002,prefill,3,4.07208,0.928888,3.7825062470399997
3322.695095994277,prefill,3,4.45607,0.928888,4.1391899501600005
3330.9895069978666,prefill,3,3.81311,0.9304997,3.5480977110670002
3340.6341670197435,prefill,3,4.17924,0.9286194,3.880923341256
3348.4499890182633,prefill,3,2.33966,0.9286194,2.172653665404
3357.593838009052,prefill,3,2.39324,0.9304997,2.2269091020280003
3364.1718010185286,prefill,3,4.60788,0.9294252,4.282679790575999
3378.2237190171145,prefill,3,2.16999,0.9283507,2.014511735493
3386.3990209938493,prefill,3,2.679,0.9286194,2.4877713725999997
3394.864616013365,prefill,3,2.43789,0.9286194,2.263871949066
3399.2497640138026,prefill,3,2.77723,0.9280821,2.577497450583
3408.4989450057037,prefill,3,2.33966,0.9294252,2.1745389634319996
3419.400945014786,prefill,3,3.02727,0.9304997,2.816873826819
3424.2832559975795,prefill,3,3.00048,0.928888,2.7871098662400002
3429.5997850131243,prefill,3,2.65221,0.9304997,2.4678806093370005
3440.654080011882,prefill,3,2.5897,0.9283507,2.40414980779
3445.1089500216767,prefill,3,2.43789,0.9280821,2.262562070769
3449.498913018033,prefill,3,2.50933,0.9283507,2.329538262031
3454.299446020741,prefill,3,2.45575,0.928888,2.281116706
3464.7300250071567,prefill,3,2.28608,0.9291566,2.124126320128
3469.165301998146,prefill,3,3.50056,0.9286194,3.250687926864
3478.253595996648,prefill,3,2.86653,0.9326486,2.6734651913580003
3496.5399600041565,prefill,3,2.55398,0.928888,2.37236137424
3503.4179390058853,prefill,3,2.34859,0.9280821,2.1796843392390004
3508.19313901593,prefill,3,2.5004,0.9286194,2.32191994776
3513.8480169989634,prefill,3,2.35752,0.9283507,2.188605342264
3518.712420016527,prefill,3,2.57184,0.928888,2.38895131392
3541.1148050043266,prefill,3,2.75937,0.9294252,2.564628014124
3546.081745007541,prefill,3,2.54505,0.9291566,2.36475000483
3557.642425002996,prefill,3,2.52719,0.9283507,2.346118605533
3566.99093800853,prefill,3,1.56275,0.9286194,1.45119996735
3571.747750014765,prefill,3,5.91166,0.9291566,5.492857905956001
3575.97813999746,prefill,3,2.73258,0.9283507,2.536792555806
3603.0916520103347,prefill,3,2.70579,0.9299625,2.5162832328749998
3608.41868101852,prefill,3,3.50056,0.849645,2.9742333012
3613.739988009911,prefill,3,2.8576,0.8488392,2.42564289792
3618.3222450199537,prefill,3,3.96492,0.8509882,3.374100133944
3622.96374302241,prefill,3,3.42912,0.8491078,2.9116925391360002
3628.0466070165858,prefill,3,3.67916,0.8493765,3.12499204374
3632.590994995553,decode,4,3.96492,0.8485706,3.364514543352
3637.103383021895,decode,4,3.46484,0.8485706,2.940161357704
3641.5268639975693,decode,4,1.9646,0.8499137,1.66974045502
3656.913048005663,decode,4,2.00925,0.8485706,1.70499047805
3661.438547016587,decode,4,3.56307,0.8488392,3.0244734883440003
3666.672373015899,decode,4,3.67916,0.8493765,3.12499204374
3671.724368003197,idle,5,1.18769,0.8488392,1.008157829448
3676.278644008562,idle,5,2.06283,0.8480334,1.7493487385220001
3681.1920650070533,idle,5,2.0539,0.8493765,1.74453439335
3685.534362011822,idle,5,1.29485,0.8493765,1.099815161025
3690.076897997642,idle,5,1.19662,0.8491078,1.016059375636
3707.049717020709,idle,5,1.70563,0.9286194,1.583881107222
3712.1618959936313,bench:c3e6e3b38b352ca5,6,2.90225,0.9291566,2.69664474235
3716.3076949946117,bench:c3e6e3b38b352ca5,6,3.90241,0.9286194,3.6238536327540003
3720.5351589946076,bench:c3e6e3b38b352ca5,6,2.79509,0.9291566,2.597076321094
3724.7671420045663,bench:c3e6e3b38b352ca5,6,3.00941,0.928888,2.79540483608
3728.9957540051546,bench:c3e6e3b38b352ca5,6,2.78616,0.9280821,2.5857852237360004
3733.196754998062,bench:c3e6e3b38b352ca5,6,3.50056,0.928888,3.25162817728
3737.404535000678,bench:c3e6e3b38b352ca5,6,2.77723,0.9291566,2.580481584218
3741.674276010599,bench:c3e6e3b38b352ca5,6,2.78616,0.9304997,2.5925210441520004
3745.901185000548,bench:c3e6e3b38b352ca5,6,2.77723,0.928888,2.57973562024
3750.155686022481,bench:c3e6e3b38b352ca5,6,2.80402,0.928888,2.60462052976
3754.33329900261,bench:c3e6e3b38b352ca5,6,2.79509,0.928888,2.5963255599200004
3758.5110040090512,bench:c3e6e3b38b352ca5,6,2.84867,0.9286194,2.645330226198
3762.7790789993014,bench:c3e6e3b38b352ca5,6,2.84867,0.9286194,2.645330226198
3766.986266011372,bench:c3e6e3b38b352ca5,6,2.81295,0.9291566,2.61367105797
3771.1773790069856,bench:c3e6e3b38b352ca5,6,4.05422,0.928888,3.76591630736
3775.4286210110877,bench:c3e6e3b38b352ca5,6,2.78616,0.9280821,2.5857852237360004
3779.646529001184,bench:c3e6e3b38b352ca5,6,2.84867,0.9286194,2.645330226198
3783.8362350012176,bench:c3e6e3b38b352ca5,6,2.83974,0.9286194,2.637037654956
3788.125976017909,bench:c3e6e3b38b352ca5,6,2.84867,0.9280821,2.643799635807
3792.303348018322,bench:c3e6e3b38b352ca5,6,2.98262,0.9294252,2.7721221900239996
3796.6468860104214,bench:c3e6e3b38b352ca5,6,2.83081,0.9280821,2.627224089501
3800.929368007928,bench:c3e6e3b38b352ca5,6,2.79509,0.9280821,2.594072996889
3805.092462018365,bench:c3e6e3b38b352ca5,6,2.89332,0.9294252,2.689124519664
3809.6045910206158,bench:c3e6e3b38b352ca5,6,2.79509,0.9286194,2.595574798746
3813.870851008687,bench:c3e6e3b38b352ca5,6,2.89332,0.9291566,2.6883473739120003
3818.045168009121,bench:c3e6e3b38b352ca5,6,2.78616,0.9291566,2.5887789526560003
3822.3632050212473,bench:c3e6e3b38b352ca5,6,2.81295,0.928888,2.6129154996
3826.62605799851,bench:c3e6e3b38b352ca5,6,2.91118,0.928888,2.70416016784
3830.812264000997,bench:c3e6e3b38b352ca5,6,2.82188,0.928888,2.6212104694400002
3835.103004996199,bench:c3e6e3b38b352ca5,6,2.78616,0.9286194,2.587282227504
3839.3173399963416,bench:c3e6e3b38b352ca5,6,2.83974,0.9286194,2.637037654956
3843.4600089967716,bench:c3e6e3b38b352ca5,6,2.82188,0.9294252,2.622726383376
3847.747657011496,bench:c3e6e3b38b352ca5,6,2.7683,0.9294252,2.5729277811599998
3852.074324997375,bench:c3e6e3b38b352ca5,6,2.83974,0.9291566,2.638563163284
3856.2098639959004,bench:c3e6e3b38b352ca5,6,2.89332,0.928888,2.6875702281600002
3862.6529760076664,bench:c3e6e3b38b352ca5,6,2.54505,0.928888,2.3640664044
3866.9729760149494,bench:c3e6e3b38b352ca5,6,2.83081,0.9291566,2.630265794846
3871.194274019217,bench:c3e6e3b38b352ca5,6,2.83081,0.9280821,2.627224089501
3875.5838299985044,bench:c3e6e3b38b352ca5,6,2.92904,0.9294252,2.722323587808
3879.8233309935313,bench:c3e6e3b38b352ca5,6,2.83974,0.9291566,2.638563163284
3884.0382210037205,bench:c3e6e3b38b352ca5,6,2.87546,0.9283507,2.669435303822
3888.348128995858,bench:c3e6e3b38b352ca5,6,2.92904,0.9286194,2.719963367376
3892.5780380086508,bench:c3e6e3b38b352ca5,6,2.80402,0.9286194,2.603867369988
3896.8176869966555,bench:c3e6e3b38b352ca5,6,2.77723,0.928888,2.57973562024
3902.6731560006738,bench:c3e6e3b38b352ca5,6,2.78616,0.9296938,2.590275677808
3906.895916996291,bench:c3e6e3b38b352ca5,6,2.77723,0.9294252,2.581227548196
3911.129066022113,bench:c3e6e3b38b352ca5,6,2.81295,0.9294252,2.61442661634
3915.432381996652,bench:c3e6e3b38b352ca5,6,2.83081,0.928888,2.6295054392800004
3919.711382011883,bench:c3e6e3b38b352ca5,6,2.79509,0.9291566,2.597076321094
3923.8772920216434,bench:c3e6e3b38b352ca5,6,4.40249,0.9294252,4.091785148748
3928.034201002447,bench:c3e6e3b38b352ca5,6,2.77723,0.9294252,2.581227548196
3932.2528690099716,bench:c3e6e3b38b352ca5,6,3.82204,0.9299625,3.5543538735
3936.429777997546,bench:c3e6e3b38b352ca5,6,2.87546,0.9291566,2.671752637036
3940.673520002747,bench:c3e6e3b38b352ca5,6,2.83081,0.9280821,2.627224089501
3944.893188017886,bench:c3e6e3b38b352ca5,6,2.83974,0.9296938,2.640088671612
3949.184374010656,bench:c3e6e3b38b352ca5,6,2.92011,0.928888,2.71245513768
3953.4437080146745,bench:c3e6e3b38b352ca5,6,2.80402,0.9299625,2.60763344925
3957.6703759958036,bench:c3e6e3b38b352ca5,6,2.83974,0.9286194,2.637037654956
3961.884062999161,bench:c3e6e3b38b352ca5,6,4.48286,0.9286194,4.162870763483999
3966.3074700220022,bench:c3e6e3b38b352ca5,6,2.78616,0.9278135,2.58503686116
3970.6334700167645,bench:c3e6e3b38b352ca5,6,2.90225,0.9283507,2.6943058190749998
3974.9035270069726,bench:c3e6e3b38b352ca5,6,2.79509,0.9280821,2.594072996889
3979.188138997415,bench:c3e6e3b38b352ca5,6,2.82188,0.9280821,2.6189363163480004
3983.3463260147255,bench:c3e6e3b38b352ca5,6,2.75937,0.9291566,2.5638868473420002
4158.939415996429,bench:c3e6e3b38b352ca5,6,2.89332,0.9286194,2.686793082408
4163.349378010025,bench:c3e6e3b38b352ca5,6,2.81295,0.9286194,2.61215994123
4167.549324018182,bench:c3e6e3b38b352ca5,6,2.84867,0.9291566,2.646860531722
4171.791196014965,bench:c3e6e3b38b352ca5,6,2.77723,0.928888,2.57973562024
4176.063512015389,bench:c3e6e3b38b352ca5,6,2.90225,0.9280821,2.693526274725
4180.316661018878,bench:c3e6e3b38b352ca5,6,2.91118,0.928888,2.70416016784
4184.5313840021845,bench:c3e6e3b38b352ca5,6,2.81295,0.928888,2.6129154996
4188.922644010745,bench:c3e6e3b38b352ca5,6,2.77723,0.9291566,2.580481584218
4193.166886019753,bench:c3e6e3b38b352ca5,6,2.86653,0.9291566,2.663455268598
4197.55938500748,bench:c3e6e3b38b352ca5,6,2.78616,0.928888,2.5880305900800002
4201.7373320122715,bench:c3e6e3b38b352ca5,6,2.93797,0.9291566,2.729834216102
4206.010535999667,bench:c3e6e3b38b352ca5,6,4.56323,0.9286194,4.237503904662
4210.513683006866,bench:c3e6e3b38b352ca5,6,2.90225,0.9283507,2.6943058190749998
4218.786854005884,bench:c3e6e3b38b352ca5,6,2.84867,0.9291566,2.646860531722
4223.123021016363,bench:c3e6e3b38b352ca5,6,2.84867,0.9286194,2.645330226198
4227.5430760055315,bench:c3e6e3b38b352ca5,6,2.83974,0.9283507,2.636274616818
4231.886280002072,bench:c3e6e3b38b352ca5,6,2.78616,0.928888,2.5880305900800002
4236.191966017941,bench:c3e6e3b38b352ca5,6,2.81295,0.9286194,2.61215994123
4240.450134006096,bench:c3e6e3b38b352ca5,6,2.82188,0.9291566,2.6219684264080003
4244.784690003144,bench:c3e6e3b38b352ca5,6,2.86653,0.9280821,2.660375182113
4248.977228999138,bench:c3e6e3b38b352ca5,6,2.90225,0.9294252,2.6974242867
4253.2197480031755,bench:c3e6e3b38b352ca5,6,2.78616,0.928888,2.5880305900800002
4257.519397011492,bench:c3e6e3b38b352ca5,6,2.80402,0.9291566,2.605373689532
4261.824064014945,bench:c3e6e3b38b352ca5,6,2.86653,0.9291566,2.663455268598
4266.049399011536,bench:c3e6e3b38b352ca5,6,3.53628,0.928888,3.28480805664
4270.305511017796,bench:c3e6e3b38b352ca5,6,2.84867,0.9294252,2.647625684484
4274.55342002213,bench:c3e6e3b38b352ca5,6,2.83081,0.9286194,2.628745083714
4278.845883003669,bench:c3e6e3b38b352ca5,6,2.79509,0.9286194,2.595574798746
4283.1133660220075,bench:c3e6e3b38b352ca5,6,2.8576,0.928888,2.6543903488000002
4287.455662997672,bench:c3e6e3b38b352ca5,6,2.83081,0.9291566,2.630265794846
4291.688979021274,bench:c3e6e3b38b352ca5,6,2.91118,0.9291566,2.704942110788
4295.936701993924,bench:c3e6e3b38b352ca5,6,2.80402,0.9294252,2.6061268493039997
4300.10314800893,bench:c3e6e3b38b352ca5,6,2.79509,0.9299625,2.599328884125
4304.295445996104,bench:c3e6e3b38b352ca5,6,2.86653,0.928888,2.6626853186400004
4308.569966000505,bench:c3e6e3b38b352ca5,6,4.04529,0.9307683,3.7652276963069995
4312.865743995644,bench:c3e6e3b38b352ca5,6,3.47377,0.9296938,3.229542431626
4317.100542015396,bench:c3e6e3b38b352ca5,6,3.50056,0.9283507,3.249747326392
4321.354469022481,bench:c3e6e3b38b352ca5,6,2.81295,0.9291566,2.61367105797
4325.6321549997665,bench:c3e6e3b38b352ca5,6,2.96476,0.9286194,2.753133652344
4329.933396016713,bench:c3e6e3b38b352ca5,6,2.84867,0.9299625,2.6491562748749997
4334.212952002417,bench:c3e6e3b38b352ca5,6,2.80402,0.9286194,2.603867369988
4338.548953004647,bench:c3e6e3b38b352ca5,6,2.80402,0.928888,2.60462052976
4342.801306018373,bench:c3e6e3b38b352ca5,6,2.83974,0.9291566,2.638563163284
4347.046270006103,bench:c3e6e3b38b352ca5,6,2.86653,0.9296938,2.664995168514
4351.355733000673,bench:c3e6e3b38b352ca5,6,2.80402,0.9294252,2.6061268493039997
4355.61097500613,bench:c3e6e3b38b352ca5,6,2.99155,0.9296938,2.78122548739
4359.902624011738,bench:c3e6e3b38b352ca5,6,2.79509,0.9294252,2.597827082268
4364.120329002617,bench:c3e6e3b38b352ca5,6,2.80402,0.9291566,2.605373689532
4368.275664019166,bench:c3e6e3b38b352ca5,6,2.99155,0.9296938,2.78122548739
4372.448166017421,bench:c3e6e3b38b352ca5,6,2.90225,0.9278135,2.6927467303749997
4376.697427011095,bench:c3e6e3b38b352ca5,6,2.8576,0.9286194,2.65362279744
4380.911724001635,bench:c3e6e3b38b352ca5,6,3.08085,0.9283507,2.8601092540949997
4385.175539995544,bench:c3e6e3b38b352ca5,6,3.05406,0.9291566,2.837700005796
4389.351596997585,bench:c3e6e3b38b352ca5,6,2.97369,0.9286194,2.761426223586
4393.545191996964,bench:c3e6e3b38b352ca5,6,2.86653,0.9294252,2.664225218556
4397.803636995377,bench:c3e6e3b38b352ca5,6,3.33089,0.9283507,3.092234063123
4402.026657015085,bench:c3e6e3b38b352ca5,6,2.81295,0.9294252,2.61442661634
4406.277991016395,bench:c3e6e3b38b352ca5,6,2.99155,0.9307683,2.784439907865
4410.478845005855,bench:c3e6e3b38b352ca5,6,2.86653,0.9286194,2.661915368682
4414.772771007847,bench:c3e6e3b38b352ca5,6,2.79509,0.9286194,2.595574798746
4418.935124995187,bench:c3e6e3b38b352ca5,6,3.19694,0.9296938,2.9721752969720003
4423.140756000066,bench:c3e6e3b38b352ca5,6,3.27731,0.9294252,3.046014502212
4427.301888004877,bench:c3e6e3b38b352ca5,6,2.80402,0.9294252,2.6061268493039997
4431.472130003385,bench:c3e6e3b38b352ca5,6,2.87546,0.9299625,2.67406997025
4435.680280002998,bench:c3e6e3b38b352ca5,6,2.86653,0.9291566,2.663455268598
4439.868096000282,bench:c3e6e3b38b352ca5,6,2.90225,0.9280821,2.693526274725
4444.029856997076,bench:c3e6e3b38b352ca5,6,2.77723,0.9283507,2.578243414561
4448.2673770107795,bench:c3e6e3b38b352ca5,6,2.90225,0.9291566,2.69664474235
4452.754321013344,bench:c3e6e3b38b352ca5,6,3.67023,0.9286194,3.408246780462
4457.188191008754,bench:c3e6e3b38b352ca5,6,2.84867,0.9286194,2.645330226198
4462.3352579947095,bench:c3e6e3b38b352ca5,6,3.56307,0.9304997,3.3154355660790005
4467.295345995808,bench:c3e6e3b38b352ca5,6,3.23266,0.928888,3.0027790820800004
4471.751716017025,bench:c3e6e3b38b352ca5,6,3.82204,0.9283507,3.5481935094279997
4476.266084995586,bench:c3e6e3b38b352ca5,6,3.91134,0.9307683,3.640551282522
4480.6184740155,bench:c3e6e3b38b352ca5,6,3.8399,0.9283507,3.56477385293
4484.9574190157,bench:c3e6e3b38b352ca5,6,3.83097,0.928888,3.5585420613600003
4489.318567008013,bench:c3e6e3b38b352ca5,6,3.87562,0.9291566,3.601057902092
4493.805900012376,bench:c3e6e3b38b352ca5,6,3.8399,0.9283507,3.56477385293
4498.227010015398,bench:c3e6e3b38b352ca5,6,4.30426,0.928888,3.9981754628800004
4502.634381002281,bench:c3e6e3b38b352ca5,6,4.30426,0.9304997,4.005112638722
4506.983213999774,bench:c3e6e3b38b352ca5,6,3.83097,0.9280821,3.5554546826370004
4511.3711029989645,bench:c3e6e3b38b352ca5,6,3.81311,0.9296938,3.545024725718
4515.7642510021105,bench:c3e6e3b38b352ca5,6,3.8399,0.9291566,3.56786842834
4520.213879994117,bench:c3e6e3b38b352ca5,6,3.83097,0.9283507,3.556483681179
4524.985599011416,bench:c3e6e3b38b352ca5,6,4.42928,0.9291566,4.115494745248
4529.879539011745,bench:c3e6e3b38b352ca5,6,3.8399,0.9294252,3.56889982548
4536.504353018245,bench:c3e6e3b38b352ca5,6,4.13459,0.9294252,3.842792137668
4540.91629802133,bench:c3e6e3b38b352ca5,6,4.49179,0.9280821,4.168749895959
4545.522536005592,bench:c3e6e3b38b352ca5,6,3.76846,0.9294252,3.502501689192
4549.847315007355,bench:c3e6e3b38b352ca5,6,4.6436,0.9294252,4.31587885872
4554.17948201648,bench:c3e6e3b38b352ca5,6,3.8399,0.931037,3.5750889763
4563.039555010619,bench:c3e6e3b38b352ca5,6,5.08117,0.9286194,4.718473036698
4568.080697994446,bench:c3e6e3b38b352ca5,6,4.40249,0.9286194,4.088237622306
4572.358310018899,bench:c3e6e3b38b352ca5,6,3.82204,0.928888,3.55024709152
4576.747754006647,bench:c3e6e3b38b352ca5,6,3.92027,0.9270077,3.634120476079
4581.158346001757,bench:c3e6e3b38b352ca5,6,4.08101,0.9286194,3.789705057594
4585.445977019845,bench:c3e6e3b38b352ca5,6,4.44714,0.9294252,4.133283983928
4594.011034001596,bench:c3e6e3b38b352ca5,6,2.81295,0.928888,2.6129154996
4626.85053399764,bench:c3e6e3b38b352ca5,6,2.87546,0.9278135,2.66789060671
4634.808411006816,bench:c3e6e3b38b352ca5,6,4.59895,0.9286194,4.27067418963
4667.489431012655,bench:c3e6e3b38b352ca5,6,4.32212,0.9304997,4.021731363364
4681.375518004643,bench:c3e6e3b38b352ca5,6,2.83974,0.9291566,2.638563163284
4690.966937021585,bench:c3e6e3b38b352ca5,6,5.42944,0.9270077,5.033132686688
4699.217885005055,bench:c3e6e3b38b352ca5,6,4.27747,0.9294252,3.975588410244
4705.652368022129,bench:c3e6e3b38b352ca5,6,6.1617,0.9278135,5.7169084429499994
4718.874590005726,bench:c3e6e3b38b352ca5,6,4.35784,0.9326486,4.064333375024001
4728.850672021508,bench:c3e6e3b38b352ca5,6,5.05438,0.9291566,4.696310535908
4734.248071006732,bench:c3e6e3b38b352ca5,6,5.25084,0.928888,4.87744226592
4741.319585009478,bench:c3e6e3b38b352ca5,6,4.16138,0.9299625,3.8699273482500005
4748.694114998216,bench:c3e6e3b38b352ca5,6,4.84899,0.9286194,4.502866184406
4760.319035005523,bench:c3e6e3b38b352ca5,6,4.42035,0.9286194,4.10482276479
4766.973220015643,bench:c3e6e3b38b352ca5,6,3.56307,0.9294252,3.311607047364
4774.527600995498,bench:c3e6e3b38b352ca5,6,4.7329,0.9302311,4.40269077319
4781.7593539948575,bench:c3e6e3b38b352ca5,6,4.15245,0.9296938,3.86050701981
4791.294385009678,bench:c3e6e3b38b352ca5,6,3.59879,0.9270077,3.336106040683
4797.686108009657,bench:c3e6e3b38b352ca5,6,4.67039,0.9275449,4.331996425511
4806.714958016528,bench:c3e6e3b38b352ca5,6,4.48286,0.9280821,4.160462122806
4813.8836010184605,bench:c3e6e3b38b352ca5,6,4.05422,0.9280821,3.762649011462
4821.176354016643,bench:c3e6e3b38b352ca5,6,3.61665,0.9286194,3.35849135301
4830.905790993711,bench:c3e6e3b38b352ca5,6,4.74183,0.9280821,4.400807544243
4839.545551018091,bench:c3e6e3b38b352ca5,6,3.85776,0.928888,3.58342697088
4847.114264994161,bench:c3e6e3b38b352ca5,6,5.61697,0.9296938,5.222062183786
4859.633511019638,bench:c3e6e3b38b352ca5,6,4.2864,0.9270077,3.9735258052800004
4866.7341170075815,bench:c3e6e3b38b352ca5,6,4.92936,0.928888,4.5788233516800005
4875.903039996047,bench:c3e6e3b38b352ca5,6,4.42928,0.9294252,4.116684449856
4881.336512014968,bench:c3e6e3b38b352ca5,6,3.67916,0.9304997,3.423457276252
4890.775933017721,bench:c3e6e3b38b352ca5,6,4.35784,0.9286194,4.046774766096
4896.284218993969,bench:c3e6e3b38b352ca5,6,2.96476,0.928888,2.7539299868800002
4903.497991996119,bench:c3e6e3b38b352ca5,6,3.61665,0.9291566,3.36043421739
4910.891614010325,bench:c3e6e3b38b352ca5,6,4.31319,0.9283507,4.004152955733
4919.1350449982565,bench:c3e6e3b38b352ca5,6,3.14336,0.9304997,2.924895536992
4927.119996020338,bench:c3e6e3b38b352ca5,6,4.89364,0.9291566,4.5469579040240005
4934.636895020958,bench:c3e6e3b38b352ca5,6,4.00064,0.9286194,3.7150719164159995
4942.7617710025515,bench:c3e6e3b38b352ca5,6,5.12582,0.9280821,4.757181789822
4950.334355002269,bench:c3e6e3b38b352ca5,6,5.77771,0.9304997,5.376157421687
4956.841448001796,bench:c3e6e3b38b352ca5,6,3.84883,0.9291566,3.576165796778
4964.3495329946745,bench:c3e6e3b38b352ca5,6,5.24191,0.928888,4.86914729608
4974.650890013436,bench:c3e6e3b38b352ca5,6,4.48286,0.9299625,4.16889169275
4985.600815998623,bench:c3e6e3b38b352ca5,6,5.31335,0.9286194,4.9340798889899995
4996.616260003066,bench:c3e6e3b38b352ca5,6,4.76862,0.9280821,4.425670863702001
5006.526065000799,bench:c3e6e3b38b352ca5,6,3.63451,0.9286194,3.375076495494
5011.0938970174175,bench:c3e6e3b38b352ca5,6,5.7152,0.9280821,5.304174817920001
5018.024598015472,bench:c3e6e3b38b352ca5,6,5.22405,0.9334545,4.876412980725
5026.583266007947,bench:c3e6e3b38b352ca5,6,5.25977,0.9396328,4.942252412456
5036.610533017665,bench:c3e6e3b38b352ca5,6,3.63451,0.9291566,3.377028954266
5041.404178016819,bench:c3e6e3b38b352ca5,6,4.78648,0.9280821,4.442246410008
5048.643023998011,bench:c3e6e3b38b352ca5,6,4.38463,0.9286194,4.071652479821999
5056.367033015704,bench:c3e6e3b38b352ca5,6,5.0008,0.9283507,4.642496180559999
5067.8712320222985,bench:c3e6e3b38b352ca5,6,4.80434,0.9272762,4.454950138708
5082.6289220131,bench:c3e6e3b38b352ca5,6,4.77755,0.9280821,4.4339586368549995
5098.13834601664,bench:c3e6e3b38b352ca5,6,4.2864,0.928888,3.9815855232000006
5106.879808998201,bench:c3e6e3b38b352ca5,6,4.1971,0.9280821,3.89525338191
5138.9850940031465,bench:c3e6e3b38b352ca5,6,5.99203,0.9294252,5.569143681156
5150.75142000569,bench:c3e6e3b38b352ca5,6,5.25084,0.9286194,4.876031890296
5157.668213010766,bench:c3e6e3b38b352ca5,6,3.88455,0.9291566,3.60935527053
5165.573906007921,bench:c3e6e3b38b352ca5,6,4.77755,0.9291566,4.43909211433
5175.7599489938,bench:c3e6e3b38b352ca5,6,4.54537,0.9291566,4.2233605349420005
5185.11866699555,bench:c3e6e3b38b352ca5,6,6.03668,0.9304997,5.617128928996
5192.14082902181,bench:c3e6e3b38b352ca5,6,4.13459,0.9304997,3.8472347546230004
5199.297712999396,bench:c3e6e3b38b352ca5,6,4.0185,0.9286194,3.7316570589
5207.063500012737,bench:c3e6e3b38b352ca5,6,4.70611,0.9296938,4.375241289118
5213.954330014531,bench:c3e6e3b38b352ca5,6,5.25084,0.9278135,4.87180023834
5227.396383008454,bench:c3e6e3b38b352ca5,6,5.39372,0.931037,5.02175288764
5233.6910710146185,bench:c3e6e3b38b352ca5,6,4.30426,0.9299625,4.00280039025
5243.914484017296,bench:c3e6e3b38b352ca5,6,4.72397,0.9286194,4.386770187018
5248.449446022278,bench:c3e6e3b38b352ca5,6,4.67932,0.9291566,4.347821061512
5255.416794010671,bench:c3e6e3b38b352ca5,6,5.04545,0.9302311,4.693434503494999
5264.932121004676,bench:c3e6e3b38b352ca5,6,4.45607,0.9280821,4.135598803347
5274.654576001922,bench:c3e6e3b38b352ca5,6,4.17031,0.9296938,3.8771113510779998
5283.467797999037,bench:c3e6e3b38b352ca5,6,3.78632,0.9296938,3.520118228816
5298.049841017928,bench:c3e6e3b38b352ca5,6,4.14352,0.9296938,3.8522048541759997
5304.80774701573,bench:c3e6e3b38b352ca5,6,3.84883,0.9280821,3.572030228943
5311.883891001344,bench:c3e6e3b38b352ca5,6,5.25977,0.9304997,4.894214407069
5319.874378998065,bench:c3e6e3b38b352ca5,6,4.69718,0.9280821,4.359368678478001
5325.778847996844,bench:c3e6e3b38b352ca5,6,3.85776,0.9280821,3.580318002096
5332.779029005906,bench:c3e6e3b38b352ca5,6,5.304419,0.9302311,4.9343355212309
5340.318984002806,bench:c3e6e3b38b352ca5,6,4.33998,0.9291566,4.0325210608679996
5349.501295015216,bench:c3e6e3b38b352ca5,6,4.32212,0.9291566,4.015926323992
5354.915694013471,bench:c3e6e3b38b352ca5,6,3.70595,0.9294252,3.4444033199399997
5361.436972016236,bench:c3e6e3b38b352ca5,6,5.13475,0.9294252,4.7723660457
5368.852002022322,bench:c3e6e3b38b352ca5,6,3.95599,0.9280821,3.671483506779
5376.270402019145,bench:c3e6e3b38b352ca5,6,3.85776,0.9291566,3.584463165216
5383.345306006959,bench:c3e6e3b38b352ca5,6,3.67916,0.9307683,3.4244454986279997
5390.577393001877,bench:c3e6e3b38b352ca5,6,3.79525,0.9299625,3.5294401781249998
5397.353983018547,bench:c3e6e3b38b352ca5,6,4.65253,0.9291566,4.322928956198
5404.116999998223,bench:c3e6e3b38b352ca5,6,5.29549,0.9304997,4.9274518563530005
5414.581023011124,bench:c3e6e3b38b352ca5,6,3.75953,0.9299625,3.496221917625
5419.341353001073,bench:c3e6e3b38b352ca5,6,4.1078,0.928888,3.8156861264
5427.26210100227,bench:c3e6e3b38b352ca5,6,4.11673,0.9296938,3.8272983572739996
5433.083551994059,bench:c3e6e3b38b352ca5,6,4.34891,0.9294252,4.041986546532
5439.984882017598,bench:c3e6e3b38b352ca5,6,3.72381,0.9291566,3.460002638646
5448.008592007682,bench:c3e6e3b38b352ca5,6,4.57216,0.9299625,4.251937344
5458.699687005719,bench:c3e6e3b38b352ca5,6,5.65269,0.9326486,5.271973414734
5465.889886021614,bench:c3e6e3b38b352ca5,6,4.11673,0.9291566,3.8250868499179997
5476.418203994399,bench:c3e6e3b38b352ca5,6,5.19726,0.9286194,4.826276462844
5484.532061003847,bench:c3e6e3b38b352ca5,6,4.57216,0.9294252,4.249480722432
5491.973997995956,bench:c3e6e3b38b352ca5,6,5.25977,0.9291566,4.887150009981999
5498.984569014283,bench:c3e6e3b38b352ca5,6,4.85792,0.9283507,4.509853432544
5506.056676007574,bench:c3e6e3b38b352ca5,6,4.11673,0.928888,3.82398109624
5512.930618016981,bench:c3e6e3b38b352ca5,6,3.69702,0.9299625,3.4380899617500003
5520.079483016161,bench:c3e6e3b38b352ca5,6,4.13459,0.9291566,3.8416815867940004
5527.32968100463,bench:c3e6e3b38b352ca5,6,3.81311,0.9278135,3.537854934985
5535.456112003885,bench:c3e6e3b38b352ca5,6,4.27747,0.9286194,3.972141624918
5544.281686015893,bench:c3e6e3b38b352ca5,6,4.16138,0.9286194,3.8643381987720002
5550.9934989968315,bench:c3e6e3b38b352ca5,6,3.81311,0.9302311,3.5470735097209998
5557.848460011883,bench:c3e6e3b38b352ca5,6,3.8399,0.9286194,3.56580563406
5564.690772996983,bench:c3e6e3b38b352ca5,6,3.59879,0.9326486,3.3564064551940005
5571.578733011847,bench:c3e6e3b38b352ca5,6,4.50965,0.9291566,4.19017106119
5578.454878006596,bench:c3e6e3b38b352ca5,6,3.63451,0.9283507,3.374099902657
5589.2109730048105,bench:c3e6e3b38b352ca5,6,3.84883,0.9299625,3.579267568875
5594.7915370052215,bench:c3e6e3b38b352ca5,6,4.465,0.9294252,4.149883517999999
5601.071835000766,bench:c3e6e3b38b352ca5,6,3.70595,0.9291566,3.44340790177
5608.097609016113,bench:c3e6e3b38b352ca5,6,4.48286,0.9294252,4.1664830520719995
5615.248604008229,bench:c3e6e3b38b352ca5,6,3.70595,0.928888,3.4424124836
5626.782488019671,bench:c3e6e3b38b352ca5,6,4.51858,0.9294252,4.199682120216
5633.778133022133,bench:c3e6e3b38b352ca5,6,3.8399,0.9296938,3.56993122262
5640.559890016448,bench:c3e6e3b38b352ca5,6,4.02743,0.9296938,3.744276700934
5650.627805007389,bench:c3e6e3b38b352ca5,6,4.42928,0.9286194,4.113115336032
5655.663726007333,bench:c3e6e3b38b352ca5,6,3.83097,0.9326486,3.5729488071420006
5663.177662005182,bench:c3e6e3b38b352ca5,6,4.75076,0.9307683,4.421856808907999
5669.478961004643,bench:c3e6e3b38b352ca5,6,5.33121,0.9304997,4.960689305637
5678.495218016906,bench:c3e6e3b38b352ca5,6,4.70611,0.9286194,4.370185044534
5685.486733011203,bench:c3e6e3b38b352ca5,6,4.58109,0.9270077,4.246705704392999
5692.684523994103,bench:c3e6e3b38b352ca5,6,4.32212,0.928888,4.01476540256
5700.318329996662,bench:c3e6e3b38b352ca5,6,4.17924,0.9286194,3.880923341256
5707.296325999778,bench:c3e6e3b38b352ca5,6,4.76862,0.9286194,4.428233043228
5714.190989994677,idle,6,2.68793,0.9304997,2.5011180586210005
5722.157997020986,idle,6,4.42035,0.9283507,4.103635016745
5742.191235010978,idle,6,5.11689,0.9280821,4.7488940166689995
5749.993428005837,idle,6,4.70611,0.9302311,4.377769882021
5758.151229994837,idle,6,2.87546,0.9286194,2.670207939924
5776.027170999441,idle,6,7.04577,0.9294252,6.5485161914039995
5784.16562100756,bench:d908ade19db0c477,7,3.7506,0.9294252,3.48590215512
5794.595754996408,bench:d908ade19db0c477,7,4.25961,0.9294252,3.958988876172
5799.645694001811,bench:d908ade19db0c477,7,5.07224,0.9326486,4.730617534864
5808.467007998843,bench:d908ade19db0c477,7,5.42051,0.928888,5.035046692880001
5813.921406021109,bench:d908ade19db0c477,7,3.72381,0.9291566,3.460002638646
5822.666018008022,bench:d908ade19db0c477,7,4.40249,0.9286194,4.088237622306
5828.06017601979,bench:d908ade19db0c477,7,4.47393,0.9270077,4.147367559261
5835.198578017298,bench:d908ade19db0c477,7,4.96508,0.9294252,4.614670472016
5842.233556002611,bench:d908ade19db0c477,7,3.93813,0.9294252,3.660197262876
5849.437216995284,bench:d908ade19db0c477,7,4.56323,0.9275449,4.232600714027
5857.1963740105275,bench:d908ade19db0c477,7,5.304419,0.9296938,4.9314854569022
5863.827559020137,bench:d908ade19db0c477,7,3.80418,0.9294252,3.535700757336
5871.812843019143,bench:d908ade19db0c477,7,4.93829,0.928888,4.58711832152
5879.281335015548,bench:d908ade19db0c477,7,4.39356,0.9280821,4.077584391276
5886.272147006821,bench:d908ade19db0c477,7,4.87578,0.9291566,4.530363167148
5894.767815014347,bench:d908ade19db0c477,7,4.53644,0.9280821,4.210188761724
5900.984041014453,bench:d908ade19db0c477,7,5.25977,0.9280821,4.8814983871169995
5909.555820020614,bench:d908ade19db0c477,7,5.06331,0.9291566,4.704607904346
5926.6665460017975,bench:d908ade19db0c477,7,6.94754,0.9294252,6.457218754007999
5934.642590000294,bench:d908ade19db0c477,7,4.21496,0.928888,3.9152257644799997
5939.528307004366,bench:d908ade19db0c477,7,8.965719,0.9291566,8.3305569825954
5947.100040008081,bench:d908ade19db0c477,7,4.1971,0.928888,3.8986358248
5952.602770994417,bench:d908ade19db0c477,7,5.67055,0.9326486,5.288630518730001
5960.192911006743,bench:d908ade19db0c477,7,4.30426,0.928888,3.9981754628800004
5966.7986879940145,bench:d908ade19db0c477,7,6.88503,0.9291566,6.397271065698001
5973.595112009207,bench:d908ade19db0c477,7,3.95599,0.9291566,3.675734218034
5980.97101302119,bench:d908ade19db0c477,7,4.47393,0.928888,4.155779889840001
5988.718039996456,bench:d908ade19db0c477,7,4.27747,0.9304997,3.980184551759
5995.15811499441,bench:d908ade19db0c477,7,3.7506,0.9280821,3.48086472426
6002.740032010479,bench:d908ade19db0c477,7,4.50965,0.9291566,4.19017106119
6009.165682015009,bench:d908ade19db0c477,7,4.15245,0.9280821,3.853814516145
6018.794136994984,bench:d908ade19db0c477,7,2.95583,0.928888,2.74563501704
6023.658948019147,bench:d908ade19db0c477,7,5.48302,0.9299625,5.0990029867499995
6037.517516000662,bench:d908ade19db0c477,7,4.41142,0.9280821,4.094159937582
6045.448579010554,bench:d908ade19db0c477,7,4.77755,0.9291566,4.43909211433
6057.658161007566,bench:d908ade19db0c477,7,5.143679,0.9278135,4.7723748158665
6067.933462996734,bench:d908ade19db0c477,7,4.1078,0.9296938,3.81899619164
6075.411159021314,bench:d908ade19db0c477,7,7.01005,0.9294252,6.515317123259999
6084.051012003329,bench:d908ade19db0c477,7,3.71488,0.928888,3.45070745344
6090.949620003812,bench:d908ade19db0c477,7,5.18833,0.9280821,4.8151962018929995
6097.206881997408,bench:d908ade19db0c477,7,4.44714,0.9369466,4.1667327027239995
6106.184158008546,bench:d908ade19db0c477,7,4.465,0.9294252,4.149883517999999
6111.278466996737,bench:d908ade19db0c477,7,5.51874,0.9299625,5.13222124725
6118.21416701423,bench:d908ade19db0c477,7,4.45607,0.9286194,4.137993049758
6125.404569000239,bench:d908ade19db0c477,7,4.03636,0.9291566,3.7504105339760003
6132.597435003845,bench:d908ade19db0c477,7,3.82204,0.9291566,3.551273691464
6139.776800002437,bench:d908ade19db0c477,7,4.38463,0.9294252,4.075185614675999
6146.400799014373,bench:d908ade19db0c477,7,3.92027,0.9280821,3.638332414167
6153.183148999233,bench:d908ade19db0c477,7,3.9292,0.928888,3.6497867296
6160.196127020754,bench:d908ade19db0c477,7,3.42019,0.928888,3.17697344872
6169.068145012716,bench:d908ade19db0c477,7,4.12566,0.9286194,3.831167913804
6176.467138022417,bench:d908ade19db0c477,7,5.38479,0.9294252,5.0047595227079995
6183.616040012566,bench:d908ade19db0c477,7,4.42035,0.9294252,4.10838468282
6190.603185008513,bench:d908ade19db0c477,7,4.04529,0.9283507,3.7554478032029994
6201.332741999067,bench:d908ade19db0c477,7,5.7152,0.926739,5.2964987328
6214.998367999215,bench:d908ade19db0c477,7,4.13459,0.9304997,3.8472347546230004
6225.770128017757,bench:d908ade19db0c477,7,4.53644,0.9275449,4.207751786156
6233.431860018754,bench:d908ade19db0c477,7,4.90257,0.9278135,4.548670630695
6240.653279994149,bench:d908ade19db0c477,7,4.45607,0.9291566,4.140386850562001
6248.420732998056,bench:d908ade19db0c477,7,4.1078,0.9286194,3.81458277132
6254.962826002156,bench:d908ade19db0c477,7,4.2864,0.9283507,3.9792824404800005
6264.34665400302,bench:d908ade19db0c477,7,4.53644,0.928888,4.21384467872
6272.522029001266,bench:d908ade19db0c477,7,3.96492,0.9280821,3.6797712799320004
6279.3842120154295,bench:d908ade19db0c477,7,4.81327,0.9296938,4.474867276726
6286.6344290087,bench:d908ade19db0c477,7,6.20635,0.9294252,5.768338090019999
6295.290374022443,bench:d908ade19db0c477,7,6.14384,0.9294252,5.710239720768
6302.8115880151745,bench:d908ade19db0c477,7,4.57216,0.9291566,4.248252640256
6313.46462800866,bench:d908ade19db0c477,7,5.19726,0.9291566,4.829068430916
6321.618448011577,bench:d908ade19db0c477,7,4.38463,0.9304997,4.079896899611
6330.646575021092,bench:d908ade19db0c477,7,4.12566,0.9299625,3.83670908775
6346.623643999919,bench:d908ade19db0c477,7,4.87578,0.9286194,4.527743898132
6352.350650995504,bench:d908ade19db0c477,7,6.73322,0.9296938,6.259832888036001
6363.034764013719,bench:d908ade19db0c477,7,7.02791,0.9299625,6.535692753375001
6370.878309011459,bench:d908ade19db0c477,7,5.07224,0.9294252,4.714267676447999
6379.108813998755,bench:d908ade19db0c477,7,6.52783,0.9296938,6.068883078454
6387.396077014273,bench:d908ade19db0c477,7,5.33121,0.928888,4.95209699448
6394.656145013869,bench:d908ade19db0c477,7,5.13475,0.9280821,4.765469562975
6402.2152480029035,bench:d908ade19db0c477,7,5.01866,0.9294252,4.664469074232
6408.904784009792,bench:d908ade19db0c477,7,4.07208,0.9299625,3.7868816969999997
6415.749245003099,bench:d908ade19db0c477,7,4.49179,0.9302311,4.178402752669
6426.705541001866,bench:d908ade19db0c477,7,5.78664,0.928888,5.3751404563200005
6435.9975180123,bench:d908ade19db0c477,7,5.09903,0.9294252,4.739166977556
6444.010172010167,bench:d908ade19db0c477,7,4.42035,0.9237842,4.08344948847
6450.562523998087,bench:d908ade19db0c477,7,4.70611,0.9291566,4.372713166826
6462.663515005261,bench:d908ade19db0c477,7,6.3403,0.9296938,5.8945376001400005
6474.686708999798,bench:d908ade19db0c477,7,4.465,0.9369466,4.183466569
6481.313060998218,bench:d908ade19db0c477,7,4.75969,0.9286194,4.419940471986
6490.637519018492,bench:d908ade19db0c477,7,4.33998,0.928888,4.03135534224
6500.486286997329,bench:d908ade19db0c477,7,5.28656,0.9291566,4.912042115296
6509.625118022086,bench:d908ade19db0c477,7,4.35784,0.928888,4.047945281920001
6518.753115000436,bench:d908ade19db0c477,7,4.5543,0.9283507,4.227987593009999
6526.875194016611,bench:d908ade19db0c477,7,4.1078,0.9280821,3.8123756503800004
6537.341513001593,bench:d908ade19db0c477,7,4.51858,0.9283507,4.194826906006
6546.223771001678,bench:d908ade19db0c477,7,6.06347,0.9291566,5.633913169402
6551.245655020466,bench:d908ade19db0c477,7,4.59895,0.9280821,4.268203173795
6563.053740013856,bench:d908ade19db0c477,7,4.3757,0.9294252,4.06688584764
6570.07799501298,bench:d908ade19db0c477,7,4.84006,0.9280821,4.491973048926
6578.811106999638,bench:d908ade19db0c477,7,4.6436,0.9291566,4.31463158776
6587.021204002667,bench:d908ade19db0c477,7,4.465,0.9280821,4.1438865765
6591.410908004036,bench:d908ade19db0c477,7,4.50965,0.9313055,4.199861848075
6599.260934017366,bench:d908ade19db0c477,7,6.21528,0.9291566,5.7749684328479995
6606.13920900505,bench:d908ade19db0c477,7,5.09903,0.9272762,4.728209162086
6612.890707998304,bench:d908ade19db0c477,7,4.56323,0.928888,4.23872958824
6619.721205002861,bench:d908ade19db0c477,7,5.304419,0.9291566,4.9286359230154
6626.843923004344,bench:d908ade19db0c477,7,3.6613,0.9286194,3.39995420922
6634.44885899662,bench:d908ade19db0c477,7,4.43821,0.9294252,4.124984216892
6640.731732011773,bench:d908ade19db0c477,7,4.59002,0.9286194,4.262381618388
6647.778042010032,bench:d908ade19db0c477,7,5.822359,0.928888,5.408319406792
6654.676891019335,bench:d908ade19db0c477,7,5.09903,0.9294252,4.739166977556
6661.964811006328,bench:d908ade19db0c477,7,4.51858,0.928888,4.19725473904
6671.40580600244,bench:d908ade19db0c477,7,5.18833,0.9291566,4.820771062477999
6676.292079006089,bench:d908ade19db0c477,7,5.32228,0.9304997,4.952379943316
6683.991180994781,bench:d908ade19db0c477,7,5.25084,0.9280821,4.873210613964
6690.425700013293,bench:d908ade19db0c477,7,4.89364,0.9294252,4.548272335728
6701.842178008519,bench:d908ade19db0c477,7,4.57216,0.9307683,4.255621590528
6712.110460997792,bench:d908ade19db0c477,7,5.358,0.9286194,4.975542745199999
6719.186789996456,bench:d908ade19db0c477,7,4.51858,0.928888,4.19725473904
6730.607361008879,bench:d908ade19db0c477,7,5.34907,0.9294252,4.971560454564
6738.912772008916,bench:d908ade19db0c477,7,5.32228,0.9296938,4.948090717864
6745.452013012255,bench:d908ade19db0c477,7,3.87562,0.9286194,3.598975919028
6753.664388001198,bench:d908ade19db0c477,7,5.29549,0.9286194,4.917494746506
6763.4969530045055,bench:d908ade19db0c477,7,5.95631,0.9280821,5.527944693051
6774.5956370199565,bench:d908ade19db0c477,7,4.87578,0.9294252,4.531672801656
6783.694929996273,bench:d908ade19db0c477,7,4.5543,0.928888,4.2304346183999995
6789.501844003098,bench:d908ade19db0c477,7,4.67039,0.9291566,4.339523693074001
6800.549436011352,bench:d908ade19db0c477,7,4.6436,0.9280821,4.30964203956
6807.630561001133,bench:d908ade19db0c477,7,5.01866,0.928888,4.66177305008
6814.932295994367,bench:d908ade19db0c477,7,4.51858,0.9294252,4.199682120216
6822.779600013746,bench:d908ade19db0c477,7,4.48286,0.9280821,4.160462122806
6830.76829201309,bench:d908ade19db0c477,7,5.358,0.9291566,4.9784210628
6836.208968015853,bench:d908ade19db0c477,7,4.57216,0.9294252,4.249480722432
6843.192001018906,bench:d908ade19db0c477,7,4.49179,0.9291566,4.173576324314
6850.301312020747,bench:d908ade19db0c477,7,5.27763,0.9291566,4.903744746858
6857.235160015989,bench:d908ade19db0c477,7,5.0008,0.9294252,4.647869540159999
6864.207213016925,bench:d908ade19db0c477,7,4.71504,0.9280821,4.375944224784
6871.325486019487,bench:d908ade19db0c477,7,5.11689,0.9326486,4.772260294854
6878.499776998069,bench:d908ade19db0c477,7,3.71488,0.9294252,3.452703086976
6892.41614099592,bench:d908ade19db0c477,7,5.33121,0.9296938,4.956392883497999
6902.578592009377,bench:d908ade19db0c477,7,5.24191,0.9280821,4.864922840811
6907.863399013877,bench:d908ade19db0c477,7,5.28656,0.9275449,4.903521766543999
6918.600586010143,bench:d908ade19db0c477,7,5.02759,0.9286194,4.668717609246
6926.725925004575,bench:d908ade19db0c477,7,4.57216,0.9294252,4.249480722432
6933.634385000914,bench:d908ade19db0c477,7,5.12582,0.9280821,4.757181789822
6943.699021998327,bench:d908ade19db0c477,7,4.92936,0.9299625,4.584119949
6949.942673003534,bench:d908ade19db0c477,7,4.79541,0.9286194,4.4531107569540005
6957.339851011056,bench:d908ade19db0c477,7,3.76846,0.9294252,3.502501689192
6964.180479000788,bench:d908ade19db0c477,7,4.76862,0.928888,4.42951389456
6971.387233003043,bench:d908ade19db0c477,7,4.67932,0.928888,4.34656419616
6979.205833020387,bench:d908ade19db0c477,7,5.12582,0.9304997,4.769573972254
6986.324810015503,bench:d908ade19db0c477,7,5.161539,0.9283507,4.7917183437273
6993.672526004957,bench:d908ade19db0c477,7,5.88487,0.9299625,5.472708417375
7002.931207010988,bench:d908ade19db0c477,7,5.12582,0.9296938,4.765443073916
7010.421679995488,bench:d908ade19db0c477,7,5.92952,0.9299625,5.514231243
7017.288141010795,bench:d908ade19db0c477,7,4.465,0.9291566,4.148684219
7024.3313779938035,bench:d908ade19db0c477,7,4.44714,0.9302311,4.136867934054
7032.238070009043,bench:d908ade19db0c477,7,4.48286,0.9291566,4.1652789558759995
7039.256603020476,bench:d908ade19db0c477,7,5.0008,0.9307683,4.65458611464
7046.373728022445,bench:d908ade19db0c477,7,4.7329,0.9291566,4.39760527214
7053.371206013253,bench:d908ade19db0c477,7,4.68825,0.9304997,4.362415218525
7061.211788008222,bench:d908ade19db0c477,7,4.5543,0.928888,4.2304346183999995
7067.377236002358,bench:d908ade19db0c477,7,4.30426,0.928888,3.9981754628800004
7074.5786930201575,bench:d908ade19db0c477,7,4.59002,0.9304997,4.271012232994
7082.978048012592,bench:d908ade19db0c477,7,5.33121,0.9291566,4.953528957485999
7089.480882015778,bench:d908ade19db0c477,7,5.15261,0.9326486,4.805574502846
7096.638766000979,bench:d908ade19db0c477,7,5.304419,0.9296938,4.9314854569022
7103.611391998129,bench:d908ade19db0c477,7,4.52751,0.9294252,4.207981887252
7110.35750200972,bench:d908ade19db0c477,7,5.21512,0.928888,4.84426238656
7117.833772004815,bench:d908ade19db0c477,7,4.69718,0.9294252,4.365677460936
7124.440476007294,bench:d908ade19db0c477,7,5.358,0.9304997,4.9856173926
7131.551841011969,bench:d908ade19db0c477,7,4.5543,0.9294252,4.2328811883599995
7143.649221019587,bench:d908ade19db0c477,7,4.974009,0.9286194,4.6189612531746
7154.690997995203,bench:d908ade19db0c477,7,3.70595,0.9278135,3.438430440325
7160.5561330216005,bench:d908ade19db0c477,7,4.78648,0.9286194,4.444818185712
7168.93974802224,bench:d908ade19db0c477,7,4.89364,0.928888,4.545643472320001
7175.782467995305,bench:d908ade19db0c477,7,7.08149,0.9291566,6.579813171334
7182.650243019452,bench:d908ade19db0c477,7,4.72397,0.9299625,4.393114951125
7190.675045014359,bench:d908ade19db0c477,7,4.84006,0.9294252,4.498473733512
7197.297360020457,bench:d908ade19db0c477,7,5.73306,0.9304997,5.3346106100820005
7204.377281013876,bench:d908ade19db0c477,7,4.59002,0.9291566,4.264847377132
7213.142021995736,bench:d908ade19db0c477,7,4.52751,0.9294252,4.207981887252
7220.783808996202,bench:d908ade19db0c477,7,4.69718,0.9280821,4.359368678478001
7231.633735995274,bench:d908ade19db0c477,7,4.99187,0.9302311,4.643592721157
7238.243736006552,bench:d908ade19db0c477,7,4.34891,0.9299625,4.044323215875
7254.073843010701,bench:d908ade19db0c477,7,4.99187,0.9283507,4.634206008809
7259.070115018403,bench:d908ade19db0c477,7,4.25068,0.9294252,3.950689109136
7270.613850996597,bench:d908ade19db0c477,7,4.8222,0.9299625,4.4844651675
7279.34492501663,bench:d908ade19db0c477,7,4.50072,0.9283507,4.178246562504
7288.305090012727,bench:d908ade19db0c477,7,5.70627,0.9291566,5.302018431882
7293.83645101916,bench:d908ade19db0c477,7,5.12582,0.928888,4.76131268816
7302.836801012745,bench:d908ade19db0c477,7,3.79525,0.9326486,3.53963459915
7310.627864993876,bench:d908ade19db0c477,7,4.86685,0.9304997,4.528602464945001
7317.592991021229,bench:d908ade19db0c477,7,4.0185,0.9283507,3.73057728795
7324.469322018558,bench:d908ade19db0c477,7,4.14352,0.9291566,3.849978955232
7336.64829301415,bench:d908ade19db0c477,7,5.88487,0.9283507,5.463223183909
7345.322181994561,bench:d908ade19db0c477,7,4.80434,0.9294252,4.465274665368
7351.625703013269,bench:d908ade19db0c477,7,4.52751,0.9294252,4.207981887252
7360.677275020862,bench:d908ade19db0c477,7,5.840219,0.9291566,5.4264780292954
7370.403692999389,bench:d908ade19db0c477,7,4.30426,0.9294252,4.000487711352
7379.8294459993485,bench:d908ade19db0c477,7,3.79525,0.9283507,3.5233229941749995
7389.6320490166545,bench:d908ade19db0c477,7,4.43821,0.9294252,4.124984216892
7394.766820012592,bench:d908ade19db0c477,7,4.7329,0.9294252,4.39887652908
7401.856797019718,bench:d908ade19db0c477,7,3.86669,0.9286194,3.5906833477860003
7408.727942995029,bench:d908ade19db0c477,7,4.95615,0.9299625,4.609033644375
7416.84744801023,bench:d908ade19db0c477,7,4.29533,0.9299625,3.994495825125
7427.141824009595,bench:d908ade19db0c477,7,4.2864,0.9286194,3.9804341961600005
7433.666416996857,bench:d908ade19db0c477,7,4.17031,0.9294252,3.8759912058119994
7441.878384997835,bench:d908ade19db0c477,7,4.48286,0.9283507,4.161666219002
7449.579375010217,bench:d908ade19db0c477,7,4.67932,0.9286194,4.345307330808
7461.693125020247,bench:d908ade19db0c477,7,5.92952,0.9291566,5.5094526428320005
7475.506749004126,bench:d908ade19db0c477,7,5.13475,0.9307683,4.779262528425
7483.673365000868,bench:d908ade19db0c477,7,5.304419,0.9280821,4.922936324799901
7489.474205009174,bench:d908ade19db0c477,7,3.60772,0.9294252,3.353105882544
7496.990863000974,bench:d908ade19db0c477,7,4.08101,0.9294252,3.7929935354519997
7506.103305000579,bench:d908ade19db0c477,7,3.572,0.9304997,3.3237449284
7513.952035020338,bench:d908ade19db0c477,7,6.23314,0.9296938,5.794911612532
7522.927903017262,bench:d908ade19db0c477,7,6.62606,0.9302311,6.163767082465999
7530.499376007356,bench:d908ade19db0c477,7,5.09903,0.928888,4.73642777864
7534.986172016943,bench:d908ade19db0c477,7,4.77755,0.9296938,4.44165861419
7545.643988996744,bench:d908ade19db0c477,7,6.77787,0.9294252,6.299523180324
7556.370695005171,bench:d908ade19db0c477,7,6.52783,0.9307683,6.075897231789
7563.61481899512,bench:d908ade19db0c477,7,4.74183,0.9286194,4.403355329502
7570.314651005901,bench:d908ade19db0c477,7,5.02759,0.9280821,4.666016285139
7577.101111994125,bench:d908ade19db0c477,7,5.34014,0.9291566,4.961826325924
7586.665142007405,bench:d908ade19db0c477,7,4.48286,0.928888,4.1640748596799995
7593.119939003373,bench:d908ade19db0c477,7,5.25084,0.9299625,4.8830842935000005
7603.290519997245,bench:d908ade19db0c477,7,4.53644,0.928888,4.21384467872
7615.62389699975,bench:d908ade19db0c477,7,5.34907,0.9294252,4.971560454564
7622.692708013346,bench:d908ade19db0c477,7,5.24191,0.9278135,4.863514863784999
7630.595863010967,bench:d908ade19db0c477,7,4.5543,0.9280821,4.22676430803
7638.74598001712,bench:d908ade19db0c477,7,4.75076,0.9286194,4.411647900744
7644.340729020769,bench:d908ade19db0c477,7,4.92043,0.9280821,4.5665630073029995
7651.310076995287,bench:d908ade19db0c477,7,4.70611,0.928888,4.37144910568
7662.737517995993,bench:d908ade19db0c477,7,5.46516,0.9296938,5.080925368008
7671.18102000677,bench:d908ade19db0c477,7,5.93845,0.9296938,5.52094014661
7678.320275008446,bench:d908ade19db0c477,7,4.72397,0.9294252,4.390576762044
7689.139146008529,bench:d908ade19db0c477,7,5.32228,0.9280821,4.939512799188
7693.920087011065,bench:d908ade19db0c477,7,7.447619,0.928888,6.918003917672001
7701.0602859954815,bench:d908ade19db0c477,7,4.50072,0.9291566,4.181873692752
7708.137170993723,bench:d908ade19db0c477,7,5.2687,0.9294252,4.89686255124
7715.6739399943035,bench:d908ade19db0c477,7,4.42928,0.9304997,4.121443711216
7722.271236998495,bench:d908ade19db0c477,7,5.22405,0.9296938,4.85676689589
7730.011171021033,bench:d908ade19db0c477,7,5.27763,0.9286194,4.900909604022
7738.668264995795,bench:d908ade19db0c477,7,4.76862,0.9283507,4.426951715034
7744.33597602183,bench:d908ade19db0c477,7,4.92043,0.9278135,4.565241379804999
7751.886281999759,bench:d908ade19db0c477,7,4.61681,0.9302311,4.294700244791
7759.716883010697,bench:d908ade19db0c477,7,4.16138,0.928888,3.8654559454400004
7770.576736016665,bench:d908ade19db0c477,7,5.00973,0.9270077,4.644058284921
7778.710315003991,idle,7,4.49179,0.9294252,4.174782819108
7792.13492400595,idle,7,3.88455,0.928888,3.6083118804
7810.400103015127,idle,7,9.58189,0.9307683,8.918519466087
7814.998267014744,idle,7,4.92043,0.928888,4.57052838184
7822.388241998851,idle,7,6.25993,0.9280821,5.809728980253
7830.030954995891,idle,7,4.1078,0.9262018,3.80465175404
7847.94045201852,idle,7,4.33998,0.9291566,4.0325210608679996
7857.814312999835,bench:2c9590523055fe71,8,4.23282,0.9291566,3.932952639612
7864.927845017519,bench:2c9590523055fe71,8,4.39356,0.9286194,4.079945051064
7872.037099994486,bench:2c9590523055fe71,8,4.07208,0.9286194,3.7814124863519996
7878.873839013977,bench:2c9590523055fe71,8,4.47393,0.928888,4.155779889840001
7886.056445015129,bench:2c9590523055fe71,8,5.10796,0.9283507,4.741978241572
7893.186847009929,bench:2c9590523055fe71,8,4.86685,0.9286194,4.5194513268900005
7901.101762021426,bench:2c9590523055fe71,8,4.14352,0.9294252,3.8510919047039995
7908.281570998952,bench:2c9590523055fe71,8,4.83113,0.9286194,4.486281041922
7915.8973960147705,bench:2c9590523055fe71,8,5.39372,0.928888,5.01016178336
7923.9777350157965,bench:2c9590523055fe71,8,5.03652,0.928888,4.678362989760001
7930.415792012354,bench:2c9590523055fe71,8,4.72397,0.9296938,4.3918456203859995
7937.627731007524,bench:2c9590523055fe71,8,4.90257,0.9294252,4.556572102764
7945.614237018162,bench:2c9590523055fe71,8,4.29533,0.9296938,3.993341669954
7957.086381007684,bench:2c9590523055fe71,8,4.93829,0.9291566,4.588444746214
7964.4496150140185,bench:2c9590523055fe71,8,4.42928,0.9286194,4.113115336032
7971.069299994269,bench:2c9590523055fe71,8,4.87578,0.9294252,4.531672801656
7978.04240800906,bench:2c9590523055fe71,8,4.75076,0.9286194,4.411647900744
7986.220061022323,bench:2c9590523055fe71,8,4.14352,0.9291566,3.849978955232
7993.045225011883,bench:2c9590523055fe71,8,5.17047,0.9291566,4.804176325602
8000.785567011917,bench:2c9590523055fe71,8,4.81327,0.9296938,4.474867276726
8008.149635017617,bench:2c9590523055fe71,8,4.41142,0.9291566,4.0989000083719995
8014.735745993676,bench:2c9590523055fe71,8,4.93829,0.9304997,4.595077363513001
8022.313237015624,bench:2c9590523055fe71,8,3.36661,0.9286194,3.126299358234
8029.506528022466,bench:2c9590523055fe71,8,3.98278,0.928888,3.6995565486400004
8037.0286499965005,bench:2c9590523055fe71,8,4.44714,0.9299625,4.13567343225
8045.149932993809,bench:2c9590523055fe71,8,4.88471,0.9296938,4.541284601798
8054.000264994102,bench:2c9590523055fe71,8,4.84006,0.9299625,4.501074297750001
8060.25497202063,bench:2c9590523055fe71,8,5.13475,0.928888,4.769607658000001
8067.1251919993665,bench:2c9590523055fe71,8,4.18817,0.9291566,3.891465797422
8074.958829005482,bench:2c9590523055fe71,8,4.5543,0.928888,4.2304346183999995
8083.001057006186,bench:2c9590523055fe71,8,4.13459,0.928888,3.8405710359200005
8089.141505013686,bench:2c9590523055fe71,8,4.87578,0.9280821,4.525124141538
8096.551887021633,bench:2c9590523055fe71,8,4.33105,0.928888,4.023060372400001
8103.2515529950615,bench:2c9590523055fe71,8,4.98294,0.9291566,4.629931588404
8110.73811899405,bench:2c9590523055fe71,8,5.01866,0.9291566,4.663121062156
8117.15132399695,bench:2c9590523055fe71,8,4.95615,0.9299625,4.609033644375
8124.47554001119,bench:2c9590523055fe71,8,5.34014,0.9294252,4.963260687528
8132.168864016421,bench:2c9590523055fe71,8,4.92936,0.928888,4.5788233516800005
8139.8873169964645,bench:2c9590523055fe71,8,4.90257,0.928888,4.55393844216
8147.187978000147,bench:2c9590523055fe71,8,5.40265,0.9294252,5.02135905678
8154.829431994585,bench:2c9590523055fe71,8,5.04545,0.9291566,4.688013167469999
8162.483237014385,bench:2c9590523055fe71,8,5.42051,0.9286194,5.033590743894
8171.305366005981,bench:2c9590523055fe71,8,4.75076,0.9291566,4.414200009016
8178.392436006106,bench:2c9590523055fe71,8,4.465,0.9294252,4.149883517999999
8182.873935002135,bench:2c9590523055fe71,8,4.92043,0.9291566,4.571850009337999
8189.869616995566,bench:2c9590523055fe71,8,6.643919,0.928888,6.171456632072001
8198.026491998462,bench:2c9590523055fe71,8,4.5543,0.928888,4.2304346183999995
8205.168857995886,bench:2c9590523055fe71,8,4.18817,0.928888,3.8903408549600007
8212.417519011069,bench:2c9590523055fe71,8,5.41158,0.9270077,5.016576329166
8219.626791018527,bench:2c9590523055fe71,8,5.04545,0.928888,4.6866579596
8231.824632995995,bench:2c9590523055fe71,8,4.74183,0.9291566,4.405902640578001
8239.035775011871,bench:2c9590523055fe71,8,4.18817,0.9304997,3.8970909285490007
8250.397346011596,bench:2c9590523055fe71,8,4.93829,0.9280821,4.583138553609
8257.902986020781,bench:2c9590523055fe71,8,4.45607,0.928888,4.1391899501600005
8265.39832999697,bench:2c9590523055fe71,8,4.93829,0.9296938,4.591097595602
8272.35127100721,bench:2c9590523055fe71,8,5.56339,0.9315742,5.182710588538
8280.314260016894,bench:2c9590523055fe71,8,4.32212,0.928888,4.01476540256
8290.354953001952,bench:2c9590523055fe71,8,5.67055,0.9286194,5.2657827386700005
8301.103325007716,bench:2c9590523055fe71,8,7.43869,0.9286194,6.907711844586
8308.965703006834,bench:2c9590523055fe71,8,4.1971,0.928888,3.8986358248
8316.455805994337,bench:2c9590523055fe71,8,4.43821,0.9291566,4.123792113686
8324.867179006105,bench:2c9590523055fe71,8,8.572799,0.9294252,7.9677754251348
8332.367246010108,bench:2c9590523055fe71,8,4.1971,0.9286194,3.89750848374
8339.432278007735,bench:2c9590523055fe71,8,5.06331,0.9283507,4.700527382817
8346.119722002186,bench:2c9590523055fe71,8,4.93829,0.9291566,4.588444746214
8354.649242013693,bench:2c9590523055fe71,8,5.42944,0.9299625,5.0491755959999995
8363.356317015132,bench:2c9590523055fe71,8,4.81327,0.9291566,4.472281588082
8370.617385022342,bench:2c9590523055fe71,8,5.70627,0.9283507,5.297419748889
8378.239023993956,bench:2c9590523055fe71,8,4.2864,0.9280821,3.9781311134400004
8384.836932003964,bench:2c9590523055fe71,8,5.358,0.9291566,4.9784210628
8395.34404600272,bench:2c9590523055fe71,8,5.0008,0.9294252,4.647869540159999
8401.689289021306,bench:2c9590523055fe71,8,4.85792,0.9299625,4.517683428
8408.437342994148,bench:2c9590523055fe71,8,4.84899,0.9278135,4.498958383364999
8415.817872999469,bench:2c9590523055fe71,8,5.1794,0.9291566,4.81247369404
8425.155794015154,bench:2c9590523055fe71,8,4.74183,0.9283507,4.402081199781
8431.814683019184,bench:2c9590523055fe71,8,4.38463,0.9286194,4.071652479821999
8439.462395996088,bench:2c9590523055fe71,8,4.12566,0.9286194,3.831167913804
8447.040165017825,bench:2c9590523055fe71,8,4.74183,0.9286194,4.403355329502
8454.707341006724,bench:2c9590523055fe71,8,4.95615,0.9291566,4.60503948309
8465.688359021442,bench:2c9590523055fe71,8,5.04545,0.928888,4.6866579596
8472.344858018914,bench:2c9590523055fe71,8,5.358,0.9291566,4.9784210628
8481.290116003947,bench:2c9590523055fe71,8,5.304419,0.9294252,4.9300606899587995
8492.348226020113,bench:2c9590523055fe71,8,4.35784,0.9286194,4.046774766096
8500.573583005462,bench:2c9590523055fe71,8,5.01866,0.9294252,4.664469074232
8508.688996022101,bench:2c9590523055fe71,8,6.80466,0.928888,6.320767018080001
8515.244606998749,bench:2c9590523055fe71,8,4.27747,0.9304997,3.980184551759
8522.854745999211,bench:2c9590523055fe71,8,4.42928,0.9294252,4.116684449856
8530.535589001374,bench:2c9590523055fe71,8,5.06331,0.9286194,4.701887894214
8536.83759100386,bench:2c9590523055fe71,8,5.94738,0.9291566,5.526047379708
8543.98073401535,bench:2c9590523055fe71,8,7.17079,0.9304997,6.6724179437630005
8551.820724009303,bench:2c9590523055fe71,8,5.13475,0.9291566,4.77098685185
8561.304884002311,bench:2c9590523055fe71,8,4.9115,0.9302311,4.56883004765
8568.202307011234,bench:2c9590523055fe71,8,4.87578,0.9304997,4.536911827266
8575.974260020303,bench:2c9590523055fe71,8,4.90257,0.928888,4.55393844216
8584.541762014851,bench:2c9590523055fe71,8,4.1971,0.9299625,3.90314560875
8592.653656000039,bench:2c9590523055fe71,8,5.0901,0.9294252,4.73086721052
8600.633218011353,bench:2c9590523055fe71,8,4.57216,0.9299625,4.251937344
8607.722696004203,bench:2c9590523055fe71,8,7.751239,0.9275449,7.1896222031311
8619.09585900139,bench:2c9590523055fe71,8,4.86685,0.9296938,4.52468027053
8626.96869901265,bench:2c9590523055fe71,8,4.81327,0.928888,4.47098874376
8633.727567997994,bench:2c9590523055fe71,8,4.25068,0.9286194,3.947263911192
8640.350809000665,bench:2c9590523055fe71,8,7.179719,0.9291566,6.6710832949954
8648.633720004,bench:2c9590523055fe71,8,4.75076,0.9280821,4.409095317396
8656.114359997446,bench:2c9590523055fe71,8,4.40249,0.9286194,4.088237622306
8664.808435016312,bench:2c9590523055fe71,8,4.77755,0.9291566,4.43909211433
8672.831830015639,bench:2c9590523055fe71,8,4.25068,0.9294252,3.950689109136
8680.414062022464,bench:2c9590523055fe71,8,4.30426,0.9291566,3.999331587116
8687.927221006248,bench:2c9590523055fe71,8,4.61681,0.9280821,4.284778720101
8695.888784015551,bench:2c9590523055fe71,8,5.51874,0.9280821,5.121843808554
8702.88609500858,bench:2c9590523055fe71,8,5.93845,0.928888,5.5161549436
8710.625011008233,bench:2c9590523055fe71,8,7.27795,0.9315742,6.77995044889
8717.636229004711,bench:2c9590523055fe71,8,5.05438,0.9291566,4.696310535908
8725.015222007642,bench:2c9590523055fe71,8,5.73306,0.9294252,5.328450437112
8733.888962015044,bench:2c9590523055fe71,8,5.23298,0.928888,4.860852326240001
8738.597329996992,bench:2c9590523055fe71,8,5.36693,0.9294252,4.988159988635999
8747.459922014968,bench:2c9590523055fe71,8,6.44746,0.928888,5.988968224480001
8754.740027012303,bench:2c9590523055fe71,8,4.12566,0.9286194,3.831167913804
8762.766514002578,bench:2c9590523055fe71,8,6.00096,0.9291566,5.575831590336
8770.085841009859,bench:2c9590523055fe71,8,4.34891,0.928888,4.03965031208
8777.161856007297,bench:2c9590523055fe71,8,4.1971,0.928888,3.8986358248
8786.668034998002,bench:2c9590523055fe71,8,4.13459,0.928888,3.8405710359200005
8794.936649996089,bench:2c9590523055fe71,8,5.28656,0.9280821,4.906361706576
8801.623686013045,bench:2c9590523055fe71,8,5.03652,0.9294252,4.681068608304
8808.617033995688,bench:2c9590523055fe71,8,5.03652,0.9291566,4.679715799032
8816.257358994335,bench:2c9590523055fe71,8,3.45591,0.9304997,3.215723218227
8822.96748700901,bench:2c9590523055fe71,8,4.12566,0.9291566,3.833384218356
8829.807707021246,bench:2c9590523055fe71,8,6.00096,0.9326486,5.596786942656
8837.046886008466,bench:2c9590523055fe71,8,4.18817,0.9286194,3.8892159124980004
8841.517552005826,bench:2c9590523055fe71,8,5.358,0.9291566,4.9784210628
8848.786676011514,bench:2c9590523055fe71,8,6.45639,0.9280821,5.992059989619
8856.156595022185,bench:2c9590523055fe71,8,4.75076,0.9294252,4.415476063151999
8863.26523902244,bench:2c9590523055fe71,8,4.20603,0.9286194,3.905801054982
8870.797972020227,bench:2c9590523055fe71,8,4.86685,0.9299625,4.525987993125001
8877.277546009282,bench:2c9590523055fe71,8,3.35768,0.9283507,3.1171045783760003
8885.176239011344,bench:2c9590523055fe71,8,4.90257,0.9286194,4.552621611858
8892.738971015206,bench:2c9590523055fe71,8,5.0008,0.9296938,4.64921275504
8900.93479101779,bench:2c9590523055fe71,8,5.06331,0.928888,4.703247899280001
8907.716493005864,bench:2c9590523055fe71,8,4.90257,0.9294252,4.556572102764
8915.487760008546,bench:2c9590523055fe71,8,6.313509,0.928888,5.864542747992
8921.753244008869,bench:2c9590523055fe71,8,4.12566,0.9286194,3.831167913804
8928.711575019406,bench:2c9590523055fe71,8,4.93829,0.928888,4.58711832152
8936.60632299725,bench:2c9590523055fe71,8,5.31335,0.9283507,4.9326521918449995
8944.27505400381,bench:2c9590523055fe71,8,4.98294,0.9294252,4.631270006088
8951.708547014277,bench:2c9590523055fe71,8,5.02759,0.9286194,4.668717609246
8958.953430003021,bench:2c9590523055fe71,8,5.12582,0.9294252,4.764066278664
8966.136869014008,bench:2c9590523055fe71,8,4.49179,0.928888,4.17236982952
8973.353956011124,bench:2c9590523055fe71,8,4.18817,0.9294252,3.892590739884
8982.168234011624,bench:2c9590523055fe71,8,4.92936,0.9299625,4.584119949
8989.29776600562,bench:2c9590523055fe71,8,4.1971,0.9291566,3.89976316586
8996.742388000712,bench:2c9590523055fe71,8,5.12582,0.9299625,4.766820381750001
9003.50249800249,bench:2c9590523055fe71,8,5.77771,0.9307683,5.377709314593
9012.078073021257,bench:2c9590523055fe71,8,4.92043,0.9280821,4.5665630073029995
9018.568389001302,bench:2c9590523055fe71,8,4.59002,0.9283507,4.261148280014
9026.211232005153,bench:2c9590523055fe71,8,4.2864,0.9296938,3.9850395043200004
9033.713946002536,bench:2c9590523055fe71,8,5.41158,0.9294252,5.029658823816
9040.901255997596,bench:2c9590523055fe71,8,2.63435,0.9291566,2.44772368921
9048.772356007248,bench:2c9590523055fe71,8,4.95615,0.928888,4.6037082612
9057.399837998673,bench:2c9590523055fe71,8,4.96508,0.9296938,4.616004092504
9065.465399995446,bench:2c9590523055fe71,8,4.89364,0.928888,4.545643472320001
9073.260927019874,bench:2c9590523055fe71,8,4.50072,0.9291566,4.181873692752
9081.942724005785,bench:2c9590523055fe71,8,6.63499,0.9299625,6.170291887875
9088.438075996237,bench:2c9590523055fe71,8,5.09903,0.9283507,4.7336880698209995
9096.264214022085,bench:2c9590523055fe71,8,5.28656,0.9270077,4.900681826512
9105.03719499684,bench:2c9590523055fe71,8,6.56355,0.928888,6.096802832400001
9112.837962020421,bench:2c9590523055fe71,8,6.84038,0.9291566,6.3557842235079995
9118.865541007835,bench:2c9590523055fe71,8,4.17924,0.931037,3.89102707188
9126.255219016457,bench:2c9590523055fe71,8,5.19726,0.9286194,4.826276462844
9133.67380501586,bench:2c9590523055fe71,8,4.12566,0.9291566,3.833384218356
9140.582616993925,bench:2c9590523055fe71,8,4.98294,0.9307683,4.637962592802
9148.68914100225,bench:2c9590523055fe71,8,5.03652,0.9299625,4.683774730500001
9160.389986005612,bench:2c9590523055fe71,8,4.74183,0.9294252,4.407176296116
9167.75144301937,bench:2c9590523055fe71,8,6.465319,0.9286194,6.0038206505886
9175.339878012892,bench:2c9590523055fe71,8,5.19726,0.9291566,4.829068430916
9184.327210008632,bench:2c9590523055fe71,8,4.39356,0.9283507,4.0787645014919995
9190.761730016675,bench:2c9590523055fe71,8,5.4473,0.928888,5.059931602400001
9199.092955008382,bench:2c9590523055fe71,8,5.15261,0.9294252,4.788965579771999
9205.6735290098,bench:2c9590523055fe71,8,4.2864,0.9294252,3.9838881772800003
9214.093625021633,bench:2c9590523055fe71,8,5.96524,0.9286194,5.539437589656
9221.081510011572,bench:2c9590523055fe71,8,4.9115,0.9296938,4.5661910987
9232.225342013407,bench:2c9590523055fe71,8,4.49179,0.928888,4.17236982952
9239.908610004932,bench:2c9590523055fe71,8,4.72397,0.9291566,4.389307903702
9247.11799400393,bench:2c9590523055fe71,8,4.89364,0.9291566,4.5469579040240005
9253.624976001447,bench:2c9590523055fe71,8,4.42928,0.9286194,4.113115336032
9261.836943012895,bench:2c9590523055fe71,8,5.33121,0.9302311,4.959257342630999
9267.959243996302,bench:2c9590523055fe71,8,5.20619,0.9280821,4.831771748199
9275.388922018465,bench:2c9590523055fe71,8,4.95615,0.9286194,4.60237703931
9281.970033014659,bench:2c9590523055fe71,8,4.92936,0.9326486,4.597360702896
9289.369933016133,bench:2c9590523055fe71,8,4.42035,0.9291566,4.10719737681
9296.33968899725,bench:2c9590523055fe71,8,4.60788,0.9294252,4.282679790575999
9303.846181021072,bench:2c9590523055fe71,8,4.95615,0.9280821,4.599714099915
9311.089601018466,bench:2c9590523055fe71,8,4.84899,0.9283507,4.501563260793
9318.894127995009,bench:2c9590523055fe71,8,4.79541,0.9280821,4.450534183161
9326.157492003404,bench:2c9590523055fe71,8,5.11689,0.9294252,4.755766511628
9333.02524901228,bench:2c9590523055fe71,8,4.86685,0.9294252,4.5233730346200005
9340.45335301198,bench:2c9590523055fe71,8,5.63483,0.9296938,5.238666515054
9348.172362020705,bench:2c9590523055fe71,8,4.76862,0.928888,4.42951389456
9356.306367000798,bench:2c9590523055fe71,8,4.93829,0.928888,4.58711832152
9362.769090017537,bench:2c9590523055fe71,8,4.93829,0.9286194,4.5857918968260005
9369.76905001211,bench:2c9590523055fe71,8,5.29549,0.9286194,4.917494746506
9378.53864202043,bench:2c9590523055fe71,8,4.86685,0.9296938,4.52468027053
9388.092895009322,bench:2c9590523055fe71,8,7.02791,0.9280821,6.522477471411
9394.459174014628,bench:2c9590523055fe71,8,5.11689,0.928888,4.75301771832
9402.116443001432,bench:2c9590523055fe71,8,4.12566,0.9291566,3.833384218356
9407.077234005556,bench:2c9590523055fe71,8,4.20603,0.9291566,3.908060534298
9413.320255000144,bench:2c9590523055fe71,8,6.786799,0.9280821,6.298706668197901
9421.738981007366,bench:2c9590523055fe71,8,5.39372,0.9291566,5.011610536552
9430.360704020131,bench:2c9590523055fe71,8,4.84006,0.9294252,4.498473733512
9438.007157994434,bench:2c9590523055fe71,8,5.07224,0.9299625,4.716992991
9445.77507401118,bench:2c9590523055fe71,8,4.84899,0.9299625,4.509378862875
9453.477489994839,bench:2c9590523055fe71,8,5.509809,0.9286194,5.1165155276946
9460.808447009185,bench:2c9590523055fe71,8,5.87594,0.9304997,5.467560407218
9472.901567001827,bench:2c9590523055fe71,8,5.01866,0.9278135,4.656380499909999
9481.20794101851,bench:2c9590523055fe71,8,4.60788,0.9302311,4.286393281067999
9488.224844011711,bench:2c9590523055fe71,8,4.51858,0.9283507,4.194826906006
9497.013548010727,bench:2c9590523055fe71,8,5.27763,0.9291566,4.903744746858
9503.860990022076,bench:2c9590523055fe71,8,4.33998,0.9280821,4.027857752358
9512.076272018021,bench:2c9590523055fe71,8,3.26838,0.9286194,3.035081074572
9518.909511010861,bench:2c9590523055fe71,8,4.04529,0.9291566,3.7587079024139998
9526.499058003537,bench:2c9590523055fe71,8,4.974009,0.9280821,4.616288718138899
9535.952256002929,bench:2c9590523055fe71,8,5.07224,0.9291566,4.712905272784
9543.46426599659,bench:2c9590523055fe71,8,4.26854,0.928888,3.96499558352
9550.748648995068,bench:2c9590523055fe71,8,4.24175,0.928888,3.940110674
9558.390011021402,bench:2c9590523055fe71,8,4.74183,0.928888,4.40462898504
9566.46488700062,bench:2c9590523055fe71,8,4.89364,0.9283507,4.543014119548
9573.921008995967,bench:2c9590523055fe71,8,4.86685,0.9294252,4.5233730346200005
9582.06340300967,bench:2c9590523055fe71,8,4.92043,0.9294252,4.573171636835999
9589.393414993538,bench:2c9590523055fe71,8,5.24191,0.9286194,4.8677393190539995
9597.563012997853,bench:2c9590523055fe71,8,4.27747,0.928888,3.9732905533600005
9605.040060996544,bench:2c9590523055fe71,8,4.96508,0.928888,4.612003231040001
9612.105186010012,bench:2c9590523055fe71,8,4.57216,0.9294252,4.249480722432
9619.448328012368,bench:2c9590523055fe71,8,4.3757,0.9286194,4.06335990858
9628.16386501072,bench:2c9590523055fe71,8,4.18817,0.9299625,3.8948410436250005
9635.078455001349,bench:2c9590523055fe71,8,4.21496,0.9291566,3.916357902736
9642.358949000482,bench:2c9590523055fe71,8,5.04545,0.9291566,4.688013167469999
9650.073198019527,bench:2c9590523055fe71,8,3.42912,0.9294252,3.187110541824
9657.67869001138,bench:2c9590523055fe71,8,5.1794,0.9296938,4.81525606772
9662.4710939941,bench:2c9590523055fe71,8,4.31319,0.9291566,4.007628955554
9669.951807998586,bench:2c9590523055fe71,8,6.643919,0.928888,6.171456632072001
9674.700008996297,bench:2c9590523055fe71,8,4.974009,0.9280821,4.616288718138899
9693.881790997693,bench:2c9590523055fe71,8,4.85792,0.9278135,4.5072437579199995
9702.209701994434,bench:2c9590523055fe71,8,4.2864,0.9278135,3.9769797864000003
9732.885035016807,bench:2c9590523055fe71,8,5.02759,0.928888,4.67006801992
9741.320983011974,bench:2c9590523055fe71,8,5.41158,0.9286194,5.025298172652
9749.067713011755,bench:2c9590523055fe71,8,5.04545,0.9304997,4.694789711365
9756.05196901597,bench:2c9590523055fe71,8,4.75969,0.9294252,4.423775830188
9763.517276005587,bench:2c9590523055fe71,8,5.4473,0.9294252,5.06285789196
9770.941102993675,bench:2c9590523055fe71,8,5.491949,0.9286194,5.0999303852106
9778.637759998674,bench:2c9590523055fe71,8,4.57216,0.9283507,4.244567936512
9785.601886018412,bench:2c9590523055fe71,8,8.01021,0.9286194,7.438436404074
9792.908194998745,bench:2c9590523055fe71,8,4.33998,0.9296938,4.034852498124
9800.437130994396,bench:2c9590523055fe71,8,4.2864,0.9280821,3.9781311134400004
9807.942179002566,bench:2c9590523055fe71,8,5.03652,0.928888,4.678362989760001
9814.968712016707,bench:2c9590523055fe71,8,4.44714,0.9280821,4.127311030194
9822.024299995974,bench:2c9590523055fe71,8,4.88471,0.9299625,4.542597123375001
9828.974667005241,bench:2c9590523055fe71,8,5.84915,0.9283507,5.430062496904999
9836.503585014725,bench:2c9590523055fe71,8,4.77755,0.9286194,4.43652561447
9844.019077019766,bench:2c9590523055fe71,8,4.99187,0.9278135,4.631524376244999
9852.889595000306,idle,8,5.56339,0.9291566,5.169260536874
9858.883544016862,idle,8,3.04513,0.9259331,2.8195866608029996
9878.760449995752,idle,8,4.7329,0.9299625,4.40141951625
9888.472979015205,idle,8,5.58125,0.9326486,5.20534499875
9898.974445997737,idle,8,3.55414,0.9291566,3.302352638324
9917.480456002522,idle,8,3.51842,0.928888,3.26821811696
9929.216135002207,bench:63a0f7989a7e8866,9,7.63515,0.9291566,7.09425001449
9936.74379301956,bench:63a0f7989a7e8866,9,4.24175,0.9286194,3.9389713399499997
9945.590532995993,bench:63a0f7989a7e8866,9,5.45623,0.9283507,5.065294939860999
9955.563374998746,bench:63a0f7989a7e8866,9,4.26854,0.9286194,3.963849053676
9963.324031996308,bench:63a0f7989a7e8866,9,4.33105,0.9294252,4.02538701246
9972.699675010517,bench:63a0f7989a7e8866,9,4.77755,0.9278135,4.432675386924999
9979.685967002297,bench:63a0f7989a7e8866,9,4.11673,0.9296938,3.8272983572739996
9986.116598010994,bench:63a0f7989a7e8866,9,9.046089,0.9270077,8.3857941578853
9994.760247005615,bench:63a0f7989a7e8866,9,5.36693,0.9259331,4.969418132383
10001.236433017766,bench:63a0f7989a7e8866,9,4.60788,0.9296938,4.283917467144
10007.952968997415,bench:63a0f7989a7e8866,9,5.34014,0.9286194,4.958957602716
10015.288777998649,bench:63a0f7989a7e8866,9,6.33137,0.9286194,5.8794330105779995
10028.57846202096,bench:63a0f7989a7e8866,9,5.42051,0.928888,5.035046692880001
10042.060088017024,bench:63a0f7989a7e8866,9,4.65253,0.9296938,4.3254282953139995
10049.04121402069,bench:63a0f7989a7e8866,9,3.81311,0.9291566,3.542976323026
10058.649893006077,bench:63a0f7989a7e8866,9,5.20619,0.9291566,4.837365799354
10066.69404701097,bench:63a0f7989a7e8866,9,5.08117,0.9315742,4.733486877814
10078.630557021825,bench:63a0f7989a7e8866,9,5.358,0.9280821,4.9726638918
10086.596619017655,bench:63a0f7989a7e8866,9,5.358,0.9280821,4.9726638918
10095.957818004536,bench:63a0f7989a7e8866,9,4.74183,0.9291566,4.405902640578001
10103.99086101097,bench:63a0f7989a7e8866,9,5.33121,0.9299625,4.957825379625
10110.899432009319,bench:63a0f7989a7e8866,9,5.34907,0.9278135,4.962939358445
10117.910966015188,bench:63a0f7989a7e8866,9,5.34014,0.9278135,4.95465398389
10128.40795100783,bench:63a0f7989a7e8866,9,5.358,0.9294252,4.979860221599999
10133.849460020429,bench:63a0f7989a7e8866,9,5.34907,0.928888,4.968686934160001
10143.801728001563,bench:63a0f7989a7e8866,9,4.58109,0.9280821,4.2516276274889995
10162.140572996577,bench:63a0f7989a7e8866,9,5.12582,0.9294252,4.764066278664
10170.74287100695,bench:63a0f7989a7e8866,9,3.80418,0.9280821,3.5305913631780004
10201.304631016683,bench:63a0f7989a7e8866,9,4.58109,0.9294252,4.257780489468
10209.45969200693,bench:63a0f7989a7e8866,9,7.01898,0.928888,6.519846294240001
10215.229735011235,bench:63a0f7989a7e8866,9,5.20619,0.9307683,4.845756615777001
10223.22250099387,bench:63a0f7989a7e8866,9,5.48302,0.9299625,5.0990029867499995
10240.239950013347,bench:63a0f7989a7e8866,9,5.358,0.9280821,4.9726638918
10252.899973012973,bench:63a0f7989a7e8866,9,5.34014,0.928888,4.96039196432
10260.173467017012,bench:63a0f7989a7e8866,9,3.79525,0.928888,3.525362182
10267.161796014989,bench:63a0f7989a7e8866,9,4.72397,0.9294252,4.390576762044
10274.410698009888,bench:63a0f7989a7e8866,9,5.12582,0.9286194,4.759935892908
10282.176558015635,bench:63a0f7989a7e8866,9,7.65301,0.9294252,7.112900349852
10289.979974011658,bench:63a0f7989a7e8866,9,4.42035,0.9291566,4.10719737681
10297.183728020173,bench:63a0f7989a7e8866,9,4.57216,0.9304997,4.254393508352001
10304.085114010377,bench:63a0f7989a7e8866,9,5.83129,0.9307683,5.427579880107
10313.678755017463,bench:63a0f7989a7e8866,9,5.27763,0.9302311,4.9094155602930005
10320.033368014265,bench:63a0f7989a7e8866,9,4.9115,0.9280821,4.55827523415
10326.400092017138,bench:63a0f7989a7e8866,9,5.54553,0.9304997,5.160114001341
10333.917769021355,bench:63a0f7989a7e8866,9,7.08149,0.9294252,6.581715259547999
10341.303855006117,bench:63a0f7989a7e8866,9,4.71504,0.928888,4.379744075520001
10348.981420014752,bench:63a0f7989a7e8866,9,4.63467,0.9286194,4.303844474598
10356.780094007263,bench:63a0f7989a7e8866,9,4.5543,0.9294252,4.2328811883599995
10363.426908996189,bench:63a0f7989a7e8866,9,5.34014,0.9294252,4.963260687528
10370.466868014773,bench:63a0f7989a7e8866,9,4.76862,0.9302311,4.435918628082
10377.562085021054,bench:63a0f7989a7e8866,9,4.41142,0.9304997,4.104824986574
10385.39377800771,bench:63a0f7989a7e8866,9,4.68825,0.9294252,4.3573776939
10392.080981022445,bench:63a0f7989a7e8866,9,4.52751,0.9304997,4.212846696747
10399.098902998958,bench:63a0f7989a7e8866,9,5.34014,0.9283507,4.957522707098
10406.50715501397,bench:63a0f7989a7e8866,9,4.59002,0.9296938,4.267313135876
10413.656354008708,bench:63a0f7989a7e8866,9,4.6436,0.9291566,4.31463158776
10419.866709009511,bench:63a0f7989a7e8866,9,4.58109,0.9280821,4.2516276274889995
10427.44071900961,bench:63a0f7989a7e8866,9,5.24191,0.9291566,4.870555273106
10436.181942000985,bench:63a0f7989a7e8866,9,5.1794,0.928888,4.8110825072
10443.431046995101,bench:63a0f7989a7e8866,9,4.21496,0.9280821,3.911828928216
10450.124638999114,bench:63a0f7989a7e8866,9,6.58141,0.9294252,6.116928305531999
10457.030838995706,bench:63a0f7989a7e8866,9,5.28656,0.9291566,4.912042115296
10468.786647019442,bench:63a0f7989a7e8866,9,3.77739,0.9326486,3.522977495154
10475.230797019321,bench:63a0f7989a7e8866,9,4.41142,0.9286194,4.096530193547999
10482.152183016296,bench:63a0f7989a7e8866,9,5.0008,0.9278135,4.6398097508
10489.148068008944,bench:63a0f7989a7e8866,9,4.51858,0.9326486,4.214247310988
10496.111879008822,bench:63a0f7989a7e8866,9,5.84915,0.9280821,5.428491415215
10503.040506009711,bench:63a0f7989a7e8866,9,5.304419,0.9294252,4.9300606899587995
10510.305278003216,bench:63a0f7989a7e8866,9,4.99187,0.9294252,4.639569773123999
10517.881381005282,bench:63a0f7989a7e8866,9,5.07224,0.9294252,4.714267676447999
10524.798563012155,bench:63a0f7989a7e8866,9,4.81327,0.9304997,4.478746291019
10531.510488013737,bench:63a0f7989a7e8866,9,4.465,0.9286194,4.146285621
10541.968677018303,bench:63a0f7989a7e8866,9,6.47425,0.9291566,6.01559211755
10548.844434000785,bench:63a0f7989a7e8866,9,4.50965,0.9280821,4.1853254422649995
10556.555017014034,bench:63a0f7989a7e8866,9,4.49179,0.9283507,4.169956390753
10563.457273005042,bench:63a0f7989a7e8866,9,4.50965,0.9294252,4.19138235318
10570.864747016458,bench:63a0f7989a7e8866,9,4.42035,0.9280821,4.102447710735
10577.661209012149,bench:63a0f7989a7e8866,9,4.89364,0.9294252,4.548272335728
10584.975553996628,bench:63a0f7989a7e8866,9,4.3757,0.9280821,4.06100884497
10593.150614993647,bench:63a0f7989a7e8866,9,4.67039,0.9286194,4.337014759566
10600.772197998594,bench:63a0f7989a7e8866,9,5.18833,0.9280821,4.8151962018929995
10609.110017016064,bench:63a0f7989a7e8866,9,3.9292,0.9286194,3.64873134648
10615.44416702236,bench:63a0f7989a7e8866,9,5.33121,0.9294252,4.954960920492
10624.15364899789,bench:63a0f7989a7e8866,9,4.54537,0.928888,4.222139648560001
10630.071006016806,bench:63a0f7989a7e8866,9,4.77755,0.9286194,4.43652561447
10636.565377004445,bench:63a0f7989a7e8866,9,4.78648,0.9280821,4.442246410008
10646.592441014946,bench:63a0f7989a7e8866,9,7.08149,0.9374838,6.638782154862
10654.62535401457,bench:63a0f7989a7e8866,9,5.64376,0.9280821,5.237872632696001
10663.63525899942,bench:63a0f7989a7e8866,9,5.46516,0.9294252,5.079457426032
10671.073956007604,bench:63a0f7989a7e8866,9,5.31335,0.9299625,4.941216249375
10678.272580000339,bench:63a0f7989a7e8866,9,5.12582,0.9275449,4.754428199318
10684.835340012796,bench:63a0f7989a7e8866,9,5.00973,0.9304997,4.661552262081001
10692.376627994236,bench:63a0f7989a7e8866,9,5.32228,0.9286194,4.942372460232
10698.823888000334,bench:63a0f7989a7e8866,9,5.34014,0.928888,4.96039196432
10705.581979011185,bench:63a0f7989a7e8866,9,4.72397,0.928888,4.38803904536
10713.249173015356,bench:63a0f7989a7e8866,9,4.1971,0.9296938,3.90201784798
10720.479890005663,bench:63a0f7989a7e8866,9,5.143679,0.9286194,4.776520106772599
10728.127676993608,bench:63a0f7989a7e8866,9,5.40265,0.9286194,5.01700560141
10734.927953017177,bench:63a0f7989a7e8866,9,4.50072,0.928888,4.180664799360001
10741.880061017582,bench:63a0f7989a7e8866,9,4.63467,0.9286194,4.303844474598
10750.684283004375,bench:63a0f7989a7e8866,9,5.2687,0.9291566,4.89544737842
10755.706388998078,bench:63a0f7989a7e8866,9,5.86701,0.9280821,5.4450669615209994
10762.787014013156,bench:63a0f7989a7e8866,9,4.59895,0.9280821,4.268203173795
10769.671918998938,bench:63a0f7989a7e8866,9,4.43821,0.9296938,4.126176320098
10776.886912994087,bench:63a0f7989a7e8866,9,4.33105,0.9291566,4.0242236924300006
10784.723940014374,bench:63a0f7989a7e8866,9,7.02791,0.9304997,6.539468146627001
10790.839554014383,bench:63a0f7989a7e8866,9,4.50965,0.9286194,4.1877484772099995
10798.709618014982,bench:63a0f7989a7e8866,9,7.71552,0.9296938,7.173071107776
10810.808700014604,bench:63a0f7989a7e8866,9,5.491949,0.9299625,5.1073066219125005
10818.699449009728,bench:63a0f7989a7e8866,9,7.108279,0.928888,6.602795063752
10825.668093020795,bench:63a0f7989a7e8866,9,5.37586,0.9286194,4.992127887684
10832.869161997223,bench:63a0f7989a7e8866,9,4.53644,0.9294252,4.216281654287999
10840.30246999464,bench:63a0f7989a7e8866,9,5.21512,0.9291566,4.845663167792
10847.601260000374,bench:63a0f7989a7e8866,9,3.87562,0.928888,3.6000169105600004
10856.001448002644,bench:63a0f7989a7e8866,9,4.63467,0.9302311,4.311314172237
10863.12951700529,bench:63a0f7989a7e8866,9,5.34907,0.9291566,4.970123694362
10869.9569599994,bench:63a0f7989a7e8866,9,3.69702,0.9294252,3.436103552904
10877.94485501945,bench:63a0f7989a7e8866,9,4.52751,0.9286194,4.204333619694
10885.246682009893,bench:63a0f7989a7e8866,9,5.143679,0.9294252,4.780664883310799
10894.384642015211,bench:63a0f7989a7e8866,9,5.25084,0.9280821,4.873210613964
10902.104966022307,bench:63a0f7989a7e8866,9,4.51858,0.9294252,4.199682120216
10908.83329801727,bench:63a0f7989a7e8866,9,4.16138,0.9286194,3.8643381987720002
10915.509112004656,bench:63a0f7989a7e8866,9,4.49179,0.9299625,4.177196257875
10923.377971019363,bench:63a0f7989a7e8866,9,4.45607,0.9294252,4.141583750964
10931.298570998479,bench:63a0f7989a7e8866,9,4.60788,0.9291566,4.281442114008
10938.477732008323,bench:63a0f7989a7e8866,9,4.59002,0.9299625,4.26854647425
10946.065020019887,bench:63a0f7989a7e8866,9,5.304419,0.9296938,4.9314854569022
10959.265926998341,bench:63a0f7989a7e8866,9,5.358,0.928888,4.976981904
10968.292239005677,bench:63a0f7989a7e8866,9,7.0547,0.9296938,6.558710850860001
10975.692640000489,bench:63a0f7989a7e8866,9,4.12566,0.9294252,3.8344923706319998
10983.388390013715,bench:63a0f7989a7e8866,9,4.72397,0.9294252,4.390576762044
10991.981187020428,bench:63a0f7989a7e8866,9,4.70611,0.9283507,4.368920512777
11003.578386007575,bench:63a0f7989a7e8866,9,4.70611,0.9291566,4.372713166826
11009.007692016894,bench:63a0f7989a7e8866,9,5.18833,0.9291566,4.820771062477999
11017.21319599892,bench:63a0f7989a7e8866,9,6.483179,0.9291566,6.0238885568314
11024.69813299831,bench:63a0f7989a7e8866,9,4.88471,0.9294252,4.539972568692
11033.239876007428,bench:63a0f7989a7e8866,9,5.39372,0.9291566,5.011610536552
11039.89035601262,bench:63a0f7989a7e8866,9,4.66146,0.928888,4.32997425648
11051.322056009667,bench:63a0f7989a7e8866,9,6.33137,0.9302311,5.889637279606999
11056.880342017394,bench:63a0f7989a7e8866,9,4.92936,0.9286194,4.577499325584
11064.070282009197,bench:63a0f7989a7e8866,9,3.89348,0.928888,3.61660685024
11075.647554011084,bench:63a0f7989a7e8866,9,7.21544,0.9299625,6.710088621000001
11083.404470002279,bench:63a0f7989a7e8866,9,3.90241,0.9294252,3.626998194732
11095.04435301642,bench:63a0f7989a7e8866,9,4.31319,0.9294252,4.008787478387999
11107.617913017748,bench:63a0f7989a7e8866,9,4.30426,0.9294252,4.000487711352
11116.989778995048,bench:63a0f7989a7e8866,9,9.072879,0.9299625,8.4374372370375
11124.478141020518,bench:63a0f7989a7e8866,9,5.59018,0.928888,5.192651119840001
11131.182325014379,bench:63a0f7989a7e8866,9,4.43821,0.9280821,4.1190232570409995
11138.538652012357,bench:63a0f7989a7e8866,9,5.95631,0.9286194,5.5311450184140005
11150.688530993648,bench:63a0f7989a7e8866,9,4.57216,0.928888,4.247024558080001
11158.741110994015,bench:63a0f7989a7e8866,9,7.90305,0.9278135,7.332556481175
11165.53875702084,bench:63a0f7989a7e8866,9,4.59002,0.9286194,4.262381618388
11172.605660016416,bench:63a0f7989a7e8866,9,4.53644,0.928888,4.21384467872
11180.449445993872,bench:63a0f7989a7e8866,9,7.090419,0.928888,6.586205124072
11187.529108021408,bench:63a0f7989a7e8866,9,4.11673,0.9302311,3.8295102763029996
11196.79216001532,bench:63a0f7989a7e8866,9,3.77739,0.928888,3.50877224232
11204.093413020018,bench:63a0f7989a7e8866,9,5.50088,0.9304997,5.118567189736001
11213.014819019008,bench:63a0f7989a7e8866,9,3.79525,0.9283507,3.5233229941749995
11218.335551995551,bench:63a0f7989a7e8866,9,4.52751,0.928888,4.2055497088800005
11225.221864006016,bench:63a0f7989a7e8866,9,4.59895,0.9275449,4.265732617855
11236.23673399561,bench:63a0f7989a7e8866,9,4.5543,0.9286194,4.229211333419999
11243.224656005623,bench:63a0f7989a7e8866,9,4.59895,0.9283507,4.269438451765001
11249.986951006576,bench:63a0f7989a7e8866,9,3.83097,0.928888,3.5585420613600003
11256.877800013172,bench:63a0f7989a7e8866,9,4.52751,0.928888,4.2055497088800005
11263.884278014302,bench:63a0f7989a7e8866,9,4.59895,0.928888,4.2719094676000005
11272.284039994702,bench:63a0f7989a7e8866,9,6.28672,0.9291566,5.8413473803519995
11278.174453007523,bench:63a0f7989a7e8866,9,4.75969,0.928888,4.42121892472
11285.77638900606,bench:63a0f7989a7e8866,9,5.07224,0.9283507,4.708817554567999
11292.728849017294,bench:63a0f7989a7e8866,9,5.12582,0.9294252,4.764066278664
11299.39547702088,bench:63a0f7989a7e8866,9,5.37586,0.9299625,4.9993482052500005
11306.5278250142,bench:63a0f7989a7e8866,9,5.31335,0.9278135,4.929797860224999
11313.491598994005,bench:63a0f7989a7e8866,9,4.6436,0.9286194,4.31213704584
11320.581353997113,bench:63a0f7989a7e8866,9,5.19726,0.9278135,4.82208799101
11327.695090003544,bench:63a0f7989a7e8866,9,4.20603,0.9291566,3.908060534298
11336.288499005605,bench:63a0f7989a7e8866,9,4.78648,0.9296938,4.449960779824
11343.361161008943,bench:63a0f7989a7e8866,9,4.74183,0.9286194,4.403355329502
11354.860694002127,bench:63a0f7989a7e8866,9,4.51858,0.9291566,4.198468429628
11366.690131020732,bench:63a0f7989a7e8866,9,4.96508,0.9326486,4.6306749108880005
11374.154382006964,bench:63a0f7989a7e8866,9,5.37586,0.9390955,5.04844593463
11381.058065016987,bench:63a0f7989a7e8866,9,4.52751,0.9291566,4.206765798066001
11392.242952017114,bench:63a0f7989a7e8866,9,5.358,0.9294252,4.979860221599999
11401.359504001448,bench:63a0f7989a7e8866,9,4.39356,0.9294252,4.083485381711999
11407.313658011844,bench:63a0f7989a7e8866,9,4.72397,0.9291566,4.389307903702
11413.654660020256,bench:63a0f7989a7e8866,9,4.50965,0.9286194,4.1877484772099995
11421.95299701416,bench:63a0f7989a7e8866,9,5.36693,0.9280821,4.980951664953
11428.745754004922,bench:63a0f7989a7e8866,9,4.63467,0.9286194,4.303844474598
11436.287728021853,bench:63a0f7989a7e8866,9,3.8399,0.928888,3.5668370312000004
11448.101720015984,bench:63a0f7989a7e8866,9,4.85792,0.9286194,4.511158755648
11454.914069996448,bench:63a0f7989a7e8866,9,4.5543,0.9296938,4.2341044733399995
11461.823252000613,bench:63a0f7989a7e8866,9,5.13475,0.9291566,4.77098685185
11476.731144997757,bench:63a0f7989a7e8866,9,5.29549,0.9278135,4.913227111115
11483.580754022114,bench:63a0f7989a7e8866,9,4.59002,0.9280821,4.259915400642
11491.559760004748,bench:63a0f7989a7e8866,9,4.85792,0.9299625,4.517683428
11498.545683018165,bench:63a0f7989a7e8866,9,4.42035,0.9299625,4.110759736875
11505.867269006558,bench:63a0f7989a7e8866,9,4.84006,0.9280821,4.491973048926
11513.580647995695,bench:63a0f7989a7e8866,9,5.67055,0.9280821,5.262735952155
11520.994882012019,bench:63a0f7989a7e8866,9,5.11689,0.9315742,4.766762708238
11528.113248001318,bench:63a0f7989a7e8866,9,4.50965,0.9286194,4.1877484772099995
11538.319976010825,bench:63a0f7989a7e8866,9,5.27763,0.9280821,4.898073933423
11545.658784016268,bench:63a0f7989a7e8866,9,4.60788,0.9291566,4.281442114008
11552.200136997271,bench:63a0f7989a7e8866,9,4.66146,0.9286194,4.328722188324
11559.256706008455,bench:63a0f7989a7e8866,9,5.09903,0.9304997,4.744645885291
11566.575978009496,bench:63a0f7989a7e8866,9,4.69718,0.9294252,4.365677460936
11574.119173019426,bench:63a0f7989a7e8866,9,4.63467,0.931037,4.31504925279
11580.486805003602,bench:63a0f7989a7e8866,9,5.36693,0.928888,4.98527687384
11587.624633015366,bench:63a0f7989a7e8866,9,5.79557,0.9286194,5.381878736058
11594.36987299705,bench:63a0f7989a7e8866,9,3.91134,0.9275449,3.627943469166
11601.707274006912,bench:63a0f7989a7e8866,9,3.76846,0.928888,3.5004772724800004
11608.605493005598,bench:63a0f7989a7e8866,9,5.358,0.9294252,4.979860221599999
11615.700470021693,bench:63a0f7989a7e8866,9,5.161539,0.9291566,4.7958780280074
11626.649729005294,bench:63a0f7989a7e8866,9,5.41158,0.9291566,5.028205273428
11633.815947017865,bench:63a0f7989a7e8866,9,3.70595,0.9286194,3.44141706543
11642.599501996301,bench:63a0f7989a7e8866,9,4.15245,0.9304997,3.8638534792650003
11647.37864700146,bench:63a0f7989a7e8866,9,5.358,0.9294252,4.979860221599999
11654.148108005757,bench:63a0f7989a7e8866,9,5.37586,0.9304997,5.002236117242001
11662.173003016505,bench:63a0f7989a7e8866,9,4.5543,0.928888,4.2304346183999995
11673.460037010955,bench:63a0f7989a7e8866,9,4.77755,0.9291566,4.43909211433
11680.645401997026,bench:63a0f7989a7e8866,9,5.20619,0.9286194,4.834569034086
11687.688436009921,bench:63a0f7989a7e8866,9,4.58109,0.9291566,4.256550008694
11695.22411300568,bench:63a0f7989a7e8866,9,4.38463,0.9304997,4.079896899611
11705.866541014984,bench:63a0f7989a7e8866,9,4.00064,0.928888,3.71614648832
11714.619004022097,bench:63a0f7989a7e8866,9,4.8222,0.9299625,4.4844651675
11723.1426910148,bench:63a0f7989a7e8866,9,4.74183,0.9278135,4.399533888705
11734.662168018986,bench:63a0f7989a7e8866,9,5.50088,0.928888,5.1097014214400005
11742.015994997928,bench:63a0f7989a7e8866,9,5.36693,0.9294252,4.988159988635999
11749.129600997549,bench:63a0f7989a7e8866,9,5.22405,0.9296938,4.85676689589
11758.649687020807,bench:63a0f7989a7e8866,9,5.32228,0.9294252,4.946661153456
11769.931185001042,bench:63a0f7989a7e8866,9,5.2687,0.9304997,4.90252376939
11777.78130400111,bench:63a0f7989a7e8866,9,4.62574,0.9283507,4.294308967018
11784.922947001178,bench:63a0f7989a7e8866,9,3.7506,0.9283507,3.4818721354199997
11791.8128700112,bench:63a0f7989a7e8866,9,4.17924,0.9294252,3.884290972848
11799.278177000815,bench:63a0f7989a7e8866,9,5.40265,0.9286194,5.01700560141
11808.927317993948,bench:63a0f7989a7e8866,9,5.32228,0.9294252,4.946661153456
11814.54014100018,bench:63a0f7989a7e8866,9,4.67039,0.9294252,4.340778159828
11821.617395995418,bench:63a0f7989a7e8866,9,5.36693,0.9304997,4.9939267549210005
11828.953963995446,bench:63a0f7989a7e8866,9,5.304419,0.9296938,4.9314854569022
11835.960163996788,bench:63a0f7989a7e8866,9,5.25977,0.9299625,4.891388858625
11842.80099501484,bench:63a0f7989a7e8866,9,4.6436,0.9294252,4.31587885872
11849.803065008018,bench:63a0f7989a7e8866,9,5.358,0.9278135,4.971224733
11856.813098012935,bench:63a0f7989a7e8866,9,4.71504,0.9291566,4.381010535264
11866.62458901992,bench:63a0f7989a7e8866,9,3.27731,0.9286194,3.043373645814
11874.651040008757,bench:63a0f7989a7e8866,9,5.34907,0.928888,4.968686934160001
11882.973469997523,bench:63a0f7989a7e8866,9,5.32228,0.9286194,4.942372460232
11890.14500202029,bench:63a0f7989a7e8866,9,4.80434,0.9291566,4.463984219644
11894.712795998203,bench:63a0f7989a7e8866,9,5.01866,0.928888,4.66177305008
11902.078807994258,bench:63a0f7989a7e8866,9,4.57216,0.9286194,4.245796475904
11910.761178995017,bench:63a0f7989a7e8866,9,8.983579,0.9294252,8.3495647087908
11917.553826002404,bench:63a0f7989a7e8866,9,5.2687,0.9294252,4.89686255124
11924.83400501078,idle,9,4.465,0.9326486,4.164275999
11929.464465996716,idle,9,2.79509,0.9294252,2.597827082268
11937.303843995323,idle,9,4.38463,0.928888,4.07283019144
11957.390193012543,idle,9,3.45591,0.721782,2.49441363162
11964.972924994072,idle,9,4.35784,0.9304997,4.054968812648
11972.911580000073,idle,9,4.71504,0.9283507,4.377210684528
11979.85752101522,idle,9,4.92043,0.9280821,4.5665630073029995
11991.292202001205,idle,9,4.87578,0.9291566,4.530363167148
12008.98253399646,idle,9,4.30426,0.928888,3.9981754628800004
12020.368271012558,bench:2de6828cac75c8ae,10,4.92043,0.9286194,4.569206754342
12027.660357998684,bench:2de6828cac75c8ae,10,4.33998,0.928888,4.03135534224
12035.607124009402,bench:2de6828cac75c8ae,10,5.11689,0.9304997,4.761264609933
12043.312669993611,bench:2de6828cac75c8ae,10,4.70611,0.9291566,4.372713166826
12049.752060003811,bench:2de6828cac75c8ae,10,3.86669,0.9296938,3.5948377195220003
12059.775457018986,bench:2de6828cac75c8ae,10,6.18849,0.9280821,5.743426795029
12067.921036010375,bench:2de6828cac75c8ae,10,4.22389,0.9291566,3.9246552711739997
12076.131114998134,bench:2de6828cac75c8ae,10,3.38447,0.928888,3.14379356936
12084.114399011014,bench:2de6828cac75c8ae,10,3.42912,0.9294252,3.187110541824
12091.27813501982,bench:2de6828cac75c8ae,10,5.85808,0.9302311,5.449368202288
12100.193448015489,bench:2de6828cac75c8ae,10,4.74183,0.9296938,4.408449951654
12106.599987018853,bench:2de6828cac75c8ae,10,3.51842,0.9294252,3.2701082121839997
12114.12544202176,bench:2de6828cac75c8ae,10,5.21512,0.9294252,4.847063949023999
12118.849642021814,bench:2de6828cac75c8ae,10,5.06331,0.9299625,4.708688425875001
12127.664883009857,bench:2de6828cac75c8ae,10,4.22389,0.9291566,3.9246552711739997
12135.489502019482,bench:2de6828cac75c8ae,10,4.40249,0.928888,4.089420131120001
12143.75587599352,bench:2de6828cac75c8ae,10,4.48286,0.9286194,4.162870763483999
12152.233934000833,bench:2de6828cac75c8ae,10,5.1794,0.9286194,4.80969132036
12161.929130001226,bench:2de6828cac75c8ae,10,4.56323,0.9291566,4.239955271818
12173.825233010575,bench:2de6828cac75c8ae,10,3.54521,0.9294252,3.2950075132919996
12180.675675015664,bench:2de6828cac75c8ae,10,5.95631,0.9296938,5.537544477878
12190.080872998806,bench:2de6828cac75c8ae,10,5.20619,0.9291566,4.837365799354
12197.568569012219,bench:2de6828cac75c8ae,10,4.87578,0.9294252,4.531672801656
12202.855191018898,bench:2de6828cac75c8ae,10,6.21528,0.9299625,5.779977327
12209.76752199931,bench:2de6828cac75c8ae,10,4.96508,0.9280821,4.608001873068001
12216.675371018937,bench:2de6828cac75c8ae,10,4.42928,0.9326486,4.1309617910080005
12224.437805009075,bench:2de6828cac75c8ae,10,5.88487,0.9296938,5.471127152806
12232.63929100358,bench:2de6828cac75c8ae,10,4.1078,0.9286194,3.81458277132
12243.602272996213,bench:2de6828cac75c8ae,10,4.08994,0.9304997,3.8056879430180004
12254.044129018439,bench:2de6828cac75c8ae,10,7.20651,0.9280821,6.688232934471
12261.907729000086,bench:2de6828cac75c8ae,10,5.11689,0.928888,4.75301771832
12269.499165005982,bench:2de6828cac75c8ae,10,3.58093,0.9286194,3.325321068042
12277.05495301052,bench:2de6828cac75c8ae,10,4.45607,0.9294252,4.141583750964
12284.56140801427,bench:2de6828cac75c8ae,10,5.39372,0.9299625,5.0159573355000004
12292.476414993871,bench:2de6828cac75c8ae,10,4.87578,0.9280821,4.525124141538
12299.497763015097,bench:2de6828cac75c8ae,10,4.99187,0.9313055,4.648955986284999
12306.913775013527,bench:2de6828cac75c8ae,10,4.93829,0.928888,4.58711832152
12314.133342995774,bench:2de6828cac75c8ae,10,3.42019,0.9283507,3.1751357806329996
12321.118635998573,bench:2de6828cac75c8ae,10,4.67039,0.928888,4.3382692263200004
12329.366807010956,bench:2de6828cac75c8ae,10,4.77755,0.9291566,4.43909211433
12336.29591501085,bench:2de6828cac75c8ae,10,4.81327,0.9291566,4.472281588082
12343.18909799913,bench:2de6828cac75c8ae,10,3.83097,0.9294252,3.560600058444
12351.579581998521,bench:2de6828cac75c8ae,10,5.21512,0.9286194,4.842861605327999
12358.508061006432,bench:2de6828cac75c8ae,10,5.09903,0.9291566,4.737797378098
12365.389131999109,bench:2de6828cac75c8ae,10,5.05438,0.9280821,4.690879604598
12372.534163994715,bench:2de6828cac75c8ae,10,4.74183,0.9294252,4.407176296116
12379.051535011968,bench:2de6828cac75c8ae,10,4.83113,0.9291566,4.4888763249579995
12387.311076017795,bench:2de6828cac75c8ae,10,4.15245,0.9291566,3.85827632367
12394.639959005872,bench:2de6828cac75c8ae,10,4.42035,0.928888,4.1060100708
12402.944111003308,bench:2de6828cac75c8ae,10,6.8761,0.928888,6.387126776800001
12408.825246006018,bench:2de6828cac75c8ae,10,4.63467,0.9280821,4.301354266407
12416.884438018315,bench:2de6828cac75c8ae,10,5.03652,0.9296938,4.682421417576
12425.721917999908,bench:2de6828cac75c8ae,10,5.0901,0.928888,4.7281328088
12431.896624999354,bench:2de6828cac75c8ae,10,5.32228,0.9286194,4.942372460232
12438.329052994959,bench:2de6828cac75c8ae,10,5.15261,0.9294252,4.788965579771999
12445.188272016821,bench:2de6828cac75c8ae,10,5.474089,0.928888,5.084815583032
12452.445933013223,bench:2de6828cac75c8ae,10,4.78648,0.9291566,4.447389482768
12462.225554016186,bench:2de6828cac75c8ae,10,4.61681,0.9291566,4.2897394824460005
12471.884047001367,bench:2de6828cac75c8ae,10,4.92043,0.9299625,4.575815383875
12478.962727996986,bench:2de6828cac75c8ae,10,4.92043,0.9291566,4.571850009337999
12485.968371998752,bench:2de6828cac75c8ae,10,7.00112,0.9307683,6.516420560496
12493.820139003219,bench:2de6828cac75c8ae,10,4.14352,0.9286194,3.8477530562879996
12501.849960011896,bench:2de6828cac75c8ae,10,4.99187,0.928888,4.63688814056
12509.675523993792,bench:2de6828cac75c8ae,10,4.18817,0.9294252,3.892590739884
12517.125312006101,bench:2de6828cac75c8ae,10,4.88471,0.9291566,4.538660535586
12524.320602999069,bench:2de6828cac75c8ae,10,5.07224,0.9294252,4.714267676447999
12531.747004017234,bench:2de6828cac75c8ae,10,4.9115,0.9299625,4.567510818750001
12542.141342011746,bench:2de6828cac75c8ae,10,4.17031,0.9304997,3.880472203907
12548.965710011544,bench:2de6828cac75c8ae,10,4.96508,0.9302311,4.618671829988
12556.086908996804,bench:2de6828cac75c8ae,10,5.20619,0.9294252,4.838764181988
12564.067360013723,bench:2de6828cac75c8ae,10,5.39372,0.9280821,5.005814984412
12570.711692998884,bench:2de6828cac75c8ae,10,4.974009,0.928888,4.620297271992
12578.096834011376,bench:2de6828cac75c8ae,10,4.24175,0.928888,3.940110674
12586.85466699535,bench:2de6828cac75c8ae,10,4.88471,0.9294252,4.539972568692
12593.721387005644,bench:2de6828cac75c8ae,10,5.07224,0.928888,4.7115428691200005
12602.071057015564,bench:2de6828cac75c8ae,10,4.95615,0.9304997,4.611696088155
12609.320774005027,bench:2de6828cac75c8ae,10,5.20619,0.9294252,4.838764181988
12616.160216013668,bench:2de6828cac75c8ae,10,4.20603,0.9291566,3.908060534298
12623.368433007272,bench:2de6828cac75c8ae,10,3.60772,0.9291566,3.352136848952
12631.170014996314,bench:2de6828cac75c8ae,10,4.16138,0.9299625,3.8699273482500005
12637.28051900398,bench:2de6828cac75c8ae,10,4.21496,0.928888,3.9152257644799997
12644.241090019932,bench:2de6828cac75c8ae,10,4.974009,0.9286194,4.6189612531746
12652.306595002301,bench:2de6828cac75c8ae,10,5.0008,0.9294252,4.647869540159999
12659.469813021133,bench:2de6828cac75c8ae,10,5.17047,0.928888,4.80278753736
12667.150302993832,bench:2de6828cac75c8ae,10,3.42019,0.9304997,3.182485768943
12674.04113401426,bench:2de6828cac75c8ae,10,6.11705,0.9286194,5.6804113007699994
12681.39983099536,bench:2de6828cac75c8ae,10,5.08117,0.9321114,4.736216482338
12688.434086012421,bench:2de6828cac75c8ae,10,4.29533,0.9304997,3.996803276401
12696.25196501147,bench:2de6828cac75c8ae,10,7.40297,0.9278135,6.868575506095
12702.474449004512,bench:2de6828cac75c8ae,10,5.04545,0.928888,4.6866579596
12710.342494014185,bench:2de6828cac75c8ae,10,4.96508,0.928888,4.612003231040001
12718.699923017994,bench:2de6828cac75c8ae,10,4.99187,0.9291566,4.638228956841999
12726.479745993856,bench:2de6828cac75c8ae,10,4.75076,0.928888,4.41292395488
12733.01982099656,bench:2de6828cac75c8ae,10,5.0008,0.9280821,4.64115296568
12740.12305701035,bench:2de6828cac75c8ae,10,5.13475,0.9283507,4.766848756825
12747.134275006829,bench:2de6828cac75c8ae,10,5.75092,0.9294252,5.345049971183999
12753.643646021374,bench:2de6828cac75c8ae,10,4.974009,0.9237842,4.5949109248578
12760.96345501719,bench:2de6828cac75c8ae,10,4.71504,0.9302311,4.386076845744
12768.033080006717,bench:2de6828cac75c8ae,10,4.70611,0.9304997,4.379033943167
12775.585257011699,bench:2de6828cac75c8ae,10,4.25068,0.9291566,3.949547376488
12782.731882005464,bench:2de6828cac75c8ae,10,4.99187,0.9286194,4.635547324278
12795.006925996859,bench:2de6828cac75c8ae,10,5.27763,0.9259331,4.886732306553
12807.591820019297,bench:2de6828cac75c8ae,10,4.74183,0.9294252,4.407176296116
12814.865962020122,bench:2de6828cac75c8ae,10,4.09887,0.9286194,3.8062902000779997
12821.168260998093,bench:2de6828cac75c8ae,10,5.143679,0.9294252,4.780664883310799
12829.150786012178,bench:2de6828cac75c8ae,10,5.17047,0.928888,4.80278753736
12836.825072998181,bench:2de6828cac75c8ae,10,5.40265,0.9299625,5.024261900625
12844.212491996586,bench:2de6828cac75c8ae,10,4.20603,0.9299625,3.911450173875
12852.568828006042,bench:2de6828cac75c8ae,10,4.95615,0.928888,4.6037082612
12859.705656999722,bench:2de6828cac75c8ae,10,4.88471,0.9294252,4.539972568692
12866.87483699643,bench:2de6828cac75c8ae,10,5.06331,0.9294252,4.705967909412
12876.608457998373,bench:2de6828cac75c8ae,10,4.65253,0.928888,4.32167928664
12883.287254022434,bench:2de6828cac75c8ae,10,4.76862,0.9286194,4.428233043228
12887.91953001055,bench:2de6828cac75c8ae,10,4.75076,0.9291566,4.414200009016
12895.602853008313,bench:2de6828cac75c8ae,10,5.31335,0.9280821,4.931225026035
12902.48135101865,bench:2de6828cac75c8ae,10,4.25068,0.9283507,3.946121753476
12909.963436017279,bench:2de6828cac75c8ae,10,4.38463,0.9286194,4.071652479821999
12916.919765993953,bench:2de6828cac75c8ae,10,3.40233,0.928888,3.1603835090400003
12924.618849006947,bench:2de6828cac75c8ae,10,5.04545,0.9299625,4.692079295625
12931.843936006771,bench:2de6828cac75c8ae,10,5.15261,0.9283507,4.783429100327
12939.09637501929,bench:2de6828cac75c8ae,10,4.75076,0.9294252,4.415476063151999
12946.342517010635,bench:2de6828cac75c8ae,10,4.48286,0.928888,4.1640748596799995
12953.31751400954,bench:2de6828cac75c8ae,10,5.52767,0.9283507,5.131616313868999
12960.504175018286,bench:2de6828cac75c8ae,10,5.23298,0.9304997,4.869286320106
12965.470652008662,bench:2de6828cac75c8ae,10,3.42019,0.928888,3.17697344872
12972.468833002495,bench:2de6828cac75c8ae,10,6.54569,0.9275449,6.071421376480999
12980.076842999551,bench:2de6828cac75c8ae,10,5.28656,0.9326486,4.930502782816
12987.321134016383,bench:2de6828cac75c8ae,10,3.67023,0.9291566,3.410218428018
12995.149808004498,bench:2de6828cac75c8ae,10,4.58109,0.9304997,4.2627028706729995
13002.03187999432,bench:2de6828cac75c8ae,10,4.20603,0.928888,3.9069307946400005
13009.709425998153,bench:2de6828cac75c8ae,10,5.12582,0.928888,4.76131268816
13016.872402018635,bench:2de6828cac75c8ae,10,5.15261,0.928888,4.78619759768
13025.108592002653,bench:2de6828cac75c8ae,10,4.14352,0.9304997,3.855544116944
13032.35010500066,bench:2de6828cac75c8ae,10,4.99187,0.9280821,4.6328651925269995
13040.369499998633,bench:2de6828cac75c8ae,10,6.27779,0.9286194,5.829677583126
13047.734697000124,bench:2de6828cac75c8ae,10,4.77755,0.928888,4.4378088644
13055.2323370066,bench:2de6828cac75c8ae,10,5.1794,0.928888,4.8110825072
13062.129983009072,bench:2de6828cac75c8ae,10,5.15261,0.9304997,4.794502059217001
13069.674252008554,bench:2de6828cac75c8ae,10,4.75969,0.9294252,4.423775830188
13077.10143001168,bench:2de6828cac75c8ae,10,3.61665,0.9283507,3.357519559155
13084.19698101352,bench:2de6828cac75c8ae,10,5.20619,0.928888,4.835967416720001
13092.083526018541,bench:2de6828cac75c8ae,10,6.465319,0.9283507,6.0020834193732995
13098.821079998743,bench:2de6828cac75c8ae,10,5.57232,0.9286194,5.174564455008
13106.13777700928,bench:2de6828cac75c8ae,10,4.61681,0.9280821,4.284778720101
13114.215005014557,bench:2de6828cac75c8ae,10,5.01866,0.9286194,4.660425038004
13126.704196009086,bench:2de6828cac75c8ae,10,5.29549,0.9283507,4.916071848343
13131.619821011554,bench:2de6828cac75c8ae,10,4.17031,0.9283507,3.871510207717
13138.9000560157,bench:2de6828cac75c8ae,10,5.41158,0.9296938,5.031112374204
13148.094978008885,bench:2de6828cac75c8ae,10,5.66162,0.9299625,5.26509428925
13159.417438000673,bench:2de6828cac75c8ae,10,4.25068,0.928888,3.94840564384
13169.318372994894,bench:2de6828cac75c8ae,10,4.62574,0.9291566,4.298036850884
13176.216148014646,bench:2de6828cac75c8ae,10,4.92936,0.928888,4.5788233516800005
13184.631484007696,bench:2de6828cac75c8ae,10,5.20619,0.9280821,4.831771748199
13194.077496998943,bench:2de6828cac75c8ae,10,6.9654,0.9280821,6.46446305934
13199.182267999277,bench:2de6828cac75c8ae,10,4.04529,0.9294252,3.7597944673079993
13204.006893996848,bench:2de6828cac75c8ae,10,5.37586,0.9304997,5.002236117242001
13211.127223010408,bench:2de6828cac75c8ae,10,6.84931,0.9299625,6.369601450875
13219.317987008253,bench:2de6828cac75c8ae,10,5.52767,0.9326486,5.155373686762
13226.18433702155,bench:2de6828cac75c8ae,10,4.96508,0.9278135,4.6066682525800005
13235.105243016733,bench:2de6828cac75c8ae,10,4.974009,0.9296938,4.6243053284441995
13245.44822901953,bench:2de6828cac75c8ae,10,4.70611,0.9280821,4.3676564516309995
13252.554780017817,bench:2de6828cac75c8ae,10,5.19726,0.9291566,4.829068430916
13273.688620014582,bench:2de6828cac75c8ae,10,4.85792,0.928888,4.5124635929600005
13279.052612022497,bench:2de6828cac75c8ae,10,4.35784,0.928888,4.047945281920001
13287.458837003214,bench:2de6828cac75c8ae,10,4.34891,0.9280821,4.036145525511
13293.253214011202,bench:2de6828cac75c8ae,10,5.0008,0.9321114,4.66130268912
13301.535940001486,bench:2de6828cac75c8ae,10,7.54585,0.9302311,7.019384345934999
13308.13232899527,bench:2de6828cac75c8ae,10,4.27747,0.928888,3.9732905533600005
13315.241417003563,bench:2de6828cac75c8ae,10,4.60788,0.928888,4.28020443744
13323.270349006634,bench:2de6828cac75c8ae,10,4.17924,0.9294252,3.884290972848
13329.924329998903,bench:2de6828cac75c8ae,10,4.11673,0.9283507,3.8217691772109994
13337.346693006111,bench:2de6828cac75c8ae,10,5.05438,0.9304997,4.703099073686
13345.142460020725,bench:2de6828cac75c8ae,10,4.39356,0.9283507,4.0787645014919995
13354.713861015625,bench:2de6828cac75c8ae,10,4.43821,0.9304997,4.129753073537
13363.383546995465,bench:2de6828cac75c8ae,10,3.37554,0.9291566,3.136405269564
13371.663124999031,bench:2de6828cac75c8ae,10,4.20603,0.9294252,3.909190273956
13378.741417021956,bench:2de6828cac75c8ae,10,3.50949,0.9291566,3.260865796134
13386.505333008245,bench:2de6828cac75c8ae,10,4.99187,0.9315742,4.650297301754
13393.926048011053,bench:2de6828cac75c8ae,10,5.00973,0.9294252,4.656169307196
13400.608343014028,bench:2de6828cac75c8ae,10,5.32228,0.9296938,4.948090717864
13408.84869999718,bench:2de6828cac75c8ae,10,4.33105,0.9294252,4.02538701246
13417.832197999815,bench:2de6828cac75c8ae,10,4.15245,0.9291566,3.85827632367
13425.248450017534,bench:2de6828cac75c8ae,10,5.28656,0.9294252,4.913462085311999
13433.341399999335,bench:2de6828cac75c8ae,10,6.47425,0.9304997,6.024287682725
13446.705380018102,bench:2de6828cac75c8ae,10,4.6436,0.9304997,4.320868406920001
13456.33983501466,bench:2de6828cac75c8ae,10,6.23314,0.9291566,5.791563169723999
13461.050962010631,bench:2de6828cac75c8ae,10,5.31335,0.926739,4.924088665649999
13472.4379950203,bench:2de6828cac75c8ae,10,4.75076,0.9291566,4.414200009016
13479.396288021235,bench:2de6828cac75c8ae,10,4.75969,0.9307683,4.430168569827
13487.350406008773,bench:2de6828cac75c8ae,10,4.79541,0.9304997,4.462127566377
13495.052471000236,bench:2de6828cac75c8ae,10,4.3757,0.9270077,4.05630759289
13502.003431000048,bench:2de6828cac75c8ae,10,6.59927,0.9294252,6.133527839604
13509.600681019947,bench:2de6828cac75c8ae,10,2.53612,0.928888,2.3557714345600003
13518.666827003472,bench:2de6828cac75c8ae,10,4.88471,0.9280821,4.533411914691
13525.75965601136,bench:2de6828cac75c8ae,10,3.95599,0.9304997,3.681047508203
13533.670330012683,bench:2de6828cac75c8ae,10,4.59895,0.931037,4.28179261115
13549.784545000875,bench:2de6828cac75c8ae,10,4.48286,0.9278135,4.15925802661
13557.153483008733,bench:2de6828cac75c8ae,10,5.93845,0.931037,5.528916672649999
13564.562865009066,bench:2de6828cac75c8ae,10,5.06331,0.9296938,4.707327914478
13572.536131017841,bench:2de6828cac75c8ae,10,4.48286,0.9304997,4.171299885142
13580.233454005793,bench:2de6828cac75c8ae,10,6.20635,0.9296938,5.77000511563
13587.894427007996,bench:2de6828cac75c8ae,10,3.41126,0.928888,3.16867847888
13596.18678301922,bench:2de6828cac75c8ae,10,3.52735,0.9286194,3.27556564059
13602.881282015005,bench:2de6828cac75c8ae,10,6.911819,0.9291566,6.422162241855401
13611.127192998538,bench:2de6828cac75c8ae,10,4.24175,0.9291566,3.94125000805
13619.202792004216,bench:2de6828cac75c8ae,10,6.90289,0.9280821,6.406448647269
13628.206401015632,bench:2de6828cac75c8ae,10,4.6436,0.9286194,4.31213704584
13636.104093020549,bench:2de6828cac75c8ae,10,4.40249,0.928888,4.089420131120001
13641.673491016263,bench:2de6828cac75c8ae,10,7.21544,0.9280821,6.696520707624
13648.221045994433,bench:2de6828cac75c8ae,10,4.69718,0.9294252,4.365677460936
13656.546457001241,bench:2de6828cac75c8ae,10,4.70611,0.9283507,4.368920512777
13663.104439008748,bench:2de6828cac75c8ae,10,5.28656,0.9294252,4.913462085311999
13670.153028011555,bench:2de6828cac75c8ae,10,5.05438,0.9283507,4.692237211066
13678.559253021376,bench:2de6828cac75c8ae,10,6.44746,0.9291566,5.990700012236
13684.926440007985,bench:2de6828cac75c8ae,10,5.0008,0.9280821,4.64115296568
13692.103637993569,bench:2de6828cac75c8ae,10,5.31335,0.9304997,4.944070580995
13700.027775019407,bench:2de6828cac75c8ae,10,5.304419,0.9291566,4.9286359230154
13707.236935995752,bench:2de6828cac75c8ae,10,4.22389,0.9283507,3.921251238223
13714.36194999842,bench:2de6828cac75c8ae,10,5.01866,0.9280821,4.657728511986
13721.245096006896,bench:2de6828cac75c8ae,10,5.03652,0.9296938,4.682421417576
13728.739643003792,bench:2de6828cac75c8ae,10,4.75969,0.9294252,4.423775830188
13735.857193998527,bench:2de6828cac75c8ae,10,4.75076,0.928888,4.41292395488
13744.260697014397,bench:2de6828cac75c8ae,10,4.71504,0.9294252,4.382276995008
13749.699355015764,bench:2de6828cac75c8ae,10,4.96508,0.9283507,4.609335493556
13756.93944201339,bench:2de6828cac75c8ae,10,5.358,0.9326486,4.9971311988
13765.451315004611,bench:2de6828cac75c8ae,10,4.26854,0.928888,3.96499558352
13774.341776006622,bench:2de6828cac75c8ae,10,4.98294,0.928888,4.62859317072
13780.155134998495,bench:2de6828cac75c8ae,10,4.974009,0.9291566,4.6216332908094
13787.09981701104,bench:2de6828cac75c8ae,10,6.251,0.9291566,5.8081579066
13794.24703400582,bench:2de6828cac75c8ae,10,4.17031,0.9326486,3.889433783066
13801.611230999697,bench:2de6828cac75c8ae,10,4.75969,0.9280821,4.417383090549
13808.41397002223,bench:2de6828cac75c8ae,10,4.81327,0.9291566,4.472281588082
13815.330041019479,bench:2de6828cac75c8ae,10,3.49163,0.9286194,3.2423953556219995
13822.312352014706,bench:2de6828cac75c8ae,10,4.50965,0.928888,4.1889597692
13829.315756011056,bench:2de6828cac75c8ae,10,4.2864,0.9286194,3.9804341961600005
13836.692083015805,bench:2de6828cac75c8ae,10,4.98294,0.9291566,4.629931588404
13844.78001401294,bench:2de6828cac75c8ae,10,4.98294,0.928888,4.62859317072
13852.774947008584,bench:2de6828cac75c8ae,10,5.25084,0.928888,4.87744226592
13860.360493999906,bench:2de6828cac75c8ae,10,7.304739,0.928888,6.785284400232
13868.089854018763,bench:2de6828cac75c8ae,10,4.62574,0.928888,4.29679437712
13875.637365010334,bench:2de6828cac75c8ae,10,4.67039,0.9286194,4.337014759566
13883.028784010094,bench:2de6828cac75c8ae,10,4.43821,0.928888,4.12260001048
13889.954003010644,bench:2de6828cac75c8ae,10,5.304419,0.9280821,4.922936324799901
13896.540262008784,bench:2de6828cac75c8ae,10,4.49179,0.9291566,4.173576324314
13904.272937012138,bench:2de6828cac75c8ae,10,5.358,0.9304997,4.9856173926
13912.460757012013,bench:2de6828cac75c8ae,10,4.93829,0.9280821,4.583138553609
13919.744529004674,bench:2de6828cac75c8ae,10,5.76878,0.9259331,5.341504348617999
13926.268954994157,bench:2de6828cac75c8ae,10,3.85776,0.9286194,3.582390776544
13933.993760001613,bench:2de6828cac75c8ae,10,5.56339,0.9286194,5.166271883766
13940.720092010451,bench:2de6828cac75c8ae,10,5.28656,0.9283507,4.907781676591999
13948.873818997527,bench:2de6828cac75c8ae,10,4.96508,0.9283507,4.609335493556
13956.056185008492,bench:2de6828cac75c8ae,10,2.98262,0.9296938,2.772923321756
13966.111859015655,bench:2de6828cac75c8ae,10,4.25961,0.9304997,3.9635658271170007
13976.642677007476,bench:2de6828cac75c8ae,10,4.33105,0.9294252,4.02538701246
13983.785932010505,bench:2de6828cac75c8ae,10,4.75076,0.928888,4.41292395488
13993.591903999913,bench:2de6828cac75c8ae,10,4.78648,0.931037,4.45638997976
13998.475066997344,bench:2de6828cac75c8ae,10,4.77755,0.9299625,4.442942341875
14005.908430001,bench:2de6828cac75c8ae,10,4.05422,0.9283507,3.7637379749539996
14015.906437998638,idle,10,5.50088,0.9304997,5.118567189736001
14022.316513000987,idle,10,8.43885,0.9294252,7.84327984902
14041.812089009909,idle,10,4.27747,0.9294252,3.975588410244
14051.559876999818,idle,10,5.17047,0.9294252,4.805565113844
14058.943926007487,idle,10,4.81327,0.9291566,4.472281588082
14068.426957004704,idle,10,3.76846,0.9294252,3.502501689192
14077.081921015633,idle,10,4.94722,0.9286194,4.594084468068
14095.836429012707,idle,10,4.17031,0.9291566,3.874871060546
14104.09467399586,bench:a29d83ec698edba0,11,4.25961,0.9283507,3.9544119252270002
14112.100327998633,bench:a29d83ec698edba0,11,3.56307,0.9280821,3.3068214880470004
14118.488423002418,bench:a29d83ec698edba0,11,4.72397,0.9275449,4.381694281253
14129.535774001852,bench:a29d83ec698edba0,11,5.00973,0.9291566,4.654823693718
14142.558182007633,bench:a29d83ec698edba0,11,4.85792,0.9275449,4.505938920608
14148.430706001818,bench:a29d83ec698edba0,11,4.96508,0.928888,4.612003231040001
14156.006976001663,bench:a29d83ec698edba0,11,4.06315,0.9286194,3.77311991511
14163.102656020783,bench:a29d83ec698edba0,11,4.86685,0.9294252,4.5233730346200005
14169.874729006551,bench:a29d83ec698edba0,11,4.42035,0.9286194,4.10482276479
14176.959762000479,bench:a29d83ec698edba0,11,4.85792,0.9283507,4.509853432544
14184.197534021223,bench:a29d83ec698edba0,11,5.03652,0.928888,4.678362989760001
14191.347214014968,bench:a29d83ec698edba0,11,4.89364,0.9286194,4.544329040616001
14198.534950002795,bench:a29d83ec698edba0,11,4.12566,0.9280821,3.828951196686
14206.602604012005,bench:a29d83ec698edba0,11,4.16138,0.9280821,3.8621022892980004
14214.848625997547,bench:a29d83ec698edba0,11,4.9115,0.9291566,4.5635526409
14225.246853020508,bench:a29d83ec698edba0,11,5.0901,0.9291566,4.72950000966
14233.984260994475,bench:a29d83ec698edba0,11,4.18817,0.9283507,3.8880905512190003
14246.209564997116,bench:a29d83ec698edba0,11,4.96508,0.9291566,4.613336851528
14252.655288000824,bench:a29d83ec698edba0,11,4.99187,0.9286194,4.635547324278
14260.365723021096,bench:a29d83ec698edba0,11,4.27747,0.9304997,3.980184551759
14267.502903996501,bench:a29d83ec698edba0,11,4.74183,0.928888,4.40462898504
14272.351899999194,bench:a29d83ec698edba0,11,4.89364,0.9291566,4.5469579040240005
14279.412525007501,bench:a29d83ec698edba0,11,4.75969,0.928888,4.42121892472
14287.46806801064,bench:a29d83ec698edba0,11,4.22389,0.9280821,3.920116701369
14294.834986998467,bench:a29d83ec698edba0,11,4.72397,0.9291566,4.389307903702
14302.706902002683,bench:a29d83ec698edba0,11,4.90257,0.9283507,4.551304291299
14310.095266002463,bench:a29d83ec698edba0,11,4.13459,0.928888,3.8405710359200005
14319.08154199482,bench:a29d83ec698edba0,11,4.33998,0.9286194,4.030189623611999
14326.536423002835,bench:a29d83ec698edba0,11,5.10796,0.9326486,4.763931742856
14334.185395011446,bench:a29d83ec698edba0,11,4.96508,0.9302311,4.618671829988
14341.622462001396,bench:a29d83ec698edba0,11,4.93829,0.9294252,4.5897711709080005
14349.075417994754,bench:a29d83ec698edba0,11,4.08101,0.9296938,3.794089694738
14357.690492994152,bench:a29d83ec698edba0,11,4.30426,0.928888,3.9981754628800004
14364.533546002349,bench:a29d83ec698edba0,11,5.60804,0.9291566,5.210747379064
14371.864354994614,bench:a29d83ec698edba0,11,4.17031,0.928888,3.87375091528
14379.500734008616,bench:a29d83ec698edba0,11,4.35784,0.9299625,4.052627781000001
14386.177381995367,bench:a29d83ec698edba0,11,5.08117,0.9291566,4.721202641222
14393.651021993719,bench:a29d83ec698edba0,11,5.17047,0.9296938,4.806953902086
14401.082866999786,bench:a29d83ec698edba0,11,4.20603,0.9286194,3.905801054982
14408.39856400271,bench:a29d83ec698edba0,11,4.20603,0.9291566,3.908060534298
14412.909989012405,bench:a29d83ec698edba0,11,5.491949,0.9291566,5.1028806602134
14420.482407003874,bench:a29d83ec698edba0,11,4.89364,0.9296938,4.549586767432
14428.069046000019,bench:a29d83ec698edba0,11,5.28656,0.9294252,4.913462085311999
14436.422697996022,bench:a29d83ec698edba0,11,5.02759,0.928888,4.67006801992
14443.517638021149,bench:a29d83ec698edba0,11,4.9115,0.9286194,4.5609141831
14450.648429017747,bench:a29d83ec698edba0,11,4.75076,0.928888,4.41292395488
14457.895238010678,bench:a29d83ec698edba0,11,4.86685,0.9280821,4.516836368385
14468.896145001054,bench:a29d83ec698edba0,11,4.974009,0.9315742,4.6336584549678
14476.332304999232,bench:a29d83ec698edba0,11,4.92043,0.9286194,4.569206754342
14488.36218501674,bench:a29d83ec698edba0,11,4.74183,0.9286194,4.403355329502
14495.580475020688,bench:a29d83ec698edba0,11,5.03652,0.9294252,4.681068608304
14502.869803021895,bench:a29d83ec698edba0,11,4.08994,0.9291566,3.8001947446040005
14509.503747016424,bench:a29d83ec698edba0,11,4.14352,0.9286194,3.8477530562879996
14517.92739800294,bench:a29d83ec698edba0,11,4.70611,0.9302311,4.377769882021
14525.31392799574,bench:a29d83ec698edba0,11,4.95615,0.9291566,4.60503948309
14532.536106999032,bench:a29d83ec698edba0,11,4.36677,0.9291566,4.057413166182
14541.132145997835,bench:a29d83ec698edba0,11,4.75969,0.9291566,4.422497377454
14550.775990006514,bench:a29d83ec698edba0,11,3.42019,0.9283507,3.1751357806329996
14558.498055004748,bench:a29d83ec698edba0,11,4.96508,0.9291566,4.613336851528
14565.671198011842,bench:a29d83ec698edba0,11,4.21496,0.9286194,3.9140936262239996
14573.183486005291,bench:a29d83ec698edba0,11,7.40297,0.9304997,6.888461364109
14577.427820011508,bench:a29d83ec698edba0,11,5.37586,0.9294252,4.996459755672
14585.109459003434,bench:a29d83ec698edba0,11,5.56339,0.9291566,5.169260536874
14592.067011020845,bench:a29d83ec698edba0,11,4.92936,0.9286194,4.577499325584
14600.111869018292,bench:a29d83ec698edba0,11,5.42051,0.9304997,5.043782928847
14607.35021601431,bench:a29d83ec698edba0,11,3.55414,0.928888,3.30139799632
14614.509674021974,bench:a29d83ec698edba0,11,4.1971,0.9296938,3.90201784798
14623.488912999164,bench:a29d83ec698edba0,11,4.94722,0.9291566,4.596742114652
14631.404697021935,bench:a29d83ec698edba0,11,5.2687,0.9291566,4.89544737842
14638.72894999804,bench:a29d83ec698edba0,11,4.465,0.9304997,4.1546811605
14645.616374007659,bench:a29d83ec698edba0,11,5.143679,0.9286194,4.776520106772599
14657.317608012818,bench:a29d83ec698edba0,11,4.17031,0.9291566,3.874871060546
14666.332884022268,bench:a29d83ec698edba0,11,4.17031,0.928888,3.87375091528
14673.599544010358,bench:a29d83ec698edba0,11,5.06331,0.9291566,4.704607904346
14681.201110011898,bench:a29d83ec698edba0,11,5.13475,0.928888,4.769607658000001
14690.952416014625,bench:a29d83ec698edba0,11,5.04545,0.9299625,4.692079295625
14698.2696140185,bench:a29d83ec698edba0,11,4.62574,0.928888,4.29679437712
14704.404136020457,bench:a29d83ec698edba0,11,4.9115,0.9286194,4.5609141831
14712.467216013465,bench:a29d83ec698edba0,11,5.509809,0.9283507,5.1150350420162995
14719.947319012135,bench:a29d83ec698edba0,11,4.33105,0.9299625,4.027714085625
14727.402164018713,bench:a29d83ec698edba0,11,5.19726,0.9280821,4.823483975046
14734.62343600113,bench:a29d83ec698edba0,11,4.62574,0.9291566,4.298036850884
14744.965367019176,bench:a29d83ec698edba0,11,5.04545,0.928888,4.6866579596
14762.844623008277,bench:a29d83ec698edba0,11,4.27747,0.9280821,3.9698433402870004
14770.83972201217,bench:a29d83ec698edba0,11,4.96508,0.9283507,4.609335493556
14801.623184001073,bench:a29d83ec698edba0,11,4.1971,0.9304997,3.90540029087
14809.11145400023,bench:a29d83ec698edba0,11,5.74199,0.9280821,5.329038137379
14816.658205003478,bench:a29d83ec698edba0,11,4.78648,0.9296938,4.449960779824
14826.591047021793,bench:a29d83ec698edba0,11,4.14352,0.928888,3.8488660057599997
14834.128279995639,bench:a29d83ec698edba0,11,4.84899,0.9270077,4.495051067223
14840.29433899559,bench:a29d83ec698edba0,11,6.92968,0.9307683,6.449926473144
14849.033820995828,bench:a29d83ec698edba0,11,4.56323,0.928888,4.23872958824
14857.54571200232,bench:a29d83ec698edba0,11,4.92936,0.9291566,4.580147377776
14866.24324900913,bench:a29d83ec698edba0,11,4.94722,0.9286194,4.594084468068
14874.04551700456,bench:a29d83ec698edba0,11,5.00973,0.9280821,4.649440738833
14879.974206996849,bench:a29d83ec698edba0,11,5.56339,0.9294252,5.170754863428
14887.62919799774,bench:a29d83ec698edba0,11,4.59895,0.9286194,4.27067418963
14895.288300001994,bench:a29d83ec698edba0,11,5.5366,0.9304997,5.15180463902
14904.169020999689,bench:a29d83ec698edba0,11,6.152769,0.9278135,5.7086221405815
14911.106943996856,bench:a29d83ec698edba0,11,4.23282,0.9296938,3.9352265105160003
14921.274395019282,bench:a29d83ec698edba0,11,4.53644,0.928888,4.21384467872
14929.281679011183,bench:a29d83ec698edba0,11,6.43853,0.926739,5.96683685367
14937.043836020166,bench:a29d83ec698edba0,11,4.30426,0.9304997,4.005112638722
14945.023416017648,bench:a29d83ec698edba0,11,6.3403,0.9280821,5.88431893863
14952.582316007465,bench:a29d83ec698edba0,11,4.95615,0.9299625,4.609033644375
14959.632273996249,bench:a29d83ec698edba0,11,5.25084,0.9326486,4.897188574824001
14966.69412200572,bench:a29d83ec698edba0,11,4.27747,0.9291566,3.974439481802
14974.15454100701,bench:a29d83ec698edba0,11,5.42944,0.9291566,5.044800010304
14981.817328021862,bench:a29d83ec698edba0,11,5.06331,0.928888,4.703247899280001
14988.575585011858,bench:a29d83ec698edba0,11,4.75076,0.931037,4.4231333381199995
14997.490917012328,bench:a29d83ec698edba0,11,4.75076,0.9296938,4.4167521172879995
15006.918188999407,bench:a29d83ec698edba0,11,5.13475,0.9299625,4.7751249468750006
15017.518784996355,bench:a29d83ec698edba0,11,4.92043,0.9294252,4.573171636835999
15026.801725005498,bench:a29d83ec698edba0,11,4.33998,0.9286194,4.030189623611999
15033.509539003717,bench:a29d83ec698edba0,11,4.71504,0.9291566,4.381010535264
15041.063419019338,bench:a29d83ec698edba0,11,4.99187,0.928888,4.63688814056
15049.84164101188,bench:a29d83ec698edba0,11,4.95615,0.9304997,4.611696088155
15055.892720003612,bench:a29d83ec698edba0,11,3.89348,0.9291566,3.617652638968
15064.414370019222,bench:a29d83ec698edba0,11,5.17047,0.9296938,4.806953902086
15071.389143995475,bench:a29d83ec698edba0,11,4.98294,0.9304997,4.636624175118
15079.761907021748,bench:a29d83ec698edba0,11,4.89364,0.9291566,4.5469579040240005
15087.424935016315,bench:a29d83ec698edba0,11,7.22437,0.928888,6.710630600560001
15095.200609997846,bench:a29d83ec698edba0,11,4.99187,0.9299625,4.642251904875
15104.167849000078,bench:a29d83ec698edba0,11,4.21496,0.9280821,3.911828928216
15112.420927005587,bench:a29d83ec698edba0,11,5.0901,0.9299625,4.73360212125
15119.71545801498,bench:a29d83ec698edba0,11,4.14352,0.928888,3.8488660057599997
15126.609474013094,bench:a29d83ec698edba0,11,4.23282,0.9294252,3.934089575064
15133.776913018664,bench:a29d83ec698edba0,11,5.21512,0.9291566,4.845663167792
15141.214332019445,bench:a29d83ec698edba0,11,3.56307,0.9291566,3.310650006762
15149.255875003291,bench:a29d83ec698edba0,11,5.27763,0.9299625,4.9079979888750005
15155.266287008999,bench:a29d83ec698edba0,11,4.9115,0.9291566,4.5635526409
15163.334441022016,bench:a29d83ec698edba0,11,4.34891,0.9280821,4.036145525511
15170.799767016433,bench:a29d83ec698edba0,11,4.67039,0.9296938,4.342032626582
15178.049280017149,bench:a29d83ec698edba0,11,5.02759,0.9294252,4.672768841268
15186.594856000738,bench:a29d83ec698edba0,11,5.06331,0.928888,4.703247899280001
15193.183559022145,bench:a29d83ec698edba0,11,5.07224,0.9315742,4.725167920208
15200.444312999025,bench:a29d83ec698edba0,11,4.9115,0.9296938,4.5661910987
15208.645336009795,bench:a29d83ec698edba0,11,4.57216,0.9304997,4.254393508352001
15226.711757015437,bench:a29d83ec698edba0,11,4.99187,0.9296938,4.640910589405999
15234.55474700313,bench:a29d83ec698edba0,11,6.92075,0.9283507,6.424883107025
15269.712264009286,bench:a29d83ec698edba0,11,4.98294,0.928888,4.62859317072
15277.822658012155,bench:a29d83ec698edba0,11,5.88487,0.928888,5.46638512456
15285.037153022131,bench:a29d83ec698edba0,11,5.06331,0.9291566,4.704607904346
15292.50638600206,bench:a29d83ec698edba0,11,6.42067,0.9286194,5.962358722998
15300.626188021852,bench:a29d83ec698edba0,11,6.68857,0.9291566,6.214728960062001
15307.170725020114,bench:a29d83ec698edba0,11,5.04545,0.9294252,4.68936837534
15313.989556016168,bench:a29d83ec698edba0,11,5.15261,0.9294252,4.788965579771999
15321.387864009012,bench:a29d83ec698edba0,11,7.21544,0.93238,6.7275319472
15328.733931994066,bench:a29d83ec698edba0,11,6.22421,0.9299625,5.788281892125
15336.421404004795,bench:a29d83ec698edba0,11,5.0008,0.9280821,4.64115296568
15343.761897005606,bench:a29d83ec698edba0,11,5.161539,0.9286194,4.7931052492566
15352.144901000429,bench:a29d83ec698edba0,11,5.22405,0.9294252,4.855363716059999
15360.276387014892,bench:a29d83ec698edba0,11,5.05438,0.928888,4.69495292944
15366.885572002502,bench:a29d83ec698edba0,11,4.85792,0.928888,4.5124635929600005
15375.286112015601,bench:a29d83ec698edba0,11,3.43805,0.9278135,3.189869203675
15383.454821014311,bench:a29d83ec698edba0,11,5.143679,0.928888,4.777901698952
15390.9060730075,bench:a29d83ec698edba0,11,4.96508,0.9304997,4.620005450476
15397.138002008433,bench:a29d83ec698edba0,11,5.34907,0.9294252,4.971560454564
15404.035573010333,bench:a29d83ec698edba0,11,4.12566,0.9286194,3.831167913804
15411.397548014065,bench:a29d83ec698edba0,11,4.15245,0.9296938,3.86050701981
15418.617450020975,bench:a29d83ec698edba0,11,4.23282,0.9286194,3.9306787687080003
15426.17447799421,bench:a29d83ec698edba0,11,4.24175,0.9294252,3.9423893420999994
15433.997857006034,bench:a29d83ec698edba0,11,4.05422,0.928888,3.76591630736
15441.35131299845,bench:a29d83ec698edba0,11,5.04545,0.928888,4.6866579596
15448.940897011198,bench:a29d83ec698edba0,11,5.0008,0.928888,4.6451831104000005
15455.837542016525,bench:a29d83ec698edba0,11,4.974009,0.9294252,4.622969309626799
15467.067373014288,bench:a29d83ec698edba0,11,4.93829,0.9294252,4.5897711709080005
15474.959195998963,bench:a29d83ec698edba0,11,4.94722,0.9294252,4.598070937944
15481.402567005716,bench:a29d83ec698edba0,11,4.08101,0.9291566,3.791897376166
15488.49297000561,bench:a29d83ec698edba0,11,5.0008,0.928888,4.6451831104000005
15495.840351999504,bench:a29d83ec698edba0,11,4.12566,0.9280821,3.828951196686
15503.30601099995,bench:a29d83ec698edba0,11,4.14352,0.9286194,3.8477530562879996
15511.154019011883,bench:a29d83ec698edba0,11,4.93829,0.9291566,4.588444746214
15518.738176993793,bench:a29d83ec698edba0,11,4.33998,0.928888,4.03135534224
15526.3085210172,bench:a29d83ec698edba0,11,4.70611,0.9294252,4.3739772279719995
15536.349769012304,bench:a29d83ec698edba0,11,4.75076,0.9280821,4.409095317396
15545.72119002114,bench:a29d83ec698edba0,11,5.34907,0.9280821,4.964376118647
15553.52780901012,bench:a29d83ec698edba0,11,3.43805,0.9299625,3.197257573125
15560.006384010194,bench:a29d83ec698edba0,11,4.96508,0.9294252,4.614670472016
15567.53785701585,bench:a29d83ec698edba0,11,4.49179,0.9291566,4.173576324314
15574.976756994147,bench:a29d83ec698edba0,11,4.95615,0.9299625,4.609033644375
15582.1040860028,bench:a29d83ec698edba0,11,6.911819,0.9294252,6.4240187564388
15589.070286019705,bench:a29d83ec698edba0,11,7.00112,0.9296938,6.5088978570560005
15596.118208020926,bench:a29d83ec698edba0,11,4.16138,0.9280821,3.8621022892980004
15603.807477018563,bench:a29d83ec698edba0,11,4.9115,0.9331858,4.5833420567
15611.349635000806,bench:a29d83ec698edba0,11,5.31335,0.9283507,4.9326521918449995
15621.201885020128,bench:a29d83ec698edba0,11,4.23282,0.9326486,3.9477336470520004
15629.38866802142,bench:a29d83ec698edba0,11,4.2864,0.9294252,3.9838881772800003
15637.373414996546,bench:a29d83ec698edba0,11,4.99187,0.9296938,4.640910589405999
15646.008990006521,bench:a29d83ec698edba0,11,4.99187,0.9294252,4.639569773123999
15652.869358018506,bench:a29d83ec698edba0,11,4.78648,0.9304997,4.453818204056001
15661.127936997218,bench:a29d83ec698edba0,11,5.05438,0.9280821,4.690879604598
15668.829705013195,bench:a29d83ec698edba0,11,5.01866,0.9291566,4.663121062156
15676.214439008618,bench:a29d83ec698edba0,11,4.31319,0.928888,4.00647043272
15683.84002201492,bench:a29d83ec698edba0,11,4.8222,0.9296938,4.4831694423599995
15691.67252999614,bench:a29d83ec698edba0,11,5.34014,0.9280821,4.956088345494
15699.032431002706,bench:a29d83ec698edba0,11,4.42928,0.9307683,4.122633415824001
15703.899315994931,bench:a29d83ec698edba0,11,4.95615,0.9294252,4.60637070498
15710.725276003359,bench:a29d83ec698edba0,11,4.16138,0.928888,3.8654559454400004
15717.865901009645,bench:a29d83ec698edba0,11,4.93829,0.928888,4.58711832152
15725.30426402227,bench:a29d83ec698edba0,11,4.2864,0.9280821,3.9781311134400004
15732.219650002662,bench:a29d83ec698edba0,11,5.03652,0.9296938,4.682421417576
15739.14590702043,bench:a29d83ec698edba0,11,4.17924,0.928888,3.88204588512
15747.504872997524,bench:a29d83ec698edba0,11,4.77755,0.9291566,4.43909211433
15754.81270000455,bench:a29d83ec698edba0,11,5.18833,0.9299625,4.824952337625
15762.304174015298,bench:a29d83ec698edba0,11,4.75076,0.9286194,4.411647900744
15769.903480017092,bench:a29d83ec698edba0,11,7.87626,0.9291566,7.3182789623160005
15777.762821002398,bench:a29d83ec698edba0,11,4.76862,0.9294252,4.432075597224
15785.934881016146,bench:a29d83ec698edba0,11,4.974009,0.928888,4.620297271992
15793.323949008482,bench:a29d83ec698edba0,11,4.90257,0.928888,4.55393844216
15800.596461020177,bench:a29d83ec698edba0,11,4.42035,0.9291566,4.10719737681
15808.418599015567,bench:a29d83ec698edba0,11,4.04529,0.9294252,3.7597944673079993
15815.762092010118,bench:a29d83ec698edba0,11,4.21496,0.9291566,3.916357902736
15823.459823004669,bench:a29d83ec698edba0,11,4.31319,0.9280821,4.0029944328989995
15830.406135006342,bench:a29d83ec698edba0,11,4.16138,0.9283507,3.863220035966
15837.464890006231,bench:a29d83ec698edba0,11,3.37554,0.9280821,3.132778251834
15844.27996200975,bench:a29d83ec698edba0,11,7.286879,0.9286194,6.7667372048526
15852.586836001137,bench:a29d83ec698edba0,11,3.94706,0.9294252,3.668497029912
15859.769664995838,bench:a29d83ec698edba0,11,4.76862,0.928888,4.42951389456
15865.585134015419,bench:a29d83ec698edba0,11,4.34891,0.9294252,4.041986546532
15874.864315002924,bench:a29d83ec698edba0,11,5.27763,0.928888,4.902327175440001
15883.677944017109,bench:a29d83ec698edba0,11,5.143679,0.928888,4.777901698952
15890.20431501558,bench:a29d83ec698edba0,11,4.94722,0.9280821,4.591426326762
15897.629882005276,bench:a29d83ec698edba0,11,5.28656,0.928888,4.91062214528
15905.697647016495,bench:a29d83ec698edba0,11,4.18817,0.9286194,3.8892159124980004
15909.881889005192,bench:a29d83ec698edba0,11,4.99187,0.9278135,4.631524376244999
15918.008394015487,bench:a29d83ec698edba0,11,4.11673,0.9294252,3.826192603595999
15925.543849007227,bench:a29d83ec698edba0,11,4.26854,0.9291566,3.9661421133639996
15933.186859008856,bench:a29d83ec698edba0,11,4.93829,0.9296938,4.591097595602
15941.039385012118,bench:a29d83ec698edba0,11,4.2864,0.9307683,3.9896452411200003
15949.909662012942,bench:a29d83ec698edba0,11,6.54569,0.9291566,6.081971065054
15956.442495022202,bench:a29d83ec698edba0,11,4.53644,0.9294252,4.216281654287999
15963.65471201716,bench:a29d83ec698edba0,11,4.98294,0.9286194,4.627254753036
15971.388628007844,bench:a29d83ec698edba0,11,4.94722,0.928888,4.59541329136
15979.70711402013,bench:a29d83ec698edba0,11,4.75969,0.928888,4.42121892472
15987.617324019084,bench:a29d83ec698edba0,11,5.95631,0.9291566,5.534344748146
15995.048151002266,bench:a29d83ec698edba0,11,5.822359,0.9286194,5.4067555211646
16002.390644018305,bench:a29d83ec698edba0,11,4.89364,0.9291566,4.5469579040240005
16008.564981020754,bench:a29d83ec698edba0,11,5.00973,0.9286194,4.6521324667620005
16016.425876994617,bench:a29d83ec698edba0,11,4.50072,0.9280821,4.177037669112
16023.435595998308,bench:a29d83ec698edba0,11,5.08117,0.928888,4.71983783896
16031.051030993694,bench:a29d83ec698edba0,11,5.28656,0.9291566,4.912042115296
16038.508986996021,bench:a29d83ec698edba0,11,5.0008,0.9299625,4.65055647
16046.18277400732,bench:a29d83ec698edba0,11,4.08101,0.9307683,3.798474739983
16053.030494018458,bench:a29d83ec698edba0,11,4.87578,0.928888,4.52905353264
16060.181117994944,bench:a29d83ec698edba0,11,4.80434,0.9326486,4.480760974924
16067.84136799979,bench:a29d83ec698edba0,11,4.15245,0.9280821,3.853814516145
16076.259408000624,bench:a29d83ec698edba0,11,5.45623,0.931037,5.07995201051
16084.032732003834,bench:a29d83ec698edba0,11,4.75969,0.9280821,4.417383090549
16091.540001012618,bench:a29d83ec698edba0,11,4.52751,0.9294252,4.207981887252
16100.158225017367,bench:a29d83ec698edba0,11,4.88471,0.9304997,4.545221189587
16106.911334005417,idle,11,5.45623,0.9304997,5.077020378131
16115.488373005064,idle,11,4.45607,0.928888,4.1391899501600005
16135.038392996648,idle,11,4.23282,0.9286194,3.9306787687080003
