t_ms,phase,window_id,I_A,V_V,P_W
4.399236000608653,warmup,1,1.6074,0.928888,1.4930945712
11.86042296467349,warmup,1,1.34843,0.8735522,1.177923993046
38.21650397730991,warmup,1,1.3395,0.8732836,1.1697633822
45.10247497819364,warmup,1,2.16999,0.873015,1.89443381985
73.66108999121934,warmup,1,4.25961,0.8724778,3.7164151616580003
79.84562299679965,warmup,1,4.95615,0.928888,4.6037082612
87.00888697057962,warmup,1,5.0901,0.9304997,4.73633652297
92.72590698674321,warmup,1,3.93813,0.9283507,3.655965742191
96.8895519617945,warmup,1,1.52703,0.9280821,1.4172092091630002
101.08447499806061,warmup,1,1.5181,0.9283507,1.40932919767
118.42506699031219,warmup,1,1.36629,0.928888,1.26913038552
126.15128996549174,baseline_A,2,1.31271,0.9283507,1.218655247397
130.29802800156176,baseline_A,2,1.29485,0.9286194,1.20242283009
134.41195100313053,baseline_A,2,1.31271,0.9283507,1.218655247397
141.4542719721794,baseline_A,2,1.3395,0.9283507,1.2435257626499998
148.27141095884144,baseline_A,2,1.30378,0.9286194,1.2107154013319998
156.1966309673153,baseline_A,2,0.9465799,0.7225879,0.68398718212321
160.30029498506337,baseline_A,2,0.93765,0.7223192,0.67728259788
164.38010794809088,baseline_A,2,0.93765,0.7220506,0.6770307450899999
168.4701979975216,baseline_A,2,0.91979,0.7223192,0.664381976968
175.76209094841033,baseline_A,2,1.09839,0.8187538,0.8993109863819999
179.90242195082828,baseline_A,2,1.10732,0.8182165,0.9060274947800001
186.92557699978352,baseline_A,2,0.93765,0.7225879,0.6775345444349999
191.01963000139222,baseline_A,2,0.91979,0.7225879,0.664629124541
195.131127955392,baseline_A,2,0.9287199,0.7223192,0.67083221519208
199.20482899760827,baseline_A,2,0.9287199,0.7223192,0.67083221519208
203.27767898561433,baseline_A,2,0.91979,0.7225879,0.664629124541
207.36293599475175,baseline_A,2,0.93765,0.7220506,0.6770307450899999
211.43500797916204,baseline_A,2,0.91979,0.7223192,0.664381976968
215.49911698093638,baseline_A,2,0.9465799,0.7225879,0.68398718212321
219.5974859641865,baseline_A,2,0.9465799,0.7220506,0.68347858474294
226.9657479482703,baseline_A,2,1.10732,0.8184852,0.9063250316640001
231.10120795900002,baseline_A,2,1.08946,0.8184852,0.8917068859920001
237.22566798096523,baseline_A,2,0.9287199,0.7223192,0.67083221519208
241.80495797190815,baseline_A,2,0.91979,0.7223192,0.664381976968
245.9132139920257,baseline_A,2,0.96444,0.7223192,0.696633529248
250.04026695387438,baseline_A,2,0.93765,0.7225879,0.6775345444349999
257.33128999127075,baseline_A,2,1.10732,0.8182165,0.9060274947800001
264.35479696374387,baseline_A,2,0.9287199,0.7225879,0.67108176222921
268.466830952093,baseline_A,2,0.93765,0.7223192,0.67728259788
272.5471259909682,baseline_A,2,0.91979,0.7223192,0.664381976968
279.90327699808404,baseline_A,2,1.10732,0.8182165,0.9060274947800001
284.064810955897,baseline_A,2,1.09839,0.8184852,0.899015958828
288.231159967836,baseline_A,2,1.09839,0.8187538,0.8993109863819999
295.482812973205,baseline_A,2,0.91979,0.7225879,0.664629124541
299.58120000083,baseline_A,2,0.9287199,0.7225879,0.67108176222921
303.64782694960013,baseline_A,2,0.91979,0.7225879,0.664629124541
307.73762095486745,baseline_A,2,0.91979,0.7225879,0.664629124541
311.8247489910573,baseline_A,2,0.9108599,0.7223192,0.65793159428008
315.95561595167965,baseline_A,2,0.9108599,0.7225879,0.6581763423352099
323.32474895520136,baseline_A,2,1.09839,0.8182165,0.898720821435
327.49120896914974,baseline_A,2,1.09839,0.8184852,0.899015958828
331.66922495001927,baseline_A,2,1.0716,0.8184852,0.8770887403200001
335.8085739891976,baseline_A,2,1.0716,0.8182165,0.8768008014
342.8311549942009,baseline_A,2,0.9287199,0.7225879,0.67108176222921
346.91135596949607,baseline_A,2,0.9465799,0.7223192,0.6837328361040801
350.99109495058656,baseline_A,2,0.90193,0.7225879,0.6517237046469999
362.2981350054033,baseline_A,2,1.09839,0.8182165,0.898720821435
369.3531409953721,baseline_A,2,0.9108599,0.7225879,0.6581763423352099
373.471378989052,baseline_A,2,0.9108599,0.7223192,0.65793159428008
377.6003769598901,baseline_A,2,0.95551,0.7225879,0.6904399643289999
384.9536769557744,baseline_A,2,1.09839,0.8184852,0.899015958828
389.1117289895192,baseline_A,2,1.10732,0.8184852,0.9063250316640001
396.2019949685782,baseline_A,2,0.91979,0.7228564,0.664876088156
400.2600109670311,baseline_A,2,0.91979,0.7225879,0.664629124541
404.36836099252105,baseline_A,2,0.91979,0.7223192,0.664381976968
408.42948795761913,baseline_A,2,0.9287199,0.7225879,0.67108176222921
412.52115298993886,baseline_A,2,1.41094,0.7223192,1.0191490520480002
419.8491749702953,baseline_A,2,1.14304,0.8332592,0.952448595968
423.99459797888994,baseline_A,2,1.14304,0.8335279,0.9527557308160001
431.069400976412,baseline_A,2,0.9287199,0.7223192,0.67083221519208
435.17262098612264,baseline_A,2,0.9287199,0.7225879,0.67108176222921
441.3910979637876,baseline_A,2,1.09839,0.8184852,0.899015958828
446.1070709512569,baseline_A,2,1.08946,0.8209028,0.8943407644880002
453.1680590007454,baseline_A,2,0.91979,0.7223192,0.664381976968
457.2714089881629,baseline_A,2,0.9108599,0.7223192,0.65793159428008
461.3555919495411,baseline_A,2,0.91979,0.7225879,0.664629124541
468.70613197097555,baseline_A,2,1.08053,0.8176794,0.8835271220819999
472.86531497957185,baseline_A,2,1.08946,0.8182165,0.8914141480900001
479.8730989568867,baseline_A,2,0.93765,0.7225879,0.6775345444349999
487.62139497557655,baseline_A,2,1.08053,0.8182165,0.884107474745
491.7723549879156,baseline_A,2,1.08053,0.8184852,0.884397813156
498.8018799922429,baseline_A,2,0.9287199,0.7223192,0.67083221519208
502.89539695950225,baseline_A,2,0.9287199,0.7225879,0.67108176222921
506.97150599444285,baseline_A,2,0.91979,0.7220506,0.664134921374
511.04152196785435,baseline_A,2,0.91979,0.7223192,0.664381976968
515.1570199523121,baseline_A,2,0.91979,0.7225879,0.664629124541
521.4450339553878,baseline_A,2,1.0716,0.8182165,0.8768008014
526.1586739798076,baseline_A,2,1.08946,0.8179479,0.8911215191340001
532.2301889536902,baseline_A,2,0.91979,0.7225879,0.664629124541
536.7329239961691,baseline_A,2,0.9108599,0.7225879,0.6581763423352099
540.8080889610574,baseline_A,2,0.9287199,0.723125,0.6715805776875
544.8827899526805,baseline_A,2,0.91979,0.7223192,0.664381976968
552.1736279479228,baseline_A,2,1.08946,0.8176794,0.890828999124
556.3356249476783,baseline_A,2,1.08946,0.8187538,0.891999514948
560.4826780036092,baseline_A,2,1.09839,0.8187538,0.8993109863819999
567.5694799865596,baseline_A,2,0.91979,0.7225879,0.664629124541
571.647792996373,baseline_A,2,0.90193,0.7223192,0.6514813560560001
575.7270869798958,baseline_A,2,0.91979,0.7223192,0.664381976968
579.7977699548937,baseline_A,2,0.90193,0.7223192,0.6514813560560001
583.966545003932,baseline_A,2,0.90193,0.7228564,0.6519658728519999
588.0839129677042,baseline_A,2,0.91979,0.7220506,0.664134921374
595.4353789566085,baseline_A,2,1.08946,0.8184852,0.8917068859920001
599.6215979685076,baseline_A,2,1.0716,0.8184852,0.8770887403200001
603.7582439603284,baseline_A,2,1.08946,0.8187538,0.891999514948
607.90151898982,baseline_A,2,1.08053,0.8182165,0.884107474745
614.9290619650856,baseline_A,2,0.9108599,0.7220506,0.65768693731094
619.0153199713677,baseline_A,2,0.9108599,0.7225879,0.6581763423352099
623.1185949873179,baseline_A,2,0.91979,0.7225879,0.664629124541
630.4781359503977,baseline_A,2,1.08946,0.8184852,0.8917068859920001
634.640613978263,baseline_A,2,1.08053,0.8187538,0.884688043514
641.7317129671574,baseline_A,2,0.91979,0.7228564,0.664876088156
645.8364139543846,baseline_A,2,0.9733699,0.7225879,0.7033453119642099
649.9191339826211,baseline_A,2,0.93765,0.7228564,0.6777863034599999
657.2739519760944,baseline_A,2,1.0716,0.8184852,0.8770887403200001
664.2555519938469,baseline_A,2,0.91979,0.7228564,0.664876088156
668.3297719573602,baseline_A,2,0.9287199,0.7223192,0.67083221519208
672.4245479563251,baseline_A,2,0.93765,0.7225879,0.6775345444349999
676.5246010036208,baseline_A,2,0.9108599,0.7220506,0.65768693731094
683.8844189769588,baseline_A,2,1.10732,0.8184852,0.9063250316640001
688.0652499967255,baseline_A,2,1.08946,0.8187538,0.891999514948
695.1522929593921,baseline_A,2,0.91979,0.7225879,0.664629124541
699.2119939532131,baseline_A,2,0.9108599,0.7225879,0.6581763423352099
703.3119549741969,baseline_A,2,0.9108599,0.7223192,0.65793159428008
707.399656996131,baseline_A,2,0.9108599,0.7223192,0.65793159428008
711.4787659957074,baseline_A,2,0.91979,0.7225879,0.664629124541
715.5472639715299,baseline_A,2,0.91979,0.7225879,0.664629124541
719.6218729950488,baseline_A,2,0.9287199,0.7228564,0.67133112352236
723.6904079909436,baseline_A,2,0.90193,0.7225879,0.6517237046469999
727.7487579849549,baseline_A,2,0.9108599,0.7225879,0.6581763423352099
731.7996629863046,baseline_A,2,0.9287199,0.7223192,0.67083221519208
735.8761979849078,baseline_A,2,0.9108599,0.7223192,0.65793159428008
739.9713069899008,baseline_A,2,0.9287199,0.7223192,0.67083221519208
744.0274529508315,baseline_A,2,0.9108599,0.7223192,0.65793159428008
748.1200249749236,baseline_A,2,0.91979,0.7225879,0.664629124541
752.2194859921001,baseline_A,2,0.9108599,0.7223192,0.65793159428008
756.3036869978532,baseline_A,2,0.9108599,0.7223192,0.65793159428008
760.3647600044496,baseline_A,2,0.91979,0.7225879,0.664629124541
764.4187759724446,baseline_A,2,0.93765,0.7225879,0.6775345444349999
771.7167619848624,baseline_A,2,1.08946,0.8184852,0.8917068859920001
775.8557589841075,baseline_A,2,1.06267,0.8179479,0.8692086948929999
782.8871730016544,baseline_A,2,0.9108599,0.7220506,0.65768693731094
786.964375001844,baseline_A,2,0.9287199,0.7220506,0.67058276102694
791.0625949734822,baseline_A,2,0.93765,0.7225879,0.6775345444349999
795.1121479854919,baseline_A,2,0.9287199,0.7223192,0.67083221519208
799.1860539768822,baseline_A,2,0.9108599,0.7225879,0.6581763423352099
803.2550889765844,baseline_A,2,0.9108599,0.7220506,0.65768693731094
807.3139199987054,baseline_A,2,0.9287199,0.7225879,0.67108176222921
811.3769549527206,baseline_A,2,0.9287199,0.7225879,0.67108176222921
815.4556379886344,baseline_A,2,0.9287199,0.7228564,0.67133112352236
821.752966963686,baseline_A,2,1.08053,0.8187538,0.884688043514
826.465958962217,baseline_A,2,1.06267,0.8184852,0.869779667484
832.5771039817482,baseline_A,2,0.9108599,0.7223192,0.65793159428008
837.1473379665986,baseline_A,2,0.91979,0.7223192,0.664381976968
841.2616309942678,baseline_A,2,0.9108599,0.7225879,0.6581763423352099
845.4365729703568,baseline_A,2,0.90193,0.7228564,0.6519658728519999
852.677799994126,baseline_A,2,1.08946,0.8184852,0.8917068859920001
859.6933810040355,baseline_A,2,0.91979,0.7225879,0.664629124541
863.7753599905409,baseline_A,2,0.9108599,0.7225879,0.6581763423352099
867.8687089704908,baseline_A,2,0.90193,0.7225879,0.6517237046469999
871.9256889889948,baseline_A,2,0.93765,0.7225879,0.6775345444349999
875.9843909647316,baseline_A,2,0.91979,0.7225879,0.664629124541
880.0660739652812,baseline_A,2,0.9287199,0.7225879,0.67108176222921
884.1685159713961,baseline_A,2,0.9108599,0.7220506,0.65768693731094
888.2386069744825,baseline_A,2,0.9108599,0.7223192,0.65793159428008
892.3035119660199,baseline_A,2,0.9108599,0.7225879,0.6581763423352099
896.3529729517177,baseline_A,2,0.9108599,0.7220506,0.65768693731094
900.4085820051841,baseline_A,2,0.9108599,0.7223192,0.65793159428008
904.480765981134,baseline_A,2,0.9108599,0.7223192,0.65793159428008
908.5659119882621,baseline_A,2,0.91979,0.7225879,0.664629124541
912.6099099521525,baseline_A,2,0.93765,0.7225879,0.6775345444349999
916.6902409633622,baseline_A,2,0.8929999,0.7225879,0.6452709224412099
920.7731279893778,baseline_A,2,0.9108599,0.7225879,0.6581763423352099
928.0561319901608,baseline_A,2,1.08946,0.8179479,0.8911215191340001
932.2580729494803,baseline_A,2,1.08053,0.8184852,0.884397813156
939.2525989678688,baseline_A,2,0.91979,0.7223192,0.664381976968
943.3461699518375,baseline_A,2,0.9287199,0.7220506,0.67058276102694
947.4439639598131,baseline_A,2,0.9287199,0.7228564,0.67133112352236
953.7412369973026,baseline_A,2,1.0716,0.8187538,0.8773765720800001
958.4475999581628,baseline_A,2,1.0716,0.8187538,0.8773765720800001
965.4711249750108,baseline_A,2,0.91979,0.7228564,0.664876088156
969.5438820053823,baseline_A,2,0.90193,0.7225879,0.6517237046469999
973.6225279630162,baseline_A,2,0.9287199,0.7223192,0.67083221519208
977.676062961109,baseline_A,2,0.9108599,0.7223192,0.65793159428008
981.7429689574055,baseline_A,2,0.9287199,0.7228564,0.67133112352236
985.7890039565973,baseline_A,2,0.9108599,0.7228564,0.65842090821836
989.8709279950708,baseline_A,2,1.13411,0.7223192,0.819189427912
993.927443982102,baseline_A,2,0.90193,0.7220506,0.651239097658
997.9852569522336,baseline_A,2,0.9287199,0.7225879,0.67108176222921
1002.0697919535451,baseline_A,2,0.9108599,0.7228564,0.65842090821836
1006.1274379841052,baseline_A,2,0.90193,0.7225879,0.6517237046469999
1010.2081029908732,baseline_A,2,0.9287199,0.7225879,0.67108176222921
1014.269285951741,baseline_A,2,1.12518,0.7228564,0.813343564152
1018.3366549899802,baseline_A,2,0.91979,0.7225879,0.664629124541
1022.4324119626544,baseline_A,2,0.9108599,0.7223192,0.65793159428008
1028.7362769595347,baseline_A,2,1.08946,0.8187538,0.891999514948
1033.4397499682382,baseline_A,2,1.08053,0.8184852,0.884397813156
1037.5802289927378,baseline_A,2,1.09839,0.8182165,0.898720821435
1041.72879998805,baseline_A,2,1.0716,0.8187538,0.8773765720800001
1048.80032496294,baseline_A,2,0.9108599,0.7220506,0.65768693731094
1052.8780819731764,baseline_A,2,0.9287199,0.7228564,0.67133112352236
1056.9493209477514,baseline_A,2,0.91979,0.7225879,0.664629124541
1061.0233379993588,baseline_A,2,0.91979,0.7225879,0.664629124541
1068.3117309818044,baseline_A,2,1.0716,0.8184852,0.8770887403200001
1075.3331999876536,baseline_A,2,0.91979,0.7223192,0.664381976968
1079.4437349541113,baseline_A,2,1.35736,0.7223192,0.980447189312
1084.9056449951604,baseline_A,2,0.87514,0.7223192,0.6321304246880001
1090.8449769485742,baseline_A,2,1.29485,0.9294252,1.20346622022
1097.8147249552421,baseline_A,2,1.32164,0.9286194,1.2273005438159998
1101.9939999678172,baseline_A,2,1.30378,0.9283507,1.2103650756459998
1106.1682190047577,baseline_A,2,1.30378,0.9286194,1.2107154013319998
1110.347734997049,baseline_A,2,1.27699,0.9286194,1.185837687606
1117.1450399560854,baseline_A,2,1.28592,0.928888,1.19447565696
1121.2346859974787,baseline_A,2,1.26806,0.9283507,1.1772043886419998
1125.3338499809615,baseline_A,2,1.29485,0.9286194,1.20242283009
1129.4809950049967,baseline_A,2,1.27699,0.9283507,1.185494560393
1136.4950019633397,baseline_A,2,1.31271,0.9283507,1.218655247397
1143.2876589824446,baseline_A,2,1.27699,0.9283507,1.185494560393
1147.4213789915666,baseline_A,2,1.25913,0.928888,1.1695907474400002
1151.5155249508098,baseline_A,2,1.27699,0.9283507,1.185494560393
1159.3903939938173,baseline_A,2,0.9287199,0.7223192,0.67083221519208
1166.6404539719224,baseline_A,2,1.0716,0.8182165,0.8768008014
1173.653089965228,baseline_A,2,0.9287199,0.7225879,0.67108176222921
1177.7236809721217,baseline_A,2,0.9108599,0.7225879,0.6581763423352099
1181.8217149702832,baseline_A,2,0.9287199,0.7228564,0.67133112352236
1189.1186269931495,baseline_A,2,1.08053,0.8184852,0.884397813156
1196.2254289537668,baseline_A,2,0.9108599,0.7223192,0.65793159428008
1200.2930199960247,baseline_A,2,0.90193,0.7223192,0.6514813560560001
1204.4072579592466,baseline_A,2,0.91979,0.7225879,0.664629124541
1208.4732559742406,baseline_A,2,0.9108599,0.7225879,0.6581763423352099
1212.5604389584623,baseline_A,2,0.9287199,0.7228564,0.67133112352236
1216.6206219699234,baseline_A,2,0.8929999,0.7220506,0.64479111359494
1220.7065089605749,baseline_A,2,0.90193,0.7223192,0.6514813560560001
1224.7621369897388,baseline_A,2,0.9108599,0.7223192,0.65793159428008
1228.8812639890239,baseline_A,2,0.91979,0.7223192,0.664381976968
1236.2362300045788,baseline_A,2,1.08053,0.8184852,0.884397813156
1240.391652972903,baseline_A,2,1.08053,0.8184852,0.884397813156
1247.4057159852237,baseline_A,2,0.90193,0.7225879,0.6517237046469999
1251.4715470024385,baseline_A,2,0.8929999,0.7225879,0.6452709224412099
1258.7656809482723,baseline_A,2,1.08946,0.8187538,0.891999514948
1265.7870019902475,baseline_A,2,0.8929999,0.7225879,0.6452709224412099
1269.8739999905229,baseline_A,2,0.9912299,0.7225879,0.71625073185821
1273.9468689542264,baseline_A,2,0.91979,0.7228564,0.664876088156
1280.2540119737387,baseline_A,2,1.0716,0.8182165,0.8768008014
1285.0053919828497,baseline_A,2,1.0716,0.8182165,0.8768008014
1292.0027689542621,baseline_A,2,0.9287199,0.7225879,0.67108176222921
1296.1087109870277,baseline_A,2,0.9108599,0.7225879,0.6581763423352099
1300.2491159713827,baseline_A,2,0.91979,0.7225879,0.664629124541
1307.6059529557824,baseline_A,2,1.06267,0.8184852,0.869779667484
1311.7434319574386,baseline_A,2,1.08053,0.8184852,0.884397813156
1315.8868179889396,baseline_A,2,1.0716,0.8187538,0.8773765720800001
1323.345023964066,baseline_A,2,0.9108599,0.7228564,0.65842090821836
1327.4269849644043,baseline_A,2,0.9108599,0.7225879,0.6581763423352099
1331.5363709698431,baseline_A,2,0.90193,0.7225879,0.6517237046469999
1335.6488129938953,baseline_A,2,0.9108599,0.7225879,0.6581763423352099
1343.0216499837115,baseline_A,2,1.08946,0.8182165,0.8914141480900001
1350.0988229643553,baseline_A,2,0.9108599,0.7233938,0.6589104043286199
1354.1790429735556,baseline_A,2,0.9108599,0.7223192,0.65793159428008
1362.2656319639646,baseline_A,2,0.9287199,0.723125,0.6715805776875
1366.3443339755759,baseline_A,2,0.91979,0.7228564,0.664876088156
1370.4472569515929,baseline_A,2,0.91979,0.7225879,0.664629124541
1377.7360949898139,baseline_A,2,1.08946,0.8184852,0.8917068859920001
1384.8236929625273,baseline_A,2,0.90193,0.7223192,0.6514813560560001
1388.8823579763994,baseline_A,2,0.9287199,0.7225879,0.67108176222921
1392.9615409579128,baseline_A,2,0.9108599,0.7225879,0.6581763423352099
1397.03648397699,baseline_A,2,0.91979,0.7225879,0.664629124541
1403.2728869933635,baseline_A,2,1.08053,0.8187538,0.884688043514
1407.9872680013068,baseline_A,2,1.08946,0.8187538,0.891999514948
1415.0666630011983,baseline_A,2,0.91979,0.7225879,0.664629124541
1419.1472349921241,baseline_A,2,0.91979,0.7223192,0.664381976968
1423.210417968221,baseline_A,2,0.9287199,0.7223192,0.67083221519208
1427.2788050002418,baseline_A,2,0.91979,0.7223192,0.664381976968
1431.362839997746,baseline_A,2,0.91979,0.7223192,0.664381976968
1435.4536339524202,baseline_A,2,0.91979,0.7220506,0.664134921374
1441.741591959726,baseline_A,2,1.08053,0.8184852,0.884397813156
1446.4559169718996,baseline_A,2,1.08053,0.8182165,0.884107474745
1450.6261729984544,baseline_A,2,1.0716,0.8184852,0.8770887403200001
1454.79000400519,baseline_A,2,1.0716,0.8187538,0.8773765720800001
1458.9147789520212,baseline_A,2,1.0716,0.8179479,0.87651296964
1463.0629059975035,baseline_A,2,1.0716,0.8184852,0.8770887403200001
1470.1530409511179,baseline_A,2,0.91979,0.7223192,0.664381976968
1474.2275389726274,baseline_A,2,0.9287199,0.7225879,0.67108176222921
1478.307777957525,baseline_A,2,0.9287199,0.7225879,0.67108176222921
1482.3742939624935,baseline_A,2,0.9108599,0.7225879,0.6581763423352099
1489.6687059663236,baseline_A,2,1.08946,0.8182165,0.8914141480900001
1496.7492679716088,baseline_A,2,0.91979,0.7225879,0.664629124541
1500.8322659996338,baseline_A,2,0.91979,0.7223192,0.664381976968
1504.8960970016196,baseline_A,2,0.9108599,0.7220506,0.65768693731094
1508.9882799657062,baseline_A,2,0.91979,0.7228564,0.664876088156
1516.265616985038,baseline_A,2,1.08053,0.8184852,0.884397813156
1523.342104977928,baseline_A,2,0.90193,0.7225879,0.6517237046469999
1527.4182699504308,baseline_A,2,0.9287199,0.7220506,0.67058276102694
1531.4822309883311,baseline_A,2,0.90193,0.7225879,0.6517237046469999
1535.540876968298,baseline_A,2,0.9108599,0.7225879,0.6581763423352099
1539.6967259584926,baseline_A,2,0.9108599,0.7223192,0.65793159428008
1543.8297049840912,baseline_A,2,0.90193,0.7228564,0.6519658728519999
1551.1862079729326,baseline_A,2,1.0716,0.8187538,0.8773765720800001
1555.365260981489,baseline_A,2,1.08053,0.8187538,0.884688043514
1559.5116099575534,baseline_A,2,1.08946,0.8184852,0.8917068859920001
1563.6567549663596,baseline_A,2,1.06267,0.8182165,0.869494128055
1569.704400957562,baseline_A,2,0.9108599,0.7225879,0.6581763423352099
1574.2218020022847,baseline_A,2,0.9108599,0.7223192,0.65793159428008
1578.3191149821505,baseline_A,2,0.9287199,0.721782,0.6703333068618
1582.3727239621803,baseline_A,2,0.91979,0.7225879,0.664629124541
1589.723523997236,baseline_A,2,1.08053,0.8187538,0.884688043514
1593.9282979816198,baseline_A,2,1.12518,0.8182165,0.92064084147
1598.146664968226,baseline_A,2,1.0716,0.8187538,0.8773765720800001
1602.3028659983538,baseline_A,2,1.08053,0.8182165,0.884107474745
1606.458751950413,baseline_A,2,1.08946,0.8184852,0.8917068859920001
1610.591767996084,baseline_A,2,1.08053,0.8179479,0.8838172443869999
1614.7468389826827,baseline_A,2,1.08946,0.8182165,0.8914141480900001
1620.86276197806,baseline_A,2,0.91979,0.7225879,0.664629124541
1625.3948669764213,baseline_A,2,0.9108599,0.7225879,0.6581763423352099
1629.4617349631153,baseline_A,2,0.9108599,0.7223192,0.65793159428008
1633.5390659514815,baseline_A,2,0.91979,0.7223192,0.664381976968
1640.918402990792,baseline_A,2,1.0716,0.8184852,0.8770887403200001
1647.9358359938487,baseline_A,2,0.9108599,0.7225879,0.6581763423352099
1655.6029099738225,baseline_A,2,1.06267,0.8182165,0.869494128055
1659.777276974637,baseline_A,2,1.08053,0.8182165,0.884107474745
1666.9459489639848,baseline_A,2,0.90193,0.7225879,0.6517237046469999
1671.5247759711929,baseline_A,2,0.91979,0.7220506,0.664134921374
1675.6122179795057,baseline_A,2,0.9108599,0.7223192,0.65793159428008
1679.701845976524,baseline_A,2,0.9287199,0.7225879,0.67108176222921
1687.0287009514868,baseline_A,2,1.05374,0.8182165,0.8621874547099999
1694.1120959818363,baseline_A,2,0.9108599,0.7241996,0.65964437523604
1698.187297966797,baseline_A,2,0.9108599,0.7225879,0.6581763423352099
1702.3119619698264,baseline_A,2,0.91979,0.7220506,0.664134921374
1709.6625209669583,baseline_A,2,1.06267,0.8179479,0.8692086948929999
1713.790554960724,baseline_A,2,1.08946,0.8187538,0.891999514948
1720.8692279527895,baseline_A,2,0.90193,0.7223192,0.6514813560560001
1724.9460219754837,baseline_A,2,0.9108599,0.7223192,0.65793159428008
1729.0147609892301,baseline_A,2,0.90193,0.7225879,0.6517237046469999
1736.3162839901634,baseline_A,2,1.06267,0.8187538,0.870065100646
1740.4601330053993,baseline_A,2,1.0716,0.8182165,0.8768008014
1744.6260929573327,baseline_A,2,1.05374,0.8184852,0.8624705946479999
1751.70987698948,baseline_A,2,0.9108599,0.7225879,0.6581763423352099
1755.7745599769987,baseline_A,2,0.9108599,0.7225879,0.6581763423352099
1759.8301319521852,baseline_A,2,0.9108599,0.7225879,0.6581763423352099
1763.9596849912778,baseline_A,2,0.91979,0.7225879,0.664629124541
1768.0425529833883,baseline_A,2,0.90193,0.7223192,0.6514813560560001
1772.1270140027627,baseline_A,2,0.91979,0.7223192,0.664381976968
1776.188530959189,baseline_A,2,0.90193,0.7223192,0.6514813560560001
1780.291325005237,baseline_A,2,0.9108599,0.7225879,0.6581763423352099
1784.3457859707996,baseline_A,2,0.9108599,0.7225879,0.6581763423352099
1788.428949948866,baseline_A,2,0.9108599,0.7225879,0.6581763423352099
1795.7194549962878,baseline_A,2,1.0716,0.8184852,0.8770887403200001
1799.8672479880042,baseline_A,2,1.06267,0.8184852,0.869779667484
1806.9444389548153,baseline_A,2,0.9108599,0.7228564,0.65842090821836
1811.012752004899,baseline_A,2,0.9108599,0.7225879,0.6581763423352099
1815.087731985841,baseline_A,2,0.8929999,0.7223192,0.64503097336808
1822.45736499317,baseline_A,2,1.0716,0.8184852,0.8770887403200001
1829.5359259936959,baseline_A,2,0.9108599,0.7223192,0.65793159428008
1833.6002759751864,baseline_A,2,0.9108599,0.7223192,0.65793159428008
1837.6596449525096,baseline_A,2,0.91979,0.7223192,0.664381976968
1841.7362349573523,baseline_A,2,0.91979,0.7223192,0.664381976968
1848.0256929760799,baseline_A,2,1.0716,0.8184852,0.8770887403200001
1852.6862599537708,baseline_A,2,1.08053,0.8182165,0.884107474745
1856.8609419744462,baseline_A,2,1.08053,0.8184852,0.884397813156
1861.0061429790221,baseline_A,2,1.0716,0.8182165,0.8768008014
1865.1698069879785,baseline_A,2,1.0716,0.8182165,0.8768008014
1869.3295999546535,baseline_A,2,1.0716,0.8184852,0.8770887403200001
1873.4742819797248,baseline_A,2,1.0716,0.8184852,0.8770887403200001
1877.6423909584992,baseline_A,2,1.09839,0.8182165,0.898720821435
1884.6615829970688,baseline_A,2,0.9108599,0.7228564,0.65842090821836
1888.7298029731028,baseline_A,2,0.9108599,0.7225879,0.6581763423352099
1892.7914489759132,baseline_A,2,0.9287199,0.7225879,0.67108176222921
1900.1587120001204,baseline_A,2,1.0716,0.8182165,0.8768008014
1904.3178939609788,baseline_A,2,1.0716,0.8182165,0.8768008014
1911.3352529820986,baseline_A,2,0.9287199,0.7225879,0.67108176222921
1915.3935280046426,baseline_A,2,0.9108599,0.723125,0.6586655651875
1919.446618994698,baseline_A,2,0.9108599,0.7225879,0.6581763423352099
1923.5326539492235,baseline_A,2,0.9108599,0.7223192,0.65793159428008
1929.7567419707775,baseline_A,2,1.06267,0.8182165,0.869494128055
1934.4658449990675,baseline_A,2,1.0716,0.8179479,0.87651296964
1941.5323329740204,baseline_A,2,0.8929999,0.7225879,0.6452709224412099
1945.665459963493,baseline_A,2,0.91979,0.7228564,0.664876088156
1949.7677169856615,baseline_A,2,0.9108599,0.7225879,0.6581763423352099
1957.0527579635382,baseline_A,2,1.0716,0.8184852,0.8770887403200001
1964.1464679734781,baseline_A,2,0.90193,0.7228564,0.6519658728519999
1968.2466139784083,baseline_A,2,0.8929999,0.7225879,0.6452709224412099
1972.325759998057,baseline_A,2,0.90193,0.7220506,0.651239097658
1976.3925729785115,baseline_A,2,0.9108599,0.7225879,0.6581763423352099
1983.684780949261,baseline_A,2,1.06267,0.8187538,0.870065100646
1987.8289999905974,baseline_A,2,1.0716,0.8182165,0.8768008014
1994.8939879541285,baseline_A,2,0.91979,0.7225879,0.664629124541
1999.0047259489074,baseline_A,2,0.91979,0.7225879,0.664629124541
2003.127334988676,baseline_A,2,0.91979,0.7225879,0.664629124541
2007.196535996627,baseline_A,2,0.90193,0.7223192,0.6514813560560001
2011.2724969512783,baseline_A,2,0.91979,0.7220506,0.664134921374
2015.3416989487596,baseline_A,2,0.9108599,0.7225879,0.6581763423352099
2019.4340299931355,baseline_A,2,0.8929999,0.7223192,0.64503097336808
2023.486731981393,baseline_A,2,0.9108599,0.7225879,0.6581763423352099
2027.5727669941261,baseline_A,2,0.9287199,0.7223192,0.67083221519208
2031.636282976251,baseline_A,2,0.91979,0.7223192,0.664381976968
2035.7062259572558,baseline_A,2,0.8929999,0.7223192,0.64503097336808
2039.7755389567465,baseline_A,2,0.9108599,0.7220506,0.65768693731094
2043.8387029571459,baseline_A,2,0.9287199,0.7223192,0.67083221519208
2047.9686449980363,baseline_A,2,0.90193,0.7225879,0.6517237046469999
2052.1189569844864,baseline_A,2,0.9108599,0.7220506,0.65768693731094
2059.476312948391,baseline_A,2,1.05374,0.8182165,0.8621874547099999
2063.6094579822384,baseline_A,2,1.08053,0.8182165,0.884107474745
2070.6361129996367,baseline_A,2,0.91979,0.7225879,0.664629124541
2074.730221997015,baseline_A,2,0.90193,0.7223192,0.6514813560560001
2078.8735519745387,baseline_A,2,1.28592,0.7223192,0.928844705664
2084.349814977031,baseline_A,2,0.8662101,0.7228564,0.62614551452964
2090.258073003497,baseline_A,2,1.28592,0.928888,1.19447565696
2097.199487965554,baseline_A,2,1.27699,0.9283507,1.185494560393
2101.3660589815117,baseline_A,2,1.29485,0.9283507,1.202074903895
2108.34563995013,baseline_A,2,1.26806,0.9291566,1.178226318196
2112.4461559811607,baseline_A,2,1.26806,0.9286194,1.177545116364
2116.544301970862,baseline_A,2,1.27699,0.9286194,1.185837687606
2121.1246099555865,prefill,3,1.28592,0.9280821,1.193439334032
2128.51829797728,prefill,3,2.22357,0.928888,2.06544749016
2136.036447947845,prefill,3,2.59863,0.928888,2.41383622344
2140.468997997232,prefill,3,2.45575,0.9294252,2.2824359349
2145.889482984785,prefill,3,2.44682,0.9304997,2.2767652759540002
2154.236902948469,prefill,3,2.59863,0.9186804,2.3873104478519998
2161.9875509641133,prefill,3,2.25929,0.8740894,1.974821440526
2179.1490899631754,prefill,3,2.47361,0.9181431,2.271127953591
2185.8024709508754,prefill,3,2.61649,0.9291566,2.4311289523340003
2189.8673760006204,prefill,3,2.66114,0.928888,2.47190101232
2193.982706987299,prefill,3,2.61649,0.9286194,2.429723373906
2198.501145001501,prefill,3,2.91118,0.9296938,2.7065059966839997
2205.207487975713,prefill,3,2.60756,0.9192177,2.396915305812
2214.4091589725576,prefill,3,2.49147,0.928888,2.31429658536
2219.218871963676,prefill,3,2.59863,0.9291566,2.414534215458
2223.9056049729697,prefill,3,2.75937,0.928888,2.5631456805600004
2229.7268089605495,prefill,3,2.56291,0.9186804,2.354495183964
2236.3873189897276,prefill,3,2.4111,0.9178746,2.2130874480599996
2242.206430004444,prefill,3,2.60756,0.9304997,2.426333797732
2246.5783689985983,prefill,3,2.59863,0.9280821,2.411741987523
2256.427274958696,prefill,3,2.08069,0.918949,1.9120479948100002
2261.2676909775473,prefill,3,2.69686,0.9286194,2.504356515084
2265.5831129522994,prefill,3,2.83974,0.9278135,2.63474910849
2269.775757973548,prefill,3,2.47361,0.9294252,2.299035468972
2276.9875589874573,prefill,3,2.59863,0.918949,2.38800843987
2283.2069989526644,prefill,3,2.58077,0.9291566,2.397939478582
2289.628733997233,prefill,3,2.7683,0.9286194,2.57069708502
2299.442528979853,prefill,3,2.77723,0.9294252,2.581227548196
2303.479248948861,prefill,3,2.7683,0.928888,2.5714406504
2312.6841049524955,prefill,3,2.79509,0.928888,2.5963255599200004
2318.383901962079,prefill,3,2.59863,0.9286194,2.413138231422
2328.0767539981753,prefill,3,2.62542,0.9184118,2.411216707956
2335.021206003148,prefill,3,2.57184,0.9286194,2.3882605176959997
2339.5853099646047,prefill,3,2.71472,0.9291566,2.522400005152
2350.899849960115,prefill,3,2.51826,0.9280821,2.3371520291460004
2355.078808963299,prefill,3,2.63435,0.9280821,2.444893080135
2363.770466996357,prefill,3,2.33073,0.9280821,2.163108792933
2370.6161599839106,prefill,3,2.31287,0.8896694,2.057689665178
2376.4479929814115,prefill,3,2.72365,0.9283507,2.528502384055
2383.3248159498908,prefill,3,2.80402,0.9294252,2.6061268493039997
2387.872327992227,prefill,3,2.52719,0.9184118,2.321001116842
2394.9154269648716,prefill,3,2.77723,0.928888,2.57973562024
2400.0122669967823,prefill,3,2.83974,0.928888,2.63780040912
2404.1571529814973,prefill,3,2.71472,0.9286194,2.5209416575679997
2410.3692600037903,prefill,3,2.82188,0.9286194,2.620452512472
2415.9550959593616,prefill,3,2.30394,0.9186804,2.1165845207759997
2420.1759809511714,prefill,3,2.59863,0.9186804,2.3873104478519998
2424.7269189800136,prefill,3,2.55398,0.9192177,2.3476636214460003
2430.183569958899,prefill,3,2.74151,0.928888,2.54655574088
2460.173263971228,prefill,3,2.66114,0.9291566,2.472615794524
2503.9491030038334,prefill,3,2.67007,0.9283507,2.478761353549
2508.5148559883237,prefill,3,2.61649,0.9286194,2.429723373906
2513.2513099815696,prefill,3,2.59863,0.9286194,2.413138231422
2519.4557879585773,prefill,3,2.38431,0.9186804,2.190418864524
2526.9601789768785,prefill,3,2.66114,0.9184118,2.4440223774520002
2534.4384029740468,prefill,3,2.44682,0.9186804,2.247845576328
2553.799105982762,prefill,3,2.35752,0.8891322,2.096146944144
2557.988880958874,prefill,3,3.17015,0.9280821,2.942159469315
2562.343264988158,prefill,3,2.75044,0.928888,2.5548507107200003
2567.308994999621,prefill,3,2.52719,0.9286194,2.346797661486
2577.01075397199,prefill,3,2.88439,0.9184118,2.649057811802
2619.6030309656635,prefill,3,2.5004,0.928888,2.3225915552000003
2624.2869299603626,prefill,3,2.75044,0.9286194,2.554111942536
2628.6294809542596,prefill,3,2.61649,0.9286194,2.429723373906
2633.1230299547315,prefill,3,2.7683,0.928888,2.5714406504
2637.329045974184,prefill,3,2.75937,0.9283507,2.561663071059
2643.016990972683,prefill,3,2.65221,0.9184118,2.4358209600780003
2647.253079980146,prefill,3,2.70579,0.9184118,2.485029464322
2651.728592987638,prefill,3,2.63435,0.9186804,2.42012571174
2658.5663419682533,prefill,3,2.69686,0.9186804,2.477552423544
2664.8606329690665,prefill,3,2.4111,0.9197549,2.21762103939
2669.5126069826074,prefill,3,2.73258,0.9299625,2.54119692825
2682.1970409946516,prefill,3,2.5897,0.9192177,2.38049807769
2690.115501987748,prefill,3,2.7683,0.928888,2.5714406504
2699.5220229728147,prefill,3,2.77723,0.9291566,2.580481584218
2704.333402973134,prefill,3,2.83974,0.928888,2.63780040912
2709.570314968005,prefill,3,2.86653,0.928888,2.6626853186400004
2716.065122978762,prefill,3,3.7506,0.928888,3.4838873328
2740.175687998999,prefill,3,4.67932,0.9278135,4.3415362668199995
2772.0458089606836,prefill,3,4.7329,0.9278135,4.39124851415
2785.433883953374,prefill,3,2.64328,0.9283507,2.4538908382959996
2799.077141971793,prefill,3,2.60756,0.9184118,2.3948138732079998
2803.3291939646006,prefill,3,2.7683,0.928888,2.5714406504
2808.339626993984,prefill,3,2.86653,0.928888,2.6626853186400004
2815.6822229502723,prefill,3,2.52719,0.918949,2.3223587233100003
2822.202548966743,prefill,3,2.60756,0.9283507,2.4207301512919996
2827.8440139838494,prefill,3,2.88439,0.9286194,2.678500511166
2833.288850961253,prefill,3,2.82188,0.928888,2.6212104694400002
2843.8289529876783,prefill,3,2.53612,0.9184118,2.329202534216
2847.9100249824114,prefill,3,2.86653,0.928888,2.6626853186400004
2854.35255599441,prefill,3,2.74151,0.9184118,2.517835133818
2868.3029399835505,prefill,3,2.74151,0.9184118,2.517835133818
2872.3786419723183,prefill,3,2.75044,0.9280821,2.5526341311240004
2878.191548981704,prefill,3,2.61649,0.9186804,2.403718079796
2882.4601380038075,prefill,3,2.63435,0.9194863,2.422248734405
2888.9129089657217,prefill,3,2.73258,0.9304997,2.542664870226
2892.7788909641095,prefill,3,2.77723,0.9294252,2.581227548196
2897.6042889989913,prefill,3,2.64328,0.928888,2.45531107264
2903.041440004017,prefill,3,2.83081,0.9291566,2.630265794846
2908.5819429601543,prefill,3,2.44682,0.9186804,2.247845576328
2914.820123987738,prefill,3,2.7683,0.9283507,2.56995324281
2919.5779860019684,prefill,3,2.66114,0.9286194,2.471186230116
2927.1916529978625,prefill,3,2.50933,0.9221726,2.314035370358
2958.5098709794693,prefill,3,2.68793,0.9280821,2.4946197190530004
2963.8109309598804,prefill,3,2.64328,0.9294252,2.4567310426559996
3004.755389993079,prefill,3,2.71472,0.9304997,2.526046145584
3032.532512967009,prefill,3,2.679,0.928888,2.488490952
3039.164059970062,prefill,3,2.56291,0.9286194,2.379967946454
3043.6626099981368,prefill,3,2.72365,0.9291566,2.5306973735900002
3048.8934299792163,prefill,3,2.74151,0.928888,2.54655574088
3055.0488149747252,prefill,3,2.88439,0.918949,2.65060730611
3063.652195967734,prefill,3,2.68793,0.9286194,2.496063943842
3073.828356980812,prefill,3,2.73258,0.9294252,2.539728713016
3078.323833004106,prefill,3,3.4827,0.9294252,3.2369091440399997
3083.2123779691756,prefill,3,2.56291,0.9286194,2.379967946454
3101.7263119574636,prefill,3,2.37538,0.9278135,2.2039096316299998
3115.4052179772407,prefill,3,2.59863,0.9280821,2.411741987523
3120.2422640053555,prefill,3,2.45575,0.9291566,2.28177632045
3129.996725998353,prefill,3,2.67007,0.9283507,2.478761353549
3134.889900975395,prefill,3,2.61649,0.9283507,2.4290203230430003
3140.2681460021995,prefill,3,2.3218,0.9291566,2.15731579388
3146.9944329583086,prefill,3,2.53612,0.9286194,2.355090232728
3154.3470110045746,prefill,3,2.59863,0.9291566,2.414534215458
3162.7201520022936,prefill,3,2.48254,0.928888,2.3060016155200005
3173.4814009978436,prefill,3,2.47361,0.9286194,2.297042234034
3187.6840979675762,prefill,3,2.679,0.928888,2.488490952
3197.507003962528,prefill,3,2.84867,0.928888,2.64609537896
3206.99265395524,prefill,3,2.81295,0.9286194,2.61215994123
3220.6380969728343,prefill,3,3.02727,0.9280821,2.8095550988670004
3231.081773992628,prefill,3,2.75937,0.9270077,2.557957237149
3235.2346049738117,prefill,3,2.75044,0.9286194,2.554111942536
3242.8156989626586,prefill,3,2.5897,0.9294252,2.40693244044
3247.2913039964624,prefill,3,2.56291,0.9291566,2.381344741706
3255.831054993905,prefill,3,2.5897,0.928888,2.4055412536
3260.0120150018483,prefill,3,2.53612,0.9280821,2.353727575452
3268.2778799789958,prefill,3,2.58077,0.9280821,2.395166441217
3286.2426709616557,prefill,3,2.68793,0.9186804,2.469348607572
3292.157835967373,prefill,3,2.77723,0.9270077,2.574513594671
3299.8462629620917,prefill,3,2.75044,0.9278135,2.5518953629400003
3304.4591259676963,prefill,3,2.75937,0.9286194,2.562404513778
3320.1412719790824,prefill,3,2.83974,0.928888,2.63780040912
3329.335608985275,prefill,3,2.29501,0.928888,2.13180724888
3333.914842980448,prefill,3,2.78616,0.9286194,2.587282227504
3341.9539879541844,prefill,3,2.62542,0.9280821,2.436605306982
3352.3675549658947,prefill,3,2.52719,0.9270077,2.342724589363
3364.0778869739734,prefill,3,2.5004,0.928888,2.3225915552000003
3373.2460769824684,prefill,3,5.358,0.9278135,4.971224733
3377.493998967111,prefill,3,4.04529,0.9296938,3.7608810322019997
3381.765568978153,prefill,3,4.06315,0.928888,3.7742112772000005
3386.0982679761946,prefill,3,4.16138,0.9321114,3.8788697377320003
3390.3313569608144,prefill,3,4.14352,0.9283507,3.8466396924639996
3394.5322429644875,prefill,3,4.00064,0.9326486,3.731191295104
3398.7154809874482,prefill,3,5.18833,0.928888,4.81937747704
3403.079234994948,decode,4,7.11721,0.9304997,6.6225617698370005
3407.3175090015866,decode,4,5.23298,0.9299625,4.8664751632500005
3417.3634309554473,decode,4,2.84867,0.9291566,2.646860531722
3422.3639569827355,decode,4,5.2687,0.9280821,4.88978616027
3426.57865799265,decode,4,4.08101,0.9291566,3.791897376166
3432.140271004755,decode,4,5.37586,0.9299625,4.9993482052500005
3436.301990004722,baseline_B,5,5.40265,0.9304997,5.027164204205
3442.728261987213,baseline_B,5,1.57168,0.9186804,1.4438716110719998
3446.634131949395,baseline_B,5,1.56275,0.9186804,1.4356677951
3453.798934002407,baseline_B,5,1.12518,0.8182165,0.92064084147
3460.8930139802396,baseline_B,5,0.96444,0.7225879,0.6968926742759999
3464.997492963448,baseline_B,5,0.96444,0.7225879,0.6968926742759999
3469.099434965756,baseline_B,5,0.9287199,0.7225879,0.67108176222921
3476.452900969889,baseline_B,5,1.11625,0.8182165,0.913334168125
3480.6477130041458,baseline_B,5,1.10732,0.8184852,0.9063250316640001
3487.63573897304,baseline_B,5,0.9287199,0.7225879,0.67108176222921
3491.740328958258,baseline_B,5,0.9287199,0.7225879,0.67108176222921
3495.8590859896503,baseline_B,5,0.9465799,0.7228564,0.68424133882636
3503.2168669858947,baseline_B,5,1.08946,0.8179479,0.8911215191340001
3507.355790003203,baseline_B,5,1.10732,0.8184852,0.9063250316640001
3514.400351967197,baseline_B,5,0.9465799,0.7228564,0.68424133882636
3518.5136270010844,baseline_B,5,0.93765,0.7223192,0.67728259788
3522.5965139688924,baseline_B,5,0.9465799,0.7223192,0.6837328361040801
3528.895212977659,baseline_B,5,1.10732,0.8184852,0.9063250316640001
3533.6517409887165,baseline_B,5,1.12518,0.8182165,0.92064084147
3540.639377955813,baseline_B,5,0.9287199,0.7225879,0.67108176222921
3544.759226962924,baseline_B,5,0.93765,0.7225879,0.6775345444349999
3548.836465983186,baseline_B,5,0.93765,0.721782,0.6767788923
3556.20926595293,baseline_B,5,1.09839,0.8179479,0.898425793881
3563.458954973612,baseline_B,5,0.91979,0.7225879,0.664629124541
3567.5565829733387,baseline_B,5,0.93765,0.7223192,0.67728259788
3571.622432966251,baseline_B,5,0.9287199,0.7223192,0.67083221519208
3575.7071339758113,baseline_B,5,0.90193,0.7223192,0.6514813560560001
3579.767742950935,baseline_B,5,0.9465799,0.7225879,0.68398718212321
3583.8482229737565,baseline_B,5,0.9465799,0.7223192,0.6837328361040801
3587.9205729579553,baseline_B,5,0.93765,0.7225879,0.6775345444349999
3592.025180987548,baseline_B,5,0.90193,0.7225879,0.6517237046469999
3596.10966098262,baseline_B,5,0.9108599,0.7223192,0.65793159428008
3600.2048249938525,baseline_B,5,0.9108599,0.7223192,0.65793159428008
3604.2881929897703,baseline_B,5,0.91979,0.7225879,0.664629124541
3608.353338961024,baseline_B,5,0.9465799,0.7223192,0.6837328361040801
3615.637009963393,baseline_B,5,1.08946,0.8182165,0.8914141480900001
3619.789452000987,baseline_B,5,1.09839,0.8184852,0.899015958828
3626.8138099694625,baseline_B,5,0.9287199,0.7225879,0.67108176222921
3630.878252966795,baseline_B,5,0.9287199,0.7228564,0.67133112352236
3634.9436579621397,baseline_B,5,0.9287199,0.7228564,0.67133112352236
3639.0280079795048,baseline_B,5,0.9287199,0.7220506,0.67058276102694
3643.133506004233,baseline_B,5,0.93765,0.7225879,0.6775345444349999
3650.4838799592108,baseline_B,5,1.08053,0.8182165,0.884107474745
3654.6080069965683,baseline_B,5,1.08946,0.8187538,0.891999514948
3661.7033089860342,baseline_B,5,0.9108599,0.7220506,0.65768693731094
3665.7795289647765,baseline_B,5,0.93765,0.7223192,0.67728259788
3669.8551569716074,baseline_B,5,1.11625,0.7225879,0.806588743375
3673.905321978964,baseline_B,5,0.9465799,0.7223192,0.6837328361040801
3678.4438519971445,baseline_B,5,0.9108599,0.7223192,0.65793159428008
3682.4942759703845,baseline_B,5,0.93765,0.7223192,0.67728259788
3686.6069219540805,baseline_B,5,0.9287199,0.7225879,0.67108176222921
3693.928833003156,baseline_B,5,1.17876,0.8182165,0.96448088154
3698.0886639794335,baseline_B,5,1.08946,0.8184852,0.8917068859920001
3702.229919959791,baseline_B,5,1.09839,0.8184852,0.899015958828
3706.370102998335,baseline_B,5,1.09839,0.8182165,0.898720821435
3713.4028499713168,baseline_B,5,0.9287199,0.7223192,0.67083221519208
3717.4784779781476,baseline_B,5,0.91979,0.7225879,0.664629124541
3721.5566049562767,baseline_B,5,0.9108599,0.7223192,0.65793159428008
3728.9161270018667,baseline_B,5,1.09839,0.8184852,0.899015958828
3733.0494389752857,baseline_B,5,1.09839,0.8182165,0.898720821435
3740.1440189569257,baseline_B,5,0.9108599,0.7223192,0.65793159428008
3744.2513499991037,baseline_B,5,0.9108599,0.7228564,0.65842090821836
3748.3418849878944,baseline_B,5,0.93765,0.7223192,0.67728259788
3752.4006239837036,baseline_B,5,0.9287199,0.7225879,0.67108176222921
3756.468417996075,baseline_B,5,0.9287199,0.7223192,0.67083221519208
3760.550285980571,baseline_B,5,0.9108599,0.7223192,0.65793159428008
3764.6201549796388,baseline_B,5,0.9287199,0.7223192,0.67083221519208
3768.6872269841842,baseline_B,5,0.93765,0.7225879,0.6775345444349999
3772.747798997443,baseline_B,5,0.9287199,0.7220506,0.67058276102694
3776.807148999069,baseline_B,5,0.9287199,0.7225879,0.67108176222921
3780.8904799749143,baseline_B,5,0.9287199,0.7228564,0.67133112352236
3784.9665889516473,baseline_B,5,0.9108599,0.7228564,0.65842090821836
3789.0271799988113,baseline_B,5,0.9108599,0.7223192,0.65793159428008
3793.106066994369,baseline_B,5,0.91979,0.7225879,0.664629124541
3797.2098239697516,baseline_B,5,0.9287199,0.7223192,0.67083221519208
3804.5633089495823,baseline_B,5,1.0716,0.8179479,0.87651296964
3808.7311199633405,baseline_B,5,1.08053,0.8182165,0.884107474745
3815.7647569896653,baseline_B,5,0.9287199,0.7225879,0.67108176222921
3819.9378649587743,baseline_B,5,0.90193,0.7228564,0.6519658728519999
3824.114787974395,baseline_B,5,0.9287199,0.7225879,0.67108176222921
3831.4635509741493,baseline_B,5,1.08946,0.8187538,0.891999514948
3835.631769965403,baseline_B,5,1.08053,0.8182165,0.884107474745
3839.7630819818005,baseline_B,5,1.09839,0.8182165,0.898720821435
3843.9032639726065,baseline_B,5,1.08946,0.8184852,0.8917068859920001
3850.9948999853805,baseline_B,5,0.93765,0.7225879,0.6775345444349999
3855.0643799826503,baseline_B,5,0.93765,0.7223192,0.67728259788
3859.146765957121,baseline_B,5,0.91979,0.7220506,0.664134921374
3866.4489189977758,baseline_B,5,1.08053,0.8182165,0.884107474745
3873.529664997477,baseline_B,5,0.91979,0.7220506,0.664134921374
3877.6078109513037,baseline_B,5,0.9287199,0.7220506,0.67058276102694
3881.673939002212,baseline_B,5,0.91979,0.7225879,0.664629124541
3885.75639994815,baseline_B,5,0.91979,0.7225879,0.664629124541
3889.827676001005,baseline_B,5,1.00016,0.7225879,0.7227035140639999
3893.902210984379,baseline_B,5,1.13411,0.7225879,0.8194941632689999
3901.236028992571,baseline_B,5,1.08053,0.8184852,0.884397813156
3908.2257029949687,baseline_B,5,0.9108599,0.7228564,0.65842090821836
3915.7463159644976,baseline_B,5,1.09839,0.8179479,0.898425793881
3919.9145539896563,baseline_B,5,1.08053,0.8184852,0.884397813156
3926.9955229829066,baseline_B,5,0.9108599,0.7225879,0.6581763423352099
3931.0757059720345,baseline_B,5,0.91979,0.7223192,0.664381976968
3938.4507089853287,baseline_B,5,1.08053,0.8184852,0.884397813156
3945.5371229560114,baseline_B,5,0.91979,0.7223192,0.664381976968
3949.632712989114,baseline_B,5,0.93765,0.7225879,0.6775345444349999
3953.738006995991,baseline_B,5,0.9108599,0.7220506,0.65768693731094
3957.8185050049797,baseline_B,5,0.90193,0.7225879,0.6517237046469999
3961.8922249646857,baseline_B,5,1.15197,0.7225879,0.8323995831629999
3965.9830749733374,baseline_B,5,0.91979,0.7225879,0.664629124541
3970.0392759987153,baseline_B,5,0.9108599,0.7220506,0.65768693731094
3974.1251819650643,baseline_B,5,0.9108599,0.7228564,0.65842090821836
3978.1889939913526,baseline_B,5,0.91979,0.721782,0.66388786578
3982.2692329762504,baseline_B,5,0.93765,0.7223192,0.67728259788
3986.325934994966,baseline_B,5,0.9108599,0.7225879,0.6581763423352099
3990.392673993483,baseline_B,5,0.9108599,0.7223192,0.65793159428008
3994.4746159599163,baseline_B,5,0.9108599,0.7225879,0.6581763423352099
3998.5578549676575,baseline_B,5,0.9108599,0.7223192,0.65793159428008
4002.6341299526393,baseline_B,5,0.9287199,0.7223192,0.67083221519208
4006.7289059516042,baseline_B,5,0.9108599,0.7223192,0.65793159428008
4014.078445965424,baseline_B,5,1.09839,0.8184852,0.899015958828
4018.2271659723483,baseline_B,5,1.08053,0.8179479,0.8838172443869999
4024.352532986086,baseline_B,5,0.9287199,0.7223192,0.67083221519208
4028.8672669557855,baseline_B,5,0.91979,0.7225879,0.664629124541
4032.936968957074,baseline_B,5,0.9287199,0.7225879,0.67108176222921
4037.0067629846744,baseline_B,5,0.9287199,0.7223192,0.67083221519208
4044.3731929990463,baseline_B,5,1.06267,0.8184852,0.869779667484
4051.432254957035,baseline_B,5,0.90193,0.7225879,0.6517237046469999
4055.523122951854,baseline_B,5,0.9287199,0.7228564,0.67133112352236
4059.5721019781195,baseline_B,5,0.90193,0.7228564,0.6519658728519999
4063.6297859600745,baseline_B,5,0.91979,0.7223192,0.664381976968
4067.6858389633708,baseline_B,5,0.9108599,0.7223192,0.65793159428008
4071.7669669538736,baseline_B,5,0.9108599,0.7225879,0.6581763423352099
4075.8282609749585,baseline_B,5,0.91979,0.7228564,0.664876088156
4080.0025549833663,baseline_B,5,0.8572799,0.7225879,0.61946008265321
4085.43065097183,baseline_B,5,0.8662101,0.7223192,0.62568018646392
4091.3847420015372,baseline_B,5,1.32164,0.9283507,1.2269454191479998
4097.2587039577775,baseline_B,5,1.30378,0.9286194,1.2107154013319998
4101.953158969991,baseline_B,5,1.30378,0.928888,1.21106559664
4106.126395985484,baseline_B,5,1.30378,0.9286194,1.2107154013319998
4110.292837955058,baseline_B,5,1.31271,0.928888,1.21936056648
4114.413668983616,baseline_B,5,1.30378,0.928888,1.21106559664
4118.560961971525,baseline_B,5,1.31271,0.9291566,1.219713160386
4124.298703973182,baseline_B,5,1.28592,0.9286194,1.1941302588479998
4128.868974978104,baseline_B,5,1.27699,0.9283507,1.185494560393
4132.955360983033,baseline_B,5,1.27699,0.928888,1.18618068712
4137.086450995412,baseline_B,5,1.28592,0.9283507,1.1937847321439998
4141.220171004534,baseline_B,5,1.28592,0.9283507,1.1937847321439998
4145.353038969915,baseline_B,5,1.27699,0.9286194,1.185837687606
4152.302915987093,baseline_B,5,1.31271,0.9283507,1.218655247397
4160.629243997391,baseline_B,5,1.08053,0.8182165,0.884107474745
4167.715267976746,baseline_B,5,0.9287199,0.7223192,0.67083221519208
4171.801285003312,baseline_B,5,0.9287199,0.7225879,0.67108176222921
4175.935040984768,baseline_B,5,0.90193,0.7225879,0.6517237046469999
4180.0598169793375,baseline_B,5,0.90193,0.7225879,0.6517237046469999
4187.6087809796445,baseline_B,5,1.09839,0.8179479,0.898425793881
4191.755352949258,baseline_B,5,1.09839,0.8187538,0.8993109863819999
4198.8405250012875,baseline_B,5,0.91979,0.7228564,0.664876088156
4202.935523004271,baseline_B,5,0.91979,0.7223192,0.664381976968
4207.009631965775,baseline_B,5,0.91979,0.7223192,0.664381976968
4211.107036971953,baseline_B,5,0.9108599,0.7225879,0.6581763423352099
4217.343328986317,baseline_B,5,1.09839,0.8184852,0.899015958828
4222.042024950497,baseline_B,5,1.08053,0.8182165,0.884107474745
4229.116104950663,baseline_B,5,0.9108599,0.7225879,0.6581763423352099
4233.214806998149,baseline_B,5,0.9108599,0.7223192,0.65793159428008
4237.324211979285,baseline_B,5,0.91979,0.7223192,0.664381976968
4244.687307975255,baseline_B,5,1.08053,0.8184852,0.884397813156
4248.848470975645,baseline_B,5,1.10732,0.8184852,0.9063250316640001
4255.851903988514,baseline_B,5,0.9108599,0.7225879,0.6581763423352099
4260.000901995227,baseline_B,5,0.9108599,0.7223192,0.65793159428008
4264.121917949524,baseline_B,5,0.90193,0.7223192,0.6514813560560001
4271.623307955451,baseline_B,5,1.08053,0.8187538,0.884688043514
4275.7965279743075,baseline_B,5,1.08946,0.8184852,0.8917068859920001
4281.91371000139,baseline_B,5,0.93765,0.7223192,0.67728259788
4286.446499987505,baseline_B,5,0.9108599,0.7223192,0.65793159428008
4290.51957197953,baseline_B,5,0.91979,0.7223192,0.664381976968
4294.585939962417,baseline_B,5,0.9287199,0.7225879,0.67108176222921
4298.663733992726,baseline_B,5,0.91979,0.7225879,0.664629124541
4302.742509986274,baseline_B,5,0.91979,0.7223192,0.664381976968
4310.020346951205,baseline_B,5,1.08946,0.8184852,0.8917068859920001
4314.19012194965,baseline_B,5,1.08053,0.8182165,0.884107474745
4318.354692950379,baseline_B,5,1.08053,0.8184852,0.884397813156
4324.487411999144,baseline_B,5,0.90193,0.7223192,0.6514813560560001
4329.005905950908,baseline_B,5,0.9287199,0.7225879,0.67108176222921
4333.069810993038,baseline_B,5,0.9108599,0.7223192,0.65793159428008
4337.148291000631,baseline_B,5,0.9287199,0.7220506,0.67058276102694
4341.215103981085,baseline_B,5,0.9287199,0.7225879,0.67108176222921
4345.271528000012,baseline_B,5,0.90193,0.7225879,0.6517237046469999
4352.637326985132,baseline_B,5,1.08053,0.8182165,0.884107474745
4359.692851954605,baseline_B,5,0.91979,0.7225879,0.664629124541
4363.763368979562,baseline_B,5,0.90193,0.7225879,0.6517237046469999
4367.817107995506,baseline_B,5,0.90193,0.7223192,0.6514813560560001
4375.908844987862,baseline_B,5,0.93765,0.7220506,0.6770307450899999
4379.997009004001,baseline_B,5,0.9108599,0.7223192,0.65793159428008
4384.0857849572785,baseline_B,5,0.9108599,0.7225879,0.6581763423352099
4388.136171968654,baseline_B,5,0.9108599,0.7225879,0.6581763423352099
4392.232058977243,baseline_B,5,0.9108599,0.7223192,0.65793159428008
4396.327870956156,baseline_B,5,0.9287199,0.7220506,0.67058276102694
4400.445665000007,baseline_B,5,0.91979,0.7223192,0.664381976968
4404.582699004095,baseline_B,5,0.90193,0.7225879,0.6517237046469999
4411.8894069688395,baseline_B,5,1.09839,0.8184852,0.899015958828
4416.122014983557,baseline_B,5,1.08053,0.8187538,0.884688043514
4420.33056699438,baseline_B,5,1.08946,0.8182165,0.8914141480900001
4424.519527005032,baseline_B,5,1.0716,0.8182165,0.8768008014
4428.684875951149,baseline_B,5,1.08946,0.8184852,0.8917068859920001
4435.746788978577,baseline_B,5,0.91979,0.7225879,0.664629124541
4439.838471997064,baseline_B,5,0.9108599,0.7225879,0.6581763423352099
4443.934821989387,baseline_B,5,0.90193,0.7225879,0.6517237046469999
4448.062429961283,baseline_B,5,0.90193,0.7228564,0.6519658728519999
4455.424118961673,baseline_B,5,1.08053,0.8182165,0.884107474745
4459.582337993197,baseline_B,5,1.08053,0.8182165,0.884107474745
4463.72183598578,baseline_B,5,1.08053,0.8184852,0.884397813156
4467.862480960321,baseline_B,5,1.08053,0.8184852,0.884397813156
4474.882062000688,baseline_B,5,0.9108599,0.7223192,0.65793159428008
4478.975966980215,baseline_B,5,0.90193,0.7225879,0.6517237046469999
4483.059575955849,baseline_B,5,0.91979,0.7225879,0.664629124541
4487.136684998404,baseline_B,5,0.9108599,0.7225879,0.6581763423352099
4491.237774956971,baseline_B,5,0.93765,0.7228564,0.6777863034599999
4498.591815994587,baseline_B,5,1.08053,0.8187538,0.884688043514
4502.721405995544,baseline_B,5,1.08946,0.8182165,0.8914141480900001
4509.749189950526,baseline_B,5,0.93765,0.7225879,0.6775345444349999
4516.042555973399,baseline_B,5,1.08053,0.8184852,0.884397813156
4520.756732963491,baseline_B,5,1.0716,0.8184852,0.8770887403200001
4527.773627953138,baseline_B,5,0.91979,0.7225879,0.664629124541
4535.619534959551,baseline_B,5,1.08053,0.8182165,0.884107474745
4539.778012956958,baseline_B,5,1.08053,0.8182165,0.884107474745
4546.859389985912,baseline_B,5,0.91979,0.7225879,0.664629124541
4550.948183983564,baseline_B,5,0.91979,0.7223192,0.664381976968
4558.272687951103,baseline_B,5,1.08946,0.8184852,0.8917068859920001
4564.37105499208,baseline_B,5,0.9108599,0.7228564,0.65842090821836
4568.931696005166,baseline_B,5,0.9287199,0.7225879,0.67108176222921
4576.198366994504,baseline_B,5,1.08053,0.8182165,0.884107474745
4583.275650977157,baseline_B,5,0.91979,0.7225879,0.664629124541
4587.378037977032,baseline_B,5,0.9287199,0.7220506,0.67058276102694
4591.4580909884535,baseline_B,5,0.9108599,0.7223192,0.65793159428008
4595.532107981853,baseline_B,5,0.90193,0.7228564,0.6519658728519999
4601.842398988083,baseline_B,5,1.12518,0.8184852,0.9209431773360001
4606.562706001569,baseline_B,5,1.10732,0.8184852,0.9063250316640001
4610.750146966893,baseline_B,5,1.0716,0.8182165,0.8768008014
4614.916625956539,baseline_B,5,1.08946,0.8184852,0.8917068859920001
4619.052085967269,baseline_B,5,1.08053,0.8184852,0.884397813156
4623.203508963343,baseline_B,5,1.08053,0.8182165,0.884107474745
4630.295348004438,baseline_B,5,0.90193,0.7225879,0.6517237046469999
4634.3695689574815,baseline_B,5,0.9287199,0.7225879,0.67108176222921
4638.483324961271,baseline_B,5,0.91979,0.7225879,0.664629124541
4644.78794997558,baseline_B,5,1.08053,0.8182165,0.884107474745
4649.505996960215,baseline_B,5,1.0716,0.8187538,0.8773765720800001
4656.540336960461,baseline_B,5,0.8929999,0.7223192,0.64503097336808
4660.625927965157,baseline_B,5,0.9108599,0.7225879,0.6581763423352099
4664.706369978376,baseline_B,5,0.8929999,0.7223192,0.64503097336808
4672.051558969542,baseline_B,5,1.0716,0.8184852,0.8770887403200001
4676.21764895739,baseline_B,5,1.08053,0.8182165,0.884107474745
4683.33619099576,baseline_B,5,0.9287199,0.7225879,0.67108176222921
4687.45541095268,baseline_B,5,0.91979,0.7223192,0.664381976968
4694.7629339993,baseline_B,5,1.0716,0.8184852,0.8770887403200001
4701.84071699623,baseline_B,5,1.13411,0.7225879,0.8194941632689999
4705.915992963128,baseline_B,5,0.91979,0.7225879,0.664629124541
4709.968138951808,baseline_B,5,0.90193,0.7225879,0.6517237046469999
4714.084488980006,baseline_B,5,0.8929999,0.7220506,0.64479111359494
4718.138986965641,baseline_B,5,0.9108599,0.7225879,0.6581763423352099
4722.216502996162,baseline_B,5,0.9287199,0.7228564,0.67133112352236
4726.269723963924,baseline_B,5,0.9108599,0.7220506,0.65768693731094
4730.358795961365,baseline_B,5,0.8929999,0.7225879,0.6452709224412099
4734.441589971539,baseline_B,5,0.90193,0.7220506,0.651239097658
4738.510235969443,baseline_B,5,0.91979,0.7223192,0.664381976968
4742.577992961742,baseline_B,5,0.9108599,0.7220506,0.65768693731094
4746.645379986148,baseline_B,5,0.9108599,0.7223192,0.65793159428008
4750.704545003828,baseline_B,5,0.90193,0.7225879,0.6517237046469999
4754.7838389873505,baseline_B,5,0.8929999,0.7228564,0.6455106929143599
4758.843688992783,baseline_B,5,0.9108599,0.7223192,0.65793159428008
4762.916167965159,baseline_B,5,0.8929999,0.7228564,0.6455106929143599
4766.996128950268,baseline_B,5,0.91979,0.7223192,0.664381976968
4771.081311977468,baseline_B,5,0.9108599,0.7225879,0.6581763423352099
4775.162976991851,baseline_B,5,0.90193,0.7228564,0.6519658728519999
4779.245177982375,baseline_B,5,0.9108599,0.7225879,0.6581763423352099
4783.318972971756,baseline_B,5,0.9108599,0.7228564,0.65842090821836
4787.379118963145,baseline_B,5,0.91979,0.7223192,0.664381976968
4791.441153967753,baseline_B,5,0.9108599,0.7225879,0.6581763423352099
4795.5305589712225,baseline_B,5,0.9108599,0.7225879,0.6581763423352099
4799.598482961301,baseline_B,5,0.9108599,0.7220506,0.65768693731094
4803.659795958083,baseline_B,5,0.9108599,0.7223192,0.65793159428008
4807.7237389516085,baseline_B,5,0.9287199,0.7225879,0.67108176222921
4811.80286599556,baseline_B,5,0.9108599,0.7225879,0.6581763423352099
4815.861789975315,baseline_B,5,0.9108599,0.723125,0.6586655651875
4819.9314549565315,baseline_B,5,0.9108599,0.7225879,0.6581763423352099
4824.042599997483,baseline_B,5,0.93765,0.7228564,0.6777863034599999
4828.1992269912735,baseline_B,5,0.91979,0.7228564,0.664876088156
4835.46752796974,baseline_B,5,1.06267,0.8184852,0.869779667484
4839.624154963531,baseline_B,5,1.08946,0.8187538,0.891999514948
4843.785410979763,baseline_B,5,1.06267,0.8184852,0.869779667484
4847.91818598751,baseline_B,5,1.0716,0.8184852,0.8770887403200001
4854.9838779727,baseline_B,5,0.9287199,0.7225879,0.67108176222921
4859.068374964409,baseline_B,5,0.9287199,0.7228564,0.67133112352236
4863.18092898,baseline_B,5,0.9287199,0.7225879,0.67108176222921
4867.256277997512,baseline_B,5,0.9108599,0.7223192,0.65793159428008
4871.332942973822,baseline_B,5,0.9108599,0.7225879,0.6581763423352099
4875.384959974326,baseline_B,5,0.9287199,0.7225879,0.67108176222921
4879.4608089956455,baseline_B,5,0.90193,0.7228564,0.6519658728519999
4883.533010957763,baseline_B,5,0.9108599,0.7223192,0.65793159428008
4887.615175975952,baseline_B,5,0.91979,0.7225879,0.664629124541
4891.666191979311,baseline_B,5,0.9108599,0.7223192,0.65793159428008
4895.730560994707,baseline_B,5,0.91979,0.7223192,0.664381976968
4899.79905897053,baseline_B,5,0.90193,0.7220506,0.651239097658
4903.868686000351,baseline_B,5,0.91979,0.7225879,0.664629124541
4907.925517996773,baseline_B,5,0.9108599,0.7228564,0.65842090821836
4912.040866969619,baseline_B,5,0.9108599,0.7225879,0.6581763423352099
4916.14580899477,baseline_B,5,0.9287199,0.7223192,0.67083221519208
4920.250454975758,baseline_B,5,0.8929999,0.7223192,0.64503097336808
4924.332582973875,baseline_B,5,0.9108599,0.7220506,0.65768693731094
4928.392692003399,baseline_B,5,0.8929999,0.7228564,0.6455106929143599
4935.683769988827,baseline_B,5,1.0716,0.8187538,0.8773765720800001
4939.839155995287,baseline_B,5,1.10732,0.8187538,0.906622457816
4946.927587967366,baseline_B,5,0.91979,0.7228564,0.664876088156
4950.987048971001,baseline_B,5,0.91979,0.7223192,0.664381976968
4955.051305994857,baseline_B,5,0.9108599,0.7228564,0.65842090821836
4959.136044955812,baseline_B,5,0.9108599,0.7225879,0.6581763423352099
4966.478344984353,baseline_B,5,1.08053,0.8184852,0.884397813156
4973.54901797371,baseline_B,5,0.91979,0.7228564,0.664876088156
4977.661292999983,baseline_B,5,0.9108599,0.7225879,0.6581763423352099
4984.946074953768,baseline_B,5,1.08053,0.8184852,0.884397813156
4991.960081970319,baseline_B,5,0.90193,0.7225879,0.6517237046469999
4999.610341968946,baseline_B,5,1.0716,0.8182165,0.8768008014
5003.762486972846,baseline_B,5,1.08946,0.8179479,0.8911215191340001
5009.816465957556,baseline_B,5,0.8929999,0.7225879,0.6452709224412099
5014.345014991704,baseline_B,5,0.9108599,0.7223192,0.65793159428008
5018.448382965289,baseline_B,5,0.9108599,0.723125,0.6586655651875
5022.574695001822,baseline_B,5,0.91979,0.7225879,0.664629124541
5029.869254969526,baseline_B,5,1.6967,0.8182165,1.38826793555
5036.951168964151,baseline_B,5,0.90193,0.7223192,0.6514813560560001
5041.035480971914,baseline_B,5,0.9108599,0.7225879,0.6581763423352099
5045.0928309583105,baseline_B,5,0.91979,0.7223192,0.664381976968
5049.178754969034,baseline_B,5,0.91979,0.7228564,0.664876088156
5056.492499948945,baseline_B,5,1.10732,0.8187538,0.906622457816
5063.499987998512,baseline_B,5,0.9108599,0.7225879,0.6581763423352099
5067.5967449788,baseline_B,5,0.91979,0.7220506,0.664134921374
5074.919951963238,baseline_B,5,1.0716,0.8179479,0.87651296964
5079.699924972374,baseline_B,5,1.67884,0.8184852,1.374105693168
5096.581577963661,baseline_B,5,1.02695,0.8182165,0.8402674346750001
5103.842544951476,baseline_B,5,1.29485,0.9283507,1.202074903895
5133.680517959874,baseline_B,5,1.26806,0.9286194,1.177545116364
5137.845496996306,baseline_B,5,1.39308,0.928888,1.2940152950400001
5144.021085987333,baseline_B,5,1.29485,0.9286194,1.20242283009
5148.7154479837045,baseline_B,5,1.31271,0.9283507,1.218655247397
5155.46269796323,baseline_B,5,1.27699,0.9283507,1.185494560393
5159.596472978592,baseline_B,5,1.27699,0.9286194,1.185837687606
5166.572850954253,baseline_B,5,1.29485,0.9283507,1.202074903895
5172.312980983406,baseline_B,5,1.25913,0.928888,1.1695907474400002
5176.887343986891,baseline_B,5,1.29485,0.9286194,1.20242283009
5182.780750968959,baseline_B,5,0.8572799,0.7225879,0.61946008265321
5188.257660949603,baseline_B,5,0.9287199,0.7223192,0.67083221519208
5192.381510976702,baseline_B,5,0.91979,0.7223192,0.664381976968
5199.662180966698,baseline_B,5,1.08053,0.8182165,0.884107474745
5203.823474992532,baseline_B,5,1.08053,0.8184852,0.884397813156
5208.010545989964,baseline_B,5,1.0716,0.8184852,0.8770887403200001
5215.094532992225,baseline_B,5,0.9108599,0.7223192,0.65793159428008
5219.176438986324,baseline_B,5,0.91979,0.7223192,0.664381976968
5226.556774985511,baseline_B,5,1.0716,0.8179479,0.87651296964
5230.750512972008,baseline_B,5,1.0716,0.8187538,0.8773765720800001
5234.907953999937,baseline_B,5,1.05374,0.8184852,0.8624705946479999
5239.0685440041125,baseline_B,5,1.0716,0.8184852,0.8770887403200001
5243.226374965161,baseline_B,5,1.08053,0.8184852,0.884397813156
5249.35233395081,baseline_B,5,0.9108599,0.7225879,0.6581763423352099
5253.897160990164,baseline_B,5,1.58061,0.7223192,1.141704950712
5257.9540479928255,baseline_B,5,0.8929999,0.7225879,0.6452709224412099
5262.033897975925,baseline_B,5,0.9108599,0.7225879,0.6581763423352099
5269.405530998483,baseline_B,5,1.0716,0.8187538,0.8773765720800001
5276.414055959322,baseline_B,5,0.9108599,0.7228564,0.65842090821836
5280.489442986436,baseline_B,5,0.90193,0.7225879,0.6517237046469999
5284.567458962556,baseline_B,5,0.90193,0.7220506,0.651239097658
5288.6419569840655,baseline_B,5,0.9108599,0.7225879,0.6581763423352099
5292.731362977065,baseline_B,5,0.8929999,0.7225879,0.6452709224412099
5300.088921969291,baseline_B,5,1.08053,0.8187538,0.884688043514
5304.254918999504,baseline_B,5,1.0716,0.8187538,0.8773765720800001
5311.32403598167,baseline_B,5,0.9108599,0.7223192,0.65793159428008
5315.417292993516,baseline_B,5,0.91979,0.7223192,0.664381976968
5319.497513002716,baseline_B,5,0.9287199,0.7225879,0.67108176222921
5323.586658982094,baseline_B,5,0.8929999,0.7225879,0.6452709224412099
5327.671563951299,baseline_B,5,0.9108599,0.7223192,0.65793159428008
5331.744765979238,baseline_B,5,0.9287199,0.7228564,0.67133112352236
5335.806467977818,baseline_B,5,0.90193,0.7225879,0.6517237046469999
5339.921742968727,baseline_B,5,0.90193,0.7228564,0.6519658728519999
5347.278060973622,baseline_B,5,1.08946,0.8184852,0.8917068859920001
5351.417133002542,baseline_B,5,1.05374,0.8182165,0.8621874547099999
5358.444120967761,baseline_B,5,0.88407,0.7225879,0.638818284753
5362.506507954095,baseline_B,5,0.8929999,0.7228564,0.6455106929143599
5366.570227954071,baseline_B,5,0.9108599,0.7225879,0.6581763423352099
5377.909655973781,baseline_B,5,1.40201,0.8182165,1.147147715165
5383.922931971028,baseline_B,5,0.90193,0.7223192,0.6514813560560001
5388.446795986965,baseline_B,5,0.9287199,0.7225879,0.67108176222921
5392.527330957819,baseline_B,5,0.90193,0.7228564,0.6519658728519999
5396.6424579848535,baseline_B,5,0.90193,0.7220506,0.651239097658
5404.01112800464,baseline_B,5,1.08946,0.8184852,0.8917068859920001
5408.177550998516,baseline_B,5,1.08946,0.8179479,0.8911215191340001
5412.299344956409,baseline_B,5,1.0716,0.8184852,0.8770887403200001
5416.432563972194,baseline_B,5,1.06267,0.8184852,0.869779667484
5420.567024964839,baseline_B,5,1.0716,0.8182165,0.8768008014
5427.710214979015,baseline_B,5,0.9108599,0.7223192,0.65793159428008
5431.874304951634,baseline_B,5,0.90193,0.7220506,0.651239097658
5439.873061957769,baseline_B,5,1.79493,0.8179479,1.4681592241469998
5445.868207956664,baseline_B,5,2.04497,0.8485706,1.735301419882
5450.221628998406,baseline_B,5,1.17876,0.8483019,0.9999443476440001
5457.854777981993,baseline_B,5,2.26822,0.9184118,2.0831600129959997
5475.917622970883,baseline_B,5,1.0716,0.8184852,0.8770887403200001
5484.055970970076,gap,6,0.8929999,0.7220506,0.64479111359494
5488.158060994465,gap,6,0.9287199,0.7225879,0.67108176222921
5492.276891949587,gap,6,0.9108599,0.7223192,0.65793159428008
5499.637450964656,gap,6,1.0716,0.8184852,0.8770887403200001
5503.773225995246,gap,6,1.06267,0.8184852,0.869779667484
5510.834084998351,gap,6,0.9108599,0.7225879,0.6581763423352099
5514.931692974642,gap,6,0.9108599,0.7225879,0.6581763423352099
5519.035579985939,gap,6,0.9108599,0.7225879,0.6581763423352099
5523.11974397162,gap,6,0.8929999,0.7225879,0.6452709224412099
5527.234926994424,gap,6,0.9108599,0.7223192,0.65793159428008
5531.291943974793,gap,6,0.9108599,0.7220506,0.65768693731094
5535.376033978537,gap,6,0.8929999,0.7220506,0.64479111359494
5541.663973999675,gap,6,1.0716,0.8182165,0.8768008014
5546.375187986996,gap,6,1.0716,0.8187538,0.8773765720800001
5553.433823981322,gap,6,0.8929999,0.7225879,0.6452709224412099
5557.524747971911,gap,6,0.91979,0.7225879,0.664629124541
5561.626392998733,gap,6,0.91979,0.7220506,0.664134921374
5568.934341950808,gap,6,1.08053,0.8187538,0.884688043514
5576.0121629573405,gap,6,0.91979,0.7225879,0.664629124541
5580.163381993771,gap,6,0.9108599,0.7225879,0.6581763423352099
5584.307193988934,gap,6,0.9108599,0.7223192,0.65793159428008
5588.408340001479,gap,6,0.9287199,0.7223192,0.67083221519208
5595.678288955241,gap,6,1.08053,0.8179479,0.8838172443869999
5599.847785953898,gap,6,1.06267,0.8184852,0.869779667484
5606.937624979764,gap,6,0.9108599,0.7220506,0.65768693731094
5611.02267896058,gap,6,0.9108599,0.7223192,0.65793159428008
5615.114324958995,gap,6,0.8929999,0.7228564,0.6455106929143599
5619.191303965636,gap,6,0.91979,0.7228564,0.664876088156
5623.246857954655,gap,6,0.9108599,0.7223192,0.65793159428008
5627.309856005013,gap,6,0.9108599,0.7225879,0.6581763423352099
5631.399186968338,gap,6,0.90193,0.7225879,0.6517237046469999
5635.495424969122,gap,6,0.8929999,0.7225879,0.6452709224412099
5641.798308992293,gap,6,1.06267,0.8182165,0.869494128055
5646.513411949854,gap,6,1.0716,0.8184852,0.8770887403200001
5652.629816962872,gap,6,0.90193,0.7225879,0.6517237046469999
5657.207420968916,gap,6,0.9108599,0.7225879,0.6581763423352099
5661.329214985017,gap,6,0.9108599,0.7228564,0.65842090821836
5665.438100986648,gap,6,0.8929999,0.7223192,0.64503097336808
5672.699882998131,gap,6,1.08053,0.8184852,0.884397813156
5679.722982982639,gap,6,0.9108599,0.7225879,0.6581763423352099
5683.823109953664,gap,6,0.9108599,0.7225879,0.6581763423352099
5691.109150997363,gap,6,1.05374,0.8184852,0.8624705946479999
5698.216749995481,gap,6,0.9108599,0.723125,0.6586655651875
5702.739150961861,gap,6,0.90193,0.7223192,0.6514813560560001
5706.811685988214,gap,6,0.9108599,0.7225879,0.6581763423352099
5710.87546099443,gap,6,0.9108599,0.7225879,0.6581763423352099
5714.938977966085,gap,6,0.9108599,0.7223192,0.65793159428008
5718.992697948124,gap,6,0.9108599,0.7223192,0.65793159428008
5723.050344968215,gap,6,0.9108599,0.7223192,0.65793159428008
5727.121342963073,gap,6,0.90193,0.7225879,0.6517237046469999
5731.196821958292,gap,6,0.90193,0.7225879,0.6517237046469999
5735.2520049898885,gap,6,0.9108599,0.7225879,0.6581763423352099
5739.31889195228,gap,6,0.90193,0.7225879,0.6517237046469999
5743.398222955875,gap,6,0.8929999,0.7225879,0.6452709224412099
5747.46270297328,gap,6,0.90193,0.7223192,0.6514813560560001
5751.513848954346,gap,6,0.9108599,0.7220506,0.65768693731094
5755.561661964748,gap,6,0.9108599,0.7223192,0.65793159428008
5759.622307959944,gap,6,0.90193,0.7223192,0.6514813560560001
5763.679509982467,gap,6,0.9108599,0.7220506,0.65768693731094
5767.743100994267,gap,6,0.90193,0.7223192,0.6514813560560001
5771.819672954734,gap,6,0.91979,0.7223192,0.664381976968
5775.886411953252,gap,6,0.9108599,0.7225879,0.6581763423352099
5779.985353990924,gap,6,0.88407,0.7225879,0.638818284753
5784.0767779853195,gap,6,0.9108599,0.7220506,0.65768693731094
5788.173220003955,gap,6,0.9108599,0.7223192,0.65793159428008
5792.256680957507,gap,6,0.9108599,0.7220506,0.65768693731094
5796.31475295173,gap,6,0.9108599,0.7225879,0.6581763423352099
5800.394416961353,gap,6,0.8929999,0.7225879,0.6452709224412099
5806.624764984008,gap,6,1.0716,0.8182165,0.8768008014
5811.336941958871,gap,6,1.05374,0.8182165,0.8621874547099999
5815.463253995404,gap,6,1.06267,0.8184852,0.869779667484
5819.585769961122,gap,6,1.06267,0.8182165,0.869494128055
5826.617516984697,gap,6,0.9108599,0.7225879,0.6581763423352099
5830.673718999606,gap,6,0.9108599,0.7225879,0.6581763423352099
5834.730495000258,gap,6,0.8929999,0.7225879,0.6452709224412099
5838.781696977094,gap,6,0.9108599,0.7228564,0.65842090821836
5842.856175964698,gap,6,0.91979,0.7228564,0.664876088156
5846.918155963067,gap,6,0.9108599,0.7220506,0.65768693731094
5850.995931949001,gap,6,0.9108599,0.7220506,0.65768693731094
5855.051318998449,gap,6,0.91979,0.7223192,0.664381976968
5859.1133169829845,gap,6,0.91979,0.7223192,0.664381976968
5863.185462949332,gap,6,0.8929999,0.7225879,0.6452709224412099
5867.241701984312,gap,6,0.9108599,0.7225879,0.6581763423352099
5871.3168849935755,gap,6,0.8929999,0.7225879,0.6452709224412099
5875.3775309887715,gap,6,0.9287199,0.7225879,0.67108176222921
5879.483547003474,gap,6,0.9108599,0.7225879,0.6581763423352099
5883.589803997893,gap,6,0.90193,0.7223192,0.6514813560560001
5890.954936970957,gap,6,1.05374,0.8179479,0.8619044201459999
5895.097896980587,gap,6,1.08946,0.8184852,0.8917068859920001
5899.257542972919,gap,6,1.08053,0.8184852,0.884397813156
5903.390391962603,gap,6,1.0716,0.8182165,0.8768008014
5910.415953956544,gap,6,0.9108599,0.7223192,0.65793159428008
5914.46169296978,gap,6,0.90193,0.7228564,0.6519658728519999
5918.536838958971,gap,6,0.9108599,0.7223192,0.65793159428008
5922.585725958925,gap,6,0.8929999,0.7228564,0.6455106929143599
5926.660853961948,gap,6,0.8929999,0.7220506,0.64479111359494
5930.728555948008,gap,6,0.9108599,0.7220506,0.65768693731094
5934.791904990561,gap,6,0.8929999,0.7223192,0.64503097336808
5938.8440329930745,gap,6,0.9108599,0.7223192,0.65793159428008
5942.918975953944,gap,6,0.9108599,0.7223192,0.65793159428008
5949.220229987986,gap,6,1.06267,0.8182165,0.869494128055
5953.927665948868,gap,6,1.09839,0.8184852,0.899015958828
5959.9788669729605,gap,6,0.9108599,0.7225879,0.6581763423352099
5964.505656971596,gap,6,0.90193,0.723125,0.65220813125
5968.572358950041,gap,6,0.9108599,0.7225879,0.6581763423352099
5972.6630239747465,gap,6,0.9108599,0.7220506,0.65768693731094
5976.718798978254,gap,6,0.90193,0.7225879,0.6517237046469999
5981.149737956002,bench:b3e2047702d8d65f,7,1.48238,0.7228564,1.071547870232
5987.2088469564915,bench:b3e2047702d8d65f,7,2.16999,0.8638819,1.8746150841809999
5991.646137961652,bench:b3e2047702d8d65f,7,2.19678,0.8638819,1.897758480282
5998.484719952103,bench:b3e2047702d8d65f,7,2.80402,0.9286194,2.603867369988
6004.906935966574,bench:b3e2047702d8d65f,7,2.73258,0.9184118,2.509633716444
6011.307633947581,bench:b3e2047702d8d65f,7,2.81295,0.9286194,2.61215994123
6015.540205000434,bench:b3e2047702d8d65f,7,2.86653,0.9291566,2.663455268598
6019.749330997001,bench:b3e2047702d8d65f,7,2.82188,0.9291566,2.6219684264080003
6023.900142987259,bench:b3e2047702d8d65f,7,2.82188,0.9294252,2.622726383376
6028.055011003744,bench:b3e2047702d8d65f,7,2.81295,0.928888,2.6129154996
6032.131563988514,bench:b3e2047702d8d65f,7,2.83974,0.9291566,2.638563163284
6036.295708967373,bench:b3e2047702d8d65f,7,2.81295,0.9286194,2.61215994123
6040.39770696545,bench:b3e2047702d8d65f,7,2.84867,0.9283507,2.644564788569
6044.573999999557,bench:b3e2047702d8d65f,7,2.83081,0.9280821,2.627224089501
6048.800496966578,bench:b3e2047702d8d65f,7,2.8576,0.9283507,2.65285496032
6054.34603599133,bench:b3e2047702d8d65f,7,2.75937,0.9197549,2.537944078413
6058.599605981726,bench:b3e2047702d8d65f,7,2.67007,0.9186804,2.4529409756279996
6062.796732992865,bench:b3e2047702d8d65f,7,2.71472,0.9197549,2.496877022128
6067.052432976197,bench:b3e2047702d8d65f,7,2.73258,0.9192177,2.511835902666
6071.3050029589795,bench:b3e2047702d8d65f,7,2.70579,0.9186804,2.4857562395159998
6075.5175550002605,bench:b3e2047702d8d65f,7,2.70579,0.9192177,2.487210060483
6079.96053097304,bench:b3e2047702d8d65f,7,2.61649,0.9197549,2.4065294983010004
6084.987685957458,bench:b3e2047702d8d65f,7,2.59863,0.9186804,2.3873104478519998
6090.4568749829195,bench:b3e2047702d8d65f,7,2.71472,0.928888,2.52167083136
6095.624787965789,bench:b3e2047702d8d65f,7,2.73258,0.928888,2.53826077104
6099.861709983088,bench:b3e2047702d8d65f,7,2.74151,0.9286194,2.545819371294
6105.9989289497025,bench:b3e2047702d8d65f,7,2.67007,0.928888,2.48019598216
6111.228323949035,bench:b3e2047702d8d65f,7,2.7683,0.928888,2.5714406504
6115.520818973891,bench:b3e2047702d8d65f,7,2.75937,0.9280821,2.560921904277
6119.764500996098,bench:b3e2047702d8d65f,7,2.73258,0.9286194,2.537526800052
6123.9693309762515,bench:b3e2047702d8d65f,7,2.75044,0.9286194,2.554111942536
6128.223698004149,bench:b3e2047702d8d65f,7,2.75044,0.928888,2.5548507107200003
6132.455119979568,bench:b3e2047702d8d65f,7,2.79509,0.9294252,2.597827082268
6136.6233580047265,bench:b3e2047702d8d65f,7,2.74151,0.9286194,2.545819371294
6140.881075989455,bench:b3e2047702d8d65f,7,2.74151,0.9283507,2.545082727557
6145.066979981493,bench:b3e2047702d8d65f,7,2.75937,0.9283507,2.561663071059
6149.330068961717,bench:b3e2047702d8d65f,7,2.71472,0.9283507,2.5202122123039996
6154.520555981435,bench:b3e2047702d8d65f,7,2.72365,0.9286194,2.52923422881
6158.854014996905,bench:b3e2047702d8d65f,7,2.63435,0.9283507,2.445600666545
6164.382479968481,bench:b3e2047702d8d65f,7,2.63435,0.9186804,2.42012571174
6169.447542983107,bench:b3e2047702d8d65f,7,2.70579,0.9181431,2.484302418549
6175.850128987804,bench:b3e2047702d8d65f,7,2.83081,0.9294252,2.631026150412
6180.06897799205,bench:b3e2047702d8d65f,7,2.84867,0.9283507,2.644564788569
6184.260937967338,bench:b3e2047702d8d65f,7,2.83974,0.9283507,2.636274616818
6188.4258419740945,bench:b3e2047702d8d65f,7,2.82188,0.928888,2.6212104694400002
6192.5163209671155,bench:b3e2047702d8d65f,7,2.83974,0.9286194,2.637037654956
6196.716076985467,bench:b3e2047702d8d65f,7,2.79509,0.928888,2.5963255599200004
6200.841852987651,bench:b3e2047702d8d65f,7,2.80402,0.9283507,2.603113929814
6204.995701962616,bench:b3e2047702d8d65f,7,2.80402,0.928888,2.60462052976
6209.131254989188,bench:b3e2047702d8d65f,7,2.84867,0.928888,2.64609537896
6213.222196965944,bench:b3e2047702d8d65f,7,2.83081,0.928888,2.6295054392800004
6217.295546957757,bench:b3e2047702d8d65f,7,2.81295,0.9291566,2.61367105797
6221.407895965967,bench:b3e2047702d8d65f,7,2.83974,0.9286194,2.637037654956
6225.502671964932,bench:b3e2047702d8d65f,7,2.84867,0.928888,2.64609537896
6229.6224649762735,bench:b3e2047702d8d65f,7,2.83081,0.928888,2.6295054392800004
6233.760295959655,bench:b3e2047702d8d65f,7,2.8576,0.9291566,2.6551579001600003
6237.837423977908,bench:b3e2047702d8d65f,7,2.84867,0.9291566,2.646860531722
6241.921624983661,bench:b3e2047702d8d65f,7,2.91118,0.928888,2.70416016784
6246.056529984344,bench:b3e2047702d8d65f,7,2.92904,0.9280821,2.718389594184
6250.188971986063,bench:b3e2047702d8d65f,7,2.84867,0.9302311,2.6499214276369996
6254.332024953328,bench:b3e2047702d8d65f,7,2.89332,0.9283507,2.686015647324
6259.969840990379,bench:b3e2047702d8d65f,7,2.72365,0.9184118,2.50143229907
6264.274002984166,bench:b3e2047702d8d65f,7,2.70579,0.918949,2.48648301471
6270.614571985789,bench:b3e2047702d8d65f,7,2.88439,0.9286194,2.678500511166
6274.770864984021,bench:b3e2047702d8d65f,7,2.8576,0.9291566,2.6551579001600003
6280.323885963298,bench:b3e2047702d8d65f,7,2.679,0.9181431,2.4597053649
6284.635770949535,bench:b3e2047702d8d65f,7,2.71472,0.9192177,2.4954186745439997
6291.10472695902,bench:b3e2047702d8d65f,7,2.84867,0.9291566,2.646860531722
6295.2829279820435,bench:b3e2047702d8d65f,7,2.90225,0.9286194,2.69508565365
6299.411980959121,bench:b3e2047702d8d65f,7,2.82188,0.9286194,2.620452512472
6303.532903955784,bench:b3e2047702d8d65f,7,2.83974,0.9280821,2.635511862654
6307.789029960986,bench:b3e2047702d8d65f,7,2.83081,0.9286194,2.628745083714
6311.938823957462,bench:b3e2047702d8d65f,7,2.84867,0.9286194,2.645330226198
6316.1132099921815,bench:b3e2047702d8d65f,7,2.86653,0.9280821,2.660375182113
6320.252706995234,bench:b3e2047702d8d65f,7,2.81295,0.9280821,2.610648543195
6324.4928699568845,bench:b3e2047702d8d65f,7,2.84867,0.9283507,2.644564788569
6328.622811997775,bench:b3e2047702d8d65f,7,2.86653,0.9280821,2.660375182113
6332.731049973518,bench:b3e2047702d8d65f,7,2.88439,0.9286194,2.678500511166
6336.837028968148,bench:b3e2047702d8d65f,7,2.83081,0.9286194,2.628745083714
6340.94774897676,bench:b3e2047702d8d65f,7,2.86653,0.928888,2.6626853186400004
6345.054246950895,bench:b3e2047702d8d65f,7,2.83974,0.9286194,2.637037654956
6349.190947948955,bench:b3e2047702d8d65f,7,2.84867,0.9291566,2.646860531722
6354.857337952126,bench:b3e2047702d8d65f,7,2.74151,0.9184118,2.517835133818
6359.126797004137,bench:b3e2047702d8d65f,7,2.68793,0.918949,2.4700705855700003
6364.787094003987,bench:b3e2047702d8d65f,7,2.84867,0.9286194,2.645330226198
6368.971609976143,bench:b3e2047702d8d65f,7,2.84867,0.9280821,2.643799635807
6377.128530992195,bench:b3e2047702d8d65f,7,2.8576,0.928888,2.6543903488000002
6381.207028985955,bench:b3e2047702d8d65f,7,2.82188,0.9278135,2.61817835938
6385.357229970396,bench:b3e2047702d8d65f,7,2.83081,0.9286194,2.628745083714
6390.99358394742,bench:b3e2047702d8d65f,7,2.73258,0.9186804,2.510367687432
6395.320911949966,bench:b3e2047702d8d65f,7,2.69686,0.9184118,2.476828046948
6401.721628964879,bench:b3e2047702d8d65f,7,2.96476,0.9286194,2.753133652344
6405.864292988554,bench:b3e2047702d8d65f,7,2.80402,0.928888,2.60462052976
6409.985511971172,bench:b3e2047702d8d65f,7,3.49163,0.9283507,3.2414571546409996
6414.089583966415,bench:b3e2047702d8d65f,7,2.88439,0.9283507,2.677725475573
6418.199136969633,bench:b3e2047702d8d65f,7,2.8576,0.9286194,2.65362279744
6422.306671971455,bench:b3e2047702d8d65f,7,2.87546,0.9280821,2.668662955266
6426.527779956814,bench:b3e2047702d8d65f,7,2.8576,0.9291566,2.6551579001600003
6430.671554990113,bench:b3e2047702d8d65f,7,2.89332,0.9283507,2.686015647324
6434.807051962707,bench:b3e2047702d8d65f,7,2.84867,0.9294252,2.647625684484
6438.922363973688,bench:b3e2047702d8d65f,7,2.83974,0.9286194,2.637037654956
6443.061583966482,bench:b3e2047702d8d65f,7,2.87546,0.928888,2.67098028848
6447.197340952698,bench:b3e2047702d8d65f,7,2.84867,0.9294252,2.647625684484
6451.3623749953695,bench:b3e2047702d8d65f,7,2.84867,0.9286194,2.645330226198
6455.5831119650975,bench:b3e2047702d8d65f,7,2.90225,0.9280821,2.693526274725
6459.844681958202,bench:b3e2047702d8d65f,7,2.81295,0.9283507,2.611404101565
6464.0421599615365,bench:b3e2047702d8d65f,7,2.82188,0.9275449,2.6174204024120002
6468.173935951199,bench:b3e2047702d8d65f,7,2.86653,0.9294252,2.664225218556
6472.424857958686,bench:b3e2047702d8d65f,7,2.90225,0.928888,2.6958651980000004
6476.571224979125,bench:b3e2047702d8d65f,7,2.86653,0.9283507,2.661145132071
6480.700685991906,bench:b3e2047702d8d65f,7,2.8576,0.9286194,2.65362279744
6484.821775986347,bench:b3e2047702d8d65f,7,2.88439,0.928888,2.67927525832
6488.957717956509,bench:b3e2047702d8d65f,7,2.84867,0.9286194,2.645330226198
6493.074900005013,bench:b3e2047702d8d65f,7,2.83081,0.9294252,2.631026150412
6497.1955649671145,bench:b3e2047702d8d65f,7,2.81295,0.9286194,2.61215994123
6501.279024989344,bench:b3e2047702d8d65f,7,2.83081,0.9294252,2.631026150412
6505.403911985923,bench:b3e2047702d8d65f,7,2.82188,0.928888,2.6212104694400002
6510.945117974188,bench:b3e2047702d8d65f,7,2.75937,0.918949,2.53572030213
6515.329982968979,bench:b3e2047702d8d65f,7,2.74151,0.9194863,2.5207808863129997
6520.915503962897,bench:b3e2047702d8d65f,7,2.90225,0.9283507,2.6943058190749998
6525.120334001258,bench:b3e2047702d8d65f,7,2.86653,0.9280821,2.660375182113
6529.37014499912,bench:b3e2047702d8d65f,7,2.91118,0.9283507,2.702595990826
6533.487698005047,bench:b3e2047702d8d65f,7,2.80402,0.9286194,2.603867369988
6537.630916980561,bench:b3e2047702d8d65f,7,2.84867,0.9286194,2.645330226198
6541.745895985514,bench:b3e2047702d8d65f,7,2.86653,0.9280821,2.660375182113
6547.034196963068,bench:b3e2047702d8d65f,7,2.86653,0.9283507,2.661145132071
6551.225730974693,bench:b3e2047702d8d65f,7,2.83974,0.928888,2.63780040912
6555.3117109811865,bench:b3e2047702d8d65f,7,2.89332,0.9283507,2.686015647324
6559.422892984003,bench:b3e2047702d8d65f,7,2.88439,0.9286194,2.678500511166
6563.571167993359,bench:b3e2047702d8d65f,7,2.88439,0.9283507,2.677725475573
6567.78923899401,bench:b3e2047702d8d65f,7,2.89332,0.9286194,2.686793082408
6571.967754978687,bench:b3e2047702d8d65f,7,2.84867,0.9278135,2.6430344830449997
6576.141732977703,bench:b3e2047702d8d65f,7,2.81295,0.9291566,2.61367105797
6581.792141951155,bench:b3e2047702d8d65f,7,2.74151,0.9184118,2.517835133818
6586.07541496167,bench:b3e2047702d8d65f,7,2.77723,0.9192177,2.552878972971
6591.627361951396,bench:b3e2047702d8d65f,7,2.88439,0.928888,2.67927525832
6595.861173002049,bench:b3e2047702d8d65f,7,2.8576,0.9291566,2.6551579001600003
6599.989818991162,bench:b3e2047702d8d65f,7,2.89332,0.9286194,2.686793082408
6604.177704954054,bench:b3e2047702d8d65f,7,2.91118,0.928888,2.70416016784
6608.2967019756325,bench:b3e2047702d8d65f,7,2.87546,0.928888,2.67098028848
6612.5509580015205,bench:b3e2047702d8d65f,7,2.88439,0.9286194,2.678500511166
6616.651677992195,bench:b3e2047702d8d65f,7,2.84867,0.9283507,2.644564788569
6620.7806569873355,bench:b3e2047702d8d65f,7,2.91118,0.9283507,2.702595990826
6624.922505987342,bench:b3e2047702d8d65f,7,2.92011,0.9286194,2.7116707961340003
6629.014206991997,bench:b3e2047702d8d65f,7,2.86653,0.9286194,2.661915368682
6633.173185982741,bench:b3e2047702d8d65f,7,2.8576,0.928888,2.6543903488000002
6637.303923955187,bench:b3e2047702d8d65f,7,2.84867,0.9283507,2.644564788569
6641.438161954284,bench:b3e2047702d8d65f,7,2.86653,0.9291566,2.663455268598
6645.586233003996,bench:b3e2047702d8d65f,7,2.86653,0.9280821,2.660375182113
6649.6698979754,bench:b3e2047702d8d65f,7,2.8576,0.9280821,2.6520874089600004
6653.801061969716,bench:b3e2047702d8d65f,7,2.84867,0.928888,2.64609537896
6809.638325998094,bench:b3e2047702d8d65f,7,2.20571,0.928888,2.0488575504799997
6813.968987960834,bench:b3e2047702d8d65f,7,2.8576,0.9286194,2.65362279744
6818.155576998834,bench:b3e2047702d8d65f,7,2.88439,0.928888,2.67927525832
6823.728597955778,bench:b3e2047702d8d65f,7,2.72365,0.9184118,2.50143229907
6827.97316799406,bench:b3e2047702d8d65f,7,2.72365,0.918949,2.50289544385
6834.470475965645,bench:b3e2047702d8d65f,7,2.91118,0.9304997,2.708852116646
6838.666676951107,bench:b3e2047702d8d65f,7,2.84867,0.9283507,2.644564788569
6842.798359983135,bench:b3e2047702d8d65f,7,2.87546,0.928888,2.67098028848
6846.9638749957085,bench:b3e2047702d8d65f,7,2.91118,0.928888,2.70416016784
6851.186056970619,bench:b3e2047702d8d65f,7,2.88439,0.9283507,2.677725475573
6855.300646973774,bench:b3e2047702d8d65f,7,2.86653,0.9291566,2.663455268598
6859.408162999898,bench:b3e2047702d8d65f,7,2.89332,0.9294252,2.689124519664
6863.606437982526,bench:b3e2047702d8d65f,7,2.84867,0.928888,2.64609537896
6867.748415970709,bench:b3e2047702d8d65f,7,2.84867,0.9280821,2.643799635807
6874.926050950307,bench:b3e2047702d8d65f,7,2.7683,0.918949,2.5439265167
6879.109584959224,bench:b3e2047702d8d65f,7,2.75937,0.918949,2.53572030213
6885.679466999136,bench:b3e2047702d8d65f,7,2.84867,0.9291566,2.646860531722
6889.861389005091,bench:b3e2047702d8d65f,7,2.8576,0.9291566,2.6551579001600003
6894.0799969714135,bench:b3e2047702d8d65f,7,2.93797,0.9291566,2.729834216102
6898.174698988441,bench:b3e2047702d8d65f,7,2.91118,0.9283507,2.702595990826
6904.690672992729,bench:b3e2047702d8d65f,7,2.7683,0.9184118,2.54243938594
6911.075611948036,bench:b3e2047702d8d65f,7,2.88439,0.928888,2.67927525832
6915.187886974309,bench:b3e2047702d8d65f,7,2.91118,0.9294252,2.7057240537359997
6919.31497695623,bench:b3e2047702d8d65f,7,2.87546,0.9286194,2.670207939924
6923.549769970123,bench:b3e2047702d8d65f,7,2.89332,0.9286194,2.686793082408
6927.657248976175,bench:b3e2047702d8d65f,7,2.86653,0.928888,2.6626853186400004
6931.76411697641,bench:b3e2047702d8d65f,7,2.91118,0.9280821,2.701814047878
6935.907576989848,bench:b3e2047702d8d65f,7,2.88439,0.928888,2.67927525832
6940.054222999606,bench:b3e2047702d8d65f,7,2.88439,0.9286194,2.678500511166
6944.17444197461,bench:b3e2047702d8d65f,7,2.86653,0.928888,2.6626853186400004
6948.327605961822,bench:b3e2047702d8d65f,7,2.91118,0.928888,2.70416016784
6954.803654982243,bench:b3e2047702d8d65f,7,2.77723,0.9192177,2.552878972971
6959.033521998208,bench:b3e2047702d8d65f,7,2.75044,0.9186804,2.526775319376
6964.614986965898,bench:b3e2047702d8d65f,7,2.88439,0.9283507,2.677725475573
6968.796483997721,bench:b3e2047702d8d65f,7,2.83974,0.9283507,2.636274616818
6972.999239980709,bench:b3e2047702d8d65f,7,2.88439,0.9286194,2.678500511166
6977.068570966367,bench:b3e2047702d8d65f,7,2.91118,0.9283507,2.702595990826
6981.1016989988275,gap,8,1.59847,0.9286194,1.484370252318
6984.967402997427,gap,8,1.61633,0.9286194,1.500955394802
6991.968075977638,gap,8,1.1609,0.8329906,0.96701878754
6999.365412979387,gap,8,0.9287199,0.7220506,0.67058276102694
7003.486298955977,gap,8,0.9287199,0.7225879,0.67108176222921
7007.577685988508,gap,8,0.9465799,0.7223192,0.6837328361040801
7011.68203499401,gap,8,0.9287199,0.7225879,0.67108176222921
7017.975733964704,gap,8,1.11625,0.8184852,0.9136341045
7022.690484998748,gap,8,1.08053,0.8184852,0.884397813156
7029.785675986204,gap,8,0.9287199,0.7225879,0.67108176222921
7033.8523969985545,gap,8,1.15197,0.7223192,0.8320900488240001
7037.925375974737,gap,8,0.95551,0.7223192,0.6901832187920001
7044.247092970181,gap,8,1.09839,0.8179479,0.898425793881
7048.959880950861,gap,8,1.08053,0.8187538,0.884688043514
7055.970480956603,gap,8,0.9287199,0.7225879,0.67108176222921
7063.597036991268,gap,8,1.08946,0.8182165,0.8914141480900001
7067.741109000053,gap,8,1.06267,0.8182165,0.869494128055
7074.834781000391,gap,8,0.91979,0.7228564,0.664876088156
7078.942796972115,gap,8,1.39308,0.7225879,1.006622751732
7084.405281988438,gap,8,0.8662101,0.7223192,0.62568018646392
7090.345465985592,gap,8,1.39308,0.9286194,1.293641113752
7097.27191796992,gap,8,1.31271,0.9286194,1.219007972574
7101.423321990296,gap,8,1.31271,0.9283507,1.218655247397
7105.597207963001,gap,8,1.34843,0.9283507,1.251815934401
7109.764260996599,gap,8,1.29485,0.9294252,1.20346622022
7113.917035982013,gap,8,1.3395,0.9283507,1.2435257626499998
7118.04068100173,gap,8,1.29485,0.9283507,1.202074903895
7122.185752959922,gap,8,1.29485,0.9286194,1.20242283009
7128.997538995463,gap,8,1.27699,0.9283507,1.185494560393
7133.0861109890975,gap,8,1.29485,0.9283507,1.202074903895
7137.228404986672,gap,8,1.28592,0.9283507,1.1937847321439998
7141.31495798938,gap,8,1.27699,0.9286194,1.185837687606
7148.34268699633,gap,8,1.32164,0.9280821,1.226590426644
7155.087918974459,gap,8,1.28592,0.9286194,1.1941302588479998
7162.91375097353,gap,8,0.91979,0.7225879,0.664629124541
7169.231263978872,gap,8,1.10732,0.8184852,0.9063250316640001
7173.969403957017,gap,8,1.10732,0.8187538,0.906622457816
7180.963910999708,gap,8,0.9287199,0.7220506,0.67058276102694
7185.059149982408,gap,8,0.9108599,0.7223192,0.65793159428008
7189.168054959737,gap,8,0.91979,0.7228564,0.664876088156
7196.532705973368,gap,8,1.09839,0.8187538,0.8993109863819999
7203.6258049774915,gap,8,0.91979,0.7225879,0.664629124541
7207.690135983285,gap,8,0.91979,0.7220506,0.664134921374
7211.7872450035065,gap,8,0.91979,0.7225879,0.664629124541
7215.8446129760705,gap,8,0.9287199,0.7225879,0.67108176222921
7219.967184995767,gap,8,0.91979,0.7225879,0.664629124541
7224.0876269643195,gap,8,0.93765,0.7223192,0.67728259788
7228.215605951846,gap,8,0.9108599,0.7223192,0.65793159428008
7232.36469598487,gap,8,0.9108599,0.723125,0.6586655651875
7239.623995963484,gap,8,1.0716,0.8187538,0.8773765720800001
7243.775974959135,gap,8,1.08053,0.8184852,0.884397813156
7250.856758968439,gap,8,0.91979,0.7220506,0.664134921374
7254.942626983393,gap,8,0.9108599,0.7223192,0.65793159428008
7259.017383970786,gap,8,0.91979,0.7225879,0.664629124541
7263.1128639914095,gap,8,0.9108599,0.7225879,0.6581763423352099
7270.442977955099,gap,8,1.08053,0.8184852,0.884397813156
7277.522521966603,gap,8,0.91979,0.7225879,0.664629124541
7281.622240960132,gap,8,0.9287199,0.7223192,0.67083221519208
7285.701998975128,gap,8,0.9108599,0.7225879,0.6581763423352099
7293.066797952633,gap,8,1.08946,0.8184852,0.8917068859920001
7297.213109966833,gap,8,1.08053,0.8187538,0.884688043514
7304.234376002569,gap,8,0.9287199,0.7220506,0.67058276102694
7308.30450396752,gap,8,0.9287199,0.7225879,0.67108176222921
7312.368427985348,gap,8,0.91979,0.7223192,0.664381976968
7316.424962948076,gap,8,0.9287199,0.7223192,0.67083221519208
7320.500849978998,gap,8,0.9287199,0.7225879,0.67108176222921
7324.568347947206,gap,8,0.9287199,0.7223192,0.67083221519208
7328.622456989251,gap,8,0.91979,0.7228564,0.664876088156
7332.6780289644375,gap,8,0.9287199,0.7225879,0.67108176222921
7336.762008955702,gap,8,0.9287199,0.7225879,0.67108176222921
7340.823376958724,gap,8,0.9108599,0.7225879,0.6581763423352099
7344.890652981121,gap,8,0.91979,0.7220506,0.664134921374
7348.938298993744,gap,8,0.91979,0.7225879,0.664629124541
7353.014870954212,gap,8,0.91979,0.7225879,0.664629124541
7357.079368957784,gap,8,0.9108599,0.7223192,0.65793159428008
7361.166977963876,gap,8,0.91979,0.7225879,0.664629124541
7365.211050957441,gap,8,0.9108599,0.7223192,0.65793159428008
7369.287973968312,gap,8,0.93765,0.7220506,0.6770307450899999
7377.358322963119,gap,8,0.91979,0.7225879,0.664629124541
7381.459412979893,gap,8,0.91979,0.7228564,0.664876088156
7385.5505409883335,gap,8,0.9108599,0.7220506,0.65768693731094
7392.903858970385,gap,8,1.08946,0.8179479,0.8911215191340001
7397.036504000425,gap,8,1.0716,0.8184852,0.8770887403200001
7404.057195992209,gap,8,0.90193,0.7225879,0.6517237046469999
7408.210563997272,gap,8,0.9287199,0.7223192,0.67083221519208
7412.352542974986,gap,8,0.9287199,0.7223192,0.67083221519208
7416.445558948908,gap,8,0.9287199,0.7225879,0.67108176222921
7420.541648985818,gap,8,0.9108599,0.7223192,0.65793159428008
7424.612350994721,gap,8,0.9287199,0.7225879,0.67108176222921
7431.968094955664,gap,8,1.08053,0.8187538,0.884688043514
7436.1610359628685,gap,8,1.08053,0.8182165,0.884107474745
7443.2488569873385,gap,8,0.9108599,0.7228564,0.65842090821836
7447.3241699743085,gap,8,0.9287199,0.7223192,0.67083221519208
7454.615210997872,gap,8,1.08053,0.8182165,0.884107474745
7461.625495983753,gap,8,0.9287199,0.7223192,0.67083221519208
7465.708382951561,gap,8,0.9108599,0.7228564,0.65842090821836
7469.768657989334,gap,8,0.8929999,0.7225879,0.6452709224412099
7477.067754953168,gap,8,1.0716,0.8182165,0.8768008014
7484.1976869502105,gap,8,0.9108599,0.7220506,0.65768693731094
7488.743883965071,gap,8,0.9287199,0.7228564,0.67133112352236
7507.15407700045,gap,8,1.0716,0.8184852,0.8770887403200001
7515.21118497476,gap,8,1.14304,0.7223192,0.8256397383680001
7519.786529999692,gap,8,0.91979,0.7223192,0.664381976968
7537.059512978885,gap,8,1.14304,0.8335279,0.9527557308160001
7542.720883968286,gap,8,1.13411,0.8329906,0.944702969366
7546.795400965493,gap,8,1.14304,0.8335279,0.9527557308160001
7550.892935949378,gap,8,1.13411,0.8329906,0.944702969366
7558.159291977063,gap,8,1.08946,0.8179479,0.8911215191340001
7564.308972971048,gap,8,0.9287199,0.7223192,0.67083221519208
7568.806652969215,gap,8,0.9287199,0.7225879,0.67108176222921
7572.86983600352,gap,8,0.9108599,0.7225879,0.6581763423352099
7576.936186000239,gap,8,0.9287199,0.7223192,0.67083221519208
7584.262651973404,gap,8,1.06267,0.8184852,0.869779667484
7588.422056986019,gap,8,1.08053,0.8182165,0.884107474745
7592.5851469510235,gap,8,1.08053,0.8184852,0.884397813156
7596.756161947269,gap,8,1.08053,0.8187538,0.884688043514
7600.9206409798935,gap,8,1.0716,0.8184852,0.8770887403200001
7607.998146966565,gap,8,0.9108599,0.7225879,0.6581763423352099
7612.089903966989,gap,8,0.9287199,0.7225879,0.67108176222921
7616.174716968089,gap,8,0.9108599,0.7225879,0.6581763423352099
7620.2914549503475,gap,8,0.8929999,0.7223192,0.64503097336808
7627.651087997947,gap,8,1.08053,0.8182165,0.884107474745
7631.777233968023,gap,8,1.08946,0.8184852,0.8917068859920001
7635.917174979113,gap,8,1.09839,0.8184852,0.899015958828
7643.3322340017185,gap,8,0.9287199,0.7225879,0.67108176222921
7647.428527998272,gap,8,0.9108599,0.7225879,0.6581763423352099
7651.490358985029,gap,8,0.90193,0.7225879,0.6517237046469999
7655.570912989788,gap,8,0.9108599,0.7225879,0.6581763423352099
7659.637299948372,gap,8,0.9287199,0.7225879,0.67108176222921
7663.699982978869,gap,8,0.90193,0.7225879,0.6517237046469999
7667.7699069841765,gap,8,0.9108599,0.7223192,0.65793159428008
7671.859533991665,gap,8,0.9287199,0.7225879,0.67108176222921
7679.219148994889,gap,8,1.08946,0.8182165,0.8914141480900001
7683.357052970678,gap,8,1.08053,0.8184852,0.884397813156
7687.500864965841,gap,8,1.08946,0.8184852,0.8917068859920001
7691.640492004808,gap,8,1.08053,0.8184852,0.884397813156
7698.712090961635,gap,8,0.9287199,0.7228564,0.67133112352236
7702.8017189586535,gap,8,0.91979,0.7225879,0.664629124541
7707.328785967547,gap,8,0.8929999,0.7225879,0.6452709224412099
7714.650604990311,gap,8,1.08946,0.8184852,0.8917068859920001
7720.766119949985,gap,8,0.91979,0.7228564,0.664876088156
7725.290835951455,gap,8,0.9108599,0.7225879,0.6581763423352099
7729.361926962156,gap,8,0.9108599,0.7225879,0.6581763423352099
7733.410054992419,gap,8,0.8929999,0.7223192,0.64503097336808
7737.494996981695,gap,8,0.8929999,0.7223192,0.64503097336808
7741.558846959379,gap,8,0.9287199,0.7225879,0.67108176222921
7748.862868989818,gap,8,1.06267,0.8184852,0.869779667484
7755.94615295995,gap,8,0.91979,0.7225879,0.664629124541
7760.090057970956,gap,8,0.91979,0.7225879,0.664629124541
7764.225202961825,gap,8,0.9108599,0.7228564,0.65842090821836
7768.368126999121,gap,8,0.9287199,0.7225879,0.67108176222921
7775.622297951486,gap,8,1.08946,0.8182165,0.8914141480900001
7779.770925000776,gap,8,1.08053,0.8184852,0.884397813156
7786.85754199978,gap,8,0.90193,0.7225879,0.6517237046469999
7790.914631972555,gap,8,0.9287199,0.7228564,0.67133112352236
7795.005111955106,gap,8,0.9108599,0.7220506,0.65768693731094
7799.089312960859,gap,8,0.9287199,0.7225879,0.67108176222921
7806.427723960951,gap,8,1.0716,0.8187538,0.8773765720800001
7813.499137992039,gap,8,0.9108599,0.7225879,0.6581763423352099
7817.592709965538,gap,8,0.9108599,0.7225879,0.6581763423352099
7821.664355986286,gap,8,0.91979,0.7220506,0.664134921374
7825.7190209697,gap,8,0.9108599,0.7225879,0.6581763423352099
7829.813999996986,gap,8,0.91979,0.7225879,0.664629124541
7833.8637019624,gap,8,1.13411,0.7228564,0.8197986718039999
7837.92906999588,gap,8,0.9108599,0.7223192,0.65793159428008
7841.990104992874,gap,8,0.90193,0.7223192,0.6514813560560001
7846.055899979547,gap,8,0.9108599,0.7225879,0.6581763423352099
7850.143767951522,gap,8,0.91979,0.721782,0.66388786578
7856.371263973415,gap,8,1.08053,0.8187538,0.884688043514
7861.078032990918,gap,8,1.0716,0.8184852,0.8770887403200001
7868.104817986023,gap,8,0.90193,0.723125,0.65220813125
7872.17744498048,gap,8,0.9108599,0.7225879,0.6581763423352099
7876.2667019618675,gap,8,0.8929999,0.7225879,0.6452709224412099
7880.336829985026,gap,8,0.91979,0.7223192,0.664381976968
7884.527141985018,gap,8,0.91979,0.7225879,0.664629124541
7891.7715909774415,gap,8,1.08946,0.8184852,0.8917068859920001
7895.993919984903,gap,8,1.0716,0.8182165,0.8768008014
7903.080777963623,gap,8,0.91979,0.7223192,0.664381976968
7907.17662795214,gap,8,0.9108599,0.7220506,0.65768693731094
7913.473918975797,gap,8,1.08946,0.8182165,0.8914141480900001
7920.629795000423,gap,8,0.90193,0.7223192,0.6514813560560001
7925.115418969654,gap,8,0.9108599,0.7223192,0.65793159428008
7929.213767987676,gap,8,0.9287199,0.7225879,0.67108176222921
7933.303580968641,gap,8,0.90193,0.7228564,0.6519658728519999
7940.663213958032,gap,8,1.0716,0.8184852,0.8770887403200001
7947.7212759666145,gap,8,0.91979,0.7223192,0.664381976968
7951.831087993924,gap,8,0.9108599,0.7225879,0.6581763423352099
7955.893585982267,gap,8,0.9108599,0.7225879,0.6581763423352099
7960.030490998179,gap,8,0.9108599,0.7225879,0.6581763423352099
7967.382383998483,gap,8,1.0716,0.8184852,0.8770887403200001
7971.510880975984,gap,8,1.0716,0.8182165,0.8768008014
7978.593590960372,gap,8,0.9287199,0.7220506,0.67058276102694
7982.655921950936,gap,8,0.8929999,0.7225879,0.6452709224412099
7986.729308962822,gap,8,0.9108599,0.7223192,0.65793159428008
7990.80041795969,gap,8,0.90193,0.7223192,0.6514813560560001
7994.872119976208,gap,8,0.91979,0.7228564,0.664876088156
7998.922654951457,gap,8,0.9108599,0.7223192,0.65793159428008
8002.998337964527,gap,8,0.9108599,0.7223192,0.65793159428008
8007.0730579900555,gap,8,0.9108599,0.7225879,0.6581763423352099
8011.130167986266,gap,8,0.9108599,0.7225879,0.6581763423352099
8015.187072975095,gap,8,0.9108599,0.7225879,0.6581763423352099
8019.240589987021,gap,8,0.8929999,0.7220506,0.64479111359494
8023.318402003497,gap,8,0.9108599,0.7223192,0.65793159428008
8027.391622948926,gap,8,0.8929999,0.7223192,0.64503097336808
8031.446305976715,gap,8,0.9287199,0.7225879,0.67108176222921
8035.515692958143,gap,8,0.91979,0.7225879,0.664629124541
8039.806151995435,bench:d908ade19db0c477,9,0.90193,0.7220506,0.651239097658
8044.348274997901,bench:d908ade19db0c477,9,1.4288,0.7220506,1.0316658972800001
8051.392577996012,bench:d908ade19db0c477,9,2.40217,0.8888636,2.135201474012
8055.780997965485,bench:d908ade19db0c477,9,2.38431,0.8888636,2.119326370116
8062.378082948271,bench:d908ade19db0c477,9,2.63435,0.918949,2.42083329815
8068.127416947391,bench:d908ade19db0c477,9,2.25036,0.8738209,1.9664116005240002
8072.598967002705,bench:d908ade19db0c477,9,2.26822,0.8732836,1.9807993271920001
8078.486113983672,bench:d908ade19db0c477,9,2.74151,0.928888,2.54655574088
8085.932449961547,bench:d908ade19db0c477,9,2.7683,0.9291566,2.57218421578
8090.125243004877,bench:d908ade19db0c477,9,2.66114,0.928888,2.47190101232
8094.367960991804,bench:d908ade19db0c477,9,2.72365,0.9286194,2.52923422881
8098.476903978735,bench:d908ade19db0c477,9,2.70579,0.928888,2.51337586152
8102.678066992667,bench:d908ade19db0c477,9,2.679,0.9291566,2.4892105314
8106.85223096516,bench:d908ade19db0c477,9,2.65221,0.928888,2.4636060424800004
8111.016727983952,bench:d908ade19db0c477,9,2.72365,0.928888,2.5299658012000004
8115.192001976538,bench:d908ade19db0c477,9,2.68793,0.928888,2.4967859218400004
8119.326202955563,bench:d908ade19db0c477,9,2.69686,0.9291566,2.505805268276
8123.507682001218,bench:d908ade19db0c477,9,2.71472,0.9286194,2.5209416575679997
8127.661585982423,bench:d908ade19db0c477,9,2.70579,0.928888,2.51337586152
8131.841286958661,bench:d908ade19db0c477,9,2.71472,0.9286194,2.5209416575679997
8136.064875987358,bench:d908ade19db0c477,9,2.70579,0.928888,2.51337586152
8140.230817953125,bench:d908ade19db0c477,9,2.68793,0.9286194,2.496063943842
8144.415091956034,bench:d908ade19db0c477,9,2.74151,0.9283507,2.545082727557
8151.154267950915,bench:d908ade19db0c477,9,2.82188,0.9294252,2.622726383376
8157.567650952842,bench:d908ade19db0c477,9,2.63435,0.9186804,2.42012571174
8163.113653950859,bench:d908ade19db0c477,9,2.81295,0.9286194,2.61215994123
8167.379464954138,bench:d908ade19db0c477,9,2.80402,0.928888,2.60462052976
8171.529072977137,bench:d908ade19db0c477,9,2.82188,0.9294252,2.622726383376
8175.646162999328,bench:d908ade19db0c477,9,2.78616,0.9280821,2.5857852237360004
8179.790937982034,bench:d908ade19db0c477,9,2.7683,0.9294252,2.5729277811599998
8184.033545956481,bench:d908ade19db0c477,9,2.81295,0.928888,2.6129154996
8188.22565296432,bench:d908ade19db0c477,9,2.80402,0.9294252,2.6061268493039997
8192.355668987148,bench:d908ade19db0c477,9,2.80402,0.928888,2.60462052976
8196.4914999553,bench:d908ade19db0c477,9,2.79509,0.928888,2.5963255599200004
8200.611774984282,bench:d908ade19db0c477,9,2.83081,0.9283507,2.627984445067
8204.750125005376,bench:d908ade19db0c477,9,2.84867,0.9283507,2.644564788569
8208.844067004975,bench:d908ade19db0c477,9,2.86653,0.9286194,2.661915368682
8213.011322950479,bench:d908ade19db0c477,9,2.83081,0.928888,2.6295054392800004
8217.118727974594,bench:d908ade19db0c477,9,2.83974,0.928888,2.63780040912
8221.264744002838,bench:d908ade19db0c477,9,2.77723,0.928888,2.57973562024
8225.432203966193,bench:d908ade19db0c477,9,2.83081,0.928888,2.6295054392800004
8229.605330969207,bench:d908ade19db0c477,9,2.81295,0.9294252,2.61442661634
8233.73704997357,bench:d908ade19db0c477,9,2.84867,0.928888,2.64609537896
8237.821084971074,bench:d908ade19db0c477,9,2.84867,0.928888,2.64609537896
8241.964841959998,bench:d908ade19db0c477,9,2.81295,0.928888,2.6129154996
8246.150041988585,bench:d908ade19db0c477,9,2.84867,0.9283507,2.644564788569
8250.33655797597,bench:d908ade19db0c477,9,2.83081,0.9291566,2.630265794846
8254.477220994886,bench:d908ade19db0c477,9,2.81295,0.9283507,2.611404101565
8258.580719004385,bench:d908ade19db0c477,9,2.82188,0.9286194,2.620452512472
8262.739938974846,bench:d908ade19db0c477,9,2.84867,0.9286194,2.645330226198
8266.850583953783,bench:d908ade19db0c477,9,2.89332,0.9286194,2.686793082408
8271.004654990975,bench:d908ade19db0c477,9,2.84867,0.9283507,2.644564788569
8275.187744991854,bench:d908ade19db0c477,9,2.81295,0.928888,2.6129154996
8279.316612984985,bench:d908ade19db0c477,9,2.8576,0.9302311,2.65822839136
8283.469776972197,bench:d908ade19db0c477,9,2.86653,0.9283507,2.661145132071
8287.66629198799,bench:d908ade19db0c477,9,2.83974,0.9294252,2.6393259174479997
8291.839047975373,bench:d908ade19db0c477,9,2.8576,0.928888,2.6543903488000002
8296.074266952928,bench:d908ade19db0c477,9,2.75044,0.9294252,2.556328247088
8300.33811496105,bench:d908ade19db0c477,9,2.83974,0.9283507,2.636274616818
8304.509055975359,bench:d908ade19db0c477,9,2.86653,0.9280821,2.660375182113
8308.651812956668,bench:d908ade19db0c477,9,2.8576,0.9283507,2.65285496032
8312.850290967617,bench:d908ade19db0c477,9,2.78616,0.9294252,2.589527315232
8317.004991986323,bench:d908ade19db0c477,9,2.7683,0.928888,2.5714406504
8321.137266990263,bench:d908ade19db0c477,9,2.81295,0.9283507,2.611404101565
8325.30065299943,bench:d908ade19db0c477,9,2.82188,0.9286194,2.620452512472
8329.413650964852,bench:d908ade19db0c477,9,2.8576,0.9286194,2.65362279744
8333.642572979443,bench:d908ade19db0c477,9,2.83081,0.9286194,2.628745083714
8337.823976995423,bench:d908ade19db0c477,9,2.8576,0.9291566,2.6551579001600003
8341.993696987629,bench:d908ade19db0c477,9,3.92027,0.928888,3.64149175976
8346.154675004072,bench:d908ade19db0c477,9,2.88439,0.9291566,2.680050005474
8350.272524985485,bench:d908ade19db0c477,9,2.87546,0.9283507,2.669435303822
8354.420947958715,bench:d908ade19db0c477,9,2.8576,0.9286194,2.65362279744
8358.560074993875,bench:d908ade19db0c477,9,2.84867,0.9283507,2.644564788569
8362.686108972412,bench:d908ade19db0c477,9,2.83081,0.9283507,2.627984445067
8366.866512980778,bench:d908ade19db0c477,9,2.83974,0.9294252,2.6393259174479997
8371.012899966445,bench:d908ade19db0c477,9,2.83974,0.9294252,2.6393259174479997
8379.206376965158,bench:d908ade19db0c477,9,2.83081,0.9286194,2.628745083714
8383.413114002906,bench:d908ade19db0c477,9,2.83081,0.9286194,2.628745083714
8387.473833980039,bench:d908ade19db0c477,9,2.82188,0.928888,2.6212104694400002
8393.089705961756,bench:d908ade19db0c477,9,2.71472,0.9192177,2.4954186745439997
8397.47945999261,bench:d908ade19db0c477,9,2.71472,0.9192177,2.4954186745439997
8403.340570977889,bench:d908ade19db0c477,9,2.8576,0.9280821,2.6520874089600004
8407.56182698533,bench:d908ade19db0c477,9,2.83974,0.9291566,2.638563163284
8411.743934964761,bench:d908ade19db0c477,9,2.83081,0.928888,2.6295054392800004
8415.941764949821,bench:d908ade19db0c477,9,2.83081,0.9286194,2.628745083714
8420.078557974193,bench:d908ade19db0c477,9,2.83974,0.928888,2.63780040912
8424.25609199563,bench:d908ade19db0c477,9,2.83974,0.9286194,2.637037654956
8428.471181949135,bench:d908ade19db0c477,9,2.83081,0.9286194,2.628745083714
8432.654252974316,bench:d908ade19db0c477,9,2.83081,0.9286194,2.628745083714
8436.838674999308,bench:d908ade19db0c477,9,2.83081,0.9286194,2.628745083714
8441.0020429641,bench:d908ade19db0c477,9,2.81295,0.928888,2.6129154996
8445.172428968363,bench:d908ade19db0c477,9,2.83974,0.9280821,2.635511862654
8449.277833977249,bench:d908ade19db0c477,9,2.81295,0.9291566,2.61367105797
8453.416386968456,bench:d908ade19db0c477,9,2.83081,0.9286194,2.628745083714
8457.506828999612,bench:d908ade19db0c477,9,2.84867,0.928888,2.64609537896
8461.68210398173,bench:d908ade19db0c477,9,2.82188,0.9286194,2.620452512472
8465.81426798366,bench:d908ade19db0c477,9,2.82188,0.928888,2.6212104694400002
8470.002115995158,bench:d908ade19db0c477,9,2.7683,0.9286194,2.57069708502
8474.2063540034,bench:d908ade19db0c477,9,2.84867,0.9291566,2.646860531722
8478.364294976927,bench:d908ade19db0c477,9,2.84867,0.9286194,2.645330226198
8482.556291972287,bench:d908ade19db0c477,9,2.8576,0.9291566,2.6551579001600003
8486.697066982742,bench:d908ade19db0c477,9,2.84867,0.928888,2.64609537896
8490.855009004008,bench:d908ade19db0c477,9,2.86653,0.928888,2.6626853186400004
8495.041357993614,bench:d908ade19db0c477,9,2.79509,0.9283507,2.594823758063
8499.20281796949,bench:d908ade19db0c477,9,2.84867,0.9296938,2.6483908372459997
8503.484850982204,bench:d908ade19db0c477,9,2.79509,0.9283507,2.594823758063
8507.698235975113,bench:d908ade19db0c477,9,2.83081,0.9286194,2.628745083714
8511.898250959348,bench:d908ade19db0c477,9,2.83081,0.928888,2.6295054392800004
8516.077821957879,bench:d908ade19db0c477,9,2.83081,0.9291566,2.630265794846
8520.293800975196,bench:d908ade19db0c477,9,2.79509,0.928888,2.5963255599200004
8524.445075949188,bench:d908ade19db0c477,9,2.83974,0.9291566,2.638563163284
8528.552424977534,bench:d908ade19db0c477,9,2.86653,0.928888,2.6626853186400004
8532.706292986404,bench:d908ade19db0c477,9,2.84867,0.9286194,2.645330226198
8536.81321599288,bench:d908ade19db0c477,9,2.86653,0.9283507,2.661145132071
8540.955824952107,bench:d908ade19db0c477,9,2.83081,0.928888,2.6295054392800004
8545.120821974706,bench:d908ade19db0c477,9,2.83974,0.9291566,2.638563163284
8549.310836999211,bench:d908ade19db0c477,9,2.79509,0.928888,2.5963255599200004
8553.448389982805,bench:d908ade19db0c477,9,2.83081,0.9286194,2.628745083714
8557.57236899808,bench:d908ade19db0c477,9,2.87546,0.928888,2.67098028848
8561.71275494853,bench:d908ade19db0c477,9,2.88439,0.928888,2.67927525832
8565.862344985362,bench:d908ade19db0c477,9,2.80402,0.9283507,2.603113929814
8570.004619949032,bench:d908ade19db0c477,9,3.77739,0.9286194,3.507757635366
8574.1642100038,bench:d908ade19db0c477,9,2.84867,0.928888,2.64609537896
8578.30815098714,bench:d908ade19db0c477,9,2.80402,0.9291566,2.605373689532
8582.463777973317,bench:d908ade19db0c477,9,2.8576,0.9286194,2.65362279744
8586.587350000627,bench:d908ade19db0c477,9,2.84867,0.9283507,2.644564788569
8590.774975949898,bench:d908ade19db0c477,9,2.84867,0.9286194,2.645330226198
8594.930120976642,bench:d908ade19db0c477,9,2.86653,0.9286194,2.661915368682
8599.116358964238,bench:d908ade19db0c477,9,2.81295,0.928888,2.6129154996
8603.323096001986,bench:d908ade19db0c477,9,2.81295,0.928888,2.6129154996
8607.515037991107,bench:d908ade19db0c477,9,2.83974,0.9286194,2.637037654956
8611.651534971315,bench:d908ade19db0c477,9,2.83974,0.9283507,2.636274616818
8615.844938962255,bench:d908ade19db0c477,9,2.83974,0.928888,2.63780040912
8620.0587140047,bench:d908ade19db0c477,9,2.8576,0.9291566,2.6551579001600003
8624.271950975526,bench:d908ade19db0c477,9,2.77723,0.928888,2.57973562024
8628.461243992206,bench:d908ade19db0c477,9,2.83081,0.928888,2.6295054392800004
8632.63566698879,bench:d908ade19db0c477,9,2.83081,0.9286194,2.628745083714
8636.817959952168,bench:d908ade19db0c477,9,2.78616,0.9283507,2.586533586312
8640.94401296461,bench:d908ade19db0c477,9,2.83974,0.9286194,2.637037654956
8645.114251004998,bench:d908ade19db0c477,9,2.86653,0.9286194,2.661915368682
8649.3047849508,bench:d908ade19db0c477,9,2.78616,0.9286194,2.587282227504
8653.49444799358,bench:d908ade19db0c477,9,2.82188,0.9294252,2.622726383376
8657.6710009831,bench:d908ade19db0c477,9,2.84867,0.9283507,2.644564788569
8661.878108978271,bench:d908ade19db0c477,9,2.80402,0.9283507,2.603113929814
8666.039957955945,bench:d908ade19db0c477,9,2.99155,0.9294252,2.78042195706
8670.183509995695,bench:d908ade19db0c477,9,2.8576,0.9283507,2.65285496032
8674.339933961164,bench:d908ade19db0c477,9,2.90225,0.9283507,2.6943058190749998
8678.499744972214,bench:d908ade19db0c477,9,2.90225,0.928888,2.6958651980000004
8682.65996495029,bench:d908ade19db0c477,9,2.80402,0.9286194,2.603867369988
8686.832053994294,bench:d908ade19db0c477,9,2.80402,0.9291566,2.605373689532
8690.966625988949,bench:d908ade19db0c477,9,2.88439,0.9286194,2.678500511166
8695.153288950678,bench:d908ade19db0c477,9,2.78616,0.9286194,2.587282227504
8699.280767992605,bench:d908ade19db0c477,9,2.80402,0.9291566,2.605373689532
8703.499264956918,bench:d908ade19db0c477,9,2.79509,0.9286194,2.595574798746
8707.66505796928,bench:d908ade19db0c477,9,2.78616,0.9286194,2.587282227504
8711.824665952008,bench:d908ade19db0c477,9,2.8576,0.928888,2.6543903488000002
8715.997607971076,bench:d908ade19db0c477,9,2.81295,0.9283507,2.611404101565
8720.175993978046,bench:d908ade19db0c477,9,2.80402,0.928888,2.60462052976
8724.351749988273,bench:d908ade19db0c477,9,2.8576,0.9286194,2.65362279744
8728.518190968316,bench:d908ade19db0c477,9,2.83974,0.9286194,2.637037654956
8732.673725986388,bench:d908ade19db0c477,9,2.84867,0.9291566,2.646860531722
8736.7878529476,bench:d908ade19db0c477,9,2.77723,0.9286194,2.578989656262
8740.936219983269,bench:d908ade19db0c477,9,2.8576,0.9294252,2.65592545152
8745.103550958447,bench:d908ade19db0c477,9,2.83974,0.9291566,2.638563163284
8749.273417983204,bench:d908ade19db0c477,9,2.84867,0.9280821,2.643799635807
8753.414229955524,bench:d908ade19db0c477,9,2.86653,0.928888,2.6626853186400004
8757.549912959803,bench:d908ade19db0c477,9,2.84867,0.9291566,2.646860531722
8761.636021954473,bench:d908ade19db0c477,9,2.81295,0.9286194,2.61215994123
8765.808314958122,bench:d908ade19db0c477,9,2.81295,0.928888,2.6129154996
8769.970904977527,bench:d908ade19db0c477,9,2.84867,0.9291566,2.646860531722
8774.148697964847,bench:d908ade19db0c477,9,2.87546,0.9286194,2.670207939924
8778.332064975984,bench:d908ade19db0c477,9,2.86653,0.928888,2.6626853186400004
8782.513580983505,bench:d908ade19db0c477,9,2.8576,0.928888,2.6543903488000002
8786.704428959638,bench:d908ade19db0c477,9,2.88439,0.928888,2.67927525832
8790.821019967552,bench:d908ade19db0c477,9,2.79509,0.9286194,2.595574798746
8794.972016999964,bench:d908ade19db0c477,9,2.83974,0.928888,2.63780040912
8799.134624947328,bench:d908ade19db0c477,9,2.86653,0.9286194,2.661915368682
8803.309306968004,bench:d908ade19db0c477,9,2.83081,0.9283507,2.627984445067
8807.499766990077,bench:d908ade19db0c477,9,2.84867,0.9291566,2.646860531722
8811.662393971346,bench:d908ade19db0c477,9,2.82188,0.928888,2.6212104694400002
8815.81759499386,bench:d908ade19db0c477,9,2.83974,0.9286194,2.637037654956
8820.020127983298,bench:d908ade19db0c477,9,2.79509,0.9286194,2.595574798746
8824.17145895306,bench:d908ade19db0c477,9,2.87546,0.9286194,2.670207939924
8828.367048001382,bench:d908ade19db0c477,9,2.87546,0.9283507,2.669435303822
8832.542452961206,bench:d908ade19db0c477,9,2.86653,0.9294252,2.664225218556
8836.639764951542,bench:d908ade19db0c477,9,2.84867,0.9304997,2.650686580399
8840.78089200193,bench:d908ade19db0c477,9,2.8576,0.9286194,2.65362279744
8844.95107398834,bench:d908ade19db0c477,9,2.83081,0.9286194,2.628745083714
8849.134644959122,bench:d908ade19db0c477,9,2.8576,0.9286194,2.65362279744
8853.38334494736,bench:d908ade19db0c477,9,2.84867,0.928888,2.64609537896
8857.568787003402,bench:d908ade19db0c477,9,2.84867,0.928888,2.64609537896
8861.70852498617,bench:d908ade19db0c477,9,2.86653,0.9286194,2.661915368682
8865.902280958835,bench:d908ade19db0c477,9,2.86653,0.9286194,2.661915368682
8870.100350992288,bench:d908ade19db0c477,9,2.87546,0.928888,2.67098028848
8874.288181948941,bench:d908ade19db0c477,9,2.88439,0.9286194,2.678500511166
8878.444419999141,bench:d908ade19db0c477,9,2.90225,0.9283507,2.6943058190749998
8882.647693972103,bench:d908ade19db0c477,9,2.77723,0.9283507,2.578243414561
8886.787135968916,bench:d908ade19db0c477,9,2.84867,0.9291566,2.646860531722
8890.874151955359,bench:d908ade19db0c477,9,2.78616,0.9294252,2.589527315232
8895.055648987181,bench:d908ade19db0c477,9,2.8576,0.9286194,2.65362279744
8899.178849998862,bench:d908ade19db0c477,9,3.47377,0.9286194,3.2258102131379998
8903.36432895856,bench:d908ade19db0c477,9,2.78616,0.928888,2.5880305900800002
8907.555769954342,bench:d908ade19db0c477,9,2.83081,0.928888,2.6295054392800004
8911.750451952685,bench:d908ade19db0c477,9,2.84867,0.9286194,2.645330226198
8915.976763004437,bench:d908ade19db0c477,9,2.81295,0.928888,2.6129154996
8920.17544497503,bench:d908ade19db0c477,9,2.78616,0.9283507,2.586533586312
8924.360182951204,bench:d908ade19db0c477,9,2.81295,0.928888,2.6129154996
8928.54247597279,bench:d908ade19db0c477,9,2.83974,0.9286194,2.637037654956
8932.674509997014,bench:d908ade19db0c477,9,2.83974,0.9286194,2.637037654956
8936.855748004746,bench:d908ade19db0c477,9,2.84867,0.928888,2.64609537896
8941.007300978526,bench:d908ade19db0c477,9,2.83081,0.9280821,2.627224089501
8945.23113098694,bench:d908ade19db0c477,9,2.82188,0.9280821,2.6189363163480004
8949.358460959047,bench:d908ade19db0c477,9,2.83974,0.9294252,2.6393259174479997
8953.507161990274,bench:d908ade19db0c477,9,2.8576,0.928888,2.6543903488000002
8957.647086004727,bench:d908ade19db0c477,9,2.87546,0.9286194,2.670207939924
8961.787637963425,bench:d908ade19db0c477,9,2.83974,0.9294252,2.6393259174479997
8965.940598980524,bench:d908ade19db0c477,9,2.79509,0.9291566,2.597076321094
8970.130705973133,bench:d908ade19db0c477,9,2.81295,0.9283507,2.611404101565
8974.282758950721,bench:d908ade19db0c477,9,2.84867,0.9291566,2.646860531722
8978.487625950947,bench:d908ade19db0c477,9,2.83974,0.9291566,2.638563163284
8982.649085985031,bench:d908ade19db0c477,9,2.88439,0.9283507,2.677725475573
8986.830527952407,bench:d908ade19db0c477,9,2.84867,0.9283507,2.644564788569
8990.984876989387,bench:d908ade19db0c477,9,2.8576,0.9286194,2.65362279744
8995.16578100156,bench:d908ade19db0c477,9,2.8576,0.9294252,2.65592545152
8999.319648952223,bench:d908ade19db0c477,9,2.90225,0.928888,2.6958651980000004
9003.543681988958,bench:d908ade19db0c477,9,2.84867,0.9283507,2.644564788569
9007.697938999627,bench:d908ade19db0c477,9,2.83974,0.9283507,2.636274616818
9011.876453994773,bench:d908ade19db0c477,9,2.83974,0.9286194,2.637037654956
9016.175856988411,bench:d908ade19db0c477,9,2.8576,0.9291566,2.6551579001600003
9020.454167970456,bench:d908ade19db0c477,9,2.80402,0.9286194,2.603867369988
9024.625591002405,bench:d908ade19db0c477,9,2.8576,0.9286194,2.65362279744
9028.756421990693,bench:d908ade19db0c477,9,2.84867,0.9286194,2.645330226198
9032.954622001853,bench:d908ade19db0c477,9,2.83974,0.928888,2.63780040912
9037.090711994097,bench:d908ade19db0c477,9,2.83081,0.928888,2.6295054392800004
9041.094969958067,gap,10,1.62526,0.9283507,1.508811258682
9044.95104396483,gap,10,1.61633,0.928888,1.5013895410400002
9051.841514999978,gap,10,1.24127,0.8488392,1.053638633784
9055.954178969841,gap,10,1.22341,0.8483019,1.037821027479
9062.122545961756,gap,10,1.10732,0.8184852,0.9063250316640001
9066.824630950578,gap,10,1.12518,0.8184852,0.9209431773360001
9073.877858987544,gap,10,0.9822999,0.7225879,0.70979802191121
9078.065577952657,gap,10,0.93765,0.7223192,0.67728259788
9086.196018964984,gap,10,1.41094,0.9283507,1.309847136658
9093.109712004662,gap,10,1.33057,0.928888,1.23595050616
9099.901034962386,gap,10,1.29485,0.9283507,1.202074903895
9107.280352967791,gap,10,1.33057,0.928888,1.23595050616
9111.461109947413,gap,10,1.33057,0.9286194,1.235593115058
9118.214322952554,gap,10,1.29485,0.9286194,1.20242283009
9122.34174599871,gap,10,1.29485,0.928888,1.2027706268
9126.455354969949,gap,10,1.29485,0.928888,1.2027706268
9133.472360961605,gap,10,1.31271,0.9286194,1.219007972574
9137.614765961189,gap,10,1.36629,0.9291566,1.269497371014
9144.35603498714,gap,10,1.30378,0.9283507,1.2103650756459998
9152.225606958382,gap,10,0.9287199,0.7223192,0.67083221519208
9159.601074003149,gap,10,1.09839,0.8184852,0.899015958828
9163.735570968129,gap,10,1.08946,0.8179479,0.8911215191340001
9169.86604896374,gap,10,1.15197,0.7228564,0.832708887108
9174.390671949368,gap,10,0.9287199,0.7220506,0.67058276102694
9178.458429989405,gap,10,0.93765,0.7225879,0.6775345444349999
9182.532075967174,gap,10,0.93765,0.7223192,0.67728259788
9186.62516598124,gap,10,0.93765,0.7223192,0.67728259788
9190.686200978234,gap,10,0.93765,0.7223192,0.67728259788
9194.75792098092,gap,10,0.93765,0.7223192,0.67728259788
9198.822770966217,gap,10,0.93765,0.7223192,0.67728259788
9202.88882497698,gap,10,0.91979,0.7225879,0.664629124541
9206.977100984659,gap,10,0.93765,0.7225879,0.6775345444349999
9213.286891987082,gap,10,1.10732,0.8182165,0.9060274947800001
9218.009957985487,gap,10,1.08053,0.8182165,0.884107474745
9222.173083981033,gap,10,1.08946,0.8184852,0.8917068859920001
9226.328155957162,gap,10,1.08946,0.8184852,0.8917068859920001
9233.336365956347,gap,10,0.9287199,0.7228564,0.67133112352236
9237.438289972488,gap,10,0.93765,0.7228564,0.6777863034599999
9241.550434962846,gap,10,0.91979,0.7225879,0.664629124541
9245.617877983022,gap,10,0.9465799,0.7223192,0.6837328361040801
9249.687245988753,gap,10,0.91979,0.7225879,0.664629124541
9255.992427002639,gap,10,1.08946,0.8184852,0.8917068859920001
9260.702528990805,gap,10,1.09839,0.8182165,0.898720821435
9267.715591995511,gap,10,0.93765,0.7220506,0.6770307450899999
9271.795089996886,gap,10,0.93765,0.7225879,0.6775345444349999
9275.900660955813,gap,10,0.9108599,0.7225879,0.6581763423352099
9279.984158987645,gap,10,0.9287199,0.7220506,0.67058276102694
9284.035916964058,gap,10,0.9108599,0.7225879,0.6581763423352099
9288.094506948255,gap,10,0.9108599,0.7225879,0.6581763423352099
9292.155282979365,gap,10,0.91979,0.7225879,0.664629124541
9299.632729962468,gap,10,1.08946,0.8184852,0.8917068859920001
9303.774856962264,gap,10,1.08946,0.8182165,0.8914141480900001
9309.893297962844,gap,10,0.96444,0.7223192,0.696633529248
9314.424439973664,gap,10,0.9108599,0.7223192,0.65793159428008
9318.565252004191,gap,10,0.9108599,0.7220506,0.65768693731094
9322.6967859664,gap,10,0.9108599,0.7225879,0.6581763423352099
9330.073327000719,gap,10,1.08946,0.8179479,0.8911215191340001
9336.199063982349,gap,10,0.9108599,0.7223192,0.65793159428008
9340.72090999689,gap,10,0.9287199,0.7223192,0.67083221519208
9344.808999972884,gap,10,0.91979,0.7223192,0.664381976968
9348.924349993467,gap,10,0.9287199,0.7223192,0.67083221519208
9356.218130968045,gap,10,1.08946,0.8187538,0.891999514948
9360.367294983007,gap,10,1.08946,0.8182165,0.8914141480900001
9364.498403971083,gap,10,1.0716,0.8187538,0.8773765720800001
9371.529965952504,gap,10,0.9287199,0.7223192,0.67083221519208
9379.632128984667,gap,10,0.91979,0.7223192,0.664381976968
9386.914040951524,gap,10,1.10732,0.8184852,0.9063250316640001
9393.932750972454,gap,10,0.93765,0.7223192,0.67728259788
9397.999637993053,gap,10,0.91979,0.7223192,0.664381976968
9402.078079991043,gap,10,0.9108599,0.7223192,0.65793159428008
9409.448823949788,gap,10,1.08053,0.8184852,0.884397813156
9416.526941990014,gap,10,0.9108599,0.7225879,0.6581763423352099
9420.597124961205,gap,10,0.91979,0.7225879,0.664629124541
9424.684992991388,gap,10,0.9108599,0.7225879,0.6581763423352099
9428.790249978192,gap,10,0.9108599,0.7223192,0.65793159428008
9432.876840000972,gap,10,0.91979,0.7223192,0.664381976968
9436.949726950843,gap,10,0.9287199,0.7223192,0.67083221519208
9444.255897949915,gap,10,1.08946,0.8179479,0.8911215191340001
9451.349495968316,gap,10,0.9108599,0.7220506,0.65768693731094
9455.431123962626,gap,10,0.91979,0.7223192,0.664381976968
9459.511250955984,gap,10,0.93765,0.7225879,0.6775345444349999
9463.593619992025,gap,10,0.93765,0.7223192,0.67728259788
9469.827337947208,gap,10,1.11625,0.8182165,0.913334168125
9474.534847948235,gap,10,1.08053,0.8182165,0.884107474745
9481.56513198046,gap,10,0.9108599,0.7225879,0.6581763423352099
9485.643185966183,gap,10,0.91979,0.7223192,0.664381976968
9489.709831948858,gap,10,0.9108599,0.7223192,0.65793159428008
9493.760551966261,gap,10,0.90193,0.7225879,0.6517237046469999
9497.841660981067,gap,10,1.12518,0.7228564,0.813343564152
9501.896307978313,gap,10,0.9287199,0.7225879,0.67108176222921
9505.984897958115,gap,10,0.93765,0.7223192,0.67728259788
9510.049358999822,gap,10,0.91979,0.7223192,0.664381976968
9514.111504948232,gap,10,0.9822999,0.7225879,0.70979802191121
9518.17602198571,gap,10,0.9108599,0.7225879,0.6581763423352099
9522.258093988057,gap,10,0.91979,0.7223192,0.664381976968
9526.329961954616,gap,10,0.9108599,0.7228564,0.65842090821836
9530.39747895673,gap,10,0.9108599,0.7220506,0.65768693731094
9534.442976990249,gap,10,0.91979,0.7223192,0.664381976968
9538.502270996105,gap,10,0.9108599,0.7225879,0.6581763423352099
9542.575990955811,gap,10,0.93765,0.7225879,0.6775345444349999
9547.178170003463,gap,10,0.91979,0.7223192,0.664381976968
9564.43179998314,gap,10,1.08053,0.8184852,0.884397813156
9573.696637002286,gap,10,1.10732,0.8184852,0.9063250316640001
9588.433402997907,gap,10,1.0716,0.8179479,0.87651296964
9596.550380985718,gap,10,0.9287199,0.7223192,0.67083221519208
9600.693414977286,gap,10,0.93765,0.7228564,0.6777863034599999
9604.836226964835,gap,10,0.91979,0.7223192,0.664381976968
9612.101990962401,gap,10,1.08946,0.8182165,0.8914141480900001
9616.290061967447,gap,10,1.0716,0.8182165,0.8768008014
9623.373937967699,gap,10,0.91979,0.7223192,0.664381976968
9627.437750983518,gap,10,0.91979,0.7225879,0.664629124541
9634.739589004312,gap,10,1.08946,0.8187538,0.891999514948
9641.75865094876,gap,10,0.93765,0.7225879,0.6775345444349999
9645.819408004172,gap,10,0.9108599,0.7220506,0.65768693731094
9649.906609964091,gap,10,1.13411,0.7223192,0.819189427912
9657.230262004305,gap,10,1.08946,0.8182165,0.8914141480900001
9664.251193986274,gap,10,0.8929999,0.7223192,0.64503097336808
9668.350487947464,gap,10,0.90193,0.7225879,0.6517237046469999
9672.429078957066,gap,10,0.9108599,0.7225879,0.6581763423352099
9676.53168796096,gap,10,0.9108599,0.7220506,0.65768693731094
9680.604333989322,gap,10,0.9108599,0.7225879,0.6581763423352099
9684.665423992556,gap,10,0.91979,0.7223192,0.664381976968
9688.735940959305,gap,10,0.9108599,0.7225879,0.6581763423352099
9692.806364968419,gap,10,0.9287199,0.7225879,0.67108176222921
9696.862788987346,gap,10,0.9108599,0.7223192,0.65793159428008
9700.92565700179,gap,10,0.91979,0.7228564,0.664876088156
9704.995321983006,gap,10,0.91979,0.7228564,0.664876088156
9709.078560990747,gap,10,0.9108599,0.7223192,0.65793159428008
9713.131798955146,gap,10,0.9108599,0.723125,0.6586655651875
9717.195131001063,gap,10,0.90193,0.7225879,0.6517237046469999
9721.727234951686,gap,10,0.90193,0.7225879,0.6517237046469999
9728.032526967581,gap,10,1.08946,0.8187538,0.891999514948
9732.75038896827,gap,10,1.06267,0.8182165,0.869494128055
9739.82546897605,gap,10,0.9108599,0.7223192,0.65793159428008
9747.595894965343,gap,10,1.08053,0.8187538,0.884688043514
9751.752391981427,gap,10,1.08053,0.8182165,0.884107474745
9757.794351957273,gap,10,0.9108599,0.7220506,0.65768693731094
9762.31528999051,gap,10,0.91979,0.7225879,0.664629124541
9766.385287977755,gap,10,0.91979,0.7225879,0.664629124541
9770.46295296168,gap,10,0.91979,0.7225879,0.664629124541
9777.751012996305,gap,10,1.12518,0.8182165,0.92064084147
9784.770241996739,gap,10,0.9108599,0.7220506,0.65768693731094
9788.83081395179,gap,10,0.90193,0.7223192,0.6514813560560001
9792.922718974296,gap,10,0.90193,0.7223192,0.6514813560560001
9796.998364967294,gap,10,0.9287199,0.7223192,0.67083221519208
9801.061992999166,gap,10,0.8929999,0.7223192,0.64503097336808
9808.398773951922,gap,10,1.0716,0.8184852,0.8770887403200001
9812.541326973587,gap,10,1.0716,0.8182165,0.8768008014
9819.554649002384,gap,10,0.91979,0.7223192,0.664381976968
9823.605090961792,gap,10,0.91979,0.7223192,0.664381976968
9827.681996976025,gap,10,0.90193,0.7225879,0.6517237046469999
9831.737549975514,gap,10,0.9108599,0.7225879,0.6581763423352099
9835.806769959163,gap,10,0.91979,0.7223192,0.664381976968
9843.618435959797,gap,10,1.08053,0.8182165,0.884107474745
9847.749766951893,gap,10,1.0716,0.8184852,0.8770887403200001
9854.826735972892,gap,10,0.9108599,0.7225879,0.6581763423352099
9858.917085977737,gap,10,0.91979,0.7225879,0.664629124541
9863.019194977824,gap,10,0.9108599,0.7223192,0.65793159428008
9867.144191986881,gap,10,0.9108599,0.7223192,0.65793159428008
9871.241041983012,gap,10,0.9108599,0.7225879,0.6581763423352099
9878.600933996495,gap,10,1.08053,0.8184852,0.884397813156
9882.725338975433,gap,10,1.0716,0.8184852,0.8770887403200001
9888.846112997271,gap,10,0.91979,0.7228564,0.664876088156
9893.380106950644,gap,10,0.90193,0.7225879,0.6517237046469999
9897.43404998444,gap,10,0.8929999,0.7225879,0.6452709224412099
9901.491676981095,gap,10,0.91979,0.7225879,0.664629124541
9905.558082973585,gap,10,0.9287199,0.7225879,0.67108176222921
9909.668524982408,gap,10,0.93765,0.7220506,0.6770307450899999
9913.767670979723,gap,10,0.90193,0.7225879,0.6517237046469999
9917.879130982328,gap,10,1.12518,0.7228564,0.813343564152
9924.080737982877,gap,10,1.0716,0.8182165,0.8768008014
9928.786137956195,gap,10,1.08053,0.8184852,0.884397813156
9935.823532985523,gap,10,0.9108599,0.7220506,0.65768693731094
9943.619883968495,gap,10,1.09839,0.8179479,0.898425793881
9947.786695964169,gap,10,1.0716,0.8179479,0.87651296964
9954.879479948431,gap,10,0.9108599,0.7225879,0.6581763423352099
9958.968199964147,gap,10,0.90193,0.7225879,0.6517237046469999
9963.051326980349,gap,10,0.8929999,0.7223192,0.64503097336808
9967.111473961268,gap,10,0.90193,0.7225879,0.6517237046469999
9971.179026993923,gap,10,0.9108599,0.7225879,0.6581763423352099
9975.273913994897,gap,10,0.9287199,0.7225879,0.67108176222921
9979.362725978717,gap,10,0.91979,0.7225879,0.664629124541
9986.73445195891,gap,10,1.08053,0.8182165,0.884107474745
9990.863337996416,gap,10,1.08053,0.8187538,0.884688043514
9997.92954797158,gap,10,1.15197,0.7225879,0.8323995831629999
10002.026952977758,gap,10,0.9108599,0.7228564,0.65842090821836
10006.13270996837,gap,10,0.8929999,0.7220506,0.64479111359494
10013.414991961326,gap,10,1.08053,0.8184852,0.884397813156
10020.434609963559,gap,10,0.9108599,0.7223192,0.65793159428008
10024.526366963983,gap,10,0.9108599,0.7223192,0.65793159428008
10028.610476001631,gap,10,0.9287199,0.7220506,0.67058276102694
10035.907257988583,gap,10,1.0716,0.8184852,0.8770887403200001
10040.077328972984,gap,10,1.08946,0.8182165,0.8914141480900001
10044.26988097839,gap,10,1.08946,0.8184852,0.8917068859920001
10051.343275990803,gap,10,0.9108599,0.7225879,0.6581763423352099
10055.44360697968,gap,10,0.90193,0.7225879,0.6517237046469999
10062.740018998738,gap,10,1.06267,0.8184852,0.869779667484
10069.822506979108,gap,10,0.9822999,0.7223192,0.7095340779280801
10073.910448991228,gap,10,0.93765,0.7223192,0.67728259788
10078.06637196336,gap,10,0.90193,0.7228564,0.6519658728519999
10086.130405950826,gap,10,1.27699,0.9304997,1.188238811903
10100.332231959328,bench:8425aa77589b2efb,11,2.10748,0.9286194,1.9570468131119998
10105.182351951953,bench:8425aa77589b2efb,11,1.93781,0.9283507,1.798967269967
10116.893165977672,bench:8425aa77589b2efb,11,4.74183,0.9283507,4.402081199781
10124.16713294806,bench:8425aa77589b2efb,11,6.47425,0.9272762,6.003417937849999
10128.596219990868,bench:8425aa77589b2efb,11,5.36693,0.9304997,4.9939267549210005
10136.337201984134,bench:8425aa77589b2efb,11,3.97385,0.928888,3.6912615788000003
10150.868672993965,bench:8425aa77589b2efb,11,3.89348,0.928888,3.61660685024
10164.300656004343,bench:8425aa77589b2efb,11,5.92059,0.9296938,5.504335815342
10192.391959950328,bench:8425aa77589b2efb,11,5.50088,0.9283507,5.106745798616
10196.482383995317,bench:8425aa77589b2efb,11,5.57232,0.9283507,5.173067172624
10200.51384496037,bench:8425aa77589b2efb,11,5.67055,0.9283507,5.264259061885
10204.621138982475,bench:8425aa77589b2efb,11,4.0185,0.931037,3.7413721845000003
10208.722154959105,bench:8425aa77589b2efb,11,4.14352,0.928888,3.8488660057599997
10212.827857001685,bench:8425aa77589b2efb,11,4.04529,0.928888,3.75762133752
10216.881372965872,bench:8425aa77589b2efb,11,4.06315,0.9296938,3.7774853634700003
10221.02299996186,bench:8425aa77589b2efb,11,4.06315,0.9286194,3.77311991511
10225.05181300221,bench:8425aa77589b2efb,11,4.71504,0.9291566,4.381010535264
10229.10931095248,bench:8425aa77589b2efb,11,4.1078,0.9299625,3.8200999575
10233.648619963787,bench:8425aa77589b2efb,11,4.50965,0.928888,4.1889597692
10237.776357971597,bench:8425aa77589b2efb,11,4.07208,0.9286194,3.7814124863519996
10241.77800497273,bench:8425aa77589b2efb,11,4.1078,0.9299625,3.8200999575
10248.416218964849,bench:8425aa77589b2efb,11,4.16138,0.9299625,3.8699273482500005
10256.407141976524,bench:8425aa77589b2efb,11,4.08101,0.9283507,3.788608490207
10264.123271976132,bench:8425aa77589b2efb,11,5.58125,0.9302311,5.191852326875
10272.387859004084,bench:8425aa77589b2efb,11,4.08101,0.9291566,3.791897376166
10276.521596999373,bench:8425aa77589b2efb,11,5.50088,0.9286194,5.108223885072
10284.413595974911,bench:8425aa77589b2efb,11,4.07208,0.9286194,3.7814124863519996
10288.900829968043,bench:8425aa77589b2efb,11,5.57232,0.9283507,5.173067172624
10296.139297948685,bench:8425aa77589b2efb,11,5.64376,0.9326486,5.263644862736
10300.413163960911,bench:8425aa77589b2efb,11,5.93845,0.9283507,5.512964214415
10308.095201966353,bench:8425aa77589b2efb,11,5.7152,0.928888,5.3087806976000005
10312.174384947866,bench:8425aa77589b2efb,11,2.55398,0.9291566,2.373047373268
10316.214419959579,bench:8425aa77589b2efb,11,2.54505,0.9291566,2.36475000483
10322.177917987574,bench:8425aa77589b2efb,11,3.17908,0.9186804,2.9205584860319997
10326.499283954035,bench:8425aa77589b2efb,11,2.98262,0.9192177,2.741677096374
10335.890990972985,bench:8425aa77589b2efb,11,5.46516,0.9283507,5.073585111612
10342.817516997457,bench:8425aa77589b2efb,11,7.09935,0.9291566,6.596407908210001
10348.68357196683,bench:8425aa77589b2efb,11,5.59018,0.9291566,5.194152642188
10356.320794962812,bench:8425aa77589b2efb,11,5.52767,0.9294252,5.137555795283999
10360.768788959831,bench:8425aa77589b2efb,11,4.06315,0.928888,3.7742112772000005
10364.905989961699,bench:8425aa77589b2efb,11,4.71504,0.928888,4.379744075520001
10369.007283996325,bench:8425aa77589b2efb,11,4.12566,0.9299625,3.83670908775
10373.085799976252,bench:8425aa77589b2efb,11,4.15245,0.9286194,3.85604562753
10381.192092958372,bench:8425aa77589b2efb,11,4.65253,0.928888,4.32167928664
10385.220961994492,bench:8425aa77589b2efb,11,3.20587,0.9283507,2.976171658609
10392.325781984255,bench:8425aa77589b2efb,11,5.50088,0.928888,5.1097014214400005
10396.533241961151,bench:8425aa77589b2efb,11,4.5543,0.9299625,4.23532821375
10400.630221003667,bench:8425aa77589b2efb,11,4.05422,0.9294252,3.768094234344
10404.710737988353,bench:8425aa77589b2efb,11,4.67039,0.9304997,4.345796493883
10408.8315309491,bench:8425aa77589b2efb,11,4.09887,0.9286194,3.8062902000779997
10412.89264097577,bench:8425aa77589b2efb,11,4.07208,0.9283507,3.7803183184559996
10417.041063949,bench:8425aa77589b2efb,11,4.1078,0.9296938,3.81899619164
10421.083635999821,bench:8425aa77589b2efb,11,4.29533,0.9296938,3.993341669954
10425.157800957095,bench:8425aa77589b2efb,11,4.08101,0.9283507,3.788608490207
10429.227668966632,bench:8425aa77589b2efb,11,4.08101,0.9291566,3.791897376166
10433.348369959276,bench:8425aa77589b2efb,11,4.14352,0.9294252,3.8510919047039995
10437.374127970543,bench:8425aa77589b2efb,11,4.14352,0.9283507,3.8466396924639996
10441.464273957536,bench:8425aa77589b2efb,11,4.08101,0.9283507,3.788608490207
10445.683658996131,bench:8425aa77589b2efb,11,4.04529,0.9286194,3.7565347726259994
10456.257743004244,bench:8425aa77589b2efb,11,4.25961,0.9280821,3.9532677939810004
10468.29201595392,bench:8425aa77589b2efb,11,4.14352,0.9286194,3.8477530562879996
10480.294548964594,bench:8425aa77589b2efb,11,5.93845,0.9326486,5.53848707867
10484.426490962505,bench:8425aa77589b2efb,11,5.64376,0.9291566,5.243936852816001
10496.292155003175,bench:8425aa77589b2efb,11,5.7152,0.9304997,5.317991885440001
10508.35365097737,bench:8425aa77589b2efb,11,5.52767,0.9259331,5.1182526188769994
10520.324924960732,bench:8425aa77589b2efb,11,5.66162,0.9283507,5.255968890134
10528.027905966155,bench:8425aa77589b2efb,11,5.57232,0.928888,5.1760611801600005
10532.17521798797,bench:8425aa77589b2efb,11,4.15245,0.9291566,3.85827632367
10536.350844951812,bench:8425aa77589b2efb,11,4.1078,0.928888,3.8156861264
10540.444619953632,bench:8425aa77589b2efb,11,4.1078,0.928888,3.8156861264
10544.47015596088,bench:8425aa77589b2efb,11,4.08994,0.9294252,3.8012933024880002
10552.43265395984,bench:8425aa77589b2efb,11,5.509809,0.9299625,5.1239157521625
10560.384039999917,bench:8425aa77589b2efb,11,4.09887,0.9286194,3.8062902000779997
10568.292037991341,bench:8425aa77589b2efb,11,5.57232,0.9291566,5.177557905312001
10580.36705199629,bench:8425aa77589b2efb,11,5.66162,0.9291566,5.260531589692
10584.478197968565,bench:8425aa77589b2efb,11,2.81295,0.9296938,2.6151821747099997
10592.414176964667,bench:8425aa77589b2efb,11,4.1078,0.928888,3.8156861264
10596.533303963952,bench:8425aa77589b2efb,11,5.57232,0.9291566,5.177557905312001
10600.62126495177,bench:8425aa77589b2efb,11,5.56339,0.928888,5.16776621032
10604.720540985,bench:8425aa77589b2efb,11,5.93845,0.928888,5.5161549436
10608.825741976034,bench:8425aa77589b2efb,11,6.50997,0.9280821,6.041786628537
10613.249810994603,bench:8425aa77589b2efb,11,6.79573,0.9294252,6.316122714395999
10617.330122971907,bench:8425aa77589b2efb,11,5.92952,0.928888,5.5078599737600005
10621.414231951348,bench:8425aa77589b2efb,11,5.92952,0.9283507,5.504674042664
10625.932466995437,bench:8425aa77589b2efb,11,5.95631,0.9264704,5.518344908224
10630.393256957177,bench:8425aa77589b2efb,11,6.518899,0.9280821,6.050073473607901
10636.806936992798,bench:8425aa77589b2efb,11,5.91166,0.9194863,5.435690380258
10642.440456955228,bench:8425aa77589b2efb,11,6.94754,0.9286194,6.4516204262759995
10646.879635984078,bench:8425aa77589b2efb,11,5.64376,0.9237842,5.213616316592001
10656.346342002507,bench:8425aa77589b2efb,11,5.39372,0.9184118,4.953656093896
10664.343782991637,bench:8425aa77589b2efb,11,6.93861,0.9280821,6.439599739881
10672.316669952124,bench:8425aa77589b2efb,11,5.70627,0.9294252,5.303551136004
10676.403741992544,bench:8425aa77589b2efb,11,5.63483,0.928888,5.23412596904
10688.30805295147,bench:8425aa77589b2efb,11,5.94738,0.928888,5.52444991344
10692.375958955381,bench:8425aa77589b2efb,11,6.52783,0.9294252,6.067129703316
10704.308454995044,bench:8425aa77589b2efb,11,6.22421,0.9296938,5.786609446898001
10712.147342972457,bench:8425aa77589b2efb,11,5.55446,0.9283507,5.156486829122
10720.25037696585,bench:8425aa77589b2efb,11,5.65269,0.9280821,5.246160405849
10728.312169958372,bench:8425aa77589b2efb,11,6.82252,0.9294252,6.341022015504
10732.375204970594,bench:8425aa77589b2efb,11,5.64376,0.9302311,5.2500010729360005
10744.336441974156,bench:8425aa77589b2efb,11,5.57232,0.9286194,5.174564455008
10748.409477004316,bench:8425aa77589b2efb,11,7.01898,0.928888,6.519846294240001
10760.316936997697,bench:8425aa77589b2efb,11,6.52783,0.9291566,6.065376328178
10764.4055080018,bench:8425aa77589b2efb,11,5.61697,0.9304997,5.226588899909
10772.127342002932,bench:8425aa77589b2efb,11,5.93845,0.9291566,5.5177500112699995
10776.383522956166,bench:8425aa77589b2efb,11,5.70627,0.9291566,5.302018431882
10780.406613950618,bench:8425aa77589b2efb,11,5.50088,0.9291566,5.111178957808001
10788.111132977065,bench:8425aa77589b2efb,11,6.52783,0.9291566,6.065376328178
10792.278629960492,bench:8425aa77589b2efb,11,4.0185,0.9286194,3.7316570589
10796.589088975452,bench:8425aa77589b2efb,11,4.08101,0.9280821,3.787512330921
10800.719327002298,bench:8425aa77589b2efb,11,4.11673,0.9291566,3.8250868499179997
10808.419067994691,bench:8425aa77589b2efb,11,4.42928,0.9283507,4.111925188496
10820.30834199395,bench:8425aa77589b2efb,11,6.94754,0.9294252,6.457218754007999
10832.370930002071,bench:8425aa77589b2efb,11,7.108279,0.9291566,6.6047043474914
10836.472834984306,bench:8425aa77589b2efb,11,5.63483,0.9283507,5.231098374881
10844.154261983931,bench:8425aa77589b2efb,11,5.93845,0.9286194,5.51455987593
10848.409498983528,bench:8425aa77589b2efb,11,5.67948,0.9304997,5.284754436156
10852.56077395752,bench:8425aa77589b2efb,11,5.67055,0.928888,5.2673058484
10860.29077396961,bench:8425aa77589b2efb,11,5.63483,0.9283507,5.231098374881
10864.823118958157,bench:8425aa77589b2efb,11,6.79573,0.9280821,6.306995369433
10872.304676973727,bench:8425aa77589b2efb,11,5.7152,0.9307683,5.31952698816
10880.354691995308,bench:8425aa77589b2efb,11,5.92059,0.9192177,5.442311122443
10892.37322495319,bench:8425aa77589b2efb,11,5.5366,0.9283507,5.13990648562
10896.807793993503,bench:8425aa77589b2efb,11,5.93845,0.9286194,5.51455987593
10900.889050972182,bench:8425aa77589b2efb,11,5.63483,0.9286194,5.232612453702
10905.05665895762,bench:8425aa77589b2efb,11,7.143999,0.9286194,6.6340560649806
10909.529448952526,bench:8425aa77589b2efb,11,5.96524,0.9291566,5.542642116584
10913.967721979134,bench:8425aa77589b2efb,11,5.65269,0.9302311,5.258308036659
10919.54240895575,bench:8425aa77589b2efb,11,5.22405,0.9151884,4.78098996102
10924.07634697156,bench:8425aa77589b2efb,11,3.54521,0.9192177,3.258819782217
10928.29145397991,bench:8425aa77589b2efb,11,5.25084,0.9194863,4.828075443492
10935.042185999919,bench:8425aa77589b2efb,11,4.15245,0.9286194,3.85604562753
10939.149165002163,bench:8425aa77589b2efb,11,4.14352,0.9294252,3.8510919047039995
10943.303829000797,bench:8425aa77589b2efb,11,4.13459,0.9286194,3.839460485046
10947.713304951321,bench:8425aa77589b2efb,11,4.09887,0.928888,3.80739115656
10951.8327289843,bench:8425aa77589b2efb,11,4.17031,0.9286194,3.8726307700139997
10955.927873961627,bench:8425aa77589b2efb,11,4.09887,0.9294252,3.8095930695239995
10960.045946005266,bench:8425aa77589b2efb,11,4.12566,0.9294252,3.8344923706319998
10964.146109996364,bench:8425aa77589b2efb,11,4.11673,0.9294252,3.826192603595999
10968.291829980444,bench:8425aa77589b2efb,11,4.09887,0.9286194,3.8062902000779997
10972.348290961236,bench:8425aa77589b2efb,11,3.72381,0.9294252,3.4610028540119995
10976.427214976866,bench:8425aa77589b2efb,11,4.16138,0.9286194,3.8643381987720002
10984.42106397124,bench:8425aa77589b2efb,11,4.1078,0.9294252,3.81789283656
10988.520635990426,bench:8425aa77589b2efb,11,5.96524,0.9286194,5.539437589656
10992.618188960478,bench:8425aa77589b2efb,11,7.01005,0.928888,6.5115513244
10996.693686989602,bench:8425aa77589b2efb,11,7.00112,0.9294252,6.507017356224
11008.379148959648,bench:8425aa77589b2efb,11,5.72413,0.931037,5.32937682281
11012.809568957891,bench:8425aa77589b2efb,11,6.501039,0.928888,6.038737114632
11020.081480965018,bench:8425aa77589b2efb,11,5.59911,0.9307683,5.211474096212999
11028.11562595889,bench:8425aa77589b2efb,11,5.52767,0.9283507,5.131616313868999
11036.331324954517,bench:8425aa77589b2efb,11,4.15245,0.9296938,3.86050701981
11040.766596968751,bench:8425aa77589b2efb,11,5.66162,0.9259331,5.242281357622
11044.834391970653,bench:8425aa77589b2efb,11,2.99155,0.9286194,2.77801136607
11051.355087955017,bench:8425aa77589b2efb,11,3.92027,0.918949,3.60252819623
11055.482196970843,bench:8425aa77589b2efb,11,3.92027,0.918949,3.60252819623
11061.089347000234,bench:8425aa77589b2efb,11,4.69718,0.9280821,4.359368678478001
11065.301954979077,bench:8425aa77589b2efb,11,4.12566,0.9286194,3.831167913804
11069.297082955018,bench:8425aa77589b2efb,11,4.13459,0.9286194,3.839460485046
11073.414876998868,bench:8425aa77589b2efb,11,4.15245,0.9280821,3.853814516145
11078.208015998825,bench:8425aa77589b2efb,11,4.71504,0.9283507,4.377210684528
11084.970432973932,bench:8425aa77589b2efb,11,4.11673,0.9294252,3.826192603595999
11089.046800974756,bench:8425aa77589b2efb,11,4.14352,0.9296938,3.8522048541759997
11093.07716996409,gap,12,1.57168,0.9280821,1.458648074928
11096.999261993915,gap,12,1.56275,0.9283507,1.450780056425
11103.453088959213,gap,12,1.45559,0.9283507,1.351297995413
11107.482124003582,gap,12,1.44666,0.9286194,1.343396541204
11114.381186955143,gap,12,1.39308,0.9286194,1.293641113752
11118.559332971927,gap,12,1.36629,0.9286194,1.268763400026
11122.702866967302,gap,12,1.37522,0.928888,1.2774253553600001
11126.843901001848,gap,12,1.38415,0.9283507,1.284976621405
11130.970027996227,gap,12,1.36629,0.9286194,1.268763400026
11135.084340989124,gap,12,1.37522,0.9283507,1.276686449654
11139.217948948499,gap,12,1.35736,0.928888,1.26083541568
11143.351316975895,gap,12,1.37522,0.9286194,1.277055971268
11147.517350967973,gap,12,1.36629,0.9283507,1.268396277903
11155.802252993453,gap,12,1.13411,0.8182165,0.9279475148149999
11160.017952963244,gap,12,1.14304,0.8182165,0.93525418816
11164.256115967873,gap,12,1.12518,0.8187538,0.9212454006840001
11168.483186978847,gap,12,1.13411,0.8182165,0.9279475148149999
11172.698905982543,gap,12,1.11625,0.8184852,0.9136341045
11176.893327967264,gap,12,1.11625,0.8182165,0.913334168125
11181.066343968268,gap,12,1.12518,0.8184852,0.9209431773360001
11185.23397098761,gap,12,1.14304,0.8184852,0.9355613230080001
11189.403855998535,gap,12,1.13411,0.8184852,0.928252250172
11193.566519999877,gap,12,1.13411,0.8182165,0.9279475148149999
11197.71309196949,gap,12,1.11625,0.8182165,0.913334168125
11201.870773977134,gap,12,1.68777,0.8184852,1.381414766004
11208.00015894929,gap,12,0.96444,0.7225879,0.6968926742759999
11212.519263965078,gap,12,0.9465799,0.7223192,0.6837328361040801
11216.586595983244,gap,12,0.9465799,0.7223192,0.6837328361040801
11220.680537982844,gap,12,0.95551,0.7223192,0.6901832187920001
11227.977985981852,gap,12,1.12518,0.8184852,0.9209431773360001
11232.174186967313,gap,12,1.10732,0.8179479,0.905730068628
11236.385108961258,gap,12,1.12518,0.8182165,0.92064084147
11240.547531982884,gap,12,1.11625,0.8182165,0.913334168125
11244.720121962018,gap,12,1.12518,0.8184852,0.9209431773360001
11251.807886990719,gap,12,0.95551,0.7225879,0.6904399643289999
11255.91834797524,gap,12,0.9465799,0.7228564,0.68424133882636
11260.013494000304,gap,12,0.9465799,0.7223192,0.6837328361040801
11264.13937995676,gap,12,1.29485,0.7225879,0.935642942315
11271.503697964363,gap,12,1.11625,0.8179479,0.9130343433749999
11275.632510951255,gap,12,1.11625,0.8184852,0.9136341045
11279.785581980832,gap,12,1.09839,0.8182165,0.898720821435
11283.909505000338,gap,12,1.14304,0.8182165,0.93525418816
11290.934363962151,gap,12,0.96444,0.7223192,0.696633529248
11295.009305991698,gap,12,0.95551,0.7225879,0.6904399643289999
11299.083136953413,gap,12,0.95551,0.7225879,0.6904399643289999
11303.182393952738,gap,12,0.9465799,0.723125,0.6844955901875001
11307.26329999743,gap,12,0.95551,0.7225879,0.6904399643289999
11311.32792698918,gap,12,0.95551,0.7225879,0.6904399643289999
11315.39529596921,gap,12,0.91979,0.7228564,0.664876088156
11319.46784898173,gap,12,0.96444,0.7228564,0.6971516264159999
11323.544235958252,gap,12,0.9465799,0.7223192,0.6837328361040801
11327.623474993743,gap,12,0.95551,0.7225879,0.6904399643289999
11331.680584000424,gap,12,0.9287199,0.7223192,0.67083221519208
11335.725377954077,gap,12,0.9287199,0.7225879,0.67108176222921
11339.800542977173,gap,12,0.9465799,0.7225879,0.68398718212321
11343.884744972456,gap,12,0.9465799,0.7228564,0.68424133882636
11348.001297970768,gap,12,0.93765,0.7225879,0.6775345444349999
11352.06573997857,gap,12,0.9465799,0.7228564,0.68424133882636
11356.129478954244,gap,12,0.93765,0.7225879,0.6775345444349999
11360.212772968225,gap,12,0.9465799,0.7220506,0.68347858474294
11364.305677998345,gap,12,0.9465799,0.7225879,0.68398718212321
11368.382212996949,gap,12,0.93765,0.7223192,0.67728259788
11372.46945197694,gap,12,0.9465799,0.7225879,0.68398718212321
11383.765103004407,gap,12,1.13411,0.8182165,0.9279475148149999
11390.789442986716,gap,12,0.9465799,0.7225879,0.68398718212321
11394.857866980601,gap,12,0.9465799,0.7225879,0.68398718212321
11398.938623955473,gap,12,0.93765,0.7223192,0.67728259788
11403.022787999362,gap,12,0.95551,0.7220506,0.689926568806
11407.110341999214,gap,12,0.93765,0.7223192,0.67728259788
11411.167561949696,gap,12,0.93765,0.7228564,0.6777863034599999
11415.25035595987,gap,12,0.9287199,0.7225879,0.67108176222921
11419.298742956016,gap,12,0.9465799,0.7223192,0.6837328361040801
11423.37283398956,gap,12,0.9287199,0.7225879,0.67108176222921
11427.43281298317,gap,12,0.9465799,0.7223192,0.6837328361040801
11431.516255950555,gap,12,0.9465799,0.7220506,0.68347858474294
11435.579716984648,gap,12,0.9465799,0.7228564,0.68424133882636
11439.641584991477,gap,12,0.9465799,0.7223192,0.6837328361040801
11443.695027963258,gap,12,0.93765,0.7225879,0.6775345444349999
11447.760580980685,gap,12,0.9287199,0.7225879,0.67108176222921
11451.824782998301,gap,12,0.93765,0.7225879,0.6775345444349999
11455.92024398502,gap,12,0.93765,0.7223192,0.67728259788
11460.034425952472,gap,12,0.91979,0.7228564,0.664876088156
11464.116182993166,gap,12,0.9465799,0.7223192,0.6837328361040801
11468.177625967655,gap,12,0.9287199,0.7225879,0.67108176222921
11472.263512958307,gap,12,0.9287199,0.7228564,0.67133112352236
11476.348769967444,gap,12,0.9108599,0.7223192,0.65793159428008
11480.410322954413,gap,12,0.9465799,0.7223192,0.6837328361040801
11487.772289954592,gap,12,1.10732,0.8182165,0.9060274947800001
11491.937434999272,gap,12,1.11625,0.8184852,0.9136341045
11499.017199967057,gap,12,0.9465799,0.7228564,0.68424133882636
11503.079216985498,gap,12,0.9465799,0.7225879,0.68398718212321
11507.136122963857,gap,12,0.93765,0.7228564,0.6777863034599999
11511.201583954971,gap,12,0.9465799,0.7225879,0.68398718212321
11515.256803948432,gap,12,0.9465799,0.7223192,0.6837328361040801
11519.340430968441,gap,12,0.93765,0.7228564,0.6777863034599999
11525.570205005351,gap,12,1.11625,0.8184852,0.9136341045
11530.278825957794,gap,12,1.09839,0.8184852,0.899015958828
11537.313925975468,gap,12,0.91979,0.7225879,0.664629124541
11541.387460951228,gap,12,0.91979,0.7225879,0.664629124541
11545.457013999112,gap,12,0.9287199,0.7228564,0.67133112352236
11549.51354896184,gap,12,0.9465799,0.7225879,0.68398718212321
11553.594213968609,gap,12,0.93765,0.7223192,0.67728259788
11557.672951952554,gap,12,0.9465799,0.7223192,0.6837328361040801
11561.759634991176,gap,12,0.9287199,0.7228564,0.67133112352236
11565.82224497106,gap,12,0.9912299,0.7223192,0.7159843883840801
11569.87659499282,gap,12,1.15197,0.7220506,0.831780629682
11573.932019004133,gap,12,0.9465799,0.7223192,0.6837328361040801
11578.004460956436,gap,12,0.9465799,0.7223192,0.6837328361040801
11582.066866976675,gap,12,0.9465799,0.7228564,0.68424133882636
11586.131938965991,gap,12,0.93765,0.7228564,0.6777863034599999
11590.184973960277,gap,12,0.9465799,0.7225879,0.68398718212321
11594.289711967576,gap,12,0.9287199,0.7223192,0.67083221519208
11602.581946994178,gap,12,1.08946,0.8184852,0.8917068859920001
11617.336064984556,gap,12,1.10732,0.8184852,0.9063250316640001
11625.467727950308,gap,12,2.679,0.7225879,1.9358129840999998
11629.990665998776,gap,12,0.9287199,0.7223192,0.67083221519208
11647.220629965886,gap,12,1.28592,0.8633446,1.110192088032
11652.702206978574,gap,12,1.28592,0.8636134,1.110537743328
11656.668705982156,gap,12,1.28592,0.8630761,1.109846818512
11660.643815994263,gap,12,1.28592,0.8633446,1.110192088032
11667.637581995223,gap,12,0.93765,0.7223192,0.67728259788
11671.708042966202,gap,12,0.93765,0.7223192,0.67728259788
11675.767263979651,gap,12,0.9287199,0.7225879,0.67108176222921
11679.867112950888,gap,12,0.93765,0.7223192,0.67728259788
11687.171598954592,gap,12,1.10732,0.8187538,0.906622457816
11694.251641980372,gap,12,0.9287199,0.7223192,0.67083221519208
11698.311380983796,gap,12,0.9287199,0.7225879,0.67108176222921
11702.38639699528,gap,12,0.9287199,0.7223192,0.67083221519208
11706.443784001749,gap,12,0.9287199,0.7225879,0.67108176222921
11710.494005004875,gap,12,0.91979,0.7225879,0.664629124541
11714.573205972556,gap,12,0.9287199,0.7225879,0.67108176222921
11718.642000982072,gap,12,0.93765,0.7223192,0.67728259788
11722.697998979129,gap,12,0.9287199,0.7225879,0.67108176222921
11726.75494098803,gap,12,0.9287199,0.7223192,0.67083221519208
11730.83797597792,gap,12,0.91979,0.7225879,0.664629124541
11734.900084964465,gap,12,0.91979,0.7220506,0.664134921374
11739.424689963926,gap,12,0.9465799,0.7223192,0.6837328361040801
11743.493891961407,gap,12,0.93765,0.7223192,0.67728259788
11747.548852988984,gap,12,0.9287199,0.7225879,0.67108176222921
11751.597628986929,gap,12,0.9287199,0.7225879,0.67108176222921
11755.666163982823,gap,12,0.9287199,0.7228564,0.67133112352236
11759.734013990965,gap,12,0.93765,0.7225879,0.6775345444349999
11763.78808595473,gap,12,0.9465799,0.7223192,0.6837328361040801
11767.872750002425,gap,12,0.9287199,0.723125,0.6715805776875
11771.955395990517,gap,12,0.9465799,0.7223192,0.6837328361040801
11776.043189980555,gap,12,0.9465799,0.7223192,0.6837328361040801
11780.10411397554,gap,12,0.93765,0.7223192,0.67728259788
11784.176982997451,gap,12,0.9287199,0.7223192,0.67083221519208
11788.261462002993,gap,12,0.9287199,0.7225879,0.67108176222921
11795.614057977218,gap,12,1.09839,0.8187538,0.8993109863819999
11799.7722409782,gap,12,1.09839,0.8182165,0.898720821435
11805.888422997668,gap,12,0.9465799,0.7223192,0.6837328361040801
11810.405230964534,gap,12,0.9287199,0.7225879,0.67108176222921
11814.457432948984,gap,12,0.93765,0.7223192,0.67728259788
11818.527134950273,gap,12,0.9465799,0.7228564,0.68424133882636
11822.562576970086,gap,12,0.93765,0.7225879,0.6775345444349999
11826.603538997006,gap,12,0.9287199,0.7225879,0.67108176222921
11830.659258994274,gap,12,0.9465799,0.7225879,0.68398718212321
11834.7053869511,gap,12,0.93765,0.7225879,0.6775345444349999
11838.758106983732,gap,12,0.9108599,0.7225879,0.6581763423352099
11842.83104998758,gap,12,0.93765,0.7223192,0.67728259788
11850.120702001732,gap,12,1.08053,0.8179479,0.8838172443869999
11857.14644897962,gap,12,0.93765,0.7223192,0.67728259788
11861.224909953307,gap,12,0.9287199,0.7223192,0.67083221519208
11865.304963954259,gap,12,0.93765,0.7225879,0.6775345444349999
11869.355109985918,gap,12,0.93765,0.7220506,0.6770307450899999
11873.446310986765,gap,12,0.9465799,0.7225879,0.68398718212321
11877.513160987291,gap,12,0.9465799,0.7228564,0.68424133882636
11881.565973977558,gap,12,0.9287199,0.7220506,0.67058276102694
11885.623843001667,gap,12,0.9287199,0.7225879,0.67108176222921
11889.684006979223,gap,12,0.90193,0.7225879,0.6517237046469999
11893.757467973046,gap,12,0.9287199,0.7225879,0.67108176222921
11897.830781002995,gap,12,0.93765,0.7225879,0.6775345444349999
11901.870778994635,gap,12,0.9912299,0.7225879,0.71625073185821
11905.924647988286,gap,12,0.9287199,0.7225879,0.67108176222921
11909.97612796491,gap,12,0.91979,0.7225879,0.664629124541
11914.031255000737,gap,12,0.91979,0.7223192,0.664381976968
11918.104919954203,gap,12,0.9465799,0.7241996,0.68551278494804
11922.154436993878,gap,12,0.93765,0.7223192,0.67728259788
11926.232211990282,gap,12,0.9287199,0.7223192,0.67083221519208
11930.301783955656,gap,12,0.9287199,0.723125,0.6715805776875
11937.659379967954,gap,12,1.09839,0.8182165,0.898720821435
11941.7942109867,gap,12,1.08946,0.8184852,0.8917068859920001
11948.810272966512,gap,12,0.91979,0.7223192,0.664381976968
11952.88995699957,gap,12,0.9287199,0.7223192,0.67083221519208
11956.979731970932,gap,12,0.9287199,0.7223192,0.67083221519208
11961.046544951387,gap,12,0.9287199,0.7228564,0.67133112352236
11965.127023984678,gap,12,0.91979,0.7225879,0.664629124541
11971.351964981295,gap,12,1.08053,0.8182165,0.884107474745
11976.084363996051,gap,12,1.10732,0.8182165,0.9060274947800001
11983.151350985281,gap,12,0.9465799,0.7225879,0.68398718212321
11987.233441963326,gap,12,0.93765,0.7225879,0.6775345444349999
11991.295309970155,gap,12,0.9287199,0.7225879,0.67108176222921
11995.363196998369,gap,12,0.9287199,0.7220506,0.67058276102694
11999.412546982057,gap,12,0.9287199,0.7225879,0.67108176222921
12003.469507966656,gap,12,0.91979,0.7223192,0.664381976968
12007.52622896107,gap,12,0.91979,0.7225879,0.664629124541
12011.587855988182,gap,12,0.93765,0.7223192,0.67728259788
12015.627965971362,gap,12,0.91979,0.7225879,0.664629124541
12019.684722996317,gap,12,0.91979,0.7228564,0.664876088156
12023.754776979331,gap,12,0.91979,0.7225879,0.664629124541
12027.821422962006,gap,12,0.9287199,0.7223192,0.67083221519208
12031.957067956682,gap,12,0.91979,0.7225879,0.664629124541
12036.10517695779,gap,12,0.90193,0.7225879,0.6517237046469999
12043.382606992964,gap,12,1.10732,0.8182165,0.9060274947800001
12047.544510976877,gap,12,1.09839,0.8182165,0.898720821435
12051.718859991524,gap,12,1.09839,0.8179479,0.898425793881
12055.850523989648,gap,12,1.09839,0.8184852,0.899015958828
12062.882067984901,gap,12,0.91979,0.7225879,0.664629124541
12066.953398985788,gap,12,0.91979,0.7220506,0.664134921374
12071.03437796468,gap,12,0.93765,0.7225879,0.6775345444349999
12078.452140965965,gap,12,1.08946,0.8184852,0.8917068859920001
12086.665894952603,gap,12,1.32164,0.9286194,1.2273005438159998
12090.905779972672,gap,12,1.31271,0.9286194,1.219007972574
12095.091184950434,gap,12,1.29485,0.928888,1.2027706268
12099.30727398023,gap,12,1.31271,0.9283507,1.218655247397
12103.483807994053,gap,12,1.32164,0.928888,1.22765553632
12107.63024998596,gap,12,1.30378,0.9286194,1.2107154013319998
12111.783912987448,gap,12,1.32164,0.9283507,1.2269454191479998
12115.950113977306,gap,12,1.32164,0.9283507,1.2269454191479998
12120.079999964219,gap,12,1.31271,0.9286194,1.219007972574
12124.24962699879,gap,12,1.31271,0.9280821,1.218302653491
12131.054857978597,gap,12,1.28592,0.9286194,1.1941302588479998
12135.147966968361,gap,12,1.29485,0.928888,1.2027706268
12139.282889955211,gap,12,1.28592,0.9286194,1.1941302588479998
12143.366683973,gap,12,1.27699,0.9294252,1.186866686148
12149.397755973041,bench:92de7645560e2e7c,13,1.31271,0.9286194,1.219007972574
12154.295282962266,bench:92de7645560e2e7c,13,2.93797,0.928888,2.72904507736
12168.141668953467,bench:92de7645560e2e7c,13,3.24159,0.8184852,2.653193439468
12175.5599869648,bench:92de7645560e2e7c,13,2.48254,0.8335279,2.0692663528660002
12183.776870951988,bench:92de7645560e2e7c,13,5.36693,0.9299625,4.9910436401250005
12192.343862960115,bench:92de7645560e2e7c,13,5.37586,0.9280821,4.989239438106001
12200.295916001778,bench:92de7645560e2e7c,13,5.41158,0.928888,5.02675172304
12208.445133990608,bench:92de7645560e2e7c,13,5.474089,0.9296938,5.0892266039482
12216.37787297368,bench:92de7645560e2e7c,13,5.46516,0.928888,5.07652154208
12220.456610957626,bench:92de7645560e2e7c,13,4.08101,0.9291566,3.791897376166
12224.506368977018,bench:92de7645560e2e7c,13,4.14352,0.9294252,3.8510919047039995
12228.513126960024,bench:92de7645560e2e7c,13,4.08101,0.928888,3.7908012168800003
12232.479162979871,bench:92de7645560e2e7c,13,4.07208,0.928888,3.7825062470399997
12236.451309989206,bench:92de7645560e2e7c,13,4.09887,0.9294252,3.8095930695239995
12240.403253003024,bench:92de7645560e2e7c,13,4.11673,0.9291566,3.8250868499179997
12244.406862999313,bench:92de7645560e2e7c,13,4.09887,0.9296938,3.810694026006
12248.363639984746,bench:92de7645560e2e7c,13,4.08101,0.9294252,3.7929935354519997
12252.348286972847,bench:92de7645560e2e7c,13,4.06315,0.928888,3.7742112772000005
12256.314767000731,bench:92de7645560e2e7c,13,4.08994,0.9291566,3.8001947446040005
12260.266691970173,bench:92de7645560e2e7c,13,4.1078,0.9296938,3.81899619164
12265.202051959932,bench:92de7645560e2e7c,13,4.41142,0.9286194,4.096530193547999
12269.205624994356,bench:92de7645560e2e7c,13,4.08101,0.9291566,3.791897376166
12276.401555980556,bench:92de7645560e2e7c,13,4.09887,0.9291566,3.808492113042
12280.418128997553,bench:92de7645560e2e7c,13,5.51874,0.9291566,5.1277736946840005
12284.489274956286,bench:92de7645560e2e7c,13,5.45623,0.9304997,5.077020378131
12288.976009993348,bench:92de7645560e2e7c,13,5.474089,0.9294252,5.0877562636428
12296.102236956358,bench:92de7645560e2e7c,13,5.48302,0.928888,5.09311148176
12300.265511963516,bench:92de7645560e2e7c,13,4.08101,0.9291566,3.791897376166
12304.47228695266,bench:92de7645560e2e7c,13,5.38479,0.9294252,5.0047595227079995
12308.531247952487,bench:92de7645560e2e7c,13,5.40265,0.9286194,5.01700560141
12312.611319997814,bench:92de7645560e2e7c,13,4.09887,0.9294252,3.8095930695239995
12316.691576968879,bench:92de7645560e2e7c,13,4.08994,0.9291566,3.8001947446040005
12320.72853797581,bench:92de7645560e2e7c,13,4.57216,0.9294252,4.249480722432
12324.762795993593,bench:92de7645560e2e7c,13,4.09887,0.928888,3.80739115656
12328.79703497747,bench:92de7645560e2e7c,13,4.14352,0.9291566,3.849978955232
12332.814106950536,bench:92de7645560e2e7c,13,4.08994,0.928888,3.7990961867200004
12340.398404980078,bench:92de7645560e2e7c,13,4.08101,0.928888,3.7908012168800003
12348.084294004366,bench:92de7645560e2e7c,13,5.4473,0.9291566,5.0613947471800005
12352.402474964038,bench:92de7645560e2e7c,13,5.38479,0.9294252,5.0047595227079995
12356.489064986818,bench:92de7645560e2e7c,13,5.42944,0.9291566,5.044800010304
12360.568766947836,bench:92de7645560e2e7c,13,5.51874,0.928888,5.126291361120001
12364.644931978546,bench:92de7645560e2e7c,13,5.45623,0.928888,5.06822657224
12368.63194894977,bench:92de7645560e2e7c,13,5.50088,0.9291566,5.111178957808001
12376.294079003856,bench:92de7645560e2e7c,13,5.474089,0.9286194,5.0833452427266
12384.733219980262,bench:92de7645560e2e7c,13,5.474089,0.9299625,5.0906974916625005
12388.73262598645,bench:92de7645560e2e7c,13,5.38479,0.928888,5.00186681352
12395.276081981137,bench:92de7645560e2e7c,13,5.43837,0.928888,5.05163663256
12400.394255004358,bench:92de7645560e2e7c,13,5.43837,0.9294252,5.054558124923999
12404.795656970236,bench:92de7645560e2e7c,13,5.51874,0.928888,5.126291361120001
12408.884839969687,bench:92de7645560e2e7c,13,4.13459,0.9283507,3.8383495207130003
12412.92994999094,bench:92de7645560e2e7c,13,4.08994,0.9296938,3.8023918603720004
12416.98209597962,bench:92de7645560e2e7c,13,4.06315,0.9283507,3.7720281467050003
12420.980538998265,bench:92de7645560e2e7c,13,4.11673,0.9286194,3.8228753425619995
12425.09438894922,bench:92de7645560e2e7c,13,4.1078,0.9280821,3.8123756503800004
12429.0782759781,bench:92de7645560e2e7c,13,4.08101,0.9283507,3.788608490207
12433.077292982489,bench:92de7645560e2e7c,13,4.11673,0.9283507,3.8217691772109994
12437.191827979404,bench:92de7645560e2e7c,13,4.09887,0.9299625,3.811795392375
12441.185585979838,bench:92de7645560e2e7c,13,4.08101,0.9291566,3.791897376166
12445.191195991356,bench:92de7645560e2e7c,13,4.17031,0.9280821,3.870390062451
12449.240526999347,bench:92de7645560e2e7c,13,5.42944,0.9291566,5.044800010304
12456.473198952153,bench:92de7645560e2e7c,13,3.56307,0.9294252,3.311607047364
12460.859674960375,bench:92de7645560e2e7c,13,4.07208,0.9283507,3.7803183184559996
12464.957283984404,bench:92de7645560e2e7c,13,4.13459,0.9286194,3.839460485046
12468.968244967982,bench:92de7645560e2e7c,13,4.08994,0.9280821,3.7958001040740004
12473.00420695683,bench:92de7645560e2e7c,13,4.13459,0.928888,3.8405710359200005
12477.086704981048,bench:92de7645560e2e7c,13,4.08994,0.9296938,3.8023918603720004
12481.065554951783,bench:92de7645560e2e7c,13,4.09887,0.9299625,3.811795392375
12488.40479995124,bench:92de7645560e2e7c,13,4.09887,0.9283507,3.805188833709
12492.817313002888,bench:92de7645560e2e7c,13,5.48302,0.9283507,5.090165455114
12497.249973996077,bench:92de7645560e2e7c,13,4.11673,0.9280821,3.8206634235329995
12501.321027986705,bench:92de7645560e2e7c,13,4.09887,0.9291566,3.808492113042
12505.316192982718,bench:92de7645560e2e7c,13,4.1078,0.928888,3.8156861264
12509.280709957238,bench:92de7645560e2e7c,13,4.07208,0.928888,3.7825062470399997
12513.21070996346,bench:92de7645560e2e7c,13,4.12566,0.9291566,3.833384218356
12517.233892984223,bench:92de7645560e2e7c,13,4.08994,0.928888,3.7990961867200004
12521.222317998763,bench:92de7645560e2e7c,13,4.15245,0.9286194,3.85604562753
12525.165224971715,bench:92de7645560e2e7c,13,4.12566,0.9291566,3.833384218356
12529.133037955035,bench:92de7645560e2e7c,13,4.1078,0.9294252,3.81789283656
12536.386283987667,bench:92de7645560e2e7c,13,4.12566,0.928888,3.83227606608
12540.4453369556,bench:92de7645560e2e7c,13,4.08101,0.928888,3.7908012168800003
12544.496835966129,bench:92de7645560e2e7c,13,5.46516,0.9299625,5.0823938565
12552.105613984168,bench:92de7645560e2e7c,13,5.51874,0.9280821,5.121843808554
12556.167482980527,bench:92de7645560e2e7c,13,4.08101,0.9291566,3.791897376166
12560.240628954489,bench:92de7645560e2e7c,13,4.12566,0.928888,3.83227606608
12564.320923003834,bench:92de7645560e2e7c,13,4.13459,0.9286194,3.839460485046
12568.32736596698,bench:92de7645560e2e7c,13,4.11673,0.9294252,3.826192603595999
12572.285568981897,bench:92de7645560e2e7c,13,3.27731,0.928888,3.04425393128
12576.294252998196,bench:92de7645560e2e7c,13,4.08101,0.9283507,3.788608490207
12580.332824960351,bench:92de7645560e2e7c,13,4.42928,0.9280821,4.110735483888001
12584.308434976265,bench:92de7645560e2e7c,13,4.08101,0.9294252,3.7929935354519997
12588.346100004856,bench:92de7645560e2e7c,13,4.05422,0.9283507,3.7637379749539996
12592.382097966038,bench:92de7645560e2e7c,13,4.1078,0.9283507,3.81347900546
12596.395114960615,bench:92de7645560e2e7c,13,4.08101,0.928888,3.7908012168800003
12604.420667979866,bench:92de7645560e2e7c,13,4.08101,0.9280821,3.787512330921
12608.468721969984,bench:92de7645560e2e7c,13,4.06315,0.928888,3.7742112772000005
12612.526515964419,bench:92de7645560e2e7c,13,5.42944,0.9294252,5.046258357887999
12616.596181003843,bench:92de7645560e2e7c,13,4.11673,0.9286194,3.8228753425619995
12624.303143995348,bench:92de7645560e2e7c,13,5.474089,0.9286194,5.0833452427266
12628.693156992085,bench:92de7645560e2e7c,13,5.46516,0.9304997,5.085329740452
12633.152595954016,bench:92de7645560e2e7c,13,4.1078,0.9294252,3.81789283656
12640.431044972502,bench:92de7645560e2e7c,13,5.1794,0.918949,4.7596044506
12648.40661600465,bench:92de7645560e2e7c,13,4.11673,0.9291566,3.8250868499179997
12652.510002953932,bench:92de7645560e2e7c,13,4.08101,0.9286194,3.789705057594
12656.55222296482,bench:92de7645560e2e7c,13,5.491949,0.9291566,5.1028806602134
12660.56959197158,bench:92de7645560e2e7c,13,4.09887,0.928888,3.80739115656
12664.634663960896,bench:92de7645560e2e7c,13,5.474089,0.9291566,5.0862859233374005
12672.290219983552,bench:92de7645560e2e7c,13,5.41158,0.9291566,5.028205273428
12680.091441958211,bench:92de7645560e2e7c,13,5.51874,0.9294252,5.129256028248
12684.444084996358,bench:92de7645560e2e7c,13,5.509809,0.9286194,5.1165155276946
12688.638063962571,bench:92de7645560e2e7c,13,5.5366,0.928888,5.1428813008
12692.714560951572,bench:92de7645560e2e7c,13,5.42944,0.9294252,5.046258357887999
12696.73911499558,bench:92de7645560e2e7c,13,5.51874,0.9291566,5.1277736946840005
12704.118303954601,bench:92de7645560e2e7c,13,5.57232,0.9259331,5.159595531792
12708.40544794919,bench:92de7645560e2e7c,13,5.50088,0.9291566,5.111178957808001
12712.439908995293,bench:92de7645560e2e7c,13,5.42944,0.928888,5.04334166272
12720.331573975272,bench:92de7645560e2e7c,13,5.46516,0.9291566,5.077989484056
12724.368868977763,bench:92de7645560e2e7c,13,5.43837,0.9291566,5.053097378742
12732.298718998209,bench:92de7645560e2e7c,13,5.42944,0.9286194,5.041883315135999
12736.709880002309,bench:92de7645560e2e7c,13,5.4473,0.928888,5.059931602400001
12740.72919297032,bench:92de7645560e2e7c,13,5.57232,0.9326486,5.197016446752
12748.323249979876,bench:92de7645560e2e7c,13,5.54553,0.9286194,5.149686741282
12756.2973399763,bench:92de7645560e2e7c,13,5.51874,0.931037,5.13815113338
12761.172089958563,bench:92de7645560e2e7c,13,5.491949,0.9294252,5.1043557977148
12765.330753987655,bench:92de7645560e2e7c,13,5.42944,0.9294252,5.046258357887999
12769.397528958507,bench:92de7645560e2e7c,13,5.474089,0.9294252,5.0877562636428
12776.28150000237,bench:92de7645560e2e7c,13,5.46516,0.9302311,5.083861798476
12784.31225696113,bench:92de7645560e2e7c,13,5.509809,0.9280821,5.1135551073189
12792.316364997532,bench:92de7645560e2e7c,13,5.57232,0.9283507,5.173067172624
12804.352508974262,bench:92de7645560e2e7c,13,5.43837,0.9294252,5.054558124923999
12808.39856294915,bench:92de7645560e2e7c,13,5.42944,0.9291566,5.044800010304
12820.372317975853,bench:92de7645560e2e7c,13,5.491949,0.9291566,5.1028806602134
12824.760423973203,bench:92de7645560e2e7c,13,5.45623,0.9294252,5.0711576589959995
12828.785107994918,bench:92de7645560e2e7c,13,5.46516,0.928888,5.07652154208
12832.830623956397,bench:92de7645560e2e7c,13,5.45623,0.928888,5.06822657224
12836.870270955842,bench:92de7645560e2e7c,13,5.43837,0.9291566,5.053097378742
12848.371030995622,bench:92de7645560e2e7c,13,5.51874,0.9291566,5.1277736946840005
12852.439546957612,bench:92de7645560e2e7c,13,5.46516,0.928888,5.07652154208
12856.501896982081,bench:92de7645560e2e7c,13,5.46516,0.9286194,5.075053600104
12860.52689596545,bench:92de7645560e2e7c,13,5.51874,0.9270077,5.115914474298
12864.618744992185,bench:92de7645560e2e7c,13,5.43837,0.9296938,5.056018871106
12872.279263974633,bench:92de7645560e2e7c,13,5.48302,0.9294252,5.096056960104
12880.302112956997,bench:92de7645560e2e7c,13,5.66162,0.9304997,5.268135711514001
12888.001799001358,bench:92de7645560e2e7c,13,5.491949,0.9294252,5.1043557977148
12892.127332976088,bench:92de7645560e2e7c,13,5.52767,0.9291566,5.1360710631219995
12900.32675495604,bench:92de7645560e2e7c,13,5.63483,0.9304997,5.243207624551
12908.34243700374,bench:92de7645560e2e7c,13,5.474089,0.9296938,5.0892266039482
12912.837800977286,bench:92de7645560e2e7c,13,5.42944,0.9294252,5.046258357887999
12920.291525952052,bench:92de7645560e2e7c,13,5.48302,0.9294252,5.096056960104
12930.763387994375,bench:92de7645560e2e7c,13,5.51874,0.9286194,5.124809027556
12935.115790984128,bench:92de7645560e2e7c,13,5.509809,0.9291566,5.1194753970894
12944.28368494846,bench:92de7645560e2e7c,13,5.474089,0.9286194,5.0833452427266
12948.655271960888,bench:92de7645560e2e7c,13,5.491949,0.9294252,5.1043557977148
12956.342772988137,bench:92de7645560e2e7c,13,5.509809,0.9294252,5.120955331786799
12964.2870669486,bench:92de7645560e2e7c,13,5.50088,0.9291566,5.111178957808001
12975.882899947464,bench:92de7645560e2e7c,13,5.19726,0.9184118,4.773224911668
12981.394476955757,bench:92de7645560e2e7c,13,4.13459,0.9291566,3.8416815867940004
12985.585658985656,bench:92de7645560e2e7c,13,4.14352,0.928888,3.8488660057599997
12992.301760998089,bench:92de7645560e2e7c,13,4.59895,0.9286194,4.27067418963
12996.651940979064,bench:92de7645560e2e7c,13,4.11673,0.928888,3.82398109624
13000.590643961914,bench:92de7645560e2e7c,13,3.44698,0.9280821,3.199080437058
13004.537050961517,bench:92de7645560e2e7c,13,4.2864,0.9291566,3.9827368502400002
13008.567437995225,bench:92de7645560e2e7c,13,4.13459,0.9286194,3.839460485046
13012.602565984707,bench:92de7645560e2e7c,13,5.491949,0.9291566,5.1028806602134
13024.397748988122,bench:92de7645560e2e7c,13,5.5366,0.9294252,5.1458555623199995
13032.080212957226,bench:92de7645560e2e7c,13,5.50088,0.9286194,5.108223885072
13036.223061964847,bench:92de7645560e2e7c,13,4.12566,0.9291566,3.833384218356
13040.250819001812,bench:92de7645560e2e7c,13,4.08101,0.928888,3.7908012168800003
13044.314853963442,bench:92de7645560e2e7c,13,4.08101,0.9283507,3.788608490207
13048.305278993212,bench:92de7645560e2e7c,13,4.11673,0.9291566,3.8250868499179997
13052.25490796147,bench:92de7645560e2e7c,13,4.17031,0.9291566,3.874871060546
13056.212962954305,bench:92de7645560e2e7c,13,2.63435,0.9291566,2.44772368921
13060.162851004861,bench:92de7645560e2e7c,13,4.08994,0.9286194,3.7979976288360002
13064.12116397405,bench:92de7645560e2e7c,13,4.09887,0.9286194,3.8062902000779997
13068.122108001262,bench:92de7645560e2e7c,13,2.61649,0.9286194,2.429723373906
13072.163697972428,bench:92de7645560e2e7c,13,4.12566,0.928888,3.83227606608
13076.113493996672,bench:92de7645560e2e7c,13,4.12566,0.9291566,3.833384218356
13080.283008981496,bench:92de7645560e2e7c,13,3.9292,0.928888,3.6497867296
13088.405004993547,bench:92de7645560e2e7c,13,5.358,0.9280821,4.9726638918
13096.078227972612,bench:92de7645560e2e7c,13,5.41158,0.9283507,5.023844081106
13100.415594002698,bench:92de7645560e2e7c,13,5.42051,0.928888,5.035046692880001
13108.122871955857,bench:92de7645560e2e7c,13,5.42944,0.9286194,5.041883315135999
13112.418237957172,bench:92de7645560e2e7c,13,5.39372,0.9294252,5.013059289744
13119.877314951736,bench:92de7645560e2e7c,13,5.36693,0.9294252,4.988159988635999
13124.425196961965,bench:92de7645560e2e7c,13,5.38479,0.9283507,4.9989735658529995
13132.36600998789,bench:92de7645560e2e7c,13,5.42051,0.928888,5.035046692880001
13140.325636952184,bench:92de7645560e2e7c,13,5.358,0.928888,4.976981904
13144.368986948393,bench:92de7645560e2e7c,13,5.37586,0.9291566,4.9950157996760005
13151.787396986037,gap,14,1.70563,0.9283507,1.583422804441
13155.763747985475,gap,14,1.68777,0.9286194,1.567295964738
13159.593525982928,gap,14,1.66991,0.9283507,1.550262117437
13166.824900952633,gap,14,1.15197,0.8184852,0.942870395844
13171.01599095622,gap,14,1.15197,0.8184852,0.942870395844
13175.204431987368,gap,14,1.1609,0.8184852,0.95017946868
13179.390243953094,gap,14,1.1609,0.8187538,0.95049128642
13183.555333002005,gap,14,1.1609,0.8179479,0.94955571711
13187.729551980738,gap,14,1.15197,0.8182165,0.942560861505
13193.848159979098,gap,14,1.13411,0.7220506,0.818884805966
13198.37200595066,gap,14,0.9822999,0.7223192,0.7095340779280801
13205.70069499081,gap,14,1.1609,0.8182165,0.9498675348500001
13212.688479979988,gap,14,0.9733699,0.7225879,0.7033453119642099
13216.781088965945,gap,14,0.9822999,0.7223192,0.7095340779280801
13220.883215952199,gap,14,0.9733699,0.7223192,0.70308376747208
13228.221552970354,gap,14,1.13411,0.8182165,0.9279475148149999
13232.374030980282,gap,14,1.12518,0.8187538,0.9212454006840001
13239.397593948524,gap,14,0.9733699,0.7225879,0.7033453119642099
13243.48053598078,gap,14,0.9822999,0.7228564,0.71006176943436
13247.54807096906,gap,14,0.95551,0.7223192,0.6901832187920001
13251.622049952857,gap,14,0.96444,0.7223192,0.696633529248
13255.707288975827,gap,14,0.9733699,0.7225879,0.7033453119642099
13259.795360965654,gap,14,0.96444,0.7228564,0.6971516264159999
13263.87063699076,gap,14,0.96444,0.7225879,0.6968926742759999
13267.964670958463,gap,14,0.96444,0.7223192,0.696633529248
13272.033094952349,gap,14,0.95551,0.7223192,0.6901832187920001
13276.127703953534,gap,14,0.96444,0.7225879,0.6968926742759999
13280.202794994693,gap,14,0.95551,0.7220506,0.689926568806
13284.295773948543,gap,14,0.95551,0.7225879,0.6904399643289999
13291.645314951893,gap,14,1.11625,0.8184852,0.9136341045
13295.776589948218,gap,14,1.13411,0.8187538,0.928556872118
13302.85068898229,gap,14,0.9465799,0.7225879,0.68398718212321
13306.965926953126,gap,14,0.95551,0.7225879,0.6904399643289999
13311.104553984478,gap,14,0.9465799,0.7228564,0.68424133882636
13318.42557596974,gap,14,1.12518,0.8184852,0.9209431773360001
13324.531850987114,gap,14,0.96444,0.7225879,0.6968926742759999
13329.048493003938,gap,14,0.95551,0.7225879,0.6904399643289999
13333.137804991566,gap,14,0.9465799,0.7225879,0.68398718212321
13337.237506988458,gap,14,0.9733699,0.7225879,0.7033453119642099
13341.34202299174,gap,14,0.9465799,0.7225879,0.68398718212321
13345.425890991464,gap,14,0.96444,0.7223192,0.696633529248
13352.790764998645,gap,14,1.11625,0.8184852,0.9136341045
13356.93511395948,gap,14,1.11625,0.8182165,0.913334168125
13363.956064975355,gap,14,0.9465799,0.7228564,0.68424133882636
13368.057193001732,gap,14,0.9465799,0.7225879,0.68398718212321
13372.15515295975,gap,14,0.9465799,0.7225879,0.68398718212321
13379.646340967156,gap,14,1.12518,0.8184852,0.9209431773360001
13387.842372991145,gap,14,1.11625,0.8187538,0.9139339292499999
13394.852694997098,gap,14,0.95551,0.7225879,0.6904399643289999
13398.926006979309,gap,14,0.95551,0.7228564,0.690696518764
13403.002301987726,gap,14,0.93765,0.7228564,0.6777863034599999
13409.235964005347,gap,14,1.13411,0.8184852,0.928252250172
13413.95462298533,gap,14,1.12518,0.8187538,0.9212454006840001
13420.992536004633,gap,14,0.9465799,0.7223192,0.6837328361040801
13428.297465958167,gap,14,1.11625,0.8182165,0.913334168125
13435.341250966303,gap,14,0.9465799,0.7225879,0.68398718212321
13439.427766948938,gap,14,0.9465799,0.7223192,0.6837328361040801
13446.718049002811,gap,14,1.11625,0.8182165,0.913334168125
13453.796461981256,gap,14,0.93765,0.7223192,0.67728259788
13457.889441982843,gap,14,0.9912299,0.7228564,0.7165168770863599
13461.998457962181,gap,14,0.95551,0.7228564,0.690696518764
13469.376219960395,gap,14,1.11625,0.8182165,0.913334168125
13473.534179967828,gap,14,1.11625,0.8179479,0.9130343433749999
13480.562223994639,gap,14,0.93765,0.7228564,0.6777863034599999
13484.631295956206,gap,14,0.93765,0.7225879,0.6775345444349999
13488.687886972912,gap,14,0.95551,0.7225879,0.6904399643289999
13492.777791980188,gap,14,0.96444,0.7225879,0.6968926742759999
13496.846363996156,gap,14,0.9465799,0.7223192,0.6837328361040801
13500.90599199757,gap,14,0.9465799,0.7225879,0.68398718212321
13504.971989954356,gap,14,0.93765,0.7228564,0.6777863034599999
13509.053616959136,gap,14,0.9465799,0.7223192,0.6837328361040801
13513.122059986927,gap,14,0.9465799,0.7225879,0.68398718212321
13519.442795950454,gap,14,1.68777,0.8187538,1.3818681010259999
13524.157231964637,gap,14,1.12518,0.8184852,0.9209431773360001
13531.238718947861,gap,14,0.95551,0.7228564,0.690696518764
13535.324438998941,gap,14,0.93765,0.7223192,0.67728259788
13542.678238998633,gap,14,1.12518,0.8184852,0.9209431773360001
13549.70463499194,gap,14,0.93765,0.7220506,0.6770307450899999
13553.800169960596,gap,14,0.9465799,0.7220506,0.68347858474294
13557.870778953657,gap,14,1.15197,0.7220506,0.831780629682
13561.932554002851,gap,14,0.9465799,0.7225879,0.68398718212321
13565.989015973173,gap,14,0.91979,0.7225879,0.664629124541
13570.076364965644,gap,14,0.95551,0.7228564,0.690696518764
13574.150325963274,gap,14,0.9465799,0.7223192,0.6837328361040801
13578.211305954028,gap,14,0.9287199,0.7225879,0.67108176222921
13582.272081985138,gap,14,0.9465799,0.7225879,0.68398718212321
13586.337635002565,gap,14,0.9465799,0.7225879,0.68398718212321
13590.43905895669,gap,14,0.93765,0.7225879,0.6775345444349999
13597.77498798212,gap,14,1.10732,0.8184852,0.9063250316640001
13601.937077997718,gap,14,1.12518,0.8184852,0.9209431773360001
13608.964658982586,gap,14,0.9287199,0.7225879,0.67108176222921
13613.030026957858,gap,14,0.9465799,0.7223192,0.6837328361040801
13617.103172990028,gap,14,0.9287199,0.7228564,0.67133112352236
13621.173708001152,gap,14,0.9465799,0.7223192,0.6837328361040801
13625.275964965113,gap,14,0.93765,0.7225879,0.6775345444349999
13632.626097998582,gap,14,1.12518,0.8182165,0.92064084147
13636.779835971538,gap,14,1.09839,0.8187538,0.8993109863819999
13643.80280597834,gap,14,0.9465799,0.7225879,0.68398718212321
13651.656748959795,gap,14,1.79493,0.8184852,1.469123640036
13656.408388982527,gap,14,1.11625,0.8187538,0.9139339292499999
13671.192838985007,gap,14,1.11625,0.8184852,0.9136341045
13678.810932964552,gap,14,0.9465799,0.7225879,0.68398718212321
13684.300472959876,gap,14,0.9465799,0.7225879,0.68398718212321
13702.422242960893,gap,14,1.27699,0.8636134,1.102825675666
13710.359333956148,gap,14,0.9465799,0.7223192,0.6837328361040801
13714.466516976245,gap,14,0.9465799,0.7225879,0.68398718212321
13718.604328983929,gap,14,0.9287199,0.721782,0.6703333068618
13725.874092953745,gap,14,1.97353,0.8184852,1.615305096756
13732.96561697498,gap,14,0.9287199,0.7223192,0.67083221519208
13737.056614947505,gap,14,0.95551,0.7223192,0.6901832187920001
13741.168334963731,gap,14,0.9287199,0.7223192,0.67083221519208
13748.521153000183,gap,14,1.11625,0.8184852,0.9136341045
13753.232107963413,gap,14,1.10732,0.8184852,0.9063250316640001
13760.283872950822,gap,14,0.9465799,0.7225879,0.68398718212321
13764.377871004399,gap,14,0.95551,0.7225879,0.6904399643289999
13768.465368950274,gap,14,0.9287199,0.7225879,0.67108176222921
13775.751076987945,gap,14,1.10732,0.8179479,0.905730068628
13779.901462956332,gap,14,1.09839,0.8182165,0.898720821435
13786.984135978855,gap,14,0.9465799,0.7225879,0.68398718212321
13791.042707976885,gap,14,0.9287199,0.7225879,0.67108176222921
13795.114890963305,gap,14,0.9287199,0.7223192,0.67083221519208
13799.18185196584,gap,14,0.91979,0.7228564,0.664876088156
13806.518484954722,gap,14,1.11625,0.8184852,0.9136341045
13812.627722974867,gap,14,0.9287199,0.7225879,0.67108176222921
13819.863949960563,gap,14,1.10732,0.8184852,0.9063250316640001
13824.560737994034,gap,14,1.09839,0.8184852,0.899015958828
13831.577837991063,gap,14,0.9287199,0.7225879,0.67108176222921
13835.702593962196,gap,14,0.91979,0.7223192,0.664381976968
13842.001440993045,gap,14,1.10732,0.8184852,0.9063250316640001
13846.748950949404,gap,14,1.09839,0.8187538,0.8993109863819999
13853.7414399907,gap,14,0.9465799,0.7223192,0.6837328361040801
13857.874381996226,gap,14,1.68777,0.7223192,1.219108676184
13861.980674962979,gap,14,0.9287199,0.7228564,0.67133112352236
13869.277327961754,gap,14,1.09839,0.8184852,0.899015958828
13876.363574003335,gap,14,0.9465799,0.7225879,0.68398718212321
13880.446331982967,gap,14,0.9465799,0.7225879,0.68398718212321
13884.516366990283,gap,14,0.93765,0.7225879,0.6775345444349999
13888.59838299686,gap,14,0.91979,0.7223192,0.664381976968
13895.873979956377,gap,14,1.10732,0.8184852,0.9063250316640001
13900.018402957357,gap,14,1.10732,0.8182165,0.9060274947800001
13904.196788964327,gap,14,1.10732,0.8182165,0.9060274947800001
13908.346507989336,gap,14,1.08946,0.8182165,0.8914141480900001
13912.490949966013,gap,14,1.10732,0.8184852,0.9063250316640001
13919.54499296844,gap,14,0.9287199,0.7225879,0.67108176222921
13923.627805954311,gap,14,0.9287199,0.7225879,0.67108176222921
13927.688192983624,gap,14,0.9287199,0.721782,0.6703333068618
13931.844319973607,gap,14,0.9465799,0.7223192,0.6837328361040801
13939.200156950392,gap,14,1.08946,0.8187538,0.891999514948
13943.353968963493,gap,14,1.10732,0.8179479,0.905730068628
13947.485576965846,gap,14,1.09839,0.8184852,0.899015958828
13951.66275894735,gap,14,1.10732,0.8182165,0.9060274947800001
13955.791922984645,gap,14,1.10732,0.8184852,0.9063250316640001
13963.351980957668,gap,14,0.9465799,0.7225879,0.68398718212321
13967.450051975902,gap,14,0.91979,0.7225879,0.664629124541
13971.552938979585,gap,14,0.9465799,0.7225879,0.68398718212321
13975.62736296095,gap,14,0.93765,0.7220506,0.6770307450899999
13979.700008989312,gap,14,0.9287199,0.7225879,0.67108176222921
13983.796135988086,gap,14,0.9465799,0.7223192,0.6837328361040801
13991.14689900307,gap,14,1.10732,0.8182165,0.9060274947800001
13995.276692963671,gap,14,1.10732,0.8182165,0.9060274947800001
14002.297254977748,gap,14,0.9287199,0.7228564,0.67133112352236
14006.348363996949,gap,14,0.9287199,0.7225879,0.67108176222921
14010.438194964081,gap,14,0.9287199,0.7225879,0.67108176222921
14017.765661992598,gap,14,1.09839,0.8182165,0.898720821435
14024.840056954417,gap,14,0.93765,0.7223192,0.67728259788
14028.96923996741,gap,14,1.12518,0.7225879,0.813041453322
14033.092199999373,gap,14,0.93765,0.7225879,0.6775345444349999
14040.447721956298,gap,14,1.10732,0.8182165,0.9060274947800001
14044.611478981096,gap,14,1.08946,0.8182165,0.8914141480900001
14051.641336991452,gap,14,0.9287199,0.7223192,0.67083221519208
14055.71746500209,gap,14,0.93765,0.7225879,0.6775345444349999
14059.793888998684,gap,14,0.9287199,0.7225879,0.67108176222921
14063.919959997293,gap,14,0.93765,0.7228564,0.6777863034599999
14071.27275998937,gap,14,1.11625,0.8184852,0.9136341045
14075.432960991748,gap,14,1.10732,0.8179479,0.905730068628
14082.81375997467,gap,14,0.8929999,0.7228564,0.6455106929143599
14090.65509197535,gap,14,1.33057,0.9280821,1.234878199797
14096.607349987607,gap,14,1.33057,0.928888,1.23595050616
14101.338933978695,gap,14,1.33057,0.9283507,1.235235590899
14105.54207896348,gap,14,1.32164,0.9280821,1.226590426644
14109.722669003531,gap,14,1.3395,0.928888,1.244245476
14113.877591968048,gap,14,1.39308,0.9283507,1.293266793156
14120.695082005113,gap,14,1.29485,0.9280821,1.201727107185
14124.82602399541,gap,14,1.29485,0.9283507,1.202074903895
14131.83886394836,gap,14,1.32164,0.9283507,1.2269454191479998
14136.009008972906,gap,14,1.32164,0.928888,1.22765553632
14140.164727985393,gap,14,1.33057,0.9283507,1.235235590899
14144.370002963115,gap,14,1.32164,0.928888,1.22765553632
14148.525592987426,gap,14,1.32164,0.9291566,1.228010528824
14156.789994973224,gap,14,1.09839,0.8182165,0.898720821435
14163.867297000252,gap,14,0.9287199,0.7228564,0.67133112352236
14167.986868997104,gap,14,0.93765,0.7223192,0.67728259788
14172.071940964088,gap,14,0.9287199,0.723125,0.6715805776875
14176.142456999514,gap,14,0.91979,0.7223192,0.664381976968
14180.228269950021,gap,14,0.9108599,0.7223192,0.65793159428008
14184.387044981122,gap,14,0.91979,0.7225879,0.664629124541
14191.659901000094,gap,14,1.09839,0.8184852,0.899015958828
14195.814805978443,gap,14,1.09839,0.8182165,0.898720821435
14202.846793981735,gap,14,0.91979,0.7225879,0.664629124541
14207.699487975333,bench:f986c6b9dc9432bd,15,0.9465799,0.7223192,0.6837328361040801
14216.30320197437,bench:f986c6b9dc9432bd,15,2.9469,0.723125,2.1309770625
14220.933175995015,bench:f986c6b9dc9432bd,15,3.18801,0.8735522,2.784893149122
14232.300862960983,bench:f986c6b9dc9432bd,15,5.358,0.9286194,4.975542745199999
14236.665098986123,bench:f986c6b9dc9432bd,15,5.48302,0.9294252,5.096056960104
14248.306727968156,bench:f986c6b9dc9432bd,15,5.509809,0.9291566,5.1194753970894
14252.448020968586,bench:f986c6b9dc9432bd,15,3.55414,0.9283507,3.299488356898
14256.540186004713,bench:f986c6b9dc9432bd,15,4.49179,0.928888,4.17236982952
14260.651942982804,bench:f986c6b9dc9432bd,15,4.44714,0.928888,4.13089498032
14268.408386968076,bench:f986c6b9dc9432bd,15,2.92011,0.9286194,2.7116707961340003
14276.36880998034,bench:f986c6b9dc9432bd,15,4.15245,0.928888,3.8571609756000003
14280.471955949906,bench:f986c6b9dc9432bd,15,4.08101,0.9294252,3.7929935354519997
14284.532453981228,bench:f986c6b9dc9432bd,15,4.08994,0.928888,3.7990961867200004
14288.579933985602,bench:f986c6b9dc9432bd,15,4.14352,0.9286194,3.8477530562879996
14296.080546977464,bench:f986c6b9dc9432bd,15,5.92952,0.9283507,5.504674042664
14300.158081983682,bench:f986c6b9dc9432bd,15,4.1078,0.9286194,3.81458277132
14304.288467974402,bench:f986c6b9dc9432bd,15,4.08994,0.9291566,3.8001947446040005
14308.373521955218,bench:f986c6b9dc9432bd,15,4.08101,0.9286194,3.789705057594
14312.432037957478,bench:f986c6b9dc9432bd,15,4.14352,0.9291566,3.849978955232
14320.414257992525,bench:f986c6b9dc9432bd,15,4.08101,0.9291566,3.791897376166
14328.410329995677,bench:f986c6b9dc9432bd,15,2.92904,0.9283507,2.719176334328
14336.091403965838,bench:f986c6b9dc9432bd,15,5.99203,0.9283507,5.562705244920999
14344.405416981317,bench:f986c6b9dc9432bd,15,3.572,0.928888,3.317987936
14348.523765977006,bench:f986c6b9dc9432bd,15,5.509809,0.9286194,5.1165155276946
14356.088322994765,bench:f986c6b9dc9432bd,15,5.85808,0.928888,5.4415002150400005
14360.400707984809,bench:f986c6b9dc9432bd,15,5.68841,0.928888,5.283895788080001
14364.776683971286,bench:f986c6b9dc9432bd,15,5.491949,0.9304997,5.1102568969153
14376.378905959427,bench:f986c6b9dc9432bd,15,5.48302,0.9280821,5.088692715942
14392.362957005389,bench:f986c6b9dc9432bd,15,5.52767,0.9326486,5.155373686762
14400.08117898833,bench:f986c6b9dc9432bd,15,5.68841,0.9286194,5.282367881154
14404.398248996586,bench:f986c6b9dc9432bd,15,5.46516,0.931037,5.08826617092
14412.083637958858,bench:f986c6b9dc9432bd,15,5.509809,0.9286194,5.1165155276946
14416.230653994717,bench:f986c6b9dc9432bd,15,4.43821,0.9280821,4.1190232570409995
14420.42587295873,bench:f986c6b9dc9432bd,15,4.1078,0.9280821,3.8123756503800004
14424.478870991152,bench:f986c6b9dc9432bd,15,4.12566,0.9291566,3.833384218356
14428.541572997347,bench:f986c6b9dc9432bd,15,4.11673,0.928888,3.82398109624
14432.636237004772,bench:f986c6b9dc9432bd,15,5.491949,0.9299625,5.1073066219125005
14440.105849993415,bench:f986c6b9dc9432bd,15,5.51874,0.9283507,5.123326142118
14444.23545897007,bench:f986c6b9dc9432bd,15,6.00096,0.9286194,5.5726078746239995
14451.956717995927,bench:f986c6b9dc9432bd,15,5.491949,0.9291566,5.1028806602134
14456.491692981217,bench:f986c6b9dc9432bd,15,5.509809,0.9291566,5.1194753970894
14464.303543965798,bench:f986c6b9dc9432bd,15,5.59018,0.9294252,5.195654164536
14472.020006971434,bench:f986c6b9dc9432bd,15,5.58125,0.9299625,5.190353203125
14476.452927978244,bench:f986c6b9dc9432bd,15,5.51874,0.9280821,5.121843808554
14480.559221992735,bench:f986c6b9dc9432bd,15,5.68841,0.9286194,5.282367881154
14484.73229299998,bench:f986c6b9dc9432bd,15,5.50088,0.9272762,5.100835103056
14488.872807996813,bench:f986c6b9dc9432bd,15,5.63483,0.928888,5.23412596904
14493.06310195243,bench:f986c6b9dc9432bd,15,5.50088,0.928888,5.1097014214400005
14497.250264976174,bench:f986c6b9dc9432bd,15,5.91166,0.9294252,5.494445777832
14501.332540996373,bench:f986c6b9dc9432bd,15,5.97417,0.9291566,5.550939485022
14505.437686981168,bench:f986c6b9dc9432bd,15,5.509809,0.9280821,5.1135551073189
14516.370895958971,bench:f986c6b9dc9432bd,15,5.509809,0.9291566,5.1194753970894
14520.547800988425,bench:f986c6b9dc9432bd,15,5.51874,0.9294252,5.129256028248
14524.608242965769,bench:f986c6b9dc9432bd,15,5.54553,0.928888,5.151176270640001
14528.67462998256,bench:f986c6b9dc9432bd,15,5.43837,0.9299625,5.057480161125
14540.360591956414,bench:f986c6b9dc9432bd,15,5.55446,0.9347976,5.192295877296
14544.461496989243,bench:f986c6b9dc9432bd,15,5.50088,0.9280821,5.105268262248001
14548.861843999475,bench:f986c6b9dc9432bd,15,5.46516,0.9294252,5.079457426032
14556.287290994078,bench:f986c6b9dc9432bd,15,5.491949,0.9326486,5.1220585461214005
14560.380882001482,bench:f986c6b9dc9432bd,15,5.65269,0.9294252,5.253752533787999
14564.52256400371,bench:f986c6b9dc9432bd,15,5.65269,0.9291566,5.252234221254
14568.565043970011,bench:f986c6b9dc9432bd,15,5.5366,0.928888,5.1428813008
14576.060989988036,bench:f986c6b9dc9432bd,15,5.50088,0.9294252,5.112656494176
14584.305355965625,bench:f986c6b9dc9432bd,15,5.48302,0.9283507,5.090165455114
14596.366535988636,bench:f986c6b9dc9432bd,15,5.50088,0.9291566,5.111178957808001
14600.451811973471,bench:f986c6b9dc9432bd,15,5.474089,0.9280821,5.0804040147069
14604.552735981997,bench:f986c6b9dc9432bd,15,5.51874,0.9280821,5.121843808554
14608.668139961082,bench:f986c6b9dc9432bd,15,5.94738,0.9286194,5.522852447172
14616.286289994605,bench:f986c6b9dc9432bd,15,5.90273,0.9294252,5.486146010795999
14620.466341963038,bench:f986c6b9dc9432bd,15,5.54553,0.9304997,5.160114001341
14624.65783895459,bench:f986c6b9dc9432bd,15,5.63483,0.928888,5.23412596904
14628.749152005184,bench:f986c6b9dc9432bd,15,5.54553,0.9302311,5.158624471983
14632.802445965353,bench:f986c6b9dc9432bd,15,5.54553,0.9291566,5.152665799998
14636.85449998593,bench:f986c6b9dc9432bd,15,5.5366,0.9302311,5.15031750826
14644.057078985497,bench:f986c6b9dc9432bd,15,4.14352,0.9283507,3.8466396924639996
14648.19350198377,bench:f986c6b9dc9432bd,15,2.63435,0.9304997,2.451261884695
14656.443866959307,bench:f986c6b9dc9432bd,15,5.94738,0.928888,5.52444991344
14664.407827949617,bench:f986c6b9dc9432bd,15,2.64328,0.9294252,2.4567310426559996
14676.284454995766,bench:f986c6b9dc9432bd,15,5.50088,0.9280821,5.105268262248001
14688.366616959684,bench:f986c6b9dc9432bd,15,5.52767,0.928888,5.1345863309599995
14696.419983985834,bench:f986c6b9dc9432bd,15,4.29533,0.9286194,3.988726767402
14700.515314994846,bench:f986c6b9dc9432bd,15,3.00048,0.9291566,2.787915795168
14704.60501598427,bench:f986c6b9dc9432bd,15,4.13459,0.928888,3.8405710359200005
14708.626737003215,bench:f986c6b9dc9432bd,15,4.13459,0.928888,3.8405710359200005
14712.662086996716,bench:f986c6b9dc9432bd,15,4.15245,0.9286194,3.85604562753
14716.67334495578,bench:f986c6b9dc9432bd,15,4.14352,0.9286194,3.8477530562879996
14720.689639972989,bench:f986c6b9dc9432bd,15,4.14352,0.9291566,3.849978955232
14724.718730954919,bench:f986c6b9dc9432bd,15,4.40249,0.9280821,4.085872164429
14728.82967296755,bench:f986c6b9dc9432bd,15,4.11673,0.9294252,3.826192603595999
14732.927206961904,bench:f986c6b9dc9432bd,15,4.09887,0.928888,3.80739115656
14736.969557998236,bench:f986c6b9dc9432bd,15,4.1078,0.928888,3.8156861264
14741.0726659582,bench:f986c6b9dc9432bd,15,4.11673,0.9296938,3.8272983572739996
14747.197310964111,bench:f986c6b9dc9432bd,15,4.13459,0.9280821,3.8372389698390004
14760.370665986557,bench:f986c6b9dc9432bd,15,5.96524,0.928888,5.54103985312
14772.364217962604,bench:f986c6b9dc9432bd,15,5.68841,0.931037,5.29612018117
14776.482714980375,bench:f986c6b9dc9432bd,15,5.50088,0.9302311,5.117089653368001
14784.141419979278,bench:f986c6b9dc9432bd,15,5.92952,0.9291566,5.5094526428320005
14792.09549195366,bench:f986c6b9dc9432bd,15,5.97417,0.9296938,5.5541488091460005
14800.11776596075,bench:f986c6b9dc9432bd,15,5.50088,0.9294252,5.112656494176
14804.41078095464,bench:f986c6b9dc9432bd,15,5.57232,0.9299625,5.182048638
14808.517685974948,bench:f986c6b9dc9432bd,15,4.16138,0.928888,3.8654559454400004
14812.541165971197,bench:f986c6b9dc9432bd,15,4.16138,0.928888,3.8654559454400004
14816.642848949414,bench:f986c6b9dc9432bd,15,4.1078,0.928888,3.8156861264
14820.704105950426,bench:f986c6b9dc9432bd,15,4.14352,0.928888,3.8488660057599997
14824.789344973397,bench:f986c6b9dc9432bd,15,4.11673,0.9294252,3.826192603595999
14828.878360975068,bench:f986c6b9dc9432bd,15,4.1078,0.9286194,3.81458277132
14833.002191968262,bench:f986c6b9dc9432bd,15,4.14352,0.9283507,3.8466396924639996
14837.100596982054,bench:f986c6b9dc9432bd,15,4.14352,0.9294252,3.8510919047039995
14841.247945965733,bench:f986c6b9dc9432bd,15,4.14352,0.9304997,3.855544116944
14845.354868972208,bench:f986c6b9dc9432bd,15,4.14352,0.9304997,3.855544116944
14852.401060983539,bench:f986c6b9dc9432bd,15,4.13459,0.9280821,3.8372389698390004
14856.469391961582,bench:f986c6b9dc9432bd,15,5.54553,0.931037,5.16309361461
14864.077596983407,bench:f986c6b9dc9432bd,15,5.97417,0.9294252,5.552544147083999
14868.194649985526,bench:f986c6b9dc9432bd,15,4.12566,0.928888,3.83227606608
14872.29218496941,bench:f986c6b9dc9432bd,15,4.11673,0.9286194,3.8228753425619995
14876.382441958413,bench:f986c6b9dc9432bd,15,4.14352,0.9286194,3.8477530562879996
14884.422660979908,bench:f986c6b9dc9432bd,15,4.17031,0.9286194,3.8726307700139997
14888.49180698162,bench:f986c6b9dc9432bd,15,5.509809,0.9291566,5.1194753970894
14892.585600959137,bench:f986c6b9dc9432bd,15,5.491949,0.9294252,5.1043557977148
14900.090491981246,bench:f986c6b9dc9432bd,15,5.68841,0.9296938,5.288479508858
14904.405320994556,bench:f986c6b9dc9432bd,15,5.50088,0.9283507,5.106745798616
14908.790908986703,bench:f986c6b9dc9432bd,15,5.92059,0.928888,5.49956500392
14912.840147968382,bench:f986c6b9dc9432bd,15,5.54553,0.9304997,5.160114001341
14917.007774987724,bench:f986c6b9dc9432bd,15,5.56339,0.9299625,5.173744072875
14924.093780980911,bench:f986c6b9dc9432bd,15,5.68841,0.9286194,5.282367881154
14928.405257989652,bench:f986c6b9dc9432bd,15,5.474089,0.9291566,5.0862859233374005
14932.479755952954,bench:f986c6b9dc9432bd,15,5.5366,0.928888,5.1428813008
14936.863250972237,bench:f986c6b9dc9432bd,15,5.65269,0.9294252,5.253752533787999
14948.354584979825,bench:f986c6b9dc9432bd,15,5.99203,0.9283507,5.562705244920999
14952.486508002039,bench:f986c6b9dc9432bd,15,5.55446,0.928888,5.15947124048
14956.568302004598,bench:f986c6b9dc9432bd,15,5.5366,0.9299625,5.1488303775
14960.96029697219,bench:f986c6b9dc9432bd,15,5.65269,0.9286194,5.249197596186
14965.029091981705,bench:f986c6b9dc9432bd,15,5.59018,0.9280821,5.188145993778
14972.287836950272,bench:f986c6b9dc9432bd,15,5.50088,0.9326486,5.1303880307680005
14980.08835397195,bench:f986c6b9dc9432bd,15,5.51874,0.9283507,5.123326142118
14988.319886964746,bench:f986c6b9dc9432bd,15,5.65269,0.9280821,5.246160405849
14996.008645975962,bench:f986c6b9dc9432bd,15,5.87594,0.9291566,5.459668432204
15000.413418980315,bench:f986c6b9dc9432bd,15,5.51874,0.9286194,5.124809027556
15004.897042002995,bench:f986c6b9dc9432bd,15,5.36693,0.928888,4.98527687384
15012.298730958719,bench:f986c6b9dc9432bd,15,5.5366,0.9294252,5.1458555623199995
15024.360577983316,bench:f986c6b9dc9432bd,15,5.5366,0.9291566,5.14436843156
15028.488000971265,bench:f986c6b9dc9432bd,15,5.52767,0.9294252,5.137555795283999
15032.564665947575,bench:f986c6b9dc9432bd,15,5.57232,0.931037,5.18803609584
15040.345072979107,bench:f986c6b9dc9432bd,15,5.68841,0.9283507,5.280839405387
15048.061886976939,bench:f986c6b9dc9432bd,15,5.87594,0.9294252,5.461246709688
15056.315881956834,bench:f986c6b9dc9432bd,15,5.54553,0.9296938,5.155644858714
15064.061381970532,bench:f986c6b9dc9432bd,15,5.96524,0.9294252,5.544244380047999
15068.093768961262,bench:f986c6b9dc9432bd,15,2.62542,0.9294252,2.440131508584
15072.13145296555,bench:f986c6b9dc9432bd,15,4.06315,0.9326486,3.7894911590900002
15080.955960962456,bench:f986c6b9dc9432bd,15,5.57232,0.9280821,5.171570447472001
15092.350813967641,bench:f986c6b9dc9432bd,15,5.474089,0.9283507,5.0818743550123004
15096.475237980485,bench:f986c6b9dc9432bd,15,5.68841,0.9296938,5.288479508858
15100.93578696251,bench:f986c6b9dc9432bd,15,4.02743,0.928888,3.74103139784
15112.319899955764,bench:f986c6b9dc9432bd,15,4.12566,0.9296938,3.835600522908
15124.364877003245,bench:f986c6b9dc9432bd,15,5.48302,0.9326486,5.113730926772
15132.372819003649,bench:f986c6b9dc9432bd,15,3.25945,0.9296938,3.0302904564100004
15140.136540983804,bench:f986c6b9dc9432bd,15,5.34907,0.9286194,4.967250173958
15144.161038973834,bench:f986c6b9dc9432bd,15,2.51826,0.9286194,2.3385050902440003
15156.24223795021,bench:f986c6b9dc9432bd,15,5.50088,0.9291566,5.111178957808001
15164.103069982957,bench:f986c6b9dc9432bd,15,5.67055,0.9296938,5.27187517759
15176.374359987676,bench:f986c6b9dc9432bd,15,5.54553,0.9275449,5.143728069297
15184.046193957329,bench:f986c6b9dc9432bd,15,5.65269,0.9291566,5.252234221254
15188.380207982846,bench:f986c6b9dc9432bd,15,5.51874,0.9294252,5.129256028248
15193.020940991119,bench:f986c6b9dc9432bd,15,4.14352,0.928888,3.8488660057599997
15197.507878998294,bench:f986c6b9dc9432bd,15,4.14352,0.9294252,3.8510919047039995
15211.883148993365,gap,16,1.72349,0.9283507,1.600003147943
15218.415418989025,gap,16,1.50024,0.8888636,1.333508727264
15245.46838196693,gap,16,1.46452,0.888595,1.3013651494
15249.387769959867,gap,16,1.47345,0.888595,1.3093003027499999
15253.284454985987,gap,16,1.46452,0.888595,1.3013651494
15260.217017959803,gap,16,0.9822999,0.7225879,0.70979802191121
15264.323071984109,gap,16,0.9822999,0.7225879,0.70979802191121
15268.405846960377,gap,16,0.9912299,0.7225879,0.71625073185821
15272.48032699572,gap,16,0.9912299,0.7225879,0.71625073185821
15276.583916973323,gap,16,0.96444,0.7225879,0.6968926742759999
15280.688247992657,gap,16,0.9822999,0.7220506,0.70927023217494
15284.762504976243,gap,16,0.9822999,0.7225879,0.70979802191121
15288.827169977594,gap,16,0.9822999,0.7225879,0.70979802191121
15292.90050099371,gap,16,0.9912299,0.7223192,0.7159843883840801
15296.965165995061,gap,16,0.9822999,0.7223192,0.7095340779280801
15301.057700999081,gap,16,0.9822999,0.7223192,0.7095340779280801
15305.135549977422,gap,16,0.96444,0.7225879,0.6968926742759999
15309.19628898846,gap,16,0.96444,0.7228564,0.6971516264159999
15313.264323980547,gap,16,0.9733699,0.7228564,0.70360666178236
15317.351043981034,gap,16,0.9822999,0.7225879,0.70979802191121
15321.424171968829,gap,16,0.96444,0.7228564,0.6971516264159999
15325.488558970392,gap,16,0.96444,0.7225879,0.6968926742759999
15329.551926988643,gap,16,0.9822999,0.7225879,0.70979802191121
15333.616628951859,gap,16,0.9822999,0.7225879,0.70979802191121
15337.69840496825,gap,16,0.9822999,0.7225879,0.70979802191121
15341.7696619872,gap,16,0.9733699,0.7228564,0.70360666178236
15345.827789977193,gap,16,0.9822999,0.7225879,0.70979802191121
15349.915620987304,gap,16,1.71456,0.7223192,1.2384596075520002
15356.239429966081,gap,16,1.11625,0.8184852,0.9136341045
15360.932255978696,gap,16,1.14304,0.8184852,0.9355613230080001
15367.9444110021,gap,16,0.9733699,0.7223192,0.70308376747208
15372.035741980653,gap,16,0.9733699,0.7225879,0.7033453119642099
15376.144424953964,gap,16,0.96444,0.7223192,0.696633529248
15380.232070980128,gap,16,0.9733699,0.7225879,0.7033453119642099
15388.32723395899,gap,16,0.9465799,0.7225879,0.68398718212321
15395.683458948042,gap,16,1.12518,0.8187538,0.9212454006840001
15399.863714992534,gap,16,1.12518,0.8187538,0.9212454006840001
15406.945313967299,gap,16,0.95551,0.7225879,0.6904399643289999
15411.003219953272,gap,16,0.9733699,0.7223192,0.70308376747208
15415.080365957692,gap,16,0.9733699,0.7225879,0.7033453119642099
15419.164177961648,gap,16,0.9733699,0.7228564,0.70360666178236
15423.217602947261,gap,16,0.96444,0.7225879,0.6968926742759999
15427.267563994974,gap,16,0.95551,0.7225879,0.6904399643289999
15431.333913991693,gap,16,0.96444,0.7228564,0.6971516264159999
15435.387781995814,gap,16,0.96444,0.7223192,0.696633529248
15439.469520992134,gap,16,0.96444,0.7223192,0.696633529248
15443.538962979801,gap,16,0.96444,0.7228564,0.6971516264159999
15447.614719974808,gap,16,0.9733699,0.7225879,0.7033453119642099
15451.668291992974,gap,16,0.95551,0.7225879,0.6904399643289999
15455.72699396871,gap,16,0.96444,0.7223192,0.696633529248
15459.799473988824,gap,16,0.96444,0.7225879,0.6968926742759999
15463.88063795166,gap,16,0.9733699,0.7225879,0.7033453119642099
15467.95670996653,gap,16,0.96444,0.7223192,0.696633529248
15472.02768997522,gap,16,0.96444,0.7223192,0.696633529248
15476.091539952904,gap,16,0.95551,0.7223192,0.6901832187920001
15480.16605596058,gap,16,0.96444,0.7223192,0.696633529248
15484.260886965785,gap,16,0.9733699,0.7223192,0.70308376747208
15488.335514965001,gap,16,0.96444,0.7223192,0.696633529248
15492.405364988372,gap,16,0.95551,0.7223192,0.6901832187920001
15496.447788958903,gap,16,0.9465799,0.7223192,0.6837328361040801
15500.498786976095,gap,16,0.9465799,0.7223192,0.6837328361040801
15504.585376998875,gap,16,0.95551,0.7223192,0.6901832187920001
15508.646782953292,gap,16,0.9465799,0.7225879,0.68398718212321
15512.72113295272,gap,16,0.95551,0.7225879,0.6904399643289999
15516.79061196046,gap,16,0.95551,0.7220506,0.689926568806
15524.083541997243,gap,16,1.11625,0.8184852,0.9136341045
15531.339768960606,gap,16,0.95551,0.7225879,0.6904399643289999
15535.441043961328,gap,16,0.9733699,0.7225879,0.7033453119642099
15539.51557900291,gap,16,0.9733699,0.7220506,0.70282232031694
15543.60470699612,gap,16,0.96444,0.7228564,0.6971516264159999
15547.663815959822,gap,16,0.9465799,0.7225879,0.68398718212321
15551.734424952883,gap,16,0.9465799,0.7220506,0.68347858474294
15555.784792988561,gap,16,0.9465799,0.7225879,0.68398718212321
15559.841254958883,gap,16,0.9465799,0.7223192,0.6837328361040801
15563.983380969148,gap,16,0.95551,0.7220506,0.689926568806
15568.131933978293,gap,16,0.96444,0.7228564,0.6971516264159999
15575.480992964003,gap,16,1.11625,0.8187538,0.9139339292499999
15579.632434993982,gap,16,1.11625,0.8179479,0.9130343433749999
15583.82552396506,gap,16,1.12518,0.8182165,0.92064084147
15588.052687991876,gap,16,1.10732,0.8182165,0.9060274947800001
15592.225628963206,gap,16,1.11625,0.8184852,0.9136341045
15599.348337971605,gap,16,0.9465799,0.7220506,0.68347858474294
15603.416521975305,gap,16,0.93765,0.7225879,0.6775345444349999
15607.490222959314,gap,16,0.9465799,0.7225879,0.68398718212321
15611.571553978138,gap,16,0.9465799,0.7225879,0.68398718212321
15618.904983974062,gap,16,1.11625,0.8182165,0.913334168125
15625.937934964895,gap,16,0.9912299,0.7228564,0.7165168770863599
15630.029025953263,gap,16,0.96444,0.7225879,0.6968926742759999
15634.108041995205,gap,16,0.95551,0.7225879,0.6904399643289999
15638.187798962463,gap,16,0.9465799,0.7225879,0.68398718212321
15642.253000987694,gap,16,0.96444,0.7225879,0.6968926742759999
15646.318813960534,gap,16,0.9287199,0.7225879,0.67108176222921
15650.391125993337,gap,16,0.96444,0.7225879,0.6968926742759999
15654.470660956576,gap,16,0.93765,0.7223192,0.67728259788
15658.547066967003,gap,16,0.9465799,0.7223192,0.6837328361040801
15662.621397990733,gap,16,0.9465799,0.7225879,0.68398718212321
15666.712673963048,gap,16,0.95551,0.723125,0.69095316875
15673.020353948232,gap,16,1.10732,0.8182165,0.9060274947800001
15677.725937974174,gap,16,1.11625,0.8184852,0.9136341045
15681.896601978224,gap,16,1.13411,0.8182165,0.9279475148149999
15686.04946898995,gap,16,1.11625,0.8187538,0.9139339292499999
15693.077383970376,gap,16,0.9465799,0.7220506,0.68347858474294
15697.13075197069,gap,16,0.9465799,0.7228564,0.68424133882636
15701.197786955163,gap,16,0.9465799,0.7223192,0.6837328361040801
15705.282821960282,gap,16,0.9465799,0.7225879,0.68398718212321
15709.431818977464,gap,16,0.9465799,0.7225879,0.68398718212321
15717.880590003915,gap,16,1.6967,0.8182165,1.38826793555
15732.655818981584,gap,16,1.12518,0.8184852,0.9209431773360001
15740.749703953043,gap,16,2.65221,0.723125,1.9178793562500003
15745.254752982873,gap,16,0.95551,0.7225879,0.6904399643289999
15763.443707954139,gap,16,1.30378,0.8633446,1.125611422588
15771.378261968493,gap,16,0.9465799,0.7223192,0.6837328361040801
15775.950143986847,gap,16,0.9465799,0.7223192,0.6837328361040801
15783.608569996431,gap,16,1.09839,0.8182165,0.898720821435
15787.770900991745,gap,16,1.11625,0.8184852,0.9136341045
15793.890600965824,gap,16,0.9733699,0.7223192,0.70308376747208
15798.45589096658,gap,16,0.9465799,0.7223192,0.6837328361040801
15802.538129966706,gap,16,0.9465799,0.7225879,0.68398718212321
15806.633460975718,gap,16,0.9465799,0.7223192,0.6837328361040801
15810.753587982617,gap,16,0.93765,0.7225879,0.6775345444349999
15814.840270963032,gap,16,0.95551,0.7225879,0.6904399643289999
15821.072043967433,gap,16,1.10732,0.8182165,0.9060274947800001
15825.773535994813,gap,16,1.10732,0.8179479,0.905730068628
15832.805783953518,gap,16,0.96444,0.7225879,0.6968926742759999
15836.907299992163,gap,16,0.96444,0.7223192,0.696633529248
15840.990761003923,gap,16,0.95551,0.7225879,0.6904399643289999
15845.064461987931,gap,16,0.93765,0.7223192,0.67728259788
15849.137144978158,gap,16,0.9465799,0.7225879,0.68398718212321
15853.21077296976,gap,16,0.9465799,0.7223192,0.6837328361040801
15857.26940096356,gap,16,0.9465799,0.7225879,0.68398718212321
15861.356175970286,gap,16,0.9465799,0.7223192,0.6837328361040801
15865.441747999284,gap,16,0.9465799,0.7228564,0.68424133882636
15872.806936968118,gap,16,1.10732,0.8182165,0.9060274947800001
15876.939341949765,gap,16,1.11625,0.8182165,0.913334168125
15883.962755964603,gap,16,0.95551,0.7225879,0.6904399643289999
15888.047975953668,gap,16,0.93765,0.7223192,0.67728259788
15892.151861975435,gap,16,0.9465799,0.7225879,0.68398718212321
15899.712585960515,gap,16,1.10732,0.8182165,0.9060274947800001
15903.85011996841,gap,16,1.09839,0.8184852,0.899015958828
15910.875904955901,gap,16,0.93765,0.7225879,0.6775345444349999
15914.943309966475,gap,16,0.9465799,0.7225879,0.68398718212321
15919.023974973243,gap,16,0.9465799,0.7225879,0.68398718212321
15923.07882499881,gap,16,0.93765,0.7223192,0.67728259788
15927.176266966853,gap,16,0.9465799,0.7228564,0.68424133882636
15931.24435795471,gap,16,0.96444,0.7223192,0.696633529248
15935.313503956422,gap,16,0.93765,0.7228564,0.6777863034599999
15939.378482988104,gap,16,0.9287199,0.7228564,0.67133112352236
15943.438777991105,gap,16,0.9465799,0.7225879,0.68398718212321
15947.514571947977,gap,16,0.9287199,0.7225879,0.67108176222921
15951.580865948927,gap,16,0.93765,0.7225879,0.6775345444349999
15955.65317897126,gap,16,0.9465799,0.7223192,0.6837328361040801
15959.730695001781,gap,16,0.9287199,0.7225879,0.67108176222921
15967.077698966023,gap,16,1.11625,0.8187538,0.9139339292499999
15971.231362957042,gap,16,1.10732,0.8184852,0.9063250316640001
15978.243461984675,gap,16,0.96444,0.7223192,0.696633529248
15982.298756949604,gap,16,0.9465799,0.7223192,0.6837328361040801
15986.380976974033,gap,16,0.9465799,0.7225879,0.68398718212321
15990.457788982894,gap,16,0.9465799,0.7225879,0.68398718212321
15994.54295396572,gap,16,0.9465799,0.7223192,0.6837328361040801
15998.597803991288,gap,16,0.9465799,0.7225879,0.68398718212321
16002.666208951268,gap,16,0.9465799,0.7220506,0.68347858474294
16006.718540971633,gap,16,0.9465799,0.7223192,0.6837328361040801
16010.777390969452,gap,16,0.9465799,0.7225879,0.68398718212321
16014.850999985356,gap,16,0.9465799,0.7228564,0.68424133882636
16018.915182969067,gap,16,0.9465799,0.7223192,0.6837328361040801
16022.97201397596,gap,16,0.9465799,0.7225879,0.68398718212321
16027.057659986895,gap,16,0.95551,0.7223192,0.6901832187920001
16031.131028954405,gap,16,0.9287199,0.7228564,0.67133112352236
16035.214359988458,gap,16,0.9287199,0.7220506,0.67058276102694
16039.271876972634,gap,16,0.9465799,0.7223192,0.6837328361040801
16043.33063395461,gap,16,0.9287199,0.7223192,0.67083221519208
16047.38159495173,gap,16,0.9465799,0.7223192,0.6837328361040801
16051.440259965602,gap,16,0.9465799,0.7225879,0.68398718212321
16055.510053993203,gap,16,0.9465799,0.7225879,0.68398718212321
16059.590736986138,gap,16,0.9287199,0.7225879,0.67108176222921
16063.641105953138,gap,16,0.9465799,0.7223192,0.6837328361040801
16067.694770987146,gap,16,0.9465799,0.7223192,0.6837328361040801
16071.762305975426,gap,16,0.9465799,0.7225879,0.68398718212321
16075.823914958164,gap,16,0.9465799,0.7228564,0.68424133882636
16080.022059963085,gap,16,0.9108599,0.7228564,0.65842090821836
16085.424822987989,gap,16,0.9108599,0.7228564,0.65842090821836
16093.690039997455,gap,16,1.3395,0.9283507,1.2435257626499998
16098.449919954874,gap,16,1.32164,0.9286194,1.2273005438159998
16102.62767598033,gap,16,1.33057,0.9286194,1.235593115058
16106.802098976914,gap,16,1.32164,0.9283507,1.2269454191479998
16112.540117988829,gap,16,1.30378,0.9283507,1.2103650756459998
16117.167702992447,gap,16,1.32164,0.928888,1.22765553632
16121.281459985767,gap,16,1.30378,0.9283507,1.2103650756459998
16125.423827965278,gap,16,1.30378,0.928888,1.21106559664
16129.524473974016,gap,16,1.31271,0.9286194,1.219007972574
16133.617618994322,gap,16,1.3395,0.9283507,1.2435257626499998
16137.719579972327,gap,16,1.31271,0.9283507,1.218655247397
16141.841780976392,gap,16,1.31271,0.928888,1.21936056648
16148.850509955082,gap,16,1.33057,0.9286194,1.235593115058
16157.11361594731,gap,16,1.09839,0.8187538,0.8993109863819999
16161.255298997276,gap,16,1.11625,0.8187538,0.9139339292499999
16168.27804595232,gap,16,0.9465799,0.7220506,0.68347858474294
16172.373432957102,gap,16,0.9465799,0.7228564,0.68424133882636
16176.504985953216,gap,16,0.93765,0.7225879,0.6775345444349999
16183.76232299488,gap,16,1.10732,0.8182165,0.9060274947800001
16187.92506097816,gap,16,1.11625,0.8182165,0.913334168125
16195.012585958466,gap,16,0.9465799,0.7220506,0.68347858474294
16199.097898963373,gap,16,0.9287199,0.7225879,0.67108176222921
16206.423679948784,gap,16,1.10732,0.8182165,0.9060274947800001
16213.506945001427,gap,16,0.93765,0.7223192,0.67728259788
16217.591813998297,gap,16,0.93765,0.7228564,0.6777863034599999
16221.6895709862,gap,16,0.91979,0.7223192,0.664381976968
16225.76747596031,gap,16,0.9465799,0.7228564,0.68424133882636
16229.846473957878,gap,16,1.12518,0.7223192,0.8127391174560001
16233.90141595155,gap,16,0.95551,0.7225879,0.6904399643289999
16237.957673962228,gap,16,0.95551,0.7225879,0.6904399643289999
16242.038578959182,gap,16,0.9287199,0.7225879,0.67108176222921
16246.118818002287,gap,16,0.9287199,0.7241996,0.6725785800920401
16252.423664962407,gap,16,1.09839,0.8184852,0.899015958828
16257.140952977352,gap,16,1.10732,0.8187538,0.906622457816
16264.143310952932,gap,16,0.9465799,0.7223192,0.6837328361040801
16276.297527947463,bench:890b0c604eb5ed51,17,2.60756,0.7228564,1.8848914343839998
16283.583976968657,bench:890b0c604eb5ed51,17,5.36693,0.928888,4.98527687384
16288.347800960764,bench:890b0c604eb5ed51,17,5.45623,0.9275449,5.0608983097269995
16292.433002963662,bench:890b0c604eb5ed51,17,5.51874,0.9291566,5.1277736946840005
16300.389333977364,bench:890b0c604eb5ed51,17,2.70579,0.9286194,2.512649086326
16304.394387989305,bench:890b0c604eb5ed51,17,4.38463,0.9299625,4.077541476375
16308.4334419691,bench:890b0c604eb5ed51,17,4.43821,0.9286194,4.1214079072739995
16312.40394100314,bench:890b0c604eb5ed51,17,4.09887,0.9296938,3.810694026006
16316.389439976774,bench:890b0c604eb5ed51,17,4.05422,0.9291566,3.767005270852
16320.343753963243,bench:890b0c604eb5ed51,17,4.09887,0.928888,3.80739115656
16324.301363958512,bench:890b0c604eb5ed51,17,4.09887,0.9283507,3.805188833709
16328.279714973178,bench:890b0c604eb5ed51,17,4.14352,0.9296938,3.8522048541759997
16332.30111998273,bench:890b0c604eb5ed51,17,4.09887,0.9299625,3.811795392375
16336.249711981509,bench:890b0c604eb5ed51,17,4.1078,0.9299625,3.8200999575
16340.400597953703,bench:890b0c604eb5ed51,17,4.07208,0.9304997,3.789069218376
16344.344949000515,bench:890b0c604eb5ed51,17,4.08101,0.9296938,3.794089694738
16348.412817984354,bench:890b0c604eb5ed51,17,4.11673,0.9283507,3.8217691772109994
16352.430130995344,bench:890b0c604eb5ed51,17,4.06315,0.9280821,3.7709367846150004
16356.396999966819,bench:890b0c604eb5ed51,17,5.45623,0.928888,5.06822657224
16360.426276980434,bench:890b0c604eb5ed51,17,5.40265,0.9291566,5.01990790499
16364.457941963337,bench:890b0c604eb5ed51,17,5.474089,0.9280821,5.0804040147069
16372.384772985242,bench:890b0c604eb5ed51,17,2.86653,0.9291566,2.663455268598
16376.439900952391,bench:890b0c604eb5ed51,17,5.48302,0.9283507,5.090165455114
16383.651071984787,bench:890b0c604eb5ed51,17,5.39372,0.9296938,5.014508042936
16396.24432194978,bench:890b0c604eb5ed51,17,5.46516,0.9294252,5.079457426032
16400.374652002938,bench:890b0c604eb5ed51,17,2.96476,0.9294252,2.755522655952
16404.416353965644,bench:890b0c604eb5ed51,17,4.45607,0.928888,4.1391899501600005
16408.39546395,bench:890b0c604eb5ed51,17,4.11673,0.9286194,3.8228753425619995
16416.3908509654,bench:890b0c604eb5ed51,17,4.12566,0.9296938,3.835600522908
16420.754086982924,bench:890b0c604eb5ed51,17,4.21496,0.9291566,3.916357902736
16424.772695987485,bench:890b0c604eb5ed51,17,4.40249,0.928888,4.089420131120001
16428.782157949172,bench:890b0c604eb5ed51,17,4.5543,0.9291566,4.2316579033799995
16432.774507964496,bench:890b0c604eb5ed51,17,4.14352,0.9291566,3.849978955232
16436.781284981407,bench:890b0c604eb5ed51,17,4.1078,0.928888,3.8156861264
16440.75054296991,bench:890b0c604eb5ed51,17,4.09887,0.9283507,3.805188833709
16444.72809700528,bench:890b0c604eb5ed51,17,4.08994,0.9283507,3.796898661958
16448.692762991413,bench:890b0c604eb5ed51,17,4.14352,0.9283507,3.8466396924639996
16452.629873005208,bench:890b0c604eb5ed51,17,4.1078,0.928888,3.8156861264
16456.587594992016,bench:890b0c604eb5ed51,17,4.13459,0.9302311,3.846124203749
16460.512908990495,bench:890b0c604eb5ed51,17,4.13459,0.931037,3.84945626983
16464.533851947635,bench:890b0c604eb5ed51,17,4.13459,0.9302311,3.846124203749
16468.50616496522,bench:890b0c604eb5ed51,17,4.1078,0.9286194,3.81458277132
16472.487756982446,bench:890b0c604eb5ed51,17,4.13459,0.9299625,3.8450136528750005
16476.435533957556,bench:890b0c604eb5ed51,17,4.12566,0.9283507,3.8300593489619996
16480.41458800435,bench:890b0c604eb5ed51,17,4.13459,0.928888,3.8405710359200005
16484.38288300531,bench:890b0c604eb5ed51,17,4.2864,0.928888,3.9815855232000006
16488.366326957475,bench:890b0c604eb5ed51,17,4.09887,0.9296938,3.810694026006
16492.351843975484,bench:890b0c604eb5ed51,17,4.14352,0.9294252,3.8510919047039995
16496.30973197054,bench:890b0c604eb5ed51,17,4.1078,0.9283507,3.81347900546
16500.283526955172,bench:890b0c604eb5ed51,17,4.12566,0.9286194,3.831167913804
16504.28902596468,bench:890b0c604eb5ed51,17,4.1078,0.9294252,3.81789283656
16508.23004299309,bench:890b0c604eb5ed51,17,4.26854,0.9280821,3.961555567134
16512.394928955473,bench:890b0c604eb5ed51,17,4.11673,0.9291566,3.8250868499179997
16516.40583499102,bench:890b0c604eb5ed51,17,4.13459,0.9296938,3.8439026885420002
16520.397296990268,bench:890b0c604eb5ed51,17,4.12566,0.9299625,3.83670908775
16524.408258963376,bench:890b0c604eb5ed51,17,5.491949,0.9280821,5.0969795610129
16528.340424993075,bench:890b0c604eb5ed51,17,4.14352,0.9283507,3.8466396924639996
16532.407848979346,bench:890b0c604eb5ed51,17,4.1078,0.9283507,3.81347900546
16540.224311000202,bench:890b0c604eb5ed51,17,4.09887,0.9286194,3.8062902000779997
16544.60660199402,bench:890b0c604eb5ed51,17,4.63467,0.9299625,4.310069299875
16552.406563947443,bench:890b0c604eb5ed51,17,4.57216,0.9280821,4.243339854336
16556.433080986608,bench:890b0c604eb5ed51,17,5.491949,0.9296938,5.1058309352162
16560.46789395623,bench:890b0c604eb5ed51,17,5.4473,0.9294252,5.06285789196
16564.85431495821,bench:890b0c604eb5ed51,17,5.43837,0.9299625,5.057480161125
16569.223291997332,bench:890b0c604eb5ed51,17,5.509809,0.9280821,5.1135551073189
16573.58652696712,bench:890b0c604eb5ed51,17,5.48302,0.9302311,5.100475725921999
16580.380980973132,bench:890b0c604eb5ed51,17,5.42944,0.9291566,5.044800010304
16584.426348970737,bench:890b0c604eb5ed51,17,5.50088,0.9296938,5.114134030544
16588.429310999345,bench:890b0c604eb5ed51,17,5.52767,0.9286194,5.1331015987979995
16596.37812396977,bench:890b0c604eb5ed51,17,5.54553,0.9369466,5.195865478698
16600.774580962025,bench:890b0c604eb5ed51,17,5.54553,0.9304997,5.160114001341
16605.139464954846,bench:890b0c604eb5ed51,17,5.5366,0.9296938,5.14734269308
16609.551126952283,bench:890b0c604eb5ed51,17,5.491949,0.9296938,5.1058309352162
16616.085063957144,bench:890b0c604eb5ed51,17,5.50088,0.9291566,5.111178957808001
16620.21783896489,bench:890b0c604eb5ed51,17,4.2864,0.9286194,3.9804341961600005
16624.249763961416,bench:890b0c604eb5ed51,17,4.18817,0.9283507,3.8880905512190003
16628.300502954517,bench:890b0c604eb5ed51,17,4.14352,0.9326486,3.864448127072
16632.293426955584,bench:890b0c604eb5ed51,17,4.08101,0.9283507,3.788608490207
16636.336536961608,bench:890b0c604eb5ed51,17,4.11673,0.9294252,3.826192603595999
16640.39401599439,bench:890b0c604eb5ed51,17,4.09887,0.9304997,3.813997305339
16644.37823696062,bench:890b0c604eb5ed51,17,4.12566,0.9304997,3.838925392302
16648.440179997124,bench:890b0c604eb5ed51,17,4.11673,0.9280821,3.8206634235329995
16652.5853810017,bench:890b0c604eb5ed51,17,4.15245,0.9299625,3.861622783125
16656.565045996103,bench:890b0c604eb5ed51,17,4.08994,0.9283507,3.796898661958
16660.60263698455,bench:890b0c604eb5ed51,17,4.12566,0.9296938,3.835600522908
16664.625486999284,bench:890b0c604eb5ed51,17,4.15245,0.928888,3.8571609756000003
16668.659151997417,bench:890b0c604eb5ed51,17,5.509809,0.9280821,5.1135551073189
16672.696576977614,bench:890b0c604eb5ed51,17,4.54537,0.928888,4.222139648560001
16676.726592995692,bench:890b0c604eb5ed51,17,4.57216,0.9291566,4.248252640256
16680.754054978024,bench:890b0c604eb5ed51,17,4.63467,0.928888,4.30508934696
16684.758367948234,bench:890b0c604eb5ed51,17,4.5543,0.9299625,4.23532821375
16688.731348956935,bench:890b0c604eb5ed51,17,4.14352,0.9283507,3.8466396924639996
16692.696124955546,bench:890b0c604eb5ed51,17,4.12566,0.9294252,3.8344923706319998
16696.636290987954,bench:890b0c604eb5ed51,17,4.17031,0.9291566,3.874871060546
16700.59260498965,bench:890b0c604eb5ed51,17,4.14352,0.9294252,3.8510919047039995
16704.535251948982,bench:890b0c604eb5ed51,17,4.16138,0.9294252,3.867691438776
16708.538843959104,bench:890b0c604eb5ed51,17,4.13459,0.9286194,3.839460485046
16712.574878998566,bench:890b0c604eb5ed51,17,4.14352,0.9294252,3.8510919047039995
16716.520618996583,bench:890b0c604eb5ed51,17,4.11673,0.9291566,3.8250868499179997
16720.56198795326,bench:890b0c604eb5ed51,17,4.14352,0.9291566,3.849978955232
16724.57250498701,bench:890b0c604eb5ed51,17,4.13459,0.9283507,3.8383495207130003
16728.60503999982,bench:890b0c604eb5ed51,17,4.15245,0.9296938,3.86050701981
16732.5554099516,bench:890b0c604eb5ed51,17,4.2864,0.9294252,3.9838881772800003
16740.3940379736,bench:890b0c604eb5ed51,17,4.49179,0.928888,4.17236982952
16744.36924100155,bench:890b0c604eb5ed51,17,5.5366,0.9291566,5.14436843156
16752.001166983973,bench:890b0c604eb5ed51,17,5.5366,0.9326486,5.16370223876
16756.353089003824,bench:890b0c604eb5ed51,17,5.54553,0.9294252,5.154155329356
16764.298160967883,bench:890b0c604eb5ed51,17,5.491949,0.9286194,5.0999303852106
16772.3623419879,bench:890b0c604eb5ed51,17,5.4473,0.928888,5.059931602400001
16784.349097986706,bench:890b0c604eb5ed51,17,5.491949,0.9294252,5.1043557977148
16791.84326698305,bench:890b0c604eb5ed51,17,5.51874,0.9291566,5.1277736946840005
16795.91226496268,bench:890b0c604eb5ed51,17,5.48302,0.9304997,5.101948465094
16800.3685179865,bench:890b0c604eb5ed51,17,5.5366,0.928888,5.1428813008
16804.753364995122,bench:890b0c604eb5ed51,17,5.51874,0.9283507,5.123326142118
16808.7747519603,bench:890b0c604eb5ed51,17,5.509809,0.9291566,5.1194753970894
16812.79271398671,bench:890b0c604eb5ed51,17,5.51874,0.9291566,5.1277736946840005
16816.793360980228,bench:890b0c604eb5ed51,17,5.50088,0.9294252,5.112656494176
16821.11428194912,bench:890b0c604eb5ed51,17,5.4473,0.9291566,5.0613947471800005
16825.130761950277,bench:890b0c604eb5ed51,17,5.509809,0.9280821,5.1135551073189
16829.42407298833,bench:890b0c604eb5ed51,17,5.509809,0.9294252,5.120955331786799
16836.040008987766,bench:890b0c604eb5ed51,17,5.51874,0.9280821,5.121843808554
16840.395412000362,bench:890b0c604eb5ed51,17,5.491949,0.9286194,5.0999303852106
16844.41846597474,bench:890b0c604eb5ed51,17,5.50088,0.9280821,5.105268262248001
16848.432056955062,bench:890b0c604eb5ed51,17,5.491949,0.9291566,5.1028806602134
16852.439092996065,bench:890b0c604eb5ed51,17,5.52767,0.9294252,5.137555795283999
16856.42755398294,bench:890b0c604eb5ed51,17,5.509809,0.928888,5.117995462392
16860.44007097371,bench:890b0c604eb5ed51,17,5.56339,0.9326486,5.1886878947540005
16864.4544769777,bench:890b0c604eb5ed51,17,5.509809,0.928888,5.117995462392
16868.458530982025,bench:890b0c604eb5ed51,17,5.51874,0.928888,5.126291361120001
16872.455677948892,bench:890b0c604eb5ed51,17,5.52767,0.9280821,5.1301315817069995
16876.520342950244,bench:890b0c604eb5ed51,17,5.509809,0.9294252,5.120955331786799
16884.072084969375,bench:890b0c604eb5ed51,17,5.491949,0.928888,5.1014055227120005
16892.088841996156,bench:890b0c604eb5ed51,17,5.509809,0.9286194,5.1165155276946
16896.497965964954,bench:890b0c604eb5ed51,17,5.4473,0.928888,5.059931602400001
16900.839312991593,bench:890b0c604eb5ed51,17,5.54553,0.9294252,5.154155329356
16905.182289949153,bench:890b0c604eb5ed51,17,5.491949,0.9296938,5.1058309352162
16916.3671459537,bench:890b0c604eb5ed51,17,5.491949,0.9304997,5.1102568969153
16920.747121970635,bench:890b0c604eb5ed51,17,5.491949,0.9294252,5.1043557977148
16928.06936695706,bench:890b0c604eb5ed51,17,5.51874,0.9294252,5.129256028248
16936.070456984453,bench:890b0c604eb5ed51,17,5.51874,0.9296938,5.130738361812
16940.122176951263,bench:890b0c604eb5ed51,17,4.13459,0.9294252,3.842792137668
16956.36666897917,bench:890b0c604eb5ed51,17,5.491949,0.9296938,5.1058309352162
16960.516999999527,bench:890b0c604eb5ed51,17,5.50088,0.9291566,5.111178957808001
16964.885587978642,bench:890b0c604eb5ed51,17,5.509809,0.9286194,5.1165155276946
16968.916141951922,bench:890b0c604eb5ed51,17,5.51874,0.9280821,5.121843808554
16972.94615895953,bench:890b0c604eb5ed51,17,5.509809,0.928888,5.117995462392
16977.0155819715,bench:890b0c604eb5ed51,17,5.509809,0.9291566,5.1194753970894
16981.309837952722,bench:890b0c604eb5ed51,17,5.46516,0.928888,5.07652154208
16988.074475957546,bench:890b0c604eb5ed51,17,5.509809,0.9286194,5.1165155276946
16996.07334396569,bench:890b0c604eb5ed51,17,5.509809,0.928888,5.117995462392
17000.17334194854,bench:890b0c604eb5ed51,17,4.14352,0.9283507,3.8466396924639996
17004.29420999717,bench:890b0c604eb5ed51,17,2.99155,0.9286194,2.77801136607
17008.409502974246,bench:890b0c604eb5ed51,17,4.08994,0.928888,3.7990961867200004
17012.424816959538,bench:890b0c604eb5ed51,17,4.06315,0.9291566,3.7753026392900004
17016.42370398622,bench:890b0c604eb5ed51,17,4.12566,0.9286194,3.831167913804
17024.4043499697,bench:890b0c604eb5ed51,17,5.46516,0.9296938,5.080925368008
17036.350864975248,bench:890b0c604eb5ed51,17,5.5366,0.9294252,5.1458555623199995
17044.404324959032,bench:890b0c604eb5ed51,17,5.54553,0.9304997,5.160114001341
17052.10075096693,bench:890b0c604eb5ed51,17,5.509809,0.9294252,5.120955331786799
17060.23819098482,bench:890b0c604eb5ed51,17,5.50088,0.9294252,5.112656494176
17072.29094597278,bench:890b0c604eb5ed51,17,5.46516,0.928888,5.07652154208
17076.68705197284,bench:890b0c604eb5ed51,17,3.3934,0.9294252,3.15391147368
17080.787012993824,bench:890b0c604eb5ed51,17,4.14352,0.9286194,3.8477530562879996
17086.257830960676,bench:890b0c604eb5ed51,17,4.0185,0.928888,3.7327364280000004
17091.97981300531,bench:890b0c604eb5ed51,17,4.1078,0.9294252,3.81789283656
17099.824033968616,bench:890b0c604eb5ed51,17,5.20619,0.9286194,4.834569034086
17105.84871697938,bench:890b0c604eb5ed51,17,5.36693,0.9280821,4.980951664953
17116.274893982336,bench:890b0c604eb5ed51,17,5.37586,0.9286194,4.992127887684
17124.054041982163,bench:890b0c604eb5ed51,17,5.36693,0.9294252,4.988159988635999
17132.284740975592,bench:890b0c604eb5ed51,17,5.34907,0.9294252,4.971560454564
17140.042369952425,bench:890b0c604eb5ed51,17,5.40265,0.9299625,5.024261900625
17148.299808963202,bench:890b0c604eb5ed51,17,5.42944,0.9291566,5.044800010304
17159.065687970724,bench:890b0c604eb5ed51,17,5.52767,0.928888,5.1345863309599995
17164.38733995892,bench:890b0c604eb5ed51,17,5.52767,0.9294252,5.137555795283999
17168.375134991948,bench:890b0c604eb5ed51,17,5.50088,0.9291566,5.111178957808001
17175.973728997633,bench:890b0c604eb5ed51,17,5.56339,0.9304997,5.176732725983
17180.355723947287,bench:890b0c604eb5ed51,17,5.5366,0.9286194,5.14139417004
17188.29848099267,bench:890b0c604eb5ed51,17,5.54553,0.9304997,5.160114001341
17196.304588986095,bench:890b0c604eb5ed51,17,5.43837,0.928888,5.05163663256
17204.354252957273,bench:890b0c604eb5ed51,17,5.54553,0.9294252,5.154155329356
17212.326305976603,bench:890b0c604eb5ed51,17,5.509809,0.928888,5.117995462392
17220.28256295016,bench:890b0c604eb5ed51,17,5.509809,0.9291566,5.1194753970894
17224.484744947404,bench:890b0c604eb5ed51,17,5.51874,0.9294252,5.129256028248
17232.338798989076,bench:890b0c604eb5ed51,17,5.55446,0.9294252,5.162455096392
17240.291648951825,bench:890b0c604eb5ed51,17,5.51874,0.9294252,5.129256028248
17248.071999987587,bench:890b0c604eb5ed51,17,5.45623,0.9291566,5.0696921156179995
17252.58503097575,bench:890b0c604eb5ed51,17,5.509809,0.9296938,5.1224352664841994
17258.956432982814,bench:890b0c604eb5ed51,17,5.48302,0.9291566,5.094584220932
17265.84503299091,gap,18,3.98278,0.9192177,3.661041871206
17271.074038988445,gap,18,1.70563,0.928888,1.58433923944
17275.276312953793,gap,18,1.68777,0.928888,1.56774929976
17282.447373960167,gap,18,1.16983,0.8182165,0.957174208195
17286.63766698446,gap,18,1.1609,0.8179479,0.94955571711
17290.844348957762,gap,18,1.19662,0.8187538,0.979737172156
17295.031234971248,gap,18,1.16983,0.8184852,0.9574885415159999
17301.154545973986,gap,18,1.00909,0.7220506,0.728614039954
17305.67578098271,gap,18,1.00016,0.7225879,0.7227035140639999
17309.81431499822,gap,18,1.00016,0.7223192,0.722434771072
17313.94988700049,gap,18,1.00016,0.7220506,0.7221661280959999
17321.254260954447,gap,18,1.15197,0.8187538,0.9431798149859999
17328.337988990825,gap,18,0.9822999,0.7223192,0.7095340779280801
17332.41619099863,gap,18,0.9733699,0.7220506,0.70282232031694
17336.52048499789,gap,18,0.9822999,0.7223192,0.7095340779280801
17340.607500984333,gap,18,1.00016,0.7225879,0.7227035140639999
17344.70349899493,gap,18,0.96444,0.7223192,0.696633529248
17348.784181987867,gap,18,0.9733699,0.7225879,0.7033453119642099
17352.848438953515,gap,18,0.9733699,0.7225879,0.7033453119642099
17356.90947395051,gap,18,0.96444,0.7223192,0.696633529248
17360.97639799118,gap,18,0.9912299,0.7220506,0.71571814403294
17365.03459996311,gap,18,0.96444,0.7223192,0.696633529248
17369.119265000336,gap,18,0.9822999,0.7223192,0.7095340779280801
17373.195021995343,gap,18,0.9822999,0.7223192,0.7095340779280801
17377.248630975373,gap,18,0.9733699,0.7225879,0.7033453119642099
17381.32272195071,gap,18,0.9733699,0.7225879,0.7033453119642099
17385.396367986687,gap,18,0.9822999,0.7223192,0.7095340779280801
17393.475549004506,gap,18,0.96444,0.7225879,0.6968926742759999
17397.5382699864,gap,18,0.96444,0.7223192,0.696633529248
17401.619859971106,gap,18,0.9822999,0.7223192,0.7095340779280801
17405.68239497952,gap,18,0.9822999,0.7225879,0.70979802191121
17409.7872999846,gap,18,0.9822999,0.7220506,0.70927023217494
17413.93879795214,gap,18,1.00016,0.7225879,0.7227035140639999
17421.289782971144,gap,18,1.13411,0.8182165,0.9279475148149999
17425.432557996828,gap,18,1.1609,0.8179479,0.94955571711
17432.454211986624,gap,18,0.9822999,0.7225879,0.70979802191121
17436.539135989733,gap,18,0.96444,0.7223192,0.696633529248
17440.60889299726,gap,18,0.9733699,0.7225879,0.7033453119642099
17447.952766960952,gap,18,1.13411,0.8187538,0.928556872118
17452.187133952975,gap,18,1.13411,0.8182165,0.9279475148149999
17456.327649997547,gap,18,1.14304,0.8182165,0.93525418816
17463.426785951015,gap,18,0.95551,0.7225879,0.6904399643289999
17467.525079962797,gap,18,0.96444,0.7225879,0.6968926742759999
17471.603688958567,gap,18,0.95551,0.7225879,0.6904399643289999
17475.666519952938,gap,18,0.95551,0.7223192,0.6901832187920001
17479.72788795596,gap,18,0.95551,0.7220506,0.689926568806
17483.81171998335,gap,18,0.96444,0.7225879,0.6968926742759999
17487.954864976928,gap,18,0.95551,0.7220506,0.689926568806
17492.113935993984,gap,18,0.9465799,0.7220506,0.68347858474294
17499.38894098159,gap,18,1.12518,0.8179479,0.920338618122
17503.52488196222,gap,18,1.09839,0.8184852,0.899015958828
17507.67443497898,gap,18,1.12518,0.8184852,0.9209431773360001
17511.811931966804,gap,18,1.13411,0.8182165,0.9279475148149999
17518.90208700206,gap,18,0.95551,0.7225879,0.6904399643289999
17522.991028963588,gap,18,0.96444,0.7225879,0.6968926742759999
17527.077192964498,gap,18,0.95551,0.7223192,0.6901832187920001
17531.1325059738,gap,18,0.96444,0.7223192,0.696633529248
17535.220207995735,gap,18,0.9465799,0.7223192,0.6837328361040801
17542.571544996463,gap,18,1.12518,0.8182165,0.92064084147
17546.68368998682,gap,18,1.12518,0.8184852,0.9209431773360001
17553.75538195949,gap,18,0.95551,0.7225879,0.6904399643289999
17557.866897957865,gap,18,1.11625,0.7220506,0.8059889822499999
17561.953914002515,gap,18,0.9822999,0.7225879,0.70979802191121
17569.236029987223,gap,18,1.12518,0.8184852,0.9209431773360001
17576.32533198921,gap,18,0.9465799,0.7225879,0.68398718212321
17580.431847949512,gap,18,0.95551,0.7225879,0.6904399643289999
17584.49916099198,gap,18,0.95551,0.7220506,0.689926568806
17588.552269968204,gap,18,0.9733699,0.7228564,0.70360666178236
17592.621082963888,gap,18,0.95551,0.7220506,0.689926568806
17596.694339998066,gap,18,0.96444,0.7225879,0.6968926742759999
17603.985436959192,gap,18,1.12518,0.8184852,0.9209431773360001
17611.336625996046,gap,18,0.95551,0.7225879,0.6904399643289999
17615.44490099186,gap,18,0.9465799,0.7223192,0.6837328361040801
17619.551287963986,gap,18,0.95551,0.7225879,0.6904399643289999
17623.618766956497,gap,18,0.95551,0.7225879,0.6904399643289999
17629.845466988627,gap,18,1.40201,0.8187538,1.147901015138
17634.562624967657,gap,18,1.11625,0.8182165,0.913334168125
17641.589446982834,gap,18,0.96444,0.7228564,0.6971516264159999
17645.641703973524,gap,18,0.9465799,0.7225879,0.68398718212321
17649.732404970564,gap,18,0.95551,0.7223192,0.6901832187920001
17657.094834954478,gap,18,1.10732,0.8184852,0.9063250316640001
17661.25447995728,gap,18,1.10732,0.8187538,0.906622457816
17665.418735996354,gap,18,1.10732,0.8182165,0.9060274947800001
17669.580492947716,gap,18,1.15197,0.8187538,0.9431798149859999
17676.609665970318,gap,18,0.95551,0.7228564,0.690696518764
17680.674552975688,gap,18,0.93765,0.7225879,0.6775345444349999
17684.739569958765,gap,18,0.96444,0.7225879,0.6968926742759999
17692.021869996097,gap,18,1.10732,0.8184852,0.9063250316640001
17699.355817981996,gap,18,0.9465799,0.7225879,0.68398718212321
17703.422111982945,gap,18,0.95551,0.7225879,0.6904399643289999
17707.48633297626,gap,18,0.93765,0.7225879,0.6775345444349999
17711.56807098305,gap,18,0.9465799,0.7228564,0.68424133882636
17715.649716963526,gap,18,0.9465799,0.7223192,0.6837328361040801
17719.711326994002,gap,18,0.9465799,0.7225879,0.68398718212321
17723.76219497528,gap,18,0.9465799,0.7220506,0.68347858474294
17727.84737800248,gap,18,0.9465799,0.7225879,0.68398718212321
17731.915431970265,gap,18,0.96444,0.7220506,0.696374480664
17736.07548396103,gap,18,0.9465799,0.7223192,0.6837328361040801
17743.412691983394,gap,18,1.12518,0.8184852,0.9209431773360001
17747.588651953265,gap,18,1.09839,0.8184852,0.899015958828
17751.71014899388,gap,18,1.09839,0.8184852,0.899015958828
17755.83810999524,gap,18,1.11625,0.8184852,0.9136341045
17762.87367194891,gap,18,0.96444,0.7225879,0.6968926742759999
17767.00383599382,gap,18,0.95551,0.7223192,0.6901832187920001
17771.764437959064,gap,18,0.9465799,0.7220506,0.68347858474294
17790.08281795541,gap,18,1.16983,0.8335279,0.9750859432569999
17799.173563951626,gap,18,1.41094,0.7228564,1.019907009016
17803.70640900219,gap,18,0.91979,0.7228564,0.664876088156
17821.012798987795,gap,18,1.22341,0.8488392,1.038478365672
17826.620818988886,gap,18,1.21448,0.8488392,1.030898231616
17830.65116900252,gap,18,1.24127,0.8488392,1.053638633784
17834.679926978424,gap,18,1.24127,0.8488392,1.053638633784
17841.71458199853,gap,18,0.96444,0.7223192,0.696633529248
17845.7861719653,gap,18,0.9465799,0.7225879,0.68398718212321
17849.876317952294,gap,18,1.72349,0.7225879,1.2453730197709998
17853.95001998404,gap,18,0.93765,0.7223192,0.67728259788
17858.036277000792,gap,18,0.96444,0.7223192,0.696633529248
17862.083052983508,gap,18,0.96444,0.7241996,0.698447062224
17866.169217973948,gap,18,0.9287199,0.7225879,0.67108176222921
17870.217659976333,gap,18,0.95551,0.721782,0.6896699188200001
17874.289787956513,gap,18,0.96444,0.7223192,0.696633529248
17878.34782298887,gap,18,0.9465799,0.723125,0.6844955901875001
17882.430283993017,gap,18,0.96444,0.7225879,0.6968926742759999
17886.491688957904,gap,18,0.93765,0.7223192,0.67728259788
17890.554187004454,gap,18,0.9465799,0.7228564,0.68424133882636
17894.6100739995,gap,18,0.9465799,0.7220506,0.68347858474294
17898.685480002314,gap,18,0.9465799,0.7225879,0.68398718212321
17902.738959004637,gap,18,0.9287199,0.7225879,0.67108176222921
17906.81388298981,gap,18,0.9465799,0.7225879,0.68398718212321
17910.856454982422,gap,18,0.9465799,0.7225879,0.68398718212321
17914.939415990375,gap,18,0.9465799,0.7225879,0.68398718212321
17919.008080963977,gap,18,0.93765,0.7225879,0.6775345444349999
17923.076208971906,gap,18,0.95551,0.7228564,0.690696518764
17927.126150985714,gap,18,0.93765,0.7223192,0.67728259788
17931.196537974756,gap,18,0.93765,0.7225879,0.6775345444349999
17935.262720973697,gap,18,0.9465799,0.7223192,0.6837328361040801
17939.351070963312,gap,18,0.9287199,0.7223192,0.67083221519208
17943.414698995184,gap,18,0.93765,0.7223192,0.67728259788
17947.498603956774,gap,18,0.9465799,0.7225879,0.68398718212321
17954.860236961395,gap,18,1.11625,0.8179479,0.9130343433749999
17959.000492992345,gap,18,1.10732,0.8184852,0.9063250316640001
17966.013536963146,gap,18,0.93765,0.7225879,0.6775345444349999
17970.077442994807,gap,18,0.9465799,0.7228564,0.68424133882636
17974.135421973187,gap,18,0.9465799,0.7228564,0.68424133882636
17978.19112398429,gap,18,0.9465799,0.7223192,0.6837328361040801
17982.267585000955,gap,18,0.9465799,0.7225879,0.68398718212321
17986.315564950928,gap,18,0.9465799,0.7228564,0.68424133882636
17990.38367398316,gap,18,0.93765,0.7220506,0.6770307450899999
17994.43970900029,gap,18,0.93765,0.7220506,0.6770307450899999
17998.498410976026,gap,18,0.9465799,0.7223192,0.6837328361040801
18002.562649955507,gap,18,0.9287199,0.7225879,0.67108176222921
18006.639332976192,gap,18,0.9465799,0.7225879,0.68398718212321
18010.72977494914,gap,18,0.91979,0.7225879,0.664629124541
18014.834012952633,gap,18,0.95551,0.7223192,0.6901832187920001
18021.127674961463,gap,18,1.10732,0.8187538,0.906622457816
18025.848314980976,gap,18,1.6967,0.8182165,1.38826793555
18031.96868195664,gap,18,0.96444,0.7228564,0.6971516264159999
18036.482675990555,gap,18,0.95551,0.7225879,0.6904399643289999
18040.53722997196,gap,18,0.93765,0.7225879,0.6775345444349999
18044.591653975658,gap,18,0.9287199,0.7225879,0.67108176222921
18048.649873991963,gap,18,0.93765,0.7225879,0.6775345444349999
18052.72844596766,gap,18,0.9465799,0.7225879,0.68398718212321
18056.775740988087,gap,18,0.9287199,0.7225879,0.67108176222921
18060.84773800103,gap,18,0.9287199,0.7223192,0.67083221519208
18064.920606964733,gap,18,0.93765,0.7225879,0.6775345444349999
18068.971326982137,gap,18,0.93765,0.7228564,0.6777863034599999
18073.017232993152,gap,18,0.9287199,0.7223192,0.67083221519208
18077.069249004126,gap,18,0.93765,0.7228564,0.6777863034599999
18081.208950956352,gap,18,0.8929999,0.7225879,0.6452709224412099
18089.1096899868,gap,18,1.31271,0.928888,1.21936056648
18096.124603995122,gap,18,1.32164,0.9286194,1.2273005438159998
18102.922556980047,gap,18,1.32164,0.9283507,1.2269454191479998
18107.058072986547,gap,18,1.31271,0.9286194,1.219007972574
18111.19773698738,gap,18,1.31271,0.9283507,1.218655247397
18115.30453094747,gap,18,1.29485,0.9283507,1.202074903895
18122.335018997546,gap,18,1.34843,0.928888,1.25254044584
18126.453367993236,gap,18,1.3395,0.9280821,1.24316597295
18133.246765995864,gap,18,1.31271,0.9286194,1.219007972574
18137.340281973593,gap,18,1.31271,0.928888,1.21936056648
18141.438409977127,gap,18,1.31271,0.928888,1.21936056648
18145.547869964503,gap,18,1.31271,0.928888,1.21936056648
18149.659015994985,gap,18,1.33057,0.928888,1.23595050616
18157.52629196504,gap,18,0.9465799,0.7225879,0.68398718212321
18161.624048952945,gap,18,0.9465799,0.7225879,0.68398718212321
18165.73869495187,gap,18,0.9287199,0.7228564,0.67133112352236
18173.061253968626,gap,18,1.10732,0.8187538,0.906622457816
18180.156482965685,gap,18,0.9465799,0.7225879,0.68398718212321
18184.23149897717,gap,18,0.9287199,0.7225879,0.67108176222921
18188.316163956188,gap,18,0.9465799,0.7225879,0.68398718212321
18195.83323999541,gap,18,1.08946,0.8184852,0.8917068859920001
18200.033050961792,gap,18,1.11625,0.8187538,0.9139339292499999
18207.116334990133,gap,18,0.9465799,0.7225879,0.68398718212321
18211.17690700339,gap,18,0.9287199,0.7223192,0.67083221519208
18215.252978960052,gap,18,0.9287199,0.7220506,0.67058276102694
18219.321995973587,gap,18,0.96444,0.7223192,0.696633529248
18223.412492952775,gap,18,0.9287199,0.7223192,0.67083221519208
18227.49656497035,gap,18,0.9465799,0.7220506,0.68347858474294
18231.570414965972,gap,18,0.9465799,0.7223192,0.6837328361040801
18235.632320982404,gap,18,0.93765,0.7228564,0.6777863034599999
18239.692151953932,gap,18,0.93765,0.7225879,0.6775345444349999
18243.749575980473,gap,18,0.9465799,0.7225879,0.68398718212321
18247.810684959404,gap,18,0.95551,0.7223192,0.6901832187920001
18251.881553966086,gap,18,0.9287199,0.7225879,0.67108176222921
18255.96629199572,gap,18,0.9287199,0.7225879,0.67108176222921
18260.06741996389,gap,18,0.91979,0.7225879,0.664629124541
18264.12280695513,gap,18,0.9287199,0.7225879,0.67108176222921
18268.19545298349,gap,18,0.9465799,0.7225879,0.68398718212321
18272.262598969974,gap,18,0.9287199,0.7223192,0.67083221519208
18276.338096999098,gap,18,0.93765,0.7225879,0.6775345444349999
18280.38770594867,gap,18,0.9287199,0.7225879,0.67108176222921
18284.473888983484,gap,18,0.9287199,0.7225879,0.67108176222921
18288.52394298883,gap,18,0.9465799,0.723125,0.6844955901875001
18292.57329297252,gap,18,0.95551,0.7225879,0.6904399643289999
18296.643512963783,gap,18,0.91979,0.7225879,0.664629124541
18300.714380980935,gap,18,0.93765,0.7225879,0.6775345444349999
18304.757527948823,gap,18,0.9287199,0.7220506,0.67058276102694
18308.846265950706,gap,18,0.9465799,0.7223192,0.6837328361040801
18312.920337950345,gap,18,0.9287199,0.7225879,0.67108176222921
18316.987502970733,gap,18,0.93765,0.7225879,0.6775345444349999
18321.044408949092,gap,18,0.9287199,0.7225879,0.67108176222921
18332.33967097476,bench:ea7465ffb1146c60,19,2.64328,0.7225879,1.9100021443119997
18336.547148996033,bench:ea7465ffb1146c60,19,3.15229,0.8732836,2.752843159444
18352.274960954674,bench:ea7465ffb1146c60,19,5.358,0.9291566,4.9784210628
18360.26831000345,bench:ea7465ffb1146c60,19,5.38479,0.9299625,5.007652770375
18364.481694996357,bench:ea7465ffb1146c60,19,5.36693,0.9291566,4.986718431238
18372.11125198519,bench:ea7465ffb1146c60,19,5.34907,0.9294252,4.971560454564
18376.390562974848,bench:ea7465ffb1146c60,19,5.358,0.9291566,4.9784210628
18380.460152984597,bench:ea7465ffb1146c60,19,5.358,0.9304997,4.9856173926
18384.472078003455,bench:ea7465ffb1146c60,19,5.34907,0.9304997,4.9773080302790005
18388.579204969574,bench:ea7465ffb1146c60,19,5.36693,0.9294252,4.988159988635999
18396.58410998527,bench:ea7465ffb1146c60,19,5.358,0.9291566,4.9784210628
18400.66821896471,bench:ea7465ffb1146c60,19,5.358,0.9291566,4.9784210628
18404.681586951483,bench:ea7465ffb1146c60,19,4.08101,0.9283507,3.788608490207
18411.218968976755,bench:ea7465ffb1146c60,19,4.03636,0.9186804,3.708124819344
18415.252911974676,bench:ea7465ffb1146c60,19,3.87562,0.918949,3.56149712338
18421.143891988322,bench:ea7465ffb1146c60,19,4.05422,0.9294252,3.768094234344
18425.419999985024,bench:ea7465ffb1146c60,19,4.06315,0.9291566,3.7753026392900004
18429.332628962584,bench:ea7465ffb1146c60,19,4.11673,0.9280821,3.8206634235329995
18433.265220955946,bench:ea7465ffb1146c60,19,4.09887,0.9296938,3.810694026006
18437.21151596401,bench:ea7465ffb1146c60,19,4.08101,0.9296938,3.794089694738
18441.192347963806,bench:ea7465ffb1146c60,19,4.08994,0.928888,3.7990961867200004
18445.094125985634,bench:ea7465ffb1146c60,19,4.42035,0.9286194,4.10482276479
18449.0097919479,bench:ea7465ffb1146c60,19,4.08101,0.9291566,3.791897376166
18452.92369899107,bench:ea7465ffb1146c60,19,4.12566,0.9286194,3.831167913804
18456.841217004694,bench:ea7465ffb1146c60,19,4.08994,0.928888,3.7990961867200004
18460.687568993308,bench:ea7465ffb1146c60,19,4.2864,0.9280821,3.9781311134400004
18464.59564199904,bench:ea7465ffb1146c60,19,4.42928,0.928888,4.114305040640001
18468.429679982364,bench:ea7465ffb1146c60,19,4.08994,0.928888,3.7990961867200004
18472.317938983906,bench:ea7465ffb1146c60,19,4.08994,0.928888,3.7990961867200004
18476.166734995786,bench:ea7465ffb1146c60,19,4.16138,0.928888,3.8654559454400004
18480.069696961436,bench:ea7465ffb1146c60,19,4.12566,0.9291566,3.833384218356
18483.954307972454,bench:ea7465ffb1146c60,19,4.17031,0.9291566,3.874871060546
18487.844085961115,bench:ea7465ffb1146c60,19,4.08994,0.9286194,3.7979976288360002
18491.680252947845,bench:ea7465ffb1146c60,19,4.23282,0.9286194,3.9306787687080003
18495.57145597646,bench:ea7465ffb1146c60,19,4.09887,0.9283507,3.805188833709
18499.46053000167,bench:ea7465ffb1146c60,19,4.1971,0.9294252,3.9008905069199997
18503.33152996609,bench:ea7465ffb1146c60,19,4.09887,0.9283507,3.805188833709
18512.3144989484,bench:ea7465ffb1146c60,19,5.34907,0.9286194,4.967250173958
18520.02477698261,bench:ea7465ffb1146c60,19,5.36693,0.9291566,4.986718431238
18528.378566959873,bench:ea7465ffb1146c60,19,4.00064,0.9326486,3.731191295104
18532.450935977977,bench:ea7465ffb1146c60,19,5.42051,0.9294252,5.037958590852
18536.46030498203,bench:ea7465ffb1146c60,19,5.36693,0.9286194,4.983835316442
18544.05136097921,bench:ea7465ffb1146c60,19,5.38479,0.928888,5.00186681352
18552.077339962125,bench:ea7465ffb1146c60,19,5.39372,0.928888,5.01016178336
18560.092392959632,bench:ea7465ffb1146c60,19,4.48286,0.9286194,4.162870763483999
18564.133501960896,bench:ea7465ffb1146c60,19,4.13459,0.9294252,3.842792137668
18568.20431497181,bench:ea7465ffb1146c60,19,4.11673,0.9291566,3.8250868499179997
18572.152683977038,bench:ea7465ffb1146c60,19,4.08994,0.9286194,3.7979976288360002
18576.097832003143,bench:ea7465ffb1146c60,19,4.09887,0.928888,3.80739115656
18580.000571964774,bench:ea7465ffb1146c60,19,4.17031,0.9291566,3.874871060546
18583.90872000018,bench:ea7465ffb1146c60,19,4.09887,0.9294252,3.8095930695239995
18587.799553002696,bench:ea7465ffb1146c60,19,4.15245,0.9283507,3.854929864215
18591.722440964077,bench:ea7465ffb1146c60,19,4.08101,0.928888,3.7908012168800003
18595.608384988736,bench:ea7465ffb1146c60,19,4.16138,0.9294252,3.867691438776
18599.512606975622,bench:ea7465ffb1146c60,19,4.11673,0.9283507,3.8217691772109994
18603.393846948165,bench:ea7465ffb1146c60,19,4.15245,0.9304997,3.8638534792650003
18607.280124968383,bench:ea7465ffb1146c60,19,4.09887,0.928888,3.80739115656
18611.171568976715,bench:ea7465ffb1146c60,19,4.15245,0.928888,3.8571609756000003
18615.083975950256,bench:ea7465ffb1146c60,19,4.09887,0.9294252,3.8095930695239995
18618.953123979736,bench:ea7465ffb1146c60,19,4.15245,0.9286194,3.85604562753
18622.83527199179,bench:ea7465ffb1146c60,19,4.09887,0.9283507,3.805188833709
18626.73434597673,bench:ea7465ffb1146c60,19,4.08994,0.928888,3.7990961867200004
18630.66462299321,bench:ea7465ffb1146c60,19,4.12566,0.928888,3.83227606608
18634.55719698686,bench:ea7465ffb1146c60,19,4.11673,0.9280821,3.8206634235329995
18638.44482594868,bench:ea7465ffb1146c60,19,4.14352,0.9294252,3.8510919047039995
18642.35754800029,bench:ea7465ffb1146c60,19,4.1078,0.9291566,3.8167894814800003
18646.238769986667,bench:ea7465ffb1146c60,19,4.21496,0.9291566,3.916357902736
18650.149953959044,bench:ea7465ffb1146c60,19,4.42035,0.9280821,4.102447710735
18654.048101976514,bench:ea7465ffb1146c60,19,4.08994,0.928888,3.7990961867200004
18657.954286958557,bench:ea7465ffb1146c60,19,4.14352,0.9286194,3.8477530562879996
18661.846360948402,bench:ea7465ffb1146c60,19,4.21496,0.9304997,3.922019015512
18665.727915999014,bench:ea7465ffb1146c60,19,4.09887,0.9286194,3.8062902000779997
18669.666489004157,bench:ea7465ffb1146c60,19,4.1078,0.9286194,3.81458277132
18673.555155983195,bench:ea7465ffb1146c60,19,4.13459,0.9291566,3.8416815867940004
18677.423562970944,bench:ea7465ffb1146c60,19,4.15245,0.9304997,3.8638534792650003
18681.298432988115,bench:ea7465ffb1146c60,19,4.09887,0.9283507,3.805188833709
18685.171488963533,bench:ea7465ffb1146c60,19,4.15245,0.928888,3.8571609756000003
18692.306604993064,bench:ea7465ffb1146c60,19,5.43837,0.9286194,5.050175886378
18696.411972981878,bench:ea7465ffb1146c60,19,5.42944,0.9291566,5.044800010304
18700.535601004958,bench:ea7465ffb1146c60,19,5.36693,0.9304997,4.9939267549210005
18708.138508955017,bench:ea7465ffb1146c60,19,5.51874,0.9286194,5.124809027556
18712.435356981587,bench:ea7465ffb1146c60,19,5.39372,0.9291566,5.011610536552
18716.582483961247,bench:ea7465ffb1146c60,19,5.42051,0.9296938,5.039414539838
18720.653425960336,bench:ea7465ffb1146c60,19,5.43837,0.9291566,5.053097378742
18724.763349979185,bench:ea7465ffb1146c60,19,5.38479,0.9286194,5.0004204589259995
18728.816736955196,bench:ea7465ffb1146c60,19,5.48302,0.9291566,5.094584220932
18732.90097498102,bench:ea7465ffb1146c60,19,5.45623,0.9291566,5.0696921156179995
18736.950455000624,bench:ea7465ffb1146c60,19,5.39372,0.9280821,5.005814984412
18741.266320983414,bench:ea7465ffb1146c60,19,5.37586,0.9286194,4.992127887684
18752.3688999936,bench:ea7465ffb1146c60,19,5.509809,0.9280821,5.1135551073189
18756.459748954512,bench:ea7465ffb1146c60,19,5.42944,0.9294252,5.046258357887999
18764.1498419689,bench:ea7465ffb1146c60,19,5.42051,0.928888,5.035046692880001
18772.104913950898,bench:ea7465ffb1146c60,19,4.08994,0.9283507,3.796898661958
18776.161244953983,bench:ea7465ffb1146c60,19,4.12566,0.928888,3.83227606608
18780.14202194754,bench:ea7465ffb1146c60,19,4.1078,0.928888,3.8156861264
18792.330608994234,bench:ea7465ffb1146c60,19,5.40265,0.9326486,5.03877395879
18800.321401969995,bench:ea7465ffb1146c60,19,5.42944,0.9294252,5.046258357887999
18808.36815899238,bench:ea7465ffb1146c60,19,5.4473,0.9291566,5.0613947471800005
18816.080861957744,bench:ea7465ffb1146c60,19,5.56339,0.9326486,5.1886878947540005
18820.4025249579,bench:ea7465ffb1146c60,19,4.11673,0.9291566,3.8250868499179997
18824.415874958504,bench:ea7465ffb1146c60,19,4.17924,0.928888,3.88204588512
18832.416427962016,bench:ea7465ffb1146c60,19,4.11673,0.9286194,3.8228753425619995
18836.611775972415,bench:ea7465ffb1146c60,19,5.42051,0.928888,5.035046692880001
18840.652626997326,bench:ea7465ffb1146c60,19,4.17924,0.9296938,3.885413516712
18844.602014985867,bench:ea7465ffb1146c60,19,4.13459,0.9294252,3.842792137668
18848.56614295859,bench:ea7465ffb1146c60,19,4.11673,0.9291566,3.8250868499179997
18852.50656795688,bench:ea7465ffb1146c60,19,4.14352,0.928888,3.8488660057599997
18856.417104951106,bench:ea7465ffb1146c60,19,4.11673,0.928888,3.82398109624
18860.34173396183,bench:ea7465ffb1146c60,19,4.15245,0.9286194,3.85604562753
18864.262380986474,bench:ea7465ffb1146c60,19,4.1078,0.928888,3.8156861264
18868.13404795248,bench:ea7465ffb1146c60,19,4.15245,0.9294252,3.8593916717399996
18872.037287976127,bench:ea7465ffb1146c60,19,4.13459,0.9286194,3.839460485046
18875.93947298592,bench:ea7465ffb1146c60,19,4.15245,0.9286194,3.85604562753
18879.825268988498,bench:ea7465ffb1146c60,19,4.15245,0.9291566,3.85827632367
18883.736121002585,bench:ea7465ffb1146c60,19,4.50072,0.9294252,4.183082586144
18892.3388159601,bench:ea7465ffb1146c60,19,5.43837,0.9291566,5.053097378742
18896.48946095258,bench:ea7465ffb1146c60,19,4.15245,0.928888,3.8571609756000003
18900.532069965266,bench:ea7465ffb1146c60,19,4.02743,0.9294252,3.7431949332359995
18904.51701398706,bench:ea7465ffb1146c60,19,4.08994,0.9286194,3.7979976288360002
18912.470788985956,bench:ea7465ffb1146c60,19,5.37586,0.9294252,4.996459755672
18916.543342988007,bench:ea7465ffb1146c60,19,5.39372,0.9304997,5.018854841884
18920.526711968705,bench:ea7465ffb1146c60,19,4.1078,0.928888,3.8156861264
18924.5074520004,bench:ea7465ffb1146c60,19,4.39356,0.9286194,4.079945051064
18932.411560963374,bench:ea7465ffb1146c60,19,5.36693,0.9286194,4.983835316442
18944.3594829645,bench:ea7465ffb1146c60,19,5.43837,0.9291566,5.053097378742
18956.372089975048,bench:ea7465ffb1146c60,19,5.5366,0.9294252,5.1458555623199995
18964.142700948287,bench:ea7465ffb1146c60,19,5.42051,0.9291566,5.036502641866
18976.424675958697,bench:ea7465ffb1146c60,19,5.50088,0.9294252,5.112656494176
18980.47556297388,bench:ea7465ffb1146c60,19,5.4473,0.9286194,5.05846845762
18984.531634952873,bench:ea7465ffb1146c60,19,5.50088,0.9286194,5.108223885072
18988.56198496651,bench:ea7465ffb1146c60,19,5.66162,0.928888,5.259010878560001
18992.687593970913,bench:ea7465ffb1146c60,19,5.42944,0.9294252,5.046258357887999
18996.738924994133,bench:ea7465ffb1146c60,19,5.51874,0.928888,5.126291361120001
19000.82510797074,bench:ea7465ffb1146c60,19,5.509809,0.928888,5.117995462392
19004.847050993703,bench:ea7465ffb1146c60,19,5.50088,0.928888,5.1097014214400005
19008.954529999755,bench:ea7465ffb1146c60,19,5.4473,0.9286194,5.05846845762
19012.97489897115,bench:ea7465ffb1146c60,19,5.42944,0.9286194,5.041883315135999
19017.059192992747,bench:ea7465ffb1146c60,19,5.50088,0.9291566,5.111178957808001
19021.099802979734,bench:ea7465ffb1146c60,19,5.42944,0.9291566,5.044800010304
19025.216188980266,bench:ea7465ffb1146c60,19,5.42944,0.9291566,5.044800010304
19029.30751995882,bench:ea7465ffb1146c60,19,4.12566,0.928888,3.83227606608
19033.26877800282,bench:ea7465ffb1146c60,19,4.00957,0.9286194,3.723364487658
19037.219833000563,bench:ea7465ffb1146c60,19,3.27731,0.9286194,3.043373645814
19044.330597971566,bench:ea7465ffb1146c60,19,4.14352,0.9286194,3.8477530562879996
19052.136190002784,bench:ea7465ffb1146c60,19,5.38479,0.9283507,4.9989735658529995
19056.396722968202,bench:ea7465ffb1146c60,19,5.41158,0.9291566,5.028205273428
19064.31597995106,bench:ea7465ffb1146c60,19,5.42051,0.9283507,5.032134252857
19076.359993952792,bench:ea7465ffb1146c60,19,5.43837,0.928888,5.05163663256
19080.497769988142,bench:ea7465ffb1146c60,19,5.27763,0.9294252,4.905162318276
19089.762883959338,bench:ea7465ffb1146c60,19,5.34907,0.9291566,4.970123694362
19101.628362957854,bench:ea7465ffb1146c60,19,5.42051,0.9294252,5.037958590852
19108.094374998473,bench:ea7465ffb1146c60,19,5.358,0.9283507,4.974103050599999
19112.460295960773,bench:ea7465ffb1146c60,19,5.37586,0.9291566,4.9950157996760005
19120.324980001897,bench:ea7465ffb1146c60,19,5.358,0.9299625,4.982739075
19128.356865956448,bench:ea7465ffb1146c60,19,5.358,0.9280821,4.9726638918
19136.052643996663,bench:ea7465ffb1146c60,19,4.04529,0.9291566,3.7587079024139998
19140.218140964862,bench:ea7465ffb1146c60,19,4.14352,0.9286194,3.8477530562879996
19144.312286982313,bench:ea7465ffb1146c60,19,3.00048,0.9280821,2.784691779408
19148.30597100081,bench:ea7465ffb1146c60,19,4.08101,0.9291566,3.791897376166
19152.26746996632,bench:ea7465ffb1146c60,19,3.29517,0.928888,3.0608438709600003
19157.39945799578,bench:ea7465ffb1146c60,19,4.06315,0.9286194,3.77311991511
19168.395222979598,bench:ea7465ffb1146c60,19,5.491949,0.9286194,5.0999303852106
19172.518386971205,bench:ea7465ffb1146c60,19,5.509809,0.9291566,5.1194753970894
19180.30136800371,bench:ea7465ffb1146c60,19,5.39372,0.9291566,5.011610536552
19184.64019597741,bench:ea7465ffb1146c60,19,5.42944,0.928888,5.04334166272
19188.7382309651,bench:ea7465ffb1146c60,19,5.38479,0.9294252,5.0047595227079995
19196.29484397592,bench:ea7465ffb1146c60,19,5.509809,0.9304997,5.1268756215573
19204.28909995826,bench:ea7465ffb1146c60,19,5.50088,0.9294252,5.112656494176
19212.064154969994,bench:ea7465ffb1146c60,19,5.42944,0.9286194,5.041883315135999
19220.309631957207,bench:ea7465ffb1146c60,19,5.43837,0.9280821,5.047253850177
19228.32377697341,bench:ea7465ffb1146c60,19,5.50088,0.9291566,5.111178957808001
19232.356127002276,bench:ea7465ffb1146c60,19,5.474089,0.9291566,5.0862859233374005
19236.448680981994,bench:ea7465ffb1146c60,19,5.474089,0.928888,5.084815583032
19244.29484596476,bench:ea7465ffb1146c60,19,5.42944,0.928888,5.04334166272
19252.316805999726,bench:ea7465ffb1146c60,19,5.37586,0.928888,4.993571843680001
19260.286488977727,bench:ea7465ffb1146c60,19,5.45623,0.9304997,5.077020378131
19264.33196896687,bench:ea7465ffb1146c60,19,4.12566,0.928888,3.83227606608
19268.340744951274,bench:ea7465ffb1146c60,19,4.13459,0.9294252,3.842792137668
19272.341781004798,bench:ea7465ffb1146c60,19,4.14352,0.9294252,3.8510919047039995
19276.343260949943,bench:ea7465ffb1146c60,19,4.17031,0.9294252,3.8759912058119994
19280.289611953776,bench:ea7465ffb1146c60,19,4.14352,0.9291566,3.849978955232
19284.2490740004,bench:ea7465ffb1146c60,19,4.13459,0.9291566,3.8416815867940004
19288.186387973838,bench:ea7465ffb1146c60,19,4.14352,0.9291566,3.849978955232
19292.173275956884,bench:ea7465ffb1146c60,19,4.17031,0.9283507,3.871510207717
19296.125903958455,bench:ea7465ffb1146c60,19,4.13459,0.9291566,3.8416815867940004
19300.307252968196,bench:ea7465ffb1146c60,19,4.45607,0.9294252,4.141583750964
19304.194715979975,bench:ea7465ffb1146c60,19,4.11673,0.9286194,3.8228753425619995
19308.167658979073,bench:ea7465ffb1146c60,19,4.16138,0.9291566,3.866573692108
19312.07862199517,bench:ea7465ffb1146c60,19,4.50072,0.9291566,4.181873692752
19315.982546948362,bench:ea7465ffb1146c60,19,4.13459,0.928888,3.8405710359200005
19319.957786996383,bench:ea7465ffb1146c60,19,4.17031,0.928888,3.87375091528
19323.94611899508,gap,20,4.48286,0.9291566,4.1652789558759995
19327.871099987533,gap,20,1.68777,0.928888,1.56774929976
19334.657348983455,gap,20,1.41987,0.8738209,1.240712081283
19338.6054779985,gap,20,1.41094,0.8732836,1.2321507625840002
19344.661530980375,gap,20,1.1609,0.8182165,0.9498675348500001
19349.36343098525,gap,20,1.1609,0.8182165,0.9498675348500001
19353.492908994667,gap,20,1.17876,0.8182165,0.96448088154
19357.66868398059,gap,20,1.17876,0.8179479,0.964164266604
19361.886087979656,gap,20,1.18769,0.8182165,0.9717875548849999
19366.046326002106,gap,20,1.1609,0.8184852,0.95017946868
19370.229896972887,gap,20,1.15197,0.8179479,0.9422514423629998
19374.3775979965,gap,20,1.15197,0.8184852,0.942870395844
19381.474399997387,gap,20,1.00016,0.7223192,0.722434771072
19385.538119997364,gap,20,0.9733699,0.7220506,0.70282232031694
19389.62156296475,gap,20,1.00016,0.7225879,0.7227035140639999
19397.719336964656,gap,20,0.9733699,0.7223192,0.70308376747208
19401.779686973896,gap,20,0.9822999,0.7223192,0.7095340779280801
19405.85309197195,gap,20,1.12518,0.7225879,0.813041453322
19409.938682976644,gap,20,1.00016,0.7220506,0.7221661280959999
19414.017291972414,gap,20,0.96444,0.7225879,0.6968926742759999
19418.071363994386,gap,20,0.9733699,0.7220506,0.70282232031694
19422.15756495716,gap,20,0.9733699,0.7225879,0.7033453119642099
19426.235488965176,gap,20,0.9822999,0.7223192,0.7095340779280801
19430.30030198861,gap,20,0.9822999,0.7225879,0.70979802191121
19434.37015195377,gap,20,0.9912299,0.7220506,0.71571814403294
19438.435057003517,gap,20,0.95551,0.7223192,0.6901832187920001
19442.498221993446,gap,20,0.96444,0.7223192,0.696633529248
19446.599645947572,gap,20,0.9733699,0.7223192,0.70308376747208
19453.95200100029,gap,20,1.13411,0.8182165,0.9279475148149999
19458.107590966392,gap,20,1.13411,0.8209028,0.930994074508
19464.158774004318,gap,20,0.96444,0.7223192,0.696633529248
19468.681581958663,gap,20,0.96444,0.7223192,0.696633529248
19472.76563500054,gap,20,0.9822999,0.7225879,0.70979802191121
19476.84105898952,gap,20,0.9822999,0.7223192,0.7095340779280801
19484.125044953544,gap,20,1.12518,0.8187538,0.9212454006840001
19491.31353100529,gap,20,0.96444,0.7223192,0.696633529248
19495.379751955625,gap,20,0.96444,0.7225879,0.6968926742759999
19499.450250004884,gap,20,0.96444,0.7225879,0.6968926742759999
19503.530265996233,gap,20,0.96444,0.7225879,0.6968926742759999
19507.598930969834,gap,20,0.9733699,0.7225879,0.7033453119642099
19511.660557996947,gap,20,0.96444,0.7223192,0.696633529248
19515.71344595868,gap,20,0.95551,0.7225879,0.6904399643289999
19519.79286898859,gap,20,0.95551,0.7220506,0.689926568806
19523.95262598293,gap,20,0.96444,0.7220506,0.696374480664
19528.100048948545,gap,20,0.96444,0.7223192,0.696633529248
19535.405033966526,gap,20,1.11625,0.8187538,0.9139339292499999
19539.57080899272,gap,20,1.12518,0.8184852,0.9209431773360001
19543.74575096881,gap,20,1.13411,0.8182165,0.9279475148149999
19547.906358959153,gap,20,1.13411,0.8182165,0.9279475148149999
19554.977697960567,gap,20,0.9733699,0.7223192,0.70308376747208
19559.078177961055,gap,20,0.96444,0.7225879,0.6968926742759999
19563.236785994377,gap,20,0.95551,0.7225879,0.6904399643289999
19570.59273397317,gap,20,1.10732,0.8179479,0.905730068628
19574.741174990777,gap,20,1.14304,0.8184852,0.9355613230080001
19581.7590149818,gap,20,0.96444,0.7223192,0.696633529248
19585.860790975858,gap,20,1.43773,0.7225879,1.0388863014669998
19589.940880949143,gap,20,1.00909,0.7225879,0.729156224011
19596.16446995642,gap,20,1.12518,0.8187538,0.9212454006840001
19600.8734619827,gap,20,1.12518,0.8184852,0.9209431773360001
19607.88867197698,gap,20,0.96444,0.7228564,0.6971516264159999
19612.01974400319,gap,20,0.96444,0.7225879,0.6968926742759999
19616.11440795241,gap,20,0.96444,0.7228564,0.6971516264159999
19623.615705990233,gap,20,1.13411,0.8179479,0.9276428928689999
19627.764258999377,gap,20,1.11625,0.8182165,0.913334168125
19634.800950996578,gap,20,0.96444,0.7223192,0.696633529248
19638.889448950067,gap,20,0.9465799,0.7225879,0.68398718212321
19642.97494699713,gap,20,0.96444,0.7225879,0.6968926742759999
19647.047462989576,gap,20,0.9465799,0.7220506,0.68347858474294
19651.131035003345,gap,20,0.96444,0.7223192,0.696633529248
19655.20351397572,gap,20,0.93765,0.7225879,0.6775345444349999
19659.281289961655,gap,20,0.9733699,0.7225879,0.7033453119642099
19663.391139998566,gap,20,0.96444,0.7225879,0.6968926742759999
19667.53609996522,gap,20,0.9822999,0.7223192,0.7095340779280801
19673.835724999662,gap,20,1.37522,0.8182165,1.1252276951300002
19678.5526239546,gap,20,1.11625,0.8184852,0.9136341045
19684.66865795199,gap,20,0.9465799,0.7225879,0.68398718212321
19689.242854947224,gap,20,0.96444,0.7225879,0.6968926742759999
19693.334203970153,gap,20,0.9822999,0.7228564,0.71006176943436
19697.486108983867,gap,20,0.9465799,0.7223192,0.6837328361040801
19704.743001959287,gap,20,1.11625,0.8184852,0.9136341045
19711.761452956125,gap,20,0.9465799,0.7223192,0.6837328361040801
19715.86967300391,gap,20,0.9465799,0.7223192,0.6837328361040801
19719.960818998516,gap,20,0.95551,0.7223192,0.6901832187920001
19724.02974299621,gap,20,0.9287199,0.7225879,0.67108176222921
19728.12551795505,gap,20,0.95551,0.7225879,0.6904399643289999
19732.227478991263,gap,20,0.96444,0.7225879,0.6968926742759999
19736.320365977008,gap,20,0.96444,0.7223192,0.696633529248
19740.40225299541,gap,20,0.93765,0.7225879,0.6775345444349999
19744.455657957587,gap,20,0.95551,0.7225879,0.6904399643289999
19748.53445199551,gap,20,0.95551,0.7225879,0.6904399643289999
19752.593598968815,gap,20,0.9733699,0.7225879,0.7033453119642099
19756.649892951827,gap,20,0.9465799,0.7223192,0.6837328361040801
19760.71087300079,gap,20,0.93765,0.7225879,0.6775345444349999
19764.786574000027,gap,20,0.9465799,0.7223192,0.6837328361040801
19768.860812997445,gap,20,0.9465799,0.723125,0.6844955901875001
19772.92692195624,gap,20,0.93765,0.7225879,0.6775345444349999
19776.993845996913,gap,20,0.95551,0.7228564,0.690696518764
19781.056548003107,gap,20,0.9465799,0.7223192,0.6837328361040801
19785.126415954437,gap,20,0.96444,0.7225879,0.6968926742759999
19789.211728959344,gap,20,0.93765,0.7225879,0.6775345444349999
19793.269115965813,gap,20,0.95551,0.7228564,0.690696518764
19797.328224987723,gap,20,0.9465799,0.7228564,0.68424133882636
19801.857793005183,gap,20,1.12518,0.7223192,0.8127391174560001
19805.93819799833,gap,20,0.95551,0.7223192,0.6901832187920001
19809.997158998158,gap,20,0.9465799,0.7225879,0.68398718212321
19814.064934966154,gap,20,0.93765,0.7225879,0.6775345444349999
19818.12909897417,gap,20,0.9465799,0.7225879,0.68398718212321
19822.205300966743,gap,20,0.93765,0.7223192,0.67728259788
19826.329464965966,gap,20,1.53596,0.7225879,1.109866110884
19833.575433003716,gap,20,1.16983,0.8329906,0.974457393598
19849.29059696151,gap,20,1.16983,0.8332592,0.9747716099359999
19853.95801498089,gap,20,1.18769,0.8329906,0.989334605714
19858.59476699261,gap,20,1.1609,0.8329906,0.96701878754
19873.284662957303,gap,20,1.16983,0.8332592,0.9747716099359999
19881.62832299713,gap,20,1.14304,0.8184852,0.9355613230080001
19888.651182001922,gap,20,0.9287199,0.7225879,0.67108176222921
19892.732160980813,gap,20,0.9287199,0.7225879,0.67108176222921
19896.834362996742,gap,20,0.9465799,0.7225879,0.68398718212321
19904.124218970537,gap,20,1.10732,0.8182165,0.9060274947800001
19911.368648987263,gap,20,0.93765,0.7225879,0.6775345444349999
19915.490220999345,gap,20,0.9465799,0.7225879,0.68398718212321
19922.766872972716,gap,20,1.12518,0.8184852,0.9209431773360001
19929.783434956335,gap,20,0.95551,0.7225879,0.6904399643289999
19933.863655955065,gap,20,1.12518,0.7225879,0.813041453322
19937.961060961243,gap,20,0.9465799,0.7225879,0.68398718212321
19942.03687296249,gap,20,0.95551,0.7220506,0.689926568806
19946.113185957074,gap,20,0.95551,0.721782,0.6896699188200001
19950.181479973253,gap,20,0.9465799,0.7225879,0.68398718212321
19954.255440970883,gap,20,0.9465799,0.7225879,0.68398718212321
19958.33897596458,gap,20,0.9465799,0.7228564,0.68424133882636
19962.41843700409,gap,20,0.9465799,0.7220506,0.68347858474294
19968.71691395063,gap,20,1.11625,0.8184852,0.9136341045
19973.428219964262,gap,20,1.11625,0.8187538,0.9139339292499999
19980.45022698352,gap,20,0.96444,0.7223192,0.696633529248
19984.54504000256,gap,20,0.96444,0.7225879,0.6968926742759999
19988.64166700514,gap,20,0.9465799,0.7220506,0.68347858474294
19992.717516957782,gap,20,0.9287199,0.7225879,0.67108176222921
19996.784496004693,gap,20,0.9287199,0.7228564,0.67133112352236
20000.845178961754,gap,20,0.96444,0.7225879,0.6968926742759999
20004.905140958726,gap,20,0.9465799,0.7223192,0.6837328361040801
20008.96784197539,gap,20,0.93765,0.7228564,0.6777863034599999
20013.0523959524,gap,20,0.9465799,0.7228564,0.68424133882636
20017.133893969003,gap,20,0.93765,0.7225879,0.6775345444349999
20021.21813199483,gap,20,0.9465799,0.7225879,0.68398718212321
20025.272407976445,gap,20,0.9465799,0.7225879,0.68398718212321
20029.340312990826,gap,20,0.93765,0.7223192,0.67728259788
20033.411644981243,gap,20,0.9465799,0.7225879,0.68398718212321
20037.47675399063,gap,20,0.95551,0.7223192,0.6901832187920001
20041.546584980097,gap,20,0.9465799,0.7228564,0.68424133882636
20045.602397993207,gap,20,0.9733699,0.7223192,0.70308376747208
20049.66252599843,gap,20,0.9465799,0.7223192,0.6837328361040801
20053.722060984,gap,20,0.93765,0.7225879,0.6775345444349999
20057.775911001954,gap,20,0.96444,0.7220506,0.696374480664
20061.8426129804,gap,20,1.13411,0.7228564,0.8197986718039999
20065.91655500233,gap,20,0.9287199,0.7223192,0.67083221519208
20070.007033995353,gap,20,0.9287199,0.7223192,0.67083221519208
20074.05130995903,gap,20,0.9465799,0.7220506,0.68347858474294
20078.22888100054,gap,20,0.9465799,0.7220506,0.68347858474294
20084.514931950253,gap,20,1.05374,0.8187538,0.8627536292119999
20089.210590987932,gap,20,1.04481,0.8187538,0.855442157778
20097.470585955307,gap,20,1.3395,0.9286194,1.2438856862999998
20104.202742979396,gap,20,1.32164,0.9291566,1.228010528824
20108.353221963625,gap,20,1.33057,0.928888,1.23595050616
20112.462830962613,gap,20,1.32164,0.9286194,1.2273005438159998
20116.567624965683,gap,20,1.31271,0.9286194,1.219007972574
20120.671269949526,gap,20,1.31271,0.928888,1.21936056648
20127.66133295372,gap,20,1.33057,0.928888,1.23595050616
20131.796107976697,gap,20,1.34843,0.9283507,1.251815934401
20137.61394098401,gap,20,1.36629,0.928888,1.26913038552
20142.213896964677,gap,20,1.33057,0.9291566,1.236307897262
20148.099895974156,gap,20,1.33057,0.928888,1.23595050616
20152.79720298713,gap,20,1.33057,0.9286194,1.235593115058
20156.969625968486,gap,20,1.33057,0.9283507,1.235235590899
20165.279638953507,gap,20,1.12518,0.8187538,0.9212454006840001
20172.329385997728,gap,20,0.93765,0.7225879,0.6775345444349999
20176.392383989878,gap,20,0.9287199,0.7225879,0.67108176222921
20180.47838198254,gap,20,0.9465799,0.7220506,0.68347858474294
20187.77495995164,gap,20,1.12518,0.8182165,0.92064084147
20191.914419992827,gap,20,1.11625,0.8184852,0.9136341045
20199.000352004077,gap,20,0.9465799,0.7223192,0.6837328361040801
20203.050424985122,gap,20,0.93765,0.7223192,0.67728259788
20207.129218964837,gap,20,0.9287199,0.7223192,0.67083221519208
20211.19977196213,gap,20,0.9287199,0.7223192,0.67083221519208
20215.271751978435,gap,20,0.9465799,0.7225879,0.68398718212321
20219.336638983805,gap,20,0.9465799,0.7225879,0.68398718212321
20226.629254000727,gap,20,1.12518,0.8187538,0.9212454006840001
20233.63796400372,gap,20,0.96444,0.7223192,0.696633529248
20237.685017986223,gap,20,0.95551,0.7225879,0.6904399643289999
20241.76688597072,gap,20,0.96444,0.7228564,0.6971516264159999
20246.42615596531,gap,20,0.93765,0.7223192,0.67728259788
20261.00320200203,gap,20,0.95551,0.7225879,0.6904399643289999
20268.34698294988,gap,20,1.10732,0.8184852,0.9063250316640001
20296.13093897933,gap,20,1.11625,0.8182165,0.913334168125
20303.139815980103,gap,20,0.9287199,0.7220506,0.67058276102694
20307.21714696847,gap,20,0.93765,0.7223192,0.67728259788
20311.319051950704,gap,20,0.9287199,0.7220506,0.67058276102694
20318.62703798106,gap,20,1.11625,0.8184852,0.9136341045
20324.749774998054,gap,20,0.9465799,0.7223192,0.6837328361040801
20329.266972956248,gap,20,0.9287199,0.7228564,0.67133112352236
20333.334303984884,gap,20,0.9287199,0.7220506,0.67058276102694
20337.39802398486,gap,20,0.9108599,0.7225879,0.6581763423352099
20341.461651958525,gap,20,0.93765,0.7225879,0.6775345444349999
20345.535556960385,gap,20,0.9465799,0.7223192,0.6837328361040801
20349.62001797976,gap,20,0.95551,0.7223192,0.6901832187920001
20353.681682958268,gap,20,0.9465799,0.7223192,0.6837328361040801
20357.734606950544,gap,20,0.9287199,0.7223192,0.67083221519208
20361.824326973874,gap,20,0.91979,0.7225879,0.664629124541
20365.925342950504,gap,20,0.96444,0.723125,0.697410675
20370.0096369721,gap,20,0.9287199,0.7225879,0.67108176222921
20376.24648498604,gap,20,1.11625,0.8182165,0.913334168125
20381.198288989253,bench:4086332912da2667,21,1.786,0.8187538,1.4622942868
20388.29649897525,bench:4086332912da2667,21,1.50917,0.723125,1.0913185562499998
20399.318244948518,bench:4086332912da2667,21,2.83081,0.9286194,2.628745083714
20403.41276099207,bench:4086332912da2667,21,2.81295,0.9294252,2.61442661634
20407.481000002008,bench:4086332912da2667,21,2.8576,0.9294252,2.65592545152
20411.50647995528,bench:4086332912da2667,21,2.87546,0.9294252,2.6725249855919997
20415.534386003856,bench:4086332912da2667,21,2.83974,0.9283507,2.636274616818
20419.607883959543,bench:4086332912da2667,21,2.83081,0.9294252,2.631026150412
20423.637918953318,bench:4086332912da2667,21,2.88439,0.928888,2.67927525832
20427.66482499428,bench:4086332912da2667,21,2.83974,0.928888,2.63780040912
20431.717915984336,bench:4086332912da2667,21,2.84867,0.928888,2.64609537896
20435.75621000491,bench:4086332912da2667,21,2.84867,0.9283507,2.644564788569
20439.874373958446,bench:4086332912da2667,21,2.84867,0.928888,2.64609537896
20443.91622400144,bench:4086332912da2667,21,2.86653,0.9283507,2.661145132071
20448.00864800345,bench:4086332912da2667,21,2.83974,0.9294252,2.6393259174479997
20452.119478955865,bench:4086332912da2667,21,2.86653,0.9283507,2.661145132071
20456.28190197749,bench:4086332912da2667,21,2.83974,0.9286194,2.637037654956
20460.362714948133,bench:4086332912da2667,21,2.86653,0.9286194,2.661915368682
20464.372175978497,bench:4086332912da2667,21,2.80402,0.9286194,2.603867369988
20468.412507965695,bench:4086332912da2667,21,2.84867,0.9283507,2.644564788569
20472.58389397757,bench:4086332912da2667,21,2.83974,0.9294252,2.6393259174479997
20476.680391991977,bench:4086332912da2667,21,2.84867,0.9294252,2.647625684484
20480.64905696083,bench:4086332912da2667,21,2.8576,0.9280821,2.6520874089600004
20484.70033297781,bench:4086332912da2667,21,2.88439,0.9286194,2.678500511166
20488.76375699183,bench:4086332912da2667,21,2.84867,0.9294252,2.647625684484
20492.781718960032,bench:4086332912da2667,21,2.8576,0.9286194,2.65362279744
20496.83738296153,bench:4086332912da2667,21,2.84867,0.928888,2.64609537896
20500.88871497428,bench:4086332912da2667,21,2.87546,0.9294252,2.6725249855919997
20504.928786947858,bench:4086332912da2667,21,2.8576,0.9286194,2.65362279744
20508.99852596922,bench:4086332912da2667,21,2.87546,0.9283507,2.669435303822
20513.08198698098,bench:4086332912da2667,21,2.86653,0.9283507,2.661145132071
20517.143484961707,bench:4086332912da2667,21,2.8576,0.9283507,2.65285496032
20521.196649991907,bench:4086332912da2667,21,2.84867,0.9291566,2.646860531722
20525.259350950364,bench:4086332912da2667,21,2.89332,0.928888,2.6875702281600002
20529.319478955586,bench:4086332912da2667,21,2.86653,0.9286194,2.661915368682
20533.38914399501,bench:4086332912da2667,21,2.84867,0.9280821,2.643799635807
20537.43649396347,bench:4086332912da2667,21,2.84867,0.9291566,2.646860531722
20541.444806964137,bench:4086332912da2667,21,2.84867,0.9286194,2.645330226198
20545.451065001544,bench:4086332912da2667,21,2.84867,0.9294252,2.647625684484
20549.487673968542,bench:4086332912da2667,21,2.86653,0.9283507,2.661145132071
20553.48809895804,bench:4086332912da2667,21,2.83081,0.9283507,2.627984445067
20557.49661597656,bench:4086332912da2667,21,2.87546,0.9280821,2.668662955266
20561.550150974654,bench:4086332912da2667,21,2.84867,0.928888,2.64609537896
20565.64124196302,bench:4086332912da2667,21,2.84867,0.9283507,2.644564788569
20569.704387977254,bench:4086332912da2667,21,2.91118,0.9283507,2.702595990826
20573.802255967166,bench:4086332912da2667,21,2.81295,0.9294252,2.61442661634
20577.878290961962,bench:4086332912da2667,21,2.88439,0.928888,2.67927525832
20581.922048004344,bench:4086332912da2667,21,2.90225,0.9283507,2.6943058190749998
20585.96897299867,bench:4086332912da2667,21,2.90225,0.9286194,2.69508565365
20590.02517396584,bench:4086332912da2667,21,2.92011,0.928888,2.71245513768
20594.07478396315,bench:4086332912da2667,21,2.84867,0.9286194,2.645330226198
20598.136282002088,bench:4086332912da2667,21,2.91118,0.9286194,2.703378224892
20602.1900390042,bench:4086332912da2667,21,2.83974,0.9291566,2.638563163284
20606.242092966568,bench:4086332912da2667,21,2.8576,0.9280821,2.6520874089600004
20610.314942954574,bench:4086332912da2667,21,2.91118,0.9286194,2.703378224892
20614.331607997883,bench:4086332912da2667,21,2.91118,0.9294252,2.7057240537359997
20618.406458001118,bench:4086332912da2667,21,2.8576,0.9291566,2.6551579001600003
20622.453492949717,bench:4086332912da2667,21,2.90225,0.928888,2.6958651980000004
20626.503860985395,bench:4086332912da2667,21,2.91118,0.9286194,2.703378224892
20630.573229980655,bench:4086332912da2667,21,2.83081,0.9283507,2.627984445067
20634.58556198748,bench:4086332912da2667,21,2.90225,0.9283507,2.6943058190749998
20638.601874990854,bench:4086332912da2667,21,2.8576,0.9294252,2.65592545152
20642.66420598142,bench:4086332912da2667,21,2.86653,0.9286194,2.661915368682
20646.673593961168,bench:4086332912da2667,21,2.84867,0.928888,2.64609537896
20650.783257966395,bench:4086332912da2667,21,2.89332,0.9291566,2.6883473739120003
20654.803867975716,bench:4086332912da2667,21,2.88439,0.9294252,2.680824752628
20658.908661978785,bench:4086332912da2667,21,2.80402,0.9286194,2.603867369988
20662.937474960927,bench:4086332912da2667,21,2.86653,0.9291566,2.663455268598
20666.981861984823,bench:4086332912da2667,21,2.84867,0.9286194,2.645330226198
20671.05482297484,bench:4086332912da2667,21,2.90225,0.9283507,2.6943058190749998
20675.069357967004,bench:4086332912da2667,21,2.87546,0.928888,2.67098028848
20679.123115958646,bench:4086332912da2667,21,2.83081,0.9291566,2.630265794846
20683.211724972352,bench:4086332912da2667,21,2.8576,0.9291566,2.6551579001600003
20687.31631495757,bench:4086332912da2667,21,2.90225,0.9294252,2.6974242867
20691.354053968098,bench:4086332912da2667,21,2.83974,0.9291566,2.638563163284
20695.411829976365,bench:4086332912da2667,21,2.86653,0.9286194,2.661915368682
20699.485938996077,bench:4086332912da2667,21,2.83974,0.928888,2.63780040912
20703.57775199227,bench:4086332912da2667,21,2.88439,0.928888,2.67927525832
20707.665508962236,bench:4086332912da2667,21,2.8576,0.9286194,2.65362279744
20711.80596895283,bench:4086332912da2667,21,2.8576,0.928888,2.6543903488000002
20715.899725968484,bench:4086332912da2667,21,2.84867,0.9299625,2.6491562748749997
20719.907261955086,bench:4086332912da2667,21,2.86653,0.9283507,2.661145132071
20723.95716694882,bench:4086332912da2667,21,2.88439,0.928888,2.67927525832
20728.07314596139,bench:4086332912da2667,21,2.86653,0.9286194,2.661915368682
20732.14375495445,bench:4086332912da2667,21,2.86653,0.9280821,2.660375182113
20736.206382978708,bench:4086332912da2667,21,2.87546,0.9291566,2.671752637036
20740.307880972978,bench:4086332912da2667,21,2.84867,0.9283507,2.644564788569
20744.38193399692,bench:4086332912da2667,21,2.83974,0.9291566,2.638563163284
20748.46009898465,bench:4086332912da2667,21,2.87546,0.9286194,2.670207939924
20752.552132995334,bench:4086332912da2667,21,2.86653,0.9286194,2.661915368682
20756.553151004482,bench:4086332912da2667,21,2.86653,0.9280821,2.660375182113
20760.57701895479,bench:4086332912da2667,21,2.81295,0.928888,2.6129154996
20764.66262800386,bench:4086332912da2667,21,2.84867,0.9294252,2.647625684484
20768.692515965085,bench:4086332912da2667,21,2.90225,0.928888,2.6958651980000004
20772.74371695239,bench:4086332912da2667,21,2.86653,0.9291566,2.663455268598
20776.822955987882,bench:4086332912da2667,21,2.87546,0.9294252,2.6725249855919997
20780.895453994162,bench:4086332912da2667,21,2.8576,0.928888,2.6543903488000002
20784.93406297639,bench:4086332912da2667,21,2.87546,0.928888,2.67098028848
20789.019616961014,bench:4086332912da2667,21,2.87546,0.928888,2.67098028848
20793.087188969366,bench:4086332912da2667,21,2.88439,0.928888,2.67927525832
20797.124983975664,bench:4086332912da2667,21,2.86653,0.9291566,2.663455268598
20801.19713000022,bench:4086332912da2667,21,2.86653,0.9280821,2.660375182113
20805.268534983043,bench:4086332912da2667,21,2.86653,0.9286194,2.661915368682
20809.32447797386,bench:4086332912da2667,21,2.82188,0.9283507,2.619694273316
20813.359845953528,bench:4086332912da2667,21,2.86653,0.9286194,2.661915368682
20817.382993001956,bench:4086332912da2667,21,2.8576,0.9286194,2.65362279744
20821.42297294922,bench:4086332912da2667,21,2.90225,0.9291566,2.69664474235
20825.543302984443,bench:4086332912da2667,21,2.86653,0.9286194,2.661915368682
20829.628948995378,bench:4086332912da2667,21,2.87546,0.9286194,2.670207939924
20833.66052195197,bench:4086332912da2667,21,2.84867,0.9286194,2.645330226198
20837.68592798151,bench:4086332912da2667,21,2.91118,0.9283507,2.702595990826
20841.736703994684,bench:4086332912da2667,21,2.89332,0.9286194,2.686793082408
20845.787942991592,bench:4086332912da2667,21,2.83081,0.9283507,2.627984445067
20849.788662977517,bench:4086332912da2667,21,2.8576,0.9286194,2.65362279744
20853.773440001532,bench:4086332912da2667,21,2.84867,0.9283507,2.644564788569
20857.82154899789,bench:4086332912da2667,21,2.87546,0.9286194,2.670207939924
20861.84923298424,bench:4086332912da2667,21,2.89332,0.928888,2.6875702281600002
20865.898286981974,bench:4086332912da2667,21,2.82188,0.928888,2.6212104694400002
20869.933080975898,bench:4086332912da2667,21,2.91118,0.9291566,2.704942110788
20873.991782951634,bench:4086332912da2667,21,3.50056,0.9283507,3.249747326392
20878.017243987415,bench:4086332912da2667,21,2.91118,0.9283507,2.702595990826
20882.099630951416,bench:4086332912da2667,21,2.86653,0.9286194,2.661915368682
20886.163054965436,bench:4086332912da2667,21,2.91118,0.928888,2.70416016784
20890.248182986397,bench:4086332912da2667,21,2.88439,0.9286194,2.678500511166
20894.234366947785,bench:4086332912da2667,21,2.88439,0.928888,2.67927525832
20898.244643001817,bench:4086332912da2667,21,2.86653,0.9291566,2.663455268598
20902.30417798739,bench:4086332912da2667,21,2.81295,0.928888,2.6129154996
20906.32932499284,bench:4086332912da2667,21,2.8576,0.9294252,2.65592545152
20910.3891379782,bench:4086332912da2667,21,2.8576,0.9283507,2.65285496032
20914.37606199179,bench:4086332912da2667,21,2.87546,0.9291566,2.671752637036
20918.44748595031,bench:4086332912da2667,21,2.89332,0.9283507,2.686015647324
20922.453373961616,bench:4086332912da2667,21,2.90225,0.928888,2.6958651980000004
20926.492389990017,bench:4086332912da2667,21,2.83974,0.9291566,2.638563163284
20930.560295993928,bench:4086332912da2667,21,2.88439,0.9283507,2.677725475573
20934.585776005406,bench:4086332912da2667,21,2.87546,0.9291566,2.671752637036
20938.634588965215,bench:4086332912da2667,21,2.88439,0.9294252,2.680824752628
20942.664549977053,bench:4086332912da2667,21,2.8576,0.9286194,2.65362279744
20946.742269967217,bench:4086332912da2667,21,2.84867,0.9283507,2.644564788569
20950.787953974213,bench:4086332912da2667,21,2.90225,0.9286194,2.69508565365
20954.85491497675,bench:4086332912da2667,21,2.87546,0.9294252,2.6725249855919997
20958.88837595703,bench:4086332912da2667,21,2.8576,0.9294252,2.65592545152
20962.95796596678,bench:4086332912da2667,21,2.89332,0.9286194,2.686793082408
20966.999186959583,bench:4086332912da2667,21,2.89332,0.9291566,2.6883473739120003
20971.028610947542,bench:4086332912da2667,21,2.92011,0.9286194,2.7116707961340003
20975.13173898915,bench:4086332912da2667,21,2.8576,0.9286194,2.65362279744
20979.161828989163,bench:4086332912da2667,21,2.88439,0.9286194,2.678500511166
20983.212067978457,bench:4086332912da2667,21,2.88439,0.9291566,2.680050005474
20987.209436949342,bench:4086332912da2667,21,2.89332,0.9283507,2.686015647324
20991.303842980415,bench:4086332912da2667,21,2.86653,0.9283507,2.661145132071
20995.343951974064,bench:4086332912da2667,21,2.8576,0.9291566,2.6551579001600003
20999.394190963358,bench:4086332912da2667,21,2.87546,0.9280821,2.668662955266
21003.436521976255,bench:4086332912da2667,21,2.87546,0.9286194,2.670207939924
21007.38831795752,bench:4086332912da2667,21,2.90225,0.9294252,2.6974242867
21011.413001979236,bench:4086332912da2667,21,2.88439,0.9294252,2.680824752628
21015.439443988726,bench:4086332912da2667,21,2.84867,0.9294252,2.647625684484
21019.497478962876,bench:4086332912da2667,21,2.87546,0.9294252,2.6725249855919997
21023.54327397188,bench:4086332912da2667,21,2.88439,0.9286194,2.678500511166
21027.642530971207,bench:4086332912da2667,21,2.87546,0.9291566,2.671752637036
21031.70491795754,bench:4086332912da2667,21,2.86653,0.9294252,2.664225218556
21035.777600947767,bench:4086332912da2667,21,2.87546,0.9278135,2.66789060671
21039.832487993408,bench:4086332912da2667,21,2.86653,0.9286194,2.661915368682
21043.90357900411,bench:4086332912da2667,21,2.87546,0.9286194,2.670207939924
21047.948502993677,bench:4086332912da2667,21,2.86653,0.9291566,2.663455268598
21052.011944993865,bench:4086332912da2667,21,2.83974,0.9286194,2.637037654956
21056.03360995883,bench:4086332912da2667,21,2.88439,0.928888,2.67927525832
21060.134366969578,bench:4086332912da2667,21,2.86653,0.9291566,2.663455268598
21064.1919579939,bench:4086332912da2667,21,2.89332,0.928888,2.6875702281600002
21068.390176980756,bench:4086332912da2667,21,2.8576,0.928888,2.6543903488000002
21072.42082396988,bench:4086332912da2667,21,2.87546,0.9294252,2.6725249855919997
21076.541727990843,bench:4086332912da2667,21,2.84867,0.9291566,2.646860531722
21080.649632960558,bench:4086332912da2667,21,2.7683,0.9294252,2.5729277811599998
21085.575881996192,bench:4086332912da2667,21,2.75044,0.9294252,2.556328247088
21090.67788894754,bench:4086332912da2667,21,2.8576,0.9291566,2.6551579001600003
21096.734478953294,bench:4086332912da2667,21,2.70579,0.9286194,2.512649086326
21101.950261974707,bench:4086332912da2667,21,2.83974,0.9286194,2.637037654956
21106.194202962797,bench:4086332912da2667,21,2.7683,0.9283507,2.56995324281
21110.223775962368,bench:4086332912da2667,21,2.78616,0.9286194,2.587282227504
21114.28875499405,bench:4086332912da2667,21,2.75937,0.9299625,2.566110623625
21118.35358699318,bench:4086332912da2667,21,2.77723,0.928888,2.57973562024
21122.424065950327,bench:4086332912da2667,21,2.75937,0.9286194,2.562404513778
21126.4752119896,bench:4086332912da2667,21,2.75044,0.9286194,2.554111942536
21130.57385798311,bench:4086332912da2667,21,2.7683,0.9286194,2.57069708502
21134.636244969442,bench:4086332912da2667,21,2.77723,0.9294252,2.581227548196
21138.678076968063,bench:4086332912da2667,21,2.75044,0.928888,2.5548507107200003
21142.727981961798,bench:4086332912da2667,21,2.75937,0.928888,2.5631456805600004
21146.750887972303,bench:4086332912da2667,21,2.75044,0.9286194,2.554111942536
21150.82134900149,bench:4086332912da2667,21,2.78616,0.9294252,2.589527315232
21157.42204495473,bench:4086332912da2667,21,2.8576,0.928888,2.6543903488000002
21161.509523983113,bench:4086332912da2667,21,2.87546,0.9291566,2.671752637036
21165.572892990895,bench:4086332912da2667,21,2.8576,0.9291566,2.6551579001600003
21169.65909395367,bench:4086332912da2667,21,2.87546,0.9291566,2.671752637036
21173.73385099927,bench:4086332912da2667,21,2.87546,0.928888,2.67098028848
21177.768108958844,bench:4086332912da2667,21,2.84867,0.9291566,2.646860531722
21181.80456996197,bench:4086332912da2667,21,2.86653,0.9286194,2.661915368682
21185.859327961225,bench:4086332912da2667,21,2.84867,0.9294252,2.647625684484
21190.008491976187,bench:4086332912da2667,21,2.88439,0.928888,2.67927525832
21194.102711975574,bench:4086332912da2667,21,2.91118,0.928888,2.70416016784
21198.154857964255,bench:4086332912da2667,21,2.8576,0.9291566,2.6551579001600003
21202.17928197235,bench:4086332912da2667,21,2.86653,0.9294252,2.664225218556
21206.260186969303,bench:4086332912da2667,21,2.88439,0.928888,2.67927525832
21210.33664798597,bench:4086332912da2667,21,2.99155,0.928888,2.7788148964
21214.49057100108,bench:4086332912da2667,21,2.88439,0.9286194,2.678500511166
21218.566291965544,bench:4086332912da2667,21,2.86653,0.9286194,2.661915368682
21222.61369699845,bench:4086332912da2667,21,2.87546,0.9294252,2.6725249855919997
21226.671324984636,bench:4086332912da2667,21,2.90225,0.928888,2.6958651980000004
21230.659323977306,bench:4086332912da2667,21,2.86653,0.9294252,2.664225218556
21234.717191953678,bench:4086332912da2667,21,2.87546,0.9283507,2.669435303822
21238.70809795335,bench:4086332912da2667,21,2.88439,0.9283507,2.677725475573
21242.75144794956,bench:4086332912da2667,21,2.86653,0.9283507,2.661145132071
21246.79266900057,bench:4086332912da2667,21,2.87546,0.9283507,2.669435303822
21250.855851976667,bench:4086332912da2667,21,2.88439,0.9291566,2.680050005474
21254.953071998898,bench:4086332912da2667,21,2.87546,0.9280821,2.668662955266
21259.0034409659,bench:4086332912da2667,21,2.89332,0.9283507,2.686015647324
21263.06962396484,bench:4086332912da2667,21,2.87546,0.9286194,2.670207939924
21267.104732978623,bench:4086332912da2667,21,2.8576,0.9283507,2.65285496032
21271.116823947523,bench:4086332912da2667,21,2.88439,0.9286194,2.678500511166
21275.220284995157,bench:4086332912da2667,21,2.86653,0.9291566,2.663455268598
21279.27759796148,bench:4086332912da2667,21,2.88439,0.928888,2.67927525832
21283.30415196251,bench:4086332912da2667,21,2.88439,0.9291566,2.680050005474
21287.318261980545,bench:4086332912da2667,21,2.87546,0.9283507,2.669435303822
21291.382241004612,bench:4086332912da2667,21,2.89332,0.928888,2.6875702281600002
21295.433442981448,bench:4086332912da2667,21,2.8576,0.9291566,2.6551579001600003
21299.46279298747,bench:4086332912da2667,21,2.90225,0.9283507,2.6943058190749998
21303.547512972727,bench:4086332912da2667,21,2.87546,0.9291566,2.671752637036
21307.620195962954,bench:4086332912da2667,21,2.91118,0.9291566,2.704942110788
21311.64924998302,bench:4086332912da2667,21,2.88439,0.9294252,2.680824752628
21315.65754499752,bench:4086332912da2667,21,2.87546,0.9283507,2.669435303822
21319.781875994522,bench:4086332912da2667,21,2.88439,0.9283507,2.677725475573
21323.789411981124,bench:4086332912da2667,21,2.84867,0.9283507,2.644564788569
21327.83040998038,bench:4086332912da2667,21,2.88439,0.9283507,2.677725475573
21331.918147974648,bench:4086332912da2667,21,2.87546,0.9291566,2.671752637036
21335.96897998359,bench:4086332912da2667,21,2.84867,0.9286194,2.645330226198
21340.069440950174,bench:4086332912da2667,21,2.87546,0.9286194,2.670207939924
21344.063475960866,bench:4086332912da2667,21,2.8576,0.9283507,2.65285496032
21348.132473998703,bench:4086332912da2667,21,2.88439,0.9286194,2.678500511166
21352.19473199686,bench:4086332912da2667,21,2.8576,0.9283507,2.65285496032
21356.263340974692,bench:4086332912da2667,21,2.8576,0.9291566,2.6551579001600003
21360.32035696553,bench:4086332912da2667,21,2.88439,0.928888,2.67927525832
21364.340077969246,bench:4086332912da2667,21,2.89332,0.9294252,2.689124519664
21368.42307599727,bench:4086332912da2667,21,2.87546,0.928888,2.67098028848
21372.487240994815,bench:4086332912da2667,21,2.87546,0.928888,2.67098028848
21376.61788595142,bench:4086332912da2667,21,2.88439,0.9280821,2.676950728419
21380.576421972364,gap,22,2.83974,0.9286194,2.637037654956
21384.429903991986,gap,22,1.63419,0.9283507,1.517101430433
21391.255171969533,gap,22,1.30378,0.8633446,1.125611422588
21399.23939097207,gap,22,1.30378,0.8633446,1.125611422588
21406.243971956428,gap,22,0.96444,0.7223192,0.696633529248
21410.32456298126,gap,22,0.9465799,0.7225879,0.68398718212321
21414.383578987326,gap,22,0.96444,0.7225879,0.6968926742759999
21421.74482397968,gap,22,1.10732,0.8187538,0.906622457816
21428.826699964702,gap,22,0.96444,0.7223192,0.696633529248
21432.93645698577,gap,22,0.9465799,0.7223192,0.6837328361040801
21437.011528993025,gap,22,0.9733699,0.7225879,0.7033453119642099
21441.146951983683,gap,22,0.96444,0.723125,0.697410675
21448.50299297832,gap,22,1.11625,0.8187538,0.9139339292499999
21455.55738796247,gap,22,0.9465799,0.7228564,0.68424133882636
21459.675051970407,gap,22,0.9465799,0.7225879,0.68398718212321
21463.747512956616,gap,22,0.9465799,0.7223192,0.6837328361040801
21467.842047975864,gap,22,0.95551,0.7225879,0.6904399643289999
21475.194347964134,gap,22,1.12518,0.8184852,0.9209431773360001
21479.36012299033,gap,22,1.10732,0.8184852,0.9063250316640001
21486.437350977212,gap,22,0.93765,0.7225879,0.6775345444349999
21490.51894096192,gap,22,0.9465799,0.7228564,0.68424133882636
21494.604512990918,gap,22,0.95551,0.7228564,0.690696518764
21498.672677960712,gap,22,0.9465799,0.7223192,0.6837328361040801
21502.748138969764,gap,22,0.9465799,0.7223192,0.6837328361040801
21510.11045696214,gap,22,1.11625,0.8182165,0.913334168125
21514.242250996176,gap,22,1.11625,0.8182165,0.913334168125
21521.324200963136,gap,22,0.9465799,0.7228564,0.68424133882636
21525.387643952854,gap,22,0.96444,0.7225879,0.6968926742759999
21529.47295695776,gap,22,0.93765,0.7225879,0.6775345444349999
21536.843904003035,gap,22,1.11625,0.8182165,0.913334168125
21543.927947990596,gap,22,0.9465799,0.7225879,0.68398718212321
21548.01846400369,gap,22,0.9465799,0.7225879,0.68398718212321
21552.122591005173,gap,22,0.9465799,0.7223192,0.6837328361040801
21556.324179982767,gap,22,0.96444,0.7225879,0.6968926742759999
21563.58072196599,gap,22,1.11625,0.8184852,0.9136341045
21567.76197795989,gap,22,1.11625,0.8190223,0.9142336423749999
21571.914863947313,gap,22,1.11625,0.8179479,0.9130343433749999
21579.331015003845,gap,22,0.93765,0.7228564,0.6777863034599999
21583.39723496465,gap,22,0.9465799,0.7225879,0.68398718212321
21587.48247398762,gap,22,0.9465799,0.7225879,0.68398718212321
21591.552786994725,gap,22,0.95551,0.7225879,0.6904399643289999
21597.803263983224,gap,22,1.72349,0.8182165,1.410187955585
21602.497959975153,gap,22,1.11625,0.8187538,0.9139339292499999
21606.667159998324,gap,22,1.10732,0.8182165,0.9060274947800001
21610.814342973754,gap,22,1.10732,0.8182165,0.9060274947800001
21616.93006195128,gap,22,0.9465799,0.7228564,0.68424133882636
21621.4512589504,gap,22,0.93765,0.7225879,0.6775345444349999
21625.52936800057,gap,22,0.9465799,0.7228564,0.68424133882636
21629.606161965057,gap,22,0.9465799,0.7225879,0.68398718212321
21633.687863999512,gap,22,0.9465799,0.723125,0.6844955901875001
21637.74121395545,gap,22,0.9287199,0.7223192,0.67083221519208
21641.800878976937,gap,22,0.9465799,0.7225879,0.68398718212321
21645.85830300348,gap,22,1.43773,0.7225879,1.0388863014669998
21649.920244992245,gap,22,0.9465799,0.7223192,0.6837328361040801
21654.002409952227,gap,22,0.96444,0.7223192,0.696633529248
21658.07618596591,gap,22,0.9287199,0.7223192,0.67083221519208
21662.142664950807,gap,22,0.9465799,0.7223192,0.6837328361040801
21666.19099699892,gap,22,0.9287199,0.7225879,0.67108176222921
21670.287308981642,gap,22,0.9465799,0.7225879,0.68398718212321
21674.36819599243,gap,22,0.9287199,0.7220506,0.67058276102694
21678.446064004675,gap,22,0.93765,0.7228564,0.6777863034599999
21682.504914002493,gap,22,0.95551,0.723125,0.69095316875
21686.57544895541,gap,22,0.9465799,0.7225879,0.68398718212321
21690.646891947836,gap,22,0.9465799,0.7228564,0.68424133882636
21694.731277995743,gap,22,0.9465799,0.7223192,0.6837328361040801
21698.785053973552,gap,22,0.95551,0.7225879,0.6904399643289999
21702.859107987024,gap,22,0.96444,0.7223192,0.696633529248
21706.910216948017,gap,22,0.95551,0.7225879,0.6904399643289999
21710.981862968765,gap,22,0.95551,0.7223192,0.6901832187920001
21715.064730960876,gap,22,0.95551,0.7225879,0.6904399643289999
21719.145821989514,gap,22,0.9465799,0.7223192,0.6837328361040801
21723.194930993486,gap,22,0.9465799,0.7225879,0.68398718212321
21727.254576981068,gap,22,0.9287199,0.7225879,0.67108176222921
21731.311982963234,gap,22,0.9465799,0.7225879,0.68398718212321
21735.371628950816,gap,22,0.9287199,0.7223192,0.67083221519208
21739.44377497537,gap,22,0.9465799,0.7223192,0.6837328361040801
21743.530939973425,gap,22,0.95551,0.7223192,0.6901832187920001
21747.592567000538,gap,22,0.93765,0.7223192,0.67728259788
21751.657268963754,gap,22,0.9287199,0.7220506,0.67058276102694
21755.700748995878,gap,22,0.91979,0.7225879,0.664629124541
21759.760209999513,gap,22,0.9465799,0.7223192,0.6837328361040801
21763.8402999728,gap,22,0.93765,0.7223192,0.67728259788
21767.92942796601,gap,22,0.93765,0.7223192,0.67728259788
21771.99868496973,gap,22,0.9287199,0.7225879,0.67108176222921
21776.108404970728,gap,22,0.91979,0.7225879,0.664629124541
21780.169365985785,gap,22,0.9287199,0.7223192,0.67083221519208
21784.261103952304,gap,22,0.95551,0.7225879,0.6904399643289999
21788.33528800169,gap,22,0.9465799,0.723125,0.6844955901875001
21792.40947100334,gap,22,0.9465799,0.7225879,0.68398718212321
21799.68578997068,gap,22,1.11625,0.8184852,0.9136341045
21803.825508977752,gap,22,1.11625,0.8182165,0.913334168125
21810.902255994733,gap,22,0.9287199,0.7225879,0.67108176222921
21815.004271978978,gap,22,0.96444,0.7223192,0.696633529248
21823.261860001367,gap,22,1.11625,0.8184852,0.9136341045
21830.347606970463,gap,22,0.9287199,0.7223192,0.67083221519208
21834.447029978037,gap,22,0.9287199,0.7220506,0.67058276102694
21838.52393599227,gap,22,0.9287199,0.7220506,0.67058276102694
21842.59963699151,gap,22,0.9287199,0.7223192,0.67083221519208
21849.977770005353,gap,22,1.11625,0.8182165,0.913334168125
21857.05140599748,gap,22,0.91979,0.7225879,0.664629124541
21861.124496965203,gap,22,0.9287199,0.7223192,0.67083221519208
21865.185439004563,gap,22,0.9465799,0.7228564,0.68424133882636
21869.239788968116,gap,22,0.9287199,0.7228564,0.67133112352236
21873.315416974947,gap,22,0.9287199,0.7228564,0.67133112352236
21877.37176695373,gap,22,0.9465799,0.7225879,0.68398718212321
21881.494337983895,gap,22,1.50024,0.7225879,1.0840552710959999
21886.068293999415,gap,22,0.9465799,0.7220506,0.68347858474294
21904.361377994064,gap,22,1.14304,0.8335279,0.9527557308160001
21909.093961992767,gap,22,3.54521,0.8337965,2.955983689765
21913.691732974257,gap,22,1.1609,0.8335279,0.96764253911
21930.875863996334,gap,22,1.27699,0.8638819,1.103168547481
21936.33403396234,gap,22,1.28592,0.8638819,1.1108830128479998
21940.341013949364,gap,22,1.28592,0.8628075,1.1095014204
21944.319050002377,gap,22,1.29485,0.8633446,1.1179017553100001
21951.301816967316,gap,22,0.93765,0.7223192,0.67728259788
21955.416961980518,gap,22,0.9287199,0.7225879,0.67108176222921
21961.718512990046,gap,22,1.09839,0.8184852,0.899015958828
21966.431263950653,gap,22,1.11625,0.8179479,0.9130343433749999
21973.517565988004,gap,22,0.9465799,0.7228564,0.68424133882636
21977.592804993037,gap,22,0.9465799,0.7225879,0.68398718212321
21981.656285002828,gap,22,0.9287199,0.7225879,0.67108176222921
21985.740781994537,gap,22,0.9465799,0.7225879,0.68398718212321
21989.79668796528,gap,22,0.9287199,0.7223192,0.67083221519208
21993.856352986768,gap,22,1.6967,0.7223192,1.22555898664
21997.92873900151,gap,22,0.9108599,0.7228564,0.65842090821836
22001.983330002986,gap,22,0.9287199,0.7225879,0.67108176222921
22006.04177295463,gap,22,0.93765,0.7225879,0.6775345444349999
22010.11401094729,gap,22,0.91979,0.7225879,0.664629124541
22014.19380598236,gap,22,0.91979,0.7223192,0.664381976968
22018.254618975334,gap,22,0.91979,0.7225879,0.664629124541
22022.308542975225,gap,22,0.91979,0.7223192,0.664381976968
22026.38124395162,gap,22,0.91979,0.7225879,0.664629124541
22030.454186955467,gap,22,0.9465799,0.7225879,0.68398718212321
22034.509517950937,gap,22,0.91979,0.7223192,0.664381976968
22038.563182984944,gap,22,0.9287199,0.7225879,0.67108176222921
22042.629570001736,gap,22,0.93765,0.7223192,0.67728259788
22046.680419996846,gap,22,0.95551,0.7228564,0.690696518764
22050.73482496664,gap,22,0.9287199,0.7228564,0.67133112352236
22054.806915984955,gap,22,0.9465799,0.7225879,0.68398718212321
22058.853561989963,gap,22,0.9287199,0.7225879,0.67108176222921
22062.908948981203,gap,22,0.9287199,0.7223192,0.67083221519208
22066.984576988034,gap,22,0.9465799,0.7225879,0.68398718212321
22071.06238999404,gap,22,0.9287199,0.7223192,0.67083221519208
22075.11114695808,gap,22,0.9287199,0.7223192,0.67083221519208
22079.271032998804,gap,22,1.37522,0.723125,0.9944559625000001
22087.078551005106,gap,22,1.33057,0.928888,1.23595050616
22092.952309001703,gap,22,1.33057,0.9283507,1.235235590899
22097.64085698407,gap,22,1.33057,0.928888,1.23595050616
22101.793631969485,gap,22,1.31271,0.928888,1.21936056648
22105.940554989502,gap,22,1.3395,0.9291566,1.2446052657
22112.683600978926,gap,22,1.30378,0.928888,1.21106559664
22116.775913978927,gap,22,1.30378,0.928888,1.21106559664
22120.87691196939,gap,22,1.29485,0.9286194,1.20242283009
22124.970706005115,gap,22,1.29485,0.9283507,1.202074903895
22129.054054967128,gap,22,1.29485,0.9286194,1.20242283009
22133.128201996442,gap,22,1.29485,0.928888,1.2027706268
22137.234717956744,gap,22,1.29485,0.928888,1.2027706268
22141.339066962246,gap,22,1.31271,0.928888,1.21936056648
22145.430157950614,gap,22,1.29485,0.9286194,1.20242283009
22153.262879000977,gap,22,0.9287199,0.723125,0.6715805776875
22160.79684300348,gap,22,1.12518,0.8184852,0.9209431773360001
22164.94841495296,gap,22,1.09839,0.8187538,0.8993109863819999
22172.02792095486,gap,22,0.93765,0.7228564,0.6777863034599999
22176.19308497524,gap,22,0.91979,0.7225879,0.664629124541
22180.314100987744,gap,22,0.9465799,0.7225879,0.68398718212321
22184.409449982923,gap,22,0.9287199,0.7225879,0.67108176222921
22188.502189004794,gap,22,0.91979,0.7225879,0.664629124541
22192.62153794989,gap,22,0.91979,0.7225879,0.664629124541
22196.688239986543,gap,22,0.93765,0.7225879,0.6775345444349999
22200.7592379814,gap,22,0.9287199,0.7225879,0.67108176222921
22204.835124954116,gap,22,0.9287199,0.7225879,0.67108176222921
22208.910122979432,gap,22,0.9465799,0.7223192,0.6837328361040801
22212.994008965325,gap,22,0.93765,0.7228564,0.6777863034599999
22217.072006955277,gap,22,0.9287199,0.7228564,0.67133112352236
22221.179337997455,gap,22,0.9287199,0.7228564,0.67133112352236
22228.541044984013,gap,22,1.08946,0.8182165,0.8914141480900001
22232.678838947322,gap,22,1.10732,0.8184852,0.9063250316640001
22239.708400971722,gap,22,0.9465799,0.7228564,0.68424133882636
22243.78691695165,gap,22,0.9108599,0.7225879,0.6581763423352099
22247.88872996578,gap,22,0.9287199,0.7225879,0.67108176222921
22251.99809798505,gap,22,0.9287199,0.7225879,0.67108176222921
22256.10159599455,gap,22,0.9287199,0.7223192,0.67083221519208
22263.768540986348,gap,22,1.09839,0.8184852,0.899015958828
22267.925240972545,gap,22,1.08946,0.8184852,0.8917068859920001
22275.00559895998,gap,22,0.9465799,0.7225879,0.68398718212321
22279.092263954226,gap,22,0.9287199,0.7223192,0.67083221519208
22283.178853977006,gap,22,0.9465799,0.7223192,0.6837328361040801
22287.27224096656,gap,22,0.9287199,0.7225879,0.67108176222921
22291.345349978656,gap,22,0.9465799,0.7225879,0.68398718212321
22295.413588988595,gap,22,0.9287199,0.7223192,0.67083221519208
22299.47391996393,gap,22,0.9287199,0.7220506,0.67058276102694
22303.56132495217,gap,22,0.9108599,0.7225879,0.6581763423352099
22307.628026988823,gap,22,0.91979,0.7225879,0.664629124541
22311.704469961114,gap,22,0.91979,0.7225879,0.664629124541
22315.75176399201,gap,22,0.9287199,0.7228564,0.67133112352236
22319.817354960833,gap,22,0.9287199,0.7228564,0.67133112352236
22323.954741004854,gap,22,0.91979,0.7223192,0.664381976968
22328.08660896262,gap,22,0.91979,0.7225879,0.664629124541
22335.448389989324,gap,22,1.08946,0.8187538,0.891999514948
22339.5827949862,gap,22,1.09839,0.8187538,0.8993109863819999
22346.678411995526,gap,22,0.9287199,0.7225879,0.67108176222921
22350.75802099891,gap,22,0.9287199,0.7225879,0.67108176222921
22354.839314997662,gap,22,0.91979,0.7228564,0.664876088156
22358.90723898774,gap,22,0.9287199,0.7225879,0.67108176222921
22363.004402955994,gap,22,0.91979,0.7225879,0.664629124541
22367.05530900508,gap,22,0.91979,0.7225879,0.664629124541
22371.13419600064,gap,22,0.90193,0.7225879,0.6517237046469999
22375.207100994885,gap,22,0.9465799,0.7228564,0.68424133882636
22379.27757995203,gap,22,0.91979,0.7225879,0.664629124541
22383.337781997398,gap,22,0.93765,0.7225879,0.6775345444349999
22387.40211399272,gap,22,0.9287199,0.7225879,0.67108176222921
22391.44022297114,gap,22,0.93765,0.7223192,0.67728259788
22399.52805294888,gap,22,0.9465799,0.7223192,0.6837328361040801
22403.603179962374,gap,22,0.91979,0.7228564,0.664876088156
22407.67143794801,gap,22,0.9287199,0.7225879,0.67108176222921
22411.732787964866,gap,22,0.9287199,0.7223192,0.67083221519208
22415.781322983094,gap,22,0.93765,0.7223192,0.67728259788
22419.876005966216,gap,22,0.93765,0.7225879,0.6775345444349999
22427.61570896255,gap,22,1.09839,0.8184852,0.899015958828
22431.754261953756,gap,22,1.08946,0.8184852,0.8917068859920001
22444.29241999751,bench:428de64cb14c2325,23,2.67007,0.7225879,1.9293602741529998
22448.460804997012,bench:428de64cb14c2325,23,4.14352,0.9283507,3.8466396924639996
22452.637079986744,bench:428de64cb14c2325,23,5.92952,0.9296938,5.512637980976
22456.846243992914,bench:428de64cb14c2325,23,2.56291,0.9291566,2.381344741706
22464.401948964223,bench:428de64cb14c2325,23,2.54505,0.9283507,2.362698949035
22468.708573956974,bench:428de64cb14c2325,23,4.34891,0.928888,4.03965031208
22472.765831975266,bench:428de64cb14c2325,23,5.45623,0.9326486,5.088745270778
22476.89608798828,bench:428de64cb14c2325,23,5.50088,0.9291566,5.111178957808001
22481.030233961064,bench:428de64cb14c2325,23,3.99171,0.9280821,3.704634599391
22485.139823984355,bench:428de64cb14c2325,23,4.04529,0.9294252,3.7597944673079993
22489.219025999773,bench:428de64cb14c2325,23,4.03636,0.928888,3.74932636768
22493.375374993775,bench:428de64cb14c2325,23,4.13459,0.9283507,3.8383495207130003
22497.453723975923,bench:428de64cb14c2325,23,4.04529,0.9291566,3.7587079024139998
22501.54066696996,bench:428de64cb14c2325,23,4.08994,0.9299625,3.8034908272500005
22505.596775969025,bench:428de64cb14c2325,23,4.05422,0.9304997,3.772450493734
22510.22556499811,bench:428de64cb14c2325,23,4.1078,0.9304997,3.8223066676600004
22514.370877004694,bench:428de64cb14c2325,23,4.05422,0.9291566,3.767005270852
22518.491003953386,bench:428de64cb14c2325,23,6.21528,0.9302311,5.781646751208
22524.786647001747,bench:428de64cb14c2325,23,5.51874,0.9299625,5.13222124725
22529.053772974294,bench:428de64cb14c2325,23,3.00048,0.9186804,2.756482166592
22533.762876002584,bench:428de64cb14c2325,23,4.12566,0.9192177,3.792379696182
22544.32053398341,bench:428de64cb14c2325,23,5.509809,0.9294252,5.120955331786799
22556.391213962343,bench:428de64cb14c2325,23,6.786799,0.9291566,6.305999083723401
22560.633413959295,bench:428de64cb14c2325,23,7.072559,0.9294252,6.5734145630868
22568.15500895027,bench:428de64cb14c2325,23,5.56339,0.9304997,5.176732725983
22572.4671529606,bench:428de64cb14c2325,23,5.61697,0.928888,5.217536029360001
22576.63587195566,bench:428de64cb14c2325,23,5.63483,0.9296938,5.238666515054
22580.755443952512,bench:428de64cb14c2325,23,6.79573,0.928888,6.31247204824
22584.89868196193,bench:428de64cb14c2325,23,5.60804,0.9286194,5.207734739976
22589.01788300136,bench:428de64cb14c2325,23,5.95631,0.9280821,5.527944693051
22593.186749960296,bench:428de64cb14c2325,23,5.58125,0.9286194,5.18285702625
22600.16197996447,bench:428de64cb14c2325,23,5.65269,0.9294252,5.253752533787999
22604.472142003942,bench:428de64cb14c2325,23,5.7152,0.928888,5.3087806976000005
22608.588490984403,bench:428de64cb14c2325,23,3.572,0.9291566,3.3189473752
22612.674636999145,bench:428de64cb14c2325,23,3.95599,0.9283507,3.672546085693
22616.71591299819,bench:428de64cb14c2325,23,4.12566,0.928888,3.83227606608
22620.888113975525,bench:428de64cb14c2325,23,5.67055,0.928888,5.2673058484
22628.304246987682,bench:428de64cb14c2325,23,4.09887,0.9291566,3.808492113042
22632.532446994446,bench:428de64cb14c2325,23,6.92968,0.9286194,6.435035283792
22636.773498961702,bench:428de64cb14c2325,23,5.54553,0.9280821,5.146707128013
22644.436609989498,bench:428de64cb14c2325,23,5.54553,0.9286194,5.149686741282
22648.60964397667,bench:428de64cb14c2325,23,5.91166,0.9286194,5.489682162204001
22660.299901966937,bench:428de64cb14c2325,23,5.51874,0.931037,5.13815113338
22668.09341998305,bench:428de64cb14c2325,23,5.77771,0.9259331,5.349772931201
22672.40745294839,bench:428de64cb14c2325,23,5.93845,0.9329173,5.5400827401849995
22676.643152954057,bench:428de64cb14c2325,23,5.91166,0.9296938,5.496033649708
22681.05759198079,bench:428de64cb14c2325,23,6.501039,0.9259331,6.019527194490899
22685.148978955112,bench:428de64cb14c2325,23,5.7152,0.9299625,5.31492168
22696.399223001208,bench:428de64cb14c2325,23,7.08149,0.9286194,6.576008994905999
22700.875512964558,bench:428de64cb14c2325,23,6.92968,0.928888,6.43689659584
22708.445199998096,bench:428de64cb14c2325,23,6.79573,0.9270077,6.299694037121
22712.617825949565,bench:428de64cb14c2325,23,6.92968,0.9296938,6.442480531984001
22716.77080495283,bench:428de64cb14c2325,23,6.92968,0.9294252,6.440619219936
22720.911301963497,bench:428de64cb14c2325,23,7.0547,0.9294252,6.55681595844
22725.039910990745,bench:428de64cb14c2325,23,6.786799,0.9296938,6.309644952146201
22729.16481597349,bench:428de64cb14c2325,23,5.92952,0.9326486,5.530158526672
22736.200229963288,bench:428de64cb14c2325,23,5.64376,0.9286194,5.240905024944
22740.45031896094,bench:428de64cb14c2325,23,6.92968,0.928888,6.43689659584
22748.237465973943,bench:428de64cb14c2325,23,5.63483,0.928888,5.23412596904
22760.409220005386,bench:428de64cb14c2325,23,5.56339,0.9326486,5.1886878947540005
22772.41699298611,bench:428de64cb14c2325,23,5.64376,0.9294252,5.245452766752
22780.22264095489,bench:428de64cb14c2325,23,5.68841,0.928888,5.283895788080001
22784.508487966377,bench:428de64cb14c2325,23,2.62542,0.928888,2.43872113296
22788.65392995067,bench:428de64cb14c2325,23,3.0362,0.928888,2.8202897456000002
22792.75098297512,bench:428de64cb14c2325,23,4.13459,0.9294252,3.842792137668
22800.319670001045,bench:428de64cb14c2325,23,5.92059,0.9326486,5.5218299746740005
22808.173742960207,bench:428de64cb14c2325,23,5.64376,0.9286194,5.240905024944
22812.441646005027,bench:428de64cb14c2325,23,7.03684,0.9294252,6.540216424367999
22816.92601100076,bench:428de64cb14c2325,23,4.11673,0.928888,3.82398109624
22823.35224497365,bench:428de64cb14c2325,23,3.9292,0.9194863,3.6128455699599997
22832.390991970897,bench:428de64cb14c2325,23,5.34907,0.9194863,4.918396582741
22840.114676975645,bench:428de64cb14c2325,23,5.63483,0.9326486,5.255316310738
22844.44207994966,bench:428de64cb14c2325,23,6.786799,0.9294252,6.3078220179348
22848.548226000275,bench:428de64cb14c2325,23,5.6259,0.9326486,5.24698775874
22856.08202399453,bench:428de64cb14c2325,23,5.66162,0.9294252,5.262052300824
22860.40405696258,bench:428de64cb14c2325,23,5.63483,0.9304997,5.243207624551
22864.654978970066,bench:428de64cb14c2325,23,7.03684,0.9294252,6.540216424367999
22872.307423967868,bench:428de64cb14c2325,23,6.50997,0.9299625,6.054027976125
22876.643696974497,bench:428de64cb14c2325,23,7.090419,0.9291566,6.5881096106154
22888.38558399584,bench:428de64cb14c2325,23,7.090419,0.9270077,6.5728730092263
22896.311618969776,bench:428de64cb14c2325,23,5.93845,0.9326486,5.53848707867
22904.332375968806,bench:428de64cb14c2325,23,6.93861,0.9294252,6.448918986971999
22908.465743996203,bench:428de64cb14c2325,23,5.64376,0.9291566,5.243936852816001
22912.55792696029,bench:428de64cb14c2325,23,5.91166,0.928888,5.49127003408
22916.670682956465,bench:428de64cb14c2325,23,5.60804,0.9280821,5.204721540084
22920.762662950438,bench:428de64cb14c2325,23,5.78664,0.9291566,5.376694747824001
22924.826919974294,bench:428de64cb14c2325,23,5.64376,0.9280821,5.237872632696001
22932.589900970925,bench:428de64cb14c2325,23,5.91166,0.9294252,5.494445777832
22936.77397200372,bench:428de64cb14c2325,23,6.80466,0.9291566,6.322594749756
22940.887339995243,bench:428de64cb14c2325,23,7.0547,0.9299625,6.560606448750001
22948.32491700072,bench:428de64cb14c2325,23,6.49211,0.9280821,6.025211082231
22952.435561979655,bench:428de64cb14c2325,23,5.64376,0.928888,5.2424209388800005
22964.398039970547,bench:428de64cb14c2325,23,5.70627,0.9291566,5.302018431882
22968.52948196465,bench:428de64cb14c2325,23,5.94738,0.9304997,5.534035305786
22972.648830967955,bench:428de64cb14c2325,23,5.94738,0.9299625,5.53084037325
22976.76806995878,bench:428de64cb14c2325,23,7.01005,0.9280821,6.505901925104999
22981.043028994463,bench:428de64cb14c2325,23,4.07208,0.9280821,3.779224557768
22992.30684596114,bench:428de64cb14c2325,23,5.67948,0.928888,5.27560081824
23004.42326697521,bench:428de64cb14c2325,23,5.95631,0.928888,5.53274488328
23008.548060955945,bench:428de64cb14c2325,23,5.68841,0.9291566,5.285423695006
23016.46074396558,bench:428de64cb14c2325,23,5.6259,0.928888,5.2258309992
23020.661907969043,bench:428de64cb14c2325,23,5.67948,0.9299625,5.2817034195
23024.80364596704,bench:428de64cb14c2325,23,4.1078,0.9302311,3.8212033125800002
23028.94725400256,bench:428de64cb14c2325,23,4.15245,0.928888,3.8571609756000003
23033.10410300037,bench:428de64cb14c2325,23,4.1971,0.9291566,3.89976316586
23037.21413796302,bench:428de64cb14c2325,23,4.1078,0.9304997,3.8223066676600004
23041.29182099132,bench:428de64cb14c2325,23,5.54553,0.9283507,5.148196657371
23048.315475985873,bench:428de64cb14c2325,23,4.14352,0.928888,3.8488660057599997
23060.413100000005,bench:428de64cb14c2325,23,5.7152,0.9291566,5.310315800320001
23064.698948001023,bench:428de64cb14c2325,23,5.93845,0.9326486,5.53848707867
23069.25623799907,bench:428de64cb14c2325,23,4.14352,0.9286194,3.8477530562879996
23073.36908695288,bench:428de64cb14c2325,23,4.13459,0.9294252,3.842792137668
23078.27705895761,bench:428de64cb14c2325,23,3.84883,0.9286194,3.574098205302
23087.8763179644,bench:428de64cb14c2325,23,7.01898,0.9291566,6.521731592268
23092.04914898146,bench:428de64cb14c2325,23,4.00957,0.9291566,3.7255184286620002
23096.3040519855,bench:428de64cb14c2325,23,4.06315,0.9280821,3.7709367846150004
23100.409901991952,bench:428de64cb14c2325,23,5.43837,0.9280821,5.047253850177
23104.53780699754,bench:428de64cb14c2325,23,4.06315,0.9294252,3.77639400138
23108.639563957695,bench:428de64cb14c2325,23,4.0185,0.9283507,3.73057728795
23112.806338001974,bench:428de64cb14c2325,23,4.42928,0.9294252,4.116684449856
23116.88998399768,bench:428de64cb14c2325,23,4.71504,0.928888,4.379744075520001
23124.437448976096,bench:428de64cb14c2325,23,4.15245,0.9294252,3.8593916717399996
23132.168485957664,bench:428de64cb14c2325,23,5.94738,0.9296938,5.529242312244
23144.370535970666,bench:428de64cb14c2325,23,7.090419,0.9369466,6.6433439746254
23152.373254997656,bench:428de64cb14c2325,23,5.94738,0.928888,5.52444991344
23160.33291898202,bench:428de64cb14c2325,23,5.54553,0.9315742,5.166072673326
23168.15060400404,bench:428de64cb14c2325,23,5.7152,0.9280821,5.304174817920001
23172.40172997117,bench:428de64cb14c2325,23,6.50997,0.9304997,6.057525132009
23184.317207953427,bench:428de64cb14c2325,23,5.83129,0.9294252,5.419747874507999
23188.4988709935,bench:428de64cb14c2325,23,5.64376,0.9291566,5.243936852816001
23192.711423966102,bench:428de64cb14c2325,23,5.76878,0.9294252,5.361649505256
23204.399996961,bench:428de64cb14c2325,23,5.79557,0.9283507,5.380321466399
23208.516846003477,bench:428de64cb14c2325,23,5.61697,0.9294252,5.220553465644
23212.69571298035,bench:428de64cb14c2325,23,5.78664,0.9291566,5.376694747824001
23224.39345298335,bench:428de64cb14c2325,23,5.92952,0.9304997,5.517416581144
23228.547838982195,bench:428de64cb14c2325,23,7.03684,0.9296938,6.542106519592
23232.80346498359,bench:428de64cb14c2325,23,7.02791,0.9299625,6.535692753375001
23237.001312954817,bench:428de64cb14c2325,23,5.67055,0.9315742,5.28253807981
23244.38592797378,bench:428de64cb14c2325,23,7.0547,0.9294252,6.55681595844
23252.16063100379,bench:428de64cb14c2325,23,5.64376,0.9291566,5.243936852816001
23256.433422968257,bench:428de64cb14c2325,23,5.94738,0.931037,5.53723083306
23264.352625003085,bench:428de64cb14c2325,23,6.80466,0.9286194,6.318939286404
23268.493918993045,bench:428de64cb14c2325,23,5.509809,0.9291566,5.1194753970894
23272.61391596403,bench:428de64cb14c2325,23,7.03684,0.9286194,6.534546138695999
23276.75509895198,bench:428de64cb14c2325,23,5.78664,0.9299625,5.381358201
23280.893614981323,bench:428de64cb14c2325,23,6.49211,0.9280821,6.025211082231
23285.035815963056,bench:428de64cb14c2325,23,7.00112,0.9291566,6.505136855392
23289.15673895972,bench:428de64cb14c2325,23,6.94754,0.928888,6.453486535520001
23293.409456964582,bench:428de64cb14c2325,23,6.93861,0.9291566,6.447055276326
23304.307944956236,bench:428de64cb14c2325,23,7.090419,0.9286194,6.5843006375285995
23308.663162984885,bench:428de64cb14c2325,23,6.93861,0.9286194,6.443327855033999
23312.824659980834,bench:428de64cb14c2325,23,5.63483,0.9307683,5.244721139889
23317.106970993336,bench:428de64cb14c2325,23,7.072559,0.9313055,6.5867130957745
23321.319559996482,bench:428de64cb14c2325,23,5.92059,0.9296938,5.504335815342
23325.51620498998,bench:428de64cb14c2325,23,5.75092,0.9286194,5.340415879848
23332.42532395525,bench:428de64cb14c2325,23,7.03684,0.9296938,6.542106519592
23336.733244999778,bench:428de64cb14c2325,23,7.108279,0.9259331,6.581790810134899
23341.32192400284,bench:428de64cb14c2325,23,6.80466,0.9291566,6.322594749756
23345.885324000847,bench:428de64cb14c2325,23,5.6259,0.9280821,5.22129708639
23351.375419995748,bench:428de64cb14c2325,23,5.27763,0.9197549,4.8541260528870005
23360.328611976,bench:428de64cb14c2325,23,5.59018,0.9294252,5.195654164536
23364.636014972348,bench:428de64cb14c2325,23,6.92968,0.9286194,6.435035283792
23372.336884960532,bench:428de64cb14c2325,23,6.501039,0.9302311,6.0474686601129
23380.13140298426,bench:428de64cb14c2325,23,5.52767,0.9315742,5.149434758113999
23392.31398998527,bench:428de64cb14c2325,23,5.91166,0.9286194,5.489682162204001
23400.86907398654,bench:428de64cb14c2325,23,5.92952,0.928888,5.5078599737600005
23407.900228979997,bench:428de64cb14c2325,23,5.73306,0.928888,5.325370637280001
23412.44420397561,bench:428de64cb14c2325,23,5.92952,0.928888,5.5078599737600005
23420.124926953577,bench:428de64cb14c2325,23,6.50997,0.928888,6.04703301336
23424.44356996566,bench:428de64cb14c2325,23,5.59911,0.9294252,5.203953931571999
23431.91870197188,bench:428de64cb14c2325,23,5.78664,0.9294252,5.378249039328
23436.055495985784,gap,24,1.71456,0.9283507,1.5917129761920001
23440.08375395788,gap,24,1.70563,0.9283507,1.583422804441
23447.075260977726,gap,24,1.24127,0.8332592,1.034299647184
23451.249220990576,gap,24,1.24127,0.8332592,1.034299647184
23458.519409992732,gap,24,1.18769,0.8187538,0.9724257007219999
23465.59834195068,gap,24,1.00016,0.7223192,0.722434771072
23469.724709982984,gap,24,0.9822999,0.7223192,0.7095340779280801
23473.820596991573,gap,24,1.00016,0.7228564,0.7229720570239999
23477.906760992482,gap,24,1.02695,0.7225879,0.742061643905
23482.005813973956,gap,24,0.9733699,0.7228564,0.70360666178236
23486.104515963234,gap,24,0.9912299,0.7228564,0.7165168770863599
23493.458537966944,gap,24,1.15197,0.8184852,0.942870395844
23497.620164998807,gap,24,1.17876,0.8179479,0.964164266604
23504.642300948035,gap,24,0.9912299,0.7228564,0.7165168770863599
23508.741725003347,gap,24,0.9822999,0.7220506,0.70927023217494
23512.813610956073,gap,24,0.9733699,0.7228564,0.70360666178236
23520.10252297623,gap,24,1.14304,0.8182165,0.93525418816
23527.36286097206,gap,24,1.00016,0.7225879,0.7227035140639999
23531.4622099977,gap,24,0.9912299,0.7225879,0.71625073185821
23535.537874966394,gap,24,0.9912299,0.7223192,0.7159843883840801
23539.611279964447,gap,24,0.9822999,0.7220506,0.70927023217494
23543.667259975336,gap,24,0.9822999,0.7228564,0.71006176943436
23547.765942988917,gap,24,0.9912299,0.7228564,0.7165168770863599
23551.871292002033,gap,24,0.9822999,0.7225879,0.70979802191121
23555.950974987354,gap,24,0.96444,0.7225879,0.6968926742759999
23560.09774998529,gap,24,0.9733699,0.7225879,0.7033453119642099
23564.284191990737,gap,24,1.00016,0.7225879,0.7227035140639999
23571.537140989676,gap,24,1.14304,0.8187538,0.935868343552
23575.724711990915,gap,24,1.13411,0.8187538,0.928556872118
23579.87117196899,gap,24,1.12518,0.8182165,0.92064084147
23584.071353951003,gap,24,1.12518,0.8184852,0.9209431773360001
23588.270349951927,gap,24,1.12518,0.8184852,0.9209431773360001
23595.37607897073,gap,24,0.96444,0.7223192,0.696633529248
23599.474410002586,gap,24,0.96444,0.7223192,0.696633529248
23606.8281539483,gap,24,1.13411,0.8184852,0.928252250172
23610.97570694983,gap,24,1.14304,0.8179479,0.9349471676159999
23618.00812097499,gap,24,0.9733699,0.7225879,0.7033453119642099
23622.076858999208,gap,24,0.96444,0.7228564,0.6971516264159999
23626.193689997308,gap,24,0.96444,0.7225879,0.6968926742759999
23633.550859987736,gap,24,1.1609,0.8184852,0.95017946868
23637.710894981865,gap,24,1.13411,0.8184852,0.928252250172
23644.748141989112,gap,24,0.96444,0.7225879,0.6968926742759999
23648.81639898522,gap,24,0.9822999,0.7223192,0.7095340779280801
23652.92824897915,gap,24,0.96444,0.7223192,0.696633529248
23657.093726971652,gap,24,0.95551,0.7223192,0.6901832187920001
23661.246131989174,gap,24,0.95551,0.7225879,0.6904399643289999
23668.599227967206,gap,24,1.13411,0.8182165,0.9279475148149999
23672.76170599507,gap,24,1.12518,0.8187538,0.9212454006840001
23679.841730976477,gap,24,0.9822999,0.7223192,0.7095340779280801
23687.62269295985,gap,24,1.13411,0.8184852,0.928252250172
23691.784801951144,gap,24,1.12518,0.8184852,0.9209431773360001
23698.81627097493,gap,24,0.96444,0.7223192,0.696633529248
23702.913694956806,gap,24,0.96444,0.7223192,0.696633529248
23707.002969982568,gap,24,0.96444,0.7225879,0.6968926742759999
23714.368177985307,gap,24,1.12518,0.8184852,0.9209431773360001
23718.520211987197,gap,24,1.13411,0.8184852,0.928252250172
23725.585643958766,gap,24,0.95551,0.7228564,0.690696518764
23729.677975003142,gap,24,0.9733699,0.7225879,0.7033453119642099
23733.75449195737,gap,24,0.96444,0.7223192,0.696633529248
23740.05722696893,gap,24,1.12518,0.8187538,0.9212454006840001
23744.76082995534,gap,24,1.12518,0.8187538,0.9212454006840001
23751.846280996688,gap,24,0.96444,0.7225879,0.6968926742759999
23755.990296951495,gap,24,0.95551,0.7228564,0.690696518764
23760.14834898524,gap,24,0.95551,0.7225879,0.6904399643289999
23767.507259966806,gap,24,1.12518,0.8187538,0.9212454006840001
23771.69468300417,gap,24,1.12518,0.8182165,0.92064084147
23775.865994975902,gap,24,1.13411,0.8182165,0.9279475148149999
23780.032417969778,gap,24,1.13411,0.8182165,0.9279475148149999
23784.191971004475,gap,24,1.10732,0.8187538,0.906622457816
23791.450159973465,gap,24,0.9465799,0.7225879,0.68398718212321
23795.53693596972,gap,24,0.96444,0.7225879,0.6968926742759999
23799.61613699561,gap,24,0.93765,0.7223192,0.67728259788
23803.693950001616,gap,24,0.9822999,0.7228564,0.71006176943436
23807.780614995863,gap,24,0.96444,0.7223192,0.696633529248
23811.949222988915,gap,24,0.95551,0.7225879,0.6904399643289999
23819.29026299622,gap,24,1.12518,0.8179479,0.920338618122
23823.4513719799,gap,24,1.09839,0.8182165,0.898720821435
23827.576368988957,gap,24,1.11625,0.8182165,0.913334168125
23831.71964396024,gap,24,1.11625,0.8182165,0.913334168125
23839.789047953673,gap,24,0.9287199,0.7225879,0.67108176222921
23843.881563981995,gap,24,0.9465799,0.7225879,0.68398718212321
23847.955080971587,gap,24,0.9465799,0.7225879,0.68398718212321
23852.03157895012,gap,24,0.9465799,0.7225879,0.68398718212321
23856.13948397804,gap,24,0.9465799,0.7228564,0.68424133882636
23863.49982098909,gap,24,1.13411,0.8187538,0.928556872118
23867.670854961034,gap,24,1.12518,0.8184852,0.9209431773360001
23871.80935195647,gap,24,1.12518,0.8184852,0.9209431773360001
23875.95895997947,gap,24,1.13411,0.8187538,0.928556872118
23883.046058996115,gap,24,0.96444,0.7223192,0.696633529248
23887.13068695506,gap,24,0.96444,0.7225879,0.6968926742759999
23891.217183962,gap,24,0.9465799,0.7225879,0.68398718212321
23895.311792963184,gap,24,0.9465799,0.7223192,0.6837328361040801
23902.603278984316,gap,24,1.10732,0.8184852,0.9063250316640001
23909.610785951372,gap,24,0.9733699,0.7225879,0.7033453119642099
23913.677857955918,gap,24,0.9465799,0.7225879,0.68398718212321
23917.771280976012,gap,24,0.9465799,0.7223192,0.6837328361040801
23925.13059999328,gap,24,1.11625,0.8182165,0.913334168125
23929.28696697345,gap,24,1.12518,0.8182165,0.92064084147
23936.406046967022,gap,24,1.61633,0.7225879,1.167940500407
23944.664801005274,gap,24,1.17876,0.8335279,0.982529347404
23963.02038396243,gap,24,1.11625,0.8184852,0.9136341045
23970.604940957855,gap,24,0.9465799,0.7225879,0.68398718212321
23976.081628992688,gap,24,0.96444,0.7225879,0.6968926742759999
23994.366934988648,gap,24,1.23234,0.8488392,1.046058499728
24002.375691954512,gap,24,0.9287199,0.7223192,0.67083221519208
24006.497429974843,gap,24,0.95551,0.7225879,0.6904399643289999
24010.576945962384,gap,24,0.9733699,0.7225879,0.7033453119642099
24017.868653987534,gap,24,1.70563,0.8184852,1.396032911676
24024.95347498916,gap,24,0.9465799,0.7223192,0.6837328361040801
24029.01206596289,gap,24,0.95551,0.7225879,0.6904399643289999
24033.12295197975,gap,24,0.9465799,0.7228564,0.68424133882636
24040.477973991074,gap,24,1.12518,0.8184852,0.9209431773360001
24044.626008952036,gap,24,1.11625,0.8184852,0.9136341045
24051.64247797802,gap,24,0.9465799,0.7228564,0.68424133882636
24055.71477295598,gap,24,0.93765,0.7228564,0.6777863034599999
24063.012998958584,gap,24,1.10732,0.8184852,0.9063250316640001
24070.09015296353,gap,24,0.93765,0.7223192,0.67728259788
24074.2244279827,gap,24,0.93765,0.7228564,0.6777863034599999
24078.35825899383,gap,24,0.9287199,0.7225879,0.67108176222921
24086.198387958575,gap,24,1.39308,0.928888,1.2940152950400001
24092.064330994617,gap,24,1.3395,0.9286194,1.2438856862999998
24096.765730995685,gap,24,1.33057,0.928888,1.23595050616
24100.922245997936,gap,24,1.33057,0.9283507,1.235235590899
24105.095946986694,gap,24,1.35736,0.9286194,1.2604708287839999
24109.288813953754,gap,24,1.3395,0.9286194,1.2438856862999998
24113.417070999276,gap,24,1.34843,0.9283507,1.251815934401
24117.57049395237,gap,24,1.37522,0.9283507,1.276686449654
24121.697953960393,gap,24,1.33057,0.9283507,1.235235590899
24128.51381499786,gap,24,1.33057,0.9286194,1.235593115058
24132.59857200319,gap,24,1.31271,0.9286194,1.219007972574
24136.70962495962,gap,24,1.32164,0.9286194,1.2273005438159998
24140.80880797701,gap,24,1.31271,0.9286194,1.219007972574
24144.931157003157,gap,24,1.32164,0.9283507,1.2269454191479998
24152.758433949202,gap,24,0.9465799,0.7225879,0.68398718212321
24160.05512297852,gap,24,1.11625,0.8182165,0.913334168125
24167.13485197397,gap,24,0.9465799,0.7225879,0.68398718212321
24171.260219998658,gap,24,0.9465799,0.7225879,0.68398718212321
24175.40258698864,gap,24,0.96444,0.7225879,0.6968926742759999
24181.7003969918,gap,24,1.11625,0.8184852,0.9136341045
24186.428554996382,gap,24,1.11625,0.8184852,0.9136341045
24192.548218998127,gap,24,0.95551,0.721782,0.6896699188200001
24197.127544961404,gap,24,0.93765,0.7220506,0.6770307450899999
24201.245190983173,gap,24,0.9287199,0.7223192,0.67083221519208
24205.32650395762,gap,24,0.9465799,0.7225879,0.68398718212321
24212.688543950208,gap,24,1.11625,0.8184852,0.9136341045
24219.772883981932,gap,24,0.93765,0.7225879,0.6775345444349999
24227.61677094968,gap,24,1.11625,0.8184852,0.9136341045
24231.789841956925,gap,24,1.09839,0.8184852,0.899015958828
24237.906598951668,gap,24,0.9465799,0.7225879,0.68398718212321
24242.437869950663,gap,24,0.9465799,0.7225879,0.68398718212321
24246.508404961787,gap,24,0.9287199,0.7225879,0.67108176222921
24250.588088005316,gap,24,0.93765,0.7225879,0.6775345444349999
24256.8122499506,gap,24,1.11625,0.8187538,0.9139339292499999
24261.52000197908,gap,24,1.11625,0.8184852,0.9136341045
24268.619395967107,gap,24,0.96444,0.7225879,0.6968926742759999
24272.731320001185,gap,24,0.9465799,0.723125,0.6844955901875001
24276.88863198273,gap,24,0.9465799,0.7225879,0.68398718212321
24284.246079972945,gap,24,1.10732,0.8187538,0.906622457816
24288.388280954678,gap,24,1.10732,0.8184852,0.9063250316640001
24295.41395395063,gap,24,0.9465799,0.7220506,0.68347858474294
24299.480062967632,gap,24,0.9287199,0.7228564,0.67133112352236
24306.777196994517,gap,24,1.08946,0.8187538,0.891999514948
24313.84444399737,gap,24,0.9465799,0.7225879,0.68398718212321
24317.961015971377,gap,24,0.93765,0.7225879,0.6775345444349999
24322.03295797808,gap,24,0.93765,0.7228564,0.6777863034599999
24329.410794947762,gap,24,1.13411,0.8182165,0.9279475148149999
24336.415078956634,gap,24,0.9287199,0.7223192,0.67083221519208
24340.518335986417,gap,24,0.9465799,0.7223192,0.6837328361040801
24344.60524097085,gap,24,0.9465799,0.7228564,0.68424133882636
24348.6843869905,gap,24,0.93765,0.7225879,0.6775345444349999
24352.77777398005,gap,24,0.9465799,0.7223192,0.6837328361040801
24356.84266098542,gap,24,0.9465799,0.7225879,0.68398718212321
24360.905214969534,gap,24,0.9465799,0.7223192,0.6837328361040801
24364.97719399631,gap,24,0.9465799,0.7225879,0.68398718212321
24369.054691982456,gap,24,0.9465799,0.7228564,0.68424133882636
24373.14889294794,gap,24,0.93765,0.7225879,0.6775345444349999
24379.454110981897,gap,24,1.09839,0.8182165,0.898720821435
24384.168509976007,gap,24,1.10732,0.8182165,0.9060274947800001
24391.262274992187,gap,24,0.9465799,0.7225879,0.68398718212321
24395.348272984847,gap,24,0.93765,0.7220506,0.6770307450899999
24405.652304005343,gap,24,1.14304,0.8187538,0.935868343552
24410.364165960345,gap,24,1.09839,0.8184852,0.899015958828
24417.38376498688,gap,24,0.9465799,0.7228564,0.68424133882636
24421.44092998933,gap,24,0.9465799,0.7225879,0.68398718212321
24425.50527997082,gap,24,0.95551,0.7225879,0.6904399643289999
24429.565814964008,gap,24,0.9733699,0.7223192,0.70308376747208
24433.65190597251,gap,24,0.9287199,0.7225879,0.67108176222921
24437.728977994993,gap,24,0.9287199,0.7225879,0.67108176222921
24441.82412297232,gap,24,0.9465799,0.7223192,0.6837328361040801
24445.89436199749,gap,24,0.9912299,0.7228564,0.7165168770863599
24449.95886000106,gap,24,0.9465799,0.7223192,0.6837328361040801
24454.00620996952,gap,24,0.93765,0.7223192,0.67728259788
24458.068967971485,gap,24,0.9465799,0.7228564,0.68424133882636
24462.14937296463,gap,24,0.9287199,0.7225879,0.67108176222921
24466.201333969366,gap,24,0.9287199,0.7228564,0.67133112352236
24470.2787209535,gap,24,0.9465799,0.7225879,0.68398718212321
24474.357995961327,gap,24,0.91979,0.7228564,0.664876088156
24480.675546976272,gap,24,1.10732,0.8184852,0.9063250316640001
24485.390427988023,gap,24,1.10732,0.8182165,0.9060274947800001
24492.470192955807,gap,24,0.93765,0.7220506,0.6770307450899999
24496.55013496522,gap,24,0.95551,0.7225879,0.6904399643289999
24504.53292898601,bench:264d4c26cb15a7ab,25,1.50917,0.7225879,1.0905079810429998
24511.85428496683,bench:264d4c26cb15a7ab,25,3.02727,0.8636134,2.614390937418
24520.392128964886,bench:264d4c26cb15a7ab,25,4.1078,0.9294252,3.81789283656
24528.43758900417,bench:264d4c26cb15a7ab,25,5.43837,0.9296938,5.056018871106
24532.742362003773,bench:264d4c26cb15a7ab,25,4.07208,0.9294252,3.7846937684159996
24544.302639958914,bench:264d4c26cb15a7ab,25,5.39372,0.9294252,5.013059289744
24548.41835994739,bench:264d4c26cb15a7ab,25,2.55398,0.9286194,2.371675375212
24556.43350497121,bench:264d4c26cb15a7ab,25,5.39372,0.9280821,5.005814984412
24564.47359500453,bench:264d4c26cb15a7ab,25,4.07208,0.928888,3.7825062470399997
24572.308352973778,bench:264d4c26cb15a7ab,25,5.39372,0.9294252,5.013059289744
24576.40762795927,bench:264d4c26cb15a7ab,25,5.60804,0.928888,5.20924105952
24584.4345879741,bench:264d4c26cb15a7ab,25,5.67948,0.9296938,5.280177343224
24588.611751969438,bench:264d4c26cb15a7ab,25,4.07208,0.9326486,3.797819711088
24596.430083969608,bench:264d4c26cb15a7ab,25,4.14352,0.9299625,3.8533182179999996
24600.55754496716,bench:264d4c26cb15a7ab,25,5.55446,0.9291566,5.160963168436
24604.64435699396,bench:264d4c26cb15a7ab,25,5.46516,0.9302311,5.083861798476
24616.397726000287,bench:264d4c26cb15a7ab,25,5.43837,0.9286194,5.050175886378
24620.568148966413,bench:264d4c26cb15a7ab,25,5.491949,0.9280821,5.0969795610129
24624.702239001635,bench:264d4c26cb15a7ab,25,5.51874,0.9280821,5.121843808554
24628.861884004436,bench:264d4c26cb15a7ab,25,5.509809,0.9294252,5.120955331786799
24632.965011987835,bench:264d4c26cb15a7ab,25,5.45623,0.9294252,5.0711576589959995
24637.096841994207,bench:264d4c26cb15a7ab,25,5.56339,0.9369466,5.212599344974
24641.22337696608,bench:264d4c26cb15a7ab,25,5.52767,0.9294252,5.137555795283999
24648.20629096357,bench:264d4c26cb15a7ab,25,5.474089,0.9294252,5.0877562636428
24652.420120954048,bench:264d4c26cb15a7ab,25,5.43837,0.9286194,5.050175886378
24660.09238100378,bench:264d4c26cb15a7ab,25,5.48302,0.9294252,5.096056960104
24664.2489520018,bench:264d4c26cb15a7ab,25,4.12566,0.9291566,3.833384218356
24671.191514993552,bench:264d4c26cb15a7ab,25,3.99171,0.9186804,3.6671057394839996
24675.386733957566,bench:264d4c26cb15a7ab,25,3.98278,0.918949,3.65997169822
24681.15727097029,bench:264d4c26cb15a7ab,25,5.63483,0.9291566,5.235639484378
24688.14059300348,bench:264d4c26cb15a7ab,25,5.66162,0.9291566,5.260531589692
24692.608383949846,bench:264d4c26cb15a7ab,25,5.65269,0.9294252,5.253752533787999
24700.136700004805,bench:264d4c26cb15a7ab,25,5.509809,0.9291566,5.1194753970894
24704.422936949413,bench:264d4c26cb15a7ab,25,5.491949,0.9304997,5.1102568969153
24708.50441599032,bench:264d4c26cb15a7ab,25,5.491949,0.9286194,5.0999303852106
24716.121195000596,bench:264d4c26cb15a7ab,25,5.509809,0.9291566,5.1194753970894
24720.43930197833,bench:264d4c26cb15a7ab,25,5.491949,0.9291566,5.1028806602134
24728.42189198127,bench:264d4c26cb15a7ab,25,5.474089,0.9286194,5.0833452427266
24736.120854970068,bench:264d4c26cb15a7ab,25,5.491949,0.9291566,5.1028806602134
24740.49183196621,bench:264d4c26cb15a7ab,25,5.42944,0.9296938,5.047716705471999
24744.768345961347,bench:264d4c26cb15a7ab,25,5.67055,0.9294252,5.27035206786
24756.35764299659,bench:264d4c26cb15a7ab,25,5.54553,0.9299625,5.157134942625
24760.496157978196,bench:264d4c26cb15a7ab,25,5.48302,0.9296938,5.0975296992759995
24764.59282299038,bench:264d4c26cb15a7ab,25,5.43837,0.928888,5.05163663256
24776.383579999674,bench:264d4c26cb15a7ab,25,5.48302,0.9294252,5.096056960104
24780.453484971076,bench:264d4c26cb15a7ab,25,5.56339,0.928888,5.16776621032
24792.36974095693,bench:264d4c26cb15a7ab,25,5.509809,0.928888,5.117995462392
24800.15194497537,bench:264d4c26cb15a7ab,25,5.67055,0.9294252,5.27035206786
24808.27092198888,bench:264d4c26cb15a7ab,25,5.491949,0.9286194,5.0999303852106
24812.38451198442,bench:264d4c26cb15a7ab,25,5.52767,0.9296938,5.139040527445999
24824.314675992355,bench:264d4c26cb15a7ab,25,5.50088,0.9286194,5.108223885072
24828.41258100234,bench:264d4c26cb15a7ab,25,5.45623,0.9294252,5.0711576589959995
24832.468930981122,bench:264d4c26cb15a7ab,25,5.67948,0.9304997,5.284754436156
24836.539910000283,bench:264d4c26cb15a7ab,25,5.61697,0.9304997,5.226588899909
24848.330890003126,bench:264d4c26cb15a7ab,25,5.57232,0.9283507,5.173067172624
24852.431794977747,bench:264d4c26cb15a7ab,25,5.68841,0.9326486,5.305287622726
24864.353902987204,bench:264d4c26cb15a7ab,25,5.52767,0.9302311,5.1420105445369995
24868.426881963387,bench:264d4c26cb15a7ab,25,5.54553,0.9275449,5.143728069297
24872.47652799124,bench:264d4c26cb15a7ab,25,5.51874,0.928888,5.126291361120001
24876.505600987002,bench:264d4c26cb15a7ab,25,5.45623,0.9296938,5.072623202373999
24880.531987990253,bench:264d4c26cb15a7ab,25,5.59018,0.9291566,5.194152642188
24888.30574695021,bench:264d4c26cb15a7ab,25,5.68841,0.9291566,5.285423695006
24892.408169980627,bench:264d4c26cb15a7ab,25,5.70627,0.9369466,5.346470275182
24896.44344698172,bench:264d4c26cb15a7ab,25,5.56339,0.931037,5.17972193543
24908.313239982817,bench:264d4c26cb15a7ab,25,5.70627,0.9286194,5.298953023638
24912.40997897694,bench:264d4c26cb15a7ab,25,5.72413,0.9286194,5.315538166122
24916.470846976154,bench:264d4c26cb15a7ab,25,5.74199,0.9280821,5.329038137379
24920.517733960878,bench:264d4c26cb15a7ab,25,5.509809,0.9296938,5.1224352664841994
24924.556621001102,bench:264d4c26cb15a7ab,25,5.59911,0.9294252,5.203953931571999
24932.161510980222,bench:264d4c26cb15a7ab,25,5.5366,0.9291566,5.14436843156
24936.43650697777,bench:264d4c26cb15a7ab,25,5.55446,0.9294252,5.162455096392
24940.53946796339,bench:264d4c26cb15a7ab,25,5.491949,0.9294252,5.1043557977148
24944.637965993024,bench:264d4c26cb15a7ab,25,5.50088,0.9280821,5.105268262248001
24948.7636849517,bench:264d4c26cb15a7ab,25,4.15245,0.9291566,3.85827632367
24952.887571998872,bench:264d4c26cb15a7ab,25,5.52767,0.928888,5.1345863309599995
24960.295703960583,bench:264d4c26cb15a7ab,25,5.6259,0.928888,5.2258309992
24972.394624957815,bench:264d4c26cb15a7ab,25,5.65269,0.928888,5.25071590872
24976.490177970845,bench:264d4c26cb15a7ab,25,5.58125,0.9283507,5.181357344375
24984.133141988423,bench:264d4c26cb15a7ab,25,5.509809,0.9302311,5.1253956868599
24988.6409319588,bench:264d4c26cb15a7ab,25,5.56339,0.9280821,5.163282674319
24993.06616798276,bench:264d4c26cb15a7ab,25,5.63483,0.9286194,5.232612453702
24997.120776970405,bench:264d4c26cb15a7ab,25,4.13459,0.9291566,3.8416815867940004
25001.176107965875,bench:264d4c26cb15a7ab,25,4.14352,0.9291566,3.849978955232
25005.22034696769,bench:264d4c26cb15a7ab,25,4.42035,0.9291566,4.10719737681
25012.411722971592,bench:264d4c26cb15a7ab,25,5.67055,0.9326486,5.288630518730001
25020.153314981144,bench:264d4c26cb15a7ab,25,5.61697,0.9304997,5.226588899909
25028.135849977843,bench:264d4c26cb15a7ab,25,5.51874,0.928888,5.126291361120001
25032.42358600255,bench:264d4c26cb15a7ab,25,5.509809,0.9291566,5.1194753970894
25040.109511988703,bench:264d4c26cb15a7ab,25,5.509809,0.9291566,5.1194753970894
25044.41528598545,bench:264d4c26cb15a7ab,25,5.51874,0.9294252,5.129256028248
25056.388652999885,bench:264d4c26cb15a7ab,25,5.55446,0.9299625,5.1654395077499995
25064.161466958467,bench:264d4c26cb15a7ab,25,5.57232,0.9291566,5.177557905312001
25072.115278977435,bench:264d4c26cb15a7ab,25,5.52767,0.9291566,5.1360710631219995
25076.225425000302,bench:264d4c26cb15a7ab,25,3.38447,0.928888,3.14379356936
25080.39027400082,bench:264d4c26cb15a7ab,25,4.04529,0.928888,3.75762133752
25087.181523966137,bench:264d4c26cb15a7ab,25,4.12566,0.9294252,3.8344923706319998
25091.34705795441,bench:264d4c26cb15a7ab,25,4.07208,0.9286194,3.7814124863519996
25095.3788899933,bench:264d4c26cb15a7ab,25,4.04529,0.9296938,3.7608810322019997
25099.420924962033,bench:264d4c26cb15a7ab,25,4.00957,0.9296938,3.727672369666
25103.427367983386,bench:264d4c26cb15a7ab,25,4.15245,0.9286194,3.85604562753
25108.432930952404,bench:264d4c26cb15a7ab,25,5.509809,0.9291566,5.1194753970894
25116.139152960386,bench:264d4c26cb15a7ab,25,5.474089,0.9304997,5.093638172273301
25120.427000976633,bench:264d4c26cb15a7ab,25,5.41158,0.9291566,5.028205273428
25132.389959995635,bench:264d4c26cb15a7ab,25,5.42051,0.9296938,5.039414539838
25136.869602953084,bench:264d4c26cb15a7ab,25,5.42944,0.9296938,5.047716705471999
25141.0144699621,bench:264d4c26cb15a7ab,25,5.358,0.9286194,4.975542745199999
25151.14672499476,bench:264d4c26cb15a7ab,25,5.5366,0.9291566,5.14436843156
25160.17191595165,bench:264d4c26cb15a7ab,25,5.58125,0.9304997,5.193351450625
25168.20985695813,bench:264d4c26cb15a7ab,25,5.50088,0.9296938,5.114134030544
25176.14665196743,bench:264d4c26cb15a7ab,25,5.509809,0.9291566,5.1194753970894
25180.42103695916,bench:264d4c26cb15a7ab,25,5.509809,0.9286194,5.1165155276946
25192.381810978986,bench:264d4c26cb15a7ab,25,5.59911,0.9296938,5.205457852517999
25196.890026971232,bench:264d4c26cb15a7ab,25,5.58125,0.9315742,5.19934850375
25204.139049979858,bench:264d4c26cb15a7ab,25,5.7152,0.9294252,5.31185090304
25208.42535997508,bench:264d4c26cb15a7ab,25,5.50088,0.9291566,5.111178957808001
25216.135785973165,bench:264d4c26cb15a7ab,25,5.59018,0.9286194,5.191149597492
25220.437596959528,bench:264d4c26cb15a7ab,25,5.54553,0.9278135,5.145217598655
25228.100985987112,bench:264d4c26cb15a7ab,25,5.56339,0.928888,5.16776621032
25232.439740968402,bench:264d4c26cb15a7ab,25,5.54553,0.9294252,5.154155329356
25240.112426981796,bench:264d4c26cb15a7ab,25,5.48302,0.928888,5.09311148176
25244.426292949356,bench:264d4c26cb15a7ab,25,5.50088,0.928888,5.1097014214400005
25252.12342297891,bench:264d4c26cb15a7ab,25,5.509809,0.9304997,5.1268756215573
25256.428844004404,bench:264d4c26cb15a7ab,25,5.50088,0.9294252,5.112656494176
25264.127158967312,bench:264d4c26cb15a7ab,25,5.509809,0.9294252,5.120955331786799
25268.436524958815,bench:264d4c26cb15a7ab,25,5.55446,0.9326486,5.180359342756
25276.12458099611,bench:264d4c26cb15a7ab,25,5.5366,0.9291566,5.14436843156
25280.41776199825,bench:264d4c26cb15a7ab,25,5.55446,0.9294252,5.162455096392
25288.401074998546,bench:264d4c26cb15a7ab,25,5.63483,0.9291566,5.235639484378
25296.847011952195,bench:264d4c26cb15a7ab,25,5.5366,0.9291566,5.14436843156
25301.96149996482,bench:264d4c26cb15a7ab,25,5.08117,0.9291566,4.721202641222
25320.3643419547,bench:264d4c26cb15a7ab,25,5.509809,0.9294252,5.120955331786799
25325.0444639707,bench:264d4c26cb15a7ab,25,5.65269,0.9294252,5.253752533787999
25351.834946952295,bench:264d4c26cb15a7ab,25,5.67055,0.9291566,5.26882895813
25356.421162956394,bench:264d4c26cb15a7ab,25,5.69734,0.928888,5.29219075792
25360.589085961692,bench:264d4c26cb15a7ab,25,5.509809,0.928888,5.117995462392
25368.13345795963,bench:264d4c26cb15a7ab,25,5.46516,0.9299625,5.0823938565
25372.41141695995,bench:264d4c26cb15a7ab,25,5.491949,0.9280821,5.0969795610129
25380.127860989887,bench:264d4c26cb15a7ab,25,5.50088,0.9296938,5.114134030544
25384.426986973267,bench:264d4c26cb15a7ab,25,5.58125,0.9286194,5.18285702625
25388.83753697155,bench:264d4c26cb15a7ab,25,5.5366,0.9294252,5.1458555623199995
25392.916608951055,bench:264d4c26cb15a7ab,25,5.57232,0.9294252,5.179054630464
25408.373071986716,bench:264d4c26cb15a7ab,25,5.60804,0.9291566,5.210747379064
25420.4027520027,bench:264d4c26cb15a7ab,25,5.66162,0.9291566,5.260531589692
25428.130511951167,bench:264d4c26cb15a7ab,25,5.56339,0.9299625,5.173744072875
25432.433432957623,bench:264d4c26cb15a7ab,25,5.51874,0.9291566,5.1277736946840005
25436.528986960184,bench:264d4c26cb15a7ab,25,2.95583,0.9283507,2.744046849581
25444.42357798107,bench:264d4c26cb15a7ab,25,5.51874,0.9280821,5.121843808554
25456.384018005338,bench:264d4c26cb15a7ab,25,5.67948,0.9286194,5.274075309912
25468.37695897557,bench:264d4c26cb15a7ab,25,5.50088,0.9299625,5.115612117
25480.38063995773,bench:264d4c26cb15a7ab,25,5.57232,0.928888,5.1760611801600005
25484.872614964843,bench:264d4c26cb15a7ab,25,5.56339,0.9286194,5.166271883766
25488.98890899727,bench:264d4c26cb15a7ab,25,5.64376,0.9304997,5.251516986872001
25493.173757975455,bench:264d4c26cb15a7ab,25,5.66162,0.9270077,5.248365334474
25497.358032967895,bench:264d4c26cb15a7ab,25,5.65269,0.9291566,5.252234221254
25501.431679003872,gap,26,5.43837,0.9304997,5.060401653489
25505.42034395039,gap,26,1.72349,0.9283507,1.600003147943
25509.29436198203,gap,26,1.70563,0.9286194,1.583881107222
25516.467367997393,gap,26,1.18769,0.8184852,0.972106687188
25520.617364963982,gap,26,1.17876,0.8184852,0.9647976143520001
25524.781732005067,gap,26,1.18769,0.8187538,0.9724257007219999
25528.91891496256,gap,26,1.17876,0.8187538,0.965114229288
25535.938291985076,gap,26,1.00016,0.7223192,0.722434771072
25543.616791954264,gap,26,1.17876,0.8184852,0.9647976143520001
25547.76588198729,gap,26,1.15197,0.8184852,0.942870395844
25554.804796003737,gap,26,1.00909,0.7223192,0.7288850815280001
25558.892904955428,gap,26,1.00016,0.7223192,0.722434771072
25562.960495997686,gap,26,0.9822999,0.7228564,0.71006176943436
25567.05971597694,gap,26,1.00016,0.7228564,0.7229720570239999
25571.15402800264,gap,26,1.00016,0.7223192,0.722434771072
25575.237729994114,gap,26,1.00016,0.7225879,0.7227035140639999
25579.297875985503,gap,26,0.9912299,0.7223192,0.7159843883840801
25583.36774399504,gap,26,1.00016,0.7223192,0.722434771072
25587.434538989328,gap,26,1.00016,0.7225879,0.7227035140639999
25591.515036998317,gap,26,1.00016,0.7225879,0.7227035140639999
25595.59427498607,gap,26,0.96444,0.7225879,0.6968926742759999
25599.66229199199,gap,26,0.9733699,0.7225879,0.7033453119642099
25603.746659995522,gap,26,0.9822999,0.7225879,0.70979802191121
25610.049913986586,gap,26,1.1609,0.8184852,0.95017946868
25614.77196199121,gap,26,1.14304,0.8184852,0.9355613230080001
25621.797726955265,gap,26,0.9733699,0.7225879,0.7033453119642099
25625.85783697432,gap,26,1.13411,0.7223192,0.819189427912
25629.93340898538,gap,26,1.00909,0.7223192,0.7288850815280001
25634.006406995468,gap,26,0.9822999,0.7223192,0.7095340779280801
25638.091164000798,gap,26,0.9822999,0.7241996,0.71138119466004
25642.137588001788,gap,26,0.96444,0.7220506,0.696374480664
25646.22395596234,gap,26,0.9822999,0.7223192,0.7095340779280801
25650.280287954956,gap,26,0.9822999,0.7223192,0.7095340779280801
25654.363099951297,gap,26,0.9822999,0.7225879,0.70979802191121
25658.442838990595,gap,26,0.9822999,0.7225879,0.70979802191121
25662.568465981167,gap,26,0.9822999,0.7220506,0.70927023217494
25668.86766499374,gap,26,1.14304,0.8184852,0.9355613230080001
25673.586785967927,gap,26,1.15197,0.8184852,0.942870395844
25680.6771439733,gap,26,0.96444,0.721782,0.69611543208
25684.75562299136,gap,26,0.9733699,0.7223192,0.70308376747208
25688.843991956674,gap,26,0.9733699,0.7225879,0.7033453119642099
25692.908155964687,gap,26,0.9733699,0.7220506,0.70282232031694
25696.974616963416,gap,26,0.96444,0.7228564,0.6971516264159999
25701.054836972617,gap,26,0.96444,0.7225879,0.6968926742759999
25705.13109496096,gap,26,0.9912299,0.7223192,0.7159843883840801
25709.197221964132,gap,26,0.9733699,0.7225879,0.7033453119642099
25713.273367960937,gap,26,0.96444,0.7225879,0.6968926742759999
25717.32555195922,gap,26,0.9822999,0.7225879,0.70979802191121
25721.39410499949,gap,26,0.9912299,0.7225879,0.71625073185821
25725.47195496736,gap,26,0.9822999,0.7225879,0.70979802191121
25729.557693004608,gap,26,0.96444,0.7225879,0.6968926742759999
25733.611598960124,gap,26,0.9822999,0.7220506,0.70927023217494
25737.679466954432,gap,26,0.96444,0.723125,0.697410675
25741.732947004493,gap,26,0.9733699,0.7225879,0.7033453119642099
25745.806908002123,gap,26,0.96444,0.7225879,0.6968926742759999
25749.884423974436,gap,26,1.15197,0.7228564,0.832708887108
25753.965348005295,gap,26,0.96444,0.7225879,0.6968926742759999
25758.019606000744,gap,26,0.9465799,0.7223192,0.6837328361040801
25762.078769970685,gap,26,0.9733699,0.7223192,0.70308376747208
25766.15011994727,gap,26,0.96444,0.7225879,0.6968926742759999
25770.215025986545,gap,26,0.9822999,0.7223192,0.7095340779280801
25774.288226966746,gap,26,0.9822999,0.7228564,0.71006176943436
25778.363317949697,gap,26,0.95551,0.7225879,0.6904399643289999
25782.432537991554,gap,26,0.9822999,0.7225879,0.70979802191121
25786.516035965178,gap,26,0.96444,0.7220506,0.696374480664
25793.86453895131,gap,26,1.27699,0.8184852,1.0451974155480002
25798.002888972405,gap,26,1.12518,0.8187538,0.9212454006840001
25805.03085796954,gap,26,0.95551,0.7225879,0.6904399643289999
25809.083170956,gap,26,0.96444,0.7223192,0.696633529248
25813.171243004035,gap,26,0.96444,0.7223192,0.696633529248
25817.241962999105,gap,26,0.93765,0.7225879,0.6775345444349999
25821.31920196116,gap,26,0.95551,0.7223192,0.6901832187920001
25825.371903949417,gap,26,0.95551,0.7225879,0.6904399643289999
25829.434475977905,gap,26,0.95551,0.7225879,0.6904399643289999
25833.505028975196,gap,26,0.96444,0.7225879,0.6968926742759999
25837.5653050025,gap,26,0.9733699,0.7220506,0.70282232031694
25841.61626599962,gap,26,0.9733699,0.7225879,0.7033453119642099
25845.678486977704,gap,26,0.93765,0.7220506,0.6770307450899999
25850.26412794832,gap,26,0.96444,0.7223192,0.696633529248
25854.347717948258,gap,26,0.96444,0.7225879,0.6968926742759999
25858.415326976683,gap,26,0.95551,0.7225879,0.6904399643289999
25862.472232955042,gap,26,0.9822999,0.7223192,0.7095340779280801
25866.541953000706,gap,26,0.96444,0.7228564,0.6971516264159999
25870.60709897196,gap,26,0.96444,0.7228564,0.6971516264159999
25874.654615996405,gap,26,0.96444,0.7223192,0.696633529248
25878.736632002983,gap,26,0.95551,0.723125,0.69095316875
25882.807629997842,gap,26,0.9465799,0.7228564,0.68424133882636
25886.894424969796,gap,26,0.9733699,0.7225879,0.7033453119642099
25890.967792947777,gap,26,0.9465799,0.723125,0.6844955901875001
25895.068493962754,gap,26,0.96444,0.7223192,0.696633529248
25902.428700996097,gap,26,1.10732,0.8184852,0.9063250316640001
25906.56788396882,gap,26,1.12518,0.8182165,0.92064084147
25912.646121985745,gap,26,0.96444,0.7225879,0.6968926742759999
25917.150894005317,gap,26,0.96444,0.7223192,0.696633529248
25921.21155798668,gap,26,0.9465799,0.7225879,0.68398718212321
25925.287370977458,gap,26,0.9465799,0.7223192,0.6837328361040801
25929.344590986148,gap,26,0.95551,0.7225879,0.6904399643289999
25933.39975597337,gap,26,0.96444,0.7223192,0.696633529248
25937.45475396281,gap,26,0.96444,0.7223192,0.696633529248
25941.509844968095,gap,26,0.9465799,0.7225879,0.68398718212321
25945.591046998743,gap,26,0.95551,0.7223192,0.6901832187920001
25949.660582002252,gap,26,0.9733699,0.7225879,0.7033453119642099
25956.966233963612,gap,26,1.13411,0.8184852,0.928252250172
25964.049628993962,gap,26,0.9465799,0.7223192,0.6837328361040801
25968.112829956226,gap,26,0.9465799,0.7225879,0.68398718212321
25972.214883950073,gap,26,0.96444,0.7223192,0.696633529248
25976.30354797002,gap,26,0.9465799,0.7228564,0.68424133882636
25983.5939600016,gap,26,1.10732,0.8184852,0.9063250316640001
25987.736937997397,gap,26,1.12518,0.8184852,0.9209431773360001
25994.75844495464,gap,26,0.9733699,0.7223192,0.70308376747208
25998.81031399127,gap,26,0.9465799,0.7223192,0.6837328361040801
26002.944680978544,gap,26,1.46452,0.7220506,1.057457544712
26011.215657985304,gap,26,1.16983,0.8327221,0.974143294243
26028.48386199912,gap,26,1.11625,0.8184852,0.9136341045
