path,config_id,class,config_json,input_shapes,input_dtypes,out_shapes,callsite,mode,leaf,params,macs,bytes_moved,arith_intensity,count,lat_mean_ms,lat_median_ms,lat_std_ms
0,42e23db398da4558,Conv,"{""class"": ""Conv""}","[[1, 3, 640, 640]]","[""torch.float32""]","[[1, 16, 320, 320]]",0,forward,False,464,,11468800,,35,20.8174,20.7927,1.0069
0.conv,e9e80e79ce809963,Conv2d,"{""bias"": null, ""class"": ""Conv2d"", ""dilation"": [1, 1], ""groups"": 1, ""in_channels"": 3, ""kernel_size"": [3, 3], ""out_channels"": 16, ""padding"": [1, 1], ""stride"": [2, 2]}","[[1, 3, 640, 640]]","[""torch.float32""]","[[1, 16, 320, 320]]",0.conv,forward,True,432,44236800,11468800,3.8571,35,16.0773,15.9949,0.8358
0.bn,a2bead640a3bcb99,BatchNorm2d,"{""bias"": ""Parameter containing:\ntensor([  1.7500,  -0.4363,   0.5703,   1.5762,  -4.7422,   1.3799, -11.1875,   3.8652,   1.3438,   1.4229,   1.7705,   1.6172,   1.5312,   2.5645,  -7.1250,   1.6768])"", ""class"": ""BatchNorm2d"", ""eps"": 0.001}","[[1, 16, 320, 320]]","[""torch.float32""]","[[1, 16, 320, 320]]",0.bn,forward,True,32,,13107200,,35,2.0778,2.0285,0.177
0.act,4db31c995deacda7,SiLU,"{""class"": ""SiLU""}","[[1, 16, 320, 320]]","[""torch.float32""]","[[1, 16, 320, 320]]",0.act,forward,True,0,,13107200,,35,2.3782,2.1819,0.4567
0.act,1af6076372ad4ede,SiLU,"{""class"": ""SiLU""}","[[1, 32, 160, 160]]","[""torch.float32""]","[[1, 32, 160, 160]]",0.act,forward,True,0,,6553600,,140,1.2336,1.014,0.4316
0.act,b52c7cb8ebd45185,SiLU,"{""class"": ""SiLU""}","[[1, 16, 160, 160]]","[""torch.float32""]","[[1, 16, 160, 160]]",0.act,forward,True,0,,3276800,,70,0.6033,0.5135,0.2601
0.act,6da5ee22b7e1d3cf,SiLU,"{""class"": ""SiLU""}","[[1, 64, 80, 80]]","[""torch.float32""]","[[1, 64, 80, 80]]",0.act,forward,True,0,,3276800,,280,0.6431,0.5164,0.2948
0.act,00936e39faf3f98f,SiLU,"{""class"": ""SiLU""}","[[1, 32, 80, 80]]","[""torch.float32""]","[[1, 32, 80, 80]]",0.act,forward,True,0,,1638400,,280,0.4138,0.2721,0.2632
0.act,dfa6db07a9cf4be1,SiLU,"{""class"": ""SiLU""}","[[1, 128, 40, 40]]","[""torch.float32""]","[[1, 128, 40, 40]]",0.act,forward,True,0,,1638400,,245,0.4013,0.2697,0.2622
0.act,4ea83264d9ea3f5c,SiLU,"{""class"": ""SiLU""}","[[1, 64, 40, 40]]","[""torch.float32""]","[[1, 64, 40, 40]]",0.act,forward,True,0,,819200,,385,0.2368,0.1461,0.2169
0.act,a44d02841d8ceadb,SiLU,"{""class"": ""SiLU""}","[[1, 256, 20, 20]]","[""torch.float32""]","[[1, 256, 20, 20]]",0.act,forward,True,0,,819200,,210,0.2246,0.1462,0.1934
0.act,0da1c08a8fae32e5,SiLU,"{""class"": ""SiLU""}","[[1, 128, 20, 20]]","[""torch.float32""]","[[1, 128, 20, 20]]",0.act,forward,True,0,,409600,,210,0.2133,0.1438,0.1963
0.act,9dd2d8c74af91af8,SiLU,"{""class"": ""SiLU""}","[[1, 64, 20, 20]]","[""torch.float32""]","[[1, 64, 20, 20]]",0.act,forward,True,0,,204800,,70,0.1347,0.1266,0.0314
0.act,65418290bafe418a,SiLU,"{""class"": ""SiLU""}","[[1, 80, 80, 80]]","[""torch.float32""]","[[1, 80, 80, 80]]",0.act,forward,True,0,,4096000,,70,0.7946,0.6421,0.4122
0.act,70499828149a886f,SiLU,"{""class"": ""SiLU""}","[[1, 80, 40, 40]]","[""torch.float32""]","[[1, 80, 40, 40]]",0.act,forward,True,0,,1024000,,70,0.3022,0.1804,0.2656
0.act,4e53e2f3fa50e788,SiLU,"{""class"": ""SiLU""}","[[1, 80, 20, 20]]","[""torch.float32""]","[[1, 80, 20, 20]]",0.act,forward,True,0,,256000,,70,0.1587,0.1548,0.0258
0.act,08d9785d759dac51,SiLU,"{""class"": ""SiLU""}","[[1, 32, 40, 40]]","[""torch.float32""]","[[1, 32, 40, 40]]",0.act,forward,True,0,,409600,,70,0.1793,0.1388,0.1297
0.act,0bc24e1a5a995688,SiLU,"{""class"": ""SiLU""}","[[1, 32, 20, 20]]","[""torch.float32""]","[[1, 32, 20, 20]]",0.act,forward,True,0,,102400,,70,0.0861,0.0762,0.0558
0.act,52a7efe60d82b70f,SiLU,"{""class"": ""SiLU""}","[[1, 64, 160, 160]]","[""torch.float32""]","[[1, 64, 160, 160]]",0.act,forward,True,0,,13107200,,35,2.5375,2.4348,0.4806
1,e2cf841038d442ab,Conv,"{""class"": ""Conv""}","[[1, 16, 320, 320]]","[""torch.float32""]","[[1, 32, 160, 160]]",1,forward,False,4672,,9830400,,35,13.8231,13.4647,1.3055
1.conv,052d8e402cda395d,Conv2d,"{""bias"": null, ""class"": ""Conv2d"", ""dilation"": [1, 1], ""groups"": 1, ""in_channels"": 16, ""kernel_size"": [3, 3], ""out_channels"": 32, ""padding"": [1, 1], ""stride"": [2, 2]}","[[1, 16, 320, 320]]","[""torch.float32""]","[[1, 32, 160, 160]]",1.conv,forward,True,4608,117964800,9830400,12.0,35,11.2731,10.9108,1.0664
1.bn,13dbee8544cef6f9,BatchNorm2d,"{""bias"": ""Parameter containing:\ntensor([ 2.4238e+00, -3.8794e-01,  2.3027e+00, -6.4551e-01,  2.2695e+00,  2.0820e+00, -6.2109e-01, -6.0889e-01,  1.6670e+00,  2.8574e+00,  5.4541e-01,  1.2354e+00,  2.2871e+00,  1.9170e+00,  2.7305e+00, -6.5674e-01, -4.4604e-01, -4.2725e-01,  2.2676e+00, -5.9619e-01, -4.3042e-01,  4.1016e+00,  2.6973e+00,  6.4941e-01,\n        -5.5225e-01, -4.4727e-01,  2.8744e-03, -4.2773e-01,  1.9697e+00, -4.6606e-01, -3.2812e-01, -1.7468e-01])"", ""class"": ""BatchNorm2d"", ""eps"": 0.001}","[[1, 32, 160, 160]]","[""torch.float32""]","[[1, 32, 160, 160]]",1.bn,forward,True,64,,6553600,,35,1.0451,0.9247,0.2873
2,82c9d69c141b9cb8,C2f,"{""class"": ""C2f""}","[[1, 32, 160, 160]]","[""torch.float32""]","[[1, 32, 160, 160]]",2,forward,False,7360,,6553600,,35,35.6202,34.7923,2.2986
2.cv1,ea61c0287e4f03da,Conv,"{""class"": ""Conv""}","[[1, 32, 160, 160]]","[""torch.float32""]","[[1, 32, 160, 160]]",2.cv1,forward,False,1088,,6553600,,35,10.2329,9.8503,0.9588
2.cv1.conv,f98c3bd3e95e4191,Conv2d,"{""bias"": null, ""class"": ""Conv2d"", ""dilation"": [1, 1], ""groups"": 1, ""in_channels"": 32, ""kernel_size"": [1, 1], ""out_channels"": 32, ""padding"": [0, 0], ""stride"": [1, 1]}","[[1, 32, 160, 160]]","[""torch.float32""]","[[1, 32, 160, 160]]",2.cv1.conv,forward,True,1024,26214400,6553600,4.0,35,7.8165,7.5483,0.7622
2.cv1.bn,e324fa6afc4c4c5e,BatchNorm2d,"{""bias"": ""Parameter containing:\ntensor([ 3.2383,  1.1221,  0.1827,  0.9351,  0.1210, -0.2805, -0.2573,  1.9717,  0.2163,  0.9741,  2.8125,  2.3984, -2.1445,  0.3943,  0.8813,  0.2976,  3.6074, -0.0311,  0.8662,  1.9209,  0.9854,  2.6797,  4.7812,  0.2922,  0.6055, -0.1164, -0.8271,  2.2559,  0.8994, -1.6602,  0.8086, -1.0986])"", ""class"": ""BatchNorm2d"", ""eps"": 0.001}","[[1, 32, 160, 160]]","[""torch.float32""]","[[1, 32, 160, 160]]",2.cv1.bn,forward,True,64,,6553600,,35,1.0265,0.9426,0.2287
2.cv2,e32c333ba99dc233,Conv,"{""class"": ""Conv""}","[[1, 48, 160, 160]]","[""torch.float32""]","[[1, 32, 160, 160]]",2.cv2,forward,False,1600,,8192000,,35,11.3133,10.9876,1.088
2.cv2.conv,7b61872bd0c94d98,Conv2d,"{""bias"": null, ""class"": ""Conv2d"", ""dilation"": [1, 1], ""groups"": 1, ""in_channels"": 48, ""kernel_size"": [1, 1], ""out_channels"": 32, ""padding"": [0, 0], ""stride"": [1, 1]}","[[1, 48, 160, 160]]","[""torch.float32""]","[[1, 32, 160, 160]]",2.cv2.conv,forward,True,1536,39321600,8192000,4.8,35,8.5182,8.3709,0.789
2.cv2.bn,5741f623d6f56fa3,BatchNorm2d,"{""bias"": ""Parameter containing:\ntensor([ 2.7188,  1.7021,  0.0515,  1.8271,  2.1426,  1.4824,  1.1006, -1.1611,  1.1328,  0.7314,  0.0591,  2.1270,  2.0566,  1.0957,  0.7417, -0.2549,  0.7778,  1.5732,  0.2710,  0.6753,  1.3379,  0.5366,  0.8672,  1.1729,  2.3281, -0.3374,  0.9214, -0.3865,  0.3508,  3.0664, -0.8892,  1.0547])"", ""class"": ""BatchNorm2d"", ""eps"": 0.001}","[[1, 32, 160, 160]]","[""torch.float32""]","[[1, 32, 160, 160]]",2.cv2.bn,forward,True,64,,6553600,,35,1.2212,1.1246,0.3226
2.m.0,7a1322299d728301,Bottleneck,"{""class"": ""Bottleneck""}","[[1, 16, 160, 160]]","[""torch.float32""]","[[1, 16, 160, 160]]",2.m.0,forward,False,4672,,3276800,,35,12.1151,11.4301,1.7386
2.m.0.cv1,d796adc0a54e5a83,Conv,"{""class"": ""Conv""}","[[1, 16, 160, 160]]","[""torch.float32""]","[[1, 16, 160, 160]]",2.m.0.cv1,forward,False,2336,,3276800,,35,5.5611,5.3219,1.0164
2.m.0.cv1.conv,a96e8bd5065c8d15,Conv2d,"{""bias"": null, ""class"": ""Conv2d"", ""dilation"": [1, 1], ""groups"": 1, ""in_channels"": 16, ""kernel_size"": [3, 3], ""out_channels"": 16, ""padding"": [1, 1], ""stride"": [1, 1]}","[[1, 16, 160, 160]]","[""torch.float32""]","[[1, 16, 160, 160]]",2.m.0.cv1.conv,forward,True,2304,58982400,3276800,18.0,35,4.2671,4.189,0.7982
2.m.0.cv1.bn,42475fe4fc15d93e,BatchNorm2d,"{""bias"": ""Parameter containing:\ntensor([ 0.8789,  3.9434, -0.0560,  0.6777, -0.7588,  0.1694, -1.0400,  1.2412, -0.4558,  0.1914,  0.8989, -0.0332, -0.9082,  0.6934,  0.5312,  2.8789])"", ""class"": ""BatchNorm2d"", ""eps"": 0.001}","[[1, 16, 160, 160]]","[""torch.float32""]","[[1, 16, 160, 160]]",2.m.0.cv1.bn,forward,True,32,,3276800,,35,0.4332,0.3183,0.232
2.m.0.cv2,d796adc0a54e5a83,Conv,"{""class"": ""Conv""}","[[1, 16, 160, 160]]","[""torch.float32""]","[[1, 16, 160, 160]]",2.m.0.cv2,forward,False,2336,,3276800,,35,5.6359,5.1656,1.2334
2.m.0.cv2.conv,a96e8bd5065c8d15,Conv2d,"{""bias"": null, ""class"": ""Conv2d"", ""dilation"": [1, 1], ""groups"": 1, ""in_channels"": 16, ""kernel_size"": [3, 3], ""out_channels"": 16, ""padding"": [1, 1], ""stride"": [1, 1]}","[[1, 16, 160, 160]]","[""torch.float32""]","[[1, 16, 160, 160]]",2.m.0.cv2.conv,forward,True,2304,58982400,3276800,18.0,35,4.4637,4.103,1.2226
2.m.0.cv2.bn,874b2b3a5fd5c496,BatchNorm2d,"{""bias"": ""Parameter containing:\ntensor([ 0.3635, -0.4067,  3.1074, -0.3093, -0.0381,  0.3953,  0.7651, -0.0238, -0.4238,  0.9204,  1.4346,  0.1110, -0.4385,  0.5747, -0.5205, -0.0695])"", ""class"": ""BatchNorm2d"", ""eps"": 0.001}","[[1, 16, 160, 160]]","[""torch.float32""]","[[1, 16, 160, 160]]",2.m.0.cv2.bn,forward,True,32,,3276800,,35,0.3785,0.3011,0.1752
3,ea61c0287e4f03da,Conv,"{""class"": ""Conv""}","[[1, 32, 160, 160]]","[""torch.float32""]","[[1, 64, 80, 80]]",3,forward,False,18560,,4915200,,35,8.043,7.4101,1.3913
3.conv,51b2579a85bc3f80,Conv2d,"{""bias"": null, ""class"": ""Conv2d"", ""dilation"": [1, 1], ""groups"": 1, ""in_channels"": 32, ""kernel_size"": [3, 3], ""out_channels"": 64, ""padding"": [1, 1], ""stride"": [2, 2]}","[[1, 32, 160, 160]]","[""torch.float32""]","[[1, 64, 80, 80]]",3.conv,forward,True,18432,117964800,4915200,24.0,35,6.5289,6.16,1.2841
3.bn,a63c94200f4cb1ff,BatchNorm2d,"{""bias"": ""Parameter containing:\ntensor([-1.2061, -0.6348, -0.2810,  1.5156,  0.4822, -0.2830,  1.6084, -0.3513, -0.0588,  1.1699, -0.4336, -0.4756, -0.7964, -0.4692, -0.4912,  2.8203, -0.7261,  1.9180,  1.5742,  2.3086, -0.6411, -0.2590,  0.3242, -0.0646,  1.0498,  1.6533,  0.9287, -0.6582,  0.8359, -0.8311,  0.5693,  0.2300, -0.5400, -0.7227,\n         0.4380,  0.6558,  0.7310,  0.9429, -0.4248, -0.5811, -0.4417,  0.9985, -0.6069,  1.9160, -0.2966, -0.0593, -0.6411,  0.2363, -0.5854, -0.6714,  0.4216, -0.7852,  0.6411, -1.1836,  1.2217, -0.5127,  2.2656,  0.9316,  0.4519, -0.6719,  0.3933, -0.4231,  1.6729, -0.6860])"", ""class"": ""BatchNorm2d"", ""eps"": 0.001}","[[1, 64, 80, 80]]","[""torch.float32""]","[[1, 64, 80, 80]]",3.bn,forward,True,128,,3276800,,35,0.6649,0.6234,0.1392
4,1478c62f92a408d5,C2f,"{""class"": ""C2f""}","[[1, 64, 80, 80]]","[""torch.float32""]","[[1, 64, 80, 80]]",4,forward,False,49664,,3276800,,35,31.3076,27.6848,6.5399
4.cv1,8edda4b0b28cfff8,Conv,"{""class"": ""Conv""}","[[1, 64, 80, 80]]","[""torch.float32""]","[[1, 64, 80, 80]]",4.cv1,forward,False,4224,,3276800,,35,5.4394,5.149,1.0204
4.cv1.conv,16ab8f219b28b293,Conv2d,"{""bias"": null, ""class"": ""Conv2d"", ""dilation"": [1, 1], ""groups"": 1, ""in_channels"": 64, ""kernel_size"": [1, 1], ""out_channels"": 64, ""padding"": [0, 0], ""stride"": [1, 1]}","[[1, 64, 80, 80]]","[""torch.float32""]","[[1, 64, 80, 80]]",4.cv1.conv,forward,True,4096,26214400,3276800,8.0,35,4.1042,3.9286,1.0048
4.cv1.bn,1ab25608e43f6b07,BatchNorm2d,"{""bias"": ""Parameter containing:\ntensor([-4.0601e-01,  5.7031e-01, -1.7444e-01,  1.9668e+00, -1.5645e+00, -5.4736e-01, -7.5195e-01, -8.3801e-02,  5.8868e-02,  1.0527e+00, -1.7273e-01, -3.0981e-01, -7.6270e-01, -1.0742e+00, -3.0615e-01,  4.8096e-01,  5.8008e-01, -2.0742e+00,  2.3730e+00,  3.8379e-01,  1.9141e-01, -2.2400e-01,  8.5303e-01,  1.6602e+00,\n        -6.9775e-01,  8.5400e-01, -1.0488e+00,  4.6484e-01,  1.1738e+00,  1.2331e-03,  4.3555e-01, -3.6719e-01, -3.8379e-01,  1.1475e+00,  1.0029e+00,  6.2134e-02,  9.4775e-01,  6.0205e-01,  1.1084e-01,  9.4727e-01, -7.4414e-01,  2.6318e-01,  9.7559e-01,  9.6289e-01,  1.7981e-01,  1.1807e+00,  7.2607e-01,  1.1650e+00,\n         8.4717e-01, -1.6870e-01,  5.7520e-01,  6.2158e-01,  8.7109e-01,  5.8691e-01,  1.3838e+00,  1.0957e+00,  1.2646e+00,  1.1533e+00,  1.0527e+00, -3.0835e-01,  9.5215e-01, -3.2690e-01, -1.3623e-01,  3.5010e-01])"", ""class"": ""BatchNorm2d"", ""eps"": 0.001}","[[1, 64, 80, 80]]","[""torch.float32""]","[[1, 64, 80, 80]]",4.cv1.bn,forward,True,128,,3276800,,35,0.5005,0.4198,0.1882
4.cv2,da8d0714683d2cc2,Conv,"{""class"": ""Conv""}","[[1, 128, 80, 80]]","[""torch.float32""]","[[1, 64, 80, 80]]",4.cv2,forward,False,8320,,4915200,,35,6.6781,6.423,0.9161
4.cv2.conv,40c5984f27a8edbe,Conv2d,"{""bias"": null, ""class"": ""Conv2d"", ""dilation"": [1, 1], ""groups"": 1, ""in_channels"": 128, ""kernel_size"": [1, 1], ""out_channels"": 64, ""padding"": [0, 0], ""stride"": [1, 1]}","[[1, 128, 80, 80]]","[""torch.float32""]","[[1, 64, 80, 80]]",4.cv2.conv,forward,True,8192,52428800,4915200,10.6667,35,5.2542,4.9591,0.9091
4.cv2.bn,f7adc956bf16e26c,BatchNorm2d,"{""bias"": ""Parameter containing:\ntensor([ 0.1759, -0.6470, -0.5898,  0.8159,  0.8413,  0.0529, -0.5645, -0.3789,  0.2644, -0.7476,  0.2444,  0.6094,  0.9028,  0.2883, -0.5186, -0.8574,  0.6650, -0.5200,  0.6699, -0.4800, -0.2949,  0.9121,  0.5083,  0.1008, -0.1006, -0.6772, -0.3704, -0.0957, -0.2781, -0.1587, -0.4419,  0.0385, -0.6377, -0.7656,\n        -0.3972, -1.9287, -0.4932,  0.3018, -0.9058, -0.4170,  0.9888, -1.3330,  0.4526,  0.4819,  0.1628, -0.6016,  0.0931,  0.3647, -0.6323, -0.0413, -0.6895,  0.4663, -0.9370, -1.0439, -0.7529,  0.6147,  0.8096, -1.1211, -0.0305, -0.5298,  0.9351, -0.8662,  0.0875, -0.3010])"", ""class"": ""BatchNorm2d"", ""eps"": 0.001}","[[1, 64, 80, 80]]","[""torch.float32""]","[[1, 64, 80, 80]]",4.cv2.bn,forward,True,128,,3276800,,35,0.5085,0.3898,0.2481
4.m.0,d899a3676066aac1,Bottleneck,"{""class"": ""Bottleneck""}","[[1, 32, 80, 80]]","[""torch.float32""]","[[1, 32, 80, 80]]",4.m.0,forward,False,18560,,1638400,,35,9.0264,7.639,2.9018
4.m.0.cv1,a5cf2816ac5c4970,Conv,"{""class"": ""Conv""}","[[1, 32, 80, 80]]","[""torch.float32""]","[[1, 32, 80, 80]]",4.m.0.cv1,forward,False,9280,,1638400,,35,4.1121,3.601,1.4684
4.m.0.cv1.conv,a56f708ca00677f8,Conv2d,"{""bias"": null, ""class"": ""Conv2d"", ""dilation"": [1, 1], ""groups"": 1, ""in_channels"": 32, ""kernel_size"": [3, 3], ""out_channels"": 32, ""padding"": [1, 1], ""stride"": [1, 1]}","[[1, 32, 80, 80]]","[""torch.float32""]","[[1, 32, 80, 80]]",4.m.0.cv1.conv,forward,True,9216,58982400,1638400,36.0,35,3.0962,2.8122,1.2836
4.m.0.cv1.bn,8a8df4893811f72a,BatchNorm2d,"{""bias"": ""Parameter containing:\ntensor([ 0.2412, -0.5879, -1.3359, -0.7310, -0.6978, -0.4043, -0.1624, -0.0471,  0.1107, -0.0735, -0.5884,  0.5220, -1.0986, -0.5693, -1.0576,  1.3896,  0.3223, -0.6748, -0.2499, -0.9790,  0.4731,  0.2096, -0.5815, -0.3650,  0.3147, -0.7642, -0.7114, -0.4280, -1.0811, -0.2903,  0.4932, -0.3015])"", ""class"": ""BatchNorm2d"", ""eps"": 0.001}","[[1, 32, 80, 80]]","[""torch.float32""]","[[1, 32, 80, 80]]",4.m.0.cv1.bn,forward,True,64,,1638400,,35,0.3603,0.2696,0.2139
4.m.0.cv2,a5cf2816ac5c4970,Conv,"{""class"": ""Conv""}","[[1, 32, 80, 80]]","[""torch.float32""]","[[1, 32, 80, 80]]",4.m.0.cv2,forward,False,9280,,1638400,,35,4.2471,3.3827,1.8819
4.m.0.cv2.conv,a56f708ca00677f8,Conv2d,"{""bias"": null, ""class"": ""Conv2d"", ""dilation"": [1, 1], ""groups"": 1, ""in_channels"": 32, ""kernel_size"": [3, 3], ""out_channels"": 32, ""padding"": [1, 1], ""stride"": [1, 1]}","[[1, 32, 80, 80]]","[""torch.float32""]","[[1, 32, 80, 80]]",4.m.0.cv2.conv,forward,True,9216,58982400,1638400,36.0,35,3.1461,2.5046,1.5274
4.m.0.cv2.bn,cff039748d55c94e,BatchNorm2d,"{""bias"": ""Parameter containing:\ntensor([ 0.8599,  1.2979,  0.1334,  0.0311,  0.7432, -0.5249,  0.2052,  0.0184,  0.3899,  0.8774, -0.1409,  0.8472,  0.4543,  1.4111,  0.2123,  0.2150,  0.2371, -0.7212,  0.5273, -0.2847,  0.2964, -0.8604, -0.2251, -0.4194,  0.6196, -0.5063,  0.9307,  1.5020, -0.6772, -0.1527, -0.4998, -0.6577])"", ""class"": ""BatchNorm2d"", ""eps"": 0.001}","[[1, 32, 80, 80]]","[""torch.float32""]","[[1, 32, 80, 80]]",4.m.0.cv2.bn,forward,True,64,,1638400,,35,0.3925,0.2763,0.1892
4.m.1,d899a3676066aac1,Bottleneck,"{""class"": ""Bottleneck""}","[[1, 32, 80, 80]]","[""torch.float32""]","[[1, 32, 80, 80]]",4.m.1,forward,False,18560,,1638400,,35,8.7241,6.9857,3.0281
4.m.1.cv1,a5cf2816ac5c4970,Conv,"{""class"": ""Conv""}","[[1, 32, 80, 80]]","[""torch.float32""]","[[1, 32, 80, 80]]",4.m.1.cv1,forward,False,9280,,1638400,,35,4.0243,3.4022,1.6221
4.m.1.cv1.conv,a56f708ca00677f8,Conv2d,"{""bias"": null, ""class"": ""Conv2d"", ""dilation"": [1, 1], ""groups"": 1, ""in_channels"": 32, ""kernel_size"": [3, 3], ""out_channels"": 32, ""padding"": [1, 1], ""stride"": [1, 1]}","[[1, 32, 80, 80]]","[""torch.float32""]","[[1, 32, 80, 80]]",4.m.1.cv1.conv,forward,True,9216,58982400,1638400,36.0,35,3.0707,2.6576,1.3034
4.m.1.cv1.bn,075b28c903101931,BatchNorm2d,"{""bias"": ""Parameter containing:\ntensor([ 1.7354, -0.2067, -1.0742, -0.8623, -0.6953, -1.2256, -0.1738, -0.8716, -1.3311, -0.7168, -0.9058, -0.4792, -0.5977, -1.3672, -0.1538, -0.9824, -0.6509, -0.3359, -1.3340, -0.1320,  0.1215, -0.4089, -1.1953, -0.5498, -0.2252, -0.6680, -0.9653, -0.3677, -0.2688, -1.9004, -0.6768, -1.1016])"", ""class"": ""BatchNorm2d"", ""eps"": 0.001}","[[1, 32, 80, 80]]","[""torch.float32""]","[[1, 32, 80, 80]]",4.m.1.cv1.bn,forward,True,64,,1638400,,35,0.3371,0.2567,0.1265
4.m.1.cv2,a5cf2816ac5c4970,Conv,"{""class"": ""Conv""}","[[1, 32, 80, 80]]","[""torch.float32""]","[[1, 32, 80, 80]]",4.m.1.cv2,forward,False,9280,,1638400,,35,4.0931,3.3303,1.7166
4.m.1.cv2.conv,a56f708ca00677f8,Conv2d,"{""bias"": null, ""class"": ""Conv2d"", ""dilation"": [1, 1], ""groups"": 1, ""in_channels"": 32, ""kernel_size"": [3, 3], ""out_channels"": 32, ""padding"": [1, 1], ""stride"": [1, 1]}","[[1, 32, 80, 80]]","[""torch.float32""]","[[1, 32, 80, 80]]",4.m.1.cv2.conv,forward,True,9216,58982400,1638400,36.0,35,3.0675,2.2349,1.436
4.m.1.cv2.bn,74531e395028b282,BatchNorm2d,"{""bias"": ""Parameter containing:\ntensor([-0.8926,  1.8516,  0.4463,  0.4023, -0.2401,  3.1328,  0.8691, -0.1227,  0.5039,  0.3879, -0.6484,  0.8701,  2.6348,  0.3320, -0.4727, -0.4778, -0.5518, -0.6279,  0.4202,  1.1650, -0.9546, -0.8086,  1.6641, -0.5283, -0.8262, -1.0742,  0.5771, -0.6504,  0.7939, -0.6924,  2.2559, -0.7339])"", ""class"": ""BatchNorm2d"", ""eps"": 0.001}","[[1, 32, 80, 80]]","[""torch.float32""]","[[1, 32, 80, 80]]",4.m.1.cv2.bn,forward,True,64,,1638400,,35,0.4014,0.2713,0.2774
5,8edda4b0b28cfff8,Conv,"{""class"": ""Conv""}","[[1, 64, 80, 80]]","[""torch.float32""]","[[1, 128, 40, 40]]",5,forward,False,73984,,2457600,,35,5.4803,5.0634,1.182
5.conv,78d02a21d6f595e1,Conv2d,"{""bias"": null, ""class"": ""Conv2d"", ""dilation"": [1, 1], ""groups"": 1, ""in_channels"": 64, ""kernel_size"": [3, 3], ""out_channels"": 128, ""padding"": [1, 1], ""stride"": [2, 2]}","[[1, 64, 80, 80]]","[""torch.float32""]","[[1, 128, 40, 40]]",5.conv,forward,True,73728,117964800,2457600,48.0,35,4.63,4.2823,1.0705
5.bn,1720aa7383dc6054,BatchNorm2d,"{""bias"": ""Parameter containing:\ntensor([ 0.3333, -1.0381, -1.1484, -1.3047, -0.9854, -0.3323, -0.6782, -0.1119, -0.2573,  1.3418,  1.1777, -0.5723, -0.0209,  0.1793, -0.1038, -0.8647, -1.1006,  0.0132, -0.7080, -0.2365, -0.4214, -0.5273, -0.1366, -1.0547, -0.1864,  0.8228,  0.4414, -0.7998,  0.7993,  1.0898,  0.7368, -0.1887, -0.0293,  0.3154,\n        -1.6855, -0.7095, -0.3604,  0.0268, -0.0423, -0.0189, -0.5635, -0.7471, -0.2776,  0.0336,  1.3828,  0.0735, -0.7886, -1.2012,  0.3101,  0.2300, -0.8594, -1.1973, -0.8604, -0.4761, -0.6284, -1.3496, -0.4285, -1.2080,  0.1041, -0.5327, -0.6187,  0.9780, -0.6055,  0.2235,  0.4126,  0.1418, -0.7817, -0.3389,\n        -0.8149, -1.5225,  0.1281,  0.5679,  0.0656,  0.1982, -0.8003,  0.1754, -1.0771,  0.7012, -1.0596,  0.6348, -0.7495, -0.5444, -0.8535, -0.5825,  0.1234,  0.9678, -2.6250, -0.7998, -0.2295, -1.0479, -1.2363, -0.6909,  0.4202,  0.0312, -0.8848, -0.6860,  0.3118, -1.0039,  0.4568,  0.7617, -1.0225, -0.8223,\n        -0.9482, -1.3203,  0.8384,  1.0615,  0.2607, -0.2202, -0.8491,  0.0781, -0.6245,  0.9766,  0.2449, -0.6948, -0.9497, -0.5835, -0.4604, -0.8511, -0.0327, -0.7290,  0.3062, -1.1318, -1.8350,  1.3965,  1.6299, -0.5503,  0.5186, -1.0840])"", ""class"": ""BatchNorm2d"", ""eps"": 0.001}","[[1, 128, 40, 40]]","[""torch.float32""]","[[1, 128, 40, 40]]",5.bn,forward,True,256,,1638400,,35,0.2592,0.1797,0.1695
6,53cfad224f49a11d,C2f,"{""class"": ""C2f""}","[[1, 128, 40, 40]]","[""torch.float32""]","[[1, 128, 40, 40]]",6,forward,False,197632,,1638400,,35,19.267,16.702,5.2943
6.cv1,6cfe7a34bafabeb5,Conv,"{""class"": ""Conv""}","[[1, 128, 40, 40]]","[""torch.float32""]","[[1, 128, 40, 40]]",6.cv1,forward,False,16640,,1638400,,35,3.3896,2.9088,1.3808
6.cv1.conv,22bfeb866346ea5a,Conv2d,"{""bias"": null, ""class"": ""Conv2d"", ""dilation"": [1, 1], ""groups"": 1, ""in_channels"": 128, ""kernel_size"": [1, 1], ""out_channels"": 128, ""padding"": [0, 0], ""stride"": [1, 1]}","[[1, 128, 40, 40]]","[""torch.float32""]","[[1, 128, 40, 40]]",6.cv1.conv,forward,True,16384,26214400,1638400,16.0,35,2.4276,2.1812,1.06
6.cv1.bn,9002397abac614ad,BatchNorm2d,"{""bias"": ""Parameter containing:\ntensor([-0.2441, -0.3010, -0.0229, -0.3369, -0.4094, -0.6992,  0.0364, -0.9038,  0.1122,  0.4731, -0.3359,  0.3101, -0.9707, -0.8760, -0.5894, -1.2480, -0.8569, -0.2292, -0.8906, -0.0271, -1.2852,  0.5830, -0.7402,  0.5605,  0.1462,  0.3979, -0.0309, -1.3428, -0.4246, -0.7495, -0.1230,  0.2065,  0.3464, -0.9736,\n         0.0251, -0.3081, -0.2031, -0.9922, -0.4893, -0.8501, -1.3164,  0.3484,  0.4624, -0.8394, -0.7363, -0.7847,  0.2617, -0.1206, -0.5195, -1.0947, -0.4089, -0.5601, -0.7148,  0.1791, -0.7368, -0.6943, -1.0518, -0.9727, -0.7129,  0.3130,  0.2991, -0.3220, -0.6040, -1.2832, -0.7236,  0.5840,  0.3362, -0.8535,\n         0.8623, -0.9380,  0.1225, -0.7314, -0.5859,  0.4165,  0.3584, -0.2708, -0.7588,  0.5771, -1.0947,  0.2703,  0.4629,  0.6802,  0.1484,  1.1787,  0.0453,  1.1494,  0.5552, -1.4561,  0.5430,  0.2404, -0.0735,  0.3901, -1.2520, -0.6050, -0.1812,  0.5288,  0.4343,  0.9141, -0.0737,  0.2356,  0.5371,  0.5039,\n         0.1316, -0.7646,  0.5747,  0.3804,  0.5835, -0.6304, -1.4697, -0.5933,  0.1387,  0.7378,  0.3389,  0.6587, -0.6421, -0.9092, -0.7368,  0.3965,  0.3103,  0.2632,  0.2891,  0.1711, -0.7661,  0.6812,  0.7793, -0.4211, -0.8345,  0.7900])"", ""class"": ""BatchNorm2d"", ""eps"": 0.001}","[[1, 128, 40, 40]]","[""torch.float32""]","[[1, 128, 40, 40]]",6.cv1.bn,forward,True,256,,1638400,,35,0.3144,0.204,0.2013
6.cv2,fff0c455024bfce1,Conv,"{""class"": ""Conv""}","[[1, 256, 40, 40]]","[""torch.float32""]","[[1, 128, 40, 40]]",6.cv2,forward,False,33024,,2457600,,35,4.4784,4.0232,1.5373
6.cv2.conv,900c96b70e054a38,Conv2d,"{""bias"": null, ""class"": ""Conv2d"", ""dilation"": [1, 1], ""groups"": 1, ""in_channels"": 256, ""kernel_size"": [1, 1], ""out_channels"": 128, ""padding"": [0, 0], ""stride"": [1, 1]}","[[1, 256, 40, 40]]","[""torch.float32""]","[[1, 128, 40, 40]]",6.cv2.conv,forward,True,32768,52428800,2457600,21.3333,35,3.6496,3.3208,1.3156
6.cv2.bn,1b9bb7495ade7667,BatchNorm2d,"{""bias"": ""Parameter containing:\ntensor([-1.0645, -0.4690, -1.2891, -0.9111, -1.4619,  0.4309, -0.3604, -1.2646, -0.8955, -1.4229,  0.6440, -1.3867, -0.8550, -0.4075, -0.0992, -0.5386,  0.1396, -2.3535, -1.1055, -0.2104,  0.1753, -0.2949, -0.8965, -1.0205,  0.4648,  0.3760,  0.2878, -0.4814, -1.5332, -0.2947,  0.0144,  0.5391, -1.1562, -1.0625,\n        -1.3789, -0.3872,  0.2368,  0.0847, -1.7236,  0.0415, -0.8916, -0.9736, -0.4956, -0.5996,  0.0833, -0.9097, -1.3115, -0.3862,  0.0968, -0.1403, -0.2107,  0.1527, -0.6235, -0.0585, -1.7363, -0.8242,  0.8042, -1.1738, -0.6807, -0.7876, -0.2771,  0.5728,  0.3171, -1.3818, -0.6826, -0.5103, -0.8765,  1.1143,\n        -0.2585, -0.4133, -1.9170, -1.1211, -1.4834, -0.2451, -1.2754,  0.4092, -0.8828, -1.7861,  0.0956, -0.5278, -0.5518, -1.3828, -0.9321, -0.8110, -0.3682,  0.3860,  0.1709, -0.2169, -1.0332,  0.2179, -0.0771,  0.2949, -1.4131,  0.4114, -0.7485, -0.4377, -0.8042, -0.3992, -0.0186, -0.0691,  0.4397, -0.6284,\n         0.1140,  0.5054, -0.2969, -1.9072, -0.9951, -0.7134, -0.6074, -0.4565, -0.5347, -1.7344, -0.4226, -0.1205, -0.1517,  0.4729, -2.2070,  0.0374, -1.7217, -0.9614,  0.4092, -0.9600, -1.5459, -0.7852, -0.3599,  0.3691, -1.5039, -0.3147])"", ""class"": ""BatchNorm2d"", ""eps"": 0.001}","[[1, 128, 40, 40]]","[""torch.float32""]","[[1, 128, 40, 40]]",6.cv2.bn,forward,True,256,,1638400,,35,0.2897,0.1936,0.1775
6.m.0,02436ef5d3114e46,Bottleneck,"{""class"": ""Bottleneck""}","[[1, 64, 40, 40]]","[""torch.float32""]","[[1, 64, 40, 40]]",6.m.0,forward,False,73984,,819200,,35,5.0582,4.703,1.6393
6.m.0.cv1,779f8899e994d313,Conv,"{""class"": ""Conv""}","[[1, 64, 40, 40]]","[""torch.float32""]","[[1, 64, 40, 40]]",6.m.0.cv1,forward,False,36992,,819200,,35,2.6837,2.2678,0.9401
6.m.0.cv1.conv,7dcfbda29846c883,Conv2d,"{""bias"": null, ""class"": ""Conv2d"", ""dilation"": [1, 1], ""groups"": 1, ""in_channels"": 64, ""kernel_size"": [3, 3], ""out_channels"": 64, ""padding"": [1, 1], ""stride"": [1, 1]}","[[1, 64, 40, 40]]","[""torch.float32""]","[[1, 64, 40, 40]]",6.m.0.cv1.conv,forward,True,36864,58982400,819200,72.0,35,2.1409,1.7047,0.8398
6.m.0.cv1.bn,0ea8f6bbd6355425,BatchNorm2d,"{""bias"": ""Parameter containing:\ntensor([-1.0615, -0.7007, -1.2197, -1.0195, -1.0146, -0.9209, -1.7324, -1.0127, -1.3564, -1.3926, -0.7573, -1.1543, -0.4058, -0.1539, -0.6953, -1.2041, -0.9048, -1.6553, -1.0918, -0.8228,  0.3772, -0.8530, -0.4092, -1.0703, -0.7021, -1.4209, -0.7397, -1.2520, -1.1016, -0.7451, -0.9287, -0.8770, -0.6318, -1.7021,\n        -0.4788, -0.4001, -0.8154, -2.0625, -1.1709, -1.1914, -0.6235, -0.6504, -1.0908,  1.4404, -0.9951, -0.4280, -0.1578, -1.1104, -1.0400, -0.4219, -1.3867, -0.7583, -1.2275, -1.3203, -0.9565,  0.2389, -0.9644, -1.2168, -1.7393, -0.8398, -0.4629, -1.1455, -0.8296, -1.2754])"", ""class"": ""BatchNorm2d"", ""eps"": 0.001}","[[1, 64, 40, 40]]","[""torch.float32""]","[[1, 64, 40, 40]]",6.m.0.cv1.bn,forward,True,128,,819200,,35,0.1686,0.138,0.0748
6.m.0.cv2,779f8899e994d313,Conv,"{""class"": ""Conv""}","[[1, 64, 40, 40]]","[""torch.float32""]","[[1, 64, 40, 40]]",6.m.0.cv2,forward,False,36992,,819200,,35,2.0805,1.8236,0.7989
6.m.0.cv2.conv,7dcfbda29846c883,Conv2d,"{""bias"": null, ""class"": ""Conv2d"", ""dilation"": [1, 1], ""groups"": 1, ""in_channels"": 64, ""kernel_size"": [3, 3], ""out_channels"": 64, ""padding"": [1, 1], ""stride"": [1, 1]}","[[1, 64, 40, 40]]","[""torch.float32""]","[[1, 64, 40, 40]]",6.m.0.cv2.conv,forward,True,36864,58982400,819200,72.0,35,1.5342,1.3438,0.6374
6.m.0.cv2.bn,3cc944ec33f75e84,BatchNorm2d,"{""bias"": ""Parameter containing:\ntensor([-0.3560,  0.2822,  0.4976,  0.3223,  0.3157, -1.0938, -0.1584, -0.6719, -0.2015, -0.2314, -0.6626, -0.1464, -0.8931, -0.0812, -0.7588,  0.2939, -0.0106,  0.0044, -0.4937,  0.4285, -0.1560,  0.0506,  0.9663,  0.1171, -0.2754,  0.0775,  0.3088, -0.4009,  0.5645,  0.4978,  0.5122,  0.3948, -0.3015,  0.7715,\n         0.5659,  0.9028, -0.8682, -0.5044, -0.3867, -0.0792, -1.4580,  0.0813, -0.1136, -0.1630, -0.1727, -0.2727,  0.6270, -0.0598, -0.6475,  0.2705,  1.0674,  0.2113, -0.4187,  0.1185,  0.8838, -0.4531,  0.6445,  0.0550, -0.9590,  0.1481, -0.0145,  0.5913,  0.8833,  0.8311])"", ""class"": ""BatchNorm2d"", ""eps"": 0.001}","[[1, 64, 40, 40]]","[""torch.float32""]","[[1, 64, 40, 40]]",6.m.0.cv2.bn,forward,True,128,,819200,,35,0.1494,0.1312,0.0714
6.m.1,02436ef5d3114e46,Bottleneck,"{""class"": ""Bottleneck""}","[[1, 64, 40, 40]]","[""torch.float32""]","[[1, 64, 40, 40]]",6.m.1,forward,False,73984,,819200,,35,5.4105,4.4358,2.4937
6.m.1.cv1,779f8899e994d313,Conv,"{""class"": ""Conv""}","[[1, 64, 40, 40]]","[""torch.float32""]","[[1, 64, 40, 40]]",6.m.1.cv1,forward,False,36992,,819200,,35,2.6294,1.9581,1.3553
6.m.1.cv1.conv,7dcfbda29846c883,Conv2d,"{""bias"": null, ""class"": ""Conv2d"", ""dilation"": [1, 1], ""groups"": 1, ""in_channels"": 64, ""kernel_size"": [3, 3], ""out_channels"": 64, ""padding"": [1, 1], ""stride"": [1, 1]}","[[1, 64, 40, 40]]","[""torch.float32""]","[[1, 64, 40, 40]]",6.m.1.cv1.conv,forward,True,36864,58982400,819200,72.0,35,2.0564,1.52,1.1314
6.m.1.cv1.bn,fc95bb1ead76ccd5,BatchNorm2d,"{""bias"": ""Parameter containing:\ntensor([-8.5156e-01, -1.5986e+00, -1.7236e-01, -1.0742e+00, -5.7281e-02, -1.0098e+00, -1.2354e+00, -6.4551e-01, -9.2871e-01, -1.3037e+00, -1.2051e+00, -1.3535e+00, -1.1270e+00, -1.0156e+00, -2.3242e-01, -2.8594e+00, -1.2207e+00, -1.1680e+00, -7.5879e-01,  6.0791e-01, -1.2656e+00, -1.2129e+00, -1.2812e+00, -1.3486e+00,\n        -1.3994e+00, -1.2900e+00, -1.6416e+00, -3.1555e-02, -9.0479e-01, -6.0205e-01, -2.0195e+00, -9.4336e-01, -1.1533e+00, -1.1143e+00, -1.6318e+00, -6.0254e-01, -1.9590e+00, -2.0879e+00, -1.7793e+00, -1.1981e-01, -9.6143e-01, -1.3545e+00,  2.7027e-03, -1.6289e+00, -1.2158e+00, -1.4932e+00, -1.4961e+00, -1.9443e+00,\n        -1.6299e+00, -1.3682e+00, -7.4512e-01, -1.2480e+00, -1.3652e+00, -3.1665e-01, -1.6855e+00, -4.2554e-01, -4.2432e-01, -2.4414e+00, -5.3711e-01, -1.3164e+00, -1.8271e+00, -1.3164e+00, -6.4355e-01, -4.8486e-01])"", ""class"": ""BatchNorm2d"", ""eps"": 0.001}","[[1, 64, 40, 40]]","[""torch.float32""]","[[1, 64, 40, 40]]",6.m.1.cv1.bn,forward,True,128,,819200,,35,0.1859,0.1379,0.103
6.m.1.cv2,779f8899e994d313,Conv,"{""class"": ""Conv""}","[[1, 64, 40, 40]]","[""torch.float32""]","[[1, 64, 40, 40]]",6.m.1.cv2,forward,False,36992,,819200,,35,2.4918,1.8832,1.2476
6.m.1.cv2.conv,7dcfbda29846c883,Conv2d,"{""bias"": null, ""class"": ""Conv2d"", ""dilation"": [1, 1], ""groups"": 1, ""in_channels"": 64, ""kernel_size"": [3, 3], ""out_channels"": 64, ""padding"": [1, 1], ""stride"": [1, 1]}","[[1, 64, 40, 40]]","[""torch.float32""]","[[1, 64, 40, 40]]",6.m.1.cv2.conv,forward,True,36864,58982400,819200,72.0,35,1.9058,1.3881,1.0396
6.m.1.cv2.bn,891365ccc5c6f8bc,BatchNorm2d,"{""bias"": ""Parameter containing:\ntensor([-2.6953e-01, -1.7212e-01,  8.4375e-01, -2.7588e-01, -6.2012e-01,  5.2051e-01, -1.0225e+00,  1.6729e+00,  9.2578e-01,  5.7666e-01, -8.0908e-01,  1.0820e+00,  1.2041e+00,  1.3037e+00,  7.4902e-01, -3.8623e-01, -5.5615e-01, -3.9136e-01,  1.8726e-01, -5.7031e-01,  6.8457e-01,  1.0635e+00, -1.1699e+00,  1.2568e+00,\n        -1.7014e-03, -1.3525e-01,  2.6318e-01,  3.9966e-01,  8.3887e-01,  1.1890e-01,  1.1279e+00, -2.2876e-01, -9.7559e-01,  1.8570e-02,  1.2285e+00,  1.6016e+00,  8.5010e-01,  2.3169e-01,  8.1299e-01, -2.6294e-01,  1.0225e+00, -1.1963e-01,  4.2114e-01, -4.0796e-01, -8.6768e-01,  1.5762e+00,  1.4297e+00, -6.8115e-02,\n        -1.3220e-01,  9.4727e-01, -2.0740e-01, -5.9277e-01,  1.1406e+00,  1.4893e+00, -1.4678e+00,  7.7734e-01, -6.8262e-01,  1.3545e+00,  8.8135e-01,  1.9470e-02, -2.0691e-01,  9.7070e-01,  2.2192e-01,  1.7725e+00])"", ""class"": ""BatchNorm2d"", ""eps"": 0.001}","[[1, 64, 40, 40]]","[""torch.float32""]","[[1, 64, 40, 40]]",6.m.1.cv2.bn,forward,True,128,,819200,,35,0.1947,0.1285,0.1324
7,6cfe7a34bafabeb5,Conv,"{""class"": ""Conv""}","[[1, 128, 40, 40]]","[""torch.float32""]","[[1, 256, 20, 20]]",7,forward,False,295424,,1228800,,35,4.7953,4.4982,1.3327
7.conv,f1d61d61a0e6e068,Conv2d,"{""bias"": null, ""class"": ""Conv2d"", ""dilation"": [1, 1], ""groups"": 1, ""in_channels"": 128, ""kernel_size"": [3, 3], ""out_channels"": 256, ""padding"": [1, 1], ""stride"": [2, 2]}","[[1, 128, 40, 40]]","[""torch.float32""]","[[1, 256, 20, 20]]",7.conv,forward,True,294912,117964800,1228800,96.0,35,4.1321,3.9349,1.0468
7.bn,d5fceb607fb8e6f4,BatchNorm2d,"{""bias"": ""Parameter containing:\ntensor([-0.4648, -0.7637, -0.7051, -0.9844, -0.6660, -1.1631, -1.8242, -0.6284, -1.0820, -1.3848, -0.0318, -1.2559, -0.3604, -0.8472, -0.9316, -0.8740, -1.1924, -0.1116, -0.9263, -0.4390, -1.3584, -0.8428, -0.6670, -0.2837, -0.4680, -1.8672, -0.4468, -1.5391, -0.4470, -0.8887, -0.6943, -1.4473, -0.5381, -0.4946,\n        -0.1285, -0.2493,  0.3242, -0.7744, -1.1748, -0.8394, -0.0853, -1.1201,  0.0110, -0.9912, -0.6064, -0.5815, -0.3813, -1.6104, -0.4731, -0.7349, -0.6875, -0.3389,  0.0345, -1.8799, -0.4880, -1.3760, -0.8823, -0.6870, -0.2585, -1.1074, -0.9502, -1.0205, -0.7202, -1.0957, -0.1443, -1.6846, -1.0010, -0.3782,\n        -0.3059, -0.8125, -0.3120, -1.3779,  0.3049, -0.5034, -0.2502, -0.2715, -0.3247, -0.4023, -0.6299, -1.2441, -1.3916, -0.5435, -0.9741, -1.2363, -1.1426, -0.7886, -1.3525, -0.5327, -0.5532, -0.6494, -0.9629, -1.0762, -0.1636, -0.7310, -0.6099, -0.9067, -0.6938,  0.2379, -0.5835, -1.0879, -0.7256, -1.5498,\n        -1.2070, -0.0929, -1.2275, -1.0938, -0.5674, -0.8599, -0.3884, -0.8706, -0.9541, -0.1744, -0.9155, -0.2039, -0.8037, -0.8633, -0.6016, -0.7485, -0.6729, -0.1573, -0.5542,  0.2983, -0.7329, -0.5400, -0.2900, -0.4553, -0.5537, -0.5850, -1.1748, -0.6318, -1.2100, -0.7476, -1.1318, -0.5933, -1.0518, -1.1006,\n        -0.2773, -1.3281, -0.6548, -1.5967, -0.6523, -0.9585, -0.9092, -0.9497, -0.7080, -0.4104, -0.5859, -1.2822, -0.7607, -0.8198, -1.1162, -0.6655, -0.4075, -0.6240, -1.0312, -1.2646,  0.0613, -0.9189, -0.9512, -0.9941, -0.5039, -0.5210, -0.8125, -0.7422, -0.8130, -1.2207, -0.8364, -0.4504, -0.7832, -1.3350,\n        -0.1050, -0.1448, -0.7715, -1.5654, -0.5542, -0.1528, -0.9473, -0.5117, -1.2129, -1.2637, -0.5693, -0.6030, -0.5474, -0.8418, -1.1797,  0.2661, -0.8496, -0.7520, -1.2959, -0.5674, -0.8413, -1.2783, -0.8569, -0.4478, -1.2686, -0.8223, -1.1230, -1.6973, -0.7056, -1.3760, -1.4980, -0.6992, -0.7061,  0.0533,\n        -0.5396, -0.6348,  0.6475,  0.0251, -0.7051, -0.7827, -1.7002, -1.0508, -0.4033, -1.3496, -0.5815, -1.0791, -0.4370, -0.9326, -0.9185, -0.7266, -0.2874, -0.8218, -1.7256, -0.9224, -1.0654, -0.2791, -0.6538, -1.0713, -1.2451, -0.4751, -0.1407, -0.5854, -0.2092, -0.5522, -0.7134,  0.1918, -0.8560,  0.1490,\n        -0.8237, -0.3027, -0.4099, -0.5513, -0.5957, -0.6865, -0.8613, -0.8696, -0.7676, -1.2891, -1.3057, -1.1074, -1.4980, -1.3047, -1.0352, -0.4282, -0.8618, -0.8872])"", ""class"": ""BatchNorm2d"", ""eps"": 0.001}","[[1, 256, 20, 20]]","[""torch.float32""]","[[1, 256, 20, 20]]",7.bn,forward,True,512,,819200,,35,0.2297,0.1445,0.1828
8,bff08186690bf99d,C2f,"{""class"": ""C2f""}","[[1, 256, 20, 20]]","[""torch.float32""]","[[1, 256, 20, 20]]",8,forward,False,460288,,819200,,35,10.4808,9.0103,4.7201
8.cv1,0ed1c23cf9110f7a,Conv,"{""class"": ""Conv""}","[[1, 256, 20, 20]]","[""torch.float32""]","[[1, 256, 20, 20]]",8.cv1,forward,False,66048,,819200,,35,2.2043,1.572,1.3893
8.cv1.conv,e92dd4e177af00d2,Conv2d,"{""bias"": null, ""class"": ""Conv2d"", ""dilation"": [1, 1], ""groups"": 1, ""in_channels"": 256, ""kernel_size"": [1, 1], ""out_channels"": 256, ""padding"": [0, 0], ""stride"": [1, 1]}","[[1, 256, 20, 20]]","[""torch.float32""]","[[1, 256, 20, 20]]",8.cv1.conv,forward,True,65536,26214400,819200,32.0,35,1.6295,1.0998,1.114
8.cv1.bn,454996aab32bb220,BatchNorm2d,"{""bias"": ""Parameter containing:\ntensor([-0.6528, -0.6626, -0.0641, -0.4736, -0.5063, -0.6968, -0.5474, -0.7798, -0.4109, -0.5742, -0.5820, -0.4822, -0.4409, -0.6157, -0.8301, -0.5659, -0.8975, -1.1436, -0.0609, -0.3342, -0.1963, -0.0480, -0.8906, -0.3699, -0.6064, -0.8911, -1.1836, -0.8179, -0.3340, -0.5684, -0.9277, -0.6055, -0.5688, -0.5273,\n        -0.8506, -0.8472, -0.6372, -0.5659, -0.4419, -0.8076, -1.1641, -0.7466, -1.2686, -1.0898, -0.3372, -0.4351, -0.4558, -0.8340, -0.7695, -0.3467, -0.9150, -0.4641, -1.0312, -0.4800, -0.4468, -0.2268, -0.7817, -0.5952, -0.6694, -0.3984, -0.6226, -0.1580, -0.0092, -0.7856, -0.1322, -0.3557, -0.1917, -0.3894,\n        -0.4680,  0.1617, -0.7358, -0.0662, -1.0254, -0.4529, -0.1665, -0.1783, -0.7202, -1.0557, -0.2067, -0.8452, -0.7021, -0.4612, -0.7041, -0.5430, -0.6768, -0.5493, -0.5791, -0.2620, -0.0989, -0.9819, -0.3206, -0.3215, -0.3887, -0.7598, -0.7300, -0.4038, -0.5659, -0.7148, -0.6982, -0.5132, -0.3496, -0.3625,\n        -0.5776, -0.7051, -1.0830, -0.4246, -0.4346, -0.8994, -0.9883, -0.8105, -0.7900, -0.4292, -0.6963, -0.8096, -0.6475, -0.6675, -0.1740, -0.7632, -0.5630, -0.4236, -0.2029, -0.3157, -0.7197, -0.5713, -0.3171,  0.1604, -0.7993, -0.0380,  0.5034, -0.9941, -0.6416, -0.2164, -1.7656, -1.7607,  1.9375, -1.2344,\n        -0.1097, -0.6401, -1.2832,  0.2218, -0.8442, -0.4194, -1.1113, -0.3679, -1.4453, -1.0391, -1.2080, -1.4053, -0.8892, -1.6387, -2.1387, -1.7363, -0.9155, -1.2471, -1.3379, -0.4412, -1.8701, -0.2878, -1.6152,  0.1161, -0.5737, -1.0771, -0.1898,  0.1277, -1.0020, -1.0439, -0.2335, -1.3252, -0.7427, -0.5913,\n        -1.2969, -0.4724,  0.1854, -1.4941, -1.2354, -0.4456, -1.1465, -0.3823, -0.6025,  0.1576, -1.4512, -0.2729, -0.6245, -0.9761, -1.0283, -1.9648, -0.5317, -0.9497, -1.6250, -0.7842, -1.2832, -1.0205, -0.2031, -1.1514, -0.8174, -1.6621,  0.0359, -1.4961, -1.0234, -1.2930, -1.4121, -1.2969, -0.8818, -0.0260,\n         0.7456, -0.8984, -0.5391, -1.9912, -0.7422, -1.4961, -1.0117, -1.5557,  0.3726,  0.0491, -0.8320, -0.6475, -0.4170, -0.9604, -1.8105, -0.9951, -0.9990, -0.9575, -1.7500, -1.9326, -1.2998, -0.1758, -0.4019,  0.5176, -1.8174, -0.4065, -1.4580, -1.4229, -0.3147, -0.3413, -1.5908, -0.8750, -0.2054, -0.5771,\n        -0.5337, -0.1819, -1.5293, -1.1797, -1.4473, -2.5586, -0.1726, -0.6694, -1.1191, -1.8848, -0.9741, -1.5781, -1.5488,  0.2151, -1.0039, -1.4912, -1.1113, -0.8662])"", ""class"": ""BatchNorm2d"", ""eps"": 0.001}","[[1, 256, 20, 20]]","[""torch.float32""]","[[1, 256, 20, 20]]",8.cv1.bn,forward,True,512,,819200,,35,0.1529,0.0911,0.1556
8.cv2,8f6224db0b19406f,Conv,"{""class"": ""Conv""}","[[1, 384, 20, 20]]","[""torch.float32""]","[[1, 256, 20, 20]]",8.cv2,forward,False,98816,,1024000,,35,2.3427,1.8861,1.1542
8.cv2.conv,0a6e7ad354a5bde8,Conv2d,"{""bias"": null, ""class"": ""Conv2d"", ""dilation"": [1, 1], ""groups"": 1, ""in_channels"": 384, ""kernel_size"": [1, 1], ""out_channels"": 256, ""padding"": [0, 0], ""stride"": [1, 1]}","[[1, 384, 20, 20]]","[""torch.float32""]","[[1, 256, 20, 20]]",8.cv2.conv,forward,True,98304,39321600,1024000,38.4,35,1.8311,1.4743,0.851
8.cv2.bn,cd8d2b407d368ab3,BatchNorm2d,"{""bias"": ""Parameter containing:\ntensor([-1.2666, -0.1396, -0.6362,  0.0693, -0.0080, -0.5405, -0.4275, -0.8359,  1.3535, -0.0266, -0.8887, -1.2207, -0.9414, -0.5981, -0.5874, -0.2194, -0.8237, -0.7412, -0.5034, -1.6934, -0.1710, -0.4294, -0.8125, -0.7422, -0.6929, -0.7300, -0.6885, -0.7280, -0.6641, -1.0400, -0.2756, -1.0234, -0.2969,  0.0579,\n        -0.5342, -1.0879,  1.1924, -0.6938, -1.1953, -0.5127, -0.3167, -0.7534, -1.7061, -0.0240, -0.0496, -1.1006, -1.1309, -0.8799, -0.2993, -0.6855, -0.9692, -0.8970,  0.4822, -1.0293, -1.1641,  0.0974, -0.8076, -0.2458,  0.1511, -1.3008, -0.7358,  1.0938, -1.1094, -1.0479, -1.3428, -0.6997, -0.3843, -0.3977,\n        -0.7109,  0.2253,  1.0771, -0.3044, -1.1904, -0.6113, -0.5205, -0.8330, -0.4883, -1.0820, -1.2363, -0.7017, -1.0371, -1.1904, -1.1318, -0.6802,  0.3176, -1.7559, -1.0840, -0.8291, -1.2900,  0.2263, -0.4207, -1.3037,  0.3376, -0.4375, -0.6074, -0.7788, -1.6152, -0.7681, -0.8511, -0.8691, -0.8477,  0.1482,\n        -0.7080, -1.5547, -0.5479, -0.2800, -0.1923, -0.4619, -1.2988, -0.6265, -1.2891, -0.9121, -0.9414, -0.4910, -0.0223, -0.9473, -0.2002, -0.4434, -0.8770, -0.5225, -0.4910, -0.7451, -0.6465, -0.6177, -1.1123, -0.7822, -0.8555, -0.8008,  0.0172, -1.1123, -0.3845, -0.9722, -0.0094, -0.8818, -0.5356, -1.7109,\n        -0.5762, -1.7549, -0.0774,  0.2202, -0.6035, -0.4465, -0.4563, -0.4883, -0.5679, -0.8770, -0.9346, -1.2168, -0.9336, -0.1853, -0.6440, -0.6343, -1.7598, -0.7349, -1.3633, -0.9336, -0.9155, -0.8906, -0.6196, -0.4644, -0.5562, -0.0953, -0.8325, -0.2418, -1.2822, -1.5039, -0.4685, -0.4419, -0.6875, -0.4763,\n        -1.4248, -0.2576,  0.0091, -0.7393, -1.3018, -0.7300, -0.8364, -0.7583, -0.2776, -1.5146, -1.4404, -1.1436, -0.7334,  0.0332, -1.3877, -0.4275, -0.1992, -1.4209, -0.8037, -0.8667,  0.7275, -0.6265, -0.9736, -1.2461, -0.9087, -0.7505, -0.7964, -1.4443, -0.8799,  0.6411, -1.0635, -0.5347, -1.5322, -1.0342,\n        -1.6963, -0.9009, -0.1411, -0.5508, -0.9155, -1.0645,  0.3140, -0.9023, -0.4700, -1.3398, -1.1738, -1.4238, -1.2334, -0.5054, -1.6748, -0.9077, -1.4863, -1.4717, -0.6011, -0.1694, -0.8906, -0.4482, -0.5361, -0.6304, -0.7939, -1.0322, -1.0410, -0.7285, -0.8335, -0.8535, -0.9019, -0.9570, -0.3271, -0.6592,\n        -0.8223, -0.9751, -1.1523, -1.1865, -1.5205, -0.8892, -0.1404, -0.9893, -0.4475, -0.1144, -1.0049, -0.9634,  0.4397, -0.4028, -1.4736, -0.4495, -0.5547, -0.8408])"", ""class"": ""BatchNorm2d"", ""eps"": 0.001}","[[1, 256, 20, 20]]","[""torch.float32""]","[[1, 256, 20, 20]]",8.cv2.bn,forward,True,512,,819200,,35,0.1515,0.0985,0.1825
8.m.0,31d91b5bca713d48,Bottleneck,"{""class"": ""Bottleneck""}","[[1, 128, 20, 20]]","[""torch.float32""]","[[1, 128, 20, 20]]",8.m.0,forward,False,295424,,409600,,35,5.4397,4.8896,2.2189
8.m.0.cv1,5cfa28a28ad2d2aa,Conv,"{""class"": ""Conv""}","[[1, 128, 20, 20]]","[""torch.float32""]","[[1, 128, 20, 20]]",8.m.0.cv1,forward,False,147712,,409600,,35,2.8014,2.5405,1.1608
8.m.0.cv1.conv,13b96a9080bb913a,Conv2d,"{""bias"": null, ""class"": ""Conv2d"", ""dilation"": [1, 1], ""groups"": 1, ""in_channels"": 128, ""kernel_size"": [3, 3], ""out_channels"": 128, ""padding"": [1, 1], ""stride"": [1, 1]}","[[1, 128, 20, 20]]","[""torch.float32""]","[[1, 128, 20, 20]]",8.m.0.cv1.conv,forward,True,147456,58982400,409600,144.0,35,2.3214,2.1413,0.9586
8.m.0.cv1.bn,ea04a683e1183318,BatchNorm2d,"{""bias"": ""Parameter containing:\ntensor([-1.1504, -1.8604, -0.1843, -0.6953, -0.1569, -1.4863, -1.1592, -0.4543, -1.2471, -0.5127, -0.2074,  0.9473, -0.9365, -1.1729, -0.7637, -1.1006, -2.3965, -1.4629, -0.5698, -0.8447, -0.5210, -0.4434, -1.5420, -0.9966, -0.1411, -1.9043, -1.7588, -0.7183, -1.5488, -1.2979, -1.6787, -0.5801, -1.0410, -0.3416,\n        -0.2139, -1.1680, -0.8662, -1.1309, -1.5332, -0.4563, -1.0928, -1.8359, -1.0723, -2.0449, -0.6323, -1.1357, -0.4788, -0.9170,  0.1501, -0.9434, -1.2129, -1.2080, -0.6113, -0.1636, -1.9160, -1.6553,  0.1844, -1.2764, -1.0312, -1.2139, -1.2314, -1.5537, -0.1805, -0.1239,  0.3572, -1.1709, -1.3652, -1.2275,\n        -0.6787, -1.4971,  0.1749, -0.9912, -0.5127, -1.4229, -1.4141, -0.1794, -0.2954, -0.3230, -1.4531, -1.6279, -1.4883, -0.1862,  0.0414, -1.2080, -0.8242, -0.7671,  0.3860, -0.5498, -1.9072, -0.5234, -0.1418, -1.2529, -1.8701, -0.9917, -1.1562, -0.9229,  2.2832, -1.2637, -0.4651, -1.1846, -1.0098, -0.6733,\n        -0.8789, -0.9019, -1.0391, -0.7881, -1.6709,  0.1483,  0.1279, -1.5352, -0.7559, -0.9702,  0.3064, -0.8896, -1.2051, -0.8877, -0.8999,  0.1273, -0.6440, -1.0762, -1.3350, -1.2520, -0.2600, -1.1396, -0.6543, -0.9375,  0.1575, -2.0781])"", ""class"": ""BatchNorm2d"", ""eps"": 0.001}","[[1, 128, 20, 20]]","[""torch.float32""]","[[1, 128, 20, 20]]",8.m.0.cv1.bn,forward,True,256,,409600,,35,0.1557,0.0964,0.1905
8.m.0.cv2,5cfa28a28ad2d2aa,Conv,"{""class"": ""Conv""}","[[1, 128, 20, 20]]","[""torch.float32""]","[[1, 128, 20, 20]]",8.m.0.cv2,forward,False,147712,,409600,,35,2.4299,1.994,1.153
8.m.0.cv2.conv,13b96a9080bb913a,Conv2d,"{""bias"": null, ""class"": ""Conv2d"", ""dilation"": [1, 1], ""groups"": 1, ""in_channels"": 128, ""kernel_size"": [3, 3], ""out_channels"": 128, ""padding"": [1, 1], ""stride"": [1, 1]}","[[1, 128, 20, 20]]","[""torch.float32""]","[[1, 128, 20, 20]]",8.m.0.cv2.conv,forward,True,147456,58982400,409600,144.0,35,1.9359,1.605,0.7898
8.m.0.cv2.bn,7bf93dbf5d13686e,BatchNorm2d,"{""bias"": ""Parameter containing:\ntensor([ 0.1307,  0.1389, -1.2344, -0.2177,  0.1071, -0.8125,  0.0396,  0.3210, -0.1372,  0.5034, -1.5146, -0.1447, -0.7773, -0.8135, -1.1387,  0.1455, -0.6597, -0.7788, -0.1708, -1.0527,  0.6035, -0.2499, -0.9702, -1.0459, -0.0047, -0.5820,  0.5762,  0.1924, -0.1412, -1.2998,  0.4390, -0.5972, -0.3157, -0.9639,\n         0.3750, -0.3110,  0.7935, -0.5225, -0.8306, -0.6699, -0.0437, -0.7939, -0.1372,  0.9009, -1.6748,  1.6006, -0.8164,  0.2510,  0.1061,  0.6660,  0.4199, -1.3564,  1.4521,  0.4158, -0.3604, -0.0898, -0.2089,  0.2612, -0.1209,  0.6064, -0.5972, -0.6133, -0.3779, -0.1768, -0.5469, -0.5273,  0.2349,  0.1552,\n         0.5469,  0.3435,  0.1794, -0.3181, -0.6250, -0.5781, -1.4697,  0.5376,  0.1260,  0.6855,  0.3506, -0.1636, -0.3660, -0.9238, -0.2927, -0.1029,  0.3779,  0.3501, -0.0591,  0.2245, -0.3591,  1.2559, -0.3337, -0.9805,  0.2385,  0.6763, -1.1045,  0.7554, -2.1855,  0.6665, -0.1581, -0.4990, -1.1670, -0.0558,\n         0.1594, -0.1158, -0.1982, -0.4600, -1.4111, -0.6533,  0.1941, -0.5918, -0.0992,  0.6646, -0.3447,  1.2119, -1.6035,  1.2686, -0.5215,  0.1121,  0.1849, -0.3489, -0.7495,  0.4436, -0.5552, -1.2783,  0.3157, -0.9146, -1.3721, -0.8135])"", ""class"": ""BatchNorm2d"", ""eps"": 0.001}","[[1, 128, 20, 20]]","[""torch.float32""]","[[1, 128, 20, 20]]",8.m.0.cv2.bn,forward,True,256,,409600,,35,0.1454,0.0889,0.1837
9,7f0ad026246918d0,SPPF,"{""class"": ""SPPF""}","[[1, 256, 20, 20]]","[""torch.float32""]","[[1, 256, 20, 20]]",9,forward,False,164608,,819200,,35,9.1985,7.7316,4.1438
9.cv1,0ed1c23cf9110f7a,Conv,"{""class"": ""Conv""}","[[1, 256, 20, 20]]","[""torch.float32""]","[[1, 128, 20, 20]]",9.cv1,forward,False,33024,,614400,,35,1.8623,1.4707,1.0875
9.cv1.conv,263b166895ce2216,Conv2d,"{""bias"": null, ""class"": ""Conv2d"", ""dilation"": [1, 1], ""groups"": 1, ""in_channels"": 256, ""kernel_size"": [1, 1], ""out_channels"": 128, ""padding"": [0, 0], ""stride"": [1, 1]}","[[1, 256, 20, 20]]","[""torch.float32""]","[[1, 128, 20, 20]]",9.cv1.conv,forward,True,32768,13107200,614400,21.3333,35,1.3722,0.9473,0.9212
9.cv1.bn,1a760997f31df702,BatchNorm2d,"{""bias"": ""Parameter containing:\ntensor([ 1.4648,  1.3311,  1.5000,  1.5693,  1.6338, -0.1376,  1.5322,  1.6035,  2.0820,  2.0527,  1.7432,  2.1367,  0.9458,  1.4824,  1.9316,  1.3506,  0.8979,  1.8223,  0.3340,  2.0605,  2.0488,  2.4141,  2.2461,  2.0801,  2.0273,  0.7612, -0.8599,  0.4197,  1.4111,  1.2285,  1.7119,  2.0566,  0.9634,  1.7930,\n         1.6768,  1.7432,  1.8281,  1.3633,  1.0674,  0.7554,  1.4951,  1.7227,  2.1328, -0.0998,  1.1689, -0.0500,  1.2080,  1.7256,  1.3486,  1.1582,  1.0459,  2.0586,  1.9326,  1.0498,  1.4102, -0.1216,  1.8955,  1.7109,  1.5684,  1.3643, -0.0695,  2.2559,  1.2676,  1.5791,  1.0439,  1.2148,  1.2979, -0.1290,\n         2.2754,  1.5703, -0.3438,  2.1387,  1.3867,  1.9414,  1.3389,  2.0996,  1.2061,  1.2725,  0.7935,  2.0254,  0.4719,  1.6748,  1.1123,  2.1855,  2.0918,  1.9365,  1.0156,  1.8896,  1.4492,  1.7158,  1.8340,  0.8481,  1.6084,  1.2188,  1.4912,  1.3721,  1.5801,  1.6592,  0.4321,  1.3799,  1.6855,  1.9609,\n         1.6006,  1.2793,  1.2783,  0.0770,  1.8730,  1.7754,  1.4502, -0.0549,  0.7930,  0.6240,  0.2191,  0.7212,  2.2324,  1.7656,  1.7637,  1.2520,  1.1719,  1.8018,  0.6367,  2.2227,  0.4172,  1.7773,  2.1523,  2.0957,  0.8130,  1.6787])"", ""class"": ""BatchNorm2d"", ""eps"": 0.001}","[[1, 128, 20, 20]]","[""torch.float32""]","[[1, 128, 20, 20]]",9.cv1.bn,forward,True,256,,409600,,35,0.1377,0.0917,0.1407
9.cv2,931c7b9fe350d92d,Conv,"{""class"": ""Conv""}","[[1, 512, 20, 20]]","[""torch.float32""]","[[1, 256, 20, 20]]",9.cv2,forward,False,131584,,1228800,,35,3.3047,2.5861,1.5218
9.cv2.conv,91f86eb7deec12bd,Conv2d,"{""bias"": null, ""class"": ""Conv2d"", ""dilation"": [1, 1], ""groups"": 1, ""in_channels"": 512, ""kernel_size"": [1, 1], ""out_channels"": 256, ""padding"": [0, 0], ""stride"": [1, 1]}","[[1, 512, 20, 20]]","[""torch.float32""]","[[1, 256, 20, 20]]",9.cv2.conv,forward,True,131072,52428800,1228800,42.6667,35,2.6328,2.1353,1.1105
9.cv2.bn,1cffb51de816d3e7,BatchNorm2d,"{""bias"": ""Parameter containing:\ntensor([-1.7148,  0.0461, -0.0975, -1.1094, -2.1055, -3.0449, -0.4534, -1.8438,  0.1550, -0.2084, -0.3633, -0.2695, -1.4502, -0.8691, -2.5020, -0.6860, -1.9521, -1.1289, -1.2910, -1.9521, -0.0095, -2.6660, -1.7393, -0.2438, -0.3306, -2.5137, -3.2109, -3.0801, -1.9756, -0.9194, -1.9043, -0.2856, -2.2656, -1.9902,\n        -2.0566, -0.2300, -2.2715, -1.0254, -2.0156, -1.2031, -1.8223, -1.0166, -0.1276, -0.6284, -0.4407,  0.5464, -1.8340, -1.1074, -1.9199, -1.6250, -1.2451, -0.0262, -1.1309, -0.6250, -1.6211, -0.4150,  0.7769, -1.2100, -1.2471, -0.5850, -2.4160, -0.2595, -1.3545, -0.1738, -1.4131, -1.5938, -1.6533, -2.1270,\n        -0.3604, -0.6143, -1.4941, -2.0586, -1.0830, -0.4253, -2.7617, -1.5879, -1.8496, -2.1699, -0.4138, -0.5244, -1.3789, -0.2776, -1.1602, -1.8643, -0.5444, -0.7671, -1.8408, -1.3418, -0.2065, -0.5635, -1.0000, -0.3699, -0.6514, -1.3496, -1.8906, -2.4453, -1.6924, -2.6113, -1.1904, -1.1426, -2.7949, -0.9883,\n        -2.0215, -2.1055, -0.9961, -1.4824, -2.5645, -2.0000, -2.2266, -0.4736, -0.8931, -1.1064, -0.4270, -3.3594, -1.8242, -2.2246, -1.6494, -1.6396,  0.0136, -0.1039, -1.3076, -2.1875, -1.9541,  0.5098, -2.6152, -0.4058,  0.0739, -1.0967, -2.0898, -0.3132,  0.2607,  0.9331, -1.6768, -2.1250, -1.1865, -0.0419,\n        -1.2979, -1.1094, -1.6982, -0.3181, -2.3652, -1.3555, -0.6904, -0.5723, -2.2734, -1.1973, -2.2617, -1.6230, -0.5713, -0.2839, -2.4199, -1.3262, -0.6787,  0.3479, -1.9590, -1.7021, -0.9028, -0.8887, -0.8667, -0.3472, -0.4607, -1.2451, -2.4141,  0.0343, -0.2434, -0.9531, -1.1865, -1.3525, -0.2751, -2.1602,\n        -1.6514, -1.6133, -2.4199, -1.3115, -1.0791, -0.0681, -0.4531, -2.8516,  0.1560, -1.6904, -1.0049, -0.0169, -1.2246, -2.1777, -1.7070, -1.6943, -2.8828, -0.6294, -1.6641, -0.6753, -1.6748, -2.4121, -0.6699, -1.3594, -1.1660, -0.4353, -1.0889, -1.1318, -0.5796, -2.4824, -0.4753, -1.2021,  1.7158, -1.0654,\n        -1.5879,  0.1560, -1.4561, -1.9639, -0.1149, -1.4746, -0.8853, -3.0449, -2.0996, -1.1396, -1.6953, -2.4492, -1.3643,  0.2854, -1.9033, -2.1328, -0.8457, -0.5044, -0.0512, -1.4561, -2.1660, -1.6104, -0.7139, -2.0020, -0.8301, -2.1953, -3.3691, -1.1748, -2.3613, -1.4141, -0.2051, -0.9336, -1.0713, -1.9424,\n         0.1272,  0.0046, -0.7944, -2.4668, -1.9932, -1.5625,  0.3247, -2.7656, -1.3867, -1.2188, -1.9912, -0.1451, -2.0098, -1.9023, -0.6519, -0.5371, -2.0625, -1.3545])"", ""class"": ""BatchNorm2d"", ""eps"": 0.001}","[[1, 256, 20, 20]]","[""torch.float32""]","[[1, 256, 20, 20]]",9.cv2.bn,forward,True,512,,819200,,35,0.1994,0.1063,0.2099
9.m,1c806597ea4ebb78,MaxPool2d,"{""class"": ""MaxPool2d"", ""dilation"": 1, ""kernel_size"": 5, ""padding"": 2, ""stride"": 1}","[[1, 128, 20, 20]]","[""torch.float32""]","[[1, 128, 20, 20]]",9.m,forward,True,0,,409600,,105,1.1049,0.917,0.523
10,93c5d930f57eefe9,Upsample,"{""class"": ""Upsample""}","[[1, 256, 20, 20]]","[""torch.float32""]","[[1, 256, 40, 40]]",10,forward,True,0,,2048000,,35,2.639,2.183,1.0246
11,0cd094669177a78c,Concat,"{""class"": ""Concat""}","[[1, 256, 40, 40], [1, 128, 40, 40]]","[""torch.float32""]","[[1, 384, 40, 40]]",11,forward,True,0,,4915200,,35,0.8055,0.6921,0.3352
12,8c29c258aacc9f56,C2f,"{""class"": ""C2f""}","[[1, 384, 40, 40]]","[""torch.float32""]","[[1, 128, 40, 40]]",12,forward,False,148224,,3276800,,35,16.2324,13.8467,6.1177
12.cv1,3046dacecc4dd6d9,Conv,"{""class"": ""Conv""}","[[1, 384, 40, 40]]","[""torch.float32""]","[[1, 128, 40, 40]]",12.cv1,forward,False,49408,,3276800,,35,5.525,5.0356,1.4098
12.cv1.conv,9f83a90ac7d8074c,Conv2d,"{""bias"": null, ""class"": ""Conv2d"", ""dilation"": [1, 1], ""groups"": 1, ""in_channels"": 384, ""kernel_size"": [1, 1], ""out_channels"": 128, ""padding"": [0, 0], ""stride"": [1, 1]}","[[1, 384, 40, 40]]","[""torch.float32""]","[[1, 128, 40, 40]]",12.cv1.conv,forward,True,49152,78643200,3276800,24.0,35,4.5239,4.2501,1.2538
12.cv1.bn,203a606fc004fa81,BatchNorm2d,"{""bias"": ""Parameter containing:\ntensor([-1.4834e+00, -4.1895e-01, -1.1162e+00, -2.8735e-01, -4.9121e-01, -5.6885e-01, -4.7119e-01, -1.1719e+00,  3.0054e-01, -4.1187e-01, -2.4365e-01, -1.1064e+00,  8.1299e-02, -9.1431e-02, -4.4580e-01,  2.2095e-01, -1.4092e+00, -1.1035e+00, -1.1875e+00, -4.1797e-01, -4.5752e-01, -9.0039e-01, -9.7168e-01, -5.7812e-01,\n        -1.0193e-01,  1.4575e-01, -8.3936e-01, -4.2407e-01,  6.7041e-01, -7.2119e-01, -2.3555e+00, -1.3416e-01, -2.3755e-01, -3.6401e-01, -1.5955e-01, -2.4841e-01,  5.0684e-01,  9.2224e-02, -1.2373e+00, -1.0586e+00,  2.4243e-01, -8.0664e-01,  1.7261e-01, -5.3406e-02,  1.9214e-01, -3.3789e-01, -7.7002e-01,  4.4434e-01,\n        -5.5859e-01,  2.9199e-01, -1.0752e+00, -7.2021e-01, -2.3914e-01, -2.1426e+00, -2.6147e-01, -4.6631e-01,  1.5947e+00, -1.2910e+00, -6.8420e-02,  1.5405e-01, -9.7046e-02, -3.5107e-01, -3.2764e-01,  1.2832e+00, -4.3384e-01, -1.3000e-01, -9.1553e-01, -4.7754e-01, -8.9697e-01, -5.1025e-01, -3.8281e-01, -6.5479e-01,\n        -8.9014e-01, -1.6809e-01, -6.0693e-01, -1.9053e+00, -1.9307e+00,  1.5320e-01, -8.4043e-06, -9.6680e-01, -1.5029e+00, -1.0830e+00, -9.3359e-01,  1.0762e+00, -1.1641e+00, -6.0449e-01, -4.9292e-01, -4.2944e-01, -1.3000e-01, -1.1104e+00, -1.8008e+00, -1.0977e+00, -5.4346e-01, -5.7520e-01, -2.7344e-01,  1.1143e+00,\n         8.8623e-01, -2.0723e+00,  6.2061e-01,  7.2168e-01,  6.7529e-01, -9.4092e-01,  1.0635e+00, -9.7070e-01, -1.1455e+00,  1.1758e+00,  1.3311e+00, -8.8379e-01,  1.6279e+00, -1.3096e+00,  8.2324e-01, -1.2178e+00,  1.6953e+00, -1.3066e+00, -1.3926e+00,  3.4637e-03, -7.8955e-01,  1.7224e-01,  1.5020e+00, -1.9033e+00,\n        -1.0684e+00,  1.0439e+00, -1.6467e-01, -5.5615e-01, -5.5713e-01, -3.2715e-01,  9.6826e-01, -6.1340e-02])"", ""class"": ""BatchNorm2d"", ""eps"": 0.001}","[[1, 128, 40, 40]]","[""torch.float32""]","[[1, 128, 40, 40]]",12.cv1.bn,forward,True,256,,1638400,,35,0.4247,0.2875,0.2647
12.cv2,681d054a72fa7eca,Conv,"{""class"": ""Conv""}","[[1, 192, 40, 40]]","[""torch.float32""]","[[1, 128, 40, 40]]",12.cv2,forward,False,24832,,2048000,,35,3.9506,3.1478,1.7274
12.cv2.conv,d50f04993f6b85af,Conv2d,"{""bias"": null, ""class"": ""Conv2d"", ""dilation"": [1, 1], ""groups"": 1, ""in_channels"": 192, ""kernel_size"": [1, 1], ""out_channels"": 128, ""padding"": [0, 0], ""stride"": [1, 1]}","[[1, 192, 40, 40]]","[""torch.float32""]","[[1, 128, 40, 40]]",12.cv2.conv,forward,True,24576,39321600,2048000,19.2,35,3.0478,2.4368,1.3509
12.cv2.bn,c3ebf9b2526e6e95,BatchNorm2d,"{""bias"": ""Parameter containing:\ntensor([-0.7695,  0.0568,  0.2042, -1.2520, -0.1201, -0.1019, -0.3472,  0.7080,  0.7256, -0.9097, -1.3135,  0.3440, -0.3232,  0.9473,  0.0047, -0.1831, -1.0469,  0.4163,  1.2568,  0.1372, -0.3335, -0.9048, -0.2330, -0.1750, -0.1404, -1.2822, -0.8359,  0.6543, -0.3499,  0.3650, -1.1982, -0.4116,  0.3535,  1.0088,\n        -0.7661, -0.1266, -0.2018,  0.1696,  0.4443, -1.5088, -1.2334,  0.2161, -0.0958,  0.6577,  0.4771, -1.1045, -0.0912, -0.4875,  0.2338,  0.8696,  0.4426, -0.2024, -0.7251,  1.5156,  0.4204,  0.5166, -0.2482,  0.6152, -0.7344,  0.2297,  0.8311, -1.1357, -0.6694,  0.1997, -0.5981, -1.1934, -0.1449,  0.2971,\n        -1.2100, -0.6987, -0.7744, -1.2480, -0.6846, -0.9570, -0.3247, -0.2554, -0.5649, -1.6738,  0.1046,  1.4307, -0.8867,  0.2494, -1.7129, -0.7168, -0.1582, -0.1488,  0.4253, -0.3364, -0.1382, -1.0879, -0.7637,  1.6699, -1.4775, -1.5723,  0.0970, -1.5850,  1.5596, -0.0552, -1.1934,  0.0674, -0.3396, -0.2299,\n        -1.3838, -0.0803, -0.9038, -0.3076,  1.3154,  0.0658,  0.3042, -1.4541, -1.2139, -0.7627,  0.0911,  0.3330, -0.7080, -0.6128, -1.1309, -0.0646,  0.3748, -0.3530, -0.0875, -0.0556, -0.9316, -0.1456, -0.3506, -1.0928, -0.1488,  0.0460])"", ""class"": ""BatchNorm2d"", ""eps"": 0.001}","[[1, 128, 40, 40]]","[""torch.float32""]","[[1, 128, 40, 40]]",12.cv2.bn,forward,True,256,,1638400,,35,0.2946,0.1748,0.2453
12.m.0,02436ef5d3114e46,Bottleneck,"{""class"": ""Bottleneck""}","[[1, 64, 40, 40]]","[""torch.float32""]","[[1, 64, 40, 40]]",12.m.0,forward,False,73984,,819200,,35,5.8157,4.6191,2.8811
12.m.0.cv1,779f8899e994d313,Conv,"{""class"": ""Conv""}","[[1, 64, 40, 40]]","[""torch.float32""]","[[1, 64, 40, 40]]",12.m.0.cv1,forward,False,36992,,819200,,35,3.054,2.6772,1.5775
12.m.0.cv1.conv,7dcfbda29846c883,Conv2d,"{""bias"": null, ""class"": ""Conv2d"", ""dilation"": [1, 1], ""groups"": 1, ""in_channels"": 64, ""kernel_size"": [3, 3], ""out_channels"": 64, ""padding"": [1, 1], ""stride"": [1, 1]}","[[1, 64, 40, 40]]","[""torch.float32""]","[[1, 64, 40, 40]]",12.m.0.cv1.conv,forward,True,36864,58982400,819200,72.0,35,2.3283,1.8574,1.2479
12.m.0.cv1.bn,b592042b185fcda9,BatchNorm2d,"{""bias"": ""Parameter containing:\ntensor([-1.6719,  0.0144, -1.1445, -1.6133, -1.4414,  0.2106, -0.5762,  0.7275, -1.3115,  0.7749,  0.3562, -0.6948, -1.4658,  0.3552,  0.3086, -0.3142, -0.2527, -0.1073, -1.3994, -0.7300, -1.5479, -0.6602, -0.4607, -0.4575, -0.5601, -0.2744, -0.4417, -0.8765, -0.4778, -1.3896, -0.6797, -0.0759,  0.1392, -1.3076,\n        -0.0927, -0.5229, -1.2354,  0.7070, -0.4438, -0.0505, -0.6704, -0.7896, -0.5142, -0.4517, -1.2441, -0.6494, -1.3369, -0.4675, -0.4165, -1.4189, -0.4114, -1.3691, -0.7939, -1.7227, -0.2976, -1.6445, -0.4858, -1.5293, -1.2354,  0.1177,  1.7920, -0.7354, -0.7783, -0.4934])"", ""class"": ""BatchNorm2d"", ""eps"": 0.001}","[[1, 64, 40, 40]]","[""torch.float32""]","[[1, 64, 40, 40]]",12.m.0.cv1.bn,forward,True,128,,819200,,35,0.2635,0.153,0.2331
12.m.0.cv2,779f8899e994d313,Conv,"{""class"": ""Conv""}","[[1, 64, 40, 40]]","[""torch.float32""]","[[1, 64, 40, 40]]",12.m.0.cv2,forward,False,36992,,819200,,35,2.6781,1.9225,1.5048
12.m.0.cv2.conv,7dcfbda29846c883,Conv2d,"{""bias"": null, ""class"": ""Conv2d"", ""dilation"": [1, 1], ""groups"": 1, ""in_channels"": 64, ""kernel_size"": [3, 3], ""out_channels"": 64, ""padding"": [1, 1], ""stride"": [1, 1]}","[[1, 64, 40, 40]]","[""torch.float32""]","[[1, 64, 40, 40]]",12.m.0.cv2.conv,forward,True,36864,58982400,819200,72.0,35,2.0281,1.4152,1.1773
12.m.0.cv2.bn,f61adf93ca78be0c,BatchNorm2d,"{""bias"": ""Parameter containing:\ntensor([-0.6904,  0.1631, -0.0785,  1.0771, -0.0359, -0.2133, -0.9287, -0.4932, -0.6816,  1.1924, -0.1118,  1.0059,  0.7422,  1.2656, -0.8682, -1.0859,  0.5532, -0.6118, -0.6831, -0.7305,  0.4705, -0.7148, -0.8726,  0.4954,  0.1085, -1.0840, -0.4761, -0.4270,  1.3984, -0.8247,  0.0643,  0.2727, -0.6157, -0.4204,\n         0.8994,  1.9238, -1.0439,  1.0146,  0.8613,  1.1963,  0.0514, -0.1478, -0.6841, -0.2979, -0.4622, -0.5396, -0.7593, -0.5005,  0.8442,  0.2098, -0.5942, -0.8794,  0.4683, -0.6108,  0.3711,  1.4248, -0.3755,  0.0284,  0.1580, -0.4917,  0.5454, -0.7939,  0.9331,  0.8101])"", ""class"": ""BatchNorm2d"", ""eps"": 0.001}","[[1, 64, 40, 40]]","[""torch.float32""]","[[1, 64, 40, 40]]",12.m.0.cv2.bn,forward,True,128,,819200,,35,0.2222,0.1347,0.203
13,b284f397df75eed7,Upsample,"{""class"": ""Upsample""}","[[1, 128, 40, 40]]","[""torch.float32""]","[[1, 128, 80, 80]]",13,forward,True,0,,4096000,,35,0.6132,0.4967,0.2695
14,9627697befd97eb5,Concat,"{""class"": ""Concat""}","[[1, 128, 80, 80], [1, 64, 80, 80]]","[""torch.float32""]","[[1, 192, 80, 80]]",14,forward,True,0,,9830400,,35,1.9889,1.7393,0.4883
15,aa2e579fd0abdfe1,C2f,"{""class"": ""C2f""}","[[1, 192, 80, 80]]","[""torch.float32""]","[[1, 64, 80, 80]]",15,forward,False,37248,,6553600,,35,24.6389,22.6832,6.3447
15.cv1,54effe0ef039cb18,Conv,"{""class"": ""Conv""}","[[1, 192, 80, 80]]","[""torch.float32""]","[[1, 64, 80, 80]]",15.cv1,forward,False,12416,,6553600,,35,8.6867,7.3954,3.1789
15.cv1.conv,ac6bc2078ffd77ea,Conv2d,"{""bias"": null, ""class"": ""Conv2d"", ""dilation"": [1, 1], ""groups"": 1, ""in_channels"": 192, ""kernel_size"": [1, 1], ""out_channels"": 64, ""padding"": [0, 0], ""stride"": [1, 1]}","[[1, 192, 80, 80]]","[""torch.float32""]","[[1, 64, 80, 80]]",15.cv1.conv,forward,True,12288,78643200,6553600,12.0,35,7.0844,5.8997,2.8549
15.cv1.bn,d496d80f8d225e9f,BatchNorm2d,"{""bias"": ""Parameter containing:\ntensor([-0.0214,  1.2803, -0.6602,  0.9146,  1.5410,  0.5566,  1.2256,  0.3347,  0.7578,  1.7822, -0.9844,  1.7383,  0.1396,  0.3228,  1.2441,  1.3203, -0.0282,  1.9414,  0.4231,  0.0884,  0.6304, -0.8667,  0.2822,  0.8765,  0.3110,  0.0782,  0.9829,  0.6265,  0.0984,  2.4727,  1.2383,  1.3750, -0.4954,  0.7607,\n        -0.6348, -1.0869, -0.5566,  1.2617, -1.1943,  1.6123, -0.5078,  0.0898, -0.6006,  0.9766, -0.3860,  0.7715,  0.3274, -0.8203, -0.6162,  1.1719, -0.5776,  0.7759,  0.2340, -0.3855,  0.5571, -0.0518, -1.2080,  1.1953,  0.1171, -0.9917, -0.0228,  0.2910,  1.8096, -0.4626])"", ""class"": ""BatchNorm2d"", ""eps"": 0.001}","[[1, 64, 80, 80]]","[""torch.float32""]","[[1, 64, 80, 80]]",15.cv1.bn,forward,True,128,,3276800,,35,0.5831,0.4351,0.2803
15.cv2,4e4c9c702652b912,Conv,"{""class"": ""Conv""}","[[1, 96, 80, 80]]","[""torch.float32""]","[[1, 64, 80, 80]]",15.cv2,forward,False,6272,,4096000,,35,6.6033,5.7266,1.7159
15.cv2.conv,936a6f8c147903ef,Conv2d,"{""bias"": null, ""class"": ""Conv2d"", ""dilation"": [1, 1], ""groups"": 1, ""in_channels"": 96, ""kernel_size"": [1, 1], ""out_channels"": 64, ""padding"": [0, 0], ""stride"": [1, 1]}","[[1, 96, 80, 80]]","[""torch.float32""]","[[1, 64, 80, 80]]",15.cv2.conv,forward,True,6144,39321600,4096000,9.6,35,5.307,4.4704,1.4957
15.cv2.bn,447091d34fd86ac4,BatchNorm2d,"{""bias"": ""Parameter containing:\ntensor([ 0.6924,  1.1123,  0.5898,  0.3633,  0.9619,  0.9150, -0.8125,  0.9946,  0.8726,  1.0010,  0.5054,  0.2383,  1.0488,  1.0020,  0.1584,  0.1178, -0.6216,  1.0732, -0.5957,  0.9058, -0.2454,  0.4812, -1.2676,  0.0073,  1.1162,  0.7729, -1.2070,  0.8579,  0.9009,  0.2915,  0.8770,  1.1709,  0.8945,  0.9150,\n        -0.0975, -0.3284,  0.8003,  1.3496,  0.8848, -0.1875,  0.8511, -0.2203,  0.8730, -0.4180, -0.4951, -0.3162,  0.0828,  1.3291, -0.3613,  0.1669,  0.8662, -0.8589,  0.5220,  0.6240,  1.1465,  0.7148, -0.2401,  0.1820,  0.8525,  0.7769, -0.4277,  1.0127,  0.3096,  0.2866])"", ""class"": ""BatchNorm2d"", ""eps"": 0.001}","[[1, 64, 80, 80]]","[""torch.float32""]","[[1, 64, 80, 80]]",15.cv2.bn,forward,True,128,,3276800,,35,0.4743,0.385,0.184
15.m.0,d899a3676066aac1,Bottleneck,"{""class"": ""Bottleneck""}","[[1, 32, 80, 80]]","[""torch.float32""]","[[1, 32, 80, 80]]",15.m.0,forward,False,18560,,1638400,,35,8.0694,7.1049,2.6834
15.m.0.cv1,a5cf2816ac5c4970,Conv,"{""class"": ""Conv""}","[[1, 32, 80, 80]]","[""torch.float32""]","[[1, 32, 80, 80]]",15.m.0.cv1,forward,False,9280,,1638400,,35,4.4229,3.7191,1.915
15.m.0.cv1.conv,a56f708ca00677f8,Conv2d,"{""bias"": null, ""class"": ""Conv2d"", ""dilation"": [1, 1], ""groups"": 1, ""in_channels"": 32, ""kernel_size"": [3, 3], ""out_channels"": 32, ""padding"": [1, 1], ""stride"": [1, 1]}","[[1, 32, 80, 80]]","[""torch.float32""]","[[1, 32, 80, 80]]",15.m.0.cv1.conv,forward,True,9216,58982400,1638400,36.0,35,3.3307,2.8354,1.4542
15.m.0.cv1.bn,01a235b12e7229d3,BatchNorm2d,"{""bias"": ""Parameter containing:\ntensor([-0.1957, -1.3613,  0.1914, -0.2142,  0.6992, -0.2334, -0.2474, -0.3306, -1.1982, -2.4199, -0.3066,  0.1425, -0.6851, -0.5156,  0.6729, -1.0039, -0.5044,  1.1006,  0.2981, -1.2168,  1.6426, -0.5391, -0.8125, -1.1357, -1.2910, -0.2859, -0.1837, -0.5723, -0.5317, -0.2380, -1.1025, -0.7549])"", ""class"": ""BatchNorm2d"", ""eps"": 0.001}","[[1, 32, 80, 80]]","[""torch.float32""]","[[1, 32, 80, 80]]",15.m.0.cv1.bn,forward,True,64,,1638400,,35,0.3261,0.1943,0.2064
15.m.0.cv2,a5cf2816ac5c4970,Conv,"{""class"": ""Conv""}","[[1, 32, 80, 80]]","[""torch.float32""]","[[1, 32, 80, 80]]",15.m.0.cv2,forward,False,9280,,1638400,,35,3.5504,3.1269,1.273
15.m.0.cv2.conv,a56f708ca00677f8,Conv2d,"{""bias"": null, ""class"": ""Conv2d"", ""dilation"": [1, 1], ""groups"": 1, ""in_channels"": 32, ""kernel_size"": [3, 3], ""out_channels"": 32, ""padding"": [1, 1], ""stride"": [1, 1]}","[[1, 32, 80, 80]]","[""torch.float32""]","[[1, 32, 80, 80]]",15.m.0.cv2.conv,forward,True,9216,58982400,1638400,36.0,35,2.6847,2.0378,1.1635
15.m.0.cv2.bn,89349974bf05ac18,BatchNorm2d,"{""bias"": ""Parameter containing:\ntensor([ 0.4761,  1.5137,  0.5522, -0.1327,  1.2725,  0.8364,  0.3521, -0.1654,  1.5928,  0.2561, -0.7759, -0.7749,  0.2463, -0.4846,  0.2937, -1.0977,  1.3291, -0.0339,  0.6934, -0.6421,  1.6504,  0.0823, -0.6440,  0.0113,  0.0846, -0.2893, -0.1006,  1.7686,  0.0029, -0.1840, -0.6016, -0.3721])"", ""class"": ""BatchNorm2d"", ""eps"": 0.001}","[[1, 32, 80, 80]]","[""torch.float32""]","[[1, 32, 80, 80]]",15.m.0.cv2.bn,forward,True,64,,1638400,,35,0.3267,0.2624,0.2046
16,8edda4b0b28cfff8,Conv,"{""class"": ""Conv""}","[[1, 64, 80, 80]]","[""torch.float32""]","[[1, 64, 40, 40]]",16,forward,False,36992,,2048000,,35,4.3008,3.4221,1.5873
16.conv,dafcc4b06ca4275c,Conv2d,"{""bias"": null, ""class"": ""Conv2d"", ""dilation"": [1, 1], ""groups"": 1, ""in_channels"": 64, ""kernel_size"": [3, 3], ""out_channels"": 64, ""padding"": [1, 1], ""stride"": [2, 2]}","[[1, 64, 80, 80]]","[""torch.float32""]","[[1, 64, 40, 40]]",16.conv,forward,True,36864,58982400,2048000,28.8,35,3.5484,2.9384,1.3397
16.bn,60bd506eb93a2169,BatchNorm2d,"{""bias"": ""Parameter containing:\ntensor([ 0.0164,  0.8916, -0.5771,  0.7129, -0.8638, -0.0356, -0.3887, -0.3210, -0.9824, -0.6509,  0.5430, -0.5508, -1.2686, -0.5000, -0.8696, -0.2944,  0.3774, -1.3252, -0.4702, -0.2708, -0.7510, -1.3574, -0.7905, -0.6045, -0.5112, -1.0029, -0.4272, -0.6328, -0.5688, -0.4709, -0.5225, -1.1855, -0.8442, -1.5254,\n         0.0950, -0.2815, -1.3291, -0.1370, -1.4062, -0.4968, -1.1367, -0.7852, -0.5010, -0.9517, -0.8638, -2.4395,  0.2433, -0.2156, -0.4045,  0.2056,  0.3423, -0.1652, -1.3857,  0.4214, -0.4321, -0.9829, -0.7036, -0.9443, -0.9858,  0.2231, -0.5098, -0.6865, -0.1484,  0.1776])"", ""class"": ""BatchNorm2d"", ""eps"": 0.001}","[[1, 64, 40, 40]]","[""torch.float32""]","[[1, 64, 40, 40]]",16.bn,forward,True,128,,819200,,35,0.2615,0.1619,0.1423
17,0c744be3ab4636b8,Concat,"{""class"": ""Concat""}","[[1, 64, 40, 40], [1, 128, 40, 40]]","[""torch.float32""]","[[1, 192, 40, 40]]",17,forward,True,0,,2457600,,35,0.5259,0.3227,0.4122
18,8c00e318696354fb,C2f,"{""class"": ""C2f""}","[[1, 192, 40, 40]]","[""torch.float32""]","[[1, 128, 40, 40]]",18,forward,False,123648,,2048000,,35,15.2015,12.8596,5.8853
18.cv1,681d054a72fa7eca,Conv,"{""class"": ""Conv""}","[[1, 192, 40, 40]]","[""torch.float32""]","[[1, 128, 40, 40]]",18.cv1,forward,False,24832,,2048000,,35,4.402,3.6982,1.7349
18.cv1.conv,d50f04993f6b85af,Conv2d,"{""bias"": null, ""class"": ""Conv2d"", ""dilation"": [1, 1], ""groups"": 1, ""in_channels"": 192, ""kernel_size"": [1, 1], ""out_channels"": 128, ""padding"": [0, 0], ""stride"": [1, 1]}","[[1, 192, 40, 40]]","[""torch.float32""]","[[1, 128, 40, 40]]",18.cv1.conv,forward,True,24576,39321600,2048000,19.2,35,3.4584,3.0462,1.3519
18.cv1.bn,95ffb23652fc8983,BatchNorm2d,"{""bias"": ""Parameter containing:\ntensor([-0.0139, -0.0135, -0.3960, -0.0514, -0.2352,  0.9780, -0.0576, -0.4670, -0.2576, -0.3535,  0.0952, -0.0795, -0.8047, -0.1749,  0.4236, -0.1652, -1.2451, -0.0719, -0.1256, -0.5269,  0.1187, -0.2148, -0.2632, -0.2573, -0.2571, -0.1141, -1.0049,  0.3435, -0.6958, -0.1021, -0.4856, -0.2520,  0.0553, -0.8940,\n         0.1915, -0.3257,  0.0742, -0.1006,  1.0986,  0.1398, -0.5513, -0.1085, -0.6699, -1.0986, -0.0193, -1.2021,  0.0335,  1.1943, -0.8657, -0.3303, -0.6353,  0.0206,  0.2512, -0.2927,  0.4346,  0.8950,  0.3706, -0.2808, -0.6426, -0.2227, -0.1316, -0.8643, -0.5093, -0.5269, -0.3201, -1.7041, -0.7422, -0.5557,\n        -0.9316,  0.0629, -1.0762,  0.2803, -0.6870, -0.6670, -0.0905, -0.4922, -0.0972, -0.2764, -0.3042,  0.1697, -0.2603, -0.7393, -0.2062, -1.8896,  0.1153,  1.1992, -0.4468, -0.9961, -0.1802, -0.2184, -0.7212,  0.0986, -0.5122, -1.1748, -0.9380, -0.7544, -1.2988, -1.4258, -0.0707,  0.6929,  0.1510, -0.0840,\n         0.6211, -0.3574, -0.5820, -0.7070,  2.5605,  0.1740, -0.4570, -0.8721, -0.2449, -0.2120, -1.8291,  0.3948, -0.9194, -0.9033, -0.0813,  0.1013,  0.5718, -0.4963, -0.5474,  0.3542, -0.0653, -0.7031,  0.5874,  0.4524, -0.2362, -0.5791])"", ""class"": ""BatchNorm2d"", ""eps"": 0.001}","[[1, 128, 40, 40]]","[""torch.float32""]","[[1, 128, 40, 40]]",18.cv1.bn,forward,True,256,,1638400,,35,0.2801,0.2094,0.1601
18.cv2,681d054a72fa7eca,Conv,"{""class"": ""Conv""}","[[1, 192, 40, 40]]","[""torch.float32""]","[[1, 128, 40, 40]]",18.cv2,forward,False,24832,,2048000,,35,4.0351,3.6405,1.4298
18.cv2.conv,d50f04993f6b85af,Conv2d,"{""bias"": null, ""class"": ""Conv2d"", ""dilation"": [1, 1], ""groups"": 1, ""in_channels"": 192, ""kernel_size"": [1, 1], ""out_channels"": 128, ""padding"": [0, 0], ""stride"": [1, 1]}","[[1, 192, 40, 40]]","[""torch.float32""]","[[1, 128, 40, 40]]",18.cv2.conv,forward,True,24576,39321600,2048000,19.2,35,3.0415,2.5383,1.0761
18.cv2.bn,064378717012c0e9,BatchNorm2d,"{""bias"": ""Parameter containing:\ntensor([-1.3887,  0.4219, -0.4219,  1.1387,  0.6055, -0.7832, -0.8428, -0.0584, -0.8252, -0.2690,  0.4241,  0.2300, -1.0586, -0.1166, -0.2439,  0.7236,  0.3120,  0.2256, -1.6738,  0.4409, -0.7627, -0.8506,  0.1199, -1.3545,  0.7456, -0.9663, -1.0859,  0.0943, -0.5029, -0.6606, -0.5093,  0.7651, -0.2830, -0.0740,\n         0.4617, -1.5254,  0.9150,  0.8315, -0.4802, -0.3320,  0.4302, -0.3577, -0.7500, -0.4509,  0.3206,  0.4507, -0.0870, -1.0273, -1.2168,  0.7754,  0.4126, -0.7617,  0.3223, -0.4478, -0.9102, -0.6094, -0.8110, -0.9556,  0.0217, -1.0156,  0.4001,  1.0547, -0.3433, -0.5190, -0.6147,  0.8682, -0.3523, -1.5537,\n        -0.7314, -1.1377, -1.2471,  0.3899, -0.2954, -0.0622, -0.1935,  0.4177, -0.5356,  0.0712, -0.5991, -0.7725, -0.3267, -1.1758, -0.4453, -2.1445, -3.4395, -0.2944, -0.3149, -0.8726, -0.7725, -1.1318, -0.3872, -0.8184, -0.2202, -1.0527, -0.4561, -0.2969, -1.8008,  0.2974, -0.1205,  0.7661, -0.4790, -0.7148,\n        -1.2744, -0.7681, -0.0428,  0.3838, -0.1353, -0.4932, -0.7964, -1.0518, -0.5410, -0.0096, -0.3877,  0.2092, -1.2412, -2.0879, -0.3958,  0.3672, -0.1116, -0.6621,  0.5205,  1.4531,  0.7476, -0.2747, -1.6299, -0.7153, -1.4932,  0.1564])"", ""class"": ""BatchNorm2d"", ""eps"": 0.001}","[[1, 128, 40, 40]]","[""torch.float32""]","[[1, 128, 40, 40]]",18.cv2.bn,forward,True,256,,1638400,,35,0.3616,0.19,0.3043
18.m.0,02436ef5d3114e46,Bottleneck,"{""class"": ""Bottleneck""}","[[1, 64, 40, 40]]","[""torch.float32""]","[[1, 64, 40, 40]]",18.m.0,forward,False,73984,,819200,,35,5.9907,4.5612,3.0029
18.m.0.cv1,779f8899e994d313,Conv,"{""class"": ""Conv""}","[[1, 64, 40, 40]]","[""torch.float32""]","[[1, 64, 40, 40]]",18.m.0.cv1,forward,False,36992,,819200,,35,3.2355,2.698,1.5984
18.m.0.cv1.conv,7dcfbda29846c883,Conv2d,"{""bias"": null, ""class"": ""Conv2d"", ""dilation"": [1, 1], ""groups"": 1, ""in_channels"": 64, ""kernel_size"": [3, 3], ""out_channels"": 64, ""padding"": [1, 1], ""stride"": [1, 1]}","[[1, 64, 40, 40]]","[""torch.float32""]","[[1, 64, 40, 40]]",18.m.0.cv1.conv,forward,True,36864,58982400,819200,72.0,35,2.4888,2.214,1.3014
18.m.0.cv1.bn,1a821a1e17dc0d36,BatchNorm2d,"{""bias"": ""Parameter containing:\ntensor([-0.8467, -0.6895, -1.5049, -0.7642, -1.1992, -1.5439, -1.0889, -0.9844, -0.8174,  1.9697, -0.2878, -0.7192, -0.5659, -0.3901, -0.1630, -1.1172, -1.1230, -0.9712, -1.2061, -1.3018, -0.5513, -0.0723, -1.2031, -0.5908, -0.9253, -0.4751, -0.6787, -1.0791, -0.5400,  0.0964, -1.1592, -1.2666, -0.0235, -1.5039,\n        -0.8320, -0.3101, -0.9761, -1.0684, -1.4238, -1.0156,  0.2014, -0.4465, -0.6694, -0.0295, -0.9932, -0.5557, -1.3057, -1.0244, -1.5420, -1.5537, -0.7656, -0.5381, -1.5811, -0.8086, -0.8047, -0.8940, -0.8760, -0.4824, -0.7754, -0.5181, -1.3594, -1.2314, -1.2988, -0.8613])"", ""class"": ""BatchNorm2d"", ""eps"": 0.001}","[[1, 64, 40, 40]]","[""torch.float32""]","[[1, 64, 40, 40]]",18.m.0.cv1.bn,forward,True,128,,819200,,35,0.2197,0.1567,0.1346
18.m.0.cv2,779f8899e994d313,Conv,"{""class"": ""Conv""}","[[1, 64, 40, 40]]","[""torch.float32""]","[[1, 64, 40, 40]]",18.m.0.cv2,forward,False,36992,,819200,,35,2.6747,1.8415,1.6524
18.m.0.cv2.conv,7dcfbda29846c883,Conv2d,"{""bias"": null, ""class"": ""Conv2d"", ""dilation"": [1, 1], ""groups"": 1, ""in_channels"": 64, ""kernel_size"": [3, 3], ""out_channels"": 64, ""padding"": [1, 1], ""stride"": [1, 1]}","[[1, 64, 40, 40]]","[""torch.float32""]","[[1, 64, 40, 40]]",18.m.0.cv2.conv,forward,True,36864,58982400,819200,72.0,35,2.0281,1.3596,1.2919
18.m.0.cv2.bn,61b4c26d840a9df4,BatchNorm2d,"{""bias"": ""Parameter containing:\ntensor([-0.5410,  0.3704, -0.7769, -0.7256,  0.3406, -0.0607, -0.0290,  0.7700, -0.3398, -1.1279, -0.8042,  0.2495, -0.8179, -1.0293, -1.0830,  0.5249,  0.1481, -0.6733, -0.5835, -0.2042,  1.0869, -0.0119, -0.4290, -1.0352, -0.7524,  1.6074, -0.8281,  0.5308, -0.2588, -0.4712, -0.4426, -0.6582, -0.3542, -1.3359,\n         1.2188, -0.7178, -0.2795, -0.1217, -0.3179,  0.0152,  0.0077,  0.4963,  0.9067, -0.8574,  1.4893, -0.9502, -0.5830, -0.3291, -0.4236, -0.6948, -0.9385,  0.4556,  0.4578,  0.1470, -0.1450,  0.2576,  0.7910,  0.9937, -0.9204, -0.3140, -0.3223,  0.5781, -0.1320, -0.6924])"", ""class"": ""BatchNorm2d"", ""eps"": 0.001}","[[1, 64, 40, 40]]","[""torch.float32""]","[[1, 64, 40, 40]]",18.m.0.cv2.bn,forward,True,128,,819200,,35,0.2537,0.1314,0.2447
19,6cfe7a34bafabeb5,Conv,"{""class"": ""Conv""}","[[1, 128, 40, 40]]","[""torch.float32""]","[[1, 128, 20, 20]]",19,forward,False,147712,,1024000,,35,3.6349,3.0009,1.4232
19.conv,043bedb72d7f8a41,Conv2d,"{""bias"": null, ""class"": ""Conv2d"", ""dilation"": [1, 1], ""groups"": 1, ""in_channels"": 128, ""kernel_size"": [3, 3], ""out_channels"": 128, ""padding"": [1, 1], ""stride"": [2, 2]}","[[1, 128, 40, 40]]","[""torch.float32""]","[[1, 128, 20, 20]]",19.conv,forward,True,147456,58982400,1024000,57.6,35,2.9839,2.5755,1.1716
19.bn,c8be8aebe95b2036,BatchNorm2d,"{""bias"": ""Parameter containing:\ntensor([-0.4766, -0.1534, -0.5122, -0.2664, -1.0820, -0.7051,  0.1126, -0.7207, -0.3237,  0.2393, -0.2490,  0.1752, -0.7310, -0.6123, -0.2844, -0.5186, -0.6670, -0.3408, -0.9126, -0.1943,  0.3074, -0.2754, -0.1414, -0.3049, -0.4041, -0.7847, -0.6553, -1.0635, -1.0781, -0.6372, -0.5039, -0.7544, -1.2910, -0.7036,\n        -0.1091, -0.6401, -0.2642, -0.7954, -0.3289, -0.5566,  0.0851, -0.3691, -0.6465, -0.2019, -0.8228, -0.6138, -0.7158,  0.0093, -0.7383, -0.6348, -1.0830, -0.7939, -1.6680, -0.2964, -0.3484, -0.2749, -0.7300, -0.4292, -0.8140, -0.4941, -0.0553, -0.2886, -0.1177, -0.7476, -0.5229, -0.5015, -0.7578, -0.9590,\n        -0.6929, -0.6714, -0.7891, -0.2159, -0.0126, -0.8149, -0.6465, -1.2441, -0.0898,  0.0356, -0.4099,  0.1445, -0.8398, -0.3176, -0.1774, -0.8115, -0.4470, -0.3960, -0.5073, -0.2695, -0.2566, -0.3098, -0.2549,  0.1038, -0.8428, -0.5356, -0.4170, -0.8970, -0.8682, -0.7251, -1.0059,  0.0343, -0.3735, -0.2629,\n        -0.3679,  0.0734, -0.3118, -0.6494, -0.8115, -0.3442, -0.4670,  0.0489,  0.0406, -0.6304,  0.0769, -0.6616, -0.4570, -0.5112, -0.2849,  0.0062, -0.6104,  0.0264, -1.3936, -0.2856, -0.2759, -0.5200, -0.4641, -0.0570, -0.0853, -1.0625])"", ""class"": ""BatchNorm2d"", ""eps"": 0.001}","[[1, 128, 20, 20]]","[""torch.float32""]","[[1, 128, 20, 20]]",19.bn,forward,True,256,,409600,,35,0.1923,0.1104,0.1315
20,e1c99929d0fa542e,Concat,"{""class"": ""Concat""}","[[1, 128, 20, 20], [1, 256, 20, 20]]","[""torch.float32""]","[[1, 384, 20, 20]]",20,forward,True,0,,1228800,,35,0.4761,0.1495,0.5013
21,e108a114866ceda1,C2f,"{""class"": ""C2f""}","[[1, 384, 20, 20]]","[""torch.float32""]","[[1, 256, 20, 20]]",21,forward,False,493056,,1024000,,35,12.4745,9.8983,5.907
21.cv1,8f6224db0b19406f,Conv,"{""class"": ""Conv""}","[[1, 384, 20, 20]]","[""torch.float32""]","[[1, 256, 20, 20]]",21.cv1,forward,False,98816,,1024000,,35,3.061,2.5405,1.5611
21.cv1.conv,0a6e7ad354a5bde8,Conv2d,"{""bias"": null, ""class"": ""Conv2d"", ""dilation"": [1, 1], ""groups"": 1, ""in_channels"": 384, ""kernel_size"": [1, 1], ""out_channels"": 256, ""padding"": [0, 0], ""stride"": [1, 1]}","[[1, 384, 20, 20]]","[""torch.float32""]","[[1, 256, 20, 20]]",21.cv1.conv,forward,True,98304,39321600,1024000,38.4,35,2.4504,2.1007,1.2428
21.cv1.bn,a91726dd6ba20d17,BatchNorm2d,"{""bias"": ""Parameter containing:\ntensor([-0.4207, -0.4709, -0.9629, -0.7793, -0.6914, -0.3884, -0.8638, -0.4514, -0.5352, -0.6719, -0.4236, -0.8232, -0.3450,  0.1387, -0.6909, -0.0810, -0.7417, -0.6016, -0.6938, -0.4187, -0.4565, -0.9209, -0.6641, -0.5186, -0.6616,  0.1194, -0.9883, -0.6934, -0.5601, -0.4099, -0.7710, -0.7769, -0.2286, -0.1686,\n        -0.7344, -0.8486, -0.5659, -0.4492, -0.5679, -0.7510, -0.7827, -0.6611, -0.8608, -0.7339, -0.8071, -0.6113, -0.5762, -1.0264, -0.4170, -0.4224, -0.4045, -0.5493,  1.0723,  0.4651, -0.6348, -0.2404, -0.8301, -1.0010, -0.5205, -0.8218, -0.6709, -0.9707, -0.4580, -0.9502, -0.6631, -0.4614, -0.5400, -0.6787,\n        -0.9121, -0.7983, -0.6899, -0.5181, -0.5615, -1.0713, -0.7871, -0.6401, -0.0492, -0.0214, -0.6904, -0.5854, -0.5679, -0.3894, -0.9668, -0.7451, -0.4282, -0.6587, -0.7124, -0.9961, -0.2905, -0.3779, -0.5264, -0.9580, -0.6060, -0.6689, -0.7627, -0.6284, -0.5308, -0.2683, -0.8726, -0.7505, -0.8105, -0.7607,\n        -0.1434, -0.9072, -0.9868, -0.4985, -0.6846, -0.8896, -0.8755, -0.8486, -0.4041, -0.7695, -0.6021, -0.7476, -0.8984, -0.6582, -0.5752, -0.5181, -0.7461, -0.6006, -0.6328, -0.7007, -0.5034, -0.6436, -0.7104, -0.2881, -0.7070,  0.1838, -0.6494,  0.3069, -0.3459, -0.1603, -0.8169, -0.7119, -1.3506, -0.7573,\n        -1.0713, -0.5215, -0.6392, -1.2100,  0.3145, -0.9443, -1.0498, -0.0292, -1.3965,  0.8379,  0.4536, -0.8154, -0.7559, -0.9585,  0.3552, -0.6401, -0.3149, -0.0643, -0.3479,  0.0585, -0.3550,  0.4490, -0.2136, -0.9219, -0.4319, -0.5010, -1.1865, -2.0488, -0.4988, -0.3699, -1.4639, -1.0039,  0.0101, -0.5801,\n        -1.0605,  0.1423, -1.1758, -0.7681,  0.3052, -0.9058, -1.6611, -1.1582,  0.4451, -0.6089, -1.1104,  0.6641, -0.9956, -1.2373,  0.2450,  0.3289,  1.1113, -0.4417,  1.0176, -0.8882, -0.5942, -1.8477, -0.1316,  0.6855, -0.6831, -0.0770, -0.6533, -1.0518,  1.6826, -0.9897, -0.4778, -1.1035, -1.3047, -0.7710,\n        -0.6240,  0.2827, -1.1182, -0.9556, -0.7554, -0.7798, -1.7266, -0.7402, -0.4199, -0.7124, -0.4031,  0.1691, -0.7065, -1.2510, -1.1387, -0.3047, -1.3398,  0.6494, -0.5923,  0.6230, -1.0771, -0.9951, -0.9990, -0.9775, -0.9697, -0.9810, -1.0332,  0.2061, -0.5698, -0.8203, -1.1260, -0.9048,  1.2305,  0.4797,\n        -0.1240, -0.7085, -0.0183, -1.3047, -1.5801, -1.6289,  0.5571,  0.7588, -0.6201, -1.6641, -1.3184, -1.5537,  0.3503, -0.5708, -0.4636,  0.8037, -1.6182,  0.2725])"", ""class"": ""BatchNorm2d"", ""eps"": 0.001}","[[1, 256, 20, 20]]","[""torch.float32""]","[[1, 256, 20, 20]]",21.cv1.bn,forward,True,512,,819200,,35,0.2049,0.1213,0.1757
21.cv2,8f6224db0b19406f,Conv,"{""class"": ""Conv""}","[[1, 384, 20, 20]]","[""torch.float32""]","[[1, 256, 20, 20]]",21.cv2,forward,False,98816,,1024000,,35,2.8541,1.9632,2.1272
21.cv2.conv,0a6e7ad354a5bde8,Conv2d,"{""bias"": null, ""class"": ""Conv2d"", ""dilation"": [1, 1], ""groups"": 1, ""in_channels"": 384, ""kernel_size"": [1, 1], ""out_channels"": 256, ""padding"": [0, 0], ""stride"": [1, 1]}","[[1, 384, 20, 20]]","[""torch.float32""]","[[1, 256, 20, 20]]",21.cv2.conv,forward,True,98304,39321600,1024000,38.4,35,2.2306,1.4855,1.7702
21.cv2.bn,959aefdaf1000533,BatchNorm2d,"{""bias"": ""Parameter containing:\ntensor([-0.9023, -1.2373, -1.5225, -0.9961, -0.8989, -0.8408, -0.9058, -0.9072, -0.7451, -0.8970,  0.0660, -2.0918, -0.4504, -1.4678, -0.6401, -2.1328, -0.2230, -0.7471, -1.2275, -1.0771, -1.1924, -0.5581, -1.1377, -0.1698, -0.0898, -0.9487, -1.1582, -1.1709, -0.7734, -1.0342, -0.4966, -0.2070, -0.7559, -0.8149,\n        -0.5371, -1.2021, -0.7544, -0.8203, -1.3281, -0.8979, -0.8389, -0.8672, -0.9644, -0.7695, -0.7900, -0.8882, -1.3789, -1.0137, -0.4421, -0.7876, -0.6265, -0.9238, -1.3125, -0.8789, -1.2236, -1.4941, -0.9478, -1.0938, -1.6514, -1.0479, -0.1055, -0.7246, -0.1908, -1.0986, -1.2412, -0.8750, -0.6919, -1.3643,\n        -1.3506, -0.9146, -1.1660, -0.3640, -1.4873, -1.3760,  0.1837, -1.6504, -0.9712, -1.3965, -0.8813, -1.4512, -0.8550, -1.1260, -1.0684,  0.4575, -0.4646, -1.0625, -1.2959, -1.1631, -0.9341,  0.1987, -1.1182, -1.0527, -0.2446, -1.0400, -0.4526, -0.9741, -1.2061, -0.9688, -0.0350, -0.3093, -1.1016, -0.5464,\n        -0.8569, -1.2197, -3.3945, -1.1924, -0.6948, -0.2920, -0.9385, -1.3018, -0.6294, -0.9971, -0.8613, -0.6948, -0.9097, -1.1074, -1.5146, -0.3816, -1.3018, -0.9448, -0.0719, -1.2949, -0.7021, -1.1807, -1.0059, -1.4805, -1.0996, -0.9492, -0.6143, -0.3625, -0.1598, -0.0441, -0.2218, -0.9341, -1.5918, -0.2157,\n        -1.3506, -1.0352, -0.8809, -1.4717, -1.0078, -0.8423, -0.5039, -1.4307, -1.1650, -0.6685, -1.2031, -0.8120, -0.6592, -0.8970, -0.0458,  0.1901, -0.2749, -0.8989, -0.7705, -1.4404, -0.9292, -1.5908, -0.4458,  0.2463, -1.0977, -1.0342, -0.9028, -1.2510, -1.3184, -1.3340, -1.7979, -0.6543, -1.4414, -0.7681,\n        -0.9424, -0.7944, -0.7466, -1.3232, -1.1230, -0.8384,  0.6914, -0.7368, -1.2314, -1.0576, -1.5830,  0.2233, -1.2500,  1.0137, -1.2979,  0.0149, -1.1855, -1.1318, -0.1175, -1.2637,  0.1743,  0.3772, -1.1885, -0.7627, -1.0781, -0.6289, -0.4949, -0.7490, -0.9849, -0.0891, -0.8589, -0.7065,  0.5229, -1.0332,\n        -1.0371, -0.5566, -0.8550, -1.3701, -0.4741, -1.0635, -0.9585, -0.9990, -1.0098, -1.5420, -0.6548, -1.7861,  0.0426, -0.7417, -0.4106, -1.1963, -1.1357, -0.7925, -1.2354, -1.1104, -1.1221, -0.9849, -0.4353, -0.7603, -1.0039, -0.4019, -1.4600, -1.0820, -1.1104, -1.0029, -1.2334, -1.4609, -0.6030, -1.2793,\n        -0.9775, -1.2744, -0.8994, -0.8770, -1.0859, -1.2275, -0.8774, -0.9980, -0.9092, -1.0137, -1.1816, -1.2246, -0.8594, -0.8105, -1.0586, -0.5396, -1.4453, -0.4856])"", ""class"": ""BatchNorm2d"", ""eps"": 0.001}","[[1, 256, 20, 20]]","[""torch.float32""]","[[1, 256, 20, 20]]",21.cv2.bn,forward,True,512,,819200,,35,0.2196,0.116,0.274
21.m.0,31d91b5bca713d48,Bottleneck,"{""class"": ""Bottleneck""}","[[1, 128, 20, 20]]","[""torch.float32""]","[[1, 128, 20, 20]]",21.m.0,forward,False,295424,,409600,,35,5.9307,4.8638,2.5325
21.m.0.cv1,5cfa28a28ad2d2aa,Conv,"{""class"": ""Conv""}","[[1, 128, 20, 20]]","[""torch.float32""]","[[1, 128, 20, 20]]",21.m.0.cv1,forward,False,147712,,409600,,35,2.9468,2.6099,1.1777
21.m.0.cv1.conv,13b96a9080bb913a,Conv2d,"{""bias"": null, ""class"": ""Conv2d"", ""dilation"": [1, 1], ""groups"": 1, ""in_channels"": 128, ""kernel_size"": [3, 3], ""out_channels"": 128, ""padding"": [1, 1], ""stride"": [1, 1]}","[[1, 128, 20, 20]]","[""torch.float32""]","[[1, 128, 20, 20]]",21.m.0.cv1.conv,forward,True,147456,58982400,409600,144.0,35,2.3845,2.1873,0.9949
21.m.0.cv1.bn,fc99a0b9dfa36bf2,BatchNorm2d,"{""bias"": ""Parameter containing:\ntensor([-0.7788, -0.7095, -2.0469, -0.7310, -0.6294, -0.8008,  1.1611, -1.8564,  0.1721, -1.1699, -1.2021, -1.5488, -1.3867, -0.1281, -1.4512,  0.3303, -1.2344, -1.3662, -0.8936,  0.0290, -1.2744, -1.5996, -0.8306, -1.3828, -1.4062, -0.0836, -1.1582, -1.9561, -1.2227, -1.3047, -0.4688, -1.1533, -1.0850, -1.1934,\n        -1.0967, -1.0664, -1.4756, -1.0020, -1.0742, -0.9800, -0.3772, -0.1176, -1.4150, -1.1670, -1.6289, -1.0439,  0.7788, -0.5562, -0.9575,  0.3479, -1.0352, -0.8447, -0.7358, -1.0078, -1.3428, -1.7207, -1.1699, -0.3730, -0.4143, -0.6265, -1.6670, -0.7432, -1.1289, -1.3232, -0.0856, -1.3018, -0.6670, -1.0498,\n        -1.3213,  0.2435, -1.3311, -0.7471, -1.1953, -1.1152, -1.1992, -1.4580, -1.4150, -1.8730, -1.4785, -0.9741,  1.6074, -0.9019, -1.3721, -0.0931, -1.3496, -0.8457, -1.2148, -0.0173, -0.7754, -1.3369, -0.8232, -0.4536, -1.3955, -0.4980, -1.2246, -1.7041, -0.7573, -1.0605, -0.9277, -1.5039, -0.6860, -0.8354,\n        -1.3047, -0.1322, -1.4287, -0.8096, -0.4316, -0.7617, -0.7886, -0.0594, -1.2256, -0.2812, -0.7319, -1.1426, -0.9194, -1.6875, -1.2344, -0.1058, -0.8682, -1.2871, -1.2529, -0.8662, -0.7808, -1.6357, -1.5713, -1.1924,  0.6074, -1.3496])"", ""class"": ""BatchNorm2d"", ""eps"": 0.001}","[[1, 128, 20, 20]]","[""torch.float32""]","[[1, 128, 20, 20]]",21.m.0.cv1.bn,forward,True,256,,409600,,35,0.1678,0.1017,0.1394
21.m.0.cv2,5cfa28a28ad2d2aa,Conv,"{""class"": ""Conv""}","[[1, 128, 20, 20]]","[""torch.float32""]","[[1, 128, 20, 20]]",21.m.0.cv2,forward,False,147712,,409600,,35,2.8927,2.0118,1.556
21.m.0.cv2.conv,13b96a9080bb913a,Conv2d,"{""bias"": null, ""class"": ""Conv2d"", ""dilation"": [1, 1], ""groups"": 1, ""in_channels"": 128, ""kernel_size"": [3, 3], ""out_channels"": 128, ""padding"": [1, 1], ""stride"": [1, 1]}","[[1, 128, 20, 20]]","[""torch.float32""]","[[1, 128, 20, 20]]",21.m.0.cv2.conv,forward,True,147456,58982400,409600,144.0,35,2.2117,1.6183,1.1113
21.m.0.cv2.bn,0559d144f9957bc7,BatchNorm2d,"{""bias"": ""Parameter containing:\ntensor([-0.5820, -0.9824, -0.8916,  0.0112, -0.7319, -0.8623, -0.1716, -1.3496, -0.7476, -0.6777, -1.0176,  0.0344, -0.5005, -1.3252, -0.5728, -0.6328, -0.8306, -0.3545, -0.5898, -0.2527, -0.7695, -0.9116,  0.1709,  0.5562, -0.2976, -0.3760, -0.4602, -0.8643, -0.0441, -0.4353, -0.6230, -0.2896,  0.1556, -0.1599,\n        -0.8472, -0.0199, -0.9683, -0.8179, -0.5850, -0.4363, -0.4695, -0.8501,  0.4709, -0.5146, -1.4229, -0.5278, -0.6768, -1.3184, -0.3474, -0.4087,  0.0746, -1.4873, -0.8428, -0.1305, -1.0156, -0.7129, -0.5781, -0.7920,  0.2218, -0.2761,  0.0096, -0.8472, -0.7573, -0.2015, -1.6396,  0.4915, -1.1738, -1.0303,\n         0.3083, -1.3643, -1.2275, -0.2866, -0.6777,  0.4036, -0.9180, -1.0059, -0.4988, -0.5308, -0.4331, -0.4150, -0.4678, -1.1172, -0.4504, -0.4902, -0.4683, -0.6719,  0.0381, -1.1484, -1.1875, -0.7261,  0.5649, -0.3083, -1.1309, -0.0398, -0.0313, -0.8994, -0.2888, -0.8076, -0.1257,  0.2834, -0.3767, -1.0938,\n        -0.6411, -1.6855, -1.2725, -0.4023, -1.1768, -1.3965, -0.2257,  0.0356, -1.1475,  0.2053, -1.8359, -0.6626, -0.0635, -0.6230, -1.2471, -0.1765, -0.1215, -0.2286, -0.0343, -1.0303, -1.0420, -0.9717, -0.7251, -0.2852, -0.1355, -0.8706])"", ""class"": ""BatchNorm2d"", ""eps"": 0.001}","[[1, 128, 20, 20]]","[""torch.float32""]","[[1, 128, 20, 20]]",21.m.0.cv2.bn,forward,True,256,,409600,,35,0.225,0.0979,0.2268
22,8cf706965f06d511,Segment,"{""class"": ""Segment"", ""nc"": 80, ""reg_max"": 16, ""stride"": ""tensor([ 8., 16., 32.])""}","[[1, 64, 80, 80], [1, 128, 40, 40], [1, 256, 20, 20]]","[""torch.float32""]",[],22,forward,False,1150432,,2867200,,35,193.5008,192.9623,8.5256
22.cv2.0,7fd7f009284314a8,Sequential,"{""class"": ""Sequential""}","[[1, 64, 80, 80]]","[""torch.float32""]","[[1, 64, 80, 80]]",22.cv2.0,forward,False,78144,,3276800,,35,22.4146,21.4921,2.8282
22.cv2.0.0,8edda4b0b28cfff8,Conv,"{""class"": ""Conv""}","[[1, 64, 80, 80]]","[""torch.float32""]","[[1, 64, 80, 80]]",22.cv2.0.0,forward,False,36992,,3276800,,35,9.2257,8.6561,1.7654
22.cv2.0.0.conv,b3d3d746de5ca8f5,Conv2d,"{""bias"": null, ""class"": ""Conv2d"", ""dilation"": [1, 1], ""groups"": 1, ""in_channels"": 64, ""kernel_size"": [3, 3], ""out_channels"": 64, ""padding"": [1, 1], ""stride"": [1, 1]}","[[1, 64, 80, 80]]","[""torch.float32""]","[[1, 64, 80, 80]]",22.cv2.0.0.conv,forward,True,36864,235929600,3276800,72.0,35,7.7389,7.2315,1.6736
22.cv2.0.0.bn,c8f17e7d898f6c16,BatchNorm2d,"{""bias"": ""Parameter containing:\ntensor([-0.3203, -1.0400, -0.9004, -0.5742, -0.3596, -1.2734, -0.2083, -0.2576, -1.3164, -0.5303, -1.1797, -0.8545, -1.0420, -1.4453, -0.8965, -0.4204, -0.6113, -0.4480, -1.2090, -1.2725, -1.3447, -1.0537, -0.5825, -0.5474,  1.0293, -0.2615, -0.5850, -1.2998, -1.7871, -0.3977,  0.4895, -0.7383, -0.9482, -1.2480,\n        -0.7275, -1.5098, -0.7168, -0.8818,  0.6816, -1.3975, -1.6416, -1.0547, -1.2451, -0.6855,  0.1864, -0.8247, -0.0342, -0.9858, -0.0963, -0.0543, -1.0576, -1.1064, -0.6914, -0.2488, -1.1377,  0.0077,  0.3467, -0.5708, -1.6670, -1.3936, -0.0499, -0.6250, -1.6035, -0.5181])"", ""class"": ""BatchNorm2d"", ""eps"": 0.001}","[[1, 64, 80, 80]]","[""torch.float32""]","[[1, 64, 80, 80]]",22.cv2.0.0.bn,forward,True,128,,3276800,,35,0.6491,0.5862,0.185
22.cv2.0.1,8edda4b0b28cfff8,Conv,"{""class"": ""Conv""}","[[1, 64, 80, 80]]","[""torch.float32""]","[[1, 64, 80, 80]]",22.cv2.0.1,forward,False,36992,,3276800,,35,9.3829,8.7632,1.8
22.cv2.0.1.conv,b3d3d746de5ca8f5,Conv2d,"{""bias"": null, ""class"": ""Conv2d"", ""dilation"": [1, 1], ""groups"": 1, ""in_channels"": 64, ""kernel_size"": [3, 3], ""out_channels"": 64, ""padding"": [1, 1], ""stride"": [1, 1]}","[[1, 64, 80, 80]]","[""torch.float32""]","[[1, 64, 80, 80]]",22.cv2.0.1.conv,forward,True,36864,235929600,3276800,72.0,35,8.0228,7.5402,1.9143
22.cv2.0.1.bn,ac822fc1e555ffcc,BatchNorm2d,"{""bias"": ""Parameter containing:\ntensor([ 1.3379,  1.8486,  0.6509,  1.2197,  0.7861,  1.5020,  1.5918,  1.8721, -0.4866, -0.1152,  1.0850,  1.0264,  2.0801,  1.9443,  1.4072,  1.3936,  1.4062,  1.6201,  1.6035,  1.0850,  1.5225, -0.1895,  1.2744, -1.0137,  0.4758,  0.7715,  0.1908,  1.5664,  1.6953,  0.4656,  0.6680,  0.9521, -0.2214,  0.8579,\n         0.7539,  1.6299,  0.5552,  0.7148,  0.9614,  1.7080,  1.0029,  0.5791,  1.0166,  1.2148,  1.4316,  0.1007,  1.4775, -1.0176,  1.9746,  0.9175,  1.6230,  1.0498,  0.9092,  1.9600,  0.4509,  0.4531,  1.7119,  1.2119,  0.1149,  1.1641,  1.5967,  0.1821,  1.7422,  1.3682])"", ""class"": ""BatchNorm2d"", ""eps"": 0.001}","[[1, 64, 80, 80]]","[""torch.float32""]","[[1, 64, 80, 80]]",22.cv2.0.1.bn,forward,True,128,,3276800,,35,0.558,0.5022,0.2374
22.cv2.0.2,d06d608342aa8fc7,Conv2d,"{""bias"": ""Parameter containing:\ntensor([ 1.9570e+00,  2.1152e+00,  2.0840e+00,  2.2754e+00,  2.3184e+00,  2.0039e+00,  1.7559e+00,  1.3916e+00,  1.1445e+00,  8.5205e-01,  3.6523e-01, -2.8857e-01, -1.9678e-01, -7.6953e-01, -9.1992e-01, -8.6548e-02,  1.9199e+00,  2.1387e+00,  2.2109e+00,  2.3379e+00,  2.6074e+00,  2.4492e+00,  2.1016e+00,  1.5693e+00,\n         1.0303e+00,  5.5859e-01,  1.4160e-01, -1.8530e-01, -6.5186e-01, -8.5547e-01, -9.8682e-01, -3.9136e-01,  2.4688e+00,  2.3223e+00,  2.1543e+00,  2.4180e+00,  1.8975e+00,  2.0449e+00,  2.0137e+00,  1.5850e+00,  1.1094e+00,  4.3188e-01,  4.2511e-02, -1.8311e-01, -4.5581e-01, -5.5811e-01, -1.0938e+00, -1.9580e-01,\n         1.9326e+00,  2.0098e+00,  1.9707e+00,  2.1367e+00,  2.1777e+00,  2.3906e+00,  2.1816e+00,  1.5439e+00,  9.8145e-01,  5.9863e-01,  1.8030e-01,  7.2432e-04, -3.5522e-01, -5.7373e-01, -9.9365e-01, -1.8274e-01])"", ""class"": ""Conv2d"", ""dilation"": [1, 1], ""groups"": 1, ""in_channels"": 64, ""kernel_size"": [1, 1], ""out_channels"": 64, ""padding"": [0, 0], ""stride"": [1, 1]}","[[1, 64, 80, 80]]","[""torch.float32""]","[[1, 64, 80, 80]]",22.cv2.0.2,forward,True,4160,26214400,3276800,8.0,35,3.64,3.5572,0.5146
22.cv2.1,ba2148944390f9e3,Sequential,"{""class"": ""Sequential""}","[[1, 128, 40, 40]]","[""torch.float32""]","[[1, 64, 40, 40]]",22.cv2.1,forward,False,115008,,1228800,,35,6.8294,6.4055,1.4461
22.cv2.1.0,6cfe7a34bafabeb5,Conv,"{""class"": ""Conv""}","[[1, 128, 40, 40]]","[""torch.float32""]","[[1, 64, 40, 40]]",22.cv2.1.0,forward,False,73856,,1228800,,35,3.8551,3.7439,0.9681
22.cv2.1.0.conv,b0f07601a28f4098,Conv2d,"{""bias"": null, ""class"": ""Conv2d"", ""dilation"": [1, 1], ""groups"": 1, ""in_channels"": 128, ""kernel_size"": [3, 3], ""out_channels"": 64, ""padding"": [1, 1], ""stride"": [1, 1]}","[[1, 128, 40, 40]]","[""torch.float32""]","[[1, 64, 40, 40]]",22.cv2.1.0.conv,forward,True,73728,117964800,1228800,96.0,35,3.309,3.2718,0.8437
22.cv2.1.0.bn,b7756aed0a7ce6ee,BatchNorm2d,"{""bias"": ""Parameter containing:\ntensor([-1.5684, -0.5781, -0.5698, -0.9180, -0.6016, -0.4844,  1.1738, -1.0479, -0.4199, -1.0938, -1.2129, -0.8330, -0.5503, -1.0859,  0.2408, -0.6797, -0.2976, -1.4053,  0.8237, -0.3621, -0.8882, -0.2040, -0.5195, -0.8560, -0.6777, -0.5942, -0.6714, -0.6958, -1.2773, -0.3794,  0.4136,  0.2458, -0.2379,  0.0189,\n        -0.8867,  0.1625, -0.3967, -0.6938, -1.3291, -0.9019, -0.8833, -1.9775, -0.3250, -0.2512, -0.6968, -0.1635,  0.4619, -0.9346, -0.0034, -0.5400, -1.1162,  0.0447,  0.3115, -0.3413, -1.9922, -0.5557,  0.1169, -0.9673, -0.6689, -1.9971, -0.7036,  0.0151, -0.1167,  0.1407])"", ""class"": ""BatchNorm2d"", ""eps"": 0.001}","[[1, 64, 40, 40]]","[""torch.float32""]","[[1, 64, 40, 40]]",22.cv2.1.0.bn,forward,True,128,,819200,,35,0.1796,0.11,0.1661
22.cv2.1.1,779f8899e994d313,Conv,"{""class"": ""Conv""}","[[1, 64, 40, 40]]","[""torch.float32""]","[[1, 64, 40, 40]]",22.cv2.1.1,forward,False,36992,,819200,,35,2.0676,1.8107,0.6358
22.cv2.1.1.conv,7dcfbda29846c883,Conv2d,"{""bias"": null, ""class"": ""Conv2d"", ""dilation"": [1, 1], ""groups"": 1, ""in_channels"": 64, ""kernel_size"": [3, 3], ""out_channels"": 64, ""padding"": [1, 1], ""stride"": [1, 1]}","[[1, 64, 40, 40]]","[""torch.float32""]","[[1, 64, 40, 40]]",22.cv2.1.1.conv,forward,True,36864,58982400,819200,72.0,35,1.5927,1.3522,0.6182
22.cv2.1.1.bn,80f893a051792719,BatchNorm2d,"{""bias"": ""Parameter containing:\ntensor([ 1.6143,  0.7852,  0.8335,  1.5029,  1.3398,  0.7769,  0.7896,  0.4746,  0.1910,  2.1035,  1.1328,  1.0479,  1.5850,  0.5664, -0.1190,  0.8340,  1.0996,  1.1006,  1.2773,  1.1543,  0.4648,  1.4033,  0.9268,  1.3682,  1.7305,  1.0557,  0.9844,  1.6230,  0.6479,  0.2473,  0.7417,  0.5400,  1.6621,  1.1465,\n         0.1914,  1.0117, -0.3030,  1.7656,  0.6714, -0.5186, -0.1302,  0.1721,  0.0287,  1.0566,  1.5498,  1.0811,  1.4873,  1.6562,  0.9448, -0.3135,  1.0693,  0.9102,  1.6514,  1.1172,  1.0449,  0.2986,  1.7861, -0.6426,  1.7012,  0.7124,  1.5723,  1.2422,  0.5923,  1.4551])"", ""class"": ""BatchNorm2d"", ""eps"": 0.001}","[[1, 64, 40, 40]]","[""torch.float32""]","[[1, 64, 40, 40]]",22.cv2.1.1.bn,forward,True,128,,819200,,35,0.148,0.1279,0.056
22.cv2.1.2,79468d8c8d9eeb77,Conv2d,"{""bias"": ""Parameter containing:\ntensor([ 2.3262,  2.1914,  1.9707,  1.6846,  1.7373,  1.7607,  1.7305,  1.5615,  1.2080,  0.7437,  0.3665,  0.0585, -0.2825, -0.3779, -0.4490, -0.2299,  2.0625,  2.0723,  2.0312,  1.9600,  2.0176,  2.0820,  1.8291,  1.7520,  1.4570,  0.8193,  0.4253, -0.0805, -0.4990, -0.6978, -0.8481, -0.3860,  2.2988,  2.2031,\n         2.1348,  1.7051,  1.7949,  1.8877,  1.7939,  1.5615,  1.1182,  0.7905,  0.3152,  0.1632, -0.2908, -0.5317, -0.6489, -0.2957,  1.8291,  2.1973,  2.1484,  1.9756,  2.0352,  2.1855,  2.2070,  1.7920,  1.2061,  0.7222,  0.3660, -0.1232, -0.3936, -0.5752, -0.8804, -0.6860])"", ""class"": ""Conv2d"", ""dilation"": [1, 1], ""groups"": 1, ""in_channels"": 64, ""kernel_size"": [1, 1], ""out_channels"": 64, ""padding"": [0, 0], ""stride"": [1, 1]}","[[1, 64, 40, 40]]","[""torch.float32""]","[[1, 64, 40, 40]]",22.cv2.1.2,forward,True,4160,6553600,819200,8.0,35,0.7826,0.6343,0.3756
22.cv2.2,27a5bc3647bf7fdc,Sequential,"{""class"": ""Sequential""}","[[1, 256, 20, 20]]","[""torch.float32""]","[[1, 64, 20, 20]]",22.cv2.2,forward,False,188736,,512000,,35,4.4135,4.2638,0.6133
22.cv2.2.0,0ed1c23cf9110f7a,Conv,"{""class"": ""Conv""}","[[1, 256, 20, 20]]","[""torch.float32""]","[[1, 64, 20, 20]]",22.cv2.2.0,forward,False,147584,,512000,,35,2.8033,2.7454,0.6863
22.cv2.2.0.conv,4c7e6de9dc310050,Conv2d,"{""bias"": null, ""class"": ""Conv2d"", ""dilation"": [1, 1], ""groups"": 1, ""in_channels"": 256, ""kernel_size"": [3, 3], ""out_channels"": 64, ""padding"": [1, 1], ""stride"": [1, 1]}","[[1, 256, 20, 20]]","[""torch.float32""]","[[1, 64, 20, 20]]",22.cv2.2.0.conv,forward,True,147456,58982400,512000,115.2,35,2.1449,2.1377,0.5903
22.cv2.2.0.bn,b5efffc738e3d676,BatchNorm2d,"{""bias"": ""Parameter containing:\ntensor([-1.3340, -0.5664, -0.6196, -0.4558, -1.1377, -1.1904, -0.1039, -0.5903,  0.8154,  0.1904, -0.4575,  0.2542, -0.4104, -0.9448,  1.4307, -0.0721, -0.5771, -1.3662, -1.0967, -0.3655,  0.1453, -0.2224, -0.5610,  0.4189, -0.7803, -1.3057,  1.0039, -0.1737, -1.2480,  0.6221, -0.8159,  0.0849, -0.4180, -0.7881,\n        -0.6309,  0.0109,  0.2050, -0.4819, -1.2744, -0.4819, -0.3357, -0.7144, -0.9097, -0.6895, -0.3438, -0.0761, -0.2035, -0.8179,  0.4358, -0.7744,  0.1578, -0.3435, -0.7417, -0.5571,  0.1991, -0.8149,  0.2203,  0.0451, -0.6416, -0.3982,  0.2112, -0.9390, -0.6831, -0.5693])"", ""class"": ""BatchNorm2d"", ""eps"": 0.001}","[[1, 64, 20, 20]]","[""torch.float32""]","[[1, 64, 20, 20]]",22.cv2.2.0.bn,forward,True,128,,204800,,35,0.336,0.121,0.3112
22.cv2.2.1,9eb119d52f148e5f,Conv,"{""class"": ""Conv""}","[[1, 64, 20, 20]]","[""torch.float32""]","[[1, 64, 20, 20]]",22.cv2.2.1,forward,False,36992,,204800,,35,1.1288,0.9824,0.2788
22.cv2.2.1.conv,3352e00d5bd42fc2,Conv2d,"{""bias"": null, ""class"": ""Conv2d"", ""dilation"": [1, 1], ""groups"": 1, ""in_channels"": 64, ""kernel_size"": [3, 3], ""out_channels"": 64, ""padding"": [1, 1], ""stride"": [1, 1]}","[[1, 64, 20, 20]]","[""torch.float32""]","[[1, 64, 20, 20]]",22.cv2.2.1.conv,forward,True,36864,14745600,204800,72.0,35,0.7794,0.6615,0.239
22.cv2.2.1.bn,50840fa7e81d2f4e,BatchNorm2d,"{""bias"": ""Parameter containing:\ntensor([ 1.0322,  0.9492,  0.9854, -0.1534,  1.5371, -0.0487,  1.1562,  1.3057,  0.0587,  0.3987,  1.2705,  0.7788,  0.5312,  0.9751,  1.1738,  0.0057,  0.5171,  1.6484,  1.6855,  1.6855,  0.7798,  0.6646,  0.2372,  1.1719,  0.3879,  1.7256,  0.7437,  1.1201,  1.2744,  0.8262,  1.3252,  0.4753,  1.5322,  0.1365,\n         1.1211,  1.2500,  1.4580,  1.3057,  0.8301,  0.3877,  0.7861,  0.9023,  1.5293,  0.2949,  1.5479, -0.2001,  0.0085,  0.9722,  1.2168,  0.8364,  1.4961,  0.9365,  1.3203,  1.1865,  0.0400,  1.1270,  0.7456,  1.7979,  2.1562,  0.4521,  1.2178, -0.1078,  0.0477,  0.1278])"", ""class"": ""BatchNorm2d"", ""eps"": 0.001}","[[1, 64, 20, 20]]","[""torch.float32""]","[[1, 64, 20, 20]]",22.cv2.2.1.bn,forward,True,128,,204800,,35,0.091,0.0703,0.0633
22.cv2.2.2,3d555d39db370edd,Conv2d,"{""bias"": ""Parameter containing:\ntensor([ 2.4258,  2.4062,  2.1211,  1.8838,  1.7715,  1.6943,  1.4736,  1.4600,  1.0156,  0.8525,  0.5679,  0.3037, -0.3159, -0.5059, -0.5044, -0.6470,  2.2598,  2.3047,  2.3047,  2.4492,  2.4805,  2.1465,  2.0898,  1.5576,  1.2148,  0.5327,  0.0293, -0.3010, -0.5117, -0.7471, -0.7642, -1.0459,  2.2109,  2.1719,\n         2.1777,  1.8418,  2.0820,  1.9336,  1.9697,  1.6621,  0.9629,  0.6826,  0.5586,  0.0939, -0.2957, -0.5293, -0.8042, -0.7148,  2.4219,  2.4668,  2.4688,  2.3926,  2.0840,  2.0879,  1.6035,  1.3818,  0.7061,  0.5034,  0.3799, -0.0193, -0.3911, -0.5630, -0.7070, -0.8154])"", ""class"": ""Conv2d"", ""dilation"": [1, 1], ""groups"": 1, ""in_channels"": 64, ""kernel_size"": [1, 1], ""out_channels"": 64, ""padding"": [0, 0], ""stride"": [1, 1]}","[[1, 64, 20, 20]]","[""torch.float32""]","[[1, 64, 20, 20]]",22.cv2.2.2,forward,True,4160,1638400,204800,8.0,35,0.3724,0.3527,0.0498
22.cv3.0,7fd7f009284314a8,Sequential,"{""class"": ""Sequential""}","[[1, 64, 80, 80]]","[""torch.float32""]","[[1, 80, 80, 80]]",22.cv3.0,forward,False,110480,,3686400,,35,27.5654,26.8243,1.8819
22.cv3.0.0,8edda4b0b28cfff8,Conv,"{""class"": ""Conv""}","[[1, 64, 80, 80]]","[""torch.float32""]","[[1, 80, 80, 80]]",22.cv3.0.0,forward,False,46240,,3686400,,35,10.4661,9.9407,1.3266
22.cv3.0.0.conv,bd01735baf7c3492,Conv2d,"{""bias"": null, ""class"": ""Conv2d"", ""dilation"": [1, 1], ""groups"": 1, ""in_channels"": 64, ""kernel_size"": [3, 3], ""out_channels"": 80, ""padding"": [1, 1], ""stride"": [1, 1]}","[[1, 64, 80, 80]]","[""torch.float32""]","[[1, 80, 80, 80]]",22.cv3.0.0.conv,forward,True,46080,294912000,3686400,80.0,35,8.7007,8.3684,1.0579
22.cv3.0.0.bn,36cc8b7ef273c68d,BatchNorm2d,"{""bias"": ""Parameter containing:\ntensor([-0.2759, -1.7217, -1.6152, -1.7773, -0.8135,  0.3037, -1.0352, -1.1436, -1.5225, -1.2227,  0.0236,  0.9219, -0.5942, -1.4424,  0.3064, -0.1593, -1.1670, -1.4951, -1.5801, -0.0030, -1.0596, -1.4072, -2.1094, -1.3682, -0.2861, -0.1792, -0.9268, -0.7466, -0.9263, -0.5767, -1.3008, -0.8223,  0.7520, -0.0927,\n        -1.0635, -1.6924,  0.3882, -1.2559, -0.8276,  0.0037, -0.4688,  0.1808, -0.8101, -1.5693,  0.1794, -0.9570, -0.3010,  0.1376, -1.1855, -0.8867, -0.2617, -2.3711, -0.6021, -1.3428, -1.0801, -1.1680, -1.1309, -1.0498, -1.3896, -0.4697, -1.7285, -1.4199, -0.7021, -0.0250, -0.1395, -0.2290, -1.6494, -0.4121,\n        -0.3931, -1.7588, -1.1748, -0.6724,  0.1946, -1.4941, -0.1100, -1.0977,  0.4104, -0.8442, -1.2979, -0.6479])"", ""class"": ""BatchNorm2d"", ""eps"": 0.001}","[[1, 80, 80, 80]]","[""torch.float32""]","[[1, 80, 80, 80]]",22.cv3.0.0.bn,forward,True,160,,4096000,,35,0.6374,0.6282,0.1185
22.cv3.0.1,34de7a256bd759e3,Conv,"{""class"": ""Conv""}","[[1, 80, 80, 80]]","[""torch.float32""]","[[1, 80, 80, 80]]",22.cv3.0.1,forward,False,57760,,4096000,,35,11.9102,11.5489,0.903
22.cv3.0.1.conv,913d7b290a47e6cc,Conv2d,"{""bias"": null, ""class"": ""Conv2d"", ""dilation"": [1, 1], ""groups"": 1, ""in_channels"": 80, ""kernel_size"": [3, 3], ""out_channels"": 80, ""padding"": [1, 1], ""stride"": [1, 1]}","[[1, 80, 80, 80]]","[""torch.float32""]","[[1, 80, 80, 80]]",22.cv3.0.1.conv,forward,True,57600,368640000,4096000,90.0,35,10.3208,10.1324,0.7581
22.cv3.0.1.bn,53ba9557d08e85bf,BatchNorm2d,"{""bias"": ""Parameter containing:\ntensor([ 1.2002,  0.6797, -0.2849,  1.2061,  0.0347,  3.7812,  0.7100,  0.1906,  1.8359,  1.1055,  0.9517,  0.9961,  3.0176,  4.2227,  1.1152,  2.0508, -0.1181,  4.4922,  0.0783,  0.8281,  2.4102,  0.3489, -0.2786,  0.6479,  0.4836, -0.0209,  1.8037,  2.9980,  3.1406, -0.2412,  5.6680,  0.9629,  2.8301,  0.1903,\n         0.9438,  0.6353,  1.4619, -0.0359,  5.2148,  2.9180,  0.6514,  0.3247,  6.1836,  0.5786, -0.2874,  0.9551,  0.2590,  1.1709,  0.5010,  4.9766,  0.2140, -0.0900,  2.3066,  0.5249, -0.3030,  1.0322,  0.4612,  1.2119,  0.0298,  0.3184,  0.5815,  2.6855, -0.4172,  7.4336,  0.5220,  1.4014,  1.0508,  0.0691,\n         4.9102,  5.1094,  0.6758,  0.4143,  2.8145,  0.7666,  0.2281,  2.3398,  0.9829,  0.7778,  0.7061,  1.5918])"", ""class"": ""BatchNorm2d"", ""eps"": 0.001}","[[1, 80, 80, 80]]","[""torch.float32""]","[[1, 80, 80, 80]]",22.cv3.0.1.bn,forward,True,160,,4096000,,35,0.657,0.6105,0.2048
22.cv3.0.2,54c3d0b3b886a9e9,Conv2d,"{""bias"": ""Parameter containing:\ntensor([ -6.9453, -11.6250,  -9.3984, -11.9609, -12.2188, -12.3984, -12.5625, -11.5781, -11.4375, -11.4688, -12.7188, -12.6094, -12.7188, -11.1797, -10.6328, -11.8281, -11.8203, -11.9062, -11.0391, -11.2578, -11.7422, -12.8047, -12.2578, -12.2266, -11.1875, -10.7344, -10.5312, -11.6016, -11.2812, -12.3359, -11.8203,\n        -12.5547, -11.8438, -11.8750, -12.0547, -12.2578, -11.9062, -11.7031, -12.0469,  -9.7188, -11.1797,  -9.7969, -11.5938, -11.3359, -11.5391, -10.7891, -10.3594, -10.6719, -11.9688, -10.7578, -10.6172, -10.3281, -12.1016, -12.1016, -11.0781, -11.6562,  -8.8750, -11.9844, -11.1250, -12.3203, -11.0469, -11.9297,\n        -11.6016, -12.0703, -12.6094, -11.5547, -12.4766, -11.6094, -12.5781, -12.2500, -13.0000, -11.2734, -12.3984,  -9.3594, -11.3594, -11.4375, -12.4219, -11.7344, -12.8906, -12.2969])"", ""class"": ""Conv2d"", ""dilation"": [1, 1], ""groups"": 1, ""in_channels"": 80, ""kernel_size"": [1, 1], ""out_channels"": 80, ""padding"": [0, 0], ""stride"": [1, 1]}","[[1, 80, 80, 80]]","[""torch.float32""]","[[1, 80, 80, 80]]",22.cv3.0.2,forward,True,6480,40960000,4096000,10.0,35,4.9824,4.6132,0.8266
22.cv3.1,ba2148944390f9e3,Sequential,"{""class"": ""Sequential""}","[[1, 128, 40, 40]]","[""torch.float32""]","[[1, 80, 40, 40]]",22.cv3.1,forward,False,156560,,1331200,,35,9.8649,9.0333,2.5072
22.cv3.1.0,6cfe7a34bafabeb5,Conv,"{""class"": ""Conv""}","[[1, 128, 40, 40]]","[""torch.float32""]","[[1, 80, 40, 40]]",22.cv3.1.0,forward,False,92320,,1331200,,35,5.0894,4.7101,1.2261
22.cv3.1.0.conv,cf10d05c58765374,Conv2d,"{""bias"": null, ""class"": ""Conv2d"", ""dilation"": [1, 1], ""groups"": 1, ""in_channels"": 128, ""kernel_size"": [3, 3], ""out_channels"": 80, ""padding"": [1, 1], ""stride"": [1, 1]}","[[1, 128, 40, 40]]","[""torch.float32""]","[[1, 80, 40, 40]]",22.cv3.1.0.conv,forward,True,92160,147456000,1331200,110.7692,35,4.4307,4.1485,0.9946
22.cv3.1.0.bn,65f81afcbddebd64,BatchNorm2d,"{""bias"": ""Parameter containing:\ntensor([-5.0201e-03, -2.3083e-01, -2.8961e-02,  4.5874e-01,  1.7852e+00, -8.0176e-01, -1.0498e+00,  6.2891e-01, -7.5830e-01, -1.0527e+00, -1.2510e+00,  6.2451e-01, -6.8420e-02, -1.2021e+00, -2.6562e+00,  4.1431e-01, -3.3813e-01,  1.6138e-01, -2.9492e-01, -5.1117e-02, -2.7173e-01,  7.5049e-01, -1.4863e+00, -5.2002e-01,\n         1.2878e-01, -1.0527e+00, -4.3872e-01, -1.0244e+00, -2.1765e-01,  2.5513e-01,  2.0911e-01, -4.5923e-01, -1.7900e+00, -7.3438e-01, -3.4619e-01, -3.1348e-01, -5.3125e-01, -2.4043e+00, -4.8071e-01, -2.8091e-02, -3.8208e-01, -2.9736e-01, -4.0009e-02, -9.3311e-01, -5.5176e-01,  4.3188e-01,  3.3496e-01, -1.8018e+00,\n        -2.1509e-01, -2.5293e-01, -1.1562e+00, -1.8574e+00, -2.3572e-01,  9.8389e-02,  1.7990e-02, -9.2926e-03, -5.6305e-02, -3.6255e-01, -9.0674e-01, -2.1914e+00,  1.8652e-01, -6.6943e-01, -1.3953e-01, -6.3770e-01, -1.3213e+00, -2.6733e-01, -1.3467e+00, -6.7041e-01, -1.1289e+00, -8.1738e-01, -1.0938e+00,  2.5043e-03,\n        -7.0410e-01, -6.3232e-02,  2.9639e-01, -8.4961e-02, -3.3765e-01, -1.1670e+00, -6.6748e-01, -3.8025e-02])"", ""class"": ""BatchNorm2d"", ""eps"": 0.001}","[[1, 80, 40, 40]]","[""torch.float32""]","[[1, 80, 40, 40]]",22.cv3.1.0.bn,forward,True,160,,1024000,,35,0.1979,0.1676,0.0975
22.cv3.1.1,4ca316e081069dfb,Conv,"{""class"": ""Conv""}","[[1, 80, 40, 40]]","[""torch.float32""]","[[1, 80, 40, 40]]",22.cv3.1.1,forward,False,57760,,1024000,,35,3.4641,3.1061,1.1086
22.cv3.1.1.conv,1fcc7bee2ad76d70,Conv2d,"{""bias"": null, ""class"": ""Conv2d"", ""dilation"": [1, 1], ""groups"": 1, ""in_channels"": 80, ""kernel_size"": [3, 3], ""out_channels"": 80, ""padding"": [1, 1], ""stride"": [1, 1]}","[[1, 80, 40, 40]]","[""torch.float32""]","[[1, 80, 40, 40]]",22.cv3.1.1.conv,forward,True,57600,92160000,1024000,90.0,35,2.7445,2.2063,0.9468
22.cv3.1.1.bn,975c9a1817766aea,BatchNorm2d,"{""bias"": ""Parameter containing:\ntensor([ 1.2480,  0.5581,  2.8945,  0.2219,  0.0841,  1.0996,  0.5059,  1.5117,  0.1345,  0.4141,  0.8662,  1.5869,  3.4883,  1.5898,  1.4160,  0.1853, -0.4097,  0.2722,  0.1534,  0.4380,  1.0342,  1.1221,  0.4612,  2.9434, -0.0905,  1.4365,  0.6143,  3.2012,  0.8013, -0.0122,  1.4082,  0.8628,  2.5977,  0.2957,\n         1.6562,  0.7397,  2.1543,  0.1814,  0.2800,  0.9404,  1.6553,  0.3342,  0.7925,  3.1055,  0.3708,  0.6748,  2.8633,  0.7852,  1.2793,  3.3047,  6.8008,  1.4482,  3.6777,  0.4692,  0.3689,  0.4521,  2.4492,  1.0791, -0.1625,  0.1400,  0.8906,  4.0273, -0.3679,  0.3467,  0.4910,  0.9229, -0.4521,  2.4668,\n         1.8359,  0.6782,  0.4497,  0.3721,  0.2102,  1.4756,  5.7422,  1.3555, -0.2224,  4.9922,  3.5664,  0.6270])"", ""class"": ""BatchNorm2d"", ""eps"": 0.001}","[[1, 80, 40, 40]]","[""torch.float32""]","[[1, 80, 40, 40]]",22.cv3.1.1.bn,forward,True,160,,1024000,,35,0.1974,0.1608,0.0833
22.cv3.1.2,0d8aaa8739a05bf4,Conv2d,"{""bias"": ""Parameter containing:\ntensor([ -6.4688, -10.7578,  -9.0625, -10.6719, -10.9062, -10.8828, -10.5625, -10.2734, -10.3047, -10.6875, -11.4062, -11.7109, -11.4766,  -9.9219,  -9.9844, -10.0156,  -9.9688, -10.3984, -10.6016, -10.3047, -10.4844, -11.0625, -10.8750, -10.5781, -10.4531,  -9.5938, -10.4062, -10.6719,  -9.8516, -11.6094, -11.0938,\n        -11.3125, -11.5938, -10.8438, -11.1719, -11.4922, -10.8203, -10.6953, -11.0547,  -9.7344, -10.6875,  -9.6250, -10.9766, -10.8047, -11.1719,  -9.8672,  -9.5859, -10.2109, -10.5781, -10.2266, -10.0547, -10.4062, -11.0938, -10.7734, -10.2656, -10.3047,  -8.5859, -10.0156,  -9.7891, -10.3906,  -9.4062, -10.4766,\n        -10.3828, -10.5703, -11.7500, -11.2578, -11.0625, -11.0000, -11.4219, -10.6562, -11.8594, -10.6016, -10.6562,  -9.8203, -11.0078, -10.6250, -11.1328, -10.0156, -11.6875, -11.2344])"", ""class"": ""Conv2d"", ""dilation"": [1, 1], ""groups"": 1, ""in_channels"": 80, ""kernel_size"": [1, 1], ""out_channels"": 80, ""padding"": [0, 0], ""stride"": [1, 1]}","[[1, 80, 40, 40]]","[""torch.float32""]","[[1, 80, 40, 40]]",22.cv3.1.2,forward,True,6480,10240000,1024000,10.0,35,1.1726,0.8574,0.6329
22.cv3.2,27a5bc3647bf7fdc,Sequential,"{""class"": ""Sequential""}","[[1, 256, 20, 20]]","[""torch.float32""]","[[1, 80, 20, 20]]",22.cv3.2,forward,False,248720,,537600,,35,5.2375,5.0147,0.8416
22.cv3.2.0,0ed1c23cf9110f7a,Conv,"{""class"": ""Conv""}","[[1, 256, 20, 20]]","[""torch.float32""]","[[1, 80, 20, 20]]",22.cv3.2.0,forward,False,184480,,537600,,35,3.1784,3.0994,0.8651
22.cv3.2.0.conv,69b500be2b8e5010,Conv2d,"{""bias"": null, ""class"": ""Conv2d"", ""dilation"": [1, 1], ""groups"": 1, ""in_channels"": 256, ""kernel_size"": [3, 3], ""out_channels"": 80, ""padding"": [1, 1], ""stride"": [1, 1]}","[[1, 256, 20, 20]]","[""torch.float32""]","[[1, 80, 20, 20]]",22.cv3.2.0.conv,forward,True,184320,73728000,537600,137.1429,35,2.4206,1.995,0.8492
22.cv3.2.0.bn,01bbfc2a7b659178,BatchNorm2d,"{""bias"": ""Parameter containing:\ntensor([-8.3389e-03, -7.9834e-02,  2.0312e-01,  1.9495e-01, -6.9275e-02, -7.0923e-02,  4.6948e-01,  3.3252e-01, -5.5273e-01, -1.1993e-01, -3.9600e-01, -2.1602e+00, -1.2881e+00, -3.2227e-01, -1.9922e+00,  6.7174e-05,  1.7441e+00, -1.2236e+00, -1.9885e-01,  5.3375e-02, -9.6924e-01, -7.6172e-01,  3.0493e-01,  1.4001e-01,\n        -1.2769e-01, -2.5742e+00,  5.1514e-01, -2.4817e-01, -8.9062e-01,  1.8689e-01,  5.2051e-01,  3.7329e-01, -2.1143e-01, -5.8057e-01,  9.2834e-02,  4.4531e-01, -3.4570e-01, -6.0059e-01,  3.3984e-01, -2.2363e-01,  6.6895e-01, -5.7129e-01,  1.3885e-02, -7.6807e-01,  5.3564e-01, -5.3418e-01,  2.9846e-02,  6.4331e-02,\n         4.1046e-03, -1.3159e-01,  1.6199e-01, -1.9961e+00, -5.4248e-01, -3.2090e+00, -1.3885e-02,  1.4172e-01, -1.0957e+00, -4.2212e-01,  2.8979e-01, -1.4043e+00, -2.3254e-02, -1.2803e+00, -5.2002e-01, -7.8174e-01, -4.9976e-01,  4.8340e-01, -1.6143e+00, -4.1357e-01,  2.1643e-01,  1.9092e-01,  2.5244e-01,  1.9714e-01,\n        -1.6809e-01, -1.9556e-01,  4.1064e-01, -3.2983e-01, -1.1395e-01,  1.1101e-02,  7.9492e-01, -1.2842e-01])"", ""class"": ""BatchNorm2d"", ""eps"": 0.001}","[[1, 80, 20, 20]]","[""torch.float32""]","[[1, 80, 20, 20]]",22.cv3.2.0.bn,forward,True,160,,256000,,35,0.4073,0.169,0.3472
22.cv3.2.1,d788e5b6efab7265,Conv,"{""class"": ""Conv""}","[[1, 80, 20, 20]]","[""torch.float32""]","[[1, 80, 20, 20]]",22.cv3.2.1,forward,False,57760,,256000,,35,1.4183,1.2843,0.458
22.cv3.2.1.conv,68ce4d7f9a12e49f,Conv2d,"{""bias"": null, ""class"": ""Conv2d"", ""dilation"": [1, 1], ""groups"": 1, ""in_channels"": 80, ""kernel_size"": [3, 3], ""out_channels"": 80, ""padding"": [1, 1], ""stride"": [1, 1]}","[[1, 80, 20, 20]]","[""torch.float32""]","[[1, 80, 20, 20]]",22.cv3.2.1.conv,forward,True,57600,23040000,256000,90.0,35,1.0304,0.8938,0.4421
22.cv3.2.1.bn,7b662e735130a29b,BatchNorm2d,"{""bias"": ""Parameter containing:\ntensor([ 3.9864e-03,  1.1768e+00,  3.3472e-01,  1.7637e+00,  3.6230e+00,  4.6797e+00,  1.6035e+00,  2.5903e-01,  9.0576e-01,  1.9551e+00,  1.3818e+00,  1.0537e+00,  1.3594e+00,  1.1572e+00,  3.2617e+00,  6.2793e-01,  9.3604e-01,  8.8184e-01,  4.5156e+00,  2.9160e+00,  4.3701e-01,  3.9180e+00,  6.8311e-01,  1.1699e+00,\n         3.1895e+00,  1.7070e+00,  1.5195e+00,  5.8105e-02,  6.1992e+00,  3.3783e-02,  6.0840e-01,  3.5010e-01,  1.1533e+00,  1.4612e-01,  3.3302e-03,  9.4824e-01,  5.9912e-01, -3.4302e-01,  6.9678e-01,  1.1807e+00,  1.3486e+00,  3.6768e-01,  7.3193e-01,  6.0303e-01,  2.3691e+00,  8.6621e-01, -5.9766e-01, -1.2183e-01,\n         1.3330e+00,  4.8281e+00,  1.7749e-01,  4.0391e+00,  4.1724e-01, -2.2791e-01,  7.1436e-01,  1.3457e+00,  7.1045e-01,  1.1631e+00,  7.0410e-01,  1.7871e+00,  2.8613e+00,  1.0576e+00,  1.3828e+00,  2.2285e+00,  1.7002e+00,  2.2754e+00,  7.3779e-01,  9.8242e-01,  1.5918e+00,  6.8555e-01,  7.3828e-01,  3.8721e-01,\n         1.1562e+00,  4.1919e-01,  2.7988e+00,  1.9131e+00,  4.2822e-01,  6.8164e-01, -3.7280e-01,  1.0713e+00])"", ""class"": ""BatchNorm2d"", ""eps"": 0.001}","[[1, 80, 20, 20]]","[""torch.float32""]","[[1, 80, 20, 20]]",22.cv3.2.1.bn,forward,True,160,,256000,,35,0.0869,0.0751,0.0323
22.cv3.2.2,f09af9c646b82cd5,Conv2d,"{""bias"": ""Parameter containing:\ntensor([ -5.4961,  -9.6094,  -8.6406,  -9.0938,  -9.2656,  -9.4609,  -8.9609,  -8.8828,  -9.2031, -10.1094,  -9.9766, -10.2422, -10.2188,  -8.7969,  -9.7500,  -8.7578,  -8.8828,  -9.2891,  -9.7344,  -9.3984,  -9.2500,  -9.8906,  -9.7969,  -9.2734, -10.1562,  -9.0234,  -9.8516,  -9.9531,  -8.9453, -10.4531,  -9.9844,\n        -10.2656, -10.4453, -10.1875, -10.2656, -10.3672, -10.0078,  -9.8750, -10.2734,  -9.9844, -10.0391,  -9.7656, -10.2422, -10.0078, -10.2578,  -8.5781,  -9.5469, -10.1094,  -9.5469, -10.0078,  -9.9688, -10.2188, -10.0391,  -9.3984,  -9.9844,  -9.2344,  -8.4141,  -8.5469,  -9.1875,  -8.0391,  -6.2305,  -9.4375,\n         -9.2344,  -9.3203, -10.4141, -10.3672,  -9.8516, -10.1875, -10.1875,  -9.3047, -10.5469,  -9.4531,  -9.3516,  -9.5938, -10.0625, -10.0625, -10.0156,  -9.1484, -10.4766, -10.1328])"", ""class"": ""Conv2d"", ""dilation"": [1, 1], ""groups"": 1, ""in_channels"": 80, ""kernel_size"": [1, 1], ""out_channels"": 80, ""padding"": [0, 0], ""stride"": [1, 1]}","[[1, 80, 20, 20]]","[""torch.float32""]","[[1, 80, 20, 20]]",22.cv3.2.2,forward,True,6480,2560000,256000,10.0,35,0.5251,0.4028,0.2799
22.dfl,61e4aa0ff4088f9d,DFL,"{""class"": ""DFL""}","[[1, 64, 8400]]","[""torch.float32""]","[[1, 4, 8400]]",22.dfl,forward,False,16,,2284800,,35,4.2423,3.978,0.8777
22.dfl.conv,bf0911eb81b17c13,Conv2d,"{""bias"": null, ""class"": ""Conv2d"", ""dilation"": [1, 1], ""groups"": 1, ""in_channels"": 16, ""kernel_size"": [1, 1], ""out_channels"": 1, ""padding"": [0, 0], ""stride"": [1, 1]}","[[1, 16, 4, 8400]]","[""torch.float32""]","[[1, 1, 4, 8400]]",22.dfl.conv,forward,True,16,537600,2284800,0.2353,35,1.8895,1.6295,0.4557
22.proto,02da4fc2917c783f,Proto,"{""class"": ""Proto""}","[[1, 64, 80, 80]]","[""torch.float32""]","[[1, 32, 160, 160]]",22.proto,forward,False,92544,,4915200,,35,86.8573,85.9046,3.0689
22.proto.cv1,8edda4b0b28cfff8,Conv,"{""class"": ""Conv""}","[[1, 64, 80, 80]]","[""torch.float32""]","[[1, 64, 80, 80]]",22.proto.cv1,forward,False,36992,,3276800,,35,8.7992,8.2712,1.6173
22.proto.cv1.conv,b3d3d746de5ca8f5,Conv2d,"{""bias"": null, ""class"": ""Conv2d"", ""dilation"": [1, 1], ""groups"": 1, ""in_channels"": 64, ""kernel_size"": [3, 3], ""out_channels"": 64, ""padding"": [1, 1], ""stride"": [1, 1]}","[[1, 64, 80, 80]]","[""torch.float32""]","[[1, 64, 80, 80]]",22.proto.cv1.conv,forward,True,36864,235929600,3276800,72.0,35,7.3638,6.7822,1.6402
22.proto.cv1.bn,24ec96c769643c18,BatchNorm2d,"{""bias"": ""Parameter containing:\ntensor([-0.3545, -0.4324, -0.2227, -1.4600,  0.2382,  0.6548, -0.7437,  0.4668,  1.1816, -0.4749, -1.3965, -0.2343, -0.0986, -0.5635,  0.0952, -0.7578,  0.1923, -0.5024, -0.1324, -0.7446, -0.2155, -1.0098, -0.1653,  0.1837,  1.0078, -1.6172, -0.6929, -0.2854,  0.8037, -0.2246, -0.3943, -0.6636, -0.2026,  0.2920,\n        -1.0762, -0.4329, -0.4395, -0.0429, -0.7529,  0.9663, -0.7144, -0.3831, -1.0361, -0.1010,  1.0215, -0.3542, -0.2690, -0.8027, -0.3298,  0.2300, -0.2673,  0.1827,  0.9712, -0.3679,  0.1060,  0.9424, -0.8120, -1.1318, -0.7915,  0.0981,  0.2693,  1.7842,  0.5781,  0.5547])"", ""class"": ""BatchNorm2d"", ""eps"": 0.001}","[[1, 64, 80, 80]]","[""torch.float32""]","[[1, 64, 80, 80]]",22.proto.cv1.bn,forward,True,128,,3276800,,35,0.6058,0.5522,0.1518
22.proto.upsample,fed19b6923c4addf,ConvTranspose2d,"{""bias"": ""Parameter containing:\ntensor([ 0.2646, -0.0545,  0.3262, -0.0396, -0.1047,  0.0394, -0.1293, -0.0062, -0.0667, -0.0297, -0.2347, -0.1122, -0.0287, -0.0551, -0.0036,  0.0312, -0.1594, -0.0040,  0.0145, -0.0119,  0.1915, -0.1539, -0.1519,  0.0630,  0.0704,  0.0143,  0.0823,  0.0627,  0.0040,  0.0234,  0.0502, -0.0516,  0.0536, -0.0112,\n         0.1799, -0.1521, -0.0797,  0.0198,  0.1065, -0.0797,  0.1747, -0.1312,  0.0188, -0.0020, -0.0370,  0.0147,  0.0776, -0.0946, -0.0468, -0.0391, -0.1389,  0.0143,  0.0038, -0.1522, -0.1044, -0.1208, -0.0363, -0.0569, -0.0266,  0.1049, -0.0859,  0.0929, -0.0848, -0.0349])"", ""class"": ""ConvTranspose2d"", ""dilation"": [1, 1], ""groups"": 1, ""in_channels"": 64, ""kernel_size"": [2, 2], ""out_channels"": 64, ""padding"": [0, 0], ""stride"": [2, 2]}","[[1, 64, 80, 80]]","[""torch.float32""]","[[1, 64, 160, 160]]",22.proto.upsample,forward,True,16448,419430400,8192000,51.2,35,27.4401,27.1577,1.1017
22.proto.cv2,cfb3d7160708135c,Conv,"{""class"": ""Conv""}","[[1, 64, 160, 160]]","[""torch.float32""]","[[1, 64, 160, 160]]",22.proto.cv2,forward,False,36992,,13107200,,35,37.4609,36.8646,1.7603
22.proto.cv2.conv,b9fcfe2cc9c2fc97,Conv2d,"{""bias"": null, ""class"": ""Conv2d"", ""dilation"": [1, 1], ""groups"": 1, ""in_channels"": 64, ""kernel_size"": [3, 3], ""out_channels"": 64, ""padding"": [1, 1], ""stride"": [1, 1]}","[[1, 64, 160, 160]]","[""torch.float32""]","[[1, 64, 160, 160]]",22.proto.cv2.conv,forward,True,36864,943718400,13107200,72.0,35,32.5289,32.0822,1.7724
22.proto.cv2.bn,9505e1afe80f7a72,BatchNorm2d,"{""bias"": ""Parameter containing:\ntensor([-1.2227, -1.1475, -0.8516, -2.4453, -0.9409, -0.8857,  0.2651, -0.9995, -0.0434, -0.5874, -1.1387, -1.1689,  0.2305, -0.3359, -0.9883, -0.7480, -1.2490, -0.6562, -0.8101,  0.2197, -0.8003, -0.5957, -0.5498, -0.4924,  0.3584, -0.8076, -0.2834, -0.4890,  0.2581, -1.0088, -1.0146, -1.0879, -0.2705, -0.4058,\n        -0.1825, -1.3115,  0.7222, -0.6919, -1.0498, -0.8149, -0.8926, -0.6943, -0.8394,  0.1186, -0.8086, -0.7388, -0.9795, -0.3120, -0.3635, -0.8242, -0.8589, -0.7300, -0.3508,  0.4290, -0.6016, -0.3125, -0.7334, -0.8730, -0.1885, -0.7139, -0.7012,  0.0106,  0.1777, -0.8740])"", ""class"": ""BatchNorm2d"", ""eps"": 0.001}","[[1, 64, 160, 160]]","[""torch.float32""]","[[1, 64, 160, 160]]",22.proto.cv2.bn,forward,True,128,,13107200,,35,2.1364,2.0894,0.2316
22.proto.cv3,cfb3d7160708135c,Conv,"{""class"": ""Conv""}","[[1, 64, 160, 160]]","[""torch.float32""]","[[1, 32, 160, 160]]",22.proto.cv3,forward,False,2112,,9830400,,35,12.1001,11.8322,0.9643
22.proto.cv3.conv,8c5b4f676d819aed,Conv2d,"{""bias"": null, ""class"": ""Conv2d"", ""dilation"": [1, 1], ""groups"": 1, ""in_channels"": 64, ""kernel_size"": [1, 1], ""out_channels"": 32, ""padding"": [0, 0], ""stride"": [1, 1]}","[[1, 64, 160, 160]]","[""torch.float32""]","[[1, 32, 160, 160]]",22.proto.cv3.conv,forward,True,2048,52428800,9830400,5.3333,35,9.6837,9.5258,0.9368
22.proto.cv3.bn,f3eba1a9d4784f59,BatchNorm2d,"{""bias"": ""Parameter containing:\ntensor([ 0.7676, -0.5347, -0.3179,  1.3223,  0.2898,  0.2380,  0.0178,  0.6235,  0.1295,  0.4331,  1.0332,  1.0996, -0.4773,  0.6079,  0.3694, -0.1071,  0.5200,  0.6108,  0.7842, -0.2625, -0.2085,  0.6792,  0.5771,  0.5405,  0.3276,  0.4932,  0.5903,  0.5098,  0.5420,  0.4338,  0.6812,  0.0851])"", ""class"": ""BatchNorm2d"", ""eps"": 0.001}","[[1, 32, 160, 160]]","[""torch.float32""]","[[1, 32, 160, 160]]",22.proto.cv3.bn,forward,True,64,,6553600,,35,0.9925,0.9094,0.3158
22.cv4.0,7fd7f009284314a8,Sequential,"{""class"": ""Sequential""}","[[1, 64, 80, 80]]","[""torch.float32""]","[[1, 32, 80, 80]]",22.cv4.0,forward,False,28832,,2457600,,35,10.4262,9.6227,2.1323
22.cv4.0.0,8edda4b0b28cfff8,Conv,"{""class"": ""Conv""}","[[1, 64, 80, 80]]","[""torch.float32""]","[[1, 32, 80, 80]]",22.cv4.0.0,forward,False,18496,,2457600,,35,5.1573,4.7887,1.2338
22.cv4.0.0.conv,b08f150be041e383,Conv2d,"{""bias"": null, ""class"": ""Conv2d"", ""dilation"": [1, 1], ""groups"": 1, ""in_channels"": 64, ""kernel_size"": [3, 3], ""out_channels"": 32, ""padding"": [1, 1], ""stride"": [1, 1]}","[[1, 64, 80, 80]]","[""torch.float32""]","[[1, 32, 80, 80]]",22.cv4.0.0.conv,forward,True,18432,117964800,2457600,48.0,35,4.3147,4.0501,1.1826
22.cv4.0.0.bn,d805c52a36d9fa8f,BatchNorm2d,"{""bias"": ""Parameter containing:\ntensor([-0.4297, -0.4316,  0.2625, -0.1444, -0.8936, -0.2544,  0.8306, -0.8760, -0.4023, -0.0390, -0.4775,  0.5801, -0.3115, -0.1815, -0.2644, -0.5366,  0.0278, -0.1311,  0.0353,  0.3049, -0.3079,  0.1350,  0.5967, -0.3184, -0.5176, -0.6846,  1.2959, -0.1801, -0.3242,  0.0981, -0.0889, -1.1973])"", ""class"": ""BatchNorm2d"", ""eps"": 0.001}","[[1, 32, 80, 80]]","[""torch.float32""]","[[1, 32, 80, 80]]",22.cv4.0.0.bn,forward,True,64,,1638400,,35,0.3132,0.1777,0.2922
22.cv4.0.1,a5cf2816ac5c4970,Conv,"{""class"": ""Conv""}","[[1, 32, 80, 80]]","[""torch.float32""]","[[1, 32, 80, 80]]",22.cv4.0.1,forward,False,9280,,1638400,,35,3.5225,3.0106,1.2885
22.cv4.0.1.conv,a56f708ca00677f8,Conv2d,"{""bias"": null, ""class"": ""Conv2d"", ""dilation"": [1, 1], ""groups"": 1, ""in_channels"": 32, ""kernel_size"": [3, 3], ""out_channels"": 32, ""padding"": [1, 1], ""stride"": [1, 1]}","[[1, 32, 80, 80]]","[""torch.float32""]","[[1, 32, 80, 80]]",22.cv4.0.1.conv,forward,True,9216,58982400,1638400,36.0,35,2.5134,1.9558,1.1542
22.cv4.0.1.bn,c00875a44ccd6a45,BatchNorm2d,"{""bias"": ""Parameter containing:\ntensor([ 0.1497,  0.1597, -0.3269,  1.0625,  0.2133,  0.3882,  0.2402, -0.0954,  1.6162, -0.3271,  0.6279, -0.1666,  0.2742,  1.1016, -0.1672,  0.0729, -0.0839,  0.8159,  0.8125,  0.2443,  1.1348,  0.5098, -0.0381,  0.3252, -0.7529,  0.6519,  1.4004,  0.7002,  0.3989, -0.0757,  0.6963,  0.4714])"", ""class"": ""BatchNorm2d"", ""eps"": 0.001}","[[1, 32, 80, 80]]","[""torch.float32""]","[[1, 32, 80, 80]]",22.cv4.0.1.bn,forward,True,64,,1638400,,35,0.3434,0.3115,0.1143
22.cv4.0.2,2346136783f2e5b3,Conv2d,"{""bias"": ""Parameter containing:\ntensor([-0.0192,  0.0751, -0.1129, -0.8794, -0.2686, -0.1725, -0.0786,  0.0573, -0.2067, -0.0387, -1.0352,  0.3928, -0.2433,  1.1250, -0.2019, -0.1667, -0.2903,  0.1097, -0.1902, -0.2756, -0.1267,  0.0557,  0.0621, -0.3118, -0.1799,  0.3179, -0.0222, -0.1106,  0.2491,  0.1849, -0.0192, -0.2290])"", ""class"": ""Conv2d"", ""dilation"": [1, 1], ""groups"": 1, ""in_channels"": 32, ""kernel_size"": [1, 1], ""out_channels"": 32, ""padding"": [0, 0], ""stride"": [1, 1]}","[[1, 32, 80, 80]]","[""torch.float32""]","[[1, 32, 80, 80]]",22.cv4.0.2,forward,True,1056,6553600,1638400,4.0,35,1.6037,1.3136,0.6531
22.cv4.1,ba2148944390f9e3,Sequential,"{""class"": ""Sequential""}","[[1, 128, 40, 40]]","[""torch.float32""]","[[1, 32, 40, 40]]",22.cv4.1,forward,False,47264,,1024000,,35,4.9348,4.2268,1.9628
22.cv4.1.0,6cfe7a34bafabeb5,Conv,"{""class"": ""Conv""}","[[1, 128, 40, 40]]","[""torch.float32""]","[[1, 32, 40, 40]]",22.cv4.1.0,forward,False,36928,,1024000,,35,3.1988,2.7698,1.3023
22.cv4.1.0.conv,f7814bbaac7bc6a5,Conv2d,"{""bias"": null, ""class"": ""Conv2d"", ""dilation"": [1, 1], ""groups"": 1, ""in_channels"": 128, ""kernel_size"": [3, 3], ""out_channels"": 32, ""padding"": [1, 1], ""stride"": [1, 1]}","[[1, 128, 40, 40]]","[""torch.float32""]","[[1, 32, 40, 40]]",22.cv4.1.0.conv,forward,True,36864,58982400,1024000,57.6,35,2.6449,2.3012,1.2728
22.cv4.1.0.bn,828bdc36337435ba,BatchNorm2d,"{""bias"": ""Parameter containing:\ntensor([-0.7998, -0.2344,  0.0118, -0.3904, -0.4292, -0.5552, -0.2754, -0.2502,  0.1753, -1.1865, -0.0086, -0.4436,  0.4443, -0.2998, -0.7461, -0.5527, -0.6143,  0.5791,  1.2549,  0.4167, -0.4478,  0.0171, -0.4541,  0.4116, -0.0347,  0.2761,  0.1329, -0.7358, -0.1569, -0.0997, -0.7358, -0.8389])"", ""class"": ""BatchNorm2d"", ""eps"": 0.001}","[[1, 32, 40, 40]]","[""torch.float32""]","[[1, 32, 40, 40]]",22.cv4.1.0.bn,forward,True,64,,409600,,35,0.1622,0.1103,0.1147
22.cv4.1.1,ff422757b22cbd6d,Conv,"{""class"": ""Conv""}","[[1, 32, 40, 40]]","[""torch.float32""]","[[1, 32, 40, 40]]",22.cv4.1.1,forward,False,9280,,409600,,35,1.1825,0.9809,0.6489
22.cv4.1.1.conv,6af1d808b48a0024,Conv2d,"{""bias"": null, ""class"": ""Conv2d"", ""dilation"": [1, 1], ""groups"": 1, ""in_channels"": 32, ""kernel_size"": [3, 3], ""out_channels"": 32, ""padding"": [1, 1], ""stride"": [1, 1]}","[[1, 32, 40, 40]]","[""torch.float32""]","[[1, 32, 40, 40]]",22.cv4.1.1.conv,forward,True,9216,14745600,409600,36.0,35,0.8086,0.6622,0.5091
22.cv4.1.1.bn,7c8f30a2c36a1442,BatchNorm2d,"{""bias"": ""Parameter containing:\ntensor([ 0.1438,  0.5840, -0.1295,  0.2139,  0.7393, -0.4924, -0.1327, -0.1212,  0.2261,  0.0644,  0.7427, -0.2312, -1.1035,  0.1925,  0.9287,  0.1383,  1.2227,  0.7676, -0.3494,  0.3413,  0.3079,  0.3887,  0.2952,  0.8389,  0.8906,  0.1689, -0.1832, -0.1101, -1.0967,  0.9707, -0.1766,  0.9414])"", ""class"": ""BatchNorm2d"", ""eps"": 0.001}","[[1, 32, 40, 40]]","[""torch.float32""]","[[1, 32, 40, 40]]",22.cv4.1.1.bn,forward,True,64,,409600,,35,0.0986,0.0792,0.0754
22.cv4.1.2,275ef00b4fa94a21,Conv2d,"{""bias"": ""Parameter containing:\ntensor([-0.0906, -0.4956, -0.3513, -0.4785,  0.7207, -0.0740, -0.0281,  0.1271, -0.0585, -0.0349, -0.2476, -0.1541, -0.2935,  0.9326, -0.2722, -0.0013, -0.3809,  0.0058, -0.1624, -0.3420, -0.2184, -0.2595,  0.1616, -0.1692, -0.2269,  0.3650, -0.0856, -0.2306,  0.3337,  0.0714, -0.0310, -0.1270])"", ""class"": ""Conv2d"", ""dilation"": [1, 1], ""groups"": 1, ""in_channels"": 32, ""kernel_size"": [1, 1], ""out_channels"": 32, ""padding"": [0, 0], ""stride"": [1, 1]}","[[1, 32, 40, 40]]","[""torch.float32""]","[[1, 32, 40, 40]]",22.cv4.1.2,forward,True,1056,1638400,409600,4.0,35,0.4403,0.3537,0.3523
22.cv4.2,27a5bc3647bf7fdc,Sequential,"{""class"": ""Sequential""}","[[1, 256, 20, 20]]","[""torch.float32""]","[[1, 32, 20, 20]]",22.cv4.2,forward,False,84128,,460800,,35,3.1877,2.9883,0.9204
22.cv4.2.0,0ed1c23cf9110f7a,Conv,"{""class"": ""Conv""}","[[1, 256, 20, 20]]","[""torch.float32""]","[[1, 32, 20, 20]]",22.cv4.2.0,forward,False,73792,,460800,,35,1.704,1.3558,0.7854
22.cv4.2.0.conv,948c3469323f066d,Conv2d,"{""bias"": null, ""class"": ""Conv2d"", ""dilation"": [1, 1], ""groups"": 1, ""in_channels"": 256, ""kernel_size"": [3, 3], ""out_channels"": 32, ""padding"": [1, 1], ""stride"": [1, 1]}","[[1, 256, 20, 20]]","[""torch.float32""]","[[1, 32, 20, 20]]",22.cv4.2.0.conv,forward,True,73728,29491200,460800,64.0,35,1.3117,1.0042,0.6673
22.cv4.2.0.bn,993a6889edc8c572,BatchNorm2d,"{""bias"": ""Parameter containing:\ntensor([-0.2878,  0.3384, -0.2024, -0.2915,  0.3403,  0.0552,  0.0274, -0.2776, -0.2458,  0.3386, -0.4314, -0.1700,  0.5283,  0.4900,  0.4399,  0.0552,  0.8447, -0.2249, -0.2446, -0.4197, -0.1072, -0.3777, -1.0117,  0.1981, -0.8184,  1.4414,  0.0850,  0.8223,  0.9209, -0.0992, -0.2494, -0.6748])"", ""class"": ""BatchNorm2d"", ""eps"": 0.001}","[[1, 32, 20, 20]]","[""torch.float32""]","[[1, 32, 20, 20]]",22.cv4.2.0.bn,forward,True,64,,102400,,35,0.1428,0.078,0.1343
22.cv4.2.1,7e0fa430fbd0c3d2,Conv,"{""class"": ""Conv""}","[[1, 32, 20, 20]]","[""torch.float32""]","[[1, 32, 20, 20]]",22.cv4.2.1,forward,False,9280,,102400,,35,1.0899,1.1732,0.4234
22.cv4.2.1.conv,7f29a595c24a710f,Conv2d,"{""bias"": null, ""class"": ""Conv2d"", ""dilation"": [1, 1], ""groups"": 1, ""in_channels"": 32, ""kernel_size"": [3, 3], ""out_channels"": 32, ""padding"": [1, 1], ""stride"": [1, 1]}","[[1, 32, 20, 20]]","[""torch.float32""]","[[1, 32, 20, 20]]",22.cv4.2.1.conv,forward,True,9216,3686400,102400,36.0,35,0.7602,0.7413,0.3899
22.cv4.2.1.bn,3b97ba2c061e6cd4,BatchNorm2d,"{""bias"": ""Parameter containing:\ntensor([ 0.6377,  0.7588,  0.0692, -0.0230,  0.7534,  0.1377,  0.7065, -0.7534,  0.0999, -0.1758,  0.3677,  0.1604, -0.2532, -0.6416,  0.3496,  0.9277,  0.1372, -0.1464,  0.0439, -0.8418,  0.4670,  0.3992,  0.2224,  0.2325,  0.5254, -0.0369,  0.5264,  0.1078,  0.1025,  0.3782,  0.3650,  0.5547])"", ""class"": ""BatchNorm2d"", ""eps"": 0.001}","[[1, 32, 20, 20]]","[""torch.float32""]","[[1, 32, 20, 20]]",22.cv4.2.1.bn,forward,True,64,,102400,,35,0.1226,0.0758,0.1326
22.cv4.2.2,f3cbf2e2252ecc79,Conv2d,"{""bias"": ""Parameter containing:\ntensor([ 0.1168, -0.6875,  0.0036, -0.3210,  0.0157, -0.0635, -0.1329,  0.0537,  0.0136,  0.1007,  0.2725, -0.1082, -0.0584,  0.4097, -0.2336,  0.0413, -0.0374,  0.0020, -0.0855, -0.6724, -0.0935, -0.1213,  0.0407, -0.1353, -0.1852,  0.2092, -0.1393, -0.1417,  0.5342, -0.3315,  0.2153, -0.0795])"", ""class"": ""Conv2d"", ""dilation"": [1, 1], ""groups"": 1, ""in_channels"": 32, ""kernel_size"": [1, 1], ""out_channels"": 32, ""padding"": [0, 0], ""stride"": [1, 1]}","[[1, 32, 20, 20]]","[""torch.float32""]","[[1, 32, 20, 20]]",22.cv4.2.2,forward,True,1056,409600,102400,4.0,35,0.2879,0.1116,0.2661
