path,config_id,class,config_json,input_shapes,input_dtypes,out_shapes,callsite,mode,leaf,params,macs,bytes_moved,arith_intensity,count,lat_mean_ms,lat_median_ms,lat_std_ms
0,42e23db398da4558,Conv,"{""class"": ""Conv""}","[[1, 3, 640, 640]]","[""torch.float32""]","[[1, 16, 320, 320]]",0,forward,False,464,,11468800,,52,21.332,21.4011,1.2425
0.conv,e9e80e79ce809963,Conv2d,"{""bias"": null, ""class"": ""Conv2d"", ""dilation"": [1, 1], ""groups"": 1, ""in_channels"": 3, ""kernel_size"": [3, 3], ""out_channels"": 16, ""padding"": [1, 1], ""stride"": [2, 2]}","[[1, 3, 640, 640]]","[""torch.float32""]","[[1, 16, 320, 320]]",0.conv,forward,True,432,44236800,11468800,3.8571,52,16.1299,16.081,1.1002
0.bn,01ffe7a213de96ba,BatchNorm2d,"{""bias"": ""Parameter containing:\ntensor([  1.3652, -10.9375,   0.8311,   1.5381,   6.6172,   1.5811,   4.4141,  -1.1455,   1.7510,   1.1084,  -7.4453,   2.1777,  -0.8311,   1.3730,  -0.2401,   1.8193])"", ""class"": ""BatchNorm2d"", ""eps"": 0.001}","[[1, 16, 320, 320]]","[""torch.float32""]","[[1, 16, 320, 320]]",0.bn,forward,True,32,,13107200,,52,2.2922,2.1733,0.2802
0.act,4db31c995deacda7,SiLU,"{""class"": ""SiLU""}","[[1, 16, 320, 320]]","[""torch.float32""]","[[1, 16, 320, 320]]",0.act,forward,True,0,,13107200,,52,2.5297,2.4066,0.4594
0.act,1af6076372ad4ede,SiLU,"{""class"": ""SiLU""}","[[1, 32, 160, 160]]","[""torch.float32""]","[[1, 32, 160, 160]]",0.act,forward,True,0,,6553600,,156,1.1971,1.0141,0.418
0.act,b52c7cb8ebd45185,SiLU,"{""class"": ""SiLU""}","[[1, 16, 160, 160]]","[""torch.float32""]","[[1, 16, 160, 160]]",0.act,forward,True,0,,3276800,,104,0.6347,0.5144,0.2828
0.act,6da5ee22b7e1d3cf,SiLU,"{""class"": ""SiLU""}","[[1, 64, 80, 80]]","[""torch.float32""]","[[1, 64, 80, 80]]",0.act,forward,True,0,,3276800,,364,0.6407,0.5149,0.2902
0.act,00936e39faf3f98f,SiLU,"{""class"": ""SiLU""}","[[1, 32, 80, 80]]","[""torch.float32""]","[[1, 32, 80, 80]]",0.act,forward,True,0,,1638400,,312,0.3457,0.2713,0.1937
0.act,dfa6db07a9cf4be1,SiLU,"{""class"": ""SiLU""}","[[1, 128, 40, 40]]","[""torch.float32""]","[[1, 128, 40, 40]]",0.act,forward,True,0,,1638400,,364,0.34,0.269,0.2162
0.act,4ea83264d9ea3f5c,SiLU,"{""class"": ""SiLU""}","[[1, 64, 40, 40]]","[""torch.float32""]","[[1, 64, 40, 40]]",0.act,forward,True,0,,819200,,572,0.1956,0.1462,0.171
0.act,a44d02841d8ceadb,SiLU,"{""class"": ""SiLU""}","[[1, 256, 20, 20]]","[""torch.float32""]","[[1, 256, 20, 20]]",0.act,forward,True,0,,819200,,312,0.2015,0.1473,0.167
0.act,0da1c08a8fae32e5,SiLU,"{""class"": ""SiLU""}","[[1, 128, 20, 20]]","[""torch.float32""]","[[1, 128, 20, 20]]",0.act,forward,True,0,,409600,,312,0.1783,0.1433,0.1509
0.act,9dd2d8c74af91af8,SiLU,"{""class"": ""SiLU""}","[[1, 64, 20, 20]]","[""torch.float32""]","[[1, 64, 20, 20]]",0.act,forward,True,0,,204800,,104,0.1432,0.1278,0.0844
0.act,65418290bafe418a,SiLU,"{""class"": ""SiLU""}","[[1, 80, 80, 80]]","[""torch.float32""]","[[1, 80, 80, 80]]",0.act,forward,True,0,,4096000,,104,0.7158,0.6381,0.2476
0.act,70499828149a886f,SiLU,"{""class"": ""SiLU""}","[[1, 80, 40, 40]]","[""torch.float32""]","[[1, 80, 40, 40]]",0.act,forward,True,0,,1024000,,104,0.2422,0.1816,0.1658
0.act,4e53e2f3fa50e788,SiLU,"{""class"": ""SiLU""}","[[1, 80, 20, 20]]","[""torch.float32""]","[[1, 80, 20, 20]]",0.act,forward,True,0,,256000,,104,0.1595,0.1535,0.024
1,e2cf841038d442ab,Conv,"{""class"": ""Conv""}","[[1, 16, 320, 320]]","[""torch.float32""]","[[1, 32, 160, 160]]",1,forward,False,4672,,9830400,,52,14.624,14.0685,1.6577
1.conv,052d8e402cda395d,Conv2d,"{""bias"": null, ""class"": ""Conv2d"", ""dilation"": [1, 1], ""groups"": 1, ""in_channels"": 16, ""kernel_size"": [3, 3], ""out_channels"": 32, ""padding"": [1, 1], ""stride"": [2, 2]}","[[1, 16, 320, 320]]","[""torch.float32""]","[[1, 32, 160, 160]]",1.conv,forward,True,4608,117964800,9830400,12.0,52,12.1124,11.5532,1.4251
1.bn,3944d5f5827ee1c4,BatchNorm2d,"{""bias"": ""Parameter containing:\ntensor([-0.4314, -0.3035,  2.6133, -0.2959, -0.2568, -0.2137,  0.2969, -0.8545,  0.0465,  2.5039,  2.8008,  1.8418,  2.1406, -0.2720, -0.3606,  2.2598,  1.4834, -0.5190,  1.4531, -0.4299,  1.1895,  0.0609, -0.4204, -0.4275, -0.2207,  2.7832,  1.7207, -0.2227,  1.7764,  1.9424,  5.4414,  3.0215])"", ""class"": ""BatchNorm2d"", ""eps"": 0.001}","[[1, 32, 160, 160]]","[""torch.float32""]","[[1, 32, 160, 160]]",1.bn,forward,True,64,,6553600,,52,1.0448,0.9021,0.295
2,82c9d69c141b9cb8,C2f,"{""class"": ""C2f""}","[[1, 32, 160, 160]]","[""torch.float32""]","[[1, 32, 160, 160]]",2,forward,False,7360,,6553600,,52,37.7892,36.9762,3.241
2.cv1,ea61c0287e4f03da,Conv,"{""class"": ""Conv""}","[[1, 32, 160, 160]]","[""torch.float32""]","[[1, 32, 160, 160]]",2.cv1,forward,False,1088,,6553600,,52,10.7413,10.6207,0.8184
2.cv1.conv,f98c3bd3e95e4191,Conv2d,"{""bias"": null, ""class"": ""Conv2d"", ""dilation"": [1, 1], ""groups"": 1, ""in_channels"": 32, ""kernel_size"": [1, 1], ""out_channels"": 32, ""padding"": [0, 0], ""stride"": [1, 1]}","[[1, 32, 160, 160]]","[""torch.float32""]","[[1, 32, 160, 160]]",2.cv1.conv,forward,True,1024,26214400,6553600,4.0,52,8.3577,8.1848,0.7406
2.cv1.bn,cb173b91e5dd7796,BatchNorm2d,"{""bias"": ""Parameter containing:\ntensor([ 1.3604e+00, -5.0586e-01,  1.5049e+00,  2.4277e+00,  2.5520e-03,  2.3613e+00,  2.8047e+00,  1.8350e+00, -1.7834e-01,  2.0938e+00,  7.7002e-01, -2.2229e-01, -9.3066e-01,  2.3945e+00, -5.9131e-01, -2.2773e+00,  2.6641e+00, -1.6475e+00,  2.9419e-01,  7.1338e-01,  1.4033e+00,  1.0781e+00, -2.6245e-01,  8.8330e-01,\n         7.3914e-02,  1.5928e+00,  7.4463e-01,  1.5947e+00,  1.9189e-01,  1.6289e+00, -1.3809e+00,  3.2363e+00])"", ""class"": ""BatchNorm2d"", ""eps"": 0.001}","[[1, 32, 160, 160]]","[""torch.float32""]","[[1, 32, 160, 160]]",2.cv1.bn,forward,True,64,,6553600,,52,1.0265,0.9272,0.2457
2.cv2,e32c333ba99dc233,Conv,"{""class"": ""Conv""}","[[1, 48, 160, 160]]","[""torch.float32""]","[[1, 32, 160, 160]]",2.cv2,forward,False,1600,,8192000,,52,12.098,11.8656,1.0701
2.cv2.conv,7b61872bd0c94d98,Conv2d,"{""bias"": null, ""class"": ""Conv2d"", ""dilation"": [1, 1], ""groups"": 1, ""in_channels"": 48, ""kernel_size"": [1, 1], ""out_channels"": 32, ""padding"": [0, 0], ""stride"": [1, 1]}","[[1, 48, 160, 160]]","[""torch.float32""]","[[1, 32, 160, 160]]",2.cv2.conv,forward,True,1536,39321600,8192000,4.8,52,9.363,9.2904,0.7343
2.cv2.bn,102fd5f97d14fb16,BatchNorm2d,"{""bias"": ""Parameter containing:\ntensor([ 1.6836,  0.3135,  1.9443,  0.4663,  2.7812,  1.0850,  0.1935,  0.6245,  1.2139,  0.8794,  1.3506, -0.5425,  1.5371,  1.7021,  0.5547, -0.9473,  1.3115,  0.1874,  0.7871,  0.2720, -0.4426,  2.3281, -1.8584,  0.6328, -1.6230,  1.9473,  0.6323,  0.4407, -0.4758,  0.2981, -0.3950, -1.4756])"", ""class"": ""BatchNorm2d"", ""eps"": 0.001}","[[1, 32, 160, 160]]","[""torch.float32""]","[[1, 32, 160, 160]]",2.cv2.bn,forward,True,64,,6553600,,52,1.2399,1.1305,0.2427
2.m.0,7a1322299d728301,Bottleneck,"{""class"": ""Bottleneck""}","[[1, 16, 160, 160]]","[""torch.float32""]","[[1, 16, 160, 160]]",2.m.0,forward,False,4672,,3276800,,52,12.9011,11.8868,2.4943
2.m.0.cv1,d796adc0a54e5a83,Conv,"{""class"": ""Conv""}","[[1, 16, 160, 160]]","[""torch.float32""]","[[1, 16, 160, 160]]",2.m.0.cv1,forward,False,2336,,3276800,,52,6.004,5.4664,1.4939
2.m.0.cv1.conv,a96e8bd5065c8d15,Conv2d,"{""bias"": null, ""class"": ""Conv2d"", ""dilation"": [1, 1], ""groups"": 1, ""in_channels"": 16, ""kernel_size"": [3, 3], ""out_channels"": 16, ""padding"": [1, 1], ""stride"": [1, 1]}","[[1, 16, 160, 160]]","[""torch.float32""]","[[1, 16, 160, 160]]",2.m.0.cv1.conv,forward,True,2304,58982400,3276800,18.0,52,4.642,4.2732,1.1669
2.m.0.cv1.bn,1deab2ccafdf2d22,BatchNorm2d,"{""bias"": ""Parameter containing:\ntensor([ 1.6006e+00,  2.7637e+00,  1.2852e+00,  1.3652e+00,  3.1465e+00,  2.3965e+00,  7.8857e-01, -1.4087e-01, -5.2295e-01,  5.1465e-01, -6.5137e-01,  4.1351e-03, -1.0449e+00, -9.4360e-02, -3.1006e-01,  5.3086e+00])"", ""class"": ""BatchNorm2d"", ""eps"": 0.001}","[[1, 16, 160, 160]]","[""torch.float32""]","[[1, 16, 160, 160]]",2.m.0.cv1.bn,forward,True,32,,3276800,,52,0.4767,0.3342,0.2773
2.m.0.cv2,d796adc0a54e5a83,Conv,"{""class"": ""Conv""}","[[1, 16, 160, 160]]","[""torch.float32""]","[[1, 16, 160, 160]]",2.m.0.cv2,forward,False,2336,,3276800,,52,5.8979,5.4874,1.4251
2.m.0.cv2.conv,a96e8bd5065c8d15,Conv2d,"{""bias"": null, ""class"": ""Conv2d"", ""dilation"": [1, 1], ""groups"": 1, ""in_channels"": 16, ""kernel_size"": [3, 3], ""out_channels"": 16, ""padding"": [1, 1], ""stride"": [1, 1]}","[[1, 16, 160, 160]]","[""torch.float32""]","[[1, 16, 160, 160]]",2.m.0.cv2.conv,forward,True,2304,58982400,3276800,18.0,52,4.6158,4.2288,1.2216
2.m.0.cv2.bn,b674d2582ff75707,BatchNorm2d,"{""bias"": ""Parameter containing:\ntensor([-0.6514,  3.0371,  3.9199, -0.1841,  2.5762, -0.5186, -0.0791, -0.1650,  0.1323, -0.6177, -0.5483, -0.7793,  4.4766,  0.2402,  0.1410,  3.7305])"", ""class"": ""BatchNorm2d"", ""eps"": 0.001}","[[1, 16, 160, 160]]","[""torch.float32""]","[[1, 16, 160, 160]]",2.m.0.cv2.bn,forward,True,32,,3276800,,52,0.4529,0.3705,0.2087
3,ea61c0287e4f03da,Conv,"{""class"": ""Conv""}","[[1, 32, 160, 160]]","[""torch.float32""]","[[1, 64, 80, 80]]",3,forward,False,18560,,4915200,,52,7.9911,7.5146,1.2269
3.conv,51b2579a85bc3f80,Conv2d,"{""bias"": null, ""class"": ""Conv2d"", ""dilation"": [1, 1], ""groups"": 1, ""in_channels"": 32, ""kernel_size"": [3, 3], ""out_channels"": 64, ""padding"": [1, 1], ""stride"": [2, 2]}","[[1, 32, 160, 160]]","[""torch.float32""]","[[1, 64, 80, 80]]",3.conv,forward,True,18432,117964800,4915200,24.0,52,6.3504,6.0783,1.1346
3.bn,3fc6b020132eeaf9,BatchNorm2d,"{""bias"": ""Parameter containing:\ntensor([ 1.5293, -0.7974,  2.5430,  0.6675, -0.1099,  0.9126, -0.7612, -0.4153,  0.5596,  1.7100, -0.5103,  0.3435, -0.7915, -0.6226, -0.1201, -0.5264,  0.2883,  1.4785, -0.5391,  0.2476, -0.0364, -0.6157, -0.1730,  0.3179,  1.5459,  1.5088,  0.8188,  2.0742, -0.5063, -0.7422,  0.4070,  0.4854,  0.7793,  0.3862,\n        -0.6099,  0.7759, -0.0856, -0.4136, -0.4951,  2.0859, -0.3586,  1.0273,  0.5781, -0.1620, -0.4397,  2.6855,  1.5801, -0.4421,  1.1133, -0.4343, -0.2966, -0.4812, -0.4607,  1.7158, -0.0734, -0.4434, -0.8940,  1.7188, -0.0916, -0.5054, -0.6987, -0.4363, -0.3547, -0.2795])"", ""class"": ""BatchNorm2d"", ""eps"": 0.001}","[[1, 64, 80, 80]]","[""torch.float32""]","[[1, 64, 80, 80]]",3.bn,forward,True,128,,3276800,,52,0.7033,0.6222,0.2246
4,1478c62f92a408d5,C2f,"{""class"": ""C2f""}","[[1, 64, 80, 80]]","[""torch.float32""]","[[1, 64, 80, 80]]",4,forward,False,49664,,3276800,,52,28.9128,28.1042,2.7979
4.cv1,8edda4b0b28cfff8,Conv,"{""class"": ""Conv""}","[[1, 64, 80, 80]]","[""torch.float32""]","[[1, 64, 80, 80]]",4.cv1,forward,False,4224,,3276800,,52,5.5103,5.4003,0.7085
4.cv1.conv,16ab8f219b28b293,Conv2d,"{""bias"": null, ""class"": ""Conv2d"", ""dilation"": [1, 1], ""groups"": 1, ""in_channels"": 64, ""kernel_size"": [1, 1], ""out_channels"": 64, ""padding"": [0, 0], ""stride"": [1, 1]}","[[1, 64, 80, 80]]","[""torch.float32""]","[[1, 64, 80, 80]]",4.cv1.conv,forward,True,4096,26214400,3276800,8.0,52,4.1042,4.099,0.5912
4.cv1.bn,baf3d0b9389a270a,BatchNorm2d,"{""bias"": ""Parameter containing:\ntensor([-0.3384, -0.8857,  0.7466, -0.6748,  0.1693, -0.8984, -0.2510, -0.8389, -0.9761,  0.2156,  0.4878,  0.5894, -0.9990, -0.2411,  0.6216, -0.2367, -0.2341, -0.8398, -0.7915, -0.4744, -1.1484,  0.1027, -0.3833,  0.2024,  0.4675,  0.3569,  1.2588, -0.8027, -0.0249,  0.9927,  0.8809, -0.8101,  0.6494,  0.4890,\n         1.0850,  1.0850,  1.4619, -0.3914, -0.0608,  1.5371,  1.0332,  1.1836,  1.1348, -0.4343,  0.0886,  1.4873,  0.7407,  1.0820,  1.1094,  0.8335,  0.1276, -0.0972,  0.8857,  0.2061, -0.6289, -0.3193,  1.2764, -0.3784,  1.2852,  1.3428,  1.2803,  1.2969,  0.4233,  0.6621])"", ""class"": ""BatchNorm2d"", ""eps"": 0.001}","[[1, 64, 80, 80]]","[""torch.float32""]","[[1, 64, 80, 80]]",4.cv1.bn,forward,True,128,,3276800,,52,0.5397,0.4386,0.2523
4.cv2,da8d0714683d2cc2,Conv,"{""class"": ""Conv""}","[[1, 128, 80, 80]]","[""torch.float32""]","[[1, 64, 80, 80]]",4.cv2,forward,False,8320,,4915200,,52,6.9581,6.7762,0.9836
4.cv2.conv,40c5984f27a8edbe,Conv2d,"{""bias"": null, ""class"": ""Conv2d"", ""dilation"": [1, 1], ""groups"": 1, ""in_channels"": 128, ""kernel_size"": [1, 1], ""out_channels"": 64, ""padding"": [0, 0], ""stride"": [1, 1]}","[[1, 128, 80, 80]]","[""torch.float32""]","[[1, 64, 80, 80]]",4.cv2.conv,forward,True,8192,52428800,4915200,10.6667,52,5.5806,5.2735,0.9157
4.cv2.bn,b599800676e84457,BatchNorm2d,"{""bias"": ""Parameter containing:\ntensor([ 0.0901,  0.9902,  0.2634, -1.9346,  0.1299, -0.6748, -0.6646,  1.0430,  0.5190, -0.1586, -0.2319, -0.6138,  0.1658,  0.8081,  0.0083, -0.3801, -0.0614,  1.1787, -0.4736,  0.4041, -0.6855,  1.0283, -0.4871, -0.3701, -0.8999, -0.2910, -0.8750,  0.3267,  0.7607,  0.9233,  0.9077,  0.1738,  0.5605,  0.0763,\n        -0.9912, -1.0059,  0.5767, -0.2637,  1.2109, -0.0383,  0.4485,  0.3833,  0.4304, -0.9971, -0.4939,  0.9141, -0.5967,  0.3745, -1.1133, -0.9053, -0.4221, -0.3936,  0.2576,  0.8154,  0.0315, -2.5664, -0.1650,  0.6016,  0.4592,  0.5483, -0.2625, -0.5591, -1.2188,  0.0359])"", ""class"": ""BatchNorm2d"", ""eps"": 0.001}","[[1, 64, 80, 80]]","[""torch.float32""]","[[1, 64, 80, 80]]",4.cv2.bn,forward,True,128,,3276800,,52,0.5097,0.4004,0.2106
4.m.0,d899a3676066aac1,Bottleneck,"{""class"": ""Bottleneck""}","[[1, 32, 80, 80]]","[""torch.float32""]","[[1, 32, 80, 80]]",4.m.0,forward,False,18560,,1638400,,52,7.4781,6.9085,1.7543
4.m.0.cv1,a5cf2816ac5c4970,Conv,"{""class"": ""Conv""}","[[1, 32, 80, 80]]","[""torch.float32""]","[[1, 32, 80, 80]]",4.m.0.cv1,forward,False,9280,,1638400,,52,3.4357,3.0587,0.875
4.m.0.cv1.conv,a56f708ca00677f8,Conv2d,"{""bias"": null, ""class"": ""Conv2d"", ""dilation"": [1, 1], ""groups"": 1, ""in_channels"": 32, ""kernel_size"": [3, 3], ""out_channels"": 32, ""padding"": [1, 1], ""stride"": [1, 1]}","[[1, 32, 80, 80]]","[""torch.float32""]","[[1, 32, 80, 80]]",4.m.0.cv1.conv,forward,True,9216,58982400,1638400,36.0,52,2.5809,2.2232,0.7545
4.m.0.cv1.bn,468823dab3c6a20f,BatchNorm2d,"{""bias"": ""Parameter containing:\ntensor([ 0.5825, -0.1238, -0.1013, -0.1567, -0.9971, -0.5596,  0.5342, -0.4819, -0.6914, -0.4438, -0.4673, -1.4834, -0.1064, -0.3306,  0.2186,  0.2617, -0.6528, -0.5669, -0.9082, -1.1152,  0.7744, -0.9722, -0.1285, -0.1460, -0.3899, -0.7637, -0.3882,  0.1344, -0.7822,  1.5957, -0.1406,  0.5796])"", ""class"": ""BatchNorm2d"", ""eps"": 0.001}","[[1, 32, 80, 80]]","[""torch.float32""]","[[1, 32, 80, 80]]",4.m.0.cv1.bn,forward,True,64,,1638400,,52,0.3015,0.254,0.091
4.m.0.cv2,a5cf2816ac5c4970,Conv,"{""class"": ""Conv""}","[[1, 32, 80, 80]]","[""torch.float32""]","[[1, 32, 80, 80]]",4.m.0.cv2,forward,False,9280,,1638400,,52,3.4541,3.123,1.0492
4.m.0.cv2.conv,a56f708ca00677f8,Conv2d,"{""bias"": null, ""class"": ""Conv2d"", ""dilation"": [1, 1], ""groups"": 1, ""in_channels"": 32, ""kernel_size"": [3, 3], ""out_channels"": 32, ""padding"": [1, 1], ""stride"": [1, 1]}","[[1, 32, 80, 80]]","[""torch.float32""]","[[1, 32, 80, 80]]",4.m.0.cv2.conv,forward,True,9216,58982400,1638400,36.0,52,2.4589,2.1016,0.8255
4.m.0.cv2.bn,0fc3e8257bdcc75d,BatchNorm2d,"{""bias"": ""Parameter containing:\ntensor([-0.5444, -0.3877,  0.3862,  0.3630, -0.3003,  0.5361,  1.3057,  1.0518, -0.3948, -0.2812, -0.3462,  1.4229,  1.3457,  0.9604,  0.2893, -0.1335,  0.1080, -0.4714,  0.7178, -0.8125, -0.7080,  0.7461, -0.6494,  0.0241,  1.4229, -0.7529,  0.2178,  0.2649,  0.8369,  0.1029, -0.6719,  0.5786])"", ""class"": ""BatchNorm2d"", ""eps"": 0.001}","[[1, 32, 80, 80]]","[""torch.float32""]","[[1, 32, 80, 80]]",4.m.0.cv2.bn,forward,True,64,,1638400,,52,0.3941,0.2757,0.2353
4.m.1,d899a3676066aac1,Bottleneck,"{""class"": ""Bottleneck""}","[[1, 32, 80, 80]]","[""torch.float32""]","[[1, 32, 80, 80]]",4.m.1,forward,False,18560,,1638400,,52,7.4938,6.9829,1.578
4.m.1.cv1,a5cf2816ac5c4970,Conv,"{""class"": ""Conv""}","[[1, 32, 80, 80]]","[""torch.float32""]","[[1, 32, 80, 80]]",4.m.1.cv1,forward,False,9280,,1638400,,52,3.7576,3.4543,0.9921
4.m.1.cv1.conv,a56f708ca00677f8,Conv2d,"{""bias"": null, ""class"": ""Conv2d"", ""dilation"": [1, 1], ""groups"": 1, ""in_channels"": 32, ""kernel_size"": [3, 3], ""out_channels"": 32, ""padding"": [1, 1], ""stride"": [1, 1]}","[[1, 32, 80, 80]]","[""torch.float32""]","[[1, 32, 80, 80]]",4.m.1.cv1.conv,forward,True,9216,58982400,1638400,36.0,52,2.837,2.6866,0.9526
4.m.1.cv1.bn,ae1930af967e4eac,BatchNorm2d,"{""bias"": ""Parameter containing:\ntensor([-0.0394, -0.8374, -0.7319, -2.2559, -1.0098, -0.4756, -1.0625, -0.0060, -1.1338, -0.7412, -1.0244, -0.2324, -0.0728, -0.9868, -1.1523, -1.3281, -1.0205, -0.5625, -0.9272, -1.1289, -0.7197, -0.5776, -1.2432, -1.1680, -0.7446, -0.7661, -1.3779, -0.3286, -0.1355, -1.1934, -0.3918, -0.7334])"", ""class"": ""BatchNorm2d"", ""eps"": 0.001}","[[1, 32, 80, 80]]","[""torch.float32""]","[[1, 32, 80, 80]]",4.m.1.cv1.bn,forward,True,64,,1638400,,52,0.3718,0.2665,0.2417
4.m.1.cv2,a5cf2816ac5c4970,Conv,"{""class"": ""Conv""}","[[1, 32, 80, 80]]","[""torch.float32""]","[[1, 32, 80, 80]]",4.m.1.cv2,forward,False,9280,,1638400,,52,3.2155,2.8135,0.9472
4.m.1.cv2.conv,a56f708ca00677f8,Conv2d,"{""bias"": null, ""class"": ""Conv2d"", ""dilation"": [1, 1], ""groups"": 1, ""in_channels"": 32, ""kernel_size"": [3, 3], ""out_channels"": 32, ""padding"": [1, 1], ""stride"": [1, 1]}","[[1, 32, 80, 80]]","[""torch.float32""]","[[1, 32, 80, 80]]",4.m.1.cv2.conv,forward,True,9216,58982400,1638400,36.0,52,2.3196,2.0177,0.7837
4.m.1.cv2.bn,c070d5833abb2032,BatchNorm2d,"{""bias"": ""Parameter containing:\ntensor([ 0.0795,  1.0869, -0.4404,  1.0137,  0.4849,  0.5200, -0.1938,  1.3516,  0.5356, -0.7334,  0.9297, -0.3215,  0.5889,  1.8623, -0.5352,  0.6909,  2.4961,  0.8594,  1.3438,  1.0781,  1.5459,  0.0230, -0.4136,  0.0361, -0.9624, -0.3093, -0.2556,  0.9600, -0.6577,  1.2666,  1.4453,  1.4844])"", ""class"": ""BatchNorm2d"", ""eps"": 0.001}","[[1, 32, 80, 80]]","[""torch.float32""]","[[1, 32, 80, 80]]",4.m.1.cv2.bn,forward,True,64,,1638400,,52,0.3312,0.2626,0.1949
5,8edda4b0b28cfff8,Conv,"{""class"": ""Conv""}","[[1, 64, 80, 80]]","[""torch.float32""]","[[1, 128, 40, 40]]",5,forward,False,73984,,2457600,,52,6.1517,5.4991,1.4044
5.conv,78d02a21d6f595e1,Conv2d,"{""bias"": null, ""class"": ""Conv2d"", ""dilation"": [1, 1], ""groups"": 1, ""in_channels"": 64, ""kernel_size"": [3, 3], ""out_channels"": 128, ""padding"": [1, 1], ""stride"": [2, 2]}","[[1, 64, 80, 80]]","[""torch.float32""]","[[1, 128, 40, 40]]",5.conv,forward,True,73728,117964800,2457600,48.0,52,5.2472,4.6557,1.2908
5.bn,7c3fc1b0535e6c95,BatchNorm2d,"{""bias"": ""Parameter containing:\ntensor([-0.8843, -0.7852, -0.2708, -1.7236,  0.8657,  0.0224,  0.1449,  1.0439, -0.6069, -1.3105, -0.6475, -0.2922, -0.6235, -0.2856, -0.2406, -0.7476, -0.0115, -0.7681, -1.3164,  0.8906, -0.6084,  0.0857,  0.4304, -0.8003, -0.0929, -0.1998,  0.9678, -0.8364, -0.0181, -1.2920, -0.1450, -0.8691,  0.4968, -0.5132,\n         0.8599, -0.1851, -0.3174, -0.1238, -0.6084, -1.0361, -0.3958, -0.4436,  0.7979,  0.4480,  0.5273,  0.3630, -0.6265, -0.9565, -0.3870, -0.3242,  0.4285, -0.6035, -0.9395, -0.8901, -1.0830,  1.2324,  0.7153, -0.0215, -0.6943, -0.7192, -0.7148, -1.3584, -0.8892, -0.7734,  0.3320,  0.4973,  0.1558, -0.5854,\n         0.1046, -0.6719, -0.9429,  1.1924, -0.7773,  1.2412, -1.1836, -0.3152, -1.3340, -0.3599,  0.0197,  0.6362, -0.3945,  0.5054, -0.1881,  0.5483, -0.9751, -1.0732,  0.0808,  0.2747, -0.9937,  0.9648, -1.2891,  0.4973,  0.3821,  0.3252, -1.1113,  0.8501, -0.2340, -0.8364, -0.7783, -0.5635, -0.4910, -0.4109,\n        -0.7905, -0.6450, -0.0259, -1.3594,  0.7388,  0.3350,  0.9541, -0.8784, -0.2040, -0.5908,  0.3464, -0.2463,  1.0605, -0.5176,  0.1317, -0.0540, -0.2148, -0.7529,  0.1272, -0.6040,  0.2764,  0.2095, -0.6685,  0.1482,  0.7979, -0.8066])"", ""class"": ""BatchNorm2d"", ""eps"": 0.001}","[[1, 128, 40, 40]]","[""torch.float32""]","[[1, 128, 40, 40]]",5.bn,forward,True,256,,1638400,,52,0.3273,0.2735,0.1414
6,53cfad224f49a11d,C2f,"{""class"": ""C2f""}","[[1, 128, 40, 40]]","[""torch.float32""]","[[1, 128, 40, 40]]",6,forward,False,197632,,1638400,,52,17.5641,17.1769,2.0718
6.cv1,6cfe7a34bafabeb5,Conv,"{""class"": ""Conv""}","[[1, 128, 40, 40]]","[""torch.float32""]","[[1, 128, 40, 40]]",6.cv1,forward,False,16640,,1638400,,52,2.7995,2.4319,0.7472
6.cv1.conv,22bfeb866346ea5a,Conv2d,"{""bias"": null, ""class"": ""Conv2d"", ""dilation"": [1, 1], ""groups"": 1, ""in_channels"": 128, ""kernel_size"": [1, 1], ""out_channels"": 128, ""padding"": [0, 0], ""stride"": [1, 1]}","[[1, 128, 40, 40]]","[""torch.float32""]","[[1, 128, 40, 40]]",6.cv1.conv,forward,True,16384,26214400,1638400,16.0,52,1.9902,1.6358,0.6523
6.cv1.bn,20c26969caad829b,BatchNorm2d,"{""bias"": ""Parameter containing:\ntensor([ 1.4315e-03, -1.9604e-01,  3.1763e-01, -9.5068e-01, -1.4092e+00, -1.7737e-01, -8.7988e-01, -1.0732e+00, -6.4697e-01, -1.2002e+00, -1.0547e-01,  5.4883e-01, -1.7065e-01,  6.7444e-02,  2.0837e-01,  1.8469e-01, -2.8198e-01, -2.3511e-01, -1.8298e-01, -1.1016e+00, -1.1748e+00, -1.1895e+00,  1.4951e+00,  4.2480e-01,\n         3.7988e-01, -7.7197e-01,  1.5942e-01, -5.7520e-01, -1.1328e+00, -3.4729e-02, -4.2896e-01, -4.4769e-02, -4.5868e-02, -7.5879e-01, -1.2725e+00,  1.6797e-01, -3.0225e-01, -1.7273e-01,  1.0486e-01,  4.7455e-02, -8.8818e-01, -5.2881e-01, -5.8643e-01, -4.8242e-01,  1.5918e-01,  3.3325e-01, -4.8389e-01,  4.8608e-01,\n         3.0975e-02, -2.0374e-01, -7.6904e-01, -2.1399e-01, -5.8496e-01,  1.2012e+00, -2.4744e-01, -1.1211e+00,  2.2742e-01, -1.0576e+00, -2.6709e-01, -4.0747e-01, -6.2646e-01, -2.7783e-01,  7.6807e-01, -1.4072e+00,  6.0791e-01,  2.7881e-01, -7.9053e-01, -1.0352e+00,  5.1367e-01,  3.4888e-01,  2.3633e-01,  5.0690e-02,\n        -5.0439e-01,  4.2163e-01,  5.9863e-01, -3.5547e-01, -1.0693e+00,  3.9600e-01,  3.8843e-01,  9.5117e-01,  1.1006e+00,  1.0615e+00,  4.1431e-01, -5.8887e-01, -6.6064e-01,  1.7044e-02, -2.7710e-01,  8.1885e-01,  7.1436e-01, -9.0430e-01, -5.7520e-01, -3.6699e+00,  5.7666e-01,  1.0150e-01,  2.8882e-01,  4.9487e-01,\n         4.2773e-01, -2.8198e-01, -6.6846e-01,  3.7476e-02,  1.0635e+00,  2.5635e-01,  4.9591e-02, -1.4072e+00,  6.2988e-02,  3.4668e-01,  8.0908e-01,  6.6846e-01,  7.9590e-01,  4.2188e-01,  1.3291e+00,  6.2158e-01, -7.6367e-01,  9.0137e-01,  1.9714e-01, -1.2103e-01, -3.8330e-01, -2.7271e-01,  4.8071e-01, -3.2739e-01,\n        -8.3057e-01, -1.9463e+00, -1.0410e+00, -5.2637e-01,  7.9492e-01, -7.9834e-02,  5.6592e-01,  9.8486e-01])"", ""class"": ""BatchNorm2d"", ""eps"": 0.001}","[[1, 128, 40, 40]]","[""torch.float32""]","[[1, 128, 40, 40]]",6.cv1.bn,forward,True,256,,1638400,,52,0.2846,0.2062,0.2033
6.cv2,fff0c455024bfce1,Conv,"{""class"": ""Conv""}","[[1, 256, 40, 40]]","[""torch.float32""]","[[1, 128, 40, 40]]",6.cv2,forward,False,33024,,2457600,,52,4.3899,4.209,0.7186
6.cv2.conv,900c96b70e054a38,Conv2d,"{""bias"": null, ""class"": ""Conv2d"", ""dilation"": [1, 1], ""groups"": 1, ""in_channels"": 256, ""kernel_size"": [1, 1], ""out_channels"": 128, ""padding"": [0, 0], ""stride"": [1, 1]}","[[1, 256, 40, 40]]","[""torch.float32""]","[[1, 128, 40, 40]]",6.cv2.conv,forward,True,32768,52428800,2457600,21.3333,52,3.5545,3.4665,0.7414
6.cv2.bn,abf2f08370d319a6,BatchNorm2d,"{""bias"": ""Parameter containing:\ntensor([ 1.0410,  0.0293,  0.7520, -1.6328, -1.3975,  0.5972, -1.7598,  0.0500, -1.1621,  0.1399, -0.6104, -1.5801, -0.1802, -0.4351, -0.9092, -1.5986, -1.7461, -1.1035, -1.0703,  0.0093, -1.2676, -0.4009,  0.1321, -0.3325,  1.0938,  0.4695, -1.4932,  0.0595, -0.4861, -0.8853, -1.2725, -0.4976, -0.4841, -1.6426,\n        -1.0967, -0.1842, -0.1287, -0.3501,  0.6797,  0.2681, -1.4746, -1.0928,  0.3896, -0.6401,  0.1782, -0.4521, -0.7119, -1.0127, -2.1016,  0.0790, -0.7314, -2.3145, -0.0773, -1.0449, -1.1924, -1.2305, -1.0459, -0.6021, -1.2559, -0.4348, -0.9868, -0.9565, -0.2479, -1.0029, -1.9346,  0.2386, -0.1637, -0.5815,\n        -1.0703, -1.1875,  0.3657, -1.0762, -0.6724,  0.8594, -1.0898, -0.4878, -0.1378, -1.5166, -1.6748, -0.3477,  0.1390, -0.8291,  0.2150, -0.3064,  0.0112, -1.3516, -1.7363, -1.7900, -1.3467, -0.0525,  0.3374, -0.5820,  0.3223,  0.5825, -1.4619, -0.5688, -0.1566, -0.1009, -0.2954,  0.6978, -0.0958, -0.7598,\n        -0.4634, -1.1660, -0.1000,  0.4453, -0.8672, -1.0420, -0.1909, -1.0479,  0.3694,  0.4541, -1.1826, -1.5000, -1.2676, -1.9922,  0.0643, -0.0049, -0.3918,  0.2144, -2.3613, -0.2505, -1.0996, -0.5615, -0.7310, -0.2131,  0.3240, -0.7637])"", ""class"": ""BatchNorm2d"", ""eps"": 0.001}","[[1, 128, 40, 40]]","[""torch.float32""]","[[1, 128, 40, 40]]",6.cv2.bn,forward,True,256,,1638400,,52,0.2835,0.1939,0.1809
6.m.0,02436ef5d3114e46,Bottleneck,"{""class"": ""Bottleneck""}","[[1, 64, 40, 40]]","[""torch.float32""]","[[1, 64, 40, 40]]",6.m.0,forward,False,73984,,819200,,52,4.9209,4.7532,1.0172
6.m.0.cv1,779f8899e994d313,Conv,"{""class"": ""Conv""}","[[1, 64, 40, 40]]","[""torch.float32""]","[[1, 64, 40, 40]]",6.m.0.cv1,forward,False,36992,,819200,,52,2.6563,2.5559,0.9403
6.m.0.cv1.conv,7dcfbda29846c883,Conv2d,"{""bias"": null, ""class"": ""Conv2d"", ""dilation"": [1, 1], ""groups"": 1, ""in_channels"": 64, ""kernel_size"": [3, 3], ""out_channels"": 64, ""padding"": [1, 1], ""stride"": [1, 1]}","[[1, 64, 40, 40]]","[""torch.float32""]","[[1, 64, 40, 40]]",6.m.0.cv1.conv,forward,True,36864,58982400,819200,72.0,52,2.156,1.8271,0.829
6.m.0.cv1.bn,69e1119bae203364,BatchNorm2d,"{""bias"": ""Parameter containing:\ntensor([-1.4961e+00, -1.8613e+00, -1.2396e-01, -9.2529e-01, -1.5117e+00,  2.1924e-01, -7.7979e-01, -7.9150e-01, -1.0000e+00, -7.8320e-01,  2.9877e-02, -1.3896e+00, -5.7422e-01, -9.7705e-01, -3.6963e-01, -1.4600e+00, -1.9336e+00, -1.6895e+00, -1.7419e-01, -1.6895e+00, -1.2725e+00, -4.3335e-01, -1.0518e+00,  3.9404e-01,\n        -6.5869e-01, -1.4697e+00, -1.0371e+00, -1.0049e+00, -1.0156e+00, -1.1611e+00, -8.4180e-01, -2.0742e+00, -1.0638e-01, -1.6833e-01, -9.8340e-01, -1.4580e+00, -9.9023e-01, -7.9883e-01, -3.6816e-01, -1.1357e+00, -5.0732e-01, -5.9717e-01, -1.1826e+00, -1.5947e+00, -7.5830e-01, -1.9824e+00, -8.1055e-01, -5.2686e-01,\n        -1.3428e+00,  8.3618e-02, -3.0225e-01, -7.7295e-01,  5.3955e-01, -1.0381e+00, -1.7334e+00, -1.0195e+00, -4.8218e-01, -1.3555e+00, -1.3516e+00, -1.2432e+00, -8.8232e-01, -8.4912e-01, -1.7207e+00,  5.4216e-04])"", ""class"": ""BatchNorm2d"", ""eps"": 0.001}","[[1, 64, 40, 40]]","[""torch.float32""]","[[1, 64, 40, 40]]",6.m.0.cv1.bn,forward,True,128,,819200,,52,0.1641,0.1351,0.0835
6.m.0.cv2,779f8899e994d313,Conv,"{""class"": ""Conv""}","[[1, 64, 40, 40]]","[""torch.float32""]","[[1, 64, 40, 40]]",6.m.0.cv2,forward,False,36992,,819200,,52,2.0271,1.7976,0.51
6.m.0.cv2.conv,7dcfbda29846c883,Conv2d,"{""bias"": null, ""class"": ""Conv2d"", ""dilation"": [1, 1], ""groups"": 1, ""in_channels"": 64, ""kernel_size"": [3, 3], ""out_channels"": 64, ""padding"": [1, 1], ""stride"": [1, 1]}","[[1, 64, 40, 40]]","[""torch.float32""]","[[1, 64, 40, 40]]",6.m.0.cv2.conv,forward,True,36864,58982400,819200,72.0,52,1.4903,1.3639,0.3291
6.m.0.cv2.bn,9ee2edeeaa6846fc,BatchNorm2d,"{""bias"": ""Parameter containing:\ntensor([ 0.1562, -0.3628, -0.4788,  0.5996,  0.4102,  0.2952,  0.6245,  0.1969, -0.3760, -0.4248,  0.4504, -0.2598, -0.3813,  0.4075, -0.8013,  0.0905,  0.0019,  0.5083,  0.4160, -0.3059, -1.4199,  0.6167, -0.0969,  0.0613, -0.9775, -0.5483, -0.7378, -1.1621, -0.1522, -0.1794,  0.2261, -0.0704, -0.1714,  1.0000,\n         0.2333,  0.5693, -0.0278,  0.1553,  0.5352,  0.2012, -0.6387,  0.0594,  0.1116,  0.1420, -0.5405, -0.2405,  1.0342, -0.3347, -0.9155, -0.0942, -0.2756, -0.0284,  0.5835, -0.1384, -0.1454, -0.2024,  0.1055, -1.5996,  0.1345, -0.1202, -0.3394, -0.7793,  0.0234,  0.4900])"", ""class"": ""BatchNorm2d"", ""eps"": 0.001}","[[1, 64, 40, 40]]","[""torch.float32""]","[[1, 64, 40, 40]]",6.m.0.cv2.bn,forward,True,128,,819200,,52,0.1995,0.1362,0.2118
6.m.1,02436ef5d3114e46,Bottleneck,"{""class"": ""Bottleneck""}","[[1, 64, 40, 40]]","[""torch.float32""]","[[1, 64, 40, 40]]",6.m.1,forward,False,73984,,819200,,52,4.5852,4.5177,1.0955
6.m.1.cv1,779f8899e994d313,Conv,"{""class"": ""Conv""}","[[1, 64, 40, 40]]","[""torch.float32""]","[[1, 64, 40, 40]]",6.m.1.cv1,forward,False,36992,,819200,,52,2.3864,2.4948,0.6073
6.m.1.cv1.conv,7dcfbda29846c883,Conv2d,"{""bias"": null, ""class"": ""Conv2d"", ""dilation"": [1, 1], ""groups"": 1, ""in_channels"": 64, ""kernel_size"": [3, 3], ""out_channels"": 64, ""padding"": [1, 1], ""stride"": [1, 1]}","[[1, 64, 40, 40]]","[""torch.float32""]","[[1, 64, 40, 40]]",6.m.1.cv1.conv,forward,True,36864,58982400,819200,72.0,52,1.791,1.613,0.5131
6.m.1.cv1.bn,6651329a089c7b6a,BatchNorm2d,"{""bias"": ""Parameter containing:\ntensor([-0.9517,  0.0827, -0.7734,  0.5059,  0.1780, -1.8623, -1.2861, -1.2197,  1.2168, -1.0283, -1.4453, -1.3369, -1.4912, -1.5752,  0.0111, -0.8384, -0.8774, -0.6133, -0.8696, -0.9229, -0.1747, -0.9526, -1.7373, -1.6904, -1.5889, -1.1455, -1.5732, -1.6641, -0.9341, -1.4297, -0.9473, -1.1963, -1.7393, -0.9648,\n        -1.4316, -1.4365, -1.6123, -1.9248, -1.7568, -1.5869, -2.9883, -1.8262, -1.2891, -1.6689, -0.6475, -1.7510, -0.2180,  0.1009, -0.5015, -1.5039,  0.4834, -1.0420, -2.1465, -1.0254, -2.2031, -0.4824, -0.7524, -2.1699, -1.6543, -1.6006, -1.1436, -1.6270, -0.9209, -1.1475])"", ""class"": ""BatchNorm2d"", ""eps"": 0.001}","[[1, 64, 40, 40]]","[""torch.float32""]","[[1, 64, 40, 40]]",6.m.1.cv1.bn,forward,True,128,,819200,,52,0.2391,0.1445,0.2703
6.m.1.cv2,779f8899e994d313,Conv,"{""class"": ""Conv""}","[[1, 64, 40, 40]]","[""torch.float32""]","[[1, 64, 40, 40]]",6.m.1.cv2,forward,False,36992,,819200,,52,1.9751,1.7884,0.659
6.m.1.cv2.conv,7dcfbda29846c883,Conv2d,"{""bias"": null, ""class"": ""Conv2d"", ""dilation"": [1, 1], ""groups"": 1, ""in_channels"": 64, ""kernel_size"": [3, 3], ""out_channels"": 64, ""padding"": [1, 1], ""stride"": [1, 1]}","[[1, 64, 40, 40]]","[""torch.float32""]","[[1, 64, 40, 40]]",6.m.1.cv2.conv,forward,True,36864,58982400,819200,72.0,52,1.5269,1.3692,0.5247
6.m.1.cv2.bn,93c213a6cf532c94,BatchNorm2d,"{""bias"": ""Parameter containing:\ntensor([ 0.3613, -0.3999,  0.2197, -0.1312,  1.3184,  0.3281,  0.9937, -0.5635, -0.6460, -0.6455,  0.5068, -2.0879,  0.6172, -0.5610,  0.9922,  0.1611, -0.1919, -0.7456, -1.0762, -0.3459,  1.1973,  0.0830,  0.8423,  0.6577,  1.1484, -0.2472,  0.0671,  0.3113,  0.3689, -0.3789,  0.8013, -0.3943, -0.3293,  0.7280,\n         0.9282,  1.2734, -0.6191,  0.3474,  0.7930,  1.5625, -0.5283, -0.4580,  1.2900, -0.3279,  2.1055,  0.9097,  1.0703,  0.8823,  0.2656,  0.8110, -0.3850, -0.0835,  0.3594, -0.9136,  0.6748, -0.6802,  0.4014, -0.8833, -0.2617,  0.5010,  0.6074, -0.6836,  0.7085,  0.6968])"", ""class"": ""BatchNorm2d"", ""eps"": 0.001}","[[1, 64, 40, 40]]","[""torch.float32""]","[[1, 64, 40, 40]]",6.m.1.cv2.bn,forward,True,128,,819200,,52,0.1401,0.1272,0.0541
7,6cfe7a34bafabeb5,Conv,"{""class"": ""Conv""}","[[1, 128, 40, 40]]","[""torch.float32""]","[[1, 256, 20, 20]]",7,forward,False,295424,,1228800,,52,4.9676,4.6007,1.1127
7.conv,f1d61d61a0e6e068,Conv2d,"{""bias"": null, ""class"": ""Conv2d"", ""dilation"": [1, 1], ""groups"": 1, ""in_channels"": 128, ""kernel_size"": [3, 3], ""out_channels"": 256, ""padding"": [1, 1], ""stride"": [2, 2]}","[[1, 128, 40, 40]]","[""torch.float32""]","[[1, 256, 20, 20]]",7.conv,forward,True,294912,117964800,1228800,96.0,52,4.3096,4.0841,0.9005
7.bn,e875285668ff1c9f,BatchNorm2d,"{""bias"": ""Parameter containing:\ntensor([-0.7031, -0.6240, -0.8359, -1.1533, -0.7271, -1.5322, -1.6445, -0.6118, -0.8408, -1.3457, -0.8535, -0.3191, -1.0195, -0.2485, -0.6841, -0.9385, -0.9282, -0.6738, -0.3552, -1.0762, -0.0456, -0.4236, -0.3682, -0.1714, -1.3828, -0.5200, -0.7007, -0.5645, -1.5781, -0.0552, -0.9463, -0.5825, -1.1797,  0.0610,\n        -1.0430, -0.1587, -0.9658, -0.6851, -1.8760, -1.0732, -0.4373,  0.4045,  0.1409, -1.1475, -1.2510, -0.7749,  0.1158, -1.1016, -0.3257, -0.9873, -0.6187, -1.0938, -0.4543, -0.5830, -0.2883, -0.7856, -0.4878, -0.7676, -1.0381, -0.2426, -1.2891, -1.5508, -1.1191, -1.2354, -0.8408,  0.3000, -0.3850,  0.2162,\n        -1.2559, -1.3994, -0.5479, -1.2100, -0.4048, -0.5205, -1.3164, -1.0029, -1.1162, -0.9834, -0.5400, -0.4028, -0.4785, -0.5840, -0.4722, -0.1510, -1.1006, -0.7104, -0.5308, -0.5640, -0.6782, -0.8794, -0.0057, -1.0654, -0.8359, -0.5264, -0.9697, -0.3115, -0.9585, -1.5156, -1.3896, -1.4912, -0.9077, -1.2266,\n        -0.6182, -0.5083, -0.6885, -0.8447, -0.7007,  0.3301, -0.7295, -1.1182, -1.1357, -1.8955, -1.5889, -1.2686, -0.7749, -0.4231, -0.2561, -0.8228, -0.1508, -0.9829, -0.6523, -0.3040, -1.2080, -0.7012, -0.1026, -0.6421, -1.0869, -0.5117, -0.5361, -0.1445, -0.4758, -1.4248, -0.5376, -1.0977, -1.1279, -1.3193,\n        -0.5815,  0.0074, -0.2964, -0.7759, -0.8555, -0.1615, -0.1797, -0.7798, -0.4189, -0.9946, -0.0740, -0.7153, -1.4971,  0.0142, -0.6797, -0.7637, -0.9678, -0.9468, -1.0166, -0.6743, -1.0869, -0.4810, -0.7432, -1.0049, -1.0186, -1.3350, -1.1973, -1.1084, -1.1074, -0.1499, -0.4973, -0.3210, -0.7593, -0.7417,\n        -1.0576, -0.3240, -0.6665, -0.5850, -0.2332, -0.8403, -0.7178, -2.0703, -1.1221, -0.6587, -0.7495, -1.1807, -0.9287, -0.6934, -1.0957, -0.4177, -0.6089, -0.3103, -0.2070, -0.3545, -1.2764, -0.2147, -0.6934, -0.5347, -0.8228, -0.9150, -1.0488, -1.5166, -0.0945, -1.1484, -0.8633, -1.2959,  0.2810, -0.9507,\n        -0.6309, -0.8271, -0.0867, -0.8750, -0.0111, -0.8696, -0.6313,  0.1053, -1.2070, -0.2573, -0.8003, -0.0688,  0.1537, -0.8936, -1.0762, -0.4048, -0.6909, -0.7061, -0.8647, -1.1533, -0.9751,  0.4021, -1.1240, -0.6685, -0.7295, -0.1277, -0.3706, -1.0293, -1.0742, -0.1560, -0.3655, -0.2751, -1.5371, -0.4807,\n        -0.3325, -1.1816, -0.5513, -0.4675, -0.8779,  0.1860, -0.5122, -0.7500, -0.9585, -1.1748, -0.3936, -0.8345, -0.8296, -0.7661, -0.8931, -0.1460, -0.3965,  0.2098])"", ""class"": ""BatchNorm2d"", ""eps"": 0.001}","[[1, 256, 20, 20]]","[""torch.float32""]","[[1, 256, 20, 20]]",7.bn,forward,True,512,,819200,,52,0.2091,0.1439,0.1199
8,bff08186690bf99d,C2f,"{""class"": ""C2f""}","[[1, 256, 20, 20]]","[""torch.float32""]","[[1, 256, 20, 20]]",8,forward,False,460288,,819200,,52,10.9596,9.7129,2.9371
8.cv1,0ed1c23cf9110f7a,Conv,"{""class"": ""Conv""}","[[1, 256, 20, 20]]","[""torch.float32""]","[[1, 256, 20, 20]]",8.cv1,forward,False,66048,,819200,,52,2.3668,2.0672,1.1016
8.cv1.conv,e92dd4e177af00d2,Conv2d,"{""bias"": null, ""class"": ""Conv2d"", ""dilation"": [1, 1], ""groups"": 1, ""in_channels"": 256, ""kernel_size"": [1, 1], ""out_channels"": 256, ""padding"": [0, 0], ""stride"": [1, 1]}","[[1, 256, 20, 20]]","[""torch.float32""]","[[1, 256, 20, 20]]",8.cv1.conv,forward,True,65536,26214400,819200,32.0,52,1.8091,1.1993,0.9176
8.cv1.bn,13bd9ce8e83fd4ac,BatchNorm2d,"{""bias"": ""Parameter containing:\ntensor([-0.4355, -0.2383, -0.4636, -0.6128, -0.6953, -0.2240, -0.3213, -1.2617, -0.5024, -0.9448, -0.1576, -0.2861, -0.4492, -0.2356, -0.8315, -0.9136, -0.6465, -0.2201, -0.4036, -0.9370,  0.2017, -0.3484, -0.6104, -1.2012, -0.8096, -0.3623, -0.3218, -0.8442, -0.2135, -1.0664, -0.4722, -0.9512, -0.0535, -0.5664,\n        -0.4656, -0.3250, -0.5874, -0.7012, -0.9194, -0.5229, -0.5366, -0.5498, -0.4102, -0.7407, -0.4146, -0.8887, -0.5874, -0.5044, -0.4114, -0.6655, -0.3301, -0.5825, -0.2487, -0.9067, -0.5850, -0.4375, -0.9565, -0.5928, -0.7964, -0.3264, -0.5981, -0.2756, -0.5254, -0.5396, -0.4829, -0.6973, -0.4666, -0.4753,\n        -0.3640, -0.8369, -0.6372, -0.9009, -0.3105, -0.4734,  0.0654, -0.9800, -0.3132, -0.2483, -0.9072, -0.2859, -0.0313, -0.1372, -0.2798, -0.3718, -0.6978, -0.1836, -0.8364, -0.5747, -0.4167, -0.2761, -0.3804,  0.0611, -0.3479,  0.0273, -0.3979, -1.0234,  0.0928, -0.8687, -0.6895, -0.0904, -0.2886, -0.6362,\n        -0.7891, -0.8691, -0.4287, -0.4619, -0.5181, -0.2416, -0.3872, -1.4834,  0.1986, -0.5225, -0.4170, -0.6260, -0.4204, -0.8750, -0.3574, -0.8433, -0.9717, -0.7241, -0.8228, -0.7739, -0.7324, -0.7959, -0.6436, -0.2905, -0.6440, -0.7651, -0.7993, -1.6846, -2.3887, -0.5229, -1.2637, -0.1075,  0.0826,  0.4421,\n        -0.5112, -1.5391, -0.6270, -1.2793, -1.6416, -1.4541, -0.4097, -1.0098, -1.3379,  0.0375, -1.1777, -0.1427, -1.5947, -1.8525, -0.5249, -1.0967, -1.6895, -1.5029, -1.5938, -0.0289,  0.0715, -0.6958, -1.4922, -2.1855, -0.4390, -1.3428, -1.6367, -0.4319, -1.5674, -0.9849, -1.1338, -0.1638, -0.4534,  0.9199,\n        -0.8501, -0.2783, -0.8472, -2.6855, -0.8433, -0.6431, -0.6997, -0.7876, -0.7686,  0.1462, -2.0527,  0.0899, -0.7695, -0.7144, -0.4333, -2.2520, -1.0957, -1.4863, -1.2588, -0.7295, -0.6387, -1.0498, -0.8281, -1.3486, -0.1317, -0.1661, -0.2312, -1.2002, -1.4189, -0.6646, -1.8105, -1.5791, -0.8047, -1.5186,\n        -0.1482, -1.4941, -0.7417, -1.9170, -0.5610, -0.8423, -0.7681, -0.5737, -1.7812, -0.2020, -0.9326, -0.9531, -0.5371, -0.1995, -2.2031, -1.3301, -0.6831, -1.4395, -1.3252, -1.3984, -0.5854, -1.5703, -0.4199, -0.2135, -0.4233, -0.6689, -1.4365, -1.7178, -1.7051, -1.5742, -0.6797, -1.6719, -0.1599, -1.7217,\n        -0.7559, -0.9639, -1.4473, -0.8389, -1.6904, -2.3398, -0.7378,  1.8516, -1.1934, -0.7671, -0.9722, -0.1360, -0.7607, -0.2427, -0.8184, -0.0610, -0.7803, -1.7705])"", ""class"": ""BatchNorm2d"", ""eps"": 0.001}","[[1, 256, 20, 20]]","[""torch.float32""]","[[1, 256, 20, 20]]",8.cv1.bn,forward,True,512,,819200,,52,0.1483,0.096,0.1055
8.cv2,8f6224db0b19406f,Conv,"{""class"": ""Conv""}","[[1, 384, 20, 20]]","[""torch.float32""]","[[1, 256, 20, 20]]",8.cv2,forward,False,98816,,1024000,,52,2.4195,1.94,1.0604
8.cv2.conv,0a6e7ad354a5bde8,Conv2d,"{""bias"": null, ""class"": ""Conv2d"", ""dilation"": [1, 1], ""groups"": 1, ""in_channels"": 384, ""kernel_size"": [1, 1], ""out_channels"": 256, ""padding"": [0, 0], ""stride"": [1, 1]}","[[1, 384, 20, 20]]","[""torch.float32""]","[[1, 256, 20, 20]]",8.cv2.conv,forward,True,98304,39321600,1024000,38.4,52,1.8434,1.4708,0.8378
8.cv2.bn,d8fd58a648130493,BatchNorm2d,"{""bias"": ""Parameter containing:\ntensor([-0.6953, -1.3350, -0.6636, -0.9790, -0.8311, -0.9170, -0.8193,  0.1508, -0.6763, -0.3320, -0.3386, -0.6904, -1.2334, -0.8975, -0.7788, -0.8892, -1.3779, -0.3923, -0.3994, -0.7788, -0.8232, -1.0869, -0.6641, -1.7646, -0.7329, -0.4153, -0.3367, -0.2216, -0.5195, -0.4465, -0.9214, -0.7715, -0.5586, -0.3237,\n        -0.8877, -1.1680, -1.1260, -0.0984, -0.6733, -0.6304, -0.4858, -1.4326, -0.4966, -0.1792,  0.6460, -0.9629, -1.0000, -0.8940, -0.7705, -0.5498, -1.1592, -0.8511,  0.1506, -0.2900, -0.5786, -0.5029, -1.0557, -0.5015, -0.8154, -0.5269, -0.0113, -0.6401, -0.1725, -1.0234, -0.9258, -1.1309, -0.8320, -0.9307,\n        -0.5742, -0.8652, -0.5444, -0.8931, -0.6895, -0.2201, -0.1577, -1.0605,  0.2681,  0.0044, -0.8257, -0.9863, -0.4143, -1.1006,  0.0121, -0.7842, -0.0543, -0.1504, -0.8267, -1.2783, -0.9199, -1.4561, -0.4500, -1.2607, -0.8262, -1.3027,  0.6084, -0.9014, -0.6753, -0.2216, -1.5068, -0.7236,  0.0802, -0.7124,\n        -0.8701, -1.3965, -0.4570, -1.1846, -0.6958, -0.9199, -0.8164, -1.0020, -1.1328, -0.9204, -0.4519, -0.5991, -0.6680, -0.6387, -0.3152, -0.9434,  1.0537, -0.7690, -0.1816, -0.6313,  0.2489, -0.8779, -0.7505, -0.9951, -0.5308, -0.3740, -1.3232, -1.0703, -0.6431, -1.0215,  0.0546, -0.5518, -1.1543, -0.5400,\n        -0.9067, -0.6899, -0.8428, -0.3823, -0.2734, -0.4458, -0.5747, -0.1503, -0.2949, -0.7227, -1.1758, -0.1100, -0.6577, -0.9561, -0.3098, -0.4124, -0.9507, -0.4331, -0.7480, -0.5635, -1.1680, -1.2666, -0.3513, -0.3970, -0.7402, -0.8789, -0.4031, -0.8213, -0.7397, -0.6611,  0.2915, -1.6523, -0.8052, -0.4773,\n        -0.2269, -0.8574, -0.5630, -0.8071, -1.0654, -1.5674,  0.2373, -1.4893, -0.9087, -0.7847, -0.6245, -1.6025, -0.4148,  0.0684, -1.0771, -1.1748, -1.2354, -1.5820,  0.0503, -0.7837, -0.5332, -0.9473,  0.1389, -0.7817, -1.1748, -0.5889, -1.1484, -1.1455, -0.5923, -0.7471,  0.9956, -0.7041, -0.8594, -1.6055,\n        -0.8579, -1.3291,  0.0048, -0.2377, -1.1914, -1.1348, -0.4512, -1.2617, -0.7705, -1.4893, -0.8882, -1.1768,  0.8027, -0.3682, -0.4495, -0.8086, -0.6768, -0.4180, -1.2568,  1.3701, -0.1277, -0.7622, -0.5005,  0.6357, -0.7402, -0.3088, -0.8716, -0.7803, -0.8452, -1.1758, -0.0158, -0.5400, -1.7188, -1.2334,\n        -0.4846, -0.6323, -0.7866, -1.1094, -1.0537, -1.1055, -1.1289, -0.8491, -0.5996, -0.3835, -0.5508, -1.0947, -0.8350, -1.0488, -0.8374, -0.3271, -1.2129, -1.4902])"", ""class"": ""BatchNorm2d"", ""eps"": 0.001}","[[1, 256, 20, 20]]","[""torch.float32""]","[[1, 256, 20, 20]]",8.cv2.bn,forward,True,512,,819200,,52,0.1987,0.1205,0.2066
8.m.0,31d91b5bca713d48,Bottleneck,"{""class"": ""Bottleneck""}","[[1, 128, 20, 20]]","[""torch.float32""]","[[1, 128, 20, 20]]",8.m.0,forward,False,295424,,409600,,52,5.6743,5.0852,1.628
8.m.0.cv1,5cfa28a28ad2d2aa,Conv,"{""class"": ""Conv""}","[[1, 128, 20, 20]]","[""torch.float32""]","[[1, 128, 20, 20]]",8.m.0.cv1,forward,False,147712,,409600,,52,2.7537,2.6405,0.783
8.m.0.cv1.conv,13b96a9080bb913a,Conv2d,"{""bias"": null, ""class"": ""Conv2d"", ""dilation"": [1, 1], ""groups"": 1, ""in_channels"": 128, ""kernel_size"": [3, 3], ""out_channels"": 128, ""padding"": [1, 1], ""stride"": [1, 1]}","[[1, 128, 20, 20]]","[""torch.float32""]","[[1, 128, 20, 20]]",8.m.0.cv1.conv,forward,True,147456,58982400,409600,144.0,52,2.1958,2.0899,0.6363
8.m.0.cv1.bn,83755cc9aa58a5a2,BatchNorm2d,"{""bias"": ""Parameter containing:\ntensor([-1.9023e+00, -6.7920e-01, -1.6809e-01, -3.3398e-01, -4.5093e-01, -1.3984e+00, -2.3169e-01, -4.9268e-01, -1.9219e+00, -1.6396e+00, -8.2715e-01, -1.6094e+00, -8.9697e-01, -1.4707e+00, -5.5664e-01, -9.3604e-01, -1.6729e+00, -4.0625e-01, -2.6025e-01, -7.7051e-01, -1.7783e+00,  1.0999e-01,  1.5369e-01, -9.8779e-01,\n        -1.7100e+00, -1.5771e-01, -3.2739e-01, -2.7832e-02, -5.6592e-01, -1.0078e+00, -7.9785e-01, -1.1987e-01, -3.3203e-01, -3.9648e-01,  8.6523e-01, -1.5645e+00, -4.4629e-01, -6.7236e-01, -8.0176e-01, -5.3662e-01, -1.1348e+00, -1.7197e+00, -8.4961e-01,  3.8257e-01, -1.4502e-01, -2.3511e-01, -3.6377e-01, -1.2979e+00,\n        -1.2295e+00, -4.0991e-01, -4.8633e-01, -1.5518e+00, -1.3721e+00, -1.3682e+00, -5.1709e-01, -1.2129e+00, -2.1738e+00, -7.5586e-01,  2.2715e+00, -5.7220e-02, -1.6729e+00,  1.2408e-01,  8.2471e-01, -1.4609e+00, -1.8506e+00, -4.7778e-01, -1.2412e+00, -1.5381e+00, -1.2217e+00,  3.5718e-01, -1.0381e+00, -1.3369e+00,\n        -2.3477e+00, -1.3252e+00, -1.9512e+00, -4.6600e-02, -1.0547e+00, -6.5088e-01, -9.0942e-02,  4.6204e-02, -5.1465e-01, -7.5537e-01, -1.6614e-01, -8.1006e-01, -1.6687e-01, -3.3081e-01, -7.0947e-01, -1.0166e+00, -4.2261e-01, -5.9961e-01, -1.4282e-01, -1.5918e+00, -2.2969e+00, -1.8779e+00, -2.1816e+00, -2.7417e-01,\n        -9.9023e-01, -8.9844e-01, -1.4795e+00, -3.9551e-01, -1.0137e+00, -1.5557e+00, -1.5674e+00, -6.0693e-01, -1.0312e+00, -9.7803e-01, -6.1279e-01,  1.0166e-03, -5.6038e-03, -8.8379e-01, -1.6467e-01, -9.6729e-01, -5.7959e-01, -5.0732e-01, -5.5811e-01, -5.5273e-01, -1.1338e+00, -1.4443e+00, -3.5889e-01, -3.4326e-01,\n        -7.4414e-01, -2.3770e+00, -1.5977e+00, -1.2646e+00, -1.1748e+00, -4.9487e-01, -1.5938e+00, -1.5391e+00])"", ""class"": ""BatchNorm2d"", ""eps"": 0.001}","[[1, 128, 20, 20]]","[""torch.float32""]","[[1, 128, 20, 20]]",8.m.0.cv1.bn,forward,True,256,,409600,,52,0.1599,0.1243,0.0989
8.m.0.cv2,5cfa28a28ad2d2aa,Conv,"{""class"": ""Conv""}","[[1, 128, 20, 20]]","[""torch.float32""]","[[1, 128, 20, 20]]",8.m.0.cv2,forward,False,147712,,409600,,52,2.6981,2.0922,1.1245
8.m.0.cv2.conv,13b96a9080bb913a,Conv2d,"{""bias"": null, ""class"": ""Conv2d"", ""dilation"": [1, 1], ""groups"": 1, ""in_channels"": 128, ""kernel_size"": [3, 3], ""out_channels"": 128, ""padding"": [1, 1], ""stride"": [1, 1]}","[[1, 128, 20, 20]]","[""torch.float32""]","[[1, 128, 20, 20]]",8.m.0.cv2.conv,forward,True,147456,58982400,409600,144.0,52,2.146,1.6701,0.8547
8.m.0.cv2.bn,f854e89998d193b2,BatchNorm2d,"{""bias"": ""Parameter containing:\ntensor([-1.3562e-01, -5.2148e-01, -5.4053e-01, -4.4751e-01, -5.8777e-02,  4.2871e-01, -8.0664e-01, -5.7471e-01, -5.5145e-02, -1.1211e+00, -1.1006e+00,  1.2725e+00,  7.0618e-02, -3.7964e-01, -2.3066e+00,  4.8920e-02, -1.0723e+00, -4.7217e-01, -9.5117e-01, -5.6250e-01, -4.6436e-01, -5.2002e-01, -3.4863e-01, -2.1387e-01,\n         3.8940e-01,  2.6367e-01,  4.8779e-01,  4.6338e-01,  2.7979e-01, -2.1851e-01, -2.0117e-01, -4.3359e-01,  1.0312e+00,  4.2725e-01,  1.2152e-01, -6.5137e-01, -5.9570e-01,  4.0332e-01, -4.2944e-01, -4.6973e-01, -1.7517e-01,  1.5049e+00, -8.0811e-01,  8.5010e-01, -5.3418e-01,  1.9568e-01, -1.6504e+00, -1.7273e-01,\n        -4.4214e-01, -8.2812e-01,  1.7395e-01, -1.0889e+00,  3.2349e-01, -2.1655e-01, -5.8008e-01,  4.1968e-01, -1.5225e+00, -9.2236e-01,  5.6396e-02,  2.7271e-01, -1.6064e+00,  1.4905e-01,  2.7298e-02, -5.1025e-01,  1.5991e-01, -1.0498e-01, -1.9250e-01, -3.7524e-01, -3.2251e-01, -5.9521e-01,  4.1553e-01,  2.3877e-01,\n         1.4258e-01, -1.1729e+00,  7.6318e-01,  3.8281e-01,  7.4524e-02, -4.5605e-01, -9.9658e-01, -2.8149e-01, -4.4556e-02,  7.0508e-01, -1.5039e+00, -3.6377e-01, -8.5547e-01,  7.3682e-01, -3.1909e-01,  3.8062e-01, -2.9932e-01, -3.2129e-01, -6.3086e-01, -2.5073e-01, -5.8670e-03,  4.6997e-02,  2.2461e-01,  5.0000e-01,\n        -2.7881e-01, -4.5386e-01,  3.0273e-01,  4.1406e-01,  1.0602e-01,  6.9287e-01, -4.2603e-02, -1.1786e-01, -1.6479e-02, -5.9570e-01,  4.7559e-01, -3.8892e-01, -1.1924e+00, -1.1456e-01, -1.5396e-02, -9.4299e-02,  4.5898e-01,  1.6833e-01, -4.7874e-04,  3.3643e-01, -5.6641e-01, -3.4082e-01, -2.2839e-01,  5.7422e-01,\n         1.1572e-01, -5.0488e-01,  1.4258e-01, -2.4365e-01, -1.8127e-01,  3.5858e-02, -1.4814e+00, -1.0576e+00])"", ""class"": ""BatchNorm2d"", ""eps"": 0.001}","[[1, 128, 20, 20]]","[""torch.float32""]","[[1, 128, 20, 20]]",8.m.0.cv2.bn,forward,True,256,,409600,,52,0.1875,0.1021,0.1966
9,7f0ad026246918d0,SPPF,"{""class"": ""SPPF""}","[[1, 256, 20, 20]]","[""torch.float32""]","[[1, 256, 20, 20]]",9,forward,False,164608,,819200,,52,8.9862,7.9989,2.2202
9.cv1,0ed1c23cf9110f7a,Conv,"{""class"": ""Conv""}","[[1, 256, 20, 20]]","[""torch.float32""]","[[1, 128, 20, 20]]",9.cv1,forward,False,33024,,614400,,52,2.0738,1.941,1.3097
9.cv1.conv,263b166895ce2216,Conv2d,"{""bias"": null, ""class"": ""Conv2d"", ""dilation"": [1, 1], ""groups"": 1, ""in_channels"": 256, ""kernel_size"": [1, 1], ""out_channels"": 128, ""padding"": [0, 0], ""stride"": [1, 1]}","[[1, 256, 20, 20]]","[""torch.float32""]","[[1, 128, 20, 20]]",9.cv1.conv,forward,True,32768,13107200,614400,21.3333,52,1.5611,1.4685,1.0559
9.cv1.bn,02691b5a7b285e95,BatchNorm2d,"{""bias"": ""Parameter containing:\ntensor([ 1.3037,  0.6143,  1.6934,  2.1680,  2.2090,  0.7485,  1.9033, -0.4648,  2.3809,  0.9600,  0.2168,  1.7314,  0.8120,  1.7520,  1.6943,  1.5693,  1.7832,  2.2734,  0.8057,  1.5713,  2.2090,  1.6846,  2.1934,  0.9419,  1.7100,  1.3252,  1.9160,  1.7275,  1.5303,  1.7852,  1.9805,  1.4971,  0.9517,  1.9551,\n         0.8232,  0.8101,  0.8740,  1.4111,  1.7959,  1.3496,  2.2285,  0.1598,  1.2607,  1.8809,  1.6670,  1.8320,  2.0898,  1.1562,  1.0293,  1.7910,  1.5479,  1.5820,  1.8350,  2.1758, -0.5908, -0.3706,  2.0996,  1.0361,  1.6865,  1.2324,  2.2988, -0.3389,  0.4104,  1.8174,  2.1934,  1.8896,  1.2432,  1.3652,\n         2.0879,  1.3154,  0.5757,  0.9771,  2.0254,  0.6543,  1.7920,  1.0244,  1.8828,  2.0684,  2.0059,  1.9834, -0.1863,  2.0762,  2.0352,  2.2832,  1.9023,  1.3164,  1.1963,  1.6182,  0.6401,  1.5957,  2.1465,  0.7451,  0.3950,  1.7734,  0.3979,  1.5430,  0.3279,  1.6035,  1.2295,  1.6152,  1.6699,  1.2705,\n         1.0723,  1.8184,  1.6279, -0.1914,  1.5049,  0.8242,  2.0254,  1.8271,  0.2498,  1.4619,  2.0000,  1.3369,  1.2832,  1.6299,  1.0723,  1.4600,  1.6719,  2.1035,  1.4619,  1.0371,  2.0371,  1.6455,  1.5674,  1.9912,  2.3262,  1.9102])"", ""class"": ""BatchNorm2d"", ""eps"": 0.001}","[[1, 128, 20, 20]]","[""torch.float32""]","[[1, 128, 20, 20]]",9.cv1.bn,forward,True,256,,409600,,52,0.1665,0.1047,0.1714
9.cv2,931c7b9fe350d92d,Conv,"{""class"": ""Conv""}","[[1, 512, 20, 20]]","[""torch.float32""]","[[1, 256, 20, 20]]",9.cv2,forward,False,131584,,1228800,,52,3.2097,3.1853,0.7336
9.cv2.conv,91f86eb7deec12bd,Conv2d,"{""bias"": null, ""class"": ""Conv2d"", ""dilation"": [1, 1], ""groups"": 1, ""in_channels"": 512, ""kernel_size"": [1, 1], ""out_channels"": 256, ""padding"": [0, 0], ""stride"": [1, 1]}","[[1, 512, 20, 20]]","[""torch.float32""]","[[1, 256, 20, 20]]",9.cv2.conv,forward,True,131072,52428800,1228800,42.6667,52,2.6555,2.2108,0.7283
9.cv2.bn,2b9eae42a0523f89,BatchNorm2d,"{""bias"": ""Parameter containing:\ntensor([ 0.3723, -2.4824, -0.7739, -1.0654, -2.7168, -2.3262, -2.8691, -2.8711, -0.8242, -1.9248, -0.5386, -2.1035, -1.8379, -0.5781, -1.5137,  1.1855, -1.1211, -0.4819, -0.9336, -0.5498, -0.1689, -1.1523, -0.3486, -1.0732, -1.0410, -1.5264, -0.9595, -1.9746, -1.9277, -1.4258,  0.0952, -1.2256, -1.1289, -1.1309,\n        -2.1445, -2.2012, -2.2266, -1.5107, -2.5742, -1.0205, -1.0781, -0.7236, -1.0840, -0.2876, -1.8662, -2.6621, -1.9756, -1.1895,  0.1158, -1.7861, -1.4121, -1.0000, -1.4141, -1.0137, -0.1826, -0.2559, -0.5894, -2.4609, -0.4370, -1.9482, -0.5728, -1.2285, -1.7061, -2.3691, -0.7544, -0.2527, -1.7324, -2.0820,\n        -2.1348, -2.2988,  0.0592, -0.0784, -0.8223, -2.4648, -2.0391, -1.9648, -2.3086, -0.7432, -1.6309,  0.0162, -0.5815, -2.3887, -1.1191, -1.2900, -0.4846, -1.0977, -2.5859, -1.3643, -0.2463, -2.0000, -1.4951, -1.1719, -2.8008, -0.1503, -1.8105, -0.7471, -1.0146, -2.1133, -1.8711, -2.8379, -0.5103,  0.3040,\n        -2.1699, -0.4438, -2.0137, -1.3750, -0.7505,  0.3823, -0.2385, -1.2129, -2.3281, -0.8423, -2.2285, -0.8687, -2.9473, -2.4277, -0.9185, -2.1406, -1.2363, -0.2847, -1.0723, -2.1895, -2.7793, -1.7725, -0.3999, -1.1611, -1.6885,  0.0546,  0.3962, -0.9141, -0.5342, -1.0947, -2.2715, -0.8687, -2.5312, -0.8848,\n        -0.2024, -1.8789, -0.4910,  0.1952, -1.2676, -3.0371, -0.6255, -1.8242,  0.4414, -1.8301, -0.0303, -1.5645, -1.6582, -2.0820, -0.9556, -2.0039, -1.4561, -2.2227, -0.8647, -1.4707, -1.9531, -1.8301, -1.1289, -1.7314, -0.9702, -0.8340,  1.1855, -1.5869, -1.1787, -0.8823, -0.9409, -1.4746, -1.6455, -0.6201,\n        -1.9434, -1.2842, -1.1406, -0.8560, -1.0645, -0.6401, -0.2177, -0.5073, -2.0996, -1.0137, -2.0547, -0.9258, -0.7959, -1.1279, -2.3203, -1.2598, -0.6812, -0.0920, -0.9268, -1.6152, -2.1973, -1.4893, -2.1328, -1.7627, -0.5566, -0.5601, -2.3105, -2.0059, -0.2954, -2.1777, -0.7520, -1.5068, -0.9834, -1.2471,\n        -2.5840, -0.6631, -0.3225, -1.0898, -1.1221, -0.4568, -1.0352, -2.2637, -1.5791, -1.8516, -0.5776, -0.4470, -2.1094, -2.0820, -2.6016, -1.4648, -2.6055, -0.9434, -0.0953, -1.3008, -1.9316, -1.3193, -0.3923, -0.1188, -0.7153, -1.0020, -2.5078, -1.3750, -0.3579, -0.3235, -1.6416,  0.5620, -2.2891, -1.1758,\n        -1.3350, -0.3677, -2.2598, -1.4443, -2.3965, -1.9961, -0.8916, -1.3535,  0.0073, -1.0293, -0.1902, -1.6455, -0.9370, -1.0547, -0.7617, -2.3887, -0.1948, -2.6895])"", ""class"": ""BatchNorm2d"", ""eps"": 0.001}","[[1, 256, 20, 20]]","[""torch.float32""]","[[1, 256, 20, 20]]",9.cv2.bn,forward,True,512,,819200,,52,0.1563,0.1166,0.1323
9.m,1c806597ea4ebb78,MaxPool2d,"{""class"": ""MaxPool2d"", ""dilation"": 1, ""kernel_size"": 5, ""padding"": 2, ""stride"": 1}","[[1, 128, 20, 20]]","[""torch.float32""]","[[1, 128, 20, 20]]",9.m,forward,True,0,,409600,,156,0.992,0.8352,0.3723
10,93c5d930f57eefe9,Upsample,"{""class"": ""Upsample""}","[[1, 256, 20, 20]]","[""torch.float32""]","[[1, 256, 40, 40]]",10,forward,True,0,,2048000,,52,2.5484,2.2999,0.6021
11,0cd094669177a78c,Concat,"{""class"": ""Concat""}","[[1, 256, 40, 40], [1, 128, 40, 40]]","[""torch.float32""]","[[1, 384, 40, 40]]",11,forward,True,0,,4915200,,52,0.8861,0.6299,0.4088
12,8c29c258aacc9f56,C2f,"{""class"": ""C2f""}","[[1, 384, 40, 40]]","[""torch.float32""]","[[1, 128, 40, 40]]",12,forward,False,148224,,3276800,,52,15.7399,14.0955,5.8505
12.cv1,3046dacecc4dd6d9,Conv,"{""class"": ""Conv""}","[[1, 384, 40, 40]]","[""torch.float32""]","[[1, 128, 40, 40]]",12.cv1,forward,False,49408,,3276800,,52,5.6054,5.0011,2.0678
12.cv1.conv,9f83a90ac7d8074c,Conv2d,"{""bias"": null, ""class"": ""Conv2d"", ""dilation"": [1, 1], ""groups"": 1, ""in_channels"": 384, ""kernel_size"": [1, 1], ""out_channels"": 128, ""padding"": [0, 0], ""stride"": [1, 1]}","[[1, 384, 40, 40]]","[""torch.float32""]","[[1, 128, 40, 40]]",12.cv1.conv,forward,True,49152,78643200,3276800,24.0,52,4.7693,4.2956,1.7359
12.cv1.bn,344de012611a7ad4,BatchNorm2d,"{""bias"": ""Parameter containing:\ntensor([-9.8242e-01, -5.4169e-03, -9.0820e-01, -1.3975e+00, -4.4604e-01, -2.1777e-01,  3.2654e-02,  3.3423e-01, -3.4497e-01,  4.3188e-01, -9.6631e-01, -4.4263e-01, -1.6934e+00, -1.4600e+00, -2.6294e-01,  5.0049e-01, -1.3782e-01, -9.4678e-01, -1.8428e+00,  2.1118e-01, -1.1768e-01, -4.7974e-01,  8.5498e-01, -1.6006e+00,\n        -9.7803e-01, -1.5637e-01,  5.1074e-01, -1.5945e-03, -9.2969e-01, -1.9588e-03, -7.9443e-01, -2.5073e-01, -1.6768e+00,  1.7395e-01, -9.3604e-01, -1.0732e+00, -2.6657e-02,  4.6265e-01, -7.4658e-01,  5.4346e-01, -3.9429e-01, -9.1455e-01, -1.3096e+00, -1.2285e+00, -6.8750e-01, -3.5254e-01,  2.4414e-02,  5.3564e-01,\n        -7.8564e-01, -6.2305e-01, -3.2013e-02, -6.8237e-02,  2.5537e-01, -2.3511e-01,  3.7085e-01, -1.0000e+00, -3.5278e-01,  2.5977e-01, -2.0239e-01, -1.3809e+00, -7.2363e-01,  1.1279e+00,  9.3750e-02, -8.1494e-01, -6.6357e-01, -1.5117e+00, -4.5020e-01, -8.9062e-01, -1.2705e+00, -1.1621e+00,  2.0859e+00, -1.5664e+00,\n        -9.4299e-02,  1.5566e+00, -1.3438e+00, -1.9561e+00,  7.7979e-01, -2.6147e-01, -1.2100e+00, -3.4839e-01, -8.3691e-01, -1.4287e+00, -1.7441e+00,  1.4199e+00, -1.3564e+00, -4.3921e-01,  1.1462e-01, -4.7485e-02, -5.2148e-01,  1.0596e+00,  1.5027e-01,  4.0088e-01, -6.1084e-01,  1.0535e-01, -2.2571e-01, -1.0703e+00,\n        -1.4429e-01, -1.6709e+00, -1.5889e+00, -1.8201e-01, -1.4951e+00,  5.8154e-01, -1.1682e-01, -6.3184e-01, -3.4619e-01, -1.3340e+00, -9.7809e-03,  3.0981e-01,  1.3027e+00, -6.0205e-01, -2.1805e-02,  1.4590e+00, -4.7339e-01, -3.4692e-01, -1.6699e+00,  1.4209e+00, -5.3369e-01, -1.7480e+00,  8.0261e-02,  3.7427e-01,\n        -1.0625e+00, -2.6215e-02,  3.4863e-01,  1.0723e+00, -2.2253e-01,  1.2598e-01, -8.6133e-01,  1.1749e-01])"", ""class"": ""BatchNorm2d"", ""eps"": 0.001}","[[1, 128, 40, 40]]","[""torch.float32""]","[[1, 128, 40, 40]]",12.cv1.bn,forward,True,256,,1638400,,52,0.3005,0.2099,0.2555
12.cv2,681d054a72fa7eca,Conv,"{""class"": ""Conv""}","[[1, 192, 40, 40]]","[""torch.float32""]","[[1, 128, 40, 40]]",12.cv2,forward,False,24832,,2048000,,52,4.037,3.7068,1.4895
12.cv2.conv,d50f04993f6b85af,Conv2d,"{""bias"": null, ""class"": ""Conv2d"", ""dilation"": [1, 1], ""groups"": 1, ""in_channels"": 192, ""kernel_size"": [1, 1], ""out_channels"": 128, ""padding"": [0, 0], ""stride"": [1, 1]}","[[1, 192, 40, 40]]","[""torch.float32""]","[[1, 128, 40, 40]]",12.cv2.conv,forward,True,24576,39321600,2048000,19.2,52,3.1483,2.9879,1.1106
12.cv2.bn,c881f100e605dbf7,BatchNorm2d,"{""bias"": ""Parameter containing:\ntensor([-1.4834, -0.3542, -0.7520, -0.2656,  0.5293, -1.0029, -0.7427,  0.6475,  0.0139,  0.1580, -0.6133, -1.0420, -0.0064, -0.1984, -0.0832, -0.1242, -0.2874,  0.7383, -0.7661,  0.8257, -1.5938, -0.6421,  0.6045, -1.0137,  0.0329, -0.6733, -0.1355, -0.4976, -1.2812,  0.9668, -0.5337, -0.3669,  0.8530, -0.5801,\n        -1.3535, -0.8872,  1.0293,  0.2959, -0.3621, -0.7900, -0.4888, -0.0454, -0.7715,  0.8823,  0.2896, -0.1149, -0.6260,  0.4597, -0.9053, -0.6470, -1.3906,  0.5132, -0.5864,  0.5508, -0.5210,  1.1064, -0.5552, -0.1617, -0.5308,  1.3477,  0.5317, -1.8662, -0.2698, -1.1924, -1.1611, -0.1763,  0.5254,  0.2568,\n         0.0655, -0.4487,  0.6460, -0.1460,  0.8467,  0.4148, -1.4307, -0.4551,  0.5703,  0.4543, -0.3123,  0.0156, -0.6704, -0.0812,  0.2081, -0.2156, -0.5532, -0.8022, -1.1543, -0.9287, -0.1421, -1.3857, -0.9385,  0.3174, -0.3130, -0.1075, -0.1624, -0.0472, -0.9360, -0.8950, -0.8096,  0.0760, -0.1174, -0.1584,\n        -0.6455, -0.9971,  0.3872, -0.1594,  1.0635, -0.8315, -0.8149, -0.8672, -0.7578,  1.1084, -0.4143, -0.5186, -0.2382, -0.7798, -0.2913, -0.5361, -0.1514, -0.8506,  0.2407,  0.4548, -1.4512,  0.1833, -0.2920, -0.6040, -0.0986,  0.0975])"", ""class"": ""BatchNorm2d"", ""eps"": 0.001}","[[1, 128, 40, 40]]","[""torch.float32""]","[[1, 128, 40, 40]]",12.cv2.bn,forward,True,256,,1638400,,52,0.293,0.2252,0.1877
12.m.0,02436ef5d3114e46,Bottleneck,"{""class"": ""Bottleneck""}","[[1, 64, 40, 40]]","[""torch.float32""]","[[1, 64, 40, 40]]",12.m.0,forward,False,73984,,819200,,52,5.3254,4.6384,2.5359
12.m.0.cv1,779f8899e994d313,Conv,"{""class"": ""Conv""}","[[1, 64, 40, 40]]","[""torch.float32""]","[[1, 64, 40, 40]]",12.m.0.cv1,forward,False,36992,,819200,,52,2.8742,2.2015,1.4633
12.m.0.cv1.conv,7dcfbda29846c883,Conv2d,"{""bias"": null, ""class"": ""Conv2d"", ""dilation"": [1, 1], ""groups"": 1, ""in_channels"": 64, ""kernel_size"": [3, 3], ""out_channels"": 64, ""padding"": [1, 1], ""stride"": [1, 1]}","[[1, 64, 40, 40]]","[""torch.float32""]","[[1, 64, 40, 40]]",12.m.0.cv1.conv,forward,True,36864,58982400,819200,72.0,52,2.2207,1.6412,1.1352
12.m.0.cv1.bn,20defdae164cd7b0,BatchNorm2d,"{""bias"": ""Parameter containing:\ntensor([ 4.1772e-01, -1.0137e+00, -2.3059e-01, -3.6938e-01, -1.4001e-01, -1.0400e+00, -2.9248e-01, -6.4111e-01, -7.2168e-01, -1.0684e+00, -1.7969e+00, -7.2607e-01, -7.6758e-01, -1.3994e+00, -4.6948e-01, -6.4270e-02, -1.9004e+00, -7.7783e-01, -6.7773e-01, -1.4941e+00, -1.3682e+00, -1.2773e+00, -7.6172e-01, -1.3271e+00,\n        -1.0459e+00, -7.2949e-01, -5.6885e-01, -8.8330e-01, -6.0693e-01,  8.4290e-02, -1.5557e+00, -3.5596e-01, -6.8066e-01, -2.3047e+00, -1.1104e+00, -3.6768e-01, -9.8486e-01, -7.1338e-01, -3.9307e-01, -1.6807e+00,  2.0003e-04, -1.9727e+00, -1.5713e+00, -3.7476e-01, -9.6533e-01, -1.5747e-01, -8.7500e-01, -8.1299e-01,\n        -7.1960e-02, -1.3389e+00, -7.7734e-01, -7.6367e-01, -1.1318e+00, -1.5410e+00, -2.6660e-01, -1.0309e-01, -1.3105e+00, -2.7612e-01,  9.4238e-02, -4.9170e-01, -2.2754e+00, -4.1016e-01, -3.9038e-01, -2.0039e+00])"", ""class"": ""BatchNorm2d"", ""eps"": 0.001}","[[1, 64, 40, 40]]","[""torch.float32""]","[[1, 64, 40, 40]]",12.m.0.cv1.bn,forward,True,128,,819200,,52,0.2195,0.1404,0.1838
12.m.0.cv2,779f8899e994d313,Conv,"{""class"": ""Conv""}","[[1, 64, 40, 40]]","[""torch.float32""]","[[1, 64, 40, 40]]",12.m.0.cv2,forward,False,36992,,819200,,52,2.3717,1.8347,1.2042
12.m.0.cv2.conv,7dcfbda29846c883,Conv2d,"{""bias"": null, ""class"": ""Conv2d"", ""dilation"": [1, 1], ""groups"": 1, ""in_channels"": 64, ""kernel_size"": [3, 3], ""out_channels"": 64, ""padding"": [1, 1], ""stride"": [1, 1]}","[[1, 64, 40, 40]]","[""torch.float32""]","[[1, 64, 40, 40]]",12.m.0.cv2.conv,forward,True,36864,58982400,819200,72.0,52,1.8051,1.383,0.918
12.m.0.cv2.bn,2963e645098bf7b1,BatchNorm2d,"{""bias"": ""Parameter containing:\ntensor([ 0.0404, -0.4412, -0.5938, -0.5742,  0.7207,  0.6323,  1.1006, -0.8833, -0.3276,  0.3005, -0.4766, -0.2573, -0.7808, -0.4177,  0.9058, -0.2192,  0.5015,  1.0293,  0.6958, -0.6875, -0.7236, -0.2725, -0.3694, -0.8774, -0.1967, -1.3877,  0.3369, -0.0395,  0.1165, -0.0383, -0.8159, -0.6226, -0.4167,  0.7603,\n         0.2268, -0.1177, -0.3933,  0.5361,  1.0518, -0.4280,  0.0270, -0.1482, -0.2186, -0.9800,  0.2400,  0.1666, -1.2666,  0.3179,  0.2126,  0.3215, -0.0108, -0.8428,  1.0869, -0.6533,  1.0791,  0.2034, -0.6069, -1.1777, -0.3875, -0.7773, -0.4780, -0.4590, -0.1649,  1.1162])"", ""class"": ""BatchNorm2d"", ""eps"": 0.001}","[[1, 64, 40, 40]]","[""torch.float32""]","[[1, 64, 40, 40]]",12.m.0.cv2.bn,forward,True,128,,819200,,52,0.1873,0.1411,0.1358
13,b284f397df75eed7,Upsample,"{""class"": ""Upsample""}","[[1, 128, 40, 40]]","[""torch.float32""]","[[1, 128, 80, 80]]",13,forward,True,0,,4096000,,52,0.7638,0.647,0.2885
14,9627697befd97eb5,Concat,"{""class"": ""Concat""}","[[1, 128, 80, 80], [1, 64, 80, 80]]","[""torch.float32""]","[[1, 192, 80, 80]]",14,forward,True,0,,9830400,,52,1.9794,1.801,0.4988
15,aa2e579fd0abdfe1,C2f,"{""class"": ""C2f""}","[[1, 192, 80, 80]]","[""torch.float32""]","[[1, 64, 80, 80]]",15,forward,False,37248,,6553600,,52,23.1746,21.5965,5.3367
15.cv1,54effe0ef039cb18,Conv,"{""class"": ""Conv""}","[[1, 192, 80, 80]]","[""torch.float32""]","[[1, 64, 80, 80]]",15.cv1,forward,False,12416,,6553600,,52,8.7041,7.6778,2.1653
15.cv1.conv,ac6bc2078ffd77ea,Conv2d,"{""bias"": null, ""class"": ""Conv2d"", ""dilation"": [1, 1], ""groups"": 1, ""in_channels"": 192, ""kernel_size"": [1, 1], ""out_channels"": 64, ""padding"": [0, 0], ""stride"": [1, 1]}","[[1, 192, 80, 80]]","[""torch.float32""]","[[1, 64, 80, 80]]",15.cv1.conv,forward,True,12288,78643200,6553600,12.0,52,7.2291,6.3884,1.7924
15.cv1.bn,fffe8447e01a7f50,BatchNorm2d,"{""bias"": ""Parameter containing:\ntensor([ 0.9873,  1.1719,  0.4517,  0.2365, -1.8184,  0.4456,  0.9136, -0.1013,  0.5205, -0.3999,  0.3303, -0.0590, -0.6470, -0.7397,  0.5757,  0.4348, -0.1978, -1.7441,  0.8438,  0.6001,  0.5352,  1.2920,  0.5942,  0.3015, -1.2578,  0.9443,  1.2979, -0.8555,  0.6372,  0.2181,  0.6499,  0.9595, -0.8262,  1.3496,\n        -0.5059, -0.5088, -1.2783, -0.4990, -0.4802, -0.6914,  0.6782, -0.5142,  1.6895, -1.0967, -0.0293, -0.0211,  0.7285,  0.3608,  0.0595,  1.4922, -2.6172, -1.9209,  0.1627,  1.5762,  0.2898,  1.6514,  1.1807,  0.5044,  1.3428, -0.6172, -0.5039,  1.3643,  1.6963, -0.5332])"", ""class"": ""BatchNorm2d"", ""eps"": 0.001}","[[1, 64, 80, 80]]","[""torch.float32""]","[[1, 64, 80, 80]]",15.cv1.bn,forward,True,128,,3276800,,52,0.5586,0.4418,0.2888
15.cv2,4e4c9c702652b912,Conv,"{""class"": ""Conv""}","[[1, 96, 80, 80]]","[""torch.float32""]","[[1, 64, 80, 80]]",15.cv2,forward,False,6272,,4096000,,52,6.2128,5.8509,1.1874
15.cv2.conv,936a6f8c147903ef,Conv2d,"{""bias"": null, ""class"": ""Conv2d"", ""dilation"": [1, 1], ""groups"": 1, ""in_channels"": 96, ""kernel_size"": [1, 1], ""out_channels"": 64, ""padding"": [0, 0], ""stride"": [1, 1]}","[[1, 96, 80, 80]]","[""torch.float32""]","[[1, 64, 80, 80]]",15.cv2.conv,forward,True,6144,39321600,4096000,9.6,52,4.8584,4.5235,0.9834
15.cv2.bn,520c3023349d290d,BatchNorm2d,"{""bias"": ""Parameter containing:\ntensor([ 2.0862e-01, -1.1816e+00,  1.1855e+00, -8.2178e-01,  2.4243e-01,  7.7942e-02, -1.7615e-01, -1.0381e+00, -5.5969e-02,  2.3438e-01,  1.4951e+00, -2.9150e-01, -3.0391e+00,  5.4883e-01,  7.5098e-01, -3.3496e-01,  1.6028e-01, -1.0615e+00,  1.6016e+00,  1.4150e+00,  1.1908e-01,  1.1104e+00, -1.5586e+00, -1.1646e-01,\n         1.3281e+00, -4.7064e-04,  1.1612e-02, -4.4897e-01,  3.3569e-01,  7.5586e-01, -2.1838e-01,  1.4102e+00, -5.2881e-01,  7.4219e-02,  1.4746e-01,  8.2568e-01,  6.0516e-02, -8.8574e-01,  8.5938e-01, -3.9795e-01, -1.0361e+00,  1.3281e+00,  5.8154e-01, -2.1103e-02,  1.0508e+00, -2.3301e+00,  1.0186e+00,  1.1113e+00,\n        -1.1387e+00,  1.4131e+00,  1.0967e+00,  2.6562e-01, -1.0381e+00, -4.3896e-01,  1.1309e+00,  5.6250e-01, -2.8717e-02,  1.2461e+00,  9.3799e-01, -4.7821e-02,  7.6123e-01, -9.8047e-01,  3.3447e-01, -2.1179e-02])"", ""class"": ""BatchNorm2d"", ""eps"": 0.001}","[[1, 64, 80, 80]]","[""torch.float32""]","[[1, 64, 80, 80]]",15.cv2.bn,forward,True,128,,3276800,,52,0.479,0.3966,0.1842
15.m.0,d899a3676066aac1,Bottleneck,"{""class"": ""Bottleneck""}","[[1, 32, 80, 80]]","[""torch.float32""]","[[1, 32, 80, 80]]",15.m.0,forward,False,18560,,1638400,,52,6.9609,6.3454,2.3917
15.m.0.cv1,a5cf2816ac5c4970,Conv,"{""class"": ""Conv""}","[[1, 32, 80, 80]]","[""torch.float32""]","[[1, 32, 80, 80]]",15.m.0.cv1,forward,False,9280,,1638400,,52,3.7633,3.4402,1.5498
15.m.0.cv1.conv,a56f708ca00677f8,Conv2d,"{""bias"": null, ""class"": ""Conv2d"", ""dilation"": [1, 1], ""groups"": 1, ""in_channels"": 32, ""kernel_size"": [3, 3], ""out_channels"": 32, ""padding"": [1, 1], ""stride"": [1, 1]}","[[1, 32, 80, 80]]","[""torch.float32""]","[[1, 32, 80, 80]]",15.m.0.cv1.conv,forward,True,9216,58982400,1638400,36.0,52,2.8582,2.3993,1.2922
15.m.0.cv1.bn,06cc78e4ade94e1c,BatchNorm2d,"{""bias"": ""Parameter containing:\ntensor([-0.3643,  0.6069, -0.8369, -1.0410, -0.7637, -0.7373, -0.4536, -0.5884, -0.9893, -0.4077, -0.5825, -0.4453, -1.0977,  0.1521,  1.5293, -0.5425, -0.9233, -0.3457, -1.7939, -0.5610, -0.8569, -1.2861,  0.0911, -0.7544, -0.2617, -0.6064, -0.9775, -0.7485, -0.9097, -0.6919, -0.2573, -0.5884])"", ""class"": ""BatchNorm2d"", ""eps"": 0.001}","[[1, 32, 80, 80]]","[""torch.float32""]","[[1, 32, 80, 80]]",15.m.0.cv1.bn,forward,True,64,,1638400,,52,0.3451,0.2496,0.2908
15.m.0.cv2,a5cf2816ac5c4970,Conv,"{""class"": ""Conv""}","[[1, 32, 80, 80]]","[""torch.float32""]","[[1, 32, 80, 80]]",15.m.0.cv2,forward,False,9280,,1638400,,52,3.1066,2.6636,1.1002
15.m.0.cv2.conv,a56f708ca00677f8,Conv2d,"{""bias"": null, ""class"": ""Conv2d"", ""dilation"": [1, 1], ""groups"": 1, ""in_channels"": 32, ""kernel_size"": [3, 3], ""out_channels"": 32, ""padding"": [1, 1], ""stride"": [1, 1]}","[[1, 32, 80, 80]]","[""torch.float32""]","[[1, 32, 80, 80]]",15.m.0.cv2.conv,forward,True,9216,58982400,1638400,36.0,52,2.3578,1.9858,0.8779
15.m.0.cv2.bn,cee9774844f27234,BatchNorm2d,"{""bias"": ""Parameter containing:\ntensor([ 0.6289,  1.0488,  0.1038, -0.5200, -0.1095, -0.0365, -0.5054,  2.6055,  0.5386, -0.0289,  0.5278, -0.0031, -0.0505, -0.2676, -0.3779,  0.2288, -0.5498, -0.3333, -0.2341,  0.1587, -0.1536,  0.2072, -0.0172, -0.0775, -0.1372, -0.0627,  0.0898,  1.4404, -0.2230, -0.3020,  0.2340,  2.8164])"", ""class"": ""BatchNorm2d"", ""eps"": 0.001}","[[1, 32, 80, 80]]","[""torch.float32""]","[[1, 32, 80, 80]]",15.m.0.cv2.bn,forward,True,64,,1638400,,52,0.2495,0.1846,0.1756
16,8edda4b0b28cfff8,Conv,"{""class"": ""Conv""}","[[1, 64, 80, 80]]","[""torch.float32""]","[[1, 64, 40, 40]]",16,forward,False,36992,,2048000,,52,3.7858,3.4374,1.4863
16.conv,dafcc4b06ca4275c,Conv2d,"{""bias"": null, ""class"": ""Conv2d"", ""dilation"": [1, 1], ""groups"": 1, ""in_channels"": 64, ""kernel_size"": [3, 3], ""out_channels"": 64, ""padding"": [1, 1], ""stride"": [2, 2]}","[[1, 64, 80, 80]]","[""torch.float32""]","[[1, 64, 40, 40]]",16.conv,forward,True,36864,58982400,2048000,28.8,52,3.1024,2.7456,1.1887
16.bn,6b811d11a324b5b7,BatchNorm2d,"{""bias"": ""Parameter containing:\ntensor([-0.3958, -0.4187, -0.0536, -0.1306, -0.1501,  1.3574, -0.4966, -0.8477, -0.0214, -0.9131, -0.4543, -0.7524, -1.2500, -0.0450, -0.4023, -0.0168, -0.4556,  1.1484,  0.1335, -0.2189, -0.0361,  0.2988,  0.4453,  0.3989, -0.6934, -0.6377,  0.1625, -0.9268, -0.3486, -0.9800, -1.1338, -0.9316, -0.6226,  0.4165,\n         0.6279, -0.7041, -1.3203,  0.1233, -0.3262, -0.6367, -1.7891,  0.3958, -0.3008, -0.7402, -0.1310, -0.8862, -0.5674, -0.7544,  0.2793, -0.0799, -1.0693, -0.8657, -1.1572, -0.4102, -0.0356, -0.4829,  0.2155, -0.8501, -0.8774, -0.4348, -0.1583, -1.3350, -1.0127, -0.5840])"", ""class"": ""BatchNorm2d"", ""eps"": 0.001}","[[1, 64, 40, 40]]","[""torch.float32""]","[[1, 64, 40, 40]]",16.bn,forward,True,128,,819200,,52,0.2369,0.1548,0.1847
17,0c744be3ab4636b8,Concat,"{""class"": ""Concat""}","[[1, 64, 40, 40], [1, 128, 40, 40]]","[""torch.float32""]","[[1, 192, 40, 40]]",17,forward,True,0,,2457600,,52,0.4897,0.3354,0.3382
18,8c00e318696354fb,C2f,"{""class"": ""C2f""}","[[1, 192, 40, 40]]","[""torch.float32""]","[[1, 128, 40, 40]]",18,forward,False,123648,,2048000,,52,14.0086,12.7019,3.5935
18.cv1,681d054a72fa7eca,Conv,"{""class"": ""Conv""}","[[1, 192, 40, 40]]","[""torch.float32""]","[[1, 128, 40, 40]]",18.cv1,forward,False,24832,,2048000,,52,4.1353,3.724,1.5086
18.cv1.conv,d50f04993f6b85af,Conv2d,"{""bias"": null, ""class"": ""Conv2d"", ""dilation"": [1, 1], ""groups"": 1, ""in_channels"": 192, ""kernel_size"": [1, 1], ""out_channels"": 128, ""padding"": [0, 0], ""stride"": [1, 1]}","[[1, 192, 40, 40]]","[""torch.float32""]","[[1, 128, 40, 40]]",18.cv1.conv,forward,True,24576,39321600,2048000,19.2,52,3.3161,3.044,1.173
18.cv1.bn,ac7b762c6d056fc6,BatchNorm2d,"{""bias"": ""Parameter containing:\ntensor([-0.6997, -0.2360, -0.3813, -0.1392,  0.4023, -0.2695, -0.3210, -0.0331, -0.0895,  0.2449,  0.0275, -1.0771, -0.4089, -0.1808, -0.3904, -0.9717, -0.1255, -0.5024, -0.8579, -0.1757, -0.5879, -0.6719, -0.3545, -0.2120, -0.4504,  0.0739, -0.8916,  0.5391, -0.3179, -0.3862, -0.4856, -0.1820, -0.2720, -0.7017,\n        -0.3994, -0.5562, -0.6875, -0.6118, -0.3467, -0.5430,  0.0574, -0.0688, -0.5688, -0.3918, -0.0063,  0.3516, -0.4014, -0.0478, -0.0109, -0.3701, -0.3154, -0.5723, -1.0518, -0.5864, -0.4302,  0.2432, -0.4426,  0.1875, -0.4143,  0.0880,  0.2798, -0.3020,  0.0667, -0.7305,  0.2476, -0.5693, -1.7168, -0.7446,\n         1.2969,  0.9868, -0.8501, -0.4929, -0.8320, -1.3477, -1.0859,  0.7539,  0.8091, -0.5962, -1.0898, -0.0368, -0.9712,  0.2983,  0.6089, -0.1447,  0.5879, -1.2646,  0.2529, -0.7427, -0.0258, -1.0791, -0.4761,  0.3262,  0.6562, -0.3044, -0.2717, -0.5757, -0.9678, -0.3838, -0.3081, -0.3635,  0.0715,  0.5586,\n         0.4492,  0.4712, -0.5107, -0.1951,  0.0323,  2.3516, -0.3699, -1.2188,  0.3745, -0.9971, -2.8125, -0.9292, -0.2764,  0.5864, -0.5024, -0.6836, -0.1832, -1.0430, -1.0889, -0.1223, -0.7388, -0.4890,  0.2717, -0.7256, -0.3047, -0.0909])"", ""class"": ""BatchNorm2d"", ""eps"": 0.001}","[[1, 128, 40, 40]]","[""torch.float32""]","[[1, 128, 40, 40]]",18.cv1.bn,forward,True,256,,1638400,,52,0.28,0.2032,0.1783
18.cv2,681d054a72fa7eca,Conv,"{""class"": ""Conv""}","[[1, 192, 40, 40]]","[""torch.float32""]","[[1, 128, 40, 40]]",18.cv2,forward,False,24832,,2048000,,52,3.7537,3.6922,0.8796
18.cv2.conv,d50f04993f6b85af,Conv2d,"{""bias"": null, ""class"": ""Conv2d"", ""dilation"": [1, 1], ""groups"": 1, ""in_channels"": 192, ""kernel_size"": [1, 1], ""out_channels"": 128, ""padding"": [0, 0], ""stride"": [1, 1]}","[[1, 192, 40, 40]]","[""torch.float32""]","[[1, 128, 40, 40]]",18.cv2.conv,forward,True,24576,39321600,2048000,19.2,52,2.9789,2.7403,0.7459
18.cv2.bn,91f738601b3d6f07,BatchNorm2d,"{""bias"": ""Parameter containing:\ntensor([-1.2930, -0.8813, -0.2360,  0.1018, -0.7686, -0.2837, -1.0918, -0.5791, -0.3687, -0.9897, -0.9395, -0.5166,  0.9580, -0.8618,  0.3572, -1.2334, -1.0576, -0.5825, -0.4451,  0.9175, -1.1982, -0.4438,  1.3770, -1.1201,  1.3613, -0.7852, -0.6709, -0.7119,  0.5054, -0.8525, -0.7793, -2.4473, -0.0075, -0.0736,\n        -0.1886, -0.3018,  0.0040, -1.2725, -0.4128,  0.1353, -1.5654, -0.2927, -1.1982, -0.3921,  0.1667,  0.7861, -0.4673,  1.8916, -0.5786, -0.4255, -0.6089,  0.5479,  0.0343, -0.3770, -0.6494, -1.0000, -1.0254, -0.2988, -1.4229,  0.6313, -0.1038, -0.2722, -1.5918, -0.9688, -0.3379, -0.4814, -0.9233, -0.3435,\n        -0.0958, -0.6440, -0.1209, -0.5146, -1.1758, -1.0684, -1.2168,  0.7627,  0.1592,  0.2236, -0.4707, -0.0944, -0.9775, -1.0625, -0.7329, -0.0113, -0.5801, -0.3054,  0.6963, -0.9365, -0.8203, -0.1058, -0.0494, -0.2568, -0.4443, -1.0234, -0.1459,  0.8101, -2.1133, -3.0859, -1.6338, -0.4634, -2.0449, -0.5557,\n        -0.0494,  0.1807,  0.0074, -1.0752, -0.4814, -0.4399, -0.5498, -1.0273, -0.0612,  0.4253,  0.2942, -0.3960, -0.8301,  0.7988, -0.1299, -0.6196, -0.4504, -1.3730, -0.5786,  1.4072, -0.5312,  0.2047, -0.9902,  0.7065,  0.7207, -0.8257])"", ""class"": ""BatchNorm2d"", ""eps"": 0.001}","[[1, 128, 40, 40]]","[""torch.float32""]","[[1, 128, 40, 40]]",18.cv2.bn,forward,True,256,,1638400,,52,0.2654,0.1784,0.1806
18.m.0,02436ef5d3114e46,Bottleneck,"{""class"": ""Bottleneck""}","[[1, 64, 40, 40]]","[""torch.float32""]","[[1, 64, 40, 40]]",18.m.0,forward,False,73984,,819200,,52,5.3589,4.6715,2.178
18.m.0.cv1,779f8899e994d313,Conv,"{""class"": ""Conv""}","[[1, 64, 40, 40]]","[""torch.float32""]","[[1, 64, 40, 40]]",18.m.0.cv1,forward,False,36992,,819200,,52,3.0352,2.6687,1.4931
18.m.0.cv1.conv,7dcfbda29846c883,Conv2d,"{""bias"": null, ""class"": ""Conv2d"", ""dilation"": [1, 1], ""groups"": 1, ""in_channels"": 64, ""kernel_size"": [3, 3], ""out_channels"": 64, ""padding"": [1, 1], ""stride"": [1, 1]}","[[1, 64, 40, 40]]","[""torch.float32""]","[[1, 64, 40, 40]]",18.m.0.cv1.conv,forward,True,36864,58982400,819200,72.0,52,2.3983,2.0622,1.2104
18.m.0.cv1.bn,1e0d6c254476a328,BatchNorm2d,"{""bias"": ""Parameter containing:\ntensor([-0.2532, -0.8428, -0.5610, -0.9409, -1.2949, -1.0098, -0.9595, -1.0293, -0.9824, -1.2207, -1.1816, -0.6875, -0.6670, -0.5181, -0.5503, -1.2637, -0.9443, -0.8848, -0.6353, -0.3293,  1.7910,  0.0961, -0.6187, -0.7134, -0.6763, -1.2900, -0.8218, -1.4326, -0.2637, -1.3477, -0.4553, -0.9312, -0.8662, -0.9233,\n        -0.5337, -0.2898, -1.0693, -1.0703,  0.1276, -1.1777, -0.8955, -1.1914, -0.5908, -0.9146, -0.8892, -1.3828, -0.5488, -1.3242, -0.8945, -0.9878, -1.1797, -1.0879, -0.7090, -0.7808, -1.2568,  0.1698, -0.5786, -0.7109, -1.2256, -0.8145, -0.5972, -0.2893, -0.5503, -0.9458])"", ""class"": ""BatchNorm2d"", ""eps"": 0.001}","[[1, 64, 40, 40]]","[""torch.float32""]","[[1, 64, 40, 40]]",18.m.0.cv1.bn,forward,True,128,,819200,,52,0.2388,0.1585,0.2299
18.m.0.cv2,779f8899e994d313,Conv,"{""class"": ""Conv""}","[[1, 64, 40, 40]]","[""torch.float32""]","[[1, 64, 40, 40]]",18.m.0.cv2,forward,False,36992,,819200,,52,2.2405,1.8288,0.9963
18.m.0.cv2.conv,7dcfbda29846c883,Conv2d,"{""bias"": null, ""class"": ""Conv2d"", ""dilation"": [1, 1], ""groups"": 1, ""in_channels"": 64, ""kernel_size"": [3, 3], ""out_channels"": 64, ""padding"": [1, 1], ""stride"": [1, 1]}","[[1, 64, 40, 40]]","[""torch.float32""]","[[1, 64, 40, 40]]",18.m.0.cv2.conv,forward,True,36864,58982400,819200,72.0,52,1.72,1.3648,0.8444
18.m.0.cv2.bn,544e7c47b04abdf5,BatchNorm2d,"{""bias"": ""Parameter containing:\ntensor([-0.4622,  0.0932, -0.5522, -0.8706,  0.5869,  0.9248,  0.1034, -0.2793, -0.1790,  0.6499, -1.1436,  0.7432, -0.2375, -0.7812, -0.7314,  0.0520, -0.4082, -0.4165, -0.4055,  0.7544,  0.5669, -0.8267,  1.3145, -0.7437, -0.3994, -0.9922,  0.6899, -1.0771, -0.2778,  0.2289,  0.2228,  0.2303, -0.2725,  0.7842,\n        -0.5146, -0.3984,  0.1294, -0.9375, -0.5498, -0.6650, -0.9678, -0.1993, -0.9863,  0.5190, -0.2333,  1.0615,  0.2412, -0.5762, -0.4529,  1.4600,  0.7715, -0.8320,  0.9116,  0.8755, -0.4919,  0.8159,  0.4473,  0.0718,  0.7148, -0.4951,  0.1508, -0.9326,  0.1304, -0.4399])"", ""class"": ""BatchNorm2d"", ""eps"": 0.001}","[[1, 64, 40, 40]]","[""torch.float32""]","[[1, 64, 40, 40]]",18.m.0.cv2.bn,forward,True,128,,819200,,52,0.1611,0.131,0.0897
19,6cfe7a34bafabeb5,Conv,"{""class"": ""Conv""}","[[1, 128, 40, 40]]","[""torch.float32""]","[[1, 128, 20, 20]]",19,forward,False,147712,,1024000,,52,3.0705,3.1247,0.5506
19.conv,043bedb72d7f8a41,Conv2d,"{""bias"": null, ""class"": ""Conv2d"", ""dilation"": [1, 1], ""groups"": 1, ""in_channels"": 128, ""kernel_size"": [3, 3], ""out_channels"": 128, ""padding"": [1, 1], ""stride"": [2, 2]}","[[1, 128, 40, 40]]","[""torch.float32""]","[[1, 128, 20, 20]]",19.conv,forward,True,147456,58982400,1024000,57.6,52,2.586,2.5776,0.5419
19.bn,7c1281e8c8a6c8a7,BatchNorm2d,"{""bias"": ""Parameter containing:\ntensor([-0.8472, -1.6709, -0.3684, -0.1003, -0.2368, -0.2036, -0.4429, -0.1924, -0.0696, -0.8296, -0.3633, -0.7554, -0.8174, -0.7217, -0.3635, -0.2656, -0.5605, -0.7700, -0.4778, -0.3442, -0.4546, -0.8003, -0.6650, -0.5093, -0.9692, -0.0039, -0.5688, -0.5259, -0.0991, -0.0295, -0.3450, -0.6514, -0.6133, -0.2493,\n        -0.6660, -0.8730, -0.1622, -0.0541,  0.2866, -0.2163, -0.5278, -0.9014, -0.6182, -0.4614, -1.0996, -0.1610, -1.2725, -0.6514, -0.5176, -0.3774, -0.3745, -0.1379, -0.4563, -0.2681, -0.6357, -0.0800, -1.0762, -0.4404, -0.6724, -0.4958, -0.4153, -0.1256, -0.7930, -0.9492, -1.0850, -1.0098, -0.2791, -0.1038,\n         0.0179, -0.0354, -0.1522, -0.5938, -0.8872, -0.3994, -0.7871, -0.2036, -0.1432, -0.5898, -1.2578, -0.6333, -1.1064, -0.5420, -0.4856, -0.6138, -0.1304, -0.3572, -0.8657,  0.2722, -0.0294, -0.8452, -1.0879, -0.6890, -0.0241, -0.2346,  0.0968, -0.4912, -0.6792, -0.9497, -0.5244, -1.1592,  0.0665, -0.0333,\n        -0.4934, -0.5273, -0.2842, -1.0400, -0.9517, -0.6694, -0.0612, -0.1383, -0.6357, -0.4172, -0.0862, -0.6431, -0.2607, -0.8999, -0.9956, -0.9014, -0.4458, -1.1621, -0.3225, -0.7212, -0.5923, -1.0244, -0.3074, -0.4954, -0.4080,  0.2465])"", ""class"": ""BatchNorm2d"", ""eps"": 0.001}","[[1, 128, 20, 20]]","[""torch.float32""]","[[1, 128, 20, 20]]",19.bn,forward,True,256,,409600,,52,0.1232,0.1093,0.0478
20,e1c99929d0fa542e,Concat,"{""class"": ""Concat""}","[[1, 128, 20, 20], [1, 256, 20, 20]]","[""torch.float32""]","[[1, 384, 20, 20]]",20,forward,True,0,,1228800,,52,0.1718,0.1465,0.1469
21,e108a114866ceda1,C2f,"{""class"": ""C2f""}","[[1, 384, 20, 20]]","[""torch.float32""]","[[1, 256, 20, 20]]",21,forward,False,493056,,1024000,,52,10.0367,9.6344,1.414
21.cv1,8f6224db0b19406f,Conv,"{""class"": ""Conv""}","[[1, 384, 20, 20]]","[""torch.float32""]","[[1, 256, 20, 20]]",21.cv1,forward,False,98816,,1024000,,52,2.3516,1.9717,0.631
21.cv1.conv,0a6e7ad354a5bde8,Conv2d,"{""bias"": null, ""class"": ""Conv2d"", ""dilation"": [1, 1], ""groups"": 1, ""in_channels"": 384, ""kernel_size"": [1, 1], ""out_channels"": 256, ""padding"": [0, 0], ""stride"": [1, 1]}","[[1, 384, 20, 20]]","[""torch.float32""]","[[1, 256, 20, 20]]",21.cv1.conv,forward,True,98304,39321600,1024000,38.4,52,1.8305,1.5332,0.5676
21.cv1.bn,d4d33a165002b4f6,BatchNorm2d,"{""bias"": ""Parameter containing:\ntensor([-0.7114, -0.5483, -0.3762, -0.8496, -0.8022, -0.7715, -1.0020, -0.4797, -0.8032, -0.6255, -0.8511, -0.6729, -0.6816, -0.4846, -0.5840, -0.6958, -0.6934, -0.7363, -0.9189, -0.9438, -0.6821, -1.0557, -0.3816, -0.3601, -0.6270, -0.5630, -0.8276, -0.6309, -0.9307, -0.6089, -1.0547, -0.6514, -0.3232, -0.6846,\n        -0.8008, -0.9087, -0.5381, -0.4343, -0.9971, -0.6631, -0.6338, -0.3843, -0.5254, -0.0651, -0.4070, -0.6343, -0.6050, -0.7822, -1.0703, -0.6343, -0.5327, -0.9849, -0.7769, -0.3560, -0.5303, -0.4451, -0.8198, -0.6494, -0.4705, -0.6353, -0.6011,  0.7964, -0.5977, -0.5063, -0.6982, -0.5732, -0.8062, -1.0020,\n        -0.6255, -0.7065, -0.7441, -0.4175, -0.7812, -0.8774, -0.8350, -0.6260, -0.8135, -0.6445, -0.5474, -0.6577, -0.7983, -0.7168, -0.6982, -0.9351, -0.8984, -0.7354, -0.7949, -0.8467, -0.7710, -0.3364, -0.3774, -0.7197, -0.8032, -0.8560, -0.7422, -0.4155, -0.7720, -0.8770, -0.7949, -0.8633, -0.9580, -0.7007,\n        -0.4543, -0.7881, -0.9736, -0.5991, -0.5059, -0.6587, -0.7295, -0.6396, -0.8721, -0.6826, -0.5332, -0.4851, -0.6152, -0.6807, -0.4309, -0.6958, -0.6982, -0.6689, -1.1299, -0.7407,  0.5664, -0.8403, -0.7017, -0.4185, -0.6240, -0.9600, -0.7051,  1.1211, -1.3545, -1.1152,  1.6133,  0.1729, -1.1309,  0.3997,\n        -1.5762,  0.2435, -0.6299,  0.1349, -1.1162, -1.1963,  0.4729, -1.6895, -1.4346, -0.6665,  0.7700,  1.3359, -0.6323, -0.9531, -1.3691, -1.2656,  0.5347, -1.0996, -0.9497, -0.0723, -0.9756, -0.4382, -0.5840, -0.7979, -0.3237, -0.8584,  0.3853, -2.1426, -1.2266,  0.2390, -1.0078, -0.5308, -1.0303, -0.4954,\n        -0.8154, -0.7886, -0.9639, -0.2842, -0.5957,  0.0878,  0.1899, -0.4988,  0.5054,  1.1543, -0.6211, -1.2676,  1.3115, -0.7524, -0.8481, -0.9399, -0.3254, -1.2598,  0.2400, -0.0565,  0.4297, -0.5039, -1.0869, -0.4172, -1.3496, -0.0847, -0.3674, -1.5254, -1.4199, -1.1230, -0.2324, -0.3386, -1.0381, -0.8276,\n         0.3472, -0.9219, -0.9194, -0.8862, -0.3582, -0.4290, -1.5234, -1.3896, -0.6230, -0.8550, -0.7754,  0.2590, -1.0771, -0.3020, -1.3975, -1.3760,  0.1307, -0.8784,  0.8218, -1.9395,  0.3281,  0.7949, -1.5254,  0.1157, -0.0130, -0.7153, -0.8843,  0.0192,  0.4812, -1.5566, -0.8032,  0.3169, -0.0560, -0.7314,\n        -0.3384, -0.8652,  0.3738,  0.5928,  0.0088, -1.3701,  0.3438, -0.4978, -0.5371, -1.5049, -1.1045, -0.2554,  0.1042, -2.5117, -1.2266, -0.8906,  0.6841, -0.1355])"", ""class"": ""BatchNorm2d"", ""eps"": 0.001}","[[1, 256, 20, 20]]","[""torch.float32""]","[[1, 256, 20, 20]]",21.cv1.bn,forward,True,512,,819200,,52,0.1595,0.1224,0.1292
21.cv2,8f6224db0b19406f,Conv,"{""class"": ""Conv""}","[[1, 384, 20, 20]]","[""torch.float32""]","[[1, 256, 20, 20]]",21.cv2,forward,False,98816,,1024000,,52,2.1758,1.968,0.4555
21.cv2.conv,0a6e7ad354a5bde8,Conv2d,"{""bias"": null, ""class"": ""Conv2d"", ""dilation"": [1, 1], ""groups"": 1, ""in_channels"": 384, ""kernel_size"": [1, 1], ""out_channels"": 256, ""padding"": [0, 0], ""stride"": [1, 1]}","[[1, 384, 20, 20]]","[""torch.float32""]","[[1, 256, 20, 20]]",21.cv2.conv,forward,True,98304,39321600,1024000,38.4,52,1.6576,1.4781,0.3991
21.cv2.bn,62cae90ad5d9d90c,BatchNorm2d,"{""bias"": ""Parameter containing:\ntensor([-1.4512e+00, -1.2217e+00, -8.3691e-01, -1.1602e+00, -1.0410e+00, -1.0049e+00, -1.0566e+00, -6.7090e-01, -1.2080e+00, -7.6074e-01, -1.3633e+00, -6.2402e-01, -1.0439e+00, -9.3018e-01, -1.5752e+00, -8.7695e-01, -1.0684e+00, -1.1973e+00, -1.2900e+00, -1.1436e+00, -4.5068e-01, -1.0430e+00, -5.4590e-01, -8.6670e-01,\n        -9.1406e-01, -1.0518e+00, -1.0947e+00, -1.3031e-02, -1.0928e+00, -1.1523e+00, -2.7368e-01, -8.9307e-01, -1.4270e-01, -1.3037e+00, -5.9473e-01, -1.2812e+00, -9.0137e-01, -5.7373e-01, -9.3701e-01, -7.4658e-01, -1.0186e+00, -8.4863e-01, -1.0830e+00, -1.4160e+00, -7.5012e-02, -1.7578e-02, -1.4453e+00, -8.8623e-01,\n        -7.7344e-01, -6.4111e-01, -1.0186e+00, -8.8818e-01, -7.9980e-01, -8.2227e-01, -1.2598e+00, -9.6387e-01, -8.0127e-01, -1.1523e+00,  1.6711e-01, -1.4238e+00, -8.6084e-01, -8.8965e-01, -1.7275e+00, -2.5957e+00, -9.8486e-01, -1.3771e-02,  4.9512e-01, -3.8501e-01, -9.8389e-01, -1.0859e+00, -9.5410e-01, -1.1260e+00,\n        -8.1885e-01, -1.3242e+00, -6.5430e-01, -1.2285e+00, -8.3154e-01, -9.6631e-01, -7.7539e-01, -1.0996e+00, -9.3262e-01, -9.2285e-01, -9.9365e-01, -1.6260e-01, -9.7070e-01, -7.3584e-01, -4.1229e-02, -6.7920e-01, -9.6240e-01, -1.1045e+00, -1.2539e+00, -1.4590e+00, -6.7139e-01, -6.2451e-01, -1.2275e+00, -1.2393e+00,\n        -8.2812e-01, -7.8760e-01, -7.3145e-01, -1.2559e+00, -8.0371e-01, -8.4106e-02, -1.2568e+00, -1.3428e+00, -1.0986e+00, -1.1631e+00, -1.1514e+00,  3.2446e-01, -7.7588e-01, -7.5830e-01, -1.1465e+00, -1.3975e+00, -1.2266e+00, -1.1240e+00, -1.2266e+00, -1.6650e+00, -1.5547e+00, -1.1201e+00, -1.2324e+00, -3.4521e-01,\n        -5.3564e-01, -7.7002e-01, -2.4609e+00,  5.9082e-01, -1.1797e+00, -2.4805e-01, -1.9189e+00, -6.5527e-01, -1.0049e+00, -8.8232e-01, -1.0020e+00, -1.0869e+00, -9.2139e-01, -1.0928e+00, -1.6914e+00, -1.1699e+00, -1.3391e-01, -1.0117e+00, -1.2725e+00, -8.3887e-01, -9.9561e-01, -1.3477e+00, -9.0430e-01, -2.8711e-01,\n         9.6313e-02,  2.2583e-02, -1.1533e+00, -7.4756e-01, -4.4653e-01, -6.8408e-01, -9.8145e-01, -1.2344e+00, -9.0918e-01, -7.9443e-01, -5.7568e-01, -9.1016e-01, -1.4932e+00, -4.6631e-01, -6.1133e-01, -5.4004e-01, -7.2314e-01, -8.1738e-01, -1.5752e+00, -5.9319e-04, -5.4736e-01, -3.5718e-01, -7.8223e-01, -9.1406e-01,\n        -1.3975e+00, -7.5879e-01, -1.1328e+00, -1.1143e+00, -6.0352e-01, -1.1797e+00, -8.5547e-01,  2.6660e-01, -1.1309e+00, -1.2109e+00,  8.0615e-01, -1.5410e+00, -1.2119e+00, -5.6006e-01, -2.7734e-01,  5.5029e-01, -9.0283e-01, -1.2393e+00, -1.3501e-01, -7.6025e-01, -2.8809e-01, -9.7461e-01, -1.1963e+00, -8.9648e-01,\n        -1.7686e+00, -1.0811e+00, -5.6396e-01, -1.2520e+00, -3.7891e-01, -2.1216e-01, -1.1875e+00, -1.0723e+00, -1.0811e+00, -5.8154e-01, -1.0840e+00, -8.7744e-01, -1.7168e+00, -9.6240e-01, -5.2539e-01, -4.7388e-01, -1.1221e+00, -4.8315e-01, -8.5742e-01, -9.9072e-01, -1.3691e+00, -2.0508e-01, -1.3464e-01, -7.7197e-01,\n        -9.4434e-01, -1.1533e+00, -3.5132e-01, -6.8115e-01, -1.7490e+00, -8.8086e-01, -7.9980e-01, -1.0967e+00, -1.1143e+00, -9.3896e-01, -1.3057e+00, -1.3701e+00, -8.0029e-01, -1.1562e+00, -5.0244e-01, -1.1484e+00,  2.2400e-01, -9.6338e-01, -7.7100e-01, -1.1748e+00, -8.1689e-01, -4.3042e-01, -1.2432e+00, -4.2163e-01,\n        -5.6543e-01, -7.9541e-01, -5.3760e-01, -1.0117e+00, -1.6143e+00, -7.6074e-01, -1.2344e+00, -1.2031e+00, -1.1865e+00, -1.0508e+00, -8.5938e-01,  4.7876e-01, -1.1436e+00, -1.1514e+00, -2.8750e+00, -1.2578e+00])"", ""class"": ""BatchNorm2d"", ""eps"": 0.001}","[[1, 256, 20, 20]]","[""torch.float32""]","[[1, 256, 20, 20]]",21.cv2.bn,forward,True,512,,819200,,52,0.1712,0.1275,0.1569
21.m.0,31d91b5bca713d48,Bottleneck,"{""class"": ""Bottleneck""}","[[1, 128, 20, 20]]","[""torch.float32""]","[[1, 128, 20, 20]]",21.m.0,forward,False,295424,,409600,,52,5.1058,4.8674,1.0147
21.m.0.cv1,5cfa28a28ad2d2aa,Conv,"{""class"": ""Conv""}","[[1, 128, 20, 20]]","[""torch.float32""]","[[1, 128, 20, 20]]",21.m.0.cv1,forward,False,147712,,409600,,52,2.6894,2.6424,0.7418
21.m.0.cv1.conv,13b96a9080bb913a,Conv2d,"{""bias"": null, ""class"": ""Conv2d"", ""dilation"": [1, 1], ""groups"": 1, ""in_channels"": 128, ""kernel_size"": [3, 3], ""out_channels"": 128, ""padding"": [1, 1], ""stride"": [1, 1]}","[[1, 128, 20, 20]]","[""torch.float32""]","[[1, 128, 20, 20]]",21.m.0.cv1.conv,forward,True,147456,58982400,409600,144.0,52,2.2503,2.2452,0.6536
21.m.0.cv1.bn,6b7757434910d8f9,BatchNorm2d,"{""bias"": ""Parameter containing:\ntensor([-0.8110, -1.7812, -0.9302, -0.3657, -1.1699, -0.9800, -1.3916,  0.2422,  0.2330, -1.3877, -0.8394, -1.0195, -0.3640, -1.6494, -0.0655, -1.2949, -1.0439,  0.0549, -0.3040, -0.5166, -0.7896, -1.2285, -1.3623, -0.6797, -1.2715, -0.7319, -1.0361,  0.0525, -1.3105, -1.0244, -1.7568, -1.2695, -0.6025, -1.4600,\n        -1.2412, -2.2969, -1.2383, -1.9492, -1.1182, -1.2422, -1.0625, -0.2727, -1.4277, -0.8633, -1.3887, -1.5156, -1.2764, -1.1113, -0.5200, -0.5825, -0.6362, -0.5464, -1.3301, -1.0303, -1.2021, -1.5049,  0.2240, -1.3418, -1.3154, -1.3604, -1.3848,  0.1210, -0.4551, -1.2861, -0.4880, -1.4678, -1.3301, -1.1523,\n        -1.3232, -1.0049, -0.2194,  0.0496, -1.5332, -0.2152, -1.1748, -0.8232, -1.6289, -0.6353, -0.2224, -1.1133, -1.0684, -1.3486, -1.3740, -1.2539,  0.8838, -1.3135, -1.0977, -2.2344, -1.5244, -1.5205, -0.9214, -0.6069, -2.1113, -0.0860, -0.0349, -1.4492, -1.0078, -1.3330, -1.4678, -1.5957, -0.4451, -1.6777,\n        -0.1305, -1.0684, -1.1836, -0.5552, -1.7324, -1.5430, -0.6079, -0.6567, -0.9443, -0.8086, -0.8350, -0.6016, -1.6133, -1.5947, -0.7793, -1.4326,  0.0764, -1.3643, -1.4863, -1.2783, -1.2109,  1.5488, -1.3555,  0.1092, -0.1555, -0.7793])"", ""class"": ""BatchNorm2d"", ""eps"": 0.001}","[[1, 128, 20, 20]]","[""torch.float32""]","[[1, 128, 20, 20]]",21.m.0.cv1.bn,forward,True,256,,409600,,52,0.1177,0.1006,0.0623
21.m.0.cv2,5cfa28a28ad2d2aa,Conv,"{""class"": ""Conv""}","[[1, 128, 20, 20]]","[""torch.float32""]","[[1, 128, 20, 20]]",21.m.0.cv2,forward,False,147712,,409600,,52,2.3441,2.0143,0.5452
21.m.0.cv2.conv,13b96a9080bb913a,Conv2d,"{""bias"": null, ""class"": ""Conv2d"", ""dilation"": [1, 1], ""groups"": 1, ""in_channels"": 128, ""kernel_size"": [3, 3], ""out_channels"": 128, ""padding"": [1, 1], ""stride"": [1, 1]}","[[1, 128, 20, 20]]","[""torch.float32""]","[[1, 128, 20, 20]]",21.m.0.cv2.conv,forward,True,147456,58982400,409600,144.0,52,1.9161,1.6335,0.4465
21.m.0.cv2.bn,a78fa99fe120c188,BatchNorm2d,"{""bias"": ""Parameter containing:\ntensor([-1.1270e+00, -2.6367e-01,  3.2935e-01, -4.0210e-01, -5.5029e-01, -1.5161e-01, -6.0352e-01, -1.1357e+00,  6.3525e-01, -9.5166e-01, -9.9316e-01, -5.9961e-01, -5.0830e-01, -1.3320e+00, -1.3057e+00, -5.0537e-01, -1.5442e-01, -7.5244e-01, -4.5337e-01, -1.0381e+00, -3.1396e-01,  6.0010e-01, -6.9092e-01, -9.5654e-01,\n        -7.8174e-01, -1.3047e+00, -4.6558e-01, -7.4512e-01, -7.5146e-01,  6.9922e-01, -3.0640e-01, -5.4736e-01,  7.1631e-01,  5.9766e-01,  1.7847e-01, -2.4536e-01, -7.5684e-01, -3.4595e-01, -1.5684e+00, -6.1133e-01, -2.1797e+00, -1.1346e-01, -1.1650e+00, -4.0723e-01, -4.9400e-03, -2.1667e-02, -9.8730e-01,  1.0065e-01,\n        -5.8105e-01, -1.3135e-01, -3.8696e-01, -1.4661e-01, -1.7246e+00, -1.3599e-01, -4.7534e-01, -6.8506e-01, -7.0264e-01, -9.7998e-01, -9.8633e-01, -1.7603e-01, -2.7856e-01, -1.1309e+00, -8.8916e-01, -4.0820e-01, -2.1790e-02, -6.9971e-01, -3.0322e-01, -1.2103e-01, -7.1533e-01, -9.3311e-01, -7.2656e-01, -4.4580e-01,\n        -4.9658e-01, -4.7217e-01, -1.2238e-01, -9.2627e-01, -1.0410e+00, -2.6343e-01, -8.3643e-01,  7.1945e-03, -9.6973e-01, -7.3682e-01, -1.2451e+00, -4.0918e-01,  1.5802e-03, -3.6353e-01,  4.6851e-01, -1.4668e+00, -7.6111e-02, -4.6558e-01, -9.9023e-01, -1.0059e+00,  2.6953e-01, -9.8242e-01, -6.8213e-01, -3.8208e-01,\n        -5.8350e-01, -2.9785e-01, -7.1631e-01, -5.6348e-01, -1.2070e+00, -8.7207e-01, -8.2031e-01, -7.7295e-01, -2.9053e-01, -1.0322e+00, -1.2988e+00, -1.0361e+00,  7.2998e-01, -6.6113e-01, -8.3008e-01, -7.1680e-01, -1.3879e-01, -4.6631e-01, -2.7246e-01,  2.3853e-01, -5.6689e-01, -9.6826e-01, -4.5605e-01, -1.0504e-01,\n        -1.0186e+00, -9.0430e-01, -1.2764e+00, -6.9287e-01, -1.0156e-01, -1.0967e+00, -7.9529e-02, -2.4878e-01])"", ""class"": ""BatchNorm2d"", ""eps"": 0.001}","[[1, 128, 20, 20]]","[""torch.float32""]","[[1, 128, 20, 20]]",21.m.0.cv2.bn,forward,True,256,,409600,,52,0.1119,0.0843,0.0754
22,b8320985a0f13968,Detect,"{""class"": ""Detect"", ""nc"": 80, ""reg_max"": 16, ""stride"": ""tensor([ 8., 16., 32.])""}","[[1, 64, 80, 80], [1, 128, 40, 40], [1, 256, 20, 20]]","[""torch.float32""]","[[1, 84, 8400]]",22,forward,False,897664,,5689600,,52,88.3845,87.1979,6.0679
22.cv2.0,7fd7f009284314a8,Sequential,"{""class"": ""Sequential""}","[[1, 64, 80, 80]]","[""torch.float32""]","[[1, 64, 80, 80]]",22.cv2.0,forward,False,78144,,3276800,,52,21.7781,21.2264,1.9827
22.cv2.0.0,8edda4b0b28cfff8,Conv,"{""class"": ""Conv""}","[[1, 64, 80, 80]]","[""torch.float32""]","[[1, 64, 80, 80]]",22.cv2.0.0,forward,False,36992,,3276800,,52,8.766,8.4151,1.1505
22.cv2.0.0.conv,b3d3d746de5ca8f5,Conv2d,"{""bias"": null, ""class"": ""Conv2d"", ""dilation"": [1, 1], ""groups"": 1, ""in_channels"": 64, ""kernel_size"": [3, 3], ""out_channels"": 64, ""padding"": [1, 1], ""stride"": [1, 1]}","[[1, 64, 80, 80]]","[""torch.float32""]","[[1, 64, 80, 80]]",22.cv2.0.0.conv,forward,True,36864,235929600,3276800,72.0,52,7.4844,7.0592,1.1818
22.cv2.0.0.bn,96b8e10bf5460208,BatchNorm2d,"{""bias"": ""Parameter containing:\ntensor([-0.5996, -1.4521, -0.7876, -0.2502, -1.1357, -0.3901, -1.3350, -0.2664, -0.1615, -0.7188, -0.6997,  0.1429, -0.4163, -1.0889,  1.4678,  0.2612, -0.3884, -0.6812, -0.3357, -1.3672, -1.4756, -1.2549, -1.0596, -0.5166, -0.5605, -0.7256, -1.1104, -0.1991, -0.0764,  1.4893, -0.1649, -0.5664,  0.8579, -1.0771,\n         0.6387, -0.4309,  0.2322, -1.0420,  0.0786, -0.8745, -0.5786, -1.1377, -1.1133,  0.1368, -1.3818, -0.6240, -0.8594, -0.8711,  0.8228, -0.0146, -1.0537, -0.1481, -1.4658,  0.9697, -0.0946,  0.1447, -0.7393, -0.2805, -0.0742, -0.9263, -1.2080, -0.7441, -1.7129, -1.0566])"", ""class"": ""BatchNorm2d"", ""eps"": 0.001}","[[1, 64, 80, 80]]","[""torch.float32""]","[[1, 64, 80, 80]]",22.cv2.0.0.bn,forward,True,128,,3276800,,52,0.5045,0.4163,0.2305
22.cv2.0.1,8edda4b0b28cfff8,Conv,"{""class"": ""Conv""}","[[1, 64, 80, 80]]","[""torch.float32""]","[[1, 64, 80, 80]]",22.cv2.0.1,forward,False,36992,,3276800,,52,8.6553,8.2628,1.0788
22.cv2.0.1.conv,b3d3d746de5ca8f5,Conv2d,"{""bias"": null, ""class"": ""Conv2d"", ""dilation"": [1, 1], ""groups"": 1, ""in_channels"": 64, ""kernel_size"": [3, 3], ""out_channels"": 64, ""padding"": [1, 1], ""stride"": [1, 1]}","[[1, 64, 80, 80]]","[""torch.float32""]","[[1, 64, 80, 80]]",22.cv2.0.1.conv,forward,True,36864,235929600,3276800,72.0,52,7.1269,6.8407,1.0474
22.cv2.0.1.bn,cffd69314fdf1b8f,BatchNorm2d,"{""bias"": ""Parameter containing:\ntensor([ 1.1963,  0.6006,  1.5869,  1.0498,  1.7080,  1.1777,  1.2861,  1.6992, -0.5352, -0.2089,  0.6392,  1.4375,  1.4395,  1.8994,  1.7832,  1.4326,  1.0400, -1.0898,  0.0079,  1.3545,  0.6694,  0.0451,  1.4619, -0.0879,  0.9712,  0.2034,  0.7451,  1.2617,  1.0947,  0.8125,  0.7676, -1.2891,  0.0439, -0.2288,\n         0.6489,  1.1279,  0.1348,  0.7490,  1.6357,  0.9097,  1.1045,  1.7959,  1.4033,  0.4656,  1.3428, -0.2964,  1.5996,  2.1523,  1.9053,  1.5703,  0.7251,  1.4902,  0.7305,  0.6606,  1.9062, -0.0347,  1.5664,  1.6377,  0.3284,  1.7646,  0.9360,  0.4519,  1.6816,  1.0273])"", ""class"": ""BatchNorm2d"", ""eps"": 0.001}","[[1, 64, 80, 80]]","[""torch.float32""]","[[1, 64, 80, 80]]",22.cv2.0.1.bn,forward,True,128,,3276800,,52,0.7117,0.6203,0.2559
22.cv2.0.2,e0508b26b6486969,Conv2d,"{""bias"": ""Parameter containing:\ntensor([ 2.3145,  2.4062,  2.3047,  1.9453,  2.6367,  2.7051,  2.0215,  1.3652,  1.0723,  0.7246,  0.2164, -0.5000, -0.5010, -1.1279, -1.2578, -0.3369,  2.4160,  2.5820,  2.4160,  2.4453,  2.2891,  2.3242,  2.1289,  1.6816,  1.0986,  0.5083,  0.0048, -0.3276, -0.8247, -1.0293, -1.2266, -0.4885,  2.6172,  2.5000,\n         2.3262,  2.5039,  2.4727,  2.4590,  2.1738,  1.5117,  0.9321,  0.2339, -0.1561, -0.3723, -0.6787, -0.7954, -1.2871, -0.4270,  2.8340,  2.5977,  2.5215,  2.5547,  2.5020,  1.7510,  1.4229,  1.3340,  0.9082,  0.3545,  0.0193, -0.2114, -0.4365, -0.7134, -1.2061, -0.2583])"", ""class"": ""Conv2d"", ""dilation"": [1, 1], ""groups"": 1, ""in_channels"": 64, ""kernel_size"": [1, 1], ""out_channels"": 64, ""padding"": [0, 0], ""stride"": [1, 1]}","[[1, 64, 80, 80]]","[""torch.float32""]","[[1, 64, 80, 80]]",22.cv2.0.2,forward,True,4160,26214400,3276800,8.0,52,4.1816,4.058,0.7595
22.cv2.1,ba2148944390f9e3,Sequential,"{""class"": ""Sequential""}","[[1, 128, 40, 40]]","[""torch.float32""]","[[1, 64, 40, 40]]",22.cv2.1,forward,False,115008,,1228800,,52,7.2325,6.6416,2.1599
22.cv2.1.0,6cfe7a34bafabeb5,Conv,"{""class"": ""Conv""}","[[1, 128, 40, 40]]","[""torch.float32""]","[[1, 64, 40, 40]]",22.cv2.1.0,forward,False,73856,,1228800,,52,3.9679,3.3878,1.4201
22.cv2.1.0.conv,b0f07601a28f4098,Conv2d,"{""bias"": null, ""class"": ""Conv2d"", ""dilation"": [1, 1], ""groups"": 1, ""in_channels"": 128, ""kernel_size"": [3, 3], ""out_channels"": 64, ""padding"": [1, 1], ""stride"": [1, 1]}","[[1, 128, 40, 40]]","[""torch.float32""]","[[1, 64, 40, 40]]",22.cv2.1.0.conv,forward,True,73728,117964800,1228800,96.0,52,3.4105,2.8465,1.2553
22.cv2.1.0.bn,764b1a0608d589f5,BatchNorm2d,"{""bias"": ""Parameter containing:\ntensor([ 0.7832, -0.1108,  0.1763, -0.6650, -0.5850, -0.5425,  0.2561, -1.5781,  0.1959,  0.0653, -1.0303, -0.9575, -0.7148,  0.6729,  0.4194, -0.5205,  0.6265, -0.8745, -1.0020, -0.2290, -1.2236, -1.0469, -0.0422, -0.9014, -0.3481, -1.0723,  0.3521, -0.0648, -0.1613, -1.6016,  0.1646, -0.6157,  0.8164,  0.3521,\n        -0.6079,  0.1133, -1.0029, -0.4468, -0.6299,  0.5835, -1.7871, -1.3477,  0.6089, -1.4902, -0.5127, -0.6187,  0.0158,  0.1766,  0.6787, -0.1312, -1.0537, -0.8516, -0.9551, -0.8838, -1.8828, -0.4441,  0.1857, -1.0283,  0.0239, -0.1912, -0.0354,  0.0510, -0.6738, -0.0928])"", ""class"": ""BatchNorm2d"", ""eps"": 0.001}","[[1, 64, 40, 40]]","[""torch.float32""]","[[1, 64, 40, 40]]",22.cv2.1.0.bn,forward,True,128,,819200,,52,0.1628,0.1368,0.0799
22.cv2.1.1,779f8899e994d313,Conv,"{""class"": ""Conv""}","[[1, 64, 40, 40]]","[""torch.float32""]","[[1, 64, 40, 40]]",22.cv2.1.1,forward,False,36992,,819200,,52,2.2434,1.9552,0.7408
22.cv2.1.1.conv,7dcfbda29846c883,Conv2d,"{""bias"": null, ""class"": ""Conv2d"", ""dilation"": [1, 1], ""groups"": 1, ""in_channels"": 64, ""kernel_size"": [3, 3], ""out_channels"": 64, ""padding"": [1, 1], ""stride"": [1, 1]}","[[1, 64, 40, 40]]","[""torch.float32""]","[[1, 64, 40, 40]]",22.cv2.1.1.conv,forward,True,36864,58982400,819200,72.0,52,1.7392,1.4772,0.6188
22.cv2.1.1.bn,487855e56af32660,BatchNorm2d,"{""bias"": ""Parameter containing:\ntensor([ 0.8867,  0.5801,  0.9180,  1.2344,  0.8794,  0.6001,  1.3057, -0.2737,  0.1270, -0.5195,  1.0869,  1.4512,  0.5601,  1.3848, -0.5239,  1.2725,  1.4102,  0.8687,  1.9746,  1.3369,  0.7461,  0.8433,  0.8862,  1.2236,  1.0576,  1.6572,  0.6035,  0.9629,  1.0967, -0.5283,  1.3164,  0.4463,  0.9170,  1.0020,\n         0.2347,  0.7812, -0.2256,  0.8770,  0.5396,  1.6328,  0.1995,  1.4385,  0.6494,  0.9004,  1.1152,  0.1774,  1.5615,  1.2266,  1.0596,  0.4148,  0.6187,  1.8281,  0.9463,  0.4910,  1.3750,  0.3176,  1.2383,  1.4336,  0.9810,  0.4121,  1.2080,  1.1914,  0.1370,  1.2627])"", ""class"": ""BatchNorm2d"", ""eps"": 0.001}","[[1, 64, 40, 40]]","[""torch.float32""]","[[1, 64, 40, 40]]",22.cv2.1.1.bn,forward,True,128,,819200,,52,0.1807,0.143,0.1374
22.cv2.1.2,ce9f6a132f139df1,Conv2d,"{""bias"": ""Parameter containing:\ntensor([ 2.8125,  2.6523,  2.6172,  2.2559,  2.0332,  1.9795,  1.6885,  1.2529,  0.9346,  0.4507,  0.1970, -0.1747, -0.5879, -0.7197, -0.7808, -0.6387,  2.2559,  2.2598,  1.9697,  2.3926,  2.3164,  2.3711,  2.0254,  1.7471,  1.2734,  0.6890,  0.2275, -0.2456, -0.6890, -0.9033, -1.0928, -0.6226,  2.4219,  2.3574,\n         2.2090,  2.1660,  2.2598,  1.9053,  1.9150,  1.5029,  1.0996,  0.7241,  0.2159,  0.0170, -0.4587, -0.7769, -0.9575, -0.6113,  2.2910,  2.4375,  2.2012,  2.2109,  2.5488,  2.2109,  2.3926,  1.9248,  1.1104,  0.6582,  0.2371, -0.3115, -0.6626, -0.9189, -1.2500, -1.0879])"", ""class"": ""Conv2d"", ""dilation"": [1, 1], ""groups"": 1, ""in_channels"": 64, ""kernel_size"": [1, 1], ""out_channels"": 64, ""padding"": [0, 0], ""stride"": [1, 1]}","[[1, 64, 40, 40]]","[""torch.float32""]","[[1, 64, 40, 40]]",22.cv2.1.2,forward,True,4160,6553600,819200,8.0,52,0.8987,0.6603,0.5574
22.cv2.2,27a5bc3647bf7fdc,Sequential,"{""class"": ""Sequential""}","[[1, 256, 20, 20]]","[""torch.float32""]","[[1, 64, 20, 20]]",22.cv2.2,forward,False,188736,,512000,,52,4.7038,4.3567,1.0708
22.cv2.2.0,0ed1c23cf9110f7a,Conv,"{""class"": ""Conv""}","[[1, 256, 20, 20]]","[""torch.float32""]","[[1, 64, 20, 20]]",22.cv2.2.0,forward,False,147584,,512000,,52,2.7366,2.7959,0.4829
22.cv2.2.0.conv,4c7e6de9dc310050,Conv2d,"{""bias"": null, ""class"": ""Conv2d"", ""dilation"": [1, 1], ""groups"": 1, ""in_channels"": 256, ""kernel_size"": [3, 3], ""out_channels"": 64, ""padding"": [1, 1], ""stride"": [1, 1]}","[[1, 256, 20, 20]]","[""torch.float32""]","[[1, 64, 20, 20]]",22.cv2.2.0.conv,forward,True,147456,58982400,512000,115.2,52,2.0128,1.8024,0.4919
22.cv2.2.0.bn,dc5ab570fe47de5c,BatchNorm2d,"{""bias"": ""Parameter containing:\ntensor([-0.9023, -0.3667, -0.6987, -0.4316, -0.9624, -0.6748, -0.7334,  0.0022,  0.4546, -0.5356,  0.9878,  0.6064, -0.7388, -0.9624,  1.1553,  0.2603, -0.7515, -1.0625,  0.3997, -1.6621, -0.7656, -0.7949, -0.0494, -0.7593, -0.2952, -0.3152, -0.1088, -0.2472,  0.1614, -0.6680, -1.4414, -0.0493,  0.2698, -0.6006,\n        -0.5000, -0.4651,  0.4634,  0.1841, -0.5679, -0.0997, -0.7070, -0.9116, -0.5068,  0.2822, -0.0946,  1.0176,  0.4460, -0.7573, -0.1707,  1.4062, -0.7314,  0.3135, -0.3970, -0.5488,  0.2023, -0.7275, -0.4497,  0.2069,  0.8071, -0.9321,  0.0615, -0.3896, -0.3286, -0.2460])"", ""class"": ""BatchNorm2d"", ""eps"": 0.001}","[[1, 64, 20, 20]]","[""torch.float32""]","[[1, 64, 20, 20]]",22.cv2.2.0.bn,forward,True,128,,204800,,52,0.3787,0.1566,0.3052
22.cv2.2.1,9eb119d52f148e5f,Conv,"{""class"": ""Conv""}","[[1, 64, 20, 20]]","[""torch.float32""]","[[1, 64, 20, 20]]",22.cv2.2.1,forward,False,36992,,204800,,52,1.3306,0.9775,0.8427
22.cv2.2.1.conv,3352e00d5bd42fc2,Conv2d,"{""bias"": null, ""class"": ""Conv2d"", ""dilation"": [1, 1], ""groups"": 1, ""in_channels"": 64, ""kernel_size"": [3, 3], ""out_channels"": 64, ""padding"": [1, 1], ""stride"": [1, 1]}","[[1, 64, 20, 20]]","[""torch.float32""]","[[1, 64, 20, 20]]",22.cv2.2.1.conv,forward,True,36864,14745600,204800,72.0,52,0.9299,0.6627,0.6604
22.cv2.2.1.bn,2d256e2c12de3143,BatchNorm2d,"{""bias"": ""Parameter containing:\ntensor([ 0.9458,  0.8193,  0.6089,  0.0105,  1.3291,  1.1670,  0.2839,  1.2021,  0.8828,  0.2891,  1.3896,  0.6377,  0.6997,  1.1006,  1.1924,  0.2764,  1.5918,  1.2891,  0.8042,  1.2979,  0.4097,  1.1689,  0.4785,  1.3311, -0.4133,  1.1309,  1.1523,  1.3867,  1.2480,  0.9404,  1.0361,  1.0000,  1.4482, -0.3770,\n         0.1307,  0.7168,  1.3623,  1.1250,  0.4800, -0.0190,  1.4902,  1.1895,  1.2598,  0.3892,  1.6543,  0.0280, -0.0812,  1.1680,  1.1543,  0.6406,  1.0469,  1.0898,  0.8496,  1.2334, -0.3208,  0.7690,  1.4453,  0.5923,  1.6865,  1.2217,  0.6870, -0.4661,  0.8452, -0.2524])"", ""class"": ""BatchNorm2d"", ""eps"": 0.001}","[[1, 64, 20, 20]]","[""torch.float32""]","[[1, 64, 20, 20]]",22.cv2.2.1.bn,forward,True,128,,204800,,52,0.1435,0.0699,0.1893
22.cv2.2.2,c715a6960bbeb26a,Conv2d,"{""bias"": ""Parameter containing:\ntensor([ 2.2754,  2.3496,  2.2266,  2.0918,  1.9482,  1.7939,  1.7988,  1.3193,  1.1934,  0.8550,  0.5586,  0.2539, -0.2756, -0.6304, -0.7817, -0.9790,  2.5410,  2.7305,  2.6484,  2.6211,  2.4609,  2.1445,  1.7490,  1.9619,  1.0645,  0.3721,  0.1305, -0.3518, -0.7441, -0.9897, -1.0283, -1.3008,  2.3027,  2.4043,\n         2.0605,  2.2012,  1.9902,  1.9658,  1.7568,  1.8438,  1.4521,  0.7949,  0.4595,  0.1029, -0.4563, -0.7964, -1.1191, -0.9727,  2.2285,  2.3672,  2.3457,  2.4453,  2.4766,  2.2852,  2.1270,  1.6611,  1.0928,  0.6528,  0.1187, -0.3960, -0.6353, -0.7896, -0.9199, -1.0791])"", ""class"": ""Conv2d"", ""dilation"": [1, 1], ""groups"": 1, ""in_channels"": 64, ""kernel_size"": [1, 1], ""out_channels"": 64, ""padding"": [0, 0], ""stride"": [1, 1]}","[[1, 64, 20, 20]]","[""torch.float32""]","[[1, 64, 20, 20]]",22.cv2.2.2,forward,True,4160,1638400,204800,8.0,52,0.5202,0.3642,0.4118
22.cv3.0,7fd7f009284314a8,Sequential,"{""class"": ""Sequential""}","[[1, 64, 80, 80]]","[""torch.float32""]","[[1, 80, 80, 80]]",22.cv3.0,forward,False,110480,,3686400,,52,28.7727,27.8945,2.2515
22.cv3.0.0,8edda4b0b28cfff8,Conv,"{""class"": ""Conv""}","[[1, 64, 80, 80]]","[""torch.float32""]","[[1, 80, 80, 80]]",22.cv3.0.0,forward,False,46240,,3686400,,52,10.5744,10.3373,0.8792
22.cv3.0.0.conv,bd01735baf7c3492,Conv2d,"{""bias"": null, ""class"": ""Conv2d"", ""dilation"": [1, 1], ""groups"": 1, ""in_channels"": 64, ""kernel_size"": [3, 3], ""out_channels"": 80, ""padding"": [1, 1], ""stride"": [1, 1]}","[[1, 64, 80, 80]]","[""torch.float32""]","[[1, 80, 80, 80]]",22.cv3.0.0.conv,forward,True,46080,294912000,3686400,80.0,52,8.7516,8.5941,0.874
22.cv3.0.0.bn,042603ce22995359,BatchNorm2d,"{""bias"": ""Parameter containing:\ntensor([-1.4805, -1.5762, -0.8325, -1.2236, -1.1221, -0.7363, -0.4270,  0.6636,  0.5137, -0.1527, -0.7666,  0.8174,  0.4895, -0.5068,  0.7842, -0.1945, -0.3059,  0.4155,  0.2345, -1.3330,  0.4451, -0.9282,  0.3359, -1.1182, -0.8867, -1.1025, -0.5771, -0.2522, -0.7612, -1.2432, -0.9951, -0.5298, -1.3105, -1.3359,\n        -1.8398, -0.7417,  0.5596, -0.8730,  0.1137, -0.5000,  0.1897,  0.7065, -0.9854, -1.1729, -0.9526, -1.0986,  0.2576,  0.5664,  0.1328, -3.0176, -1.8047, -0.4351, -0.6846, -0.3904, -1.2578, -1.8975,  0.1392, -1.1152, -0.5688, -1.0645, -1.0049, -0.6714, -0.9106,  0.3083, -0.6255,  0.0469,  0.1593, -0.9810,\n        -0.3140,  0.8765, -0.2421, -0.8003, -1.0625, -1.2227, -1.2715, -2.0000,  0.0772, -1.4600, -0.2708, -0.2666])"", ""class"": ""BatchNorm2d"", ""eps"": 0.001}","[[1, 80, 80, 80]]","[""torch.float32""]","[[1, 80, 80, 80]]",22.cv3.0.0.bn,forward,True,160,,4096000,,52,0.8806,0.8333,0.1803
22.cv3.0.1,34de7a256bd759e3,Conv,"{""class"": ""Conv""}","[[1, 80, 80, 80]]","[""torch.float32""]","[[1, 80, 80, 80]]",22.cv3.0.1,forward,False,57760,,4096000,,52,12.8391,11.9189,1.8647
22.cv3.0.1.conv,913d7b290a47e6cc,Conv2d,"{""bias"": null, ""class"": ""Conv2d"", ""dilation"": [1, 1], ""groups"": 1, ""in_channels"": 80, ""kernel_size"": [3, 3], ""out_channels"": 80, ""padding"": [1, 1], ""stride"": [1, 1]}","[[1, 80, 80, 80]]","[""torch.float32""]","[[1, 80, 80, 80]]",22.cv3.0.1.conv,forward,True,57600,368640000,4096000,90.0,52,11.0639,10.2048,1.7903
22.cv3.0.1.bn,4c8e06012cacfddc,BatchNorm2d,"{""bias"": ""Parameter containing:\ntensor([ 1.3809,  0.1631,  0.2079,  1.2334, -0.0510,  4.9609,  0.9116,  0.7949,  1.7578,  0.8320,  0.5205,  0.4634,  1.9424,  4.5078,  1.5732,  1.1279, -0.3596,  4.9375, -0.0197,  0.2158,  2.1738,  0.3828, -0.0417, -0.0186,  0.3235,  0.3044,  1.2139,  3.0859,  0.8701, -0.8608,  6.7812,  2.8047,  2.4395,  0.1582,\n         0.3386,  0.4519,  4.2070, -0.2571,  5.4766,  2.5449,  0.1166,  1.1689,  5.2891, -0.0777, -0.3743,  1.2305, -0.4282,  1.3418,  0.4028,  3.5684,  0.5796, -0.3943,  0.6489,  0.1757,  0.2175,  0.3247,  0.5146,  1.1650, -0.3601,  0.3137,  0.5991,  3.6445,  0.1860,  7.3438,  0.3918,  0.3406,  2.6953,  0.0286,\n         5.9492,  4.7461,  0.9468, -0.0403,  0.4736,  0.5151,  0.2656,  2.2051,  0.5000,  0.8003,  0.1124,  0.5474])"", ""class"": ""BatchNorm2d"", ""eps"": 0.001}","[[1, 80, 80, 80]]","[""torch.float32""]","[[1, 80, 80, 80]]",22.cv3.0.1.bn,forward,True,160,,4096000,,52,0.8287,0.7954,0.1439
22.cv3.0.2,c4fc0fcaada27dbc,Conv2d,"{""bias"": ""Parameter containing:\ntensor([ -6.3828, -11.4922,  -9.6328, -11.9688, -12.1641, -12.4141, -12.6094, -11.5703, -11.3594, -11.3984, -12.6875, -12.4922, -12.7969, -11.1719, -10.3672, -11.6484, -11.7344, -11.7969, -11.0156, -11.3594, -11.8906, -12.9062, -12.2188, -12.2891, -10.6953, -10.2734, -10.0625, -11.3125, -11.0000, -12.4766, -11.6172,\n        -12.3906, -11.8281, -11.7422, -12.2109, -12.6328, -12.0859, -11.6250, -11.8438,  -9.0703, -11.2109,  -9.3594, -11.3984, -11.3047, -11.2578, -10.3125,  -9.8906, -10.4609, -11.9766, -10.5000, -10.4219, -10.0781, -11.8906, -11.9062, -10.9844, -11.2031,  -8.7109, -11.9766, -10.7500, -12.3438, -11.1797, -12.0859,\n        -11.5234, -11.8203, -12.5625, -11.7422, -12.2578, -11.7344, -12.6328, -12.5078, -13.0547, -11.6719, -12.4531,  -9.0078, -11.3750, -11.1719, -12.2578, -11.3672, -12.9766, -12.3906])"", ""class"": ""Conv2d"", ""dilation"": [1, 1], ""groups"": 1, ""in_channels"": 80, ""kernel_size"": [1, 1], ""out_channels"": 80, ""padding"": [0, 0], ""stride"": [1, 1]}","[[1, 80, 80, 80]]","[""torch.float32""]","[[1, 80, 80, 80]]",22.cv3.0.2,forward,True,6480,40960000,4096000,10.0,52,5.1676,4.9746,0.6135
22.cv3.1,ba2148944390f9e3,Sequential,"{""class"": ""Sequential""}","[[1, 128, 40, 40]]","[""torch.float32""]","[[1, 80, 40, 40]]",22.cv3.1,forward,False,156560,,1331200,,52,10.2417,9.3492,2.2201
22.cv3.1.0,6cfe7a34bafabeb5,Conv,"{""class"": ""Conv""}","[[1, 128, 40, 40]]","[""torch.float32""]","[[1, 80, 40, 40]]",22.cv3.1.0,forward,False,92320,,1331200,,52,5.5085,5.0186,1.4112
22.cv3.1.0.conv,cf10d05c58765374,Conv2d,"{""bias"": null, ""class"": ""Conv2d"", ""dilation"": [1, 1], ""groups"": 1, ""in_channels"": 128, ""kernel_size"": [3, 3], ""out_channels"": 80, ""padding"": [1, 1], ""stride"": [1, 1]}","[[1, 128, 40, 40]]","[""torch.float32""]","[[1, 80, 40, 40]]",22.cv3.1.0.conv,forward,True,92160,147456000,1331200,110.7692,52,4.6995,4.365,1.1949
22.cv3.1.0.bn,cbf2fc8eda0992cf,BatchNorm2d,"{""bias"": ""Parameter containing:\ntensor([ 0.4480, -1.7314,  1.7402,  0.5757,  0.1741, -1.5859, -1.5635,  0.0735,  0.3596, -3.1797,  0.5005,  0.3472,  0.1561, -0.6470,  0.0433, -0.1779,  0.2903, -1.3486,  0.0674,  0.2588,  0.3013, -0.7163, -2.3789, -1.6113,  0.0742,  0.1559, -0.1808,  0.1740, -0.3486, -0.7891,  0.5435, -2.8965, -0.8438, -0.6025,\n         0.2681,  0.6030, -0.4226,  0.0196,  0.3931, -0.0781, -0.1851,  0.7783, -0.7354, -0.0754,  0.0380,  0.3376, -1.4551, -0.6675, -0.4805,  0.9570, -0.2791, -1.1348,  0.0544, -0.7607,  0.3254, -0.5854, -0.9976,  0.4893,  0.0432, -1.4180, -2.2109, -0.0633, -0.0320, -0.1624,  0.1318, -1.6553, -1.3711, -0.6108,\n         0.0930,  0.1678, -0.5483, -0.5112, -0.7900, -1.0088, -1.4941,  0.1835, -0.0246, -0.6201, -1.8965, -1.1836])"", ""class"": ""BatchNorm2d"", ""eps"": 0.001}","[[1, 80, 40, 40]]","[""torch.float32""]","[[1, 80, 40, 40]]",22.cv3.1.0.bn,forward,True,160,,1024000,,52,0.287,0.2088,0.2055
22.cv3.1.1,4ca316e081069dfb,Conv,"{""class"": ""Conv""}","[[1, 80, 40, 40]]","[""torch.float32""]","[[1, 80, 40, 40]]",22.cv3.1.1,forward,False,57760,,1024000,,52,3.4949,3.3976,0.8865
22.cv3.1.1.conv,1fcc7bee2ad76d70,Conv2d,"{""bias"": null, ""class"": ""Conv2d"", ""dilation"": [1, 1], ""groups"": 1, ""in_channels"": 80, ""kernel_size"": [3, 3], ""out_channels"": 80, ""padding"": [1, 1], ""stride"": [1, 1]}","[[1, 80, 40, 40]]","[""torch.float32""]","[[1, 80, 40, 40]]",22.cv3.1.1.conv,forward,True,57600,92160000,1024000,90.0,52,2.7283,2.6643,0.7204
22.cv3.1.1.bn,a8614eaa792f2616,BatchNorm2d,"{""bias"": ""Parameter containing:\ntensor([ 2.0000,  0.9497,  3.7852,  0.2469,  0.1403,  0.4507,  0.5796,  1.4375,  0.2367,  0.5542,  1.7373,  0.9287,  2.4688,  1.7959,  1.3467,  0.0882,  0.1068,  0.4309,  0.1575,  0.2380,  0.7256,  2.1035,  0.5825,  3.8926, -0.2402,  1.2354,  0.8647,  2.5586,  0.7549, -0.1036,  1.2324,  0.5977,  2.1855,  0.1946,\n         1.7764,  0.8569,  2.2480,  0.1614,  0.2375,  1.4727,  1.8184,  0.1498,  1.1113,  3.6328, -0.0958,  0.4502,  5.7656,  0.5991,  0.8447,  3.0547,  6.3008,  0.5757,  3.3262,  0.8057,  0.1635,  0.5015,  2.7598,  0.8457,  0.2629,  0.2166,  0.8550,  3.5820, -0.2424,  0.4358,  0.3215,  0.7256, -0.7285,  2.1348,\n         0.6196,  0.8486,  0.3235,  0.0251,  0.5146,  2.2129,  2.7148,  1.9062,  0.0796,  6.6875,  2.6543,  0.4919])"", ""class"": ""BatchNorm2d"", ""eps"": 0.001}","[[1, 80, 40, 40]]","[""torch.float32""]","[[1, 80, 40, 40]]",22.cv3.1.1.bn,forward,True,160,,1024000,,52,0.2889,0.2291,0.1899
22.cv3.1.2,2b454171813ec210,Conv2d,"{""bias"": ""Parameter containing:\ntensor([ -5.6680, -10.9609,  -8.9453, -10.5781, -10.6953, -10.7344, -10.4609,  -9.8594, -10.1797, -10.8828, -11.3984, -11.9219, -11.4453,  -9.6641,  -9.9766,  -9.4609,  -9.8203, -10.1641, -10.5234, -10.3281, -10.4688, -11.2578, -10.8359, -10.5234, -10.4922,  -9.5000, -10.2969, -10.5312, -10.0312, -11.6953, -11.1094,\n        -11.3281, -11.7188, -10.8828, -11.1875, -11.5625, -10.7969, -10.6484, -11.0938,  -9.8828, -10.5781,  -9.2500, -10.9453, -10.7188, -11.0234,  -9.3281,  -9.4219, -10.2812, -10.4062, -10.4375, -10.4141, -10.4219, -11.0781, -10.8203, -10.2344, -10.0234,  -8.1875,  -9.9688,  -9.8516, -10.2031,  -9.2344, -10.4141,\n        -10.2500, -10.6328, -11.8516, -11.2969, -11.0391, -11.0000, -11.6328, -10.6953, -12.0469, -10.3281, -10.5781,  -9.7969, -10.9844, -10.3984, -11.3359,  -9.8438, -11.7578, -11.2266])"", ""class"": ""Conv2d"", ""dilation"": [1, 1], ""groups"": 1, ""in_channels"": 80, ""kernel_size"": [1, 1], ""out_channels"": 80, ""padding"": [0, 0], ""stride"": [1, 1]}","[[1, 80, 40, 40]]","[""torch.float32""]","[[1, 80, 40, 40]]",22.cv3.1.2,forward,True,6480,10240000,1024000,10.0,52,1.0973,0.8921,0.6805
22.cv3.2,27a5bc3647bf7fdc,Sequential,"{""class"": ""Sequential""}","[[1, 256, 20, 20]]","[""torch.float32""]","[[1, 80, 20, 20]]",22.cv3.2,forward,False,248720,,537600,,52,5.6236,5.0126,1.4314
22.cv3.2.0,0ed1c23cf9110f7a,Conv,"{""class"": ""Conv""}","[[1, 256, 20, 20]]","[""torch.float32""]","[[1, 80, 20, 20]]",22.cv3.2.0,forward,False,184480,,537600,,52,3.3101,3.178,0.6338
22.cv3.2.0.conv,69b500be2b8e5010,Conv2d,"{""bias"": null, ""class"": ""Conv2d"", ""dilation"": [1, 1], ""groups"": 1, ""in_channels"": 256, ""kernel_size"": [3, 3], ""out_channels"": 80, ""padding"": [1, 1], ""stride"": [1, 1]}","[[1, 256, 20, 20]]","[""torch.float32""]","[[1, 80, 20, 20]]",22.cv3.2.0.conv,forward,True,184320,73728000,537600,137.1429,52,2.556,2.1825,0.7395
22.cv3.2.0.bn,e02b50536870fb35,BatchNorm2d,"{""bias"": ""Parameter containing:\ntensor([ 0.2095, -1.1953, -0.3977,  0.8389,  0.0728,  0.3362, -0.2086,  0.1019,  0.0439,  0.2145, -0.3652, -1.8428,  0.0463,  0.1120, -0.4128,  0.4834,  0.4202, -1.0557,  0.2473,  0.5747,  0.1368,  0.6313, -0.5015,  0.0975, -0.8262, -0.0391, -0.0409, -0.6436, -0.7603,  0.5239,  0.5859, -0.0327, -0.5366,  0.2246,\n        -2.6289,  0.7417,  0.6592,  0.7930, -1.5684, -0.7007,  0.1141, -2.3145,  0.6577, -0.7905,  0.6865, -0.1278, -2.3574, -1.5186, -0.0543,  0.4309, -0.2786, -1.6562,  0.5151, -3.3848, -0.2130, -0.2527, -0.9341,  0.2861,  0.2009, -2.1973,  0.6323,  0.3425, -1.6445, -0.3655,  1.8887, -1.3926,  0.3318, -0.6484,\n         0.4067, -0.8184,  0.1665, -0.0764,  0.0041,  0.0649, -2.7207, -0.2015,  0.2881, -0.2700, -0.5757,  0.3320])"", ""class"": ""BatchNorm2d"", ""eps"": 0.001}","[[1, 80, 20, 20]]","[""torch.float32""]","[[1, 80, 20, 20]]",22.cv3.2.0.bn,forward,True,160,,256000,,52,0.3913,0.2282,0.3256
22.cv3.2.1,d788e5b6efab7265,Conv,"{""class"": ""Conv""}","[[1, 80, 20, 20]]","[""torch.float32""]","[[1, 80, 20, 20]]",22.cv3.2.1,forward,False,57760,,256000,,52,1.5928,1.252,0.8362
22.cv3.2.1.conv,68ce4d7f9a12e49f,Conv2d,"{""bias"": null, ""class"": ""Conv2d"", ""dilation"": [1, 1], ""groups"": 1, ""in_channels"": 80, ""kernel_size"": [3, 3], ""out_channels"": 80, ""padding"": [1, 1], ""stride"": [1, 1]}","[[1, 80, 20, 20]]","[""torch.float32""]","[[1, 80, 20, 20]]",22.cv3.2.1.conv,forward,True,57600,23040000,256000,90.0,52,1.1901,0.88,0.727
22.cv3.2.1.bn,ebef993b94e39add,BatchNorm2d,"{""bias"": ""Parameter containing:\ntensor([ 0.4954,  0.8442,  0.4775,  1.8955,  3.5566,  3.9824,  1.2627,  0.1427,  1.3154,  1.6914,  1.6064,  1.9082,  1.2695,  1.3027,  4.6562,  0.5029,  0.9517,  2.2832,  3.5938,  1.9277,  0.3459,  4.5664,  0.8301,  1.1621,  3.7754,  1.5049,  1.2549,  0.2917,  4.3906, -0.4678,  0.4075,  0.2668,  1.4326,  0.1571,\n         0.2844,  0.8472,  0.5420,  0.1917,  0.6865,  2.1152,  0.8721,  0.6514,  0.2202,  0.6758,  2.1621,  0.6982, -0.3457, -0.5234,  1.6973,  5.5977,  0.2324,  4.5664,  0.9355, -0.5322,  0.7910, -0.2886,  0.8848,  2.1523,  0.8809,  1.8604,  2.6152,  1.0342,  0.8350,  1.5752,  1.8604,  1.7539,  0.2454,  0.5488,\n         0.4236,  0.9819,  0.7954,  0.6191,  0.9409,  0.1586,  2.9043,  0.0694,  0.4084,  0.8716, -0.5308,  1.1455])"", ""class"": ""BatchNorm2d"", ""eps"": 0.001}","[[1, 80, 20, 20]]","[""torch.float32""]","[[1, 80, 20, 20]]",22.cv3.2.1.bn,forward,True,160,,256000,,52,0.1114,0.0729,0.1158
22.cv3.2.2,be6aa499ce36f439,Conv2d,"{""bias"": ""Parameter containing:\ntensor([ -4.7773,  -9.7031,  -8.6328,  -9.2500,  -9.3281,  -9.4531,  -8.6797,  -8.6484,  -9.1953, -10.2656, -10.0078, -10.3906, -10.1797,  -8.7344,  -9.7734,  -8.7656,  -8.8828,  -9.2500,  -9.8047,  -9.5156,  -9.1406,  -9.9219,  -9.8516,  -9.5000, -10.0625,  -8.8672,  -9.9062, -10.0391,  -9.2266, -10.5547, -10.2734,\n        -10.5312, -10.5938, -10.1719, -10.6172, -10.5156, -10.1328,  -9.8203, -10.3359,  -9.9219, -10.0312,  -9.8125, -10.3984, -10.1875, -10.4297,  -8.5859,  -9.3984, -10.2109,  -9.5391, -10.1719,  -9.9922, -10.3906, -10.1719,  -9.4609, -10.1641,  -9.2812,  -8.1875,  -8.3203,  -8.9844,  -7.8125,  -6.2617,  -9.2500,\n         -9.1484,  -9.2891, -10.6094, -10.4922,  -9.8828, -10.3359, -10.2188,  -9.1641, -10.7266,  -9.4922,  -9.0781,  -9.4531, -10.0625, -10.2969, -10.0938,  -9.1953, -10.6484, -10.3359])"", ""class"": ""Conv2d"", ""dilation"": [1, 1], ""groups"": 1, ""in_channels"": 80, ""kernel_size"": [1, 1], ""out_channels"": 80, ""padding"": [0, 0], ""stride"": [1, 1]}","[[1, 80, 20, 20]]","[""torch.float32""]","[[1, 80, 20, 20]]",22.cv3.2.2,forward,True,6480,2560000,256000,10.0,52,0.5985,0.4202,0.5066
22.dfl,61e4aa0ff4088f9d,DFL,"{""class"": ""DFL""}","[[1, 64, 8400]]","[""torch.float32""]","[[1, 4, 8400]]",22.dfl,forward,False,16,,2284800,,52,4.7449,4.7173,0.6003
22.dfl.conv,bf0911eb81b17c13,Conv2d,"{""bias"": null, ""class"": ""Conv2d"", ""dilation"": [1, 1], ""groups"": 1, ""in_channels"": 16, ""kernel_size"": [1, 1], ""out_channels"": 1, ""padding"": [0, 0], ""stride"": [1, 1]}","[[1, 16, 4, 8400]]","[""torch.float32""]","[[1, 1, 4, 8400]]",22.dfl.conv,forward,True,16,537600,2284800,0.2353,52,2.1664,2.0489,0.5184
