path,config_id,class,config_json,input_shapes,input_dtypes,out_shapes,callsite,mode,leaf,params,macs,bytes_moved,arith_intensity,count,lat_mean_ms,lat_median_ms,lat_std_ms
0,42e23db398da4558,Conv,"{""class"": ""Conv""}","[[1, 3, 640, 640]]","[""torch.float32""]","[[1, 16, 320, 320]]",0,forward,False,464,,11468800,,52,50.4431,48.3425,13.1352
0.conv,e9e80e79ce809963,Conv2d,"{""bias"": null, ""class"": ""Conv2d"", ""dilation"": [1, 1], ""groups"": 1, ""in_channels"": 3, ""kernel_size"": [3, 3], ""out_channels"": 16, ""padding"": [1, 1], ""stride"": [2, 2]}","[[1, 3, 640, 640]]","[""torch.float32""]","[[1, 16, 320, 320]]",0.conv,forward,True,432,44236800,11468800,3.8571,52,37.7213,34.4994,10.8516
0.bn,8e7a544d158f0ff3,BatchNorm2d,"{""bias"": ""Parameter containing:\ntensor([ 1.7383,  2.5508, -0.9956, -0.8149,  0.7407, -0.4895, -7.8516,  0.5698,  0.2932,  2.2266,  5.6797,  1.5967,  1.8916,  2.0273, -0.6157,  1.5381])"", ""class"": ""BatchNorm2d"", ""eps"": 0.001}","[[1, 16, 320, 320]]","[""torch.float32""]","[[1, 16, 320, 320]]",0.bn,forward,True,32,,13107200,,52,4.7533,3.9242,3.532
0.act,4db31c995deacda7,SiLU,"{""class"": ""SiLU""}","[[1, 16, 320, 320]]","[""torch.float32""]","[[1, 16, 320, 320]]",0.act,forward,True,0,,13107200,,52,7.6103,7.9717,2.4158
0.act,1af6076372ad4ede,SiLU,"{""class"": ""SiLU""}","[[1, 32, 160, 160]]","[""torch.float32""]","[[1, 32, 160, 160]]",0.act,forward,True,0,,6553600,,104,4.774,4.79,1.4679
0.act,3e456fe6cbcdb92a,SiLU,"{""class"": ""SiLU""}","[[1, 8, 160, 160]]","[""torch.float32""]","[[1, 8, 160, 160]]",0.act,forward,True,0,,1638400,,52,2.1758,2.2312,0.8179
0.act,b52c7cb8ebd45185,SiLU,"{""class"": ""SiLU""}","[[1, 16, 160, 160]]","[""torch.float32""]","[[1, 16, 160, 160]]",0.act,forward,True,0,,3276800,,52,3.5589,3.4375,1.6095
0.act,52a7efe60d82b70f,SiLU,"{""class"": ""SiLU""}","[[1, 64, 160, 160]]","[""torch.float32""]","[[1, 64, 160, 160]]",0.act,forward,True,0,,13107200,,52,8.7266,8.009,4.4362
0.act,6da5ee22b7e1d3cf,SiLU,"{""class"": ""SiLU""}","[[1, 64, 80, 80]]","[""torch.float32""]","[[1, 64, 80, 80]]",0.act,forward,True,0,,3276800,,312,3.44,3.1554,2.2612
0.act,31b67e23e5e6b3ec,SiLU,"{""class"": ""SiLU""}","[[1, 16, 80, 80]]","[""torch.float32""]","[[1, 16, 80, 80]]",0.act,forward,True,0,,819200,,364,2.1517,1.9757,1.505
0.act,00936e39faf3f98f,SiLU,"{""class"": ""SiLU""}","[[1, 32, 80, 80]]","[""torch.float32""]","[[1, 32, 80, 80]]",0.act,forward,True,0,,1638400,,156,2.5061,2.383,1.1204
0.act,09681dfeb8452f7b,SiLU,"{""class"": ""SiLU""}","[[1, 128, 80, 80]]","[""torch.float32""]","[[1, 128, 80, 80]]",0.act,forward,True,0,,6553600,,52,5.0223,4.9708,1.5112
0.act,dfa6db07a9cf4be1,SiLU,"{""class"": ""SiLU""}","[[1, 128, 40, 40]]","[""torch.float32""]","[[1, 128, 40, 40]]",0.act,forward,True,0,,1638400,,468,2.62,2.5463,1.2384
0.act,4ea83264d9ea3f5c,SiLU,"{""class"": ""SiLU""}","[[1, 64, 40, 40]]","[""torch.float32""]","[[1, 64, 40, 40]]",0.act,forward,True,0,,819200,,416,2.0362,1.9612,1.0064
0.act,a44d02841d8ceadb,SiLU,"{""class"": ""SiLU""}","[[1, 256, 20, 20]]","[""torch.float32""]","[[1, 256, 20, 20]]",0.act,forward,True,0,,819200,,468,2.092,1.9874,0.9241
0.act,0da1c08a8fae32e5,SiLU,"{""class"": ""SiLU""}","[[1, 128, 20, 20]]","[""torch.float32""]","[[1, 128, 20, 20]]",0.act,forward,True,0,,409600,,156,1.7897,1.7514,0.7134
0.act,08d9785d759dac51,SiLU,"{""class"": ""SiLU""}","[[1, 32, 40, 40]]","[""torch.float32""]","[[1, 32, 40, 40]]",0.act,forward,True,0,,409600,,624,1.9439,1.8276,0.8202
0.act,9dd2d8c74af91af8,SiLU,"{""class"": ""SiLU""}","[[1, 64, 20, 20]]","[""torch.float32""]","[[1, 64, 20, 20]]",0.act,forward,True,0,,204800,,416,0.2197,0.145,0.3993
0.act,65418290bafe418a,SiLU,"{""class"": ""SiLU""}","[[1, 80, 80, 80]]","[""torch.float32""]","[[1, 80, 80, 80]]",0.act,forward,True,0,,4096000,,156,3.948,3.6616,2.8082
0.act,70499828149a886f,SiLU,"{""class"": ""SiLU""}","[[1, 80, 40, 40]]","[""torch.float32""]","[[1, 80, 40, 40]]",0.act,forward,True,0,,1024000,,156,2.1983,2.0892,0.9954
0.act,4e53e2f3fa50e788,SiLU,"{""class"": ""SiLU""}","[[1, 80, 20, 20]]","[""torch.float32""]","[[1, 80, 20, 20]]",0.act,forward,True,0,,256000,,156,0.2038,0.1742,0.1268
1,e2cf841038d442ab,Conv,"{""class"": ""Conv""}","[[1, 16, 320, 320]]","[""torch.float32""]","[[1, 32, 160, 160]]",1,forward,False,4672,,9830400,,52,41.1265,39.8948,10.2274
1.conv,052d8e402cda395d,Conv2d,"{""bias"": null, ""class"": ""Conv2d"", ""dilation"": [1, 1], ""groups"": 1, ""in_channels"": 16, ""kernel_size"": [3, 3], ""out_channels"": 32, ""padding"": [1, 1], ""stride"": [2, 2]}","[[1, 16, 320, 320]]","[""torch.float32""]","[[1, 32, 160, 160]]",1.conv,forward,True,4608,117964800,9830400,12.0,52,32.8599,32.5001,9.0207
1.bn,0de8ff3a6185f226,BatchNorm2d,"{""bias"": ""Parameter containing:\ntensor([ 1.8408,  1.9473, -0.5293,  2.0039, -0.3127,  2.2637,  2.1621, -0.6636, -0.3728, -0.2510,  3.1523,  4.1641, -0.2463, -0.0598, -0.2278,  1.2559,  1.1055,  1.6045, -0.3103,  2.2539,  1.2168, -0.1086,  1.8496,  1.7871,  2.5312,  2.7051, -0.3076, -0.3928, -0.3357,  2.5605,  1.0752, -0.0576])"", ""class"": ""BatchNorm2d"", ""eps"": 0.001}","[[1, 32, 160, 160]]","[""torch.float32""]","[[1, 32, 160, 160]]",1.bn,forward,True,64,,6553600,,52,3.1994,2.9374,2.0987
2,21a5066350e2caad,C3k2,"{""class"": ""C3k2""}","[[1, 32, 160, 160]]","[""torch.float32""]","[[1, 64, 160, 160]]",2,forward,False,6640,,9830400,,52,152.6348,132.9873,99.0555
2.cv1,ea61c0287e4f03da,Conv,"{""class"": ""Conv""}","[[1, 32, 160, 160]]","[""torch.float32""]","[[1, 32, 160, 160]]",2.cv1,forward,False,1088,,6553600,,52,36.3745,27.5783,44.3411
2.cv1.conv,f98c3bd3e95e4191,Conv2d,"{""bias"": null, ""class"": ""Conv2d"", ""dilation"": [1, 1], ""groups"": 1, ""in_channels"": 32, ""kernel_size"": [1, 1], ""out_channels"": 32, ""padding"": [0, 0], ""stride"": [1, 1]}","[[1, 32, 160, 160]]","[""torch.float32""]","[[1, 32, 160, 160]]",2.cv1.conv,forward,True,1024,26214400,6553600,4.0,52,27.813,18.4897,43.4627
2.cv1.bn,e57fc0915233e19a,BatchNorm2d,"{""bias"": ""Parameter containing:\ntensor([ 2.0059,  1.6904,  1.7891,  1.3096,  2.1758,  2.6738, -1.6953, -1.3418,  2.4492, -0.9536,  0.9678,  2.3164, -1.2520,  0.7969,  2.7090, -1.9961,  3.1602,  0.3232,  1.1855,  0.0453, -0.3796,  0.5176,  0.4368, -1.4990,  1.8848,  0.8394, -0.1534, -0.1088,  0.2173,  0.8013, -1.6953,  1.7998])"", ""class"": ""BatchNorm2d"", ""eps"": 0.001}","[[1, 32, 160, 160]]","[""torch.float32""]","[[1, 32, 160, 160]]",2.cv1.bn,forward,True,64,,6553600,,52,3.2483,3.0115,1.3565
2.cv2,e32c333ba99dc233,Conv,"{""class"": ""Conv""}","[[1, 48, 160, 160]]","[""torch.float32""]","[[1, 64, 160, 160]]",2.cv2,forward,False,3200,,11468800,,52,60.9368,54.3898,22.1988
2.cv2.conv,cc689ee406bb586e,Conv2d,"{""bias"": null, ""class"": ""Conv2d"", ""dilation"": [1, 1], ""groups"": 1, ""in_channels"": 48, ""kernel_size"": [1, 1], ""out_channels"": 64, ""padding"": [0, 0], ""stride"": [1, 1]}","[[1, 48, 160, 160]]","[""torch.float32""]","[[1, 64, 160, 160]]",2.cv2.conv,forward,True,3072,78643200,11468800,6.8571,52,46.2157,40.3177,20.3493
2.cv2.bn,b2d0bf7932850ee2,BatchNorm2d,"{""bias"": ""Parameter containing:\ntensor([ 0.9028, -2.1094, -0.1655,  0.1635, -0.9575, -0.2400, -0.0399, -0.1643,  2.0684, -0.8306,  0.4387, -0.9111, -0.1561, -1.1748,  1.7910, -0.2896,  0.3860, -0.7314,  0.7173, -1.7383, -0.8999,  1.8398, -0.5610, -0.3110, -0.5532, -0.0900, -0.4199, -1.9014, -0.2366, -0.5088, -1.5410, -0.6953, -0.1993,  0.0492,\n        -0.0657,  1.9111, -1.4766, -0.0869,  0.1389, -1.1445,  1.0967, -0.2559,  0.1146,  1.0771,  1.3232,  1.6504, -0.0183, -0.1843, -1.6631,  0.8101,  0.1050,  0.5669,  2.0000,  0.2115,  0.7285, -0.2240,  0.4668,  1.9775, -0.6470, -0.1414, -0.2107,  0.6509, -0.6431, -0.1144])"", ""class"": ""BatchNorm2d"", ""eps"": 0.001}","[[1, 64, 160, 160]]","[""torch.float32""]","[[1, 64, 160, 160]]",2.cv2.bn,forward,True,128,,13107200,,52,5.5002,5.0517,2.2952
2.m.0,7a1322299d728301,Bottleneck,"{""class"": ""Bottleneck""}","[[1, 16, 160, 160]]","[""torch.float32""]","[[1, 16, 160, 160]]",2.m.0,forward,False,2352,,3276800,,52,47.8913,43.4865,40.1629
2.m.0.cv1,d796adc0a54e5a83,Conv,"{""class"": ""Conv""}","[[1, 16, 160, 160]]","[""torch.float32""]","[[1, 8, 160, 160]]",2.m.0.cv1,forward,False,1168,,2457600,,52,24.3315,18.662,38.0761
2.m.0.cv1.conv,bcc93bf9fc88eb02,Conv2d,"{""bias"": null, ""class"": ""Conv2d"", ""dilation"": [1, 1], ""groups"": 1, ""in_channels"": 16, ""kernel_size"": [3, 3], ""out_channels"": 8, ""padding"": [1, 1], ""stride"": [1, 1]}","[[1, 16, 160, 160]]","[""torch.float32""]","[[1, 8, 160, 160]]",2.m.0.cv1.conv,forward,True,1152,29491200,2457600,12.0,52,19.8165,14.262,37.9305
2.m.0.cv1.bn,10fcd1b8c3a676a8,BatchNorm2d,"{""bias"": ""Parameter containing:\ntensor([ 1.3975, -1.1797,  1.1426,  1.8057, -0.0119,  1.8516,  1.6514,  0.2195])"", ""class"": ""BatchNorm2d"", ""eps"": 0.001}","[[1, 8, 160, 160]]","[""torch.float32""]","[[1, 8, 160, 160]]",2.m.0.cv1.bn,forward,True,16,,1638400,,52,2.0728,1.6517,1.9971
2.m.0.cv2,f165273a85918df5,Conv,"{""class"": ""Conv""}","[[1, 8, 160, 160]]","[""torch.float32""]","[[1, 16, 160, 160]]",2.m.0.cv2,forward,False,1184,,2457600,,52,20.7815,21.2924,6.1171
2.m.0.cv2.conv,f8069637c2748b9c,Conv2d,"{""bias"": null, ""class"": ""Conv2d"", ""dilation"": [1, 1], ""groups"": 1, ""in_channels"": 8, ""kernel_size"": [3, 3], ""out_channels"": 16, ""padding"": [1, 1], ""stride"": [1, 1]}","[[1, 8, 160, 160]]","[""torch.float32""]","[[1, 16, 160, 160]]",2.m.0.cv2.conv,forward,True,1152,29491200,2457600,12.0,52,14.5269,14.5195,4.649
2.m.0.cv2.bn,e85dbd983fcc925c,BatchNorm2d,"{""bias"": ""Parameter containing:\ntensor([ 4.6172,  0.1046, -0.3115,  3.8652, -0.1576,  0.0479,  3.5273, -0.2756,  0.0072,  3.6484, -0.3167, -0.5044,  0.4087, -0.1052, -0.1221, -0.1946])"", ""class"": ""BatchNorm2d"", ""eps"": 0.001}","[[1, 16, 160, 160]]","[""torch.float32""]","[[1, 16, 160, 160]]",2.m.0.cv2.bn,forward,True,32,,3276800,,52,2.3756,2.0578,1.1095
3,cfb3d7160708135c,Conv,"{""class"": ""Conv""}","[[1, 64, 160, 160]]","[""torch.float32""]","[[1, 64, 80, 80]]",3,forward,False,36992,,8192000,,52,37.7561,37.1106,11.534
3.conv,12f383605e0ceccd,Conv2d,"{""bias"": null, ""class"": ""Conv2d"", ""dilation"": [1, 1], ""groups"": 1, ""in_channels"": 64, ""kernel_size"": [3, 3], ""out_channels"": 64, ""padding"": [1, 1], ""stride"": [2, 2]}","[[1, 64, 160, 160]]","[""torch.float32""]","[[1, 64, 80, 80]]",3.conv,forward,True,36864,235929600,8192000,28.8,52,30.8573,30.1584,8.7039
3.bn,b501a60e7e5dd028,BatchNorm2d,"{""bias"": ""Parameter containing:\ntensor([ 0.2218, -0.2917,  0.2025, -0.3977, -0.4724, -0.6499, -0.1146, -0.5454, -0.4792, -0.3691, -0.2092, -0.3799,  0.2612,  2.8711,  0.3242,  1.6279, -0.5278, -0.0680, -0.4360,  0.0627,  0.4548, -0.7266,  0.9233, -0.3743,  2.4492,  0.0396, -0.3516,  0.1453, -0.7305,  0.9121,  1.3584, -0.5430,  0.7441,  0.4302,\n         1.5723, -0.7100, -0.7368,  2.0020, -0.3765, -0.4683,  0.8008, -0.6606, -0.0980, -0.6343,  1.9102,  0.4951,  0.1194, -0.6387,  1.9355,  1.2979, -0.6226,  1.1426,  0.2986,  1.1367, -0.3154, -0.5220, -0.3352, -0.6982, -0.2966,  1.1504,  1.6143,  1.0254, -0.6606,  0.8096])"", ""class"": ""BatchNorm2d"", ""eps"": 0.001}","[[1, 64, 80, 80]]","[""torch.float32""]","[[1, 64, 80, 80]]",3.bn,forward,True,128,,3276800,,52,2.4799,2.2377,1.1337
4,866c0fabbc9857de,C3k2,"{""class"": ""C3k2""}","[[1, 64, 80, 80]]","[""torch.float32""]","[[1, 128, 80, 80]]",4,forward,False,26080,,4915200,,52,101.5507,98.5462,25.305
4.cv1,8edda4b0b28cfff8,Conv,"{""class"": ""Conv""}","[[1, 64, 80, 80]]","[""torch.float32""]","[[1, 64, 80, 80]]",4.cv1,forward,False,4224,,3276800,,52,21.3576,20.988,4.4806
4.cv1.conv,16ab8f219b28b293,Conv2d,"{""bias"": null, ""class"": ""Conv2d"", ""dilation"": [1, 1], ""groups"": 1, ""in_channels"": 64, ""kernel_size"": [1, 1], ""out_channels"": 64, ""padding"": [0, 0], ""stride"": [1, 1]}","[[1, 64, 80, 80]]","[""torch.float32""]","[[1, 64, 80, 80]]",4.cv1.conv,forward,True,4096,26214400,3276800,8.0,52,15.5004,14.953,3.6635
4.cv1.bn,12548f4fea4eea94,BatchNorm2d,"{""bias"": ""Parameter containing:\ntensor([ 0.3625,  0.2020,  0.1893,  0.2196, -0.0674, -0.5010,  0.6445,  1.7627,  1.0312,  0.8379,  1.5254,  1.4346, -0.3154, -0.1381,  0.8164, -0.3210,  1.2451,  0.6929, -1.3330,  0.9985,  1.2637,  0.7612, -0.1672, -0.1920, -0.3062, -0.1372,  0.7217, -0.1741, -0.5874,  1.3643,  0.7471,  1.0332, -0.1901,  2.1602,\n        -0.3381,  0.1213, -0.1279, -0.5718,  0.0536,  1.0801,  0.2869,  0.9795,  0.1847,  0.4573,  1.1143,  0.3293,  0.1115, -0.1602,  0.7969,  1.2236, -0.4368, -0.3997, -0.2935,  1.4727,  0.7319, -0.5679,  0.8682, -0.1516,  0.1477,  0.2905,  0.2625, -0.1166,  0.3467,  1.6963])"", ""class"": ""BatchNorm2d"", ""eps"": 0.001}","[[1, 64, 80, 80]]","[""torch.float32""]","[[1, 64, 80, 80]]",4.cv1.bn,forward,True,128,,3276800,,52,2.3027,2.1003,1.0728
4.cv2,4e4c9c702652b912,Conv,"{""class"": ""Conv""}","[[1, 96, 80, 80]]","[""torch.float32""]","[[1, 128, 80, 80]]",4.cv2,forward,False,12544,,5734400,,52,35.9992,34.4794,8.7627
4.cv2.conv,7e491032dd773445,Conv2d,"{""bias"": null, ""class"": ""Conv2d"", ""dilation"": [1, 1], ""groups"": 1, ""in_channels"": 96, ""kernel_size"": [1, 1], ""out_channels"": 128, ""padding"": [0, 0], ""stride"": [1, 1]}","[[1, 96, 80, 80]]","[""torch.float32""]","[[1, 128, 80, 80]]",4.cv2.conv,forward,True,12288,78643200,5734400,13.7143,52,27.5972,26.2384,7.7721
4.cv2.bn,21d8b701e9ebf58f,BatchNorm2d,"{""bias"": ""Parameter containing:\ntensor([-0.8965, -0.6147, -1.0225, -0.3359, -1.2764, -0.2211, -0.1791, -1.6611, -0.0781, -0.8066, -1.5254, -1.4873, -1.2344, -1.0068, -1.1582, -0.7983, -1.2734, -0.9668, -1.0176, -1.1904, -1.2090, -1.5166, -1.2090, -0.7646, -2.5605, -0.5981, -0.1678,  0.7017, -0.9932,  0.3145, -0.4016, -1.5039, -0.8032, -0.6909,\n        -0.4143, -1.4375, -0.3398, -1.0283, -1.1582, -0.4421, -0.9941, -0.1505, -0.8838, -1.1855, -1.5664, -0.7363, -1.1641, -1.1982, -0.7227, -0.8916,  0.1429, -1.0518,  0.0776, -1.2842, -0.6309, -1.3643, -1.0830, -1.1230, -0.4287, -0.1995, -0.9893, -0.8218, -1.2168, -0.6777, -0.7114, -1.1758, -0.1991, -0.8794,\n        -0.9312, -0.8745, -1.3975, -1.4824, -0.3726, -1.4727, -1.0586, -1.2178, -0.5010, -1.7871,  0.1004, -1.5293, -1.1943, -0.9795, -1.2256, -1.0586,  0.2646, -0.1780, -0.2827, -0.9600, -0.8550, -1.9111, -0.7437,  0.1008, -1.4189, -1.1289, -1.3232, -0.3003, -1.1465, -0.2795, -1.3633, -0.3013, -1.4395, -1.1875,\n        -1.0674, -0.1862, -0.4351, -0.0291,  0.0417, -1.0225, -1.1748, -1.7695, -0.1648, -1.9609, -2.0020, -0.5317, -1.9863, -0.1293,  1.8438, -1.0576, -0.4976, -0.3032, -0.2319, -0.8579, -1.1465, -1.0830, -1.2119, -0.7412, -0.3794, -0.8481])"", ""class"": ""BatchNorm2d"", ""eps"": 0.001}","[[1, 128, 80, 80]]","[""torch.float32""]","[[1, 128, 80, 80]]",4.cv2.bn,forward,True,256,,6553600,,52,3.0074,2.7879,1.2499
4.m.0,d899a3676066aac1,Bottleneck,"{""class"": ""Bottleneck""}","[[1, 32, 80, 80]]","[""torch.float32""]","[[1, 32, 80, 80]]",4.m.0,forward,False,9312,,1638400,,52,34.691,36.1988,7.3983
4.m.0.cv1,a5cf2816ac5c4970,Conv,"{""class"": ""Conv""}","[[1, 32, 80, 80]]","[""torch.float32""]","[[1, 16, 80, 80]]",4.m.0.cv1,forward,False,4640,,1228800,,52,15.5531,16.0419,3.5663
4.m.0.cv1.conv,cc50a991116bb10b,Conv2d,"{""bias"": null, ""class"": ""Conv2d"", ""dilation"": [1, 1], ""groups"": 1, ""in_channels"": 32, ""kernel_size"": [3, 3], ""out_channels"": 16, ""padding"": [1, 1], ""stride"": [1, 1]}","[[1, 32, 80, 80]]","[""torch.float32""]","[[1, 16, 80, 80]]",4.m.0.cv1.conv,forward,True,4608,29491200,1228800,24.0,52,11.4633,11.3295,2.6047
4.m.0.cv1.bn,49f2b47407c18ae3,BatchNorm2d,"{""bias"": ""Parameter containing:\ntensor([ 0.0158,  2.1250, -0.6523,  0.2803, -0.5342,  1.0166, -0.5078,  0.7563,  0.2800,  0.4819,  0.6177, -0.4844, -0.5342,  0.4216,  0.8589,  0.8457])"", ""class"": ""BatchNorm2d"", ""eps"": 0.001}","[[1, 16, 80, 80]]","[""torch.float32""]","[[1, 16, 80, 80]]",4.m.0.cv1.bn,forward,True,32,,819200,,52,1.6448,1.5052,0.7327
4.m.0.cv2,9ed8b7e5344313b6,Conv,"{""class"": ""Conv""}","[[1, 16, 80, 80]]","[""torch.float32""]","[[1, 32, 80, 80]]",4.m.0.cv2,forward,False,4672,,1228800,,52,16.9377,17.6889,4.0833
4.m.0.cv2.conv,cfe8e02c0e23a3b6,Conv2d,"{""bias"": null, ""class"": ""Conv2d"", ""dilation"": [1, 1], ""groups"": 1, ""in_channels"": 16, ""kernel_size"": [3, 3], ""out_channels"": 32, ""padding"": [1, 1], ""stride"": [1, 1]}","[[1, 16, 80, 80]]","[""torch.float32""]","[[1, 32, 80, 80]]",4.m.0.cv2.conv,forward,True,4608,29491200,1228800,24.0,52,12.3446,12.7859,2.9731
4.m.0.cv2.bn,ed68bbc9ef2a4e69,BatchNorm2d,"{""bias"": ""Parameter containing:\ntensor([-0.5938,  0.3071,  0.2124,  0.5830,  0.7632,  0.3013,  0.0867,  0.9575,  0.6221,  1.4326,  1.5195, -0.1088, -0.8506,  2.2031,  1.5840,  0.7173,  1.8135, -0.2529,  0.4768,  0.9004,  1.3955, -0.3235,  0.5947,  0.5864,  0.5908, -0.4231,  1.2432,  2.0000,  1.1943,  0.7358,  2.0020,  1.7119])"", ""class"": ""BatchNorm2d"", ""eps"": 0.001}","[[1, 32, 80, 80]]","[""torch.float32""]","[[1, 32, 80, 80]]",4.m.0.cv2.bn,forward,True,64,,1638400,,52,1.909,1.9032,0.938
5,da8d0714683d2cc2,Conv,"{""class"": ""Conv""}","[[1, 128, 80, 80]]","[""torch.float32""]","[[1, 128, 40, 40]]",5,forward,False,147712,,4096000,,52,32.6043,33.8981,7.8407
5.conv,96e48600ae6d9736,Conv2d,"{""bias"": null, ""class"": ""Conv2d"", ""dilation"": [1, 1], ""groups"": 1, ""in_channels"": 128, ""kernel_size"": [3, 3], ""out_channels"": 128, ""padding"": [1, 1], ""stride"": [2, 2]}","[[1, 128, 80, 80]]","[""torch.float32""]","[[1, 128, 40, 40]]",5.conv,forward,True,147456,235929600,4096000,57.6,52,27.6182,28.6135,6.4369
5.bn,43995aad9592cc45,BatchNorm2d,"{""bias"": ""Parameter containing:\ntensor([ 0.0938,  1.0830, -1.1045, -0.5791, -1.0137, -0.3320,  0.0035,  0.6299, -0.8931, -0.7065, -0.0282,  0.2239, -0.7495, -0.9478, -0.4199, -0.9214,  0.4543, -0.9302, -0.7969,  0.9473,  0.0764, -1.0840, -0.9468, -0.8491, -1.0088, -1.2041, -0.3972, -1.2344,  0.5454,  0.5859, -0.1747, -0.2034, -0.9233, -0.0124,\n        -1.3203, -0.7207, -1.1211, -1.2256,  0.2334,  0.9692, -1.1426, -0.9253,  0.6328,  0.2000,  1.4824,  1.0615, -1.6543,  0.5552, -0.8745,  0.5776, -0.4727, -0.7202, -1.1904, -0.3674, -1.1533, -1.0957, -1.0547,  0.8872, -0.0398,  0.1888,  0.0837, -1.1387, -1.4258, -0.8428, -1.4268,  0.4006, -1.0566, -0.4626,\n         0.6724, -0.9517, -0.4480, -1.0713, -1.0957, -1.0273, -1.6143, -0.0133,  0.3992,  0.1147, -0.4373,  0.1722,  1.3936, -0.1447, -1.0605, -0.5312, -1.0273, -0.0390, -1.0166, -0.9346, -0.9365, -1.2031, -0.7046,  0.7632,  0.3643,  0.7290, -1.2686,  0.4763,  1.3691, -0.7358, -0.1316, -0.9771, -0.9741, -0.5991,\n         0.6670,  0.7725,  2.1953,  0.7397,  0.1897,  1.3936, -0.8394, -0.3276, -0.7266,  1.8408,  0.5693, -0.8872, -1.0156,  1.1953,  1.0752,  0.3340, -2.1230, -1.0684, -1.4277,  0.4221, -0.6025,  0.1866, -1.1348, -0.9482,  1.1035, -1.6406])"", ""class"": ""BatchNorm2d"", ""eps"": 0.001}","[[1, 128, 40, 40]]","[""torch.float32""]","[[1, 128, 40, 40]]",5.bn,forward,True,256,,1638400,,52,1.8434,1.5488,0.9626
6,9172ccf5a4d409fd,A2C2f,"{""class"": ""A2C2f""}","[[1, 128, 40, 40]]","[""torch.float32""]","[[1, 128, 40, 40]]",6,forward,False,181120,,1638400,,52,633.1902,641.0549,111.898
6.cv1,6cfe7a34bafabeb5,Conv,"{""class"": ""Conv""}","[[1, 128, 40, 40]]","[""torch.float32""]","[[1, 64, 40, 40]]",6.cv1,forward,False,8320,,1228800,,52,13.7778,14.5374,3.3087
6.cv1.conv,f3f458b49b7969ca,Conv2d,"{""bias"": null, ""class"": ""Conv2d"", ""dilation"": [1, 1], ""groups"": 1, ""in_channels"": 128, ""kernel_size"": [1, 1], ""out_channels"": 64, ""padding"": [0, 0], ""stride"": [1, 1]}","[[1, 128, 40, 40]]","[""torch.float32""]","[[1, 64, 40, 40]]",6.cv1.conv,forward,True,8192,13107200,1228800,10.6667,52,9.8944,10.234,2.494
6.cv1.bn,a9ac86f42aeead08,BatchNorm2d,"{""bias"": ""Parameter containing:\ntensor([ 2.0918,  1.6367,  0.9126,  1.1572,  1.7734,  1.5098, -1.0254,  2.5859,  2.6836,  1.5420,  1.9512,  1.9492,  1.5371, -0.4900,  1.5254,  2.5430,  2.1309,  1.7773,  2.5879,  1.5801,  2.0352, -0.2500,  1.4619,  1.5166,  1.5918,  1.2803,  0.8789, -0.6362,  1.8018,  2.1523,  0.4277, -0.0297,  1.5439,  1.0684,\n         2.3086,  1.6055,  1.9326,  1.7695,  1.2676,  1.6074,  2.0566,  1.9443, -0.4417,  1.3525,  1.7959,  3.5430,  0.7339,  0.6943,  2.5312,  1.9736,  1.1465,  2.3477,  1.8145,  1.9121, -0.6807,  2.1992,  2.0918,  1.6182,  1.0293,  1.0791,  1.8164,  1.1807,  1.7246,  2.6836])"", ""class"": ""BatchNorm2d"", ""eps"": 0.001}","[[1, 64, 40, 40]]","[""torch.float32""]","[[1, 64, 40, 40]]",6.cv1.bn,forward,True,128,,819200,,52,1.7355,1.5426,0.7982
6.cv2,681d054a72fa7eca,Conv,"{""class"": ""Conv""}","[[1, 192, 40, 40]]","[""torch.float32""]","[[1, 128, 40, 40]]",6.cv2,forward,False,24832,,2048000,,52,19.6961,19.1749,5.3479
6.cv2.conv,d50f04993f6b85af,Conv2d,"{""bias"": null, ""class"": ""Conv2d"", ""dilation"": [1, 1], ""groups"": 1, ""in_channels"": 192, ""kernel_size"": [1, 1], ""out_channels"": 128, ""padding"": [0, 0], ""stride"": [1, 1]}","[[1, 192, 40, 40]]","[""torch.float32""]","[[1, 128, 40, 40]]",6.cv2.conv,forward,True,24576,39321600,2048000,19.2,52,14.4818,14.1927,3.8576
6.cv2.bn,db724d0228ccd927,BatchNorm2d,"{""bias"": ""Parameter containing:\ntensor([-0.9326, -0.6045, -1.2334,  0.3967, -1.3721, -1.1904,  0.3701, -0.9067,  0.0148, -1.2314, -0.6074, -0.6753,  0.0814, -1.1104, -0.0709,  0.0970, -1.8408, -1.8301, -0.9810, -1.5547, -0.1396, -0.2159, -1.0322, -1.6309, -1.0039, -1.2959,  0.1763, -0.9961, -0.1541, -1.0078, -1.1494, -0.7715, -0.9175, -0.7329,\n        -0.4910, -0.7627, -0.3909, -0.9653,  0.1295, -1.9121, -0.7720, -0.3506, -0.4580, -1.6846, -0.6367, -1.7217,  0.4949, -0.2465, -1.0889, -0.2469, -1.0293, -1.3555, -0.0177,  0.7671, -0.5063,  0.3159, -1.3037, -0.1416, -0.3474, -0.5049, -1.1807, -0.6729, -0.5107, -0.9683, -0.3601, -0.7075, -0.2571, -1.1162,\n        -0.9248, -0.5859, -1.8887, -0.9683,  0.4463, -0.5210, -0.4792, -0.5210, -0.5840, -2.2832, -0.4707, -1.0488, -0.2123, -1.1270, -0.7603, -1.2148,  0.4028, -1.2383, -0.4072, -1.5068, -0.3313, -0.8052, -0.5098, -0.5151, -1.3564, -1.2715, -1.3359, -0.7593, -0.7305, -1.2441, -0.7998,  0.7500, -0.8779, -0.6416,\n        -1.3320, -0.8145, -0.3625, -0.3047, -1.3965, -1.4688, -0.2041, -0.2484, -0.9980, -0.8921, -0.6421,  0.7485, -1.3711,  0.5449, -1.5918, -0.9321, -1.3574, -0.9351, -1.3477, -0.4956, -0.8271, -0.8281, -1.5967, -0.8228, -0.9341, -0.8408])"", ""class"": ""BatchNorm2d"", ""eps"": 0.001}","[[1, 128, 40, 40]]","[""torch.float32""]","[[1, 128, 40, 40]]",6.cv2.bn,forward,True,256,,1638400,,52,2.1136,1.7916,1.2188
6.m.0,18c9e1ca6d7c782b,Sequential,"{""class"": ""Sequential""}","[[1, 64, 40, 40]]","[""torch.float32""]","[[1, 64, 40, 40]]",6.m.0,forward,False,73984,,819200,,52,290.5867,298.3042,58.153
6.m.0.0,2cb9db3f30aad934,ABlock,"{""class"": ""ABlock""}","[[1, 64, 40, 40]]","[""torch.float32""]","[[1, 64, 40, 40]]",6.m.0.0,forward,False,36992,,819200,,52,138.8069,141.8137,34.2811
6.m.0.0.attn,551ed4283b7328ba,AAttn,"{""class"": ""AAttn"", ""head_dim"": 32, ""num_heads"": 2}","[[1, 64, 40, 40]]","[""torch.float32""]","[[1, 64, 40, 40]]",6.m.0.0.attn,forward,False,20224,,819200,,52,106.4906,112.1347,26.9889
6.m.0.0.attn.qkv,779f8899e994d313,Conv,"{""class"": ""Conv""}","[[1, 64, 40, 40]]","[""torch.float32""]","[[1, 192, 40, 40]]",6.m.0.0.attn.qkv,forward,False,12672,,1638400,,52,14.37,14.5694,4.5346
6.m.0.0.attn.qkv.conv,61873b0ff9887a6c,Conv2d,"{""bias"": null, ""class"": ""Conv2d"", ""dilation"": [1, 1], ""groups"": 1, ""in_channels"": 64, ""kernel_size"": [1, 1], ""out_channels"": 192, ""padding"": [0, 0], ""stride"": [1, 1]}","[[1, 64, 40, 40]]","[""torch.float32""]","[[1, 192, 40, 40]]",6.m.0.0.attn.qkv.conv,forward,True,12288,19660800,1638400,12.0,52,11.8166,12.1008,3.6076
6.m.0.0.attn.qkv.bn,399308c76e70bcd7,BatchNorm2d,"{""bias"": ""Parameter containing:\ntensor([-7.9529e-02, -5.9814e-02, -4.8438e-01,  3.0176e-01, -1.2573e-01,  1.0195e+00, -1.8420e-01, -3.0054e-01,  5.9668e-01, -1.0098e+00, -2.5439e-01, -3.1909e-01,  2.8174e-01, -5.7471e-01,  3.5352e-01, -4.6411e-01,  2.5070e-02, -2.5439e-01, -6.5063e-02, -4.4775e-01,  2.8149e-01, -3.8208e-01, -2.3047e-01, -1.3062e-01,\n        -4.8071e-01, -6.1523e-01,  6.5771e-01, -1.7200e-01,  4.0063e-01, -7.3145e-01,  5.6152e-01,  5.9033e-01,  1.3123e-03, -3.6831e-03,  6.4545e-03,  6.1378e-03,  3.5667e-03, -5.6572e-03,  6.9962e-03,  2.3174e-03, -3.9101e-03,  5.6534e-03,  5.7869e-03, -5.1546e-04, -8.8644e-04,  3.1891e-03,  1.9302e-03,  6.2828e-03,\n         4.3907e-03,  3.2539e-03,  1.2388e-03,  5.1079e-03, -4.6539e-03,  5.7602e-03,  4.8485e-03, -2.8343e-03,  3.7670e-03,  5.7220e-03, -4.8409e-03, -4.6730e-03,  1.3714e-03, -4.2000e-03, -4.3793e-03,  3.4790e-03,  2.1393e-02,  1.7731e-02, -6.9336e-02,  1.9617e-01,  4.0955e-02,  3.4668e-01, -2.0215e-01,  1.0718e-01,\n         1.8884e-01,  2.9932e-01, -1.1768e-01,  2.1130e-01, -1.8906e-02, -5.9540e-02, -4.6051e-02, -2.6782e-01, -2.0789e-01, -1.4124e-01,  7.1655e-02,  5.0018e-02, -3.9551e-01, -1.5732e-02, -7.3059e-02,  2.7710e-01,  1.6345e-01,  3.9966e-01, -1.7090e-02,  7.4524e-02, -2.1484e-02,  6.6956e-02,  3.2715e-02, -4.4238e-01,\n        -2.2888e-01, -2.9517e-01,  1.1188e-01,  1.2988e-01, -3.4814e-01, -3.3325e-01, -1.7444e-01, -2.3291e-01, -1.4905e-01,  7.8711e-01, -1.6907e-01, -5.5762e-01,  1.2183e-01,  1.1603e-01, -5.0293e-01,  5.6641e-01, -1.9629e-01,  1.4982e-03, -1.0699e-01,  2.1045e-01,  1.7542e-01,  3.3838e-01, -4.1968e-01, -8.8867e-01,\n        -5.6055e-01, -1.5686e-01,  3.4570e-01, -3.3203e-01, -2.3193e-01,  3.7817e-01,  1.5222e-01,  7.5562e-02, -1.9255e-03, -2.9869e-03,  2.5806e-03,  1.0672e-03, -5.3883e-04,  2.3758e-04,  4.1656e-03,  2.1515e-03, -6.1455e-03,  2.7981e-03, -1.5497e-04,  3.0956e-03, -7.7248e-04,  2.5654e-03, -1.5345e-03, -3.2253e-03,\n        -2.1591e-03,  2.9354e-03, -5.8403e-03,  3.5095e-03, -4.2076e-03, -2.3308e-03,  1.4248e-03, -3.6755e-03,  5.5084e-03,  5.8289e-03, -1.7672e-03, -3.7651e-03,  3.8280e-03,  5.6877e-03, -1.9083e-03,  3.0174e-03,  1.5503e-01, -1.8848e-01, -7.2144e-02, -9.3994e-02,  1.2329e-02, -1.6919e-01, -2.6514e-01, -1.7371e-01,\n         1.0781e+00,  4.8120e-01, -2.2241e-01, -2.4048e-01,  2.7374e-02,  7.4585e-02,  2.6184e-02,  8.4167e-02,  4.6387e-02,  7.6294e-02, -4.8615e-02,  2.7881e-01, -9.7595e-02, -1.3220e-01,  1.7471e-02, -2.5439e-01,  2.1301e-01,  5.8545e-01,  5.7251e-02, -1.5479e-01,  2.9373e-02,  2.9999e-02, -2.1997e-01,  1.0364e-01])"", ""class"": ""BatchNorm2d"", ""eps"": 0.001}","[[1, 192, 40, 40]]","[""torch.float32""]","[[1, 192, 40, 40]]",6.m.0.0.attn.qkv.bn,forward,True,384,,2457600,,52,2.249,2.0907,1.1334
6.m.0.0.attn.qkv.act,7336f78fbd9d12a5,Identity,"{""class"": ""Identity""}","[[1, 192, 40, 40]]","[""torch.float32""]","[[1, 192, 40, 40]]",6.m.0.0.attn.qkv.act,forward,True,0,,2457600,,52,0.0083,0.0055,0.0061
6.m.0.0.attn.proj,779f8899e994d313,Conv,"{""class"": ""Conv""}","[[1, 64, 40, 40]]","[""torch.float32""]","[[1, 64, 40, 40]]",6.m.0.0.attn.proj,forward,False,4224,,819200,,52,7.3235,7.2046,2.46
6.m.0.0.attn.proj.conv,c4029d1f0f305d56,Conv2d,"{""bias"": null, ""class"": ""Conv2d"", ""dilation"": [1, 1], ""groups"": 1, ""in_channels"": 64, ""kernel_size"": [1, 1], ""out_channels"": 64, ""padding"": [0, 0], ""stride"": [1, 1]}","[[1, 64, 40, 40]]","[""torch.float32""]","[[1, 64, 40, 40]]",6.m.0.0.attn.proj.conv,forward,True,4096,6553600,819200,8.0,52,5.374,5.4306,1.7841
6.m.0.0.attn.proj.bn,a8c9f7df9304ceab,BatchNorm2d,"{""bias"": ""Parameter containing:\ntensor([ 1.8072e-04, -3.4952e-04, -1.7965e-04,  3.5143e-04,  1.4102e-04, -1.7571e-04,  1.3733e-04, -2.7180e-05, -1.9073e-06,  5.3692e-04, -5.7173e-04,  1.5485e-04,  8.9347e-05,  6.2644e-05,  3.9768e-04,  2.9492e-04, -7.0810e-04,  2.1720e-04,  1.6844e-04, -3.6001e-04, -1.6809e-04, -1.4043e-04,  7.7188e-05,  1.0133e-05,\n        -1.8132e-04, -1.5485e-04,  1.5962e-04, -2.9755e-04, -3.7622e-04, -1.4341e-04,  4.2498e-05,  8.8453e-05,  1.4377e-04, -2.2280e-04,  3.2091e-04, -1.6606e-04,  1.9884e-04,  8.2731e-05,  1.7560e-04, -2.6703e-04,  3.0446e-04,  6.5267e-05,  2.6059e-04,  1.1623e-04, -8.2433e-05, -5.5730e-05,  2.1625e-04,  3.6359e-04,\n        -1.3328e-04, -8.5950e-05,  1.4544e-04, -3.2234e-04, -1.0359e-04,  2.2602e-04, -2.3568e-04,  1.1253e-04, -3.6359e-04,  2.1577e-04,  6.9439e-05, -2.4486e-04, -2.0921e-05, -1.0931e-04,  7.5281e-05,  7.3731e-05])"", ""class"": ""BatchNorm2d"", ""eps"": 0.001}","[[1, 64, 40, 40]]","[""torch.float32""]","[[1, 64, 40, 40]]",6.m.0.0.attn.proj.bn,forward,True,128,,819200,,52,1.681,1.3707,0.9211
6.m.0.0.attn.proj.act,daf71f0b056d49fd,Identity,"{""class"": ""Identity""}","[[1, 64, 40, 40]]","[""torch.float32""]","[[1, 64, 40, 40]]",6.m.0.0.attn.proj.act,forward,True,0,,819200,,52,0.0068,0.0051,0.0057
6.m.0.0.attn.pe,779f8899e994d313,Conv,"{""class"": ""Conv""}","[[1, 64, 40, 40]]","[""torch.float32""]","[[1, 64, 40, 40]]",6.m.0.0.attn.pe,forward,False,3328,,819200,,52,9.6151,8.794,6.8649
6.m.0.0.attn.pe.conv,4cde599cdfc3778d,Conv2d,"{""bias"": ""Parameter containing:\ntensor([ 0.1096,  0.0560,  0.0618,  0.0912, -0.0019,  0.0289,  0.1195,  0.0959, -0.0487, -0.0083,  0.1364,  0.1361,  0.0296, -0.0361,  0.1189, -0.0480,  0.0581,  0.0196,  0.1043, -0.0178,  0.0836, -0.0272, -0.0096, -0.0974,  0.0399,  0.0651, -0.0773, -0.0360, -0.0564,  0.0464, -0.1290,  0.0580, -0.0950,  0.0693,\n        -0.0514, -0.0514, -0.1262,  0.0876,  0.0388, -0.1273,  0.0659, -0.0291, -0.0126,  0.0294,  0.1227,  0.0797,  0.0340, -0.0077, -0.0526,  0.1176,  0.1201,  0.0083, -0.1111,  0.1362, -0.0163,  0.0509,  0.0158, -0.0952,  0.0849, -0.0042,  0.0221,  0.0501,  0.0699,  0.0145])"", ""class"": ""Conv2d"", ""dilation"": [1, 1], ""groups"": 64, ""in_channels"": 64, ""kernel_size"": [7, 7], ""out_channels"": 64, ""padding"": [3, 3], ""stride"": [1, 1]}","[[1, 64, 40, 40]]","[""torch.float32""]","[[1, 64, 40, 40]]",6.m.0.0.attn.pe.conv,forward,True,3200,5017600,819200,6.125,52,6.7118,6.8749,2.4632
6.m.0.0.attn.pe.bn,0f4813d2e8deccdd,BatchNorm2d,"{""bias"": ""Parameter containing:\ntensor([ 9.7752e-06,  3.3200e-05,  4.4763e-05,  2.4259e-05, -6.1393e-06,  5.6028e-06, -5.2214e-05, -7.1526e-06, -7.6532e-05, -1.6749e-05, -3.3319e-05, -2.2411e-05,  1.7762e-05,  2.9981e-05, -6.4194e-05, -1.5497e-06,  1.2100e-05, -3.2187e-06,  1.4925e-04, -4.4525e-05, -1.9073e-05, -3.4988e-05, -3.6895e-05,  4.2975e-05,\n        -6.0916e-05,  9.4771e-06, -6.5684e-05, -6.3181e-05, -2.0862e-05, -5.7876e-05,  1.0401e-04, -1.2243e-04, -5.1081e-05,  4.6670e-05,  5.5432e-06,  2.8849e-05, -2.6882e-05, -4.2737e-05,  2.0623e-05, -6.8724e-05, -1.3113e-05, -5.2631e-05, -5.0008e-05,  3.9995e-05,  6.6519e-05, -2.6226e-06,  1.9908e-05,  9.4354e-05,\n         3.4332e-05,  2.7180e-05, -7.8559e-05, -5.4777e-05,  4.3511e-05, -1.5557e-04,  5.0187e-05, -6.7413e-05,  1.6093e-05, -6.9141e-05,  6.5506e-05,  2.6047e-05, -7.6354e-05,  1.8477e-05,  6.1393e-06, -5.3704e-05])"", ""class"": ""BatchNorm2d"", ""eps"": 0.001}","[[1, 64, 40, 40]]","[""torch.float32""]","[[1, 64, 40, 40]]",6.m.0.0.attn.pe.bn,forward,True,128,,819200,,52,2.6038,1.5405,5.926
6.m.0.0.attn.pe.act,daf71f0b056d49fd,Identity,"{""class"": ""Identity""}","[[1, 64, 40, 40]]","[""torch.float32""]","[[1, 64, 40, 40]]",6.m.0.0.attn.pe.act,forward,True,0,,819200,,52,0.0058,0.0052,0.0021
6.m.0.0.mlp,18c9e1ca6d7c782b,Sequential,"{""class"": ""Sequential""}","[[1, 64, 40, 40]]","[""torch.float32""]","[[1, 64, 40, 40]]",6.m.0.0.mlp,forward,False,16768,,819200,,52,27.9723,27.8041,9.11
6.m.0.0.mlp.0,779f8899e994d313,Conv,"{""class"": ""Conv""}","[[1, 64, 40, 40]]","[""torch.float32""]","[[1, 128, 40, 40]]",6.m.0.0.mlp.0,forward,False,8448,,1228800,,52,15.496,15.4877,5.4202
6.m.0.0.mlp.0.conv,5d9e6373d6da34f8,Conv2d,"{""bias"": null, ""class"": ""Conv2d"", ""dilation"": [1, 1], ""groups"": 1, ""in_channels"": 64, ""kernel_size"": [1, 1], ""out_channels"": 128, ""padding"": [0, 0], ""stride"": [1, 1]}","[[1, 64, 40, 40]]","[""torch.float32""]","[[1, 128, 40, 40]]",6.m.0.0.mlp.0.conv,forward,True,8192,13107200,1228800,10.6667,52,10.8689,11.0647,3.8389
6.m.0.0.mlp.0.bn,b688f72f773e8a48,BatchNorm2d,"{""bias"": ""Parameter containing:\ntensor([-1.2109, -1.3506, -0.8950, -1.4023, -1.3359, -1.3105, -0.8315, -0.8540, -0.9736, -0.9849, -1.7959, -1.9512, -0.5151, -1.5068, -1.2148, -1.4814, -1.3535, -0.8418, -1.5645, -1.0869, -1.3867, -1.6299, -0.7119, -1.4912, -1.4355, -1.7197, -1.0234, -0.9648, -1.0547, -0.7554, -1.0928, -1.0352, -1.2656, -0.9248,\n        -0.7861, -1.0674, -0.7661, -1.7041, -0.8696, -1.2061, -1.4365, -1.3037, -1.3486, -0.9170, -1.5625, -1.2656, -1.2197, -1.1875, -1.1465, -1.1025, -1.1611, -1.5820, -1.4658, -1.5420, -0.9634, -1.6182, -1.2324, -1.8574, -0.6460, -0.7949, -1.0439, -0.8789, -1.2119, -1.2881, -1.6230, -1.2559, -1.3193, -1.4922,\n        -1.1357, -1.4209, -0.7915, -0.5874, -0.7510, -1.1924, -1.8936, -1.3516, -1.8389, -1.1055, -1.5820, -1.0566, -0.8149, -1.3428, -1.3389, -0.9678, -0.8428, -0.7241, -1.3564, -1.3008, -1.0312, -1.3359, -1.3594, -0.6572, -1.4814, -1.3809, -0.9531, -1.1973, -1.1807, -1.2061, -0.8037, -1.7090, -1.5000, -1.0908,\n        -1.3340, -0.9565, -1.3887, -0.9170, -0.9668, -0.9087, -1.2295, -1.5654, -1.1035, -1.2002, -1.5010, -1.1797, -1.3066, -0.5049, -0.9365, -1.0723, -0.8413, -0.4563, -1.2344, -0.8594, -1.1387, -1.5771, -0.6475, -1.1895, -2.7617, -1.2559])"", ""class"": ""BatchNorm2d"", ""eps"": 0.001}","[[1, 128, 40, 40]]","[""torch.float32""]","[[1, 128, 40, 40]]",6.m.0.0.mlp.0.bn,forward,True,256,,1638400,,52,2.0637,1.6608,1.7703
6.m.0.0.mlp.1,6cfe7a34bafabeb5,Conv,"{""class"": ""Conv""}","[[1, 128, 40, 40]]","[""torch.float32""]","[[1, 64, 40, 40]]",6.m.0.0.mlp.1,forward,False,8320,,1228800,,52,12.3157,12.1627,4.4079
6.m.0.0.mlp.1.conv,f3f458b49b7969ca,Conv2d,"{""bias"": null, ""class"": ""Conv2d"", ""dilation"": [1, 1], ""groups"": 1, ""in_channels"": 128, ""kernel_size"": [1, 1], ""out_channels"": 64, ""padding"": [0, 0], ""stride"": [1, 1]}","[[1, 128, 40, 40]]","[""torch.float32""]","[[1, 64, 40, 40]]",6.m.0.0.mlp.1.conv,forward,True,8192,13107200,1228800,10.6667,52,10.2719,10.3677,3.8045
6.m.0.0.mlp.1.bn,a69dbd86e30db3fc,BatchNorm2d,"{""bias"": ""Parameter containing:\ntensor([ 1.7846e-04, -4.5276e-04, -2.2328e-04,  5.3120e-04,  9.1493e-05, -2.4462e-04,  1.7107e-04, -6.3837e-05,  1.3924e-04,  4.1604e-04, -6.2323e-04,  9.7752e-05,  8.4043e-05,  1.2267e-04,  3.0160e-04,  1.1426e-04, -6.4421e-04,  2.2066e-04,  1.2970e-04, -2.5034e-04, -2.3639e-04, -1.4496e-04,  1.0312e-04,  4.4823e-05,\n        -2.9802e-04, -1.7464e-04,  1.6296e-04, -2.7537e-04, -2.9469e-04, -1.1265e-04,  8.7559e-05,  1.3685e-04,  1.3924e-04, -2.5463e-04,  2.7084e-04, -2.7895e-04,  1.9360e-04, -2.5213e-05,  1.3804e-04, -2.7943e-04,  2.8896e-04,  1.6510e-05,  2.1851e-04,  4.7863e-05, -1.1581e-04, -1.2696e-05,  2.5177e-04,  2.8086e-04,\n        -1.6737e-04, -6.9201e-05,  9.1672e-05, -2.6441e-04, -1.3530e-05,  2.2745e-04, -2.7609e-04,  1.1808e-04, -2.2757e-04,  9.3281e-05,  4.8637e-05, -2.9182e-04, -4.8816e-05, -1.5092e-04, -2.5034e-06, -1.0729e-05])"", ""class"": ""BatchNorm2d"", ""eps"": 0.001}","[[1, 64, 40, 40]]","[""torch.float32""]","[[1, 64, 40, 40]]",6.m.0.0.mlp.1.bn,forward,True,128,,819200,,52,1.7423,1.4864,1.0717
6.m.0.0.mlp.1.act,daf71f0b056d49fd,Identity,"{""class"": ""Identity""}","[[1, 64, 40, 40]]","[""torch.float32""]","[[1, 64, 40, 40]]",6.m.0.0.mlp.1.act,forward,True,0,,819200,,52,0.0076,0.0054,0.0058
6.m.0.1,2cb9db3f30aad934,ABlock,"{""class"": ""ABlock""}","[[1, 64, 40, 40]]","[""torch.float32""]","[[1, 64, 40, 40]]",6.m.0.1,forward,False,36992,,819200,,52,151.5961,149.3866,32.0724
6.m.0.1.attn,551ed4283b7328ba,AAttn,"{""class"": ""AAttn"", ""head_dim"": 32, ""num_heads"": 2}","[[1, 64, 40, 40]]","[""torch.float32""]","[[1, 64, 40, 40]]",6.m.0.1.attn,forward,False,20224,,819200,,52,117.1248,116.3524,25.9171
6.m.0.1.attn.qkv,779f8899e994d313,Conv,"{""class"": ""Conv""}","[[1, 64, 40, 40]]","[""torch.float32""]","[[1, 192, 40, 40]]",6.m.0.1.attn.qkv,forward,False,12672,,1638400,,52,15.0559,14.7889,4.3147
6.m.0.1.attn.qkv.conv,61873b0ff9887a6c,Conv2d,"{""bias"": null, ""class"": ""Conv2d"", ""dilation"": [1, 1], ""groups"": 1, ""in_channels"": 64, ""kernel_size"": [1, 1], ""out_channels"": 192, ""padding"": [0, 0], ""stride"": [1, 1]}","[[1, 64, 40, 40]]","[""torch.float32""]","[[1, 192, 40, 40]]",6.m.0.1.attn.qkv.conv,forward,True,12288,19660800,1638400,12.0,52,12.4458,12.3224,3.7375
6.m.0.1.attn.qkv.bn,0c828effe1326af0,BatchNorm2d,"{""bias"": ""Parameter containing:\ntensor([ 1.4893e-01,  5.1123e-01, -4.3774e-01, -1.4043e+00,  6.2402e-01, -2.3560e-01, -4.7290e-01, -1.4512e+00,  9.7168e-02, -5.1221e-01,  1.1113e+00, -4.7607e-01, -5.3516e-01,  5.8594e-02,  5.3406e-02,  1.7053e-01,  4.2798e-01,  1.1855e+00, -1.5540e-01,  6.2256e-01, -9.3799e-01,  1.0869e+00, -4.7217e-01,  5.7080e-01,\n        -1.3123e-01,  7.0752e-01,  7.0068e-01,  3.3008e-01,  3.4302e-01, -7.0752e-01, -8.2910e-01,  5.3369e-01, -1.3718e-02, -1.4221e-02,  2.2491e-02,  1.6174e-02, -1.7731e-02,  5.4436e-03, -6.2790e-03,  2.8152e-02, -6.9923e-03,  1.5259e-02, -1.0651e-02,  1.3435e-02,  5.5962e-03,  2.1362e-03,  1.3710e-02, -1.3075e-03,\n        -1.2047e-02, -2.0889e-02,  1.8234e-02,  2.2488e-03,  1.3504e-02, -2.8015e-02,  1.0216e-02, -2.3529e-02, -1.0700e-03,  9.3842e-03, -1.6388e-02,  2.2507e-02, -6.7177e-03,  1.3535e-02,  2.1756e-04, -1.4694e-02,  2.1477e-03,  1.4307e-01,  1.9568e-01, -1.4771e-01,  1.5894e-01, -1.7090e-01, -9.4849e-02,  1.3831e-01,\n        -3.6346e-02,  2.5293e-01, -4.0405e-02, -1.4636e-01, -1.0474e-01, -1.8591e-01, -8.4167e-02,  2.0239e-01, -2.8534e-02,  6.9092e-02, -1.7749e-01,  1.9177e-01,  1.0368e-02, -8.2031e-02,  4.8071e-01, -3.6285e-02, -3.0640e-01, -3.1708e-02,  1.0901e-01,  4.9048e-01,  1.8872e-01,  1.1283e-04,  1.4050e-01, -3.7769e-01,\n         6.8994e-01,  8.0273e-01,  1.0992e-01,  4.3042e-01, -3.9453e-01, -3.6328e-01,  2.2339e-02, -9.4604e-03,  9.0759e-02, -4.3140e-01, -3.4937e-01, -3.6597e-01,  1.4668e+00, -8.3301e-01,  4.7900e-01, -1.7578e-02, -1.6045e+00, -2.8271e-01, -1.4404e+00,  7.0117e-01,  1.3403e-01, -9.4629e-01,  7.2803e-01, -9.9915e-02,\n         5.7129e-01,  3.3691e-01, -6.9092e-01, -6.7090e-01, -4.0991e-01, -3.5339e-02,  3.8159e-01, -2.5439e-01,  3.8338e-04, -1.1101e-02,  7.1335e-03, -1.9363e-02,  7.9269e-03,  7.4997e-03, -7.6523e-03,  1.6983e-02,  1.4563e-03,  1.7029e-02,  1.1139e-02,  3.1357e-03, -9.9869e-03,  9.1324e-03, -5.7755e-03, -9.1934e-03,\n        -2.8687e-03, -3.2120e-03,  1.3618e-02, -6.8321e-03,  6.8169e-03,  4.3983e-03,  2.1095e-03,  2.3365e-03, -9.3002e-03, -3.3092e-03,  2.2385e-02, -1.2505e-02,  1.6451e-03, -5.2109e-03, -4.8256e-03, -7.4196e-03, -5.6763e-02, -6.2408e-02,  2.2339e-02,  9.2041e-02,  3.6072e-02,  1.4481e-02, -1.2482e-01,  7.5806e-02,\n        -1.0876e-01,  2.4796e-03, -1.1957e-01, -3.2397e-01, -2.4551e-02,  4.0967e-01, -4.9286e-03, -6.3049e-02, -6.5979e-02, -1.3664e-02, -3.0029e-02, -1.3293e-01,  3.4155e-01,  5.6763e-02,  7.4707e-02,  1.0828e-01, -1.0750e-02, -4.6906e-02, -5.8044e-02, -3.9520e-02, -1.7993e-01,  8.1970e-02, -4.1687e-02,  2.6550e-02])"", ""class"": ""BatchNorm2d"", ""eps"": 0.001}","[[1, 192, 40, 40]]","[""torch.float32""]","[[1, 192, 40, 40]]",6.m.0.1.attn.qkv.bn,forward,True,384,,2457600,,52,2.1912,1.8952,1.1091
6.m.0.1.attn.qkv.act,7336f78fbd9d12a5,Identity,"{""class"": ""Identity""}","[[1, 192, 40, 40]]","[""torch.float32""]","[[1, 192, 40, 40]]",6.m.0.1.attn.qkv.act,forward,True,0,,2457600,,52,0.0065,0.0057,0.003
6.m.0.1.attn.proj,779f8899e994d313,Conv,"{""class"": ""Conv""}","[[1, 64, 40, 40]]","[""torch.float32""]","[[1, 64, 40, 40]]",6.m.0.1.attn.proj,forward,False,4224,,819200,,52,12.7276,12.6339,4.1235
6.m.0.1.attn.proj.conv,c4029d1f0f305d56,Conv2d,"{""bias"": null, ""class"": ""Conv2d"", ""dilation"": [1, 1], ""groups"": 1, ""in_channels"": 64, ""kernel_size"": [1, 1], ""out_channels"": 64, ""padding"": [0, 0], ""stride"": [1, 1]}","[[1, 64, 40, 40]]","[""torch.float32""]","[[1, 64, 40, 40]]",6.m.0.1.attn.proj.conv,forward,True,4096,6553600,819200,8.0,52,10.7491,10.1278,3.8107
6.m.0.1.attn.proj.bn,6cdebfef97b756ea,BatchNorm2d,"{""bias"": ""Parameter containing:\ntensor([ 8.5771e-05, -4.8542e-04, -1.2422e-04,  4.2319e-04,  1.9491e-04, -3.3593e-04, -9.1791e-05, -8.0824e-05,  2.8706e-04,  3.0899e-04, -5.0354e-04, -2.6345e-05, -1.4400e-04,  1.9181e-04,  2.1780e-04,  1.3709e-04, -5.5981e-04,  1.5295e-04,  1.7583e-04, -1.4591e-04, -1.9848e-04, -1.7166e-04,  1.7881e-04,  3.0756e-05,\n        -1.3673e-04, -1.9908e-04, -1.4257e-04, -1.5688e-04, -2.5272e-04, -2.6703e-04,  1.0562e-04,  1.5974e-04, -1.8120e-05,  4.3213e-05,  2.6917e-04, -4.0483e-04,  8.8274e-05,  1.1331e-04,  2.9492e-04, -2.1994e-04,  1.7214e-04,  5.6207e-05,  7.8857e-05,  3.6120e-05, -2.2411e-05, -1.1826e-04,  2.0099e-04,  1.5914e-04,\n        -1.9217e-04, -1.2660e-04,  1.1104e-04, -2.9898e-04, -3.4213e-05,  1.4341e-04, -1.5271e-04,  2.2268e-04, -1.1373e-04,  5.8472e-05,  1.5676e-05, -2.8419e-04, -2.2233e-05, -8.5235e-06, -5.4836e-05, -2.3425e-05])"", ""class"": ""BatchNorm2d"", ""eps"": 0.001}","[[1, 64, 40, 40]]","[""torch.float32""]","[[1, 64, 40, 40]]",6.m.0.1.attn.proj.bn,forward,True,128,,819200,,52,1.6811,1.5909,0.557
6.m.0.1.attn.proj.act,daf71f0b056d49fd,Identity,"{""class"": ""Identity""}","[[1, 64, 40, 40]]","[""torch.float32""]","[[1, 64, 40, 40]]",6.m.0.1.attn.proj.act,forward,True,0,,819200,,52,0.0063,0.005,0.0036
6.m.0.1.attn.pe,779f8899e994d313,Conv,"{""class"": ""Conv""}","[[1, 64, 40, 40]]","[""torch.float32""]","[[1, 64, 40, 40]]",6.m.0.1.attn.pe,forward,False,3328,,819200,,52,12.6377,12.7411,2.8521
6.m.0.1.attn.pe.conv,f7adcd4315ca45d8,Conv2d,"{""bias"": ""Parameter containing:\ntensor([-0.1326,  0.1231,  0.0863, -0.0763, -0.0518, -0.1113,  0.1287, -0.0469, -0.0263,  0.0555,  0.1010, -0.0689,  0.1414, -0.0165, -0.0820, -0.1283, -0.0221,  0.1084, -0.0541,  0.0851,  0.0957, -0.1304,  0.1425, -0.0787,  0.0768, -0.1075,  0.0317, -0.1195,  0.0757,  0.0563, -0.1307,  0.1156, -0.0950,  0.0049,\n         0.1311,  0.0165,  0.1084, -0.1335,  0.0346,  0.0645, -0.0122, -0.1268, -0.0047, -0.0577,  0.1310, -0.0463, -0.0025, -0.0798,  0.1042, -0.0850, -0.1066,  0.0140,  0.0908,  0.1130, -0.0166,  0.1096,  0.0713, -0.0369, -0.0945, -0.1107, -0.0840, -0.0500, -0.1133,  0.1089])"", ""class"": ""Conv2d"", ""dilation"": [1, 1], ""groups"": 64, ""in_channels"": 64, ""kernel_size"": [7, 7], ""out_channels"": 64, ""padding"": [3, 3], ""stride"": [1, 1]}","[[1, 64, 40, 40]]","[""torch.float32""]","[[1, 64, 40, 40]]",6.m.0.1.attn.pe.conv,forward,True,3200,5017600,819200,6.125,52,10.5963,10.6067,2.6277
6.m.0.1.attn.pe.bn,fe55861d8edad304,BatchNorm2d,"{""bias"": ""Parameter containing:\ntensor([ 9.2983e-06,  2.6882e-05, -4.0472e-05,  2.0802e-05,  7.1049e-05,  4.5896e-05,  5.3108e-05, -1.9073e-05,  3.0696e-05,  3.6299e-05, -6.0260e-05, -3.3200e-05,  1.0431e-05,  2.0862e-05, -7.7605e-05, -9.2387e-06,  1.1742e-05,  3.4809e-05,  2.6822e-06, -5.5611e-05,  1.7011e-04, -1.1325e-06, -2.9922e-05,  5.7817e-06,\n         2.0504e-05, -1.0312e-05, -5.5492e-05, -4.5598e-05,  5.0366e-05,  3.9816e-05, -2.2948e-05, -1.6630e-05, -6.0201e-06, -9.0241e-05,  9.2387e-05,  3.7074e-05,  3.9935e-06,  6.1214e-05,  3.0279e-05, -5.4777e-05,  5.6744e-05, -3.7074e-05,  5.8293e-05,  1.6212e-05,  2.8729e-05,  1.3411e-05,  9.2447e-05, -6.6400e-05,\n        -6.4969e-05,  5.2989e-05,  5.9605e-07,  1.0169e-04, -1.1098e-04, -2.9445e-05, -3.0577e-05,  3.2425e-05, -1.6570e-05,  6.5506e-05, -6.3002e-05, -3.7551e-05, -4.3273e-05,  1.5199e-05, -3.9935e-06,  4.3571e-05])"", ""class"": ""BatchNorm2d"", ""eps"": 0.001}","[[1, 64, 40, 40]]","[""torch.float32""]","[[1, 64, 40, 40]]",6.m.0.1.attn.pe.bn,forward,True,128,,819200,,52,1.7441,1.6437,0.8452
6.m.0.1.attn.pe.act,daf71f0b056d49fd,Identity,"{""class"": ""Identity""}","[[1, 64, 40, 40]]","[""torch.float32""]","[[1, 64, 40, 40]]",6.m.0.1.attn.pe.act,forward,True,0,,819200,,52,0.0082,0.006,0.0056
6.m.0.1.mlp,18c9e1ca6d7c782b,Sequential,"{""class"": ""Sequential""}","[[1, 64, 40, 40]]","[""torch.float32""]","[[1, 64, 40, 40]]",6.m.0.1.mlp,forward,False,16768,,819200,,52,29.9936,28.9228,10.3831
6.m.0.1.mlp.0,779f8899e994d313,Conv,"{""class"": ""Conv""}","[[1, 64, 40, 40]]","[""torch.float32""]","[[1, 128, 40, 40]]",6.m.0.1.mlp.0,forward,False,8448,,1228800,,52,16.8795,16.2705,4.806
6.m.0.1.mlp.0.conv,5d9e6373d6da34f8,Conv2d,"{""bias"": null, ""class"": ""Conv2d"", ""dilation"": [1, 1], ""groups"": 1, ""in_channels"": 64, ""kernel_size"": [1, 1], ""out_channels"": 128, ""padding"": [0, 0], ""stride"": [1, 1]}","[[1, 64, 40, 40]]","[""torch.float32""]","[[1, 128, 40, 40]]",6.m.0.1.mlp.0.conv,forward,True,8192,13107200,1228800,10.6667,52,11.7386,11.2698,3.5949
6.m.0.1.mlp.0.bn,76fa46670e381138,BatchNorm2d,"{""bias"": ""Parameter containing:\ntensor([-0.8857, -0.7944, -1.1416, -1.6230, -1.2129, -1.0195, -0.7715, -0.9873, -1.3760, -1.1553, -1.4707, -1.3809, -1.4902, -0.3350, -0.8252, -1.1094, -1.1660, -1.3086, -1.2949, -1.6064, -1.4990, -1.9121, -1.3232, -0.9302, -1.5361, -1.0088, -1.1318, -1.2334, -1.3359, -1.3447, -0.8589, -1.7705, -1.1406, -0.9912,\n        -1.6279, -0.9888, -1.0254, -1.3584, -1.2227, -1.3213, -1.4902, -1.8604, -0.8833, -1.2881, -1.3428, -1.3262, -1.3418, -1.1123, -1.1641, -1.2217, -1.2148, -1.0449, -1.3926, -1.2256, -1.0801, -1.4580, -1.4453, -0.8149, -1.1816, -1.5703, -0.9062, -1.8018, -1.0693, -1.0303, -1.3486, -1.1611, -1.7861, -1.6387,\n        -1.4717, -1.3740, -1.2568, -0.8701, -1.3750, -1.3037, -1.3535, -1.6602, -1.5547, -1.1709, -1.2021, -1.5039, -1.1777, -1.3848, -1.2803, -0.8477, -1.5322, -1.2627, -2.0547, -1.4746, -1.2568, -1.4238, -1.6279, -1.1602, -1.3857, -1.4844, -1.5488, -1.6074, -1.1221, -1.9658, -1.2627, -0.9492, -0.9238, -1.0850,\n        -1.5146, -0.9438, -1.1113, -1.0518, -1.0967, -1.3447, -1.5430, -1.2461, -1.1523, -1.4229, -1.2373, -1.6270, -1.0186, -1.3359, -1.0508, -1.4307, -0.9473, -1.3252, -1.4053, -1.6631, -1.1426, -1.2881, -1.2227, -1.0576, -0.7700, -1.2930])"", ""class"": ""BatchNorm2d"", ""eps"": 0.001}","[[1, 128, 40, 40]]","[""torch.float32""]","[[1, 128, 40, 40]]",6.m.0.1.mlp.0.bn,forward,True,256,,1638400,,52,1.9078,1.8043,0.8725
6.m.0.1.mlp.1,6cfe7a34bafabeb5,Conv,"{""class"": ""Conv""}","[[1, 128, 40, 40]]","[""torch.float32""]","[[1, 64, 40, 40]]",6.m.0.1.mlp.1,forward,False,8320,,1228800,,52,12.9027,12.3059,6.5885
6.m.0.1.mlp.1.conv,f3f458b49b7969ca,Conv2d,"{""bias"": null, ""class"": ""Conv2d"", ""dilation"": [1, 1], ""groups"": 1, ""in_channels"": 128, ""kernel_size"": [1, 1], ""out_channels"": 64, ""padding"": [0, 0], ""stride"": [1, 1]}","[[1, 128, 40, 40]]","[""torch.float32""]","[[1, 64, 40, 40]]",6.m.0.1.mlp.1.conv,forward,True,8192,13107200,1228800,10.6667,52,10.998,10.4523,6.4779
6.m.0.1.mlp.1.bn,5ca279c285c41474,BatchNorm2d,"{""bias"": ""Parameter containing:\ntensor([ 1.0598e-04, -4.6110e-04, -5.5432e-05,  4.2701e-04,  1.8430e-04, -2.7132e-04, -3.7730e-05, -1.4937e-04,  2.8038e-04,  3.0732e-04, -3.5620e-04,  1.8477e-06, -1.2958e-04,  1.2863e-04,  1.8919e-04,  2.0266e-05, -4.8447e-04,  1.3804e-04,  1.7679e-04, -1.3435e-04, -2.1684e-04, -1.5593e-04,  2.1243e-04,  6.8605e-05,\n        -1.0866e-04, -1.5724e-04, -1.4150e-04, -1.5533e-04, -1.7488e-04, -1.9419e-04,  1.6165e-04,  9.9957e-05, -7.9870e-06,  5.8055e-05,  2.7347e-04, -3.8028e-04,  8.2850e-06,  9.7275e-05,  2.6417e-04, -1.6308e-04,  1.4377e-04,  3.5882e-05,  1.2112e-04,  5.5969e-05,  2.6464e-05, -1.0800e-04,  1.7965e-04,  1.3435e-04,\n        -2.2066e-04, -1.3208e-04,  1.9538e-04, -2.3663e-04, -5.6028e-06,  1.3852e-04, -9.1136e-05,  1.6391e-04, -1.2493e-04,  1.7285e-06,  4.4346e-05, -2.9254e-04,  2.0027e-05,  4.7624e-05,  2.6047e-05, -6.7949e-05])"", ""class"": ""BatchNorm2d"", ""eps"": 0.001}","[[1, 64, 40, 40]]","[""torch.float32""]","[[1, 64, 40, 40]]",6.m.0.1.mlp.1.bn,forward,True,128,,819200,,52,1.6159,1.573,0.5177
6.m.0.1.mlp.1.act,daf71f0b056d49fd,Identity,"{""class"": ""Identity""}","[[1, 64, 40, 40]]","[""torch.float32""]","[[1, 64, 40, 40]]",6.m.0.1.mlp.1.act,forward,True,0,,819200,,52,0.0072,0.0051,0.0061
6.m.1,18c9e1ca6d7c782b,Sequential,"{""class"": ""Sequential""}","[[1, 64, 40, 40]]","[""torch.float32""]","[[1, 64, 40, 40]]",6.m.1,forward,False,73984,,819200,,52,303.7109,303.8291,62.0685
6.m.1.0,2cb9db3f30aad934,ABlock,"{""class"": ""ABlock""}","[[1, 64, 40, 40]]","[""torch.float32""]","[[1, 64, 40, 40]]",6.m.1.0,forward,False,36992,,819200,,52,152.7467,148.2235,45.9441
6.m.1.0.attn,551ed4283b7328ba,AAttn,"{""class"": ""AAttn"", ""head_dim"": 32, ""num_heads"": 2}","[[1, 64, 40, 40]]","[""torch.float32""]","[[1, 64, 40, 40]]",6.m.1.0.attn,forward,False,20224,,819200,,52,119.9461,117.0116,43.0382
6.m.1.0.attn.qkv,779f8899e994d313,Conv,"{""class"": ""Conv""}","[[1, 64, 40, 40]]","[""torch.float32""]","[[1, 192, 40, 40]]",6.m.1.0.attn.qkv,forward,False,12672,,1638400,,52,14.9017,14.3066,4.7839
6.m.1.0.attn.qkv.conv,61873b0ff9887a6c,Conv2d,"{""bias"": null, ""class"": ""Conv2d"", ""dilation"": [1, 1], ""groups"": 1, ""in_channels"": 64, ""kernel_size"": [1, 1], ""out_channels"": 192, ""padding"": [0, 0], ""stride"": [1, 1]}","[[1, 64, 40, 40]]","[""torch.float32""]","[[1, 192, 40, 40]]",6.m.1.0.attn.qkv.conv,forward,True,12288,19660800,1638400,12.0,52,12.5578,11.765,4.5645
6.m.1.0.attn.qkv.bn,2231c2745d724279,BatchNorm2d,"{""bias"": ""Parameter containing:\ntensor([ 3.5986e-01, -3.9575e-01,  4.1821e-01, -5.7422e-01, -4.8682e-01, -3.0591e-01,  3.3356e-02, -1.6553e-01, -7.3926e-01, -4.1040e-01, -5.6348e-01, -3.1738e-02,  3.4106e-01, -3.4717e-01,  1.4966e-01,  2.9297e-01,  5.0732e-01, -2.4365e-01, -1.1426e+00,  3.5059e-01, -1.5564e-01, -6.8054e-02,  4.2407e-01, -3.0493e-01,\n        -6.5369e-02,  5.3027e-01,  3.7036e-01,  3.1177e-01,  2.4231e-01,  4.4165e-01,  2.5122e-01,  6.3538e-02, -5.8556e-03,  1.2329e-02, -2.2339e-02,  1.3870e-02,  9.3508e-04,  8.7891e-03, -9.6207e-03,  8.2550e-03, -2.0008e-03,  1.1093e-02,  1.0513e-02,  5.9395e-03,  4.5037e-04, -1.8501e-03, -1.5129e-02,  1.6785e-02,\n        -2.2232e-02,  4.7531e-03,  1.6342e-02,  3.1204e-03,  6.2981e-03,  5.7526e-03, -1.5869e-02,  1.6403e-02, -1.0101e-02, -1.8585e-02, -1.8158e-02, -3.2711e-03, -5.8632e-03, -8.9111e-03, -1.1711e-02, -3.9368e-03, -1.2988e-01, -1.0107e-01,  2.1240e-01, -1.1456e-01,  7.2815e-02, -3.8794e-01,  2.0105e-01,  2.3572e-01,\n        -1.2183e-01,  7.0229e-03, -1.4099e-01,  4.1431e-01,  3.9917e-01,  3.2013e-02,  2.2400e-01,  1.9324e-01,  2.5781e-01, -9.8633e-02,  2.5116e-02, -6.2549e-01, -2.1393e-02,  4.3396e-02,  1.9202e-01,  1.5283e-01, -2.2681e-01, -4.4617e-02, -1.8225e-01, -4.5874e-01, -2.2168e-01, -8.1658e-06, -7.4768e-02, -1.0815e-01,\n        -2.0679e-01, -5.3955e-01,  4.6436e-01, -1.8762e-01,  4.6045e-01,  1.2924e-02, -6.1676e-02, -6.1816e-01,  3.5986e-01, -2.9883e-01, -2.3401e-01, -1.0394e-01, -1.2927e-01,  3.6841e-01,  1.3290e-02,  1.9189e-01,  2.5415e-01,  3.1152e-01,  4.3457e-01,  3.5248e-02, -3.9697e-01, -7.3120e-02,  4.2456e-01, -1.8646e-02,\n         5.3223e-02,  2.4768e-01,  3.4644e-01,  9.4788e-02,  2.4097e-01,  6.8799e-01,  7.9492e-01, -6.6260e-01,  6.0921e-03,  1.3514e-03, -1.7557e-03, -3.4981e-03, -3.4790e-03, -2.0084e-03, -3.0174e-03,  1.2226e-03, -3.6550e-04,  5.0020e-04, -3.6354e-03, -8.0109e-03,  2.3060e-03,  1.1925e-02, -8.0795e-03, -9.1476e-03,\n         1.0862e-03, -5.2948e-03, -9.7809e-03,  1.2875e-03,  4.5090e-03,  7.6599e-03,  4.5204e-03, -2.9411e-03, -5.1003e-03, -5.5885e-03,  1.2131e-02, -3.0117e-03,  1.6296e-02,  1.1230e-02,  9.8877e-03,  1.6232e-03, -1.5149e-01,  1.9348e-01,  2.0776e-01, -2.7786e-02,  1.2764e+00, -3.7598e-01,  3.3765e-01, -4.3896e-01,\n         5.8691e-01,  5.0781e-02, -3.1665e-01,  1.5588e-01, -5.7373e-01, -4.7150e-02, -1.2390e-02,  4.7638e-02, -2.8076e-01,  9.3323e-02,  1.7676e-01,  3.6548e-01, -2.9663e-01, -8.2825e-02, -1.1542e-01, -2.7783e-01, -3.5132e-01, -3.5309e-02,  2.8979e-01,  2.4414e-01,  5.6076e-03, -1.6711e-01, -1.9507e-01, -2.0044e-01])"", ""class"": ""BatchNorm2d"", ""eps"": 0.001}","[[1, 192, 40, 40]]","[""torch.float32""]","[[1, 192, 40, 40]]",6.m.1.0.attn.qkv.bn,forward,True,384,,2457600,,52,2.0789,1.9862,0.815
6.m.1.0.attn.qkv.act,7336f78fbd9d12a5,Identity,"{""class"": ""Identity""}","[[1, 192, 40, 40]]","[""torch.float32""]","[[1, 192, 40, 40]]",6.m.1.0.attn.qkv.act,forward,True,0,,2457600,,52,0.0065,0.0054,0.0037
6.m.1.0.attn.proj,779f8899e994d313,Conv,"{""class"": ""Conv""}","[[1, 64, 40, 40]]","[""torch.float32""]","[[1, 64, 40, 40]]",6.m.1.0.attn.proj,forward,False,4224,,819200,,52,11.8604,11.9539,3.2367
6.m.1.0.attn.proj.conv,c4029d1f0f305d56,Conv2d,"{""bias"": null, ""class"": ""Conv2d"", ""dilation"": [1, 1], ""groups"": 1, ""in_channels"": 64, ""kernel_size"": [1, 1], ""out_channels"": 64, ""padding"": [0, 0], ""stride"": [1, 1]}","[[1, 64, 40, 40]]","[""torch.float32""]","[[1, 64, 40, 40]]",6.m.1.0.attn.proj.conv,forward,True,4096,6553600,819200,8.0,52,9.7283,9.702,2.6592
6.m.1.0.attn.proj.bn,ce08c74136cabdaf,BatchNorm2d,"{""bias"": ""Parameter containing:\ntensor([-5.7936e-05, -1.2505e-04, -4.4703e-05,  2.8825e-04,  5.7817e-05, -1.6010e-04,  6.2287e-05,  3.2306e-05,  9.5129e-05,  5.1200e-05,  2.2352e-05,  1.2517e-06, -8.0943e-05,  1.0282e-04,  1.4961e-04, -1.5271e-04, -2.7347e-04,  1.7452e-04,  1.1802e-04, -4.5180e-05, -6.5029e-05, -2.4772e-04,  2.5177e-04, -8.9228e-05,\n        -1.7452e-04, -1.0240e-04, -1.6451e-04,  1.1683e-04,  4.9591e-05, -5.4717e-05,  1.2290e-04,  3.3736e-05, -2.9802e-06,  5.8830e-05,  1.4806e-04, -2.9159e-04,  5.0128e-05, -1.3030e-04,  5.8889e-05, -1.5438e-04,  7.3969e-05,  2.5940e-04, -2.1458e-05,  4.3452e-05, -1.3721e-04, -2.1756e-04,  1.1528e-04,  1.6356e-04,\n        -1.4400e-04, -5.9962e-05,  3.0184e-04, -1.3411e-04, -1.2648e-04,  1.5616e-04, -1.0639e-04,  5.0724e-05,  4.5240e-05, -1.6785e-04, -7.7903e-05, -1.5545e-04,  1.0562e-04,  5.3942e-05, -1.2374e-04, -5.6922e-05])"", ""class"": ""BatchNorm2d"", ""eps"": 0.001}","[[1, 64, 40, 40]]","[""torch.float32""]","[[1, 64, 40, 40]]",6.m.1.0.attn.proj.bn,forward,True,128,,819200,,52,1.8531,1.6252,0.9229
6.m.1.0.attn.proj.act,daf71f0b056d49fd,Identity,"{""class"": ""Identity""}","[[1, 64, 40, 40]]","[""torch.float32""]","[[1, 64, 40, 40]]",6.m.1.0.attn.proj.act,forward,True,0,,819200,,52,0.0068,0.0051,0.0047
6.m.1.0.attn.pe,779f8899e994d313,Conv,"{""class"": ""Conv""}","[[1, 64, 40, 40]]","[""torch.float32""]","[[1, 64, 40, 40]]",6.m.1.0.attn.pe,forward,False,3328,,819200,,52,12.4203,12.3175,2.6649
6.m.1.0.attn.pe.conv,f633f4a1de0ad6e0,Conv2d,"{""bias"": ""Parameter containing:\ntensor([ 0.1296, -0.0552,  0.1261,  0.1124,  0.1096, -0.1143,  0.0892,  0.0004,  0.1042, -0.0076,  0.0341,  0.0033,  0.1139, -0.0334,  0.1324, -0.0892,  0.0104,  0.0055,  0.1162,  0.1284, -0.1221,  0.0289, -0.0241, -0.0708,  0.0484,  0.0244, -0.0131, -0.0542,  0.0937,  0.1013, -0.0442,  0.1099, -0.0321, -0.0222,\n         0.0824,  0.0206, -0.0620, -0.0448, -0.0021, -0.0625,  0.1183,  0.1062, -0.0250, -0.0368,  0.0102, -0.0578,  0.1095, -0.0921,  0.0578, -0.1237, -0.0647, -0.0267, -0.0722,  0.0117,  0.0357,  0.0918, -0.1078, -0.1024,  0.0825, -0.0767,  0.0931, -0.0124,  0.1324,  0.1335])"", ""class"": ""Conv2d"", ""dilation"": [1, 1], ""groups"": 64, ""in_channels"": 64, ""kernel_size"": [7, 7], ""out_channels"": 64, ""padding"": [3, 3], ""stride"": [1, 1]}","[[1, 64, 40, 40]]","[""torch.float32""]","[[1, 64, 40, 40]]",6.m.1.0.attn.pe.conv,forward,True,3200,5017600,819200,6.125,52,10.4784,10.6472,2.2737
6.m.1.0.attn.pe.bn,ad5d248355bb726c,BatchNorm2d,"{""bias"": ""Parameter containing:\ntensor([ 3.2365e-05, -1.0431e-05,  2.3186e-05, -1.7643e-05,  2.9206e-06,  1.9670e-06, -2.3544e-05, -3.0041e-05,  4.5061e-05,  4.4107e-06,  3.8564e-05,  2.6047e-05, -9.0599e-06, -5.9307e-05, -2.5570e-05, -3.3438e-05,  6.6757e-06, -4.1187e-05, -2.3425e-05, -5.5015e-05, -5.0247e-05,  3.3379e-06,  4.7684e-05,  8.0466e-06,\n        -4.4763e-05, -1.1384e-05,  1.8895e-05,  1.3173e-05, -1.3173e-05,  1.0908e-05, -3.5048e-05, -1.2517e-06, -7.2837e-05,  7.4208e-05, -2.4378e-05,  1.7285e-06, -2.0444e-05,  4.6492e-06,  1.4663e-05,  2.9981e-05, -2.0564e-05,  1.4782e-05, -3.1710e-05, -3.3200e-05,  3.6895e-05, -7.6890e-06, -1.1623e-05, -9.7156e-06,\n         6.9141e-06,  1.8477e-06,  1.7762e-05, -9.6560e-06, -3.6895e-05, -3.1054e-05,  1.5259e-05,  1.4186e-05,  7.9870e-06, -7.2718e-06, -3.7253e-05,  6.6757e-06,  1.6093e-06,  4.6849e-05, -1.3590e-05,  5.9605e-07])"", ""class"": ""BatchNorm2d"", ""eps"": 0.001}","[[1, 64, 40, 40]]","[""torch.float32""]","[[1, 64, 40, 40]]",6.m.1.0.attn.pe.bn,forward,True,128,,819200,,52,1.6738,1.4859,0.6875
6.m.1.0.attn.pe.act,daf71f0b056d49fd,Identity,"{""class"": ""Identity""}","[[1, 64, 40, 40]]","[""torch.float32""]","[[1, 64, 40, 40]]",6.m.1.0.attn.pe.act,forward,True,0,,819200,,52,0.006,0.0051,0.0027
6.m.1.0.mlp,18c9e1ca6d7c782b,Sequential,"{""class"": ""Sequential""}","[[1, 64, 40, 40]]","[""torch.float32""]","[[1, 64, 40, 40]]",6.m.1.0.mlp,forward,False,16768,,819200,,52,28.8138,27.6817,7.1385
6.m.1.0.mlp.0,779f8899e994d313,Conv,"{""class"": ""Conv""}","[[1, 64, 40, 40]]","[""torch.float32""]","[[1, 128, 40, 40]]",6.m.1.0.mlp.0,forward,False,8448,,1228800,,52,15.7193,15.2114,4.3623
6.m.1.0.mlp.0.conv,5d9e6373d6da34f8,Conv2d,"{""bias"": null, ""class"": ""Conv2d"", ""dilation"": [1, 1], ""groups"": 1, ""in_channels"": 64, ""kernel_size"": [1, 1], ""out_channels"": 128, ""padding"": [0, 0], ""stride"": [1, 1]}","[[1, 64, 40, 40]]","[""torch.float32""]","[[1, 128, 40, 40]]",6.m.1.0.mlp.0.conv,forward,True,8192,13107200,1228800,10.6667,52,10.9703,10.8498,2.6726
6.m.1.0.mlp.0.bn,75eeacaafd0ed5a1,BatchNorm2d,"{""bias"": ""Parameter containing:\ntensor([-0.7397, -0.9326, -1.8945, -1.1592, -1.4473, -0.7173, -0.8809, -1.0459, -1.7334, -1.4619, -1.1084, -0.7876, -1.1377, -1.5117, -1.3359, -1.1953, -1.3809, -0.6748, -0.6870, -0.9834, -1.1465, -1.0557, -1.2178, -0.5498, -1.0244, -1.1357, -1.0146, -1.0117, -1.0156, -0.7822, -1.2119, -1.6299, -0.9048, -1.6621,\n        -1.1104, -0.9038, -1.0918, -0.9609, -0.9385, -0.9131, -1.2383, -1.0039, -1.0391, -1.0674, -1.2305, -0.9409, -1.1250, -1.2461, -1.3535, -1.1514, -1.1953, -0.8140, -0.6357, -1.3252, -0.7803, -1.0029, -0.7876, -1.4072, -1.3867, -1.0371, -1.2031, -0.9634, -2.2656, -1.1104, -1.2480, -1.9248, -1.2285, -1.3936,\n        -0.9009, -1.6572, -0.9463, -1.0010, -1.3936, -0.9048, -0.9639, -1.3145, -0.9126, -1.1211, -1.1934, -1.0859, -1.3281, -1.7051, -0.7837, -1.2607, -1.0508, -0.8311, -1.2773, -1.3252, -0.7109, -1.1270, -1.0293, -1.2275, -0.7998, -0.5552, -0.9043, -1.3164, -1.2207, -1.0391, -1.8877, -0.8779, -0.7061, -1.1436,\n        -1.2764, -0.9683, -1.1221, -1.8789, -1.2676, -1.3750, -1.5527, -0.9419, -0.8789, -1.3281, -1.3809, -0.7500, -0.6616, -1.5029, -0.7827, -1.4053, -1.1396, -0.7876, -1.3379, -1.7646, -0.2795, -1.3057, -0.9712, -0.8564, -0.9077, -1.0820])"", ""class"": ""BatchNorm2d"", ""eps"": 0.001}","[[1, 128, 40, 40]]","[""torch.float32""]","[[1, 128, 40, 40]]",6.m.1.0.mlp.0.bn,forward,True,256,,1638400,,52,2.17,1.6401,2.4367
6.m.1.0.mlp.1,6cfe7a34bafabeb5,Conv,"{""class"": ""Conv""}","[[1, 128, 40, 40]]","[""torch.float32""]","[[1, 64, 40, 40]]",6.m.1.0.mlp.1,forward,False,8320,,1228800,,52,12.8929,12.6233,3.6877
6.m.1.0.mlp.1.conv,f3f458b49b7969ca,Conv2d,"{""bias"": null, ""class"": ""Conv2d"", ""dilation"": [1, 1], ""groups"": 1, ""in_channels"": 128, ""kernel_size"": [1, 1], ""out_channels"": 64, ""padding"": [0, 0], ""stride"": [1, 1]}","[[1, 128, 40, 40]]","[""torch.float32""]","[[1, 64, 40, 40]]",6.m.1.0.mlp.1.conv,forward,True,8192,13107200,1228800,10.6667,52,10.7198,10.3813,3.1701
6.m.1.0.mlp.1.bn,beddd4d3625bc05e,BatchNorm2d,"{""bias"": ""Parameter containing:\ntensor([-7.2062e-05, -1.3173e-04, -2.5928e-05,  2.3818e-04,  8.6367e-05, -1.2422e-04,  1.0562e-04, -2.6584e-05,  4.5478e-05,  1.0806e-04,  2.3246e-06, -8.8811e-06, -2.8372e-05,  8.1956e-05,  1.5163e-04, -9.0778e-05, -3.4881e-04,  1.9407e-04,  1.2624e-04, -2.8253e-05, -1.3542e-04, -2.1720e-04,  2.4986e-04, -9.6917e-05,\n        -1.9634e-04, -1.0335e-04, -1.4293e-04,  8.0645e-05,  4.6790e-05, -8.1897e-05,  7.6175e-05,  1.8597e-05,  1.2875e-05,  3.8803e-05,  1.4818e-04, -2.4140e-04,  1.2696e-05, -3.9995e-05,  8.4519e-05, -1.1629e-04,  6.7294e-05,  2.9659e-04, -4.0233e-05,  2.8968e-05, -1.2791e-04, -1.4055e-04,  1.6081e-04,  2.3186e-04,\n        -1.5295e-04, -6.7532e-05,  2.6584e-04, -1.2720e-04, -1.0931e-04,  8.9586e-05, -7.3850e-05,  4.1902e-05,  8.2672e-05, -1.1468e-04,  1.1921e-05, -1.5843e-04,  1.5032e-04,  4.7088e-06, -1.4150e-04, -1.6868e-05])"", ""class"": ""BatchNorm2d"", ""eps"": 0.001}","[[1, 64, 40, 40]]","[""torch.float32""]","[[1, 64, 40, 40]]",6.m.1.0.mlp.1.bn,forward,True,128,,819200,,52,1.8807,1.6421,0.9691
6.m.1.0.mlp.1.act,daf71f0b056d49fd,Identity,"{""class"": ""Identity""}","[[1, 64, 40, 40]]","[""torch.float32""]","[[1, 64, 40, 40]]",6.m.1.0.mlp.1.act,forward,True,0,,819200,,52,0.0068,0.0052,0.0052
6.m.1.1,2cb9db3f30aad934,ABlock,"{""class"": ""ABlock""}","[[1, 64, 40, 40]]","[""torch.float32""]","[[1, 64, 40, 40]]",6.m.1.1,forward,False,36992,,819200,,52,150.8178,152.9775,25.1329
6.m.1.1.attn,551ed4283b7328ba,AAttn,"{""class"": ""AAttn"", ""head_dim"": 32, ""num_heads"": 2}","[[1, 64, 40, 40]]","[""torch.float32""]","[[1, 64, 40, 40]]",6.m.1.1.attn,forward,False,20224,,819200,,52,116.5384,120.0029,19.8141
6.m.1.1.attn.qkv,779f8899e994d313,Conv,"{""class"": ""Conv""}","[[1, 64, 40, 40]]","[""torch.float32""]","[[1, 192, 40, 40]]",6.m.1.1.attn.qkv,forward,False,12672,,1638400,,52,14.6307,14.2809,4.5903
6.m.1.1.attn.qkv.conv,61873b0ff9887a6c,Conv2d,"{""bias"": null, ""class"": ""Conv2d"", ""dilation"": [1, 1], ""groups"": 1, ""in_channels"": 64, ""kernel_size"": [1, 1], ""out_channels"": 192, ""padding"": [0, 0], ""stride"": [1, 1]}","[[1, 64, 40, 40]]","[""torch.float32""]","[[1, 192, 40, 40]]",6.m.1.1.attn.qkv.conv,forward,True,12288,19660800,1638400,12.0,52,12.0817,11.9677,3.5658
6.m.1.1.attn.qkv.bn,f4c6335f31c14c6c,BatchNorm2d,"{""bias"": ""Parameter containing:\ntensor([ 7.3340e-01,  8.4229e-02,  4.6021e-01,  2.0199e-03, -5.2917e-02,  2.2888e-01, -6.4795e-01, -5.8984e-01, -2.8320e-01,  3.0103e-01,  1.0303e-01,  5.5566e-01,  2.9224e-01,  5.0098e-01, -2.7490e-01, -1.3159e-01, -5.1416e-01,  3.3936e-01,  7.9834e-02, -1.8933e-01,  6.7383e-02, -4.8828e-01,  1.9189e-01,  3.0054e-01,\n         6.0693e-01,  4.2456e-01,  2.1326e-01,  3.6865e-01,  6.3281e-01, -3.5181e-01,  1.8115e-01,  3.9893e-01, -1.6342e-02, -1.1391e-02, -1.7433e-03,  3.3539e-02,  5.4626e-03, -1.4313e-02,  1.5182e-02,  1.3962e-02,  6.4888e-03,  1.0437e-02, -1.2627e-02, -2.0645e-02,  2.0561e-03, -7.0839e-03,  1.5930e-02,  6.0158e-03,\n         2.4429e-02, -2.7115e-02,  7.6065e-03,  6.6795e-03, -2.0676e-03, -1.2619e-02,  1.2596e-02,  7.3891e-03, -2.2324e-02, -1.9547e-02, -6.1417e-03, -6.9389e-03, -2.4979e-02,  7.6561e-03, -3.5095e-03, -3.8815e-04,  2.0004e-02, -7.2510e-02, -3.0225e-01,  1.1353e-01,  7.5989e-02,  8.4473e-02,  1.0620e-01,  1.5417e-01,\n        -8.5266e-02,  1.2016e-02, -9.2590e-02,  6.6956e-02,  1.0645e+00,  1.7426e-02,  1.6357e-02, -7.3509e-03,  2.4231e-01, -3.7811e-02, -1.5247e-01,  1.2445e-01,  6.1340e-02, -1.9287e-02,  2.8589e-01,  5.9967e-03, -5.7495e-02,  6.2500e-02,  1.2537e-01, -1.3633e+00, -1.0870e-01,  5.2124e-02,  9.1736e-02, -5.3467e-01,\n         1.1969e-01, -6.3286e-03,  4.7217e-01, -2.2095e-01,  1.4795e-01,  3.1567e-01, -5.7959e-01,  2.8711e-01, -5.0732e-01, -9.0332e-01, -2.4670e-01,  6.5137e-01,  1.1221e+00,  2.5806e-01,  5.5695e-02, -6.8701e-01,  6.6162e-01, -3.3301e-01, -1.9775e-01, -4.8315e-01,  8.6279e-01, -6.2207e-01,  3.8544e-02,  5.9473e-01,\n         1.4136e-01,  3.9136e-01, -9.3311e-01,  3.9355e-01,  4.6509e-02, -3.8477e-01,  1.7529e-01,  2.2351e-01,  5.9471e-03,  5.1880e-03, -1.4534e-02,  2.0767e-02, -2.3163e-02,  3.1796e-03,  2.8503e-02,  3.5305e-03,  1.6678e-02,  6.0921e-03,  4.2009e-04, -1.5087e-03, -1.1963e-02, -5.6038e-03,  1.5671e-02,  2.0401e-02,\n        -1.6312e-02,  4.6272e-03,  1.0078e-02,  1.1818e-02, -1.8616e-02,  2.3407e-02, -9.9106e-03, -1.5518e-02,  5.3482e-03, -5.1346e-03,  1.9638e-02, -1.8341e-02, -4.4465e-04,  8.2626e-03, -1.6052e-02,  6.8245e-03,  1.1792e-01,  1.8835e-01,  2.1301e-01,  5.0293e-02,  1.0321e-01, -2.1228e-01, -6.5994e-03,  8.1787e-02,\n        -3.5767e-02, -3.0640e-01, -1.0858e-01,  1.8530e-01, -7.0068e-02,  2.0828e-02, -2.4963e-01,  9.9731e-02,  2.1759e-02, -5.2930e-01,  1.0126e-01,  4.7241e-02,  3.0167e-02,  1.7114e-01, -6.8481e-02,  2.6562e-01, -2.0172e-02, -1.0828e-01,  2.6147e-01, -6.4373e-04, -3.9398e-02, -7.6172e-02,  3.5095e-02, -5.0812e-02])"", ""class"": ""BatchNorm2d"", ""eps"": 0.001}","[[1, 192, 40, 40]]","[""torch.float32""]","[[1, 192, 40, 40]]",6.m.1.1.attn.qkv.bn,forward,True,384,,2457600,,52,2.2057,2.0419,0.9685
6.m.1.1.attn.qkv.act,7336f78fbd9d12a5,Identity,"{""class"": ""Identity""}","[[1, 192, 40, 40]]","[""torch.float32""]","[[1, 192, 40, 40]]",6.m.1.1.attn.qkv.act,forward,True,0,,2457600,,52,0.0067,0.0054,0.0046
6.m.1.1.attn.proj,779f8899e994d313,Conv,"{""class"": ""Conv""}","[[1, 64, 40, 40]]","[""torch.float32""]","[[1, 64, 40, 40]]",6.m.1.1.attn.proj,forward,False,4224,,819200,,52,11.8659,11.6313,2.3929
6.m.1.1.attn.proj.conv,c4029d1f0f305d56,Conv2d,"{""bias"": null, ""class"": ""Conv2d"", ""dilation"": [1, 1], ""groups"": 1, ""in_channels"": 64, ""kernel_size"": [1, 1], ""out_channels"": 64, ""padding"": [0, 0], ""stride"": [1, 1]}","[[1, 64, 40, 40]]","[""torch.float32""]","[[1, 64, 40, 40]]",6.m.1.1.attn.proj.conv,forward,True,4096,6553600,819200,8.0,52,9.7033,9.6575,1.9947
6.m.1.1.attn.proj.bn,312653c74c5d7660,BatchNorm2d,"{""bias"": ""Parameter containing:\ntensor([-3.8743e-06, -3.5167e-06,  3.6955e-06,  2.8968e-05, -1.0729e-05, -2.7120e-05,  2.4378e-05, -1.6391e-05, -6.6698e-05,  2.6345e-05, -2.7239e-05,  4.2856e-05,  1.8597e-05,  1.5795e-05,  6.6161e-05,  2.8431e-05, -5.8413e-06, -1.5378e-05,  1.1325e-06, -1.6034e-05, -8.9407e-07,  2.2352e-05,  7.5579e-05, -5.9605e-06,\n        -3.9339e-06,  2.4617e-05, -4.7743e-05,  1.2875e-05, -2.7120e-05,  5.0604e-05,  3.0458e-05,  1.6928e-05,  5.9783e-05,  2.2471e-05, -3.0816e-05, -1.2875e-05,  2.3425e-05, -1.5020e-05, -3.2187e-06,  2.3782e-05, -4.0889e-05,  4.0114e-05, -4.1962e-05, -4.1604e-05, -2.6226e-06,  6.0201e-06,  8.7619e-06,  2.5630e-06,\n        -2.1815e-05, -4.3035e-05,  4.8935e-05,  3.0935e-05, -6.8724e-05,  3.4690e-05,  1.9312e-05,  3.2604e-05, -3.1888e-05, -2.6047e-05, -3.0398e-06,  3.2067e-05,  1.7345e-05,  3.1590e-05, -3.5763e-07,  1.6212e-05])"", ""class"": ""BatchNorm2d"", ""eps"": 0.001}","[[1, 64, 40, 40]]","[""torch.float32""]","[[1, 64, 40, 40]]",6.m.1.1.attn.proj.bn,forward,True,128,,819200,,52,1.8803,1.7049,0.8061
6.m.1.1.attn.proj.act,daf71f0b056d49fd,Identity,"{""class"": ""Identity""}","[[1, 64, 40, 40]]","[""torch.float32""]","[[1, 64, 40, 40]]",6.m.1.1.attn.proj.act,forward,True,0,,819200,,52,0.0069,0.0051,0.0061
6.m.1.1.attn.pe,779f8899e994d313,Conv,"{""class"": ""Conv""}","[[1, 64, 40, 40]]","[""torch.float32""]","[[1, 64, 40, 40]]",6.m.1.1.attn.pe,forward,False,3328,,819200,,52,12.5861,12.5499,2.5657
6.m.1.1.attn.pe.conv,efb9a6c09b759f0b,Conv2d,"{""bias"": ""Parameter containing:\ntensor([-0.0892, -0.1130,  0.0126,  0.0224, -0.1381,  0.0142,  0.0303,  0.0987,  0.0634,  0.0885, -0.0658, -0.0214,  0.0231,  0.1035,  0.1152, -0.0906,  0.0087, -0.0371, -0.0297,  0.0661,  0.0500,  0.0199, -0.0531, -0.0919, -0.1108, -0.0692, -0.1422, -0.0692,  0.0459,  0.0343,  0.0953,  0.0482, -0.0905, -0.0901,\n         0.0139, -0.1017,  0.0782, -0.0610,  0.1012, -0.0643, -0.0640,  0.0315,  0.1411, -0.1282,  0.0746, -0.1143, -0.0263, -0.0262, -0.0624,  0.0413,  0.1193,  0.0610,  0.1266,  0.1338, -0.0710,  0.0369,  0.0012,  0.0630,  0.0844,  0.0153,  0.1078,  0.0573, -0.0228, -0.1327])"", ""class"": ""Conv2d"", ""dilation"": [1, 1], ""groups"": 64, ""in_channels"": 64, ""kernel_size"": [7, 7], ""out_channels"": 64, ""padding"": [3, 3], ""stride"": [1, 1]}","[[1, 64, 40, 40]]","[""torch.float32""]","[[1, 64, 40, 40]]",6.m.1.1.attn.pe.conv,forward,True,3200,5017600,819200,6.125,52,10.5181,10.5275,2.072
6.m.1.1.attn.pe.bn,1cdbc9d53caa7ee5,BatchNorm2d,"{""bias"": ""Parameter containing:\ntensor([ 3.5346e-05, -7.7486e-07, -1.7881e-06,  1.4007e-05, -2.3246e-06,  4.6074e-05,  1.3888e-05,  2.5630e-06,  9.7156e-06, -5.2452e-06,  1.4126e-05,  1.1921e-05, -1.9550e-05, -3.0220e-05,  1.3530e-05,  2.7418e-05,  5.8413e-06, -6.5565e-06,  1.6809e-05,  1.4305e-05, -9.9540e-06,  2.3544e-05,  1.7226e-05,  1.5914e-05,\n        -1.1146e-05, -3.8743e-06,  1.3649e-05, -3.9399e-05,  2.5928e-05, -7.7486e-07,  1.5140e-05,  2.3186e-05,  3.7551e-06, -1.4126e-05,  4.5896e-06, -2.6822e-05,  6.3181e-06, -1.2815e-05,  1.3530e-05,  2.3246e-05,  1.3709e-06,  3.7849e-05,  3.2783e-06, -1.3709e-05,  7.3910e-06,  1.0669e-05,  1.4842e-05,  5.6982e-05,\n         2.8849e-05, -8.6427e-06,  4.0591e-05,  5.1856e-05,  9.1553e-05,  4.8876e-05,  7.1526e-07, -3.6836e-05,  2.2590e-05, -7.7486e-07,  2.1875e-05,  3.9816e-05,  4.2617e-05,  3.6836e-05, -3.8922e-05, -1.6093e-06])"", ""class"": ""BatchNorm2d"", ""eps"": 0.001}","[[1, 64, 40, 40]]","[""torch.float32""]","[[1, 64, 40, 40]]",6.m.1.1.attn.pe.bn,forward,True,128,,819200,,52,1.7812,1.6316,0.7919
6.m.1.1.attn.pe.act,daf71f0b056d49fd,Identity,"{""class"": ""Identity""}","[[1, 64, 40, 40]]","[""torch.float32""]","[[1, 64, 40, 40]]",6.m.1.1.attn.pe.act,forward,True,0,,819200,,52,0.0063,0.0049,0.0052
6.m.1.1.mlp,18c9e1ca6d7c782b,Sequential,"{""class"": ""Sequential""}","[[1, 64, 40, 40]]","[""torch.float32""]","[[1, 64, 40, 40]]",6.m.1.1.mlp,forward,False,16768,,819200,,52,30.1577,29.616,8.2003
6.m.1.1.mlp.0,779f8899e994d313,Conv,"{""class"": ""Conv""}","[[1, 64, 40, 40]]","[""torch.float32""]","[[1, 128, 40, 40]]",6.m.1.1.mlp.0,forward,False,8448,,1228800,,52,17.3572,16.5041,7.1349
6.m.1.1.mlp.0.conv,5d9e6373d6da34f8,Conv2d,"{""bias"": null, ""class"": ""Conv2d"", ""dilation"": [1, 1], ""groups"": 1, ""in_channels"": 64, ""kernel_size"": [1, 1], ""out_channels"": 128, ""padding"": [0, 0], ""stride"": [1, 1]}","[[1, 64, 40, 40]]","[""torch.float32""]","[[1, 128, 40, 40]]",6.m.1.1.mlp.0.conv,forward,True,8192,13107200,1228800,10.6667,52,12.6741,11.4685,6.7852
6.m.1.1.mlp.0.bn,4f9bb414c376444f,BatchNorm2d,"{""bias"": ""Parameter containing:\ntensor([-1.1650, -1.3936, -1.0400, -0.8413, -1.3018, -1.2178, -0.9673, -1.4766, -1.0645, -1.0342, -1.1318, -1.4043, -1.5049, -1.3154, -0.7925, -0.7031, -1.2559, -1.1182, -1.4814, -1.0635, -1.8457, -0.7065, -1.7275, -1.5605, -1.2451, -1.1045, -1.2090, -1.3213, -1.0615, -1.0693, -1.1494, -1.2900, -1.3369, -1.0771,\n        -0.7700, -1.1592, -0.6768, -1.5859, -1.3857, -1.0000, -1.1045, -1.4248, -1.7500, -1.0771, -1.3311, -1.0117, -1.2021, -1.0977, -1.5107, -1.2275, -1.4902, -1.2695, -1.2275, -1.6084, -0.8862, -1.1348, -0.8862, -1.1621, -0.9160, -1.0938, -1.0420, -1.2520, -0.9888, -1.0400, -1.9355, -1.6172, -1.0898, -1.1953,\n        -1.0439, -1.1680, -1.2207, -1.1807, -0.9805, -1.1465, -1.5381, -1.5078, -1.2559, -1.7656, -1.1406, -1.2422, -1.2021, -1.3203, -0.9937, -1.0498, -1.7285, -1.1162, -0.8066, -1.5078, -2.0977, -1.0908, -1.1934, -1.1787, -0.9551, -1.3008, -1.4697, -1.0312, -1.3594, -1.0371, -1.0898, -0.9824, -0.8999, -1.4570,\n        -1.3799, -0.9941, -1.2354, -1.1738, -1.6816, -0.9580, -1.8242, -0.9155, -1.1572, -1.2539, -1.7812, -1.3096, -0.9751, -1.1797, -1.0996, -1.7354, -1.8818, -1.0547, -1.2607, -1.3252, -1.0547, -1.1982, -1.2627, -1.3311, -1.7109, -1.0459])"", ""class"": ""BatchNorm2d"", ""eps"": 0.001}","[[1, 128, 40, 40]]","[""torch.float32""]","[[1, 128, 40, 40]]",6.m.1.1.mlp.0.bn,forward,True,256,,1638400,,52,1.7604,1.8045,0.5616
6.m.1.1.mlp.1,6cfe7a34bafabeb5,Conv,"{""class"": ""Conv""}","[[1, 128, 40, 40]]","[""torch.float32""]","[[1, 64, 40, 40]]",6.m.1.1.mlp.1,forward,False,8320,,1228800,,52,12.6305,12.451,2.8453
6.m.1.1.mlp.1.conv,f3f458b49b7969ca,Conv2d,"{""bias"": null, ""class"": ""Conv2d"", ""dilation"": [1, 1], ""groups"": 1, ""in_channels"": 128, ""kernel_size"": [1, 1], ""out_channels"": 64, ""padding"": [0, 0], ""stride"": [1, 1]}","[[1, 128, 40, 40]]","[""torch.float32""]","[[1, 64, 40, 40]]",6.m.1.1.mlp.1.conv,forward,True,8192,13107200,1228800,10.6667,52,10.5864,10.2533,2.4229
6.m.1.1.mlp.1.bn,d3ba02c6abdea22c,BatchNorm2d,"{""bias"": ""Parameter containing:\ntensor([-3.2902e-05, -2.1458e-06, -8.8811e-06,  2.2054e-06, -1.9729e-05, -2.4319e-05,  1.1861e-05,  3.2187e-06, -4.3809e-05,  3.6359e-05, -3.3796e-05,  2.8312e-05, -3.2604e-05,  2.8133e-05,  3.0100e-05,  4.3929e-05, -2.5213e-05, -2.3603e-05,  2.8014e-06,  9.8944e-06, -8.7619e-06,  3.0994e-06,  2.7776e-05, -4.1723e-07,\n         1.2159e-05,  2.0206e-05, -2.9624e-05, -1.5259e-05, -2.2054e-05,  2.5809e-05, -8.5235e-06,  2.4855e-05,  2.2650e-05,  3.1471e-05, -3.0398e-05,  8.8811e-06,  3.8445e-05,  4.6492e-06, -1.5497e-06,  1.7285e-06, -3.0279e-05,  4.2796e-05,  2.1279e-05,  6.4373e-06, -1.3709e-05, -1.3649e-05,  1.6391e-05, -3.4451e-05,\n        -6.3181e-06, -3.8803e-05, -1.7107e-05,  1.4305e-05, -3.7253e-05, -4.8280e-06, -5.6624e-06,  1.6809e-05,  7.3314e-06, -2.8610e-06,  2.5928e-05, -3.9935e-06,  2.7478e-05, -1.0133e-05,  1.5974e-05,  2.3365e-05])"", ""class"": ""BatchNorm2d"", ""eps"": 0.001}","[[1, 64, 40, 40]]","[""torch.float32""]","[[1, 64, 40, 40]]",6.m.1.1.mlp.1.bn,forward,True,128,,819200,,52,1.7792,1.657,0.693
6.m.1.1.mlp.1.act,daf71f0b056d49fd,Identity,"{""class"": ""Identity""}","[[1, 64, 40, 40]]","[""torch.float32""]","[[1, 64, 40, 40]]",6.m.1.1.mlp.1.act,forward,True,0,,819200,,52,0.007,0.0051,0.0045
7,6cfe7a34bafabeb5,Conv,"{""class"": ""Conv""}","[[1, 128, 40, 40]]","[""torch.float32""]","[[1, 256, 20, 20]]",7,forward,False,295424,,1228800,,52,23.9592,22.4456,6.2301
7.conv,f1d61d61a0e6e068,Conv2d,"{""bias"": null, ""class"": ""Conv2d"", ""dilation"": [1, 1], ""groups"": 1, ""in_channels"": 128, ""kernel_size"": [3, 3], ""out_channels"": 256, ""padding"": [1, 1], ""stride"": [2, 2]}","[[1, 128, 40, 40]]","[""torch.float32""]","[[1, 256, 20, 20]]",7.conv,forward,True,294912,117964800,1228800,96.0,52,19.7194,18.3038,5.488
7.bn,c0fda554de192655,BatchNorm2d,"{""bias"": ""Parameter containing:\ntensor([-0.4661,  1.0723, -0.8169, -0.9365, -0.7627,  0.2830, -0.7080,  0.0268, -1.1230, -0.7563, -0.8682, -0.7144, -0.9399,  0.4375, -0.4873,  0.2974, -0.5195, -0.9634, -0.6157, -0.5073, -0.0238, -0.6099, -0.4607, -0.4253, -0.5273, -0.4373, -0.3970, -0.7754, -0.6914, -0.3796, -0.1809,  0.1810, -0.8521, -1.0332,\n        -0.9849,  0.4331, -0.2991, -1.0771, -0.5005, -0.4321, -0.4458, -0.7959, -0.5767, -0.7896, -0.7236, -0.6562, -0.5903, -0.9663, -0.8359,  1.0000, -0.1392, -0.4653, -0.1936, -1.0898, -0.8745, -0.7441, -0.5845, -0.9629, -0.1197, -0.9761,  0.4492,  0.2351, -0.8237,  0.0269, -0.3933, -0.7969, -0.0316, -0.5459,\n        -0.1816,  0.1991, -0.5747, -0.2205, -1.0088, -0.6885, -0.5010, -0.7578, -1.0498, -0.8047, -0.4319,  0.1346, -0.7593, -0.7949, -0.3882, -0.4658, -1.1533, -0.2343, -1.1016, -0.4424, -0.7007, -0.0972, -0.3477, -0.7285, -0.0661,  0.0251, -0.7891, -0.6899,  0.2439, -0.4202, -0.5479, -0.6177, -0.2996, -0.7695,\n        -0.5430, -0.8848, -0.3369, -0.3826, -0.4844, -0.5068, -0.8042, -0.6885,  0.7715, -0.6411, -0.6445, -0.3364, -0.7046, -0.2322, -0.3896,  0.0081, -0.5488,  0.0638, -1.0469, -0.1287, -0.5278, -0.5215, -0.3943, -0.7871, -0.0166, -0.8560, -0.7158, -0.5469, -0.8096, -0.2703, -0.6694, -0.6851, -0.1520, -0.1519,\n        -1.0391, -0.5259, -0.7363, -0.1836,  0.0506, -0.7412, -0.3250, -0.4570, -1.2363, -0.5903, -0.8232, -0.8970, -0.7930, -0.6221, -0.9209, -0.4036, -0.9292, -0.5386,  0.0982, -0.4971, -0.6465, -0.6572, -0.2048, -0.1177, -0.8496,  0.0058, -0.5073, -0.9058, -0.7222,  0.8301, -0.6006, -0.5654, -0.8589, -0.3303,\n        -0.5322, -0.6206, -0.8462, -0.4543, -0.4214,  1.1045, -0.3552, -0.6006, -0.3538, -0.7207, -0.2803, -0.5444, -0.5264,  0.3650, -0.2913, -0.9849, -0.1881, -0.3215, -0.3806,  0.7017, -0.9492, -0.8711, -0.5078, -1.0645, -0.7261, -0.5527, -0.4917,  0.8354, -0.5698, -0.6021, -0.9414, -0.9185, -0.0706, -0.8589,\n        -0.9951, -0.7305, -0.8750, -0.4653, -0.0969, -0.8096, -0.4819, -0.3857, -0.9570, -0.8149, -0.0484, -0.4539, -0.4558, -0.2391, -0.2351, -0.7734, -0.7280, -0.6064,  0.1029, -0.6074, -1.0938, -0.3760, -1.1504, -0.7134, -0.5908, -0.2463, -0.7339, -0.6851, -0.1100, -0.7114, -0.4951, -0.9995, -0.1035, -0.7212,\n        -0.9443, -0.3633, -0.8628, -0.4751, -0.3967,  1.2070, -0.2930,  0.0652, -0.9355, -0.6743, -0.1106, -0.6797, -1.1729, -0.0356, -0.5571, -1.0254, -0.7500, -0.8760])"", ""class"": ""BatchNorm2d"", ""eps"": 0.001}","[[1, 256, 20, 20]]","[""torch.float32""]","[[1, 256, 20, 20]]",7.bn,forward,True,512,,819200,,52,1.6811,1.5506,0.7286
8,21ef5477ab0ddf7c,A2C2f,"{""class"": ""A2C2f""}","[[1, 256, 20, 20]]","[""torch.float32""]","[[1, 256, 20, 20]]",8,forward,False,689920,,819200,,52,434.0566,433.4798,82.7222
8.cv1,0ed1c23cf9110f7a,Conv,"{""class"": ""Conv""}","[[1, 256, 20, 20]]","[""torch.float32""]","[[1, 128, 20, 20]]",8.cv1,forward,False,33024,,614400,,52,13.969,13.6967,3.6347
8.cv1.conv,263b166895ce2216,Conv2d,"{""bias"": null, ""class"": ""Conv2d"", ""dilation"": [1, 1], ""groups"": 1, ""in_channels"": 256, ""kernel_size"": [1, 1], ""out_channels"": 128, ""padding"": [0, 0], ""stride"": [1, 1]}","[[1, 256, 20, 20]]","[""torch.float32""]","[[1, 128, 20, 20]]",8.cv1.conv,forward,True,32768,13107200,614400,21.3333,52,10.0965,9.9293,2.9975
8.cv1.bn,57ff34fa11594f79,BatchNorm2d,"{""bias"": ""Parameter containing:\ntensor([-0.0417, -0.6226,  0.4873, -0.8550, -0.2412, -0.8701, -0.3616, -0.0629,  0.3994, -0.0413,  0.1010,  0.5288,  0.0614, -0.2249,  0.3799,  0.1650,  0.4805, -0.6167,  0.3379,  0.1643, -0.1106, -0.1136, -0.1261,  0.5195, -0.3909,  0.2098,  0.3655,  0.1853, -0.7852, -0.0124,  1.0879,  0.6030,  0.1207, -0.1512,\n         0.1227, -0.3088, -0.0403, -0.3860, -0.1884,  0.5229, -0.3333, -0.0981, -0.6807,  0.4746,  0.5625,  0.0216, -0.3508, -0.2478,  0.1250, -0.5718,  0.8022,  0.5825, -0.0293, -0.2830, -0.4202, -0.3738,  0.8521, -0.8130,  0.4346,  0.1501,  0.7622,  0.1086,  0.4976, -0.5557,  0.3098, -0.0626,  0.3459,  0.5425,\n        -0.7686, -0.3101, -0.3438,  0.5532,  0.2136,  0.2781,  0.0487, -0.2191,  0.3655, -0.5781, -0.5806, -0.9854,  0.3030, -0.2666,  0.2544, -0.0100, -0.5903, -0.4355, -0.0430,  0.4565, -0.3391, -0.1786, -0.5654,  0.0222, -0.2098,  1.3096, -0.1007, -0.5796, -0.1315,  0.6372,  0.4949, -0.8501, -1.3691,  0.6816,\n        -0.2966,  0.5747, -0.3645,  0.2666, -0.0729,  0.4561,  0.2001, -0.3005, -0.5068,  0.3672, -0.9927,  0.3450,  1.0869,  0.4072,  0.5854,  0.5000,  0.3123,  0.2379,  0.1271,  0.5400,  0.4387, -0.0937, -0.2908, -0.6616,  0.1693, -0.2396])"", ""class"": ""BatchNorm2d"", ""eps"": 0.001}","[[1, 128, 20, 20]]","[""torch.float32""]","[[1, 128, 20, 20]]",8.cv1.bn,forward,True,256,,409600,,52,1.8156,1.77,0.7053
8.cv2,8f6224db0b19406f,Conv,"{""class"": ""Conv""}","[[1, 384, 20, 20]]","[""torch.float32""]","[[1, 256, 20, 20]]",8.cv2,forward,False,98816,,1024000,,52,18.4203,16.683,9.2384
8.cv2.conv,0a6e7ad354a5bde8,Conv2d,"{""bias"": null, ""class"": ""Conv2d"", ""dilation"": [1, 1], ""groups"": 1, ""in_channels"": 384, ""kernel_size"": [1, 1], ""out_channels"": 256, ""padding"": [0, 0], ""stride"": [1, 1]}","[[1, 384, 20, 20]]","[""torch.float32""]","[[1, 256, 20, 20]]",8.cv2.conv,forward,True,98304,39321600,1024000,38.4,52,14.0879,12.3797,8.5102
8.cv2.bn,33a911c29b914946,BatchNorm2d,"{""bias"": ""Parameter containing:\ntensor([-1.3242e+00, -1.4092e+00, -7.0654e-01, -3.3521e-01, -1.4531e+00, -1.2607e+00, -8.7207e-01, -1.1807e+00, -5.9521e-01, -1.2529e+00,  9.5850e-01, -1.3555e+00, -1.7793e+00, -1.3164e+00, -1.0898e+00, -5.2832e-01, -7.0605e-01, -1.6826e+00, -1.3584e+00, -6.1133e-01, -4.8462e-01, -4.7485e-01, -5.4736e-01,  1.4160e-01,\n        -8.1641e-01, -8.2666e-01, -1.1758e+00, -5.8887e-01, -5.4395e-01, -1.5234e+00, -1.2061e+00, -1.2236e+00, -1.1493e-01, -2.0782e-02, -7.6074e-01, -9.6094e-01, -4.5483e-01, -4.1724e-01, -1.8115e+00, -1.7383e+00, -8.2715e-01, -9.7998e-01, -1.0889e+00, -7.2070e-01, -4.5190e-01, -3.9233e-01, -1.4492e+00, -6.3721e-01,\n        -1.0977e+00, -5.5078e-01, -2.2461e-01, -1.0117e+00, -9.1211e-01, -9.3311e-01, -5.6445e-01, -1.4229e+00, -1.2578e+00, -1.1387e+00, -1.0234e+00, -1.1045e+00, -4.2090e-01, -7.9199e-01,  1.3269e-01, -8.1299e-01, -1.6858e-01, -1.9409e-01, -2.4426e-01, -1.3594e+00, -6.1475e-01, -1.0020e+00, -1.4004e+00, -9.6143e-01,\n        -7.1240e-01, -1.8933e-01, -7.0166e-01, -4.8560e-01, -9.6582e-01, -8.9600e-01, -6.2500e-01, -6.8018e-01, -1.1006e+00, -1.2314e+00, -7.2656e-01, -9.3994e-01, -1.4121e+00, -1.2295e+00, -9.8779e-01, -1.3906e+00, -1.0576e+00, -1.1816e+00, -8.6133e-01, -2.3096e-01, -1.3594e+00,  1.0078e+00, -9.5117e-01, -1.1289e+00,\n        -1.1699e+00, -7.9541e-01, -4.8535e-01, -1.1553e+00, -4.5483e-01, -8.7695e-01, -9.9756e-01, -7.7295e-01, -1.6309e+00, -5.5029e-01, -1.0361e+00, -5.4980e-01, -7.2217e-01, -1.0352e+00, -1.0996e+00, -7.8857e-01, -3.0981e-01, -2.5781e-01, -5.0195e-01, -1.4531e+00, -7.4414e-01, -9.1699e-01, -9.2627e-01, -4.5728e-01,\n        -8.4814e-01, -1.8252e+00, -9.2578e-01, -4.5459e-01, -4.5142e-01, -7.3877e-01, -5.8350e-01, -1.4297e+00, -4.3433e-01, -8.7891e-01, -5.2344e-01, -4.6045e-01, -6.2646e-01, -8.5449e-01, -8.1543e-01, -1.0127e+00, -4.7803e-01, -8.0322e-01, -1.0312e+00, -1.4854e+00, -1.3525e+00, -9.8291e-01, -1.4902e+00, -1.0322e+00,\n        -1.3193e+00, -1.5820e+00, -8.3887e-01, -8.6865e-01,  1.1877e-01, -5.7129e-01, -7.3926e-01, -1.4980e+00, -5.5859e-01, -1.0674e+00, -9.2529e-01, -8.5205e-01, -1.3740e+00, -5.3955e-01, -8.4473e-01, -1.2393e+00, -1.1611e+00, -1.2178e+00, -8.6816e-01, -5.8447e-01, -3.6401e-01, -5.6836e-01, -1.4170e+00,  1.5723e-01,\n        -1.2764e+00,  1.9568e-01, -4.0527e-01, -8.7988e-01, -3.4570e-01, -1.2121e-03, -3.4961e-01, -1.9116e-01, -7.0068e-01, -1.3438e+00, -4.8047e-01, -7.5928e-01, -1.3057e+00, -8.9258e-01, -1.2871e+00, -2.6978e-01, -6.2646e-01, -1.4629e+00, -1.0576e+00, -1.2871e+00, -6.8018e-01, -1.3271e+00, -6.1133e-01, -9.7803e-01,\n        -1.4014e+00, -5.4297e-01, -6.5283e-01, -9.1406e-01, -1.4170e+00, -8.2764e-01, -1.1211e+00, -1.6025e+00, -3.0518e-01, -5.3662e-01, -7.7881e-01, -1.3682e+00, -5.2100e-01, -7.9395e-01, -8.1787e-01, -1.1875e+00, -7.0020e-01, -1.6821e-01, -1.2119e+00, -9.4824e-01, -4.6802e-01, -8.8721e-01, -1.2607e+00, -1.0732e+00,\n        -1.0000e+00, -4.1992e-01, -7.4658e-01, -1.1504e+00, -1.0791e+00, -3.1201e-01, -4.4385e-01, -6.2891e-01, -1.2549e+00, -8.9111e-02, -9.0186e-01, -1.3857e+00, -6.4160e-01, -5.3223e-01, -1.0195e+00, -7.4512e-01, -1.3535e+00, -3.1543e-01, -8.5449e-01, -2.1863e-01,  2.0691e-01, -1.0625e+00, -4.2822e-01, -8.8232e-01,\n        -1.2773e+00, -1.0947e+00, -1.4453e+00, -1.0010e+00, -5.0684e-01, -1.6191e+00, -7.6123e-01, -6.8066e-01, -1.6240e+00, -1.1846e+00, -1.0205e+00, -5.2490e-01, -1.4062e+00, -4.0796e-01, -1.0293e+00, -5.9229e-01])"", ""class"": ""BatchNorm2d"", ""eps"": 0.001}","[[1, 256, 20, 20]]","[""torch.float32""]","[[1, 256, 20, 20]]",8.cv2.bn,forward,True,512,,819200,,52,1.8727,1.5042,1.043
8.m.0,8dc85d5491e12e77,Sequential,"{""class"": ""Sequential""}","[[1, 128, 20, 20]]","[""torch.float32""]","[[1, 128, 20, 20]]",8.m.0,forward,False,279040,,409600,,52,190.9026,194.1575,36.0508
8.m.0.0,03c6cbec4f2c6c4a,ABlock,"{""class"": ""ABlock""}","[[1, 128, 20, 20]]","[""torch.float32""]","[[1, 128, 20, 20]]",8.m.0.0,forward,False,139520,,409600,,52,94.5084,95.9874,20.2266
8.m.0.0.attn,332b51de17d94a94,AAttn,"{""class"": ""AAttn"", ""head_dim"": 32, ""num_heads"": 4}","[[1, 128, 20, 20]]","[""torch.float32""]","[[1, 128, 20, 20]]",8.m.0.0.attn,forward,False,73216,,409600,,52,65.7194,65.5717,15.5238
8.m.0.0.attn.qkv,5cfa28a28ad2d2aa,Conv,"{""class"": ""Conv""}","[[1, 128, 20, 20]]","[""torch.float32""]","[[1, 384, 20, 20]]",8.m.0.0.attn.qkv,forward,False,49920,,819200,,52,13.4638,13.2963,3.7988
8.m.0.0.attn.qkv.conv,282a7ae5b7726ea7,Conv2d,"{""bias"": null, ""class"": ""Conv2d"", ""dilation"": [1, 1], ""groups"": 1, ""in_channels"": 128, ""kernel_size"": [1, 1], ""out_channels"": 384, ""padding"": [0, 0], ""stride"": [1, 1]}","[[1, 128, 20, 20]]","[""torch.float32""]","[[1, 384, 20, 20]]",8.m.0.0.attn.qkv.conv,forward,True,49152,19660800,819200,24.0,52,11.3391,11.0822,3.2626
8.m.0.0.attn.qkv.bn,c118b4293faa40eb,BatchNorm2d,"{""bias"": ""Parameter containing:\ntensor([ 1.2573e-01,  2.1667e-01,  1.9699e-02,  3.1567e-01, -2.3340e-01, -1.4539e-01,  8.7769e-02, -2.5696e-02, -3.5742e-01, -2.5220e-01, -3.7524e-01, -4.9713e-02,  4.3750e-01,  7.6416e-02,  1.2585e-01, -6.2866e-02, -4.7913e-02,  2.1631e-01, -3.0835e-01,  8.3069e-02, -2.8320e-01, -7.6477e-02, -7.9590e-02,  5.2063e-02,\n         1.0590e-01, -5.3772e-02,  5.9242e-03,  4.2236e-02, -2.2852e-01,  1.8628e-01, -3.0103e-01,  1.9507e-01, -3.5143e-04, -6.9761e-04, -3.0589e-04, -6.9761e-04,  4.9210e-04,  8.5402e-04, -2.0742e-04,  1.7512e-04,  7.6175e-05, -1.3056e-03,  5.4264e-04,  2.7776e-04,  4.8709e-04, -7.4768e-04,  9.6226e-04, -2.7966e-04,\n         4.2558e-04, -3.7813e-04, -1.0002e-04, -5.3596e-04,  7.5054e-04, -8.3828e-04, -1.0118e-03, -7.7200e-04, -1.0118e-03, -4.7803e-04, -4.4036e-04, -7.8773e-04, -1.1578e-03,  6.8998e-04,  5.5552e-04,  5.0879e-04,  1.6815e-02, -8.1665e-02, -9.6359e-03,  3.6793e-03, -6.1188e-02, -3.2406e-03, -1.4038e-02, -5.9128e-03,\n        -2.7390e-02, -4.4067e-02,  1.0675e-01, -1.3611e-01, -1.1340e-01,  1.4917e-01,  1.3770e-01,  6.6328e-04,  8.2153e-02,  1.1543e-02, -2.6245e-01, -7.9773e-02, -3.4180e-02, -1.3135e-01, -7.8906e-01,  4.0619e-02, -8.2581e-02,  6.2683e-02, -1.0040e-01,  6.9458e-02,  2.0844e-02,  2.2064e-02, -6.9824e-02, -7.4707e-02,\n         3.5645e-01, -4.5288e-01,  4.2847e-01, -3.6670e-01,  2.1802e-01, -3.1519e-01,  1.3806e-01, -3.8403e-01,  3.1519e-01,  2.2937e-01, -3.6694e-01, -1.2207e-02,  4.0649e-01, -2.3071e-01, -1.1218e-01, -3.5229e-01, -3.3081e-01,  4.0820e-01,  3.3813e-01,  2.3889e-01, -2.9932e-01, -3.1909e-01,  3.0615e-01, -4.1528e-01,\n         1.7542e-01, -4.7943e-02,  2.4438e-01,  3.4375e-01, -3.4009e-01,  1.6510e-02,  2.7344e-01,  1.8140e-01,  1.7366e-03,  8.9741e-04,  4.5919e-04,  1.3580e-03,  2.2449e-03, -4.5609e-04,  5.3823e-05, -1.5230e-03, -6.8188e-04,  1.6136e-03, -9.0063e-05, -8.7070e-04,  9.9277e-04,  7.7200e-04,  8.5354e-04, -2.2106e-03,\n        -1.3657e-03,  1.5631e-03, -1.4191e-03, -1.3504e-03,  7.7772e-04, -1.4858e-03,  1.7328e-03,  9.4843e-04, -2.0161e-03,  1.2398e-03,  2.0409e-03,  1.1187e-03, -2.0714e-03,  1.6890e-03, -1.5659e-03, -1.2980e-03,  8.1604e-02, -1.5369e-01, -1.3306e-02, -4.0698e-01,  1.1713e-01, -3.9482e-03,  1.8750e-01, -1.4374e-02,\n         1.2444e-02,  4.1016e-02,  3.2544e-01,  6.1066e-02,  8.2153e-02, -1.0239e-02, -1.2537e-01, -5.8350e-02, -1.2177e-01, -9.7778e-02,  1.0048e-02,  5.5084e-02, -3.9459e-02, -1.4417e-01,  2.7197e-01, -1.1359e-01,  2.6321e-02, -2.0569e-01, -5.0079e-02, -1.4099e-01,  7.9773e-02,  1.7004e-01, -2.8345e-01, -1.1438e-01,\n        -2.0618e-01, -3.3661e-02, -8.1909e-02, -4.1718e-02, -6.8542e-02,  3.4814e-01,  3.3130e-01, -3.3740e-01, -1.4923e-02,  2.0950e-02,  9.7900e-02, -2.4011e-01, -2.4463e-01,  1.7737e-01,  2.8662e-01, -3.2898e-02,  3.6835e-02,  6.2561e-02, -1.4417e-01,  2.1561e-02,  3.7140e-02,  2.4329e-01,  4.4983e-02, -2.2998e-01,\n         2.6840e-02,  1.8555e-01,  2.0093e-01,  1.3281e-01, -1.8066e-02,  1.2103e-01,  7.3730e-02,  8.0505e-02,  2.8992e-03,  6.9380e-05,  2.3766e-03, -2.3041e-03, -1.1482e-03, -3.2997e-03,  3.8090e-03, -2.1400e-03,  2.9354e-03,  2.1439e-03,  2.2297e-03, -2.9716e-03,  1.6041e-03,  4.0550e-03,  2.3041e-03,  2.1400e-03,\n         3.3550e-03, -1.1864e-03, -3.5744e-03,  1.3313e-03, -2.2125e-03,  6.5851e-04,  2.6398e-03,  9.2411e-04, -1.2627e-03,  3.3150e-03,  2.7504e-03, -2.9716e-03, -2.5196e-03, -1.4496e-03,  1.5697e-03,  3.5839e-03,  1.1884e-01, -4.8560e-01, -1.1307e-02, -1.4458e-03, -2.7054e-02, -5.1788e-02, -6.9946e-02,  2.7374e-02,\n        -1.3513e-01,  1.1270e+00, -7.1289e-02, -1.0321e-01,  2.4902e-02,  8.5083e-02, -1.8435e-03, -8.3862e-02, -9.9182e-02,  1.0643e-02,  9.8694e-02,  5.1117e-02,  4.8584e-02,  7.8491e-02,  2.1683e-02,  7.2876e-02, -1.0948e-02, -3.5370e-02, -2.5818e-02,  1.1652e-01, -2.6025e-01, -3.0136e-02,  5.7343e-02, -2.7618e-02,\n         4.3854e-02,  1.2103e-01, -6.7444e-02, -1.4868e-01,  2.9272e-01,  2.6904e-01,  2.9932e-01,  3.5840e-01, -1.5479e-01,  2.6050e-01, -5.0293e-02,  1.0577e-01, -1.9150e-02, -3.0566e-01, -1.0364e-01,  1.5234e-01,  3.9062e-01, -6.7017e-02, -4.3677e-01,  4.0454e-01, -8.2336e-02,  2.1826e-01,  2.5513e-01, -1.9824e-01,\n        -4.3726e-01,  1.2244e-01,  4.2090e-01,  3.2251e-01,  3.6987e-01, -1.7883e-02, -4.0894e-01,  1.1334e-01,  7.4911e-04,  1.1426e-04,  4.1795e-04, -5.6219e-04,  4.8375e-04,  4.8733e-04,  5.8794e-04,  5.0211e-04, -6.5851e-04, -5.6028e-04,  4.1366e-04, -6.2895e-04,  4.2498e-05,  9.5224e-04,  4.8113e-04, -7.8535e-04,\n         3.0494e-04, -1.0271e-03,  5.1117e-04, -2.4867e-04, -3.9387e-04,  5.6887e-04, -1.8299e-04,  4.9162e-04,  5.6314e-04, -8.4686e-04, -2.3592e-04, -1.0276e-04,  3.2783e-04, -2.6226e-04,  2.4724e-04,  1.2217e-03,  9.6497e-02,  4.0222e-02,  2.2400e-01, -4.1901e-02,  3.3360e-03,  1.5961e-02,  4.8828e-02, -2.0962e-03,\n         2.7603e-02,  3.6713e-02,  1.6663e-02, -2.0898e-01,  1.4490e-01,  6.5979e-02,  1.4551e-01,  1.3965e-01,  8.1238e-02,  1.6467e-01, -4.5227e-02,  7.1228e-02,  1.9363e-02, -4.2206e-02,  1.3301e+00,  1.3477e-01,  3.9253e-03, -1.3879e-01, -4.3602e-03, -3.4607e-02, -7.3242e-02, -9.8038e-03,  1.7883e-02,  1.3513e-01])"", ""class"": ""BatchNorm2d"", ""eps"": 0.001}","[[1, 384, 20, 20]]","[""torch.float32""]","[[1, 384, 20, 20]]",8.m.0.0.attn.qkv.bn,forward,True,768,,1228800,,52,1.8783,1.6868,0.8087
8.m.0.0.attn.qkv.act,3a655826cbd02449,Identity,"{""class"": ""Identity""}","[[1, 384, 20, 20]]","[""torch.float32""]","[[1, 384, 20, 20]]",8.m.0.0.attn.qkv.act,forward,True,0,,1228800,,52,0.006,0.0052,0.0029
8.m.0.0.attn.proj,5cfa28a28ad2d2aa,Conv,"{""class"": ""Conv""}","[[1, 128, 20, 20]]","[""torch.float32""]","[[1, 128, 20, 20]]",8.m.0.0.attn.proj,forward,False,16640,,409600,,52,7.5144,7.3036,3.009
8.m.0.0.attn.proj.conv,665138cb895e145b,Conv2d,"{""bias"": null, ""class"": ""Conv2d"", ""dilation"": [1, 1], ""groups"": 1, ""in_channels"": 128, ""kernel_size"": [1, 1], ""out_channels"": 128, ""padding"": [0, 0], ""stride"": [1, 1]}","[[1, 128, 20, 20]]","[""torch.float32""]","[[1, 128, 20, 20]]",8.m.0.0.attn.proj.conv,forward,True,16384,6553600,409600,16.0,52,5.7118,5.6654,2.6051
8.m.0.0.attn.proj.bn,c7f12480c8836bbf,BatchNorm2d,"{""bias"": ""Parameter containing:\ntensor([ 4.6432e-05,  1.4901e-05, -1.0365e-04,  2.6345e-05,  2.5213e-05, -9.0063e-05,  5.9366e-05, -7.6711e-05, -1.9574e-04,  4.6015e-05,  9.7215e-05,  5.8651e-05,  1.6212e-05, -7.4565e-05,  2.4438e-05,  1.5652e-04, -1.0943e-04,  1.2279e-05,  3.0100e-05, -8.1182e-05,  1.7524e-05, -8.7917e-05, -1.0431e-05,  5.9068e-05,\n         5.9426e-05, -3.4571e-05, -5.7042e-05,  2.8670e-05, -4.6790e-05,  4.3452e-05, -1.8036e-04,  3.3140e-05,  1.0788e-05,  5.7817e-06,  3.7551e-06, -2.0564e-05, -1.1432e-04, -2.3425e-05,  2.2233e-05, -2.0838e-04,  2.3544e-05,  3.1412e-05, -9.6202e-05,  7.1764e-05,  9.0182e-05, -2.0266e-06, -1.1086e-05,  6.4135e-05,\n        -4.4107e-05, -8.2016e-05,  1.8418e-05,  1.0830e-04,  2.3723e-05, -1.3053e-04,  9.3520e-05,  6.2227e-05,  2.2829e-05,  1.9133e-05,  1.4436e-04,  8.6069e-05,  5.8353e-05,  1.4830e-04, -3.8326e-05,  5.6684e-05,  9.2745e-05,  1.0300e-04,  9.8944e-05, -7.2062e-05,  6.9141e-05, -1.4317e-04,  7.6354e-05,  1.5557e-05,\n        -5.9545e-05,  1.8775e-05, -1.0830e-04, -4.5300e-06, -2.8372e-05,  4.5538e-05,  7.9930e-05, -8.3625e-05, -4.5300e-05, -5.7876e-05, -2.8133e-05, -4.0591e-05,  8.3864e-05, -1.0180e-04,  2.9564e-05,  7.8440e-05, -4.1127e-06, -5.1856e-06, -7.6175e-05,  2.7537e-05,  4.1664e-05, -5.4836e-06, -6.4671e-05,  3.9935e-06,\n         7.5996e-05,  1.3375e-04,  8.7917e-05, -9.1493e-05, -4.9472e-05,  4.0889e-05, -3.0458e-05, -3.3796e-05, -7.3850e-05,  3.3677e-05, -1.2314e-04,  4.1306e-05, -2.9504e-05,  1.7548e-04,  2.0444e-05,  5.3585e-05, -2.3186e-05,  2.8908e-05,  4.1008e-05, -2.0695e-04, -4.9412e-05, -8.6665e-05,  1.2815e-05, -6.7353e-06,\n        -5.4419e-05,  2.7239e-05,  9.5308e-05,  1.0806e-04, -5.3406e-05,  1.6749e-05, -6.7949e-06, -3.3200e-05])"", ""class"": ""BatchNorm2d"", ""eps"": 0.001}","[[1, 128, 20, 20]]","[""torch.float32""]","[[1, 128, 20, 20]]",8.m.0.0.attn.proj.bn,forward,True,256,,409600,,52,1.5494,1.4288,0.6594
8.m.0.0.attn.proj.act,040a03fffb67230a,Identity,"{""class"": ""Identity""}","[[1, 128, 20, 20]]","[""torch.float32""]","[[1, 128, 20, 20]]",8.m.0.0.attn.proj.act,forward,True,0,,409600,,52,0.0058,0.0048,0.0039
8.m.0.0.attn.pe,5cfa28a28ad2d2aa,Conv,"{""class"": ""Conv""}","[[1, 128, 20, 20]]","[""torch.float32""]","[[1, 128, 20, 20]]",8.m.0.0.attn.pe,forward,False,6656,,409600,,52,7.9334,7.7005,2.7814
8.m.0.0.attn.pe.conv,87e051f1f51c5232,Conv2d,"{""bias"": ""Parameter containing:\ntensor([ 0.0157,  0.0433, -0.0382,  0.0757, -0.1390,  0.1396, -0.1335, -0.1407,  0.1345,  0.0380,  0.0109, -0.0058, -0.1099, -0.0805,  0.0560,  0.0062,  0.0185, -0.1257,  0.0358, -0.0474,  0.0202,  0.1278, -0.0113, -0.0509,  0.0280, -0.0086, -0.0041,  0.0082,  0.0304,  0.1262,  0.0432,  0.0393,  0.0515, -0.0384,\n         0.0838,  0.0667,  0.0206, -0.0119,  0.1148,  0.1247,  0.1399,  0.0530,  0.0400,  0.0796, -0.0498, -0.1146, -0.0423,  0.0800,  0.0999,  0.0997, -0.1332,  0.0139,  0.0041, -0.0504, -0.0927,  0.0879,  0.0601,  0.1394, -0.0336,  0.1157, -0.0838,  0.0092, -0.0300,  0.0850,  0.0184,  0.0277,  0.0587,  0.1007,\n        -0.1315, -0.1166, -0.1298, -0.0199, -0.0735, -0.0236, -0.0242, -0.0948,  0.0997,  0.0105, -0.1156,  0.1328, -0.0822,  0.0012, -0.0410,  0.0097,  0.0520,  0.0230,  0.1346, -0.0126,  0.0490,  0.0512, -0.0963,  0.0170, -0.0925,  0.1108, -0.1188, -0.1049, -0.0529,  0.0948,  0.1082, -0.0866, -0.0666,  0.1023,\n         0.0358, -0.0181,  0.0328, -0.0974, -0.0416, -0.1000,  0.0092, -0.1144, -0.0826,  0.1132,  0.0314, -0.0301,  0.0983, -0.1296, -0.0676, -0.1094, -0.0419, -0.1117, -0.0135, -0.0857,  0.0616,  0.0101, -0.0618,  0.0424, -0.0318, -0.1381])"", ""class"": ""Conv2d"", ""dilation"": [1, 1], ""groups"": 128, ""in_channels"": 128, ""kernel_size"": [7, 7], ""out_channels"": 128, ""padding"": [3, 3], ""stride"": [1, 1]}","[[1, 128, 20, 20]]","[""torch.float32""]","[[1, 128, 20, 20]]",8.m.0.0.attn.pe.conv,forward,True,6400,2508800,409600,6.125,52,5.9082,5.7413,2.1406
8.m.0.0.attn.pe.bn,06fbe05c7500f207,BatchNorm2d,"{""bias"": ""Parameter containing:\ntensor([-4.1723e-06, -3.3438e-05, -2.6822e-05, -1.3769e-05,  1.2755e-05,  1.1325e-06,  2.6762e-05, -1.1802e-05,  1.9908e-05,  9.8348e-06, -2.2650e-06,  1.3828e-05,  1.8835e-05, -1.5557e-05,  1.0371e-05,  7.2718e-06, -6.9141e-06,  1.0252e-05, -4.4465e-05, -9.8944e-06,  2.6107e-05,  2.3842e-07, -7.8678e-06, -2.7895e-05,\n         3.0339e-05, -3.9935e-06,  1.0014e-05, -8.5831e-06, -1.4246e-05,  1.5497e-05, -8.5235e-06, -2.7120e-05, -8.6427e-06, -4.4107e-06, -1.3709e-06, -2.5034e-06,  1.7703e-05,  5.9605e-08,  6.5565e-07,  3.7551e-06, -1.1921e-06, -7.4506e-06,  5.5313e-05, -3.8207e-05, -1.3113e-06,  5.0068e-06,  4.5896e-06, -2.1279e-05,\n        -1.0431e-05,  7.9274e-06, -2.0564e-05,  2.2769e-05,  2.7299e-05,  1.7285e-06, -3.2723e-05, -1.7405e-05, -3.5763e-06, -1.8835e-05,  6.3777e-06,  4.6313e-05, -2.6166e-05,  1.4961e-05,  1.2875e-05,  2.3484e-05, -2.6226e-06,  1.0967e-05,  7.1526e-06,  5.1856e-06, -1.2636e-05, -8.5235e-06,  3.6955e-06, -2.8551e-05,\n         3.4034e-05, -2.2411e-05, -8.1062e-06, -1.3173e-05,  1.8179e-05, -3.7551e-06, -4.3869e-05,  6.3777e-06, -2.5392e-05, -8.1062e-06, -6.1393e-06,  3.8743e-06, -1.0908e-05,  8.9407e-07, -2.2948e-05,  1.0133e-06, -3.3438e-05,  2.9802e-06, -2.2113e-05,  2.4617e-05, -5.5432e-06, -9.5367e-06, -7.5698e-06, -3.9577e-05,\n        -7.2718e-06, -1.1504e-05,  1.2219e-05, -1.4305e-06,  5.7220e-06, -2.9802e-07,  1.6451e-05,  8.7023e-06,  1.0073e-05,  2.5809e-05, -1.2398e-05, -3.8743e-06,  6.2585e-06, -3.2067e-05, -5.9605e-06,  6.1989e-06,  1.9550e-05, -4.5896e-06,  7.1526e-07,  7.9870e-06,  2.2471e-05,  1.5199e-05, -5.4836e-06, -1.4126e-05,\n         2.2113e-05, -1.5140e-05,  9.5367e-07,  2.3723e-05,  1.3947e-05, -2.0146e-05, -1.8418e-05, -5.3644e-06])"", ""class"": ""BatchNorm2d"", ""eps"": 0.001}","[[1, 128, 20, 20]]","[""torch.float32""]","[[1, 128, 20, 20]]",8.m.0.0.attn.pe.bn,forward,True,256,,409600,,52,1.7584,1.4607,0.9205
8.m.0.0.attn.pe.act,040a03fffb67230a,Identity,"{""class"": ""Identity""}","[[1, 128, 20, 20]]","[""torch.float32""]","[[1, 128, 20, 20]]",8.m.0.0.attn.pe.act,forward,True,0,,409600,,52,0.0136,0.0053,0.0443
8.m.0.0.mlp,8dc85d5491e12e77,Sequential,"{""class"": ""Sequential""}","[[1, 128, 20, 20]]","[""torch.float32""]","[[1, 128, 20, 20]]",8.m.0.0.mlp,forward,False,66304,,409600,,52,25.3484,25.8063,6.4901
8.m.0.0.mlp.0,5cfa28a28ad2d2aa,Conv,"{""class"": ""Conv""}","[[1, 128, 20, 20]]","[""torch.float32""]","[[1, 256, 20, 20]]",8.m.0.0.mlp.0,forward,False,33280,,614400,,52,13.8181,13.7087,3.622
8.m.0.0.mlp.0.conv,b17427f458e7c17c,Conv2d,"{""bias"": null, ""class"": ""Conv2d"", ""dilation"": [1, 1], ""groups"": 1, ""in_channels"": 128, ""kernel_size"": [1, 1], ""out_channels"": 256, ""padding"": [0, 0], ""stride"": [1, 1]}","[[1, 128, 20, 20]]","[""torch.float32""]","[[1, 256, 20, 20]]",8.m.0.0.mlp.0.conv,forward,True,32768,13107200,614400,21.3333,52,9.8623,9.8857,2.8109
8.m.0.0.mlp.0.bn,fecd6136080f1496,BatchNorm2d,"{""bias"": ""Parameter containing:\ntensor([-1.1270, -1.1953, -1.2549, -1.4629, -1.1719, -1.1914, -1.0566, -1.0781, -1.1162, -1.1855, -1.0547, -1.1543, -1.1348, -1.1289, -1.5322, -1.0469, -1.1748, -0.9653, -1.2773, -1.0312, -1.3154, -1.0078, -1.1045, -0.9028, -1.4619, -0.6606, -1.1836, -1.0625, -0.9800, -1.5986, -1.0078, -1.1543, -1.0342, -1.3701,\n        -1.0898, -1.0508, -1.2217, -1.3584, -1.2549, -1.1328, -0.9858, -1.2832, -1.3223, -1.5029, -1.0273, -1.1475, -1.1641, -1.9854, -1.2188, -0.9253, -0.9961, -0.9756, -1.0889, -1.0537, -0.9775, -1.0498, -1.2305, -1.0176, -1.0850, -1.0576, -1.3164, -0.9238, -1.1152, -1.2783, -1.2734, -1.5703, -1.1387, -1.0254,\n        -0.9731, -0.9980, -0.9634, -1.2822, -1.0781, -0.8643, -1.0176, -1.0889, -1.1758, -1.0869, -1.1123, -1.1445, -1.0166, -1.2666, -1.0234, -1.0977, -1.0488, -1.2041, -1.3193, -1.1738, -1.0723, -1.4336, -1.1875, -1.0869, -1.0771, -0.9771, -1.1494, -0.7471, -1.1396, -1.2441, -1.2236, -1.2461, -1.1338, -1.5146,\n        -1.0859, -1.1973, -1.0176, -1.3213, -1.0723, -1.0381, -1.0176, -1.1953, -1.2402, -1.2852, -1.1523, -1.1006, -1.5986, -1.2568, -1.1826, -1.1533, -1.1602, -1.1201, -1.2627, -1.1631, -1.3740, -1.0566, -1.4727, -1.1338, -1.9219, -1.3271, -1.2275, -1.1592, -1.0850, -0.9629, -1.2852, -1.0352, -1.2988, -1.1660,\n        -1.0771, -0.9639, -1.1113, -1.5312, -1.2510, -1.2461, -1.4072, -0.9409, -1.3145, -1.1191, -1.1221, -1.0303, -0.9102, -1.1201, -1.1660, -1.1055, -1.1719, -1.6963, -1.1689, -0.9165, -1.3701, -1.2744, -1.0010, -0.9629, -1.2842, -1.0576, -0.9624, -1.1484, -1.0244, -1.2256, -1.1045, -1.0830, -0.8564, -1.2178,\n        -1.1553, -0.8481, -1.1475, -1.0244, -1.1484, -1.1152, -1.3496, -1.0273, -1.3330, -0.9902, -1.0986, -1.3018, -1.2012, -1.2061, -0.9839, -1.0869, -0.9517, -1.4453, -1.1602, -1.0723, -1.3213, -1.1416, -1.0605, -1.1973, -0.9976, -1.5176, -1.0654, -0.7920, -1.5420, -0.9331, -1.1611, -1.1152, -1.0439, -1.1680,\n        -1.3105, -0.9985, -1.0986, -1.0879, -1.1250, -1.1484, -0.9312, -1.0566, -1.3203, -0.9771, -1.1934, -1.3867, -1.1475, -1.2061, -1.2080, -1.2871, -1.2656, -1.2236, -1.0996, -0.7827, -1.2383, -1.0342, -1.3008, -1.4326, -1.0000, -1.0459, -1.0117, -1.0000, -1.0527, -0.8003, -1.1709, -1.0273, -0.9185, -1.1309,\n        -1.1367, -1.6992, -1.1543, -1.1016, -0.9585, -1.2529, -0.9600, -1.1973, -0.9868, -1.0605, -1.0713, -1.2344, -1.1084, -1.1055, -1.2305, -1.0098, -1.3965, -1.2607])"", ""class"": ""BatchNorm2d"", ""eps"": 0.001}","[[1, 256, 20, 20]]","[""torch.float32""]","[[1, 256, 20, 20]]",8.m.0.0.mlp.0.bn,forward,True,512,,819200,,52,1.6954,1.471,0.7589
8.m.0.0.mlp.1,0ed1c23cf9110f7a,Conv,"{""class"": ""Conv""}","[[1, 256, 20, 20]]","[""torch.float32""]","[[1, 128, 20, 20]]",8.m.0.0.mlp.1,forward,False,33024,,614400,,52,11.3977,11.5435,4.491
8.m.0.0.mlp.1.conv,263b166895ce2216,Conv2d,"{""bias"": null, ""class"": ""Conv2d"", ""dilation"": [1, 1], ""groups"": 1, ""in_channels"": 256, ""kernel_size"": [1, 1], ""out_channels"": 128, ""padding"": [0, 0], ""stride"": [1, 1]}","[[1, 256, 20, 20]]","[""torch.float32""]","[[1, 128, 20, 20]]",8.m.0.0.mlp.1.conv,forward,True,32768,13107200,614400,21.3333,52,9.1483,9.3975,3.1052
8.m.0.0.mlp.1.bn,40105d8f298f2337,BatchNorm2d,"{""bias"": ""Parameter containing:\ntensor([ 2.9266e-05,  2.4676e-05, -4.5598e-05,  5.3048e-06, -4.5776e-05,  9.8944e-06,  1.7464e-05, -8.2016e-05, -1.8752e-04,  6.3539e-05,  7.3373e-05,  5.9009e-05,  2.3544e-05, -8.5950e-05,  1.1921e-05,  1.3411e-04, -7.9095e-05,  4.3452e-05,  3.0637e-05, -2.2292e-05,  1.9550e-05, -7.1764e-05, -5.7042e-05,  5.0128e-05,\n         8.0466e-05, -2.5809e-05, -8.3923e-05,  5.6028e-06, -4.4882e-05,  2.4557e-05, -1.4210e-04,  4.2140e-05,  7.8082e-06, -6.9261e-05, -2.2113e-05, -2.7120e-05, -4.8757e-05,  3.3796e-05,  1.8537e-05, -1.7381e-04,  1.5080e-05,  1.2815e-05, -7.0035e-05,  4.9829e-05,  8.3089e-05,  4.1068e-05, -1.0908e-05,  4.0650e-05,\n        -2.5034e-06, -8.3148e-05, -6.2585e-06,  7.4327e-05,  1.9073e-05, -1.0109e-04,  6.6161e-05,  3.7730e-05,  2.6226e-05,  3.1650e-05,  1.1647e-04,  8.4400e-05,  5.1439e-05,  1.6963e-04, -4.5300e-06,  4.9174e-05,  9.6858e-05,  9.1612e-05,  1.0097e-04, -4.1246e-05,  2.9862e-05, -8.7500e-05,  8.4281e-05,  5.4896e-05,\n         6.9141e-06,  7.4744e-05, -1.1188e-04, -2.2531e-05,  1.9491e-05,  2.8968e-05,  4.3571e-05, -3.4094e-05, -2.4855e-05, -4.3154e-05, -8.1062e-06, -3.9876e-05,  2.8670e-05, -8.6069e-05, -1.6093e-06,  6.1750e-05, -1.4424e-05,  2.0504e-05, -8.7380e-05,  4.2856e-05,  6.4552e-05,  1.5080e-05, -6.4373e-05,  1.1444e-05,\n         3.7134e-05,  8.8155e-05,  6.4552e-05, -9.5606e-05, -3.8028e-05,  2.9385e-05, -9.3579e-06, -1.9848e-05, -3.4869e-05,  3.9876e-05, -9.6262e-05,  6.9499e-05, -8.3625e-05,  1.0800e-04, -1.8477e-05,  6.1989e-05, -1.9670e-05, -4.1127e-06,  2.9743e-05, -2.1541e-04, -5.7638e-05, -9.7156e-05, -1.4126e-05, -7.4506e-06,\n        -8.7678e-05,  3.5167e-06,  1.0186e-04,  7.9930e-05, -6.5744e-05,  2.0981e-05, -1.4782e-05, -1.8120e-05])"", ""class"": ""BatchNorm2d"", ""eps"": 0.001}","[[1, 128, 20, 20]]","[""torch.float32""]","[[1, 128, 20, 20]]",8.m.0.0.mlp.1.bn,forward,True,256,,409600,,52,1.9825,1.3862,3.4379
8.m.0.0.mlp.1.act,040a03fffb67230a,Identity,"{""class"": ""Identity""}","[[1, 128, 20, 20]]","[""torch.float32""]","[[1, 128, 20, 20]]",8.m.0.0.mlp.1.act,forward,True,0,,409600,,52,0.0056,0.0049,0.0019
8.m.0.1,03c6cbec4f2c6c4a,ABlock,"{""class"": ""ABlock""}","[[1, 128, 20, 20]]","[""torch.float32""]","[[1, 128, 20, 20]]",8.m.0.1,forward,False,139520,,409600,,52,96.2193,100.096,19.8187
8.m.0.1.attn,332b51de17d94a94,AAttn,"{""class"": ""AAttn"", ""head_dim"": 32, ""num_heads"": 4}","[[1, 128, 20, 20]]","[""torch.float32""]","[[1, 128, 20, 20]]",8.m.0.1.attn,forward,False,73216,,409600,,52,68.2012,71.5499,14.6745
8.m.0.1.attn.qkv,5cfa28a28ad2d2aa,Conv,"{""class"": ""Conv""}","[[1, 128, 20, 20]]","[""torch.float32""]","[[1, 384, 20, 20]]",8.m.0.1.attn.qkv,forward,False,49920,,819200,,52,12.4512,12.237,3.7744
8.m.0.1.attn.qkv.conv,282a7ae5b7726ea7,Conv2d,"{""bias"": null, ""class"": ""Conv2d"", ""dilation"": [1, 1], ""groups"": 1, ""in_channels"": 128, ""kernel_size"": [1, 1], ""out_channels"": 384, ""padding"": [0, 0], ""stride"": [1, 1]}","[[1, 128, 20, 20]]","[""torch.float32""]","[[1, 384, 20, 20]]",8.m.0.1.attn.qkv.conv,forward,True,49152,19660800,819200,24.0,52,10.6326,10.6772,3.5899
8.m.0.1.attn.qkv.bn,be9071774fa253b4,BatchNorm2d,"{""bias"": ""Parameter containing:\ntensor([ 6.0107e-01,  1.7834e-01,  5.0995e-02, -6.2158e-01, -7.5781e-01, -5.6104e-01, -2.3328e-01, -1.4209e-01,  8.5999e-02,  5.0146e-01,  4.5013e-02, -4.2114e-01,  2.9858e-01,  1.3611e-01, -2.0667e-01, -6.2305e-01, -7.4806e-03, -1.3513e-01,  7.1716e-02, -2.8320e-01, -6.0242e-02, -6.8604e-01, -1.8887e+00,  9.3231e-03,\n         3.5986e-01, -7.1680e-01,  2.0996e-01, -3.9575e-01,  4.0967e-01, -2.2607e-01, -3.9722e-01,  9.0027e-02,  1.6654e-04,  7.0572e-04,  9.5558e-04, -1.7700e-03, -3.4189e-04,  3.2067e-04, -7.0035e-05, -1.2341e-03,  3.5930e-04,  1.9197e-03, -9.6893e-04, -6.0844e-04,  2.6779e-03,  8.2636e-04,  9.0647e-04, -2.1038e-03,\n        -8.4448e-04, -1.7703e-04, -7.8440e-04, -2.1439e-03, -8.0061e-04, -4.5598e-05, -1.7080e-03,  1.9765e-04,  1.0242e-03, -5.1355e-04, -7.4577e-04, -1.3800e-03,  6.9427e-04, -6.7616e-04, -1.4029e-03, -1.0757e-03,  1.7395e-02,  4.4971e-01,  5.5878e-02,  1.8707e-02, -5.5023e-02, -1.2891e-01, -2.0615e-02,  1.4931e-02,\n         5.5115e-02, -1.0529e-01, -5.3711e-01,  6.1798e-02,  3.6133e-02,  3.4363e-02,  4.4067e-02, -5.1613e-03, -5.0735e-03, -3.0563e-02,  3.9490e-02,  9.1797e-02,  8.5266e-02, -2.4872e-02, -4.4220e-02, -1.8457e-01, -1.0155e-02, -1.6068e-02,  4.0375e-02,  4.9530e-02,  8.1909e-02,  5.8777e-02,  3.4424e-02,  1.0239e-02,\n        -1.4209e-01, -4.6051e-02, -1.6895e-01, -6.7773e-01, -3.3838e-01, -1.1139e-01,  8.4375e-01, -8.1116e-02, -9.0625e-01,  2.9395e-01,  9.8584e-01,  3.8623e-01, -4.7070e-01,  5.7422e-01,  1.8970e-01,  5.6885e-01, -3.7622e-01, -2.2681e-01,  3.5706e-02,  1.1749e-01, -1.4062e-01, -5.0690e-02,  2.8174e-01, -9.2529e-02,\n        -1.6956e-01, -1.6980e-01, -2.2925e-01,  3.1812e-01,  4.2236e-01, -2.9199e-01, -2.3816e-01,  3.2129e-01, -6.7902e-04, -6.0225e-04,  2.4366e-04,  3.3426e-04,  5.8365e-04,  2.0468e-04, -7.2241e-04,  6.6280e-04, -3.2520e-04,  2.1160e-04,  6.7997e-04,  2.8133e-04, -8.8930e-05, -1.2798e-03,  2.4045e-04, -8.7214e-04,\n         2.3973e-04, -1.4553e-03, -3.6430e-04, -4.3941e-04,  1.5318e-04, -1.5697e-03, -9.8038e-04, -6.4898e-04,  2.6727e-04,  5.6362e-04, -1.2445e-03, -5.6982e-04, -6.8426e-04, -4.1723e-07,  9.7322e-04,  1.5516e-03, -5.5176e-02, -8.7708e-02, -7.2412e-01,  1.0590e-01, -1.0231e-02,  1.3573e-02,  2.1866e-02, -2.9175e-02,\n        -1.9043e-01, -1.8723e-02,  2.8052e-01, -7.9834e-02,  1.3696e-01,  5.0000e-01,  1.1749e-02, -1.6394e-01,  1.1986e-02,  4.4556e-03, -3.4973e-02, -2.0386e-01,  8.8806e-02, -3.3386e-02, -8.5938e-02,  2.6978e-01,  5.7068e-03, -5.2979e-02, -6.6284e-02,  2.9541e-02, -4.2450e-02,  2.7661e-01, -1.3208e-01,  2.0962e-03,\n         2.6343e-01, -3.2056e-01, -6.8799e-01, -6.9678e-01,  1.6064e-01,  9.7717e-02, -9.8328e-02,  1.7505e-01, -2.6587e-01,  4.8022e-01,  2.9480e-02,  3.1494e-01,  8.6328e-01,  4.4946e-01,  2.3035e-01,  1.0413e-01,  4.6387e-02,  6.8909e-02,  7.9590e-02, -4.9023e-01, -4.0698e-01, -4.2407e-01, -3.0957e-01,  1.1420e-01,\n         2.7637e-01, -3.4131e-01,  5.9473e-01,  2.0264e-01,  4.6899e-01, -2.2998e-01, -1.1709e+00,  4.7943e-02, -1.4200e-03,  4.2439e-04,  1.1988e-03,  7.0190e-04,  1.8959e-03,  6.9094e-04, -8.6594e-04, -1.3914e-03, -2.0230e-04, -1.0729e-03,  1.9178e-03,  8.6260e-04,  2.9230e-04, -4.7255e-04,  9.9945e-04, -2.0146e-04,\n         3.1519e-04, -3.4142e-04,  2.8729e-04, -7.1239e-04, -1.0262e-03, -1.9121e-03, -7.1108e-05, -1.2302e-03,  1.1486e-04, -6.9237e-04,  1.2531e-03, -1.6499e-03,  1.3123e-03,  1.0853e-03, -3.0708e-04, -1.3065e-03,  6.4258e-01,  2.6147e-01, -1.3025e-01,  7.1487e-03, -4.5868e-02, -3.3142e-02, -1.1023e-01,  1.9995e-01,\n        -1.6418e-02, -9.2590e-02,  6.8176e-02, -5.5298e-02,  3.2715e-02,  3.3173e-02, -2.4567e-02,  1.6003e-01, -3.8208e-02, -8.8623e-02,  1.2230e-02,  2.5345e-02, -1.4270e-01,  6.1035e-02, -9.3323e-02, -1.3885e-02,  1.4136e-01, -2.7332e-03,  1.0376e-01,  1.0353e-02,  1.9836e-01, -6.0730e-02,  3.6102e-02,  5.1331e-02,\n         3.0640e-01, -7.1094e-01,  7.0752e-01, -7.6758e-01,  3.0347e-01, -1.0137e+00,  4.1772e-01, -4.6558e-01,  9.8755e-02, -1.8945e-01, -7.6318e-01,  3.5742e-01,  1.2439e-01,  7.0117e-01,  6.9092e-01, -6.1133e-01,  9.2041e-01, -1.2732e-01, -3.1445e-01, -8.2715e-01, -6.9922e-01,  2.1790e-01, -2.9785e-01, -7.9150e-01,\n        -8.1201e-01, -4.5776e-01, -3.6499e-01, -1.6736e-01,  2.2791e-01,  1.0957e+00, -3.5059e-01, -9.2529e-02,  3.6278e-03,  6.9761e-04, -2.8076e-03,  4.8981e-03,  9.8419e-04,  4.2915e-03, -7.0953e-04,  4.1924e-03, -2.8687e-03, -5.7564e-03,  7.9346e-03, -6.4888e-03, -9.0504e-04, -4.8180e-03, -9.0742e-04,  1.7710e-03,\n        -4.9057e-03,  8.9931e-04,  8.6288e-03,  7.4844e-03,  7.5188e-03, -3.1528e-03, -7.4196e-04,  7.1383e-04,  4.0398e-03, -6.8903e-04,  2.6913e-03,  1.8244e-03, -3.2578e-03, -5.1041e-03,  6.6414e-03, -9.8953e-03, -7.3486e-02,  1.3634e-02,  2.8296e-01,  2.5171e-01,  1.4795e-01,  5.6061e-02,  2.6688e-02, -6.8207e-03,\n        -2.4750e-02,  2.4078e-02,  7.2556e-03, -1.1230e-01, -2.6169e-02,  3.3142e-02, -2.9617e-02,  4.2267e-02,  1.5327e-02,  4.2114e-02,  2.2018e-02,  8.3160e-03, -4.0588e-02,  5.7739e-02,  2.2339e-02, -2.1652e-02, -7.3547e-02, -2.6112e-03, -2.9678e-02,  2.8244e-02,  8.8989e-02,  4.1656e-03,  9.7752e-04, -1.4270e-01])"", ""class"": ""BatchNorm2d"", ""eps"": 0.001}","[[1, 384, 20, 20]]","[""torch.float32""]","[[1, 384, 20, 20]]",8.m.0.1.attn.qkv.bn,forward,True,768,,1228800,,52,1.5676,1.4683,0.557
8.m.0.1.attn.qkv.act,3a655826cbd02449,Identity,"{""class"": ""Identity""}","[[1, 384, 20, 20]]","[""torch.float32""]","[[1, 384, 20, 20]]",8.m.0.1.attn.qkv.act,forward,True,0,,1228800,,52,0.0058,0.0052,0.0029
8.m.0.1.attn.proj,5cfa28a28ad2d2aa,Conv,"{""class"": ""Conv""}","[[1, 128, 20, 20]]","[""torch.float32""]","[[1, 128, 20, 20]]",8.m.0.1.attn.proj,forward,False,16640,,409600,,52,10.3563,11.0511,2.3795
8.m.0.1.attn.proj.conv,665138cb895e145b,Conv2d,"{""bias"": null, ""class"": ""Conv2d"", ""dilation"": [1, 1], ""groups"": 1, ""in_channels"": 128, ""kernel_size"": [1, 1], ""out_channels"": 128, ""padding"": [0, 0], ""stride"": [1, 1]}","[[1, 128, 20, 20]]","[""torch.float32""]","[[1, 128, 20, 20]]",8.m.0.1.attn.proj.conv,forward,True,16384,6553600,409600,16.0,52,8.4104,8.7269,2.0464
8.m.0.1.attn.proj.bn,356ca7b5a233d1bb,BatchNorm2d,"{""bias"": ""Parameter containing:\ntensor([ 4.4167e-05,  5.4240e-05, -5.2571e-05,  1.3113e-05, -6.7174e-05, -9.9540e-06,  3.0816e-05, -6.8009e-05, -1.3566e-04,  5.4598e-05,  5.1379e-05,  4.9770e-05,  1.5438e-05, -9.8526e-05,  2.2590e-05,  1.1814e-04, -8.3625e-05,  6.3658e-05,  7.3552e-05,  1.1623e-05,  2.3186e-05, -9.2566e-05, -6.9499e-05,  2.2173e-05,\n         1.5497e-05,  1.0610e-05, -6.0916e-05, -1.5616e-05, -5.7638e-05,  6.1989e-06, -6.6757e-05,  1.5557e-05, -3.2187e-06, -6.2704e-05, -1.6034e-05, -9.4771e-06, -7.5638e-05,  5.3465e-05,  5.7638e-05, -1.5414e-04,  7.8678e-06,  1.9908e-05, -8.7440e-05, -9.5963e-06,  5.2452e-05,  8.5771e-05, -7.7486e-07,  5.7817e-06,\n         2.8968e-05, -5.0545e-05,  1.4007e-05,  6.7949e-05,  3.8147e-05, -6.9141e-05,  2.4199e-05,  4.4286e-05,  3.6895e-05,  2.1219e-05,  9.7513e-05,  8.8394e-05,  3.2365e-05,  1.3566e-04, -4.8995e-05,  2.4855e-05,  5.6744e-05,  5.7876e-05,  4.7505e-05, -4.1723e-06,  1.3947e-05, -4.8459e-05,  4.2975e-05,  8.2731e-05,\n        -1.0312e-05,  2.7537e-05, -6.2883e-05, -2.1458e-06,  4.2796e-05,  4.1127e-06,  2.7180e-05, -4.4227e-05, -2.8968e-05, -5.4002e-05,  6.3181e-06, -7.1406e-05,  4.0293e-05, -9.7096e-05,  1.3053e-05, -3.2187e-06, -1.4365e-05,  8.6427e-06, -6.4909e-05,  3.0816e-05,  4.1187e-05, -2.3127e-05, -8.3387e-05,  1.7166e-05,\n         1.6034e-05,  4.0770e-05,  4.3452e-05, -5.1796e-05, -7.9215e-05,  6.3241e-05, -4.7088e-05, -5.0426e-05,  1.6510e-05,  1.1802e-05, -5.1677e-05,  8.6665e-05, -7.0751e-05,  7.9751e-05, -1.7047e-05,  6.9439e-05, -2.0564e-05, -2.5928e-05,  4.2319e-06, -1.1122e-04, -5.0485e-05, -5.7817e-05, -2.8849e-05, -1.3173e-05,\n        -8.0585e-05,  1.5795e-05,  5.0187e-05,  7.2300e-05, -4.0650e-05,  1.6689e-05,  1.2457e-05, -9.6560e-06])"", ""class"": ""BatchNorm2d"", ""eps"": 0.001}","[[1, 128, 20, 20]]","[""torch.float32""]","[[1, 128, 20, 20]]",8.m.0.1.attn.proj.bn,forward,True,256,,409600,,52,1.6718,1.4677,0.7799
8.m.0.1.attn.proj.act,040a03fffb67230a,Identity,"{""class"": ""Identity""}","[[1, 128, 20, 20]]","[""torch.float32""]","[[1, 128, 20, 20]]",8.m.0.1.attn.proj.act,forward,True,0,,409600,,52,0.0073,0.005,0.0079
8.m.0.1.attn.pe,5cfa28a28ad2d2aa,Conv,"{""class"": ""Conv""}","[[1, 128, 20, 20]]","[""torch.float32""]","[[1, 128, 20, 20]]",8.m.0.1.attn.pe,forward,False,6656,,409600,,52,10.641,10.9321,3.112
8.m.0.1.attn.pe.conv,b86b53c41efbc064,Conv2d,"{""bias"": ""Parameter containing:\ntensor([-3.4363e-02, -5.6274e-02, -3.7659e-02, -5.2216e-02,  2.2873e-02, -7.5989e-02, -2.4139e-02, -9.6985e-02,  1.3916e-01, -6.3210e-03, -6.1371e-02,  1.8433e-02,  1.7456e-02,  1.2445e-01, -1.2067e-01,  1.4087e-01, -1.4816e-02,  1.1804e-01, -1.1951e-01,  1.0231e-02,  1.3037e-01, -1.4001e-01, -1.3489e-01,  6.8512e-03,\n         6.4758e-02,  2.2690e-02, -6.2927e-02,  2.4429e-02, -3.5767e-02, -1.6006e-02,  1.2184e-02, -1.4565e-02,  8.7891e-03,  5.8167e-02,  1.3879e-01,  8.9172e-02, -3.0151e-02,  4.4891e-02,  1.0620e-01,  3.3020e-02, -1.3599e-01,  5.1178e-02, -4.4281e-02,  1.1090e-01,  1.2659e-01, -1.2213e-01,  2.2568e-02, -5.1758e-02,\n         6.1096e-02,  1.4862e-02,  1.0443e-01,  8.1665e-02, -8.5815e-02,  2.1454e-02, -5.4810e-02,  7.2693e-02, -3.9978e-02, -3.7323e-02,  1.0468e-01, -1.5350e-02,  1.4244e-02, -1.2634e-01,  4.6387e-03,  1.3110e-01, -1.0321e-01, -5.3436e-02,  6.4209e-02,  1.2903e-01,  8.8806e-02, -9.5703e-02, -1.0834e-01, -1.4258e-01,\n        -2.7664e-02, -1.3391e-01, -1.1993e-01,  1.2878e-01,  7.9651e-03, -6.5491e-02, -1.3623e-01, -8.0585e-05, -9.8206e-02, -9.2712e-02,  5.7892e-02, -8.1299e-02,  2.1988e-02,  1.1765e-02, -4.9957e-02,  1.1414e-01,  6.4575e-02, -8.3618e-02,  8.3618e-02, -1.4246e-01,  1.3428e-01, -5.5664e-02,  5.7129e-02, -6.2225e-02,\n        -5.0079e-02,  1.0382e-01, -1.3013e-01, -6.0791e-02,  1.3159e-01, -4.0665e-03,  5.7648e-02, -8.1116e-02,  1.1475e-01,  6.3049e-02, -1.1188e-01,  4.2969e-02, -4.8096e-02, -6.4240e-03, -5.7907e-03,  2.2385e-02, -1.2891e-01,  2.3315e-02,  1.0773e-01, -2.4017e-02, -5.0690e-02, -1.2093e-02,  1.3293e-01, -8.4961e-02,\n         1.3440e-01, -6.9008e-03, -1.2866e-01,  5.2460e-02, -8.4656e-02, -2.5681e-02, -2.5742e-02,  2.3468e-02])"", ""class"": ""Conv2d"", ""dilation"": [1, 1], ""groups"": 128, ""in_channels"": 128, ""kernel_size"": [7, 7], ""out_channels"": 128, ""padding"": [3, 3], ""stride"": [1, 1]}","[[1, 128, 20, 20]]","[""torch.float32""]","[[1, 128, 20, 20]]",8.m.0.1.attn.pe.conv,forward,True,6400,2508800,409600,6.125,52,8.8113,9.2795,2.6768
8.m.0.1.attn.pe.bn,01ce6d0a5bfe60e5,BatchNorm2d,"{""bias"": ""Parameter containing:\ntensor([ 3.2842e-05, -4.6670e-05,  2.9087e-05,  2.3067e-05,  8.1658e-06,  1.3173e-05,  8.8811e-06,  2.8253e-05, -6.9737e-06, -3.1590e-05, -5.3644e-07,  1.4126e-05,  9.3579e-06, -1.0550e-05, -2.1338e-05,  1.5974e-05,  7.8678e-06, -2.0564e-05,  7.0930e-06,  1.7583e-05,  5.0962e-05, -2.0981e-05,  1.8954e-05, -3.6180e-05,\n        -3.4571e-06, -4.2737e-05,  8.0466e-05, -1.4126e-05, -3.7730e-05,  2.8908e-05,  1.7881e-07,  2.9385e-05, -5.8413e-06, -4.4703e-06, -1.8060e-05, -2.2769e-05,  3.8147e-06, -5.1260e-06, -1.5378e-05,  1.6093e-05, -7.9870e-06,  1.6451e-05,  2.5988e-05,  3.2187e-05, -5.9605e-06,  2.2650e-06, -5.5432e-06,  1.8537e-05,\n         1.2398e-05, -6.7949e-06,  4.3213e-05,  5.8413e-06,  1.6689e-06, -1.3947e-05,  3.9339e-06, -2.3246e-06,  3.9279e-05, -2.6524e-05,  1.3292e-05,  9.2983e-06, -8.3447e-07,  4.3511e-06,  1.3709e-05, -6.9141e-06,  1.5497e-06,  1.8001e-05,  1.4842e-05, -2.2948e-05,  3.5167e-06, -2.1577e-05, -3.4571e-06, -3.5763e-06,\n        -1.5497e-06, -1.4901e-06,  4.8876e-06,  1.7703e-05, -1.1921e-05, -1.6689e-05,  4.7922e-05, -1.5318e-05, -1.7047e-05, -8.7619e-06,  3.7014e-05,  5.2452e-06, -3.6955e-06,  5.9605e-06,  9.5963e-06, -5.0664e-06,  3.6359e-06, -1.6391e-05, -1.2338e-05, -9.5367e-07,  5.1856e-06,  1.8716e-05,  1.0133e-06,  4.2200e-05,\n         2.6524e-05,  9.2983e-06, -7.9274e-06, -1.3292e-05, -2.5392e-05, -2.4915e-05,  3.3379e-06,  1.4067e-05,  1.1683e-05, -1.2934e-05,  3.1829e-05,  4.2617e-05, -1.7166e-05,  1.0550e-05, -3.9935e-06,  2.0325e-05, -1.2636e-05, -1.6093e-05,  1.9491e-05,  1.4305e-06, -1.1086e-05, -4.5896e-06, -1.7405e-05,  1.6689e-06,\n         2.0683e-05,  5.5075e-05,  2.1577e-05, -9.6560e-06,  1.3649e-05,  2.7180e-05,  2.9087e-05, -6.8545e-06])"", ""class"": ""BatchNorm2d"", ""eps"": 0.001}","[[1, 128, 20, 20]]","[""torch.float32""]","[[1, 128, 20, 20]]",8.m.0.1.attn.pe.bn,forward,True,256,,409600,,52,1.5334,1.4435,0.7104
8.m.0.1.attn.pe.act,040a03fffb67230a,Identity,"{""class"": ""Identity""}","[[1, 128, 20, 20]]","[""torch.float32""]","[[1, 128, 20, 20]]",8.m.0.1.attn.pe.act,forward,True,0,,409600,,52,0.0077,0.0053,0.008
8.m.0.1.mlp,8dc85d5491e12e77,Sequential,"{""class"": ""Sequential""}","[[1, 128, 20, 20]]","[""torch.float32""]","[[1, 128, 20, 20]]",8.m.0.1.mlp,forward,False,66304,,409600,,52,24.4889,25.438,5.6345
8.m.0.1.mlp.0,5cfa28a28ad2d2aa,Conv,"{""class"": ""Conv""}","[[1, 128, 20, 20]]","[""torch.float32""]","[[1, 256, 20, 20]]",8.m.0.1.mlp.0,forward,False,33280,,614400,,52,13.3078,13.7867,2.9615
8.m.0.1.mlp.0.conv,b17427f458e7c17c,Conv2d,"{""bias"": null, ""class"": ""Conv2d"", ""dilation"": [1, 1], ""groups"": 1, ""in_channels"": 128, ""kernel_size"": [1, 1], ""out_channels"": 256, ""padding"": [0, 0], ""stride"": [1, 1]}","[[1, 128, 20, 20]]","[""torch.float32""]","[[1, 256, 20, 20]]",8.m.0.1.mlp.0.conv,forward,True,32768,13107200,614400,21.3333,52,9.3951,9.5698,2.075
8.m.0.1.mlp.0.bn,bc04de9223da7e8d,BatchNorm2d,"{""bias"": ""Parameter containing:\ntensor([-1.2070, -0.9854, -0.9683, -1.1631, -1.3613, -1.1543, -1.1895, -1.1553, -1.1143, -1.0791, -1.4961, -1.4385, -1.5693, -1.4082, -1.4424, -1.2803, -1.2383, -0.8530, -1.0068, -0.9795, -1.0342, -1.0342, -0.9307, -0.0644, -1.2100, -1.2363, -0.9390, -1.0693, -1.3096, -1.1279, -1.1211, -1.1484, -1.2197, -1.1357,\n        -1.0205, -1.0205, -1.2490, -1.0791, -1.1035, -1.3652, -1.3877, -1.0977, -1.1016, -1.4395, -0.8677, -1.2412, -1.2979, -0.9712, -1.0674, -1.0869, -0.8921, -0.9302, -1.1982, -1.0713, -1.2520, -1.3115, -1.4795, -1.0840, -1.0518, -1.1797, -1.1758, -1.3828, -0.9146, -1.1904, -1.1143, -0.8672, -1.3828, -1.1162,\n        -1.2559, -1.4746, -1.0645, -1.1143, -1.0000, -1.1172, -0.9736, -1.1211, -0.7583, -1.0605, -0.9526, -1.1436, -3.2578, -1.2578, -1.4834, -0.9180, -0.9507, -1.3018, -1.4287, -1.1504, -1.0127, -1.0518, -1.2178, -0.9956, -1.3516, -1.0254, -1.2568, -1.1631, -0.9717, -1.1318, -0.7827, -1.1973, -0.8955, -1.0840,\n        -1.1279, -1.1143, -1.0029, -1.2139, -1.4180, -0.8740, -1.1328, -1.2314, -1.0107, -1.0312, -1.0283, -1.1152, -1.2988, -0.9844, -1.3154, -1.1338, -1.0244, -0.9907, -1.3223, -1.0820, -1.2910, -1.2822, -1.3486, -1.0342, -1.2363, -1.0898, -1.2656, -1.1211, -1.1680, -1.1162, -1.2773, -0.9883, -1.0254, -1.0254,\n        -0.9771, -0.9668, -1.0205, -1.0889, -1.0771, -0.8535, -0.8350, -1.4521, -0.8740, -0.9937, -1.0088, -1.0693, -1.1826, -1.1523, -1.1318, -1.3496, -1.2490, -1.2168, -1.1113, -1.2549, -1.1338, -1.0342, -1.0547, -1.1846, -0.8232, -0.9087, -1.0000, -1.1387, -1.3262, -1.0488, -1.0566, -1.2285, -0.9844, -0.9404,\n        -1.1602, -0.9019, -1.0635, -1.0996, -0.9653, -0.9502, -1.0625, -1.2822, -1.3535, -1.0947, -0.9668, -1.0068, -1.0986, -0.2429, -0.9907, -1.3262, -1.6328, -1.0332, -1.2510, -1.4824, -1.0273, -1.2832, -0.9697, -1.0576, -0.9678, -0.8364, -1.2441, -0.9614, -1.0674, -1.9434, -1.3369, -1.2666, -1.3213, -1.3867,\n        -1.1582, -1.2715, -1.0742, -1.1895, -1.7578, -1.2998, -1.2207, -1.1006, -1.2393, -1.5098, -1.2881, -0.8770, -0.9209, -1.0586, -1.1367, -1.1094, -1.0469, -1.1328, -1.0391, -1.0869, -1.1338, -1.3740, -0.9219, -1.0146, -0.9038, -1.6289, -1.1387, -1.0576, -1.3691, -1.3359, -1.1006, -1.0518, -1.1904, -1.2188,\n        -0.9297, -1.5908, -0.8721, -1.1162, -0.8857, -1.1709, -1.4668, -0.8027, -1.3301, -0.8535, -1.0771, -1.0820, -0.9233, -1.1328, -0.5713, -1.1387, -1.9814, -1.3438])"", ""class"": ""BatchNorm2d"", ""eps"": 0.001}","[[1, 256, 20, 20]]","[""torch.float32""]","[[1, 256, 20, 20]]",8.m.0.1.mlp.0.bn,forward,True,512,,819200,,52,1.5848,1.4926,0.703
8.m.0.1.mlp.1,0ed1c23cf9110f7a,Conv,"{""class"": ""Conv""}","[[1, 256, 20, 20]]","[""torch.float32""]","[[1, 128, 20, 20]]",8.m.0.1.mlp.1,forward,False,33024,,614400,,52,11.0128,11.3647,3.0194
8.m.0.1.mlp.1.conv,263b166895ce2216,Conv2d,"{""bias"": null, ""class"": ""Conv2d"", ""dilation"": [1, 1], ""groups"": 1, ""in_channels"": 256, ""kernel_size"": [1, 1], ""out_channels"": 128, ""padding"": [0, 0], ""stride"": [1, 1]}","[[1, 256, 20, 20]]","[""torch.float32""]","[[1, 128, 20, 20]]",8.m.0.1.mlp.1.conv,forward,True,32768,13107200,614400,21.3333,52,9.2189,9.5485,2.6396
8.m.0.1.mlp.1.bn,1ac223ae4db822da,BatchNorm2d,"{""bias"": ""Parameter containing:\ntensor([ 3.3855e-05,  3.0577e-05, -2.6166e-05,  2.9802e-06, -1.0079e-04,  1.0431e-05,  4.4167e-05, -3.8803e-05, -1.2910e-04,  6.0976e-05,  1.9431e-05,  5.2869e-05,  3.6836e-05, -8.4400e-05,  4.5955e-05,  8.4639e-05, -6.9439e-05,  5.3704e-05,  8.7917e-05, -1.1742e-05,  3.8266e-05, -7.9274e-05, -5.8711e-05,  2.3246e-06,\n        -9.5367e-06,  5.3048e-06, -8.7619e-05, -4.6849e-05, -2.5988e-05, -3.4451e-05, -3.4213e-05,  1.5497e-06, -1.3530e-05, -4.4465e-05, -3.6538e-05, -1.5199e-05, -6.2764e-05,  4.5061e-05,  2.1577e-05, -1.2118e-04,  3.3259e-05,  1.4126e-05, -8.6963e-05, -2.9325e-05,  4.3690e-05,  4.8220e-05,  1.5080e-05,  1.1563e-05,\n         9.5367e-06, -7.5579e-05,  1.4663e-05,  6.6042e-05,  3.1650e-05, -6.6996e-05,  4.0293e-05, -1.4901e-05,  3.1412e-05,  2.5213e-05,  8.7738e-05,  4.6492e-05,  4.7743e-05,  1.1426e-04, -4.5776e-05,  3.3855e-05,  4.7207e-05,  3.8981e-05,  5.0306e-05, -2.8789e-05, -4.3511e-06, -5.3585e-05,  3.7551e-05,  8.2910e-05,\n        -6.7353e-06, -2.4915e-05, -3.7253e-05, -3.3557e-05,  2.0683e-05, -1.0252e-05,  4.6730e-05, -7.3910e-05, -3.3855e-05, -2.7061e-05,  2.1458e-06, -7.5758e-05,  2.2531e-05, -9.6738e-05, -2.5034e-05,  3.9995e-05,  3.8147e-06,  2.0444e-05, -4.3988e-05,  4.5240e-05,  1.5914e-05, -1.2934e-05, -1.0204e-04,  3.0935e-05,\n         3.1590e-05,  1.5736e-05,  5.9605e-05, -3.2425e-05, -1.0633e-04,  4.6730e-05, -3.5346e-05, -6.5506e-05, -1.6987e-05, -4.7684e-07, -4.1604e-05,  8.4817e-05, -7.6950e-05,  7.5102e-05, -8.9407e-06,  4.8101e-05, -1.1504e-05, -4.0889e-05, -6.6757e-06, -1.1194e-04, -3.7670e-05, -5.0008e-05, -2.4796e-05, -2.6107e-05,\n        -5.2691e-05,  3.5167e-06,  4.4107e-05,  8.6188e-05, -4.3452e-05,  6.5565e-07, -1.3113e-06, -2.9683e-05])"", ""class"": ""BatchNorm2d"", ""eps"": 0.001}","[[1, 128, 20, 20]]","[""torch.float32""]","[[1, 128, 20, 20]]",8.m.0.1.mlp.1.bn,forward,True,256,,409600,,52,1.5032,1.4184,0.6158
8.m.0.1.mlp.1.act,040a03fffb67230a,Identity,"{""class"": ""Identity""}","[[1, 128, 20, 20]]","[""torch.float32""]","[[1, 128, 20, 20]]",8.m.0.1.mlp.1.act,forward,True,0,,409600,,52,0.0161,0.005,0.0565
8.m.1,8dc85d5491e12e77,Sequential,"{""class"": ""Sequential""}","[[1, 128, 20, 20]]","[""torch.float32""]","[[1, 128, 20, 20]]",8.m.1,forward,False,279040,,409600,,52,205.2137,203.4949,50.7376
8.m.1.0,03c6cbec4f2c6c4a,ABlock,"{""class"": ""ABlock""}","[[1, 128, 20, 20]]","[""torch.float32""]","[[1, 128, 20, 20]]",8.m.1.0,forward,False,139520,,409600,,52,99.238,101.3526,27.2089
8.m.1.0.attn,332b51de17d94a94,AAttn,"{""class"": ""AAttn"", ""head_dim"": 32, ""num_heads"": 4}","[[1, 128, 20, 20]]","[""torch.float32""]","[[1, 128, 20, 20]]",8.m.1.0.attn,forward,False,73216,,409600,,52,69.891,72.3484,22.2063
8.m.1.0.attn.qkv,5cfa28a28ad2d2aa,Conv,"{""class"": ""Conv""}","[[1, 128, 20, 20]]","[""torch.float32""]","[[1, 384, 20, 20]]",8.m.1.0.attn.qkv,forward,False,49920,,819200,,52,12.2034,12.6322,3.2141
8.m.1.0.attn.qkv.conv,282a7ae5b7726ea7,Conv2d,"{""bias"": null, ""class"": ""Conv2d"", ""dilation"": [1, 1], ""groups"": 1, ""in_channels"": 128, ""kernel_size"": [1, 1], ""out_channels"": 384, ""padding"": [0, 0], ""stride"": [1, 1]}","[[1, 128, 20, 20]]","[""torch.float32""]","[[1, 384, 20, 20]]",8.m.1.0.attn.qkv.conv,forward,True,49152,19660800,819200,24.0,52,10.1133,10.7422,2.6651
8.m.1.0.attn.qkv.bn,f9ff153a5db0b841,BatchNorm2d,"{""bias"": ""Parameter containing:\ntensor([-2.5000e-01,  1.9470e-01,  1.5845e-01,  2.2437e-01, -3.6255e-01, -1.9690e-01,  1.1279e-01,  5.3320e-01, -1.0254e-01,  2.6562e-01, -2.3621e-01, -5.8789e-01, -8.7708e-02, -3.4766e-01, -5.0928e-01, -1.0139e-02,  9.8206e-02, -2.5293e-01,  1.8579e-01, -3.6646e-01,  4.5605e-01,  3.9429e-01,  2.6929e-01, -4.6478e-02,\n         9.2896e-02,  1.3037e-01, -4.8950e-02,  3.7720e-01, -1.3806e-01, -2.4341e-01,  1.1530e-01,  2.1143e-01, -1.6012e-03, -1.7815e-03, -5.0592e-04,  1.0567e-03,  1.2360e-03, -6.2180e-04,  4.8876e-04, -1.1902e-03,  8.1658e-05,  1.2693e-03, -1.2217e-03,  2.9325e-05,  8.7690e-04, -1.9417e-03, -1.1063e-03, -8.5354e-04,\n        -9.8896e-04,  7.5400e-05, -4.7660e-04,  4.4155e-04,  6.8951e-04,  1.5974e-03, -9.6178e-04, -1.0042e-03, -1.3447e-04,  5.5265e-04,  8.6927e-04,  1.8673e-03, -1.3962e-03,  1.8463e-03,  5.6028e-04, -3.8505e-04,  1.3879e-01, -1.0730e-01,  1.6711e-01, -1.1499e-01, -3.7048e-02,  3.6743e-02, -1.6922e-02, -1.1267e-01,\n        -9.1324e-03, -3.4666e-04, -1.2062e-02, -1.0597e-02,  6.6162e-02, -1.4417e-01, -5.7495e-02, -2.0630e-01,  1.3684e-01, -1.3329e-02, -4.0802e-02,  6.6162e-02,  2.0477e-02,  2.0129e-01, -4.9341e-01,  2.6917e-02,  7.3425e-02,  9.0820e-02, -9.1736e-02, -2.4979e-02,  5.1788e-02,  2.5894e-02, -2.5101e-03,  1.5762e-02,\n        -1.5527e-01, -2.2961e-01, -2.2729e-01,  2.6978e-01,  2.4170e-01,  2.3877e-01, -4.6844e-02,  2.8540e-01, -1.2067e-01, -1.8860e-01,  2.3010e-01, -1.1810e-02, -3.1445e-01, -7.8125e-02, -1.6138e-01,  3.0298e-01, -2.4854e-01,  3.3905e-02,  2.4670e-01, -7.9489e-04, -2.5977e-01, -1.0754e-01, -7.6180e-03, -2.5171e-01,\n         2.8198e-01, -2.5158e-03,  2.8174e-01,  1.2708e-01,  2.9395e-01, -3.0078e-01,  2.6416e-01,  7.3914e-02, -1.3361e-03,  1.9722e-03,  2.2964e-03, -1.4849e-03,  2.3518e-03, -3.2654e-03, -4.0555e-04, -8.8501e-04, -3.3188e-03, -1.3685e-03, -1.0767e-03,  4.7417e-03, -3.7003e-03, -2.5921e-03,  2.5063e-03, -6.1750e-04,\n         2.9964e-03,  3.0022e-03,  7.9346e-04, -7.5531e-04, -1.5259e-04, -4.4327e-03, -8.0967e-04, -2.2621e-03,  2.6779e-03,  2.8877e-03, -3.0708e-03, -5.3215e-03,  1.0366e-03, -2.3060e-03,  3.4122e-03,  7.3624e-04,  4.1797e-01,  3.8269e-02,  4.9927e-02,  1.5366e-02,  5.4004e-01,  1.4880e-01, -1.4709e-01,  2.2659e-02,\n        -1.5930e-01,  8.9355e-02, -2.3575e-02, -1.8225e-01,  1.3367e-01, -5.7422e-01,  2.6050e-01, -3.3478e-02,  1.2756e-01, -7.8796e-02, -1.2610e-01,  3.8666e-02,  9.5886e-02,  2.3853e-01, -1.2390e-02, -1.4587e-01,  8.0664e-01, -9.1492e-02, -1.7151e-01,  1.5088e-01,  2.7802e-02,  9.9792e-02, -2.9150e-01,  1.0553e-01,\n         1.0400e+00, -1.1804e-01,  2.7618e-02,  2.2485e-01, -6.5430e-01, -4.6118e-01, -5.8746e-02,  4.8999e-01, -5.7422e-01,  4.5410e-01,  9.3628e-02, -2.7734e-01,  4.8584e-01,  6.2793e-01, -1.4172e-01, -9.2010e-03,  3.8361e-02, -4.8584e-01, -7.4829e-02, -1.3135e-01,  7.5340e-03,  9.2926e-03,  4.6478e-02, -4.8859e-02,\n        -3.9160e-01, -2.9858e-01, -9.2627e-01,  3.1250e-02, -1.4023e+00,  1.8054e-01,  8.8501e-02,  3.9258e-01, -5.1403e-04,  1.5488e-03, -1.6060e-03, -1.6241e-03,  2.2030e-03, -2.8419e-03, -9.7036e-04, -5.9271e-04, -1.4620e-03,  4.2057e-04,  7.7772e-04,  1.0014e-03, -1.4439e-03,  1.1587e-03, -3.5610e-03, -7.1907e-04,\n        -7.0572e-04,  2.5196e-03, -1.3342e-03, -8.7070e-04,  5.0545e-04, -1.0147e-03, -1.4424e-04, -1.3411e-04, -2.0523e-03,  7.1287e-05, -1.2608e-03,  2.5177e-03, -9.5785e-05,  7.6008e-04,  1.2999e-03, -1.4009e-03,  2.8564e-02,  6.9519e-02, -9.1309e-02, -8.0338e-03,  2.7435e-02, -2.4277e-02,  3.7048e-02,  1.1871e-01,\n         2.1472e-01,  5.1270e-02, -5.2338e-02,  3.9124e-02, -8.8074e-02,  3.6192e-04, -2.7466e-01, -1.1182e-01,  4.3823e-02,  8.8135e-02,  2.0798e-02, -4.9255e-02,  1.4026e-01, -6.6757e-03,  2.0068e-01,  1.4758e-01,  1.8481e-01, -9.8999e-02, -8.3130e-02,  8.7219e-02,  1.4624e-01, -1.4107e-02, -8.0566e-02,  2.2446e-02,\n         1.1194e-01, -3.2764e-01, -3.3691e-01, -6.6357e-01,  1.0419e-01,  2.1582e-01, -2.7759e-01,  6.8945e-01, -4.0015e-01,  4.0015e-01,  1.4294e-01,  6.1133e-01,  3.5303e-01, -7.3059e-02,  3.9111e-01, -3.7085e-01,  4.3823e-02,  1.6638e-01, -7.1240e-01,  4.5703e-01, -4.2969e-01, -4.5435e-01,  1.5295e-01, -1.0663e-01,\n        -1.9690e-01, -5.9375e-01, -2.5146e-02, -5.8691e-01,  5.9570e-01, -3.9856e-02,  7.4121e-01, -3.3936e-01,  1.2217e-03, -3.0577e-05,  3.6716e-03,  7.7534e-04,  1.8625e-03, -2.0008e-03,  1.8806e-03, -2.8419e-03,  1.9665e-03, -7.0000e-04, -2.4624e-03,  2.3472e-04, -1.0192e-04,  3.5286e-03,  1.2608e-03,  2.8362e-03,\n        -1.6308e-04, -2.7428e-03, -3.6488e-03, -1.2903e-03, -7.1812e-04,  8.1253e-04,  1.4553e-03,  1.1864e-03,  7.4244e-04, -8.0919e-04, -1.0939e-03, -2.8782e-03,  1.4076e-03, -7.3385e-04, -1.7633e-03,  8.5115e-04,  1.0582e-02, -6.9580e-02, -5.9998e-02,  6.8726e-02,  4.7546e-02,  2.5854e-01, -2.8286e-03, -4.2358e-02,\n         9.2773e-03,  3.2166e-02, -1.6861e-02, -3.5492e-02,  4.8590e-04,  1.9275e-01,  1.3145e-02, -7.1899e-02, -9.1003e-02, -6.4453e-02, -2.2754e-01,  2.9465e-02,  1.7920e-01, -1.1060e-01,  2.0493e-02,  1.2140e-01, -4.7241e-02, -2.0416e-02, -1.4854e-02, -2.6474e-02,  8.2275e-02,  8.4839e-02,  8.5571e-02, -5.6396e-02])"", ""class"": ""BatchNorm2d"", ""eps"": 0.001}","[[1, 384, 20, 20]]","[""torch.float32""]","[[1, 384, 20, 20]]",8.m.1.0.attn.qkv.bn,forward,True,768,,1228800,,52,1.7986,1.6176,0.6688
8.m.1.0.attn.qkv.act,3a655826cbd02449,Identity,"{""class"": ""Identity""}","[[1, 384, 20, 20]]","[""torch.float32""]","[[1, 384, 20, 20]]",8.m.1.0.attn.qkv.act,forward,True,0,,1228800,,52,0.0088,0.0049,0.0197
8.m.1.0.attn.proj,5cfa28a28ad2d2aa,Conv,"{""class"": ""Conv""}","[[1, 128, 20, 20]]","[""torch.float32""]","[[1, 128, 20, 20]]",8.m.1.0.attn.proj,forward,False,16640,,409600,,52,10.035,10.7905,3.2871
8.m.1.0.attn.proj.conv,665138cb895e145b,Conv2d,"{""bias"": null, ""class"": ""Conv2d"", ""dilation"": [1, 1], ""groups"": 1, ""in_channels"": 128, ""kernel_size"": [1, 1], ""out_channels"": 128, ""padding"": [0, 0], ""stride"": [1, 1]}","[[1, 128, 20, 20]]","[""torch.float32""]","[[1, 128, 20, 20]]",8.m.1.0.attn.proj.conv,forward,True,16384,6553600,409600,16.0,52,8.2201,8.7224,2.6989
8.m.1.0.attn.proj.bn,6429a79f183a9753,BatchNorm2d,"{""bias"": ""Parameter containing:\ntensor([-1.6570e-05,  8.2016e-05,  1.8656e-05,  5.1260e-06, -2.6822e-05, -2.0027e-05,  2.1756e-05, -1.0431e-05, -9.4712e-05,  4.1962e-05,  3.1590e-06, -8.1658e-06,  4.1544e-05, -1.0610e-04,  1.4842e-05,  5.6446e-05, -7.0393e-05, -2.7120e-05,  3.2783e-06, -1.7881e-05,  5.2035e-05, -3.3021e-05, -2.9981e-05,  9.8944e-06,\n        -4.6432e-05,  6.5565e-06, -3.1769e-05, -3.2306e-05, -3.2783e-05, -1.2159e-05, -1.7166e-05,  4.5419e-05, -4.8280e-06, -8.1003e-05, -4.6849e-05, -4.8697e-05, -2.1219e-05,  1.5736e-05, -9.2983e-06, -7.8857e-05,  2.7180e-05, -2.1458e-05, -9.0361e-05, -3.1829e-05, -4.8876e-06,  3.9339e-05,  2.3961e-05,  3.8207e-05,\n         1.8299e-05, -5.0724e-05,  3.1590e-06,  3.6240e-05, -7.5102e-06, -5.2691e-05, -4.1604e-05, -2.9445e-05, -3.0339e-05, -2.4915e-05,  4.8876e-05,  1.0383e-04,  7.8917e-05,  7.7724e-05, -3.1590e-05,  7.3016e-05, -9.5367e-07,  1.4663e-05,  2.8074e-05, -5.8293e-05, -4.6492e-06, -4.5002e-05,  3.0994e-05,  4.9472e-05,\n         3.2783e-05, -4.1604e-05,  2.8372e-05,  1.5974e-05,  1.5080e-05, -6.7949e-06, -7.1526e-06, -3.4094e-05, -6.8367e-05,  1.3411e-05, -1.4484e-05, -3.2663e-05, -2.1815e-05, -1.8835e-05, -5.0426e-05,  2.6405e-05, -1.1921e-07,  2.3365e-05, -2.6584e-05,  1.1146e-05,  2.2769e-05,  5.9605e-08, -1.0771e-04,  2.5332e-05,\n         6.4373e-06, -1.3709e-06,  4.3273e-05,  1.6868e-05,  2.2233e-05,  2.1577e-05, -5.9009e-05, -4.8578e-05, -1.1206e-05, -1.6987e-05,  8.4639e-06,  5.3406e-05, -4.6909e-05,  6.3837e-05, -6.9737e-06,  2.0981e-05, -1.5676e-05, -2.4915e-05, -1.0490e-05, -6.5625e-05, -5.9485e-05, -1.5676e-05, -2.9802e-06, -5.3048e-06,\n        -7.7486e-07,  1.3709e-06,  4.3631e-05,  4.2677e-05,  6.1393e-06, -6.6161e-06,  8.3447e-07, -1.9968e-05])"", ""class"": ""BatchNorm2d"", ""eps"": 0.001}","[[1, 128, 20, 20]]","[""torch.float32""]","[[1, 128, 20, 20]]",8.m.1.0.attn.proj.bn,forward,True,256,,409600,,52,1.4962,1.422,0.7462
8.m.1.0.attn.proj.act,040a03fffb67230a,Identity,"{""class"": ""Identity""}","[[1, 128, 20, 20]]","[""torch.float32""]","[[1, 128, 20, 20]]",8.m.1.0.attn.proj.act,forward,True,0,,409600,,52,0.0066,0.0049,0.0046
8.m.1.0.attn.pe,5cfa28a28ad2d2aa,Conv,"{""class"": ""Conv""}","[[1, 128, 20, 20]]","[""torch.float32""]","[[1, 128, 20, 20]]",8.m.1.0.attn.pe,forward,False,6656,,409600,,52,11.0521,11.1286,4.5612
8.m.1.0.attn.pe.conv,35de84e5894cc5e7,Conv2d,"{""bias"": ""Parameter containing:\ntensor([-0.0132, -0.0560, -0.1349, -0.0643, -0.0717, -0.1390, -0.1428, -0.0456, -0.0500, -0.1008,  0.1416, -0.1285, -0.0860,  0.0290,  0.0823, -0.0408,  0.0836,  0.0004,  0.0688,  0.0939, -0.0474,  0.0732, -0.1230, -0.0411,  0.0618,  0.0068,  0.0948,  0.1211, -0.0456, -0.1005,  0.1117,  0.0480,  0.0139,  0.0288,\n         0.0322, -0.0381, -0.0752,  0.0632,  0.0493,  0.0790,  0.1028,  0.0142, -0.1226, -0.0081, -0.1409,  0.1104,  0.1239,  0.0868, -0.0941,  0.1356,  0.0916, -0.0322,  0.0665,  0.1238,  0.0493, -0.0403, -0.0897, -0.0771, -0.0191,  0.0830, -0.0881,  0.1111,  0.1033,  0.0228,  0.0989,  0.0840, -0.1053,  0.1355,\n        -0.1423,  0.0190, -0.0050, -0.0343,  0.0021,  0.0492, -0.0802,  0.0856, -0.1372,  0.0712,  0.1172,  0.0997, -0.0253, -0.1218,  0.0183, -0.0607,  0.1211, -0.0759, -0.0941,  0.0994,  0.1382, -0.0623, -0.0640, -0.0585, -0.0632, -0.1035, -0.1344,  0.0407,  0.0448,  0.0661,  0.1069, -0.0068, -0.1407,  0.0634,\n         0.0245,  0.0202, -0.0286, -0.0046,  0.0832, -0.0071,  0.1265, -0.0498, -0.1425,  0.1359,  0.0500,  0.0242,  0.1061,  0.0482,  0.0658, -0.0586, -0.0848, -0.0792,  0.1390, -0.0213,  0.0520, -0.0290, -0.1364,  0.1035, -0.0822, -0.0141])"", ""class"": ""Conv2d"", ""dilation"": [1, 1], ""groups"": 128, ""in_channels"": 128, ""kernel_size"": [7, 7], ""out_channels"": 128, ""padding"": [3, 3], ""stride"": [1, 1]}","[[1, 128, 20, 20]]","[""torch.float32""]","[[1, 128, 20, 20]]",8.m.1.0.attn.pe.conv,forward,True,6400,2508800,409600,6.125,52,8.733,8.9706,2.408
8.m.1.0.attn.pe.bn,b4599c4a27ebb5d7,BatchNorm2d,"{""bias"": ""Parameter containing:\ntensor([ 1.5795e-05, -1.1563e-05,  8.5235e-06, -6.6161e-06, -3.0041e-05,  1.4663e-05,  1.6749e-05,  1.6928e-05, -1.7524e-05,  7.3314e-06, -3.6955e-06, -1.5259e-05, -9.7156e-06,  4.3869e-05, -3.2663e-05,  2.1577e-05, -9.5367e-06,  3.5644e-05,  7.1526e-07,  4.7684e-07,  1.4365e-05,  1.2100e-05,  1.6630e-05,  7.9274e-06,\n        -8.1658e-06,  1.5974e-05,  5.6624e-06, -6.9141e-06,  1.2755e-05, -1.3292e-05,  1.5318e-05,  1.0788e-05,  4.3511e-06,  6.4373e-06,  1.9789e-05,  1.3709e-05,  6.2764e-05,  1.6868e-05,  8.9407e-07,  2.9027e-05,  2.7716e-05,  5.9009e-06, -2.5034e-05, -2.2173e-05,  1.0788e-05,  3.5763e-07, -2.7180e-05,  1.6749e-05,\n         8.8811e-06,  3.2306e-05, -2.5272e-05, -2.3007e-05, -2.6524e-05, -3.9935e-06,  1.3947e-05,  7.2122e-06,  1.3709e-06,  2.9624e-05,  1.9372e-05, -2.0623e-05,  1.9252e-05, -8.1062e-06,  1.6510e-05, -1.2517e-06, -6.3181e-06,  2.4140e-05, -3.0398e-05, -1.7047e-05,  2.2650e-06,  2.4736e-05, -1.7524e-05,  4.9472e-06,\n        -1.8954e-05, -1.8477e-06,  2.5809e-05, -2.0027e-05,  7.2718e-06,  9.3579e-06,  8.2254e-06,  3.0339e-05, -3.2544e-05,  4.0531e-06,  4.9472e-06, -1.3471e-05,  1.5438e-05, -3.9339e-06, -3.7909e-05, -1.0848e-05, -3.2544e-05, -2.0087e-05,  3.4571e-06,  1.9073e-06, -2.8133e-05,  1.9491e-05, -8.4043e-06,  1.0133e-05,\n         2.5153e-05,  6.1989e-06,  5.6624e-06,  1.6391e-05,  1.3113e-05, -4.9472e-06, -2.6286e-05, -2.2113e-05, -2.0385e-05, -2.4438e-06,  2.3246e-06,  4.7088e-06,  7.9274e-06, -2.5630e-05, -7.8082e-06, -3.3677e-05,  8.2850e-06,  1.3232e-05, -7.4506e-06,  5.6028e-06, -3.5763e-06,  1.9073e-05, -1.5557e-05, -7.5102e-06,\n        -2.1517e-05, -1.3053e-05,  8.9407e-07, -2.9266e-05,  2.7657e-05, -1.6570e-05,  3.1829e-05,  1.9014e-05])"", ""class"": ""BatchNorm2d"", ""eps"": 0.001}","[[1, 128, 20, 20]]","[""torch.float32""]","[[1, 128, 20, 20]]",8.m.1.0.attn.pe.bn,forward,True,256,,409600,,52,2.0033,1.3188,3.2433
8.m.1.0.attn.pe.act,040a03fffb67230a,Identity,"{""class"": ""Identity""}","[[1, 128, 20, 20]]","[""torch.float32""]","[[1, 128, 20, 20]]",8.m.1.0.attn.pe.act,forward,True,0,,409600,,52,0.0069,0.0051,0.005
8.m.1.0.mlp,8dc85d5491e12e77,Sequential,"{""class"": ""Sequential""}","[[1, 128, 20, 20]]","[""torch.float32""]","[[1, 128, 20, 20]]",8.m.1.0.mlp,forward,False,66304,,409600,,52,25.8306,26.6785,5.867
8.m.1.0.mlp.0,5cfa28a28ad2d2aa,Conv,"{""class"": ""Conv""}","[[1, 128, 20, 20]]","[""torch.float32""]","[[1, 256, 20, 20]]",8.m.1.0.mlp.0,forward,False,33280,,614400,,52,14.2007,14.8081,3.3511
8.m.1.0.mlp.0.conv,b17427f458e7c17c,Conv2d,"{""bias"": null, ""class"": ""Conv2d"", ""dilation"": [1, 1], ""groups"": 1, ""in_channels"": 128, ""kernel_size"": [1, 1], ""out_channels"": 256, ""padding"": [0, 0], ""stride"": [1, 1]}","[[1, 128, 20, 20]]","[""torch.float32""]","[[1, 256, 20, 20]]",8.m.1.0.mlp.0.conv,forward,True,32768,13107200,614400,21.3333,52,9.945,10.1082,2.5886
8.m.1.0.mlp.0.bn,652acf691cd6384f,BatchNorm2d,"{""bias"": ""Parameter containing:\ntensor([-0.9224, -1.2852, -1.4365, -0.8345, -1.0000, -0.9932, -1.9854, -1.6172, -0.9033, -1.0449, -1.1113, -1.4580, -0.8374, -0.9624, -1.3701, -0.8989, -1.1768, -1.7451, -0.9585, -0.8745, -0.9648, -1.0664, -1.1738, -0.7739, -0.9717, -0.8223, -0.8091, -1.1279, -1.3418, -0.9258, -0.8960, -1.0586, -2.1914, -0.4009,\n        -1.0352, -1.0625, -0.9570, -1.3535, -0.8657, -1.0605, -1.1904, -1.0654, -1.6191, -1.4502, -1.0254, -1.6387, -1.2148, -1.3809, -0.7832, -0.8374, -0.9077, -0.8691, -0.7412, -1.2822, -0.9980, -1.4619, -0.9482, -0.9219, -0.6592, -0.8950, -1.0088, -0.6548, -1.1387, -0.9897, -1.6494, -1.1270, -0.8687, -1.1709,\n        -0.9385, -0.7739, -0.9604, -0.8550, -0.6230, -1.1328, -1.0635, -1.2725, -1.0449, -1.2930, -0.5938, -1.1016, -0.7397, -0.8369, -1.1914, -1.5361, -2.1738, -1.5117, -1.0137, -1.0889, -0.7480, -1.4834, -1.3037, -1.0303, -1.5439, -1.0293, -0.9326, -0.8477, -0.9448, -1.0410, -0.6670, -1.0303, -1.0059, -0.7368,\n        -1.2891, -1.0381, -1.0459, -1.2314, -1.3682, -0.8398, -1.5469, -1.3789, -0.9688, -0.8765, -1.4365, -1.2559, -0.8086, -0.8955, -1.0684, -1.0361, -1.3018, -0.8965, -1.1436, -1.1094, -0.9385, -1.0791, -1.1064, -1.0146, -0.9438, -1.4189, -1.2578, -0.9492, -1.0459, -0.9170, -1.5322, -1.2236, -1.7422, -0.9116,\n        -0.8984, -1.2949, -1.0801, -0.9668, -1.0088, -1.4824, -1.1094, -1.1191, -1.3086, -0.7905, -1.1338, -1.0059, -0.9829, -1.0000, -0.7935, -0.7534, -0.9004, -0.8496, -1.6172, -1.0361, -0.0675, -0.8501, -0.9990, -1.0791, -0.9287, -1.3789, -1.0312, -1.0576, -1.2617, -0.9414, -0.9121, -0.9546, -1.1660, -1.0518,\n        -0.9658, -0.9888, -1.4570, -1.1221, -0.8848, -1.3643, -1.0996, -0.7778, -1.1367, -1.2490, -1.1982, -1.2178, -1.6113, -1.2910, -1.1699, -0.9751, -0.8628, -0.9556, -0.8354, -1.1094, -0.8286, -0.8467, -0.9175, -1.0508, -0.9517, -0.4983, -1.3848, -1.0977, -0.5288, -0.8379, -1.1367, -1.2275, -0.7886, -1.0889,\n        -1.0625, -1.2822, -1.3770, -0.9185, -1.0352, -1.4600, -1.2822, -0.9653, -1.2402, -1.1445, -1.0791, -3.1035, -0.9727, -0.9868, -1.6748, -1.1748, -0.8076, -1.3057, -1.3604, -0.9683, -1.1543, -1.2041, -1.7441, -0.8799, -1.0000, -1.1289, -1.7451, -1.0957, -0.9399, -0.9263, -0.9355, -0.8604, -1.0176, -1.4775,\n        -0.9131, -0.9121, -0.9546, -0.9243, -1.5576, -1.1689, -0.9092, -0.9312, -1.0879, -1.7051, -1.0010, -1.1143, -0.9590, -1.1719, -0.9795, -0.9902, -0.9497, -1.4961])"", ""class"": ""BatchNorm2d"", ""eps"": 0.001}","[[1, 256, 20, 20]]","[""torch.float32""]","[[1, 256, 20, 20]]",8.m.1.0.mlp.0.bn,forward,True,512,,819200,,52,1.7598,1.7053,0.8519
8.m.1.0.mlp.1,0ed1c23cf9110f7a,Conv,"{""class"": ""Conv""}","[[1, 256, 20, 20]]","[""torch.float32""]","[[1, 128, 20, 20]]",8.m.1.0.mlp.1,forward,False,33024,,614400,,52,11.4608,11.5819,3.1345
8.m.1.0.mlp.1.conv,263b166895ce2216,Conv2d,"{""bias"": null, ""class"": ""Conv2d"", ""dilation"": [1, 1], ""groups"": 1, ""in_channels"": 256, ""kernel_size"": [1, 1], ""out_channels"": 128, ""padding"": [0, 0], ""stride"": [1, 1]}","[[1, 256, 20, 20]]","[""torch.float32""]","[[1, 128, 20, 20]]",8.m.1.0.mlp.1.conv,forward,True,32768,13107200,614400,21.3333,52,9.4491,9.6589,2.8245
8.m.1.0.mlp.1.bn,06491c25fa43265d,BatchNorm2d,"{""bias"": ""Parameter containing:\ntensor([ 2.3842e-06,  4.6432e-05, -2.1458e-05, -1.0133e-06, -2.6226e-06, -3.1710e-05, -1.8060e-05,  3.7491e-05, -7.2122e-05,  3.7670e-05, -1.2815e-05, -1.8597e-05,  3.3379e-05, -7.6294e-05, -0.0000e+00,  6.4194e-05, -8.5413e-05,  2.0027e-05, -9.1195e-06, -2.1577e-05,  4.7266e-05, -4.8876e-06,  6.4373e-06,  2.3842e-06,\n        -4.3333e-05, -3.3379e-06, -5.5611e-05, -1.2040e-05, -4.4584e-05, -1.7703e-05,  3.5405e-05,  3.2246e-05, -3.4332e-05, -6.5804e-05, -4.8101e-05, -2.9504e-05, -1.5199e-05,  5.1856e-06,  1.4961e-05, -6.6042e-05,  5.1320e-05, -1.9193e-05, -7.9393e-05, -4.0054e-05,  3.6955e-06,  2.3425e-05,  2.2292e-05,  1.7226e-05,\n         2.1815e-05, -5.3406e-05,  1.7285e-05,  3.5346e-05,  9.0599e-06, -3.8743e-05, -1.8299e-05, -2.7537e-05, -4.8220e-05, -5.9009e-06,  2.3305e-05,  6.1154e-05,  7.9513e-05,  7.3373e-05, -3.2306e-05,  7.5996e-05,  3.8743e-06,  3.5107e-05,  1.1444e-05, -7.0095e-05,  2.7180e-05, -3.2783e-05,  2.3663e-05,  4.0352e-05,\n         1.3351e-05, -2.4617e-05,  1.0490e-05,  1.2755e-05,  2.1398e-05, -6.9141e-06, -3.7611e-05, -3.9101e-05, -5.6148e-05,  1.0848e-05,  2.9206e-06, -1.6212e-05, -2.6166e-05,  1.3888e-05, -4.0054e-05,  1.0490e-05,  7.0930e-06,  2.8014e-06, -2.2650e-05,  6.8545e-06,  2.7001e-05,  1.5914e-05, -9.0241e-05,  1.9252e-05,\n         2.3842e-06, -3.5763e-06,  2.0504e-05,  3.3677e-05,  2.9624e-05, -1.5497e-06, -5.4121e-05, -2.1696e-05,  8.1658e-06, -7.7486e-07,  2.1398e-05,  4.7743e-05, -7.1347e-05,  6.0916e-05,  6.1989e-06,  2.4676e-05,  1.3113e-05, -5.0366e-05, -0.0000e+00, -1.9610e-05, -4.6372e-05, -8.9407e-06, -6.4969e-06, -1.4901e-06,\n         9.5367e-06, -1.0073e-05,  1.1921e-05, -1.4305e-06, -1.3411e-05, -4.6492e-06,  4.8876e-06, -3.3617e-05])"", ""class"": ""BatchNorm2d"", ""eps"": 0.001}","[[1, 128, 20, 20]]","[""torch.float32""]","[[1, 128, 20, 20]]",8.m.1.0.mlp.1.bn,forward,True,256,,409600,,52,1.6615,1.5584,0.7151
8.m.1.0.mlp.1.act,040a03fffb67230a,Identity,"{""class"": ""Identity""}","[[1, 128, 20, 20]]","[""torch.float32""]","[[1, 128, 20, 20]]",8.m.1.0.mlp.1.act,forward,True,0,,409600,,52,0.0069,0.0053,0.0037
8.m.1.1,03c6cbec4f2c6c4a,ABlock,"{""class"": ""ABlock""}","[[1, 128, 20, 20]]","[""torch.float32""]","[[1, 128, 20, 20]]",8.m.1.1,forward,False,139520,,409600,,52,105.749,104.0664,31.0315
8.m.1.1.attn,332b51de17d94a94,AAttn,"{""class"": ""AAttn"", ""head_dim"": 32, ""num_heads"": 4}","[[1, 128, 20, 20]]","[""torch.float32""]","[[1, 128, 20, 20]]",8.m.1.1.attn,forward,False,73216,,409600,,52,76.3116,74.1404,27.2773
8.m.1.1.attn.qkv,5cfa28a28ad2d2aa,Conv,"{""class"": ""Conv""}","[[1, 128, 20, 20]]","[""torch.float32""]","[[1, 384, 20, 20]]",8.m.1.1.attn.qkv,forward,False,49920,,819200,,52,15.9329,12.8089,22.7533
8.m.1.1.attn.qkv.conv,282a7ae5b7726ea7,Conv2d,"{""bias"": null, ""class"": ""Conv2d"", ""dilation"": [1, 1], ""groups"": 1, ""in_channels"": 128, ""kernel_size"": [1, 1], ""out_channels"": 384, ""padding"": [0, 0], ""stride"": [1, 1]}","[[1, 128, 20, 20]]","[""torch.float32""]","[[1, 384, 20, 20]]",8.m.1.1.attn.qkv.conv,forward,True,49152,19660800,819200,24.0,52,10.355,10.5829,2.5362
8.m.1.1.attn.qkv.bn,f7fd7fbe99af9949,BatchNorm2d,"{""bias"": ""Parameter containing:\ntensor([ 5.3528e-02, -1.1895e+00, -2.1521e-01,  4.9164e-02,  3.1665e-01, -5.7404e-02,  2.3010e-01, -8.9746e-01, -4.3896e-01, -1.5955e-01,  7.2388e-02,  1.2769e-01, -2.3010e-02,  5.4004e-01,  7.2266e-02,  1.7737e-01, -5.7831e-02,  9.9951e-01, -3.3936e-01,  1.0605e+00,  2.8687e-01, -1.5210e-01,  6.0010e-01, -5.9863e-01,\n         2.7271e-01,  6.3867e-01,  7.7637e-01, -3.5156e-01,  5.6250e-01,  4.1431e-01, -2.7490e-01, -3.2764e-01, -1.6022e-03,  2.6894e-03,  5.7869e-03,  1.4629e-03, -3.7918e-03,  1.1806e-03, -2.8496e-03, -9.0504e-04, -3.1452e-03,  1.6346e-03, -3.7193e-03, -3.1013e-03, -2.5158e-03, -3.3970e-03,  4.7493e-03, -4.4403e-03,\n        -3.9787e-03, -6.8588e-03,  3.0231e-03, -4.3488e-03, -3.5362e-03,  2.1992e-03, -9.5272e-04,  7.4654e-03,  2.6035e-03,  1.2531e-03,  6.0654e-04,  7.0047e-04, -4.6997e-03, -5.9319e-03,  2.1706e-03,  5.9938e-04,  5.7556e-02, -6.1859e-02,  5.1544e-02, -5.4443e-02,  6.5613e-02,  6.1371e-02, -3.7109e-02,  3.2349e-03,\n         9.5764e-02,  8.3374e-02,  4.8553e-02, -4.4830e-02,  4.3564e-03,  2.8000e-02, -8.1177e-02, -7.6111e-02, -3.4027e-03,  4.1321e-02, -3.0273e-02, -2.3694e-01, -7.8491e-02, -9.0149e-02, -5.8985e-04,  1.6772e-01,  5.7251e-02,  7.4951e-02, -1.0483e-02, -7.4341e-02,  1.3879e-01,  5.9875e-02, -9.3765e-03,  1.4923e-02,\n         2.6270e-01, -1.3086e+00, -1.9946e-01, -2.1561e-02,  2.4646e-01, -2.5439e-01,  6.4111e-01, -1.5613e-01, -7.9053e-01, -1.3367e-01,  1.7859e-01, -3.1812e-01, -6.7383e-01,  3.0469e-01,  2.5171e-01,  5.5518e-01, -2.3120e-01,  8.8806e-02,  1.2341e-01,  1.2622e-01,  1.6602e-01,  1.6980e-01,  1.0127e+00, -4.9365e-01,\n         7.1533e-01,  3.5083e-01,  1.6125e-01, -1.6736e-01,  3.5736e-02, -2.1179e-01, -3.7354e-01, -4.6411e-01,  2.8133e-04,  5.7602e-03,  6.9618e-04, -4.4823e-03,  4.9686e-04,  3.6449e-03, -1.8806e-03,  2.7943e-03,  2.1000e-03,  6.2990e-04, -3.3836e-03,  5.5618e-03,  4.7417e-03,  2.8610e-03, -3.6411e-03, -2.2430e-03,\n         3.4828e-03, -5.4893e-03, -2.2507e-03, -4.8447e-03,  2.4834e-03,  8.7500e-04, -3.9368e-03,  1.9703e-03, -3.5453e-04, -2.2011e-03, -3.1605e-03,  6.6376e-03, -5.0430e-03,  7.4804e-05,  2.0351e-03,  6.4468e-04, -8.6731e-02,  2.6831e-01,  5.9998e-02,  6.0364e-02, -1.5259e-01,  2.4887e-02, -4.3869e-03,  2.5360e-02,\n         1.1328e-01,  2.0447e-02, -6.7749e-02, -2.7100e-02,  1.7883e-02, -1.3756e-02, -3.5217e-02,  2.5650e-02, -7.4585e-02,  2.6520e-02, -2.7756e-02, -7.6538e-02, -2.5375e-02,  2.2011e-03,  9.2621e-03, -8.2474e-03,  2.1343e-03, -1.9409e-02, -1.3013e-01,  9.4727e-02,  2.6099e-01, -3.8391e-02,  3.8696e-02,  8.4900e-02,\n        -7.3242e-02,  8.0322e-01, -6.4795e-01, -4.6539e-02, -3.5938e-01,  7.4512e-01,  2.8149e-01, -3.6694e-01, -2.0056e-01,  4.0771e-01,  1.2596e-02,  1.2421e-02,  1.5332e-01, -4.1235e-01,  1.3643e+00,  5.4980e-01, -4.9292e-01,  7.6714e-03,  1.9177e-01,  6.0693e-01, -5.5225e-01,  9.2041e-02, -5.8447e-01,  1.9836e-01,\n        -4.8975e-01,  4.6417e-02,  4.0192e-02, -1.1609e-01,  6.3721e-01, -7.1631e-01, -6.4941e-01,  9.8145e-01,  1.8072e-03, -6.5842e-03, -6.4430e-03,  6.1684e-03, -5.6992e-03, -7.2021e-03, -4.8409e-03, -3.1319e-03,  6.7062e-03, -3.9291e-03, -1.1368e-03, -3.9330e-03, -1.0101e-02,  4.0359e-03, -2.9373e-03, -4.5013e-03,\n        -6.2275e-04,  1.7500e-03, -2.8915e-03,  5.9280e-03,  7.5817e-04, -6.2561e-03, -3.9139e-03, -4.5738e-03,  2.5845e-03,  4.4823e-03,  3.9062e-03, -5.7030e-03, -7.1487e-03,  2.9926e-03,  6.9847e-03, -2.6474e-03,  1.6571e-02, -3.9978e-02, -5.3596e-03, -2.0288e-01,  6.8237e-02,  2.1094e-01,  3.2257e-02,  9.9060e-02,\n         2.5864e-02, -3.2776e-02, -7.4463e-02,  9.9335e-03,  1.4380e-01,  8.3496e-02,  2.1759e-02,  4.6448e-02, -4.4746e-03, -4.4037e-02, -3.3245e-03,  1.2573e-01, -1.2054e-03, -4.2603e-02,  1.1740e-03,  2.5330e-02, -4.1626e-02, -2.8824e-02,  2.3483e-02,  1.9397e-01, -1.7676e-01,  4.0955e-02,  3.9673e-01, -1.8112e-02,\n        -9.8438e-01, -1.9800e-01,  3.2910e-01,  1.0361e+00, -6.7322e-02, -4.8047e-01, -4.5215e-01, -4.8193e-01,  5.4443e-01,  2.8931e-01,  4.3945e-01, -6.1584e-02, -4.0308e-01, -5.2948e-02, -2.2424e-01, -6.8604e-01, -4.5801e-01,  5.4492e-01, -6.6895e-02, -1.0195e+00, -1.1456e-01, -5.3680e-02,  3.0933e-01,  1.0371e+00,\n        -2.8711e-01,  2.7759e-01, -4.0161e-01,  4.3762e-02,  1.0490e-02, -5.2783e-01, -4.4922e-01, -4.6295e-02,  1.3123e-02, -1.1053e-03, -3.5877e-03, -2.4300e-03, -7.4463e-03,  3.0384e-03,  5.3177e-03,  7.8659e-03,  6.1035e-03, -7.2060e-03,  5.9280e-03, -5.1355e-04,  2.0218e-03,  5.3902e-03,  9.2773e-03,  2.1706e-03,\n         4.9324e-03,  2.8439e-03, -3.2139e-03,  1.6098e-02,  5.1575e-03, -1.1482e-02, -2.6646e-03, -5.0468e-03,  9.6207e-03,  2.1400e-03,  8.9874e-03,  9.3365e-04,  1.0681e-02,  1.1162e-02, -2.4128e-03,  7.0267e-03, -2.1267e-03,  2.0340e-02,  7.5012e-02, -5.4718e-02, -7.7362e-03,  1.6632e-02,  5.4474e-02,  1.2703e-02,\n         7.7942e-02,  7.0190e-02, -5.2223e-03, -1.9775e-02, -5.4840e-02, -1.6434e-02,  4.6173e-02, -2.8152e-02,  5.5328e-02, -1.0663e-01,  2.0020e-02, -1.5454e-01, -1.4618e-02,  1.6083e-02, -9.2773e-03,  6.2927e-02, -2.7002e-01,  4.7546e-02,  7.5073e-02, -6.9946e-02,  4.1809e-02, -2.7557e-02, -5.3482e-03, -7.7581e-04])"", ""class"": ""BatchNorm2d"", ""eps"": 0.001}","[[1, 384, 20, 20]]","[""torch.float32""]","[[1, 384, 20, 20]]",8.m.1.1.attn.qkv.bn,forward,True,768,,1228800,,52,5.3036,1.6055,22.0718
8.m.1.1.attn.qkv.act,3a655826cbd02449,Identity,"{""class"": ""Identity""}","[[1, 384, 20, 20]]","[""torch.float32""]","[[1, 384, 20, 20]]",8.m.1.1.attn.qkv.act,forward,True,0,,1228800,,52,0.0068,0.0051,0.005
8.m.1.1.attn.proj,5cfa28a28ad2d2aa,Conv,"{""class"": ""Conv""}","[[1, 128, 20, 20]]","[""torch.float32""]","[[1, 128, 20, 20]]",8.m.1.1.attn.proj,forward,False,16640,,409600,,52,11.6587,11.0646,4.6423
8.m.1.1.attn.proj.conv,665138cb895e145b,Conv2d,"{""bias"": null, ""class"": ""Conv2d"", ""dilation"": [1, 1], ""groups"": 1, ""in_channels"": 128, ""kernel_size"": [1, 1], ""out_channels"": 128, ""padding"": [0, 0], ""stride"": [1, 1]}","[[1, 128, 20, 20]]","[""torch.float32""]","[[1, 128, 20, 20]]",8.m.1.1.attn.proj.conv,forward,True,16384,6553600,409600,16.0,52,9.8193,9.3738,4.564
8.m.1.1.attn.proj.bn,57f19ef372897000,BatchNorm2d,"{""bias"": ""Parameter containing:\ntensor([-3.6359e-06,  2.4617e-05,  9.3579e-06, -1.6093e-06, -2.0981e-05, -1.3351e-05, -2.2769e-05, -7.4506e-06, -1.6809e-05, -1.4961e-05,  1.4305e-05, -8.1062e-06,  2.2292e-05, -4.9710e-05,  3.7432e-05,  1.9431e-05, -3.8326e-05, -1.4901e-05, -1.0192e-05, -3.7551e-06,  2.8610e-06,  1.8299e-05,  4.1723e-06, -9.8944e-06,\n        -1.7464e-05, -1.8835e-05, -1.7941e-05, -8.2850e-06, -4.2319e-06, -1.5080e-05,  5.3644e-07, -9.5367e-07, -2.0325e-05, -6.3539e-05, -5.9605e-06, -2.9802e-07,  2.0564e-05, -5.2452e-06,  9.5367e-07, -1.2100e-05,  4.1723e-06, -8.8811e-06, -5.7817e-06,  1.2398e-05, -9.7752e-06,  2.1219e-05,  8.2254e-06,  1.0908e-05,\n        -5.4836e-06,  8.0466e-06,  2.0862e-06,  7.2718e-06,  1.4663e-05, -2.7359e-05,  3.1590e-06, -1.0908e-05, -1.2636e-05,  3.0398e-06,  3.6359e-05,  2.9266e-05,  2.2948e-05, -2.4438e-06, -1.7881e-05,  2.0444e-05,  1.4484e-05,  1.7881e-07,  1.1802e-05, -2.8789e-05,  1.2279e-05,  1.2934e-05,  3.2604e-05, -1.5020e-05,\n         1.6391e-05, -4.7088e-06,  4.1723e-06, -2.7716e-05,  2.0146e-05,  1.2219e-05,  1.2815e-05, -2.0325e-05, -5.3942e-05,  2.3842e-07, -2.2709e-05,  1.0192e-05,  7.8082e-06,  1.7345e-05, -1.2875e-05, -1.3888e-05,  8.0466e-06,  4.4107e-06, -1.6689e-05, -2.8014e-06, -6.0201e-06,  1.2934e-05, -6.0380e-05,  1.1683e-05,\n        -1.5974e-05,  3.2425e-05,  2.2054e-06, -9.2387e-06, -5.8413e-06, -2.1458e-06,  3.1590e-06,  1.5259e-05,  1.5020e-05,  1.2279e-05,  1.2398e-05,  8.4043e-06, -3.5286e-05,  7.8082e-06,  2.9802e-06,  1.5974e-05,  1.9908e-05, -2.3246e-05, -1.2338e-05, -2.8253e-05,  2.6166e-05, -2.3663e-05,  2.3425e-05, -7.0333e-06,\n        -1.4663e-05, -1.8477e-06,  3.2783e-06, -1.2577e-05, -2.1577e-05,  3.5763e-06, -2.0146e-05, -3.7909e-05])"", ""class"": ""BatchNorm2d"", ""eps"": 0.001}","[[1, 128, 20, 20]]","[""torch.float32""]","[[1, 128, 20, 20]]",8.m.1.1.attn.proj.bn,forward,True,256,,409600,,52,1.5825,1.4625,0.5671
8.m.1.1.attn.proj.act,040a03fffb67230a,Identity,"{""class"": ""Identity""}","[[1, 128, 20, 20]]","[""torch.float32""]","[[1, 128, 20, 20]]",8.m.1.1.attn.proj.act,forward,True,0,,409600,,52,0.0063,0.0051,0.0038
8.m.1.1.attn.pe,5cfa28a28ad2d2aa,Conv,"{""class"": ""Conv""}","[[1, 128, 20, 20]]","[""torch.float32""]","[[1, 128, 20, 20]]",8.m.1.1.attn.pe,forward,False,6656,,409600,,52,11.8895,11.3184,3.7607
8.m.1.1.attn.pe.conv,c55526e3e95eabbf,Conv2d,"{""bias"": ""Parameter containing:\ntensor([-0.1210, -0.0546,  0.0005,  0.0984, -0.1047,  0.0710,  0.1235, -0.1309, -0.0511, -0.0407,  0.0708,  0.0482, -0.0309, -0.1362, -0.0680, -0.1216, -0.0640, -0.1070, -0.0869, -0.0036, -0.1105,  0.0719, -0.0184,  0.1233,  0.1229,  0.0626, -0.0230, -0.1261, -0.0126, -0.0651,  0.0765,  0.0978, -0.0731, -0.0630,\n         0.0316, -0.0805, -0.1407,  0.0263,  0.1315, -0.1006, -0.0054, -0.0838, -0.1018, -0.0630, -0.1057, -0.1006, -0.0838,  0.1305, -0.0110,  0.0129,  0.1168, -0.0109,  0.1097,  0.0233, -0.0134,  0.0204, -0.0088, -0.0403, -0.1017,  0.1422, -0.1251,  0.0166,  0.1403,  0.0748, -0.0242, -0.1006,  0.1239, -0.1420,\n        -0.0495,  0.0812,  0.0173, -0.1266, -0.1040, -0.1232, -0.1322, -0.1223,  0.0458, -0.0121,  0.0682,  0.0787, -0.0539,  0.1290,  0.0219, -0.0270, -0.0873,  0.0878, -0.0406,  0.0217, -0.0784, -0.0449, -0.0217, -0.1143, -0.0127,  0.0660,  0.0601,  0.0360,  0.0518,  0.0788,  0.0876,  0.0932,  0.0870,  0.0394,\n         0.1058,  0.0331,  0.0724, -0.1279,  0.0448, -0.1066,  0.0530,  0.1085, -0.1393, -0.1197, -0.0970, -0.0267,  0.0189, -0.1300,  0.0896,  0.0574, -0.1265,  0.0672,  0.1415, -0.0442, -0.0632, -0.1216, -0.0492,  0.0055,  0.0040, -0.0703])"", ""class"": ""Conv2d"", ""dilation"": [1, 1], ""groups"": 128, ""in_channels"": 128, ""kernel_size"": [7, 7], ""out_channels"": 128, ""padding"": [3, 3], ""stride"": [1, 1]}","[[1, 128, 20, 20]]","[""torch.float32""]","[[1, 128, 20, 20]]",8.m.1.1.attn.pe.conv,forward,True,6400,2508800,409600,6.125,52,9.8011,9.2305,3.3136
8.m.1.1.attn.pe.bn,8d9c4c431bbfb645,BatchNorm2d,"{""bias"": ""Parameter containing:\ntensor([-2.7180e-05,  1.9491e-05, -6.2585e-06, -9.5963e-06,  0.0000e+00, -1.5199e-05,  2.9683e-05, -2.2113e-05, -1.8895e-05,  9.1195e-06,  1.4782e-05, -1.6212e-05, -6.7949e-06, -3.5763e-06,  8.0466e-05,  1.1563e-05, -1.1981e-05, -3.3975e-05,  3.8147e-06, -8.8215e-06,  9.4175e-06, -2.5570e-05, -2.9087e-05, -1.4603e-05,\n         1.6928e-05, -8.9407e-07,  6.1989e-06, -2.4438e-06,  1.3709e-05,  1.7703e-05, -5.5432e-06,  2.0862e-06, -2.5928e-05,  3.5167e-05, -6.5565e-07,  1.0729e-06,  4.6492e-06,  2.2233e-05, -3.5763e-07,  2.2054e-06,  3.5048e-05,  1.2696e-05,  1.0133e-05, -1.7345e-05,  3.2365e-05,  2.4199e-05,  6.9737e-06,  2.9206e-06,\n        -1.4901e-05, -5.7161e-05, -3.4928e-05,  3.7551e-06, -3.8147e-06, -3.4750e-05, -4.5180e-05,  3.4034e-05, -2.1040e-05,  3.0100e-05, -9.1195e-06, -8.5235e-06, -1.6332e-05, -3.0696e-05, -1.7285e-06, -2.8133e-05, -7.9870e-06, -4.8280e-06, -5.7817e-06,  9.1195e-06,  1.6987e-05, -3.2246e-05, -4.7684e-06,  3.2187e-05,\n        -8.5235e-06, -8.8811e-06, -3.6180e-05,  3.7909e-05, -5.1022e-05, -1.9550e-05,  2.6941e-05, -4.2379e-05,  5.5969e-05,  7.8678e-06, -1.4544e-05, -1.0192e-05,  2.5034e-06, -1.2517e-06, -6.6161e-06,  2.2054e-05, -5.5432e-06,  1.0133e-05, -2.9624e-05,  1.8418e-05, -1.1623e-05,  4.2021e-05, -1.2219e-05,  2.8312e-05,\n         8.9407e-06,  7.5698e-06,  6.7353e-06,  3.2544e-05,  4.3988e-05,  1.0729e-06,  7.9274e-06, -1.3828e-05, -4.2379e-05, -1.9014e-05,  4.2677e-05, -6.9141e-06,  4.1723e-06, -1.4424e-05,  3.9577e-05, -5.0426e-05, -2.1100e-05, -7.2718e-06, -2.1458e-06,  3.6955e-06, -2.0683e-05, -7.4506e-06,  7.2718e-06,  1.3053e-05,\n        -5.9605e-07, -2.8014e-05, -3.8266e-05,  1.4424e-05,  8.0466e-06,  2.2113e-05, -1.7285e-05,  4.7684e-05])"", ""class"": ""BatchNorm2d"", ""eps"": 0.001}","[[1, 128, 20, 20]]","[""torch.float32""]","[[1, 128, 20, 20]]",8.m.1.1.attn.pe.bn,forward,True,256,,409600,,52,1.8185,1.5846,0.8247
8.m.1.1.attn.pe.act,040a03fffb67230a,Identity,"{""class"": ""Identity""}","[[1, 128, 20, 20]]","[""torch.float32""]","[[1, 128, 20, 20]]",8.m.1.1.attn.pe.act,forward,True,0,,409600,,52,0.0077,0.0049,0.0074
8.m.1.1.mlp,8dc85d5491e12e77,Sequential,"{""class"": ""Sequential""}","[[1, 128, 20, 20]]","[""torch.float32""]","[[1, 128, 20, 20]]",8.m.1.1.mlp,forward,False,66304,,409600,,52,25.7924,25.7391,7.0499
8.m.1.1.mlp.0,5cfa28a28ad2d2aa,Conv,"{""class"": ""Conv""}","[[1, 128, 20, 20]]","[""torch.float32""]","[[1, 256, 20, 20]]",8.m.1.1.mlp.0,forward,False,33280,,614400,,52,13.8377,13.8947,3.3192
8.m.1.1.mlp.0.conv,b17427f458e7c17c,Conv2d,"{""bias"": null, ""class"": ""Conv2d"", ""dilation"": [1, 1], ""groups"": 1, ""in_channels"": 128, ""kernel_size"": [1, 1], ""out_channels"": 256, ""padding"": [0, 0], ""stride"": [1, 1]}","[[1, 128, 20, 20]]","[""torch.float32""]","[[1, 256, 20, 20]]",8.m.1.1.mlp.0.conv,forward,True,32768,13107200,614400,21.3333,52,9.802,9.5785,2.1881
8.m.1.1.mlp.0.bn,6d76c5e12cb19112,BatchNorm2d,"{""bias"": ""Parameter containing:\ntensor([-0.8452, -0.8965, -0.9058, -0.7656, -1.2900, -0.9375, -1.0771, -1.0303, -0.8130, -1.3037, -0.9922, -0.9614, -1.2656, -0.8306, -1.0068, -0.9355, -0.9014, -0.9883, -0.6475, -0.5322, -1.2510, -1.0410, -1.2090, -1.0254, -0.8447, -1.2070, -1.2021, -0.8813, -1.0977, -1.0498, -0.9907, -1.0723, -0.7036, -1.0039,\n        -0.9741, -1.0391, -1.0361, -1.1523, -1.0459, -1.0869, -1.5381, -1.4824, -0.8438, -1.4219, -0.9907, -1.1719, -1.1484, -0.9585, -1.2363, -1.0039, -0.9863, -1.0596, -1.1436, -0.6792, -0.5674, -0.9688, -1.0791, -1.3311, -1.1768, -0.8696, -1.3232, -0.7632, -1.2227, -0.8892, -1.0508, -1.0615, -0.9614, -1.0732,\n        -0.9028, -0.9419, -0.7432, -0.8042, -1.0898, -1.1875, -1.2148, -0.8906, -0.7793, -1.0166, -1.1016, -0.9238, -1.0518, -0.9390, -0.9409, -1.0654, -0.7842, -1.0166, -1.2764, -0.9224, -1.0137, -1.2246, -1.2461, -0.8940, -1.0850, -0.9609, -1.0127, -0.7441, -0.9302, -1.1055, -1.2188, -1.1338, -0.8857, -1.0332,\n        -0.8413, -0.7568, -1.1494, -1.0332, -1.3594, -0.9761, -0.9922, -1.0361, -0.6396, -0.9805, -0.8770, -0.8828, -0.7188, -0.9165, -1.1650, -0.7197, -0.6333, -1.0117, -1.0000, -1.0146, -0.9858, -1.0986, -1.2080, -0.8638, -0.9634, -0.9956, -0.8687, -1.0029, -0.8896, -0.9478, -0.8208, -0.9136, -0.8179, -1.2627,\n        -1.1797, -0.7759, -1.1162, -0.9180, -1.0986, -1.0879, -0.9546, -1.0439, -1.0840, -1.3271, -0.9243, -0.8696, -0.9707, -0.8857, -1.0820, -0.8315, -0.9941, -1.1045, -0.9346, -0.8853, -1.5068, -0.9873, -1.0068, -0.6807, -1.2881, -1.2637, -0.8374, -0.9556, -1.0000, -0.8931, -0.3884, -0.8940, -1.0664, -1.0029,\n        -0.9800, -0.9121, -0.9990, -0.9033, -0.9692, -0.8638, -1.2822, -0.9927, -1.0332, -0.7197, -0.9175, -1.4941, -0.9834, -0.9385, -1.0674, -1.1592, -0.7485, -1.0742, -1.1211, -1.0781, -1.5342, -0.8687, -0.9810, -0.8022, -1.3936, -1.0703, -1.0518, -1.1289, -0.9941, -1.0957, -0.8940, -1.2510, -1.2793, -0.8164,\n        -1.2363, -1.0820, -0.7310, -1.1162, -0.6260, -0.8613, -1.0088, -1.1055, -1.1328, -1.1221, -0.8657, -1.0674, -1.0059, -1.0986, -1.2080, -0.8364, -1.0088, -0.8521, -0.6514, -0.9390, -0.8042, -1.0674, -1.2471, -0.9907, -1.0381, -1.0312, -0.8550, -1.1641, -0.9839, -1.2979, -0.7368, -1.1602, -0.8501, -0.9038,\n        -1.0820, -1.1172, -1.3047, -0.9712, -1.2617, -1.2441, -1.3154, -1.2930, -1.0986, -0.8604, -1.2773, -1.0000, -1.1436, -1.2793, -1.2979, -1.0303, -1.2061, -0.6597])"", ""class"": ""BatchNorm2d"", ""eps"": 0.001}","[[1, 256, 20, 20]]","[""torch.float32""]","[[1, 256, 20, 20]]",8.m.1.1.mlp.0.bn,forward,True,512,,819200,,52,1.6979,1.4727,0.7772
8.m.1.1.mlp.1,0ed1c23cf9110f7a,Conv,"{""class"": ""Conv""}","[[1, 256, 20, 20]]","[""torch.float32""]","[[1, 128, 20, 20]]",8.m.1.1.mlp.1,forward,False,33024,,614400,,52,11.8237,11.5073,4.0086
8.m.1.1.mlp.1.conv,263b166895ce2216,Conv2d,"{""bias"": null, ""class"": ""Conv2d"", ""dilation"": [1, 1], ""groups"": 1, ""in_channels"": 256, ""kernel_size"": [1, 1], ""out_channels"": 128, ""padding"": [0, 0], ""stride"": [1, 1]}","[[1, 256, 20, 20]]","[""torch.float32""]","[[1, 128, 20, 20]]",8.m.1.1.mlp.1.conv,forward,True,32768,13107200,614400,21.3333,52,9.8333,9.6291,3.2759
8.m.1.1.mlp.1.bn,302fb24c83f1e5e2,BatchNorm2d,"{""bias"": ""Parameter containing:\ntensor([-2.0862e-06,  3.0994e-06,  4.5896e-06, -1.3709e-06, -9.4771e-06, -1.6093e-05, -7.3314e-06, -1.7226e-05, -1.2159e-05, -3.5763e-07, -1.6093e-06, -7.2122e-06,  1.2875e-05, -2.8968e-05,  5.9009e-06,  7.0333e-06, -2.3842e-06, -2.8610e-06,  2.0266e-06,  1.4305e-06,  1.4305e-06,  7.9274e-06,  9.7752e-06, -8.8215e-06,\n        -7.9870e-06, -4.0531e-06,  2.9206e-06,  1.1325e-06, -1.0729e-06, -1.7166e-05,  9.6560e-06,  3.2783e-06, -4.1127e-06, -3.9160e-05,  8.3447e-07,  5.4240e-06,  2.3901e-05, -2.2531e-05,  1.1921e-07,  1.9073e-06, -1.6093e-06,  5.9605e-06,  1.9073e-06,  1.7881e-05, -1.9312e-05,  5.8413e-06,  4.9472e-06,  7.9870e-06,\n        -4.4107e-06, -1.1921e-07, -4.1723e-06,  9.4771e-06,  3.1590e-06, -1.1623e-05,  5.0664e-06,  4.8876e-06, -1.9431e-05, -1.7881e-06,  9.9540e-06, -2.6226e-06,  5.6028e-06, -1.0133e-06, -7.0333e-06,  1.0669e-05,  8.2254e-06,  7.8678e-06,  5.6624e-06,  1.5497e-06,  5.6624e-06, -4.3511e-06,  1.3351e-05, -1.6630e-05,\n         1.1504e-05, -3.5763e-06, -8.0466e-06, -5.9605e-08,  1.0371e-05,  2.0385e-05,  1.1444e-05, -8.7023e-06, -2.4498e-05,  7.6294e-06, -2.5511e-05,  8.5235e-06,  4.8280e-06,  1.5736e-05,  8.2254e-06,  3.5167e-06,  8.5831e-06,  2.2113e-05, -9.4175e-06, -5.9605e-07, -1.6093e-05, -9.6560e-06, -8.2254e-06,  5.9009e-06,\n        -1.0848e-05,  1.5020e-05, -5.3644e-07, -2.8610e-06,  8.5235e-06,  5.3048e-06, -2.0862e-06,  2.4438e-06,  1.4067e-05,  6.8545e-06,  1.2398e-05,  9.3579e-06, -1.8358e-05,  2.6584e-05,  2.2054e-06, -3.5763e-07,  3.6955e-06, -2.6822e-06, -5.5432e-06, -2.4021e-05,  2.7061e-05, -1.7107e-05,  1.0848e-05, -8.4639e-06,\n        -9.0599e-06,  1.1921e-07, -1.9073e-06, -2.1696e-05, -1.3649e-05, -1.2338e-05, -1.4246e-05, -1.3471e-05])"", ""class"": ""BatchNorm2d"", ""eps"": 0.001}","[[1, 128, 20, 20]]","[""torch.float32""]","[[1, 128, 20, 20]]",8.m.1.1.mlp.1.bn,forward,True,256,,409600,,52,1.6758,1.453,0.7749
8.m.1.1.mlp.1.act,040a03fffb67230a,Identity,"{""class"": ""Identity""}","[[1, 128, 20, 20]]","[""torch.float32""]","[[1, 128, 20, 20]]",8.m.1.1.mlp.1.act,forward,True,0,,409600,,52,0.0063,0.0053,0.0028
9,93c5d930f57eefe9,Upsample,"{""class"": ""Upsample""}","[[1, 256, 20, 20]]","[""torch.float32""]","[[1, 256, 40, 40]]",9,forward,True,0,,2048000,,52,11.0856,10.1046,3.8528
10,0cd094669177a78c,Concat,"{""class"": ""Concat""}","[[1, 256, 40, 40], [1, 128, 40, 40]]","[""torch.float32""]","[[1, 384, 40, 40]]",10,forward,True,0,,4915200,,52,4.4322,3.9927,2.119
11,c72c1a388f8d0a82,A2C2f,"{""class"": ""A2C2f""}","[[1, 384, 40, 40]]","[""torch.float32""]","[[1, 128, 40, 40]]",11,forward,False,86912,,3276800,,52,144.2554,146.3507,29.1758
11.cv1,3046dacecc4dd6d9,Conv,"{""class"": ""Conv""}","[[1, 384, 40, 40]]","[""torch.float32""]","[[1, 64, 40, 40]]",11.cv1,forward,False,24704,,2867200,,52,17.7646,17.8709,4.7599
11.cv1.conv,63361f618b12d89c,Conv2d,"{""bias"": null, ""class"": ""Conv2d"", ""dilation"": [1, 1], ""groups"": 1, ""in_channels"": 384, ""kernel_size"": [1, 1], ""out_channels"": 64, ""padding"": [0, 0], ""stride"": [1, 1]}","[[1, 384, 40, 40]]","[""torch.float32""]","[[1, 64, 40, 40]]",11.cv1.conv,forward,True,24576,39321600,2867200,13.7143,52,13.5081,13.3275,3.5618
11.cv1.bn,5993b83cc3c62763,BatchNorm2d,"{""bias"": ""Parameter containing:\ntensor([ 1.2441,  1.2598, -0.5146,  0.5005,  0.5498, -0.0654,  0.9224,  0.0022,  0.1764,  1.0449,  0.9014,  1.1465,  0.3621, -0.0802,  0.7891, -0.1794, -0.0999,  0.2825, -0.2847,  0.8423, -0.2954,  0.0186,  0.8853,  0.8604, -0.7646,  0.0291,  0.4089,  0.5044,  0.5400,  1.0811,  1.1279,  0.1366, -0.0919,  1.3223,\n         1.0684, -0.3503, -0.1006,  0.7129,  0.8896,  0.5562,  0.7603, -0.0720,  0.7607,  0.8823,  0.0972, -0.0153,  0.3179, -0.3792,  0.2568,  0.7563,  1.0508,  0.7319, -1.0605,  1.6670,  1.0420,  1.0771,  0.5527,  1.0303,  0.1664, -0.8135, -0.1255,  1.2002,  0.1048,  0.3076])"", ""class"": ""BatchNorm2d"", ""eps"": 0.001}","[[1, 64, 40, 40]]","[""torch.float32""]","[[1, 64, 40, 40]]",11.cv1.bn,forward,True,128,,819200,,52,1.9667,1.7426,1.2527
11.cv2,6cfe7a34bafabeb5,Conv,"{""class"": ""Conv""}","[[1, 128, 40, 40]]","[""torch.float32""]","[[1, 128, 40, 40]]",11.cv2,forward,False,16640,,1638400,,52,18.5376,16.9182,4.4749
11.cv2.conv,22bfeb866346ea5a,Conv2d,"{""bias"": null, ""class"": ""Conv2d"", ""dilation"": [1, 1], ""groups"": 1, ""in_channels"": 128, ""kernel_size"": [1, 1], ""out_channels"": 128, ""padding"": [0, 0], ""stride"": [1, 1]}","[[1, 128, 40, 40]]","[""torch.float32""]","[[1, 128, 40, 40]]",11.cv2.conv,forward,True,16384,26214400,1638400,16.0,52,13.455,12.7256,3.1932
11.cv2.bn,4978f3e6af837478,BatchNorm2d,"{""bias"": ""Parameter containing:\ntensor([-0.1032,  0.7798, -0.8198, -0.0526, -0.5708, -0.1589, -0.6592, -0.5767, -0.2603,  0.3728, -0.0473, -0.3372, -0.6523, -0.3091, -0.5762, -0.6562, -0.5112, -0.7012,  0.1608,  0.1644, -0.5146, -0.1203, -0.8794,  0.1354, -0.5068,  0.0924, -0.1499, -0.7852, -0.4771,  0.0418,  0.1350, -0.6636, -0.6782, -0.8994,\n        -0.3477, -0.9800, -0.0501,  0.3464,  0.1943, -0.3154,  0.2581, -0.8853, -0.1313, -0.1890,  0.4053, -0.3118,  0.3967,  0.1323, -0.5879, -0.5347,  0.7007, -0.2886,  0.0060, -0.2551, -0.7119, -0.6025, -0.5391, -0.8081, -1.1836, -0.0469, -0.4475, -0.5845, -0.2286, -0.4033,  0.2590, -0.1846,  0.5039,  0.0754,\n         0.1565, -0.5088,  0.0395, -0.0519,  0.0571, -0.6777, -0.2983,  0.1787,  0.0548, -0.7886, -0.4578, -0.0281, -0.2886, -0.3584, -0.1599, -0.0841, -0.0445, -1.0303, -0.4497, -0.5386, -0.4204, -0.3503, -0.3127, -0.5308, -0.0510, -0.7212, -0.7388, -0.0408, -0.0398, -0.9097, -0.2769, -0.7383, -0.3242,  0.0776,\n         0.4248, -1.0088, -0.5566, -0.2324, -0.1011, -0.7554, -1.1289, -0.4558, -0.2341, -0.7769,  0.4739, -0.4436,  0.0533, -0.0891, -0.6084, -0.0928, -0.8032, -0.5347, -0.9248, -0.6685, -0.0113,  0.1202,  0.2122, -0.2961, -0.0383, -0.8999])"", ""class"": ""BatchNorm2d"", ""eps"": 0.001}","[[1, 128, 40, 40]]","[""torch.float32""]","[[1, 128, 40, 40]]",11.cv2.bn,forward,True,256,,1638400,,52,2.115,1.8104,1.1059
11.m.0,516db7fc8f1893b7,C3k,"{""class"": ""C3k""}","[[1, 64, 40, 40]]","[""torch.float32""]","[[1, 64, 40, 40]]",11.m.0,forward,False,45568,,819200,,52,103.9612,104.3537,21.5975
11.m.0.cv1,779f8899e994d313,Conv,"{""class"": ""Conv""}","[[1, 64, 40, 40]]","[""torch.float32""]","[[1, 32, 40, 40]]",11.m.0.cv1,forward,False,2112,,614400,,52,12.8464,13.2038,3.5636
11.m.0.cv1.conv,a1b0bb97197e5be5,Conv2d,"{""bias"": null, ""class"": ""Conv2d"", ""dilation"": [1, 1], ""groups"": 1, ""in_channels"": 64, ""kernel_size"": [1, 1], ""out_channels"": 32, ""padding"": [0, 0], ""stride"": [1, 1]}","[[1, 64, 40, 40]]","[""torch.float32""]","[[1, 32, 40, 40]]",11.m.0.cv1.conv,forward,True,2048,3276800,614400,5.3333,52,9.046,9.2555,2.7854
11.m.0.cv1.bn,2df7911a20e35925,BatchNorm2d,"{""bias"": ""Parameter containing:\ntensor([ 0.5093,  0.0150, -0.2400, -0.1948, -0.2834,  0.3940, -0.0191, -0.5918,  0.5986,  0.4729, -0.6479, -0.1853, -0.4536, -0.2148, -1.3809, -1.2744, -0.1176, -0.1539, -0.1791, -0.5820, -0.4194, -1.0762, -0.4497,  0.1113, -1.4863,  1.1094,  0.2659, -0.2045,  0.4600,  0.2311, -0.0531,  1.0527])"", ""class"": ""BatchNorm2d"", ""eps"": 0.001}","[[1, 32, 40, 40]]","[""torch.float32""]","[[1, 32, 40, 40]]",11.m.0.cv1.bn,forward,True,64,,409600,,52,1.5037,1.5163,0.5243
11.m.0.cv2,779f8899e994d313,Conv,"{""class"": ""Conv""}","[[1, 64, 40, 40]]","[""torch.float32""]","[[1, 32, 40, 40]]",11.m.0.cv2,forward,False,2112,,614400,,52,13.0565,12.9497,2.8583
11.m.0.cv2.conv,a1b0bb97197e5be5,Conv2d,"{""bias"": null, ""class"": ""Conv2d"", ""dilation"": [1, 1], ""groups"": 1, ""in_channels"": 64, ""kernel_size"": [1, 1], ""out_channels"": 32, ""padding"": [0, 0], ""stride"": [1, 1]}","[[1, 64, 40, 40]]","[""torch.float32""]","[[1, 32, 40, 40]]",11.m.0.cv2.conv,forward,True,2048,3276800,614400,5.3333,52,8.9934,8.7719,2.0403
11.m.0.cv2.bn,f673eac350a01091,BatchNorm2d,"{""bias"": ""Parameter containing:\ntensor([-0.2864, -0.2849, -0.0787, -0.6924, -0.5347, -0.5522, -0.9961, -0.9355, -0.6494, -0.6060, -0.4592, -0.4175, -0.3450, -0.4868, -0.3496, -0.4417, -0.5278, -0.4514, -0.4492, -0.5557, -0.4587, -0.4893, -0.7373, -0.2141, -0.8413, -0.1719, -0.5840,  0.0568, -0.6709, -0.5225, -0.1910, -0.6353])"", ""class"": ""BatchNorm2d"", ""eps"": 0.001}","[[1, 32, 40, 40]]","[""torch.float32""]","[[1, 32, 40, 40]]",11.m.0.cv2.bn,forward,True,64,,409600,,52,1.7141,1.651,0.6875
11.m.0.cv3,779f8899e994d313,Conv,"{""class"": ""Conv""}","[[1, 64, 40, 40]]","[""torch.float32""]","[[1, 64, 40, 40]]",11.m.0.cv3,forward,False,4224,,819200,,52,14.5154,14.0668,3.8509
11.m.0.cv3.conv,c4029d1f0f305d56,Conv2d,"{""bias"": null, ""class"": ""Conv2d"", ""dilation"": [1, 1], ""groups"": 1, ""in_channels"": 64, ""kernel_size"": [1, 1], ""out_channels"": 64, ""padding"": [0, 0], ""stride"": [1, 1]}","[[1, 64, 40, 40]]","[""torch.float32""]","[[1, 64, 40, 40]]",11.m.0.cv3.conv,forward,True,4096,6553600,819200,8.0,52,10.1448,9.912,2.657
11.m.0.cv3.bn,2185b507af090009,BatchNorm2d,"{""bias"": ""Parameter containing:\ntensor([-0.5659, -0.0756, -0.4907, -0.3394, -0.0291, -0.2998, -0.3159, -0.7104,  0.0119, -0.8765, -0.7202, -0.2686, -0.1758,  0.5957,  0.1298, -0.7666,  0.1826, -0.4658,  0.0757, -0.7471, -0.8481,  0.0173, -0.4651,  0.4141, -0.9258, -0.6367, -0.2798, -0.4929, -0.1509, -0.1624, -0.3899, -0.3694, -0.3342, -0.4385,\n        -0.4695,  0.2036, -0.7534,  0.1586, -0.2179, -0.3538, -0.0374, -0.8906, -0.2209, -0.7695, -0.8901, -0.8164, -0.1037, -1.0732,  0.0255, -0.0789, -0.1631, -0.2426, -0.4006, -0.2747, -0.8364, -0.0881, -1.0391, -0.9277,  0.1611,  0.3103, -0.0977, -0.8750, -1.1875, -0.4119])"", ""class"": ""BatchNorm2d"", ""eps"": 0.001}","[[1, 64, 40, 40]]","[""torch.float32""]","[[1, 64, 40, 40]]",11.m.0.cv3.bn,forward,True,128,,819200,,52,1.8013,1.5756,0.9604
11.m.0.m,6ded04e25c75ad3f,Sequential,"{""class"": ""Sequential""}","[[1, 32, 40, 40]]","[""torch.float32""]","[[1, 32, 40, 40]]",11.m.0.m,forward,False,37120,,409600,,52,59.0776,57.937,13.75
11.m.0.m.0,ce902fbcba485d85,Bottleneck,"{""class"": ""Bottleneck""}","[[1, 32, 40, 40]]","[""torch.float32""]","[[1, 32, 40, 40]]",11.m.0.m.0,forward,False,18560,,409600,,52,29.4316,28.798,7.468
11.m.0.m.0.cv1,ff422757b22cbd6d,Conv,"{""class"": ""Conv""}","[[1, 32, 40, 40]]","[""torch.float32""]","[[1, 32, 40, 40]]",11.m.0.m.0.cv1,forward,False,9280,,409600,,52,13.6038,13.5331,3.9557
11.m.0.m.0.cv1.conv,6af1d808b48a0024,Conv2d,"{""bias"": null, ""class"": ""Conv2d"", ""dilation"": [1, 1], ""groups"": 1, ""in_channels"": 32, ""kernel_size"": [3, 3], ""out_channels"": 32, ""padding"": [1, 1], ""stride"": [1, 1]}","[[1, 32, 40, 40]]","[""torch.float32""]","[[1, 32, 40, 40]]",11.m.0.m.0.cv1.conv,forward,True,9216,14745600,409600,36.0,52,9.7802,9.662,3.1293
11.m.0.m.0.cv1.bn,047382f68dd20d90,BatchNorm2d,"{""bias"": ""Parameter containing:\ntensor([-0.3091, -0.0657, -0.3979, -0.2369, -0.3333, -0.1970, -0.7607, -0.7969, -0.3735, -0.2483, -1.1758, -1.0146, -0.9521, -0.0104, -1.0039, -0.2308, -0.8647, -0.9771, -0.5244, -1.0537, -0.5854, -0.0572, -0.4734, -0.1375, -0.6694,  0.1552, -1.2715, -0.2307, -0.5635,  0.1655, -0.5098, -0.5010])"", ""class"": ""BatchNorm2d"", ""eps"": 0.001}","[[1, 32, 40, 40]]","[""torch.float32""]","[[1, 32, 40, 40]]",11.m.0.m.0.cv1.bn,forward,True,64,,409600,,52,1.6103,1.4691,0.6942
11.m.0.m.0.cv2,ff422757b22cbd6d,Conv,"{""class"": ""Conv""}","[[1, 32, 40, 40]]","[""torch.float32""]","[[1, 32, 40, 40]]",11.m.0.m.0.cv2,forward,False,9280,,409600,,52,13.7943,13.9229,3.702
11.m.0.m.0.cv2.conv,6af1d808b48a0024,Conv2d,"{""bias"": null, ""class"": ""Conv2d"", ""dilation"": [1, 1], ""groups"": 1, ""in_channels"": 32, ""kernel_size"": [3, 3], ""out_channels"": 32, ""padding"": [1, 1], ""stride"": [1, 1]}","[[1, 32, 40, 40]]","[""torch.float32""]","[[1, 32, 40, 40]]",11.m.0.m.0.cv2.conv,forward,True,9216,14745600,409600,36.0,52,9.8797,10.2362,2.6757
11.m.0.m.0.cv2.bn,e6749de2ea8ff231,BatchNorm2d,"{""bias"": ""Parameter containing:\ntensor([ 0.1587, -0.0508,  0.0290, -0.2141,  0.2329, -0.3901,  0.8354, -0.1237, -0.1547, -0.0821,  0.2137,  0.1666, -0.1559, -0.0567, -0.7598,  0.5000, -0.3723, -0.2522, -0.0894,  0.7886,  0.4746,  0.2035, -0.2656, -0.6665,  0.1420,  0.2935,  0.6089, -0.0674, -0.4324,  0.1245,  0.6528, -0.1000])"", ""class"": ""BatchNorm2d"", ""eps"": 0.001}","[[1, 32, 40, 40]]","[""torch.float32""]","[[1, 32, 40, 40]]",11.m.0.m.0.cv2.bn,forward,True,64,,409600,,52,1.7599,1.6315,0.7722
11.m.0.m.1,ce902fbcba485d85,Bottleneck,"{""class"": ""Bottleneck""}","[[1, 32, 40, 40]]","[""torch.float32""]","[[1, 32, 40, 40]]",11.m.0.m.1,forward,False,18560,,409600,,52,29.461,28.7281,7.0033
11.m.0.m.1.cv1,ff422757b22cbd6d,Conv,"{""class"": ""Conv""}","[[1, 32, 40, 40]]","[""torch.float32""]","[[1, 32, 40, 40]]",11.m.0.m.1.cv1,forward,False,9280,,409600,,52,13.9709,13.7341,3.592
11.m.0.m.1.cv1.conv,6af1d808b48a0024,Conv2d,"{""bias"": null, ""class"": ""Conv2d"", ""dilation"": [1, 1], ""groups"": 1, ""in_channels"": 32, ""kernel_size"": [3, 3], ""out_channels"": 32, ""padding"": [1, 1], ""stride"": [1, 1]}","[[1, 32, 40, 40]]","[""torch.float32""]","[[1, 32, 40, 40]]",11.m.0.m.1.cv1.conv,forward,True,9216,14745600,409600,36.0,52,10.1391,10.147,2.9043
11.m.0.m.1.cv1.bn,09a4f0b6d87f4b26,BatchNorm2d,"{""bias"": ""Parameter containing:\ntensor([-0.8154, -1.2627,  0.6372, -0.4817, -0.6196, -0.1321, -0.7979, -1.1582, -0.0315, -0.1820, -0.3584, -1.3770, -0.9551, -0.0119, -1.3184, -0.9043, -0.4709, -1.3652, -0.8311, -0.8164,  0.0873, -0.4639,  0.1050, -0.5195,  0.0425, -0.8853, -1.1309,  1.0566, -0.7642, -0.1558, -0.7983, -0.6899])"", ""class"": ""BatchNorm2d"", ""eps"": 0.001}","[[1, 32, 40, 40]]","[""torch.float32""]","[[1, 32, 40, 40]]",11.m.0.m.1.cv1.bn,forward,True,64,,409600,,52,1.6945,1.5352,0.6776
11.m.0.m.1.cv2,ff422757b22cbd6d,Conv,"{""class"": ""Conv""}","[[1, 32, 40, 40]]","[""torch.float32""]","[[1, 32, 40, 40]]",11.m.0.m.1.cv2,forward,False,9280,,409600,,52,13.7673,13.2328,3.599
11.m.0.m.1.cv2.conv,6af1d808b48a0024,Conv2d,"{""bias"": null, ""class"": ""Conv2d"", ""dilation"": [1, 1], ""groups"": 1, ""in_channels"": 32, ""kernel_size"": [3, 3], ""out_channels"": 32, ""padding"": [1, 1], ""stride"": [1, 1]}","[[1, 32, 40, 40]]","[""torch.float32""]","[[1, 32, 40, 40]]",11.m.0.m.1.cv2.conv,forward,True,9216,14745600,409600,36.0,52,9.5961,9.329,2.7789
11.m.0.m.1.cv2.bn,b1bdbcceb7f9753e,BatchNorm2d,"{""bias"": ""Parameter containing:\ntensor([ 1.3477e+00,  9.1797e-01,  8.2764e-01,  1.5957e+00,  7.9199e-01,  3.7207e-01,  1.3486e+00,  1.5586e+00,  1.5361e+00,  6.9336e-01,  2.9272e-01,  8.3594e-01,  3.4448e-01,  4.3408e-01, -1.5001e-03,  5.8545e-01,  6.4111e-01,  5.1709e-01,  1.0195e+00,  1.2188e+00,  7.0361e-01,  8.4717e-01,  1.3799e+00,  6.0840e-01,\n         2.1543e+00,  6.9678e-01,  1.0088e+00,  1.3154e+00, -3.7329e-01,  2.2803e-01,  1.4980e+00,  4.4238e-01])"", ""class"": ""BatchNorm2d"", ""eps"": 0.001}","[[1, 32, 40, 40]]","[""torch.float32""]","[[1, 32, 40, 40]]",11.m.0.m.1.cv2.bn,forward,True,64,,409600,,52,1.6414,1.5766,0.6977
12,b284f397df75eed7,Upsample,"{""class"": ""Upsample""}","[[1, 128, 40, 40]]","[""torch.float32""]","[[1, 128, 80, 80]]",12,forward,True,0,,4096000,,52,3.1459,3.0315,0.8114
13,26a5de1e36be6039,Concat,"{""class"": ""Concat""}","[[1, 128, 80, 80], [1, 128, 80, 80]]","[""torch.float32""]","[[1, 256, 80, 80]]",13,forward,True,0,,13107200,,52,6.5961,5.7739,2.7297
14,603fd24c6a13feae,A2C2f,"{""class"": ""A2C2f""}","[[1, 256, 80, 80]]","[""torch.float32""]","[[1, 64, 80, 80]]",14,forward,False,24000,,8192000,,52,153.1622,157.9794,26.2181
14.cv1,424cc15a910e72fc,Conv,"{""class"": ""Conv""}","[[1, 256, 80, 80]]","[""torch.float32""]","[[1, 32, 80, 80]]",14.cv1,forward,False,8256,,7372800,,52,23.8537,23.9441,6.8395
14.cv1.conv,0fe9468001862b2c,Conv2d,"{""bias"": null, ""class"": ""Conv2d"", ""dilation"": [1, 1], ""groups"": 1, ""in_channels"": 256, ""kernel_size"": [1, 1], ""out_channels"": 32, ""padding"": [0, 0], ""stride"": [1, 1]}","[[1, 256, 80, 80]]","[""torch.float32""]","[[1, 32, 80, 80]]",14.cv1.conv,forward,True,8192,52428800,7372800,7.1111,52,19.1208,18.7632,5.7474
14.cv1.bn,5b1dfeb7c16fb980,BatchNorm2d,"{""bias"": ""Parameter containing:\ntensor([ 0.1904,  0.8687,  0.5659,  0.1504, -0.0497,  0.4407,  1.2676, -0.1317,  0.7104,  0.3376,  0.1780, -0.5366,  1.4287,  0.8237,  0.2164,  0.2754,  0.4836,  0.0682,  0.8140,  0.2028,  0.5854,  1.1152,  0.7134,  0.6182, -0.0979,  0.9688,  0.1584, -0.2507,  0.8677,  0.1160, -0.0158,  0.7251])"", ""class"": ""BatchNorm2d"", ""eps"": 0.001}","[[1, 32, 80, 80]]","[""torch.float32""]","[[1, 32, 80, 80]]",14.cv1.bn,forward,True,64,,1638400,,52,1.8348,1.7697,0.7313
14.cv2,8edda4b0b28cfff8,Conv,"{""class"": ""Conv""}","[[1, 64, 80, 80]]","[""torch.float32""]","[[1, 64, 80, 80]]",14.cv2,forward,False,4224,,3276800,,52,20.5746,20.3422,4.2556
14.cv2.conv,16ab8f219b28b293,Conv2d,"{""bias"": null, ""class"": ""Conv2d"", ""dilation"": [1, 1], ""groups"": 1, ""in_channels"": 64, ""kernel_size"": [1, 1], ""out_channels"": 64, ""padding"": [0, 0], ""stride"": [1, 1]}","[[1, 64, 80, 80]]","[""torch.float32""]","[[1, 64, 80, 80]]",14.cv2.conv,forward,True,4096,26214400,3276800,8.0,52,14.9351,14.7748,3.5215
14.cv2.bn,905460f3fc23015b,BatchNorm2d,"{""bias"": ""Parameter containing:\ntensor([-1.7273e-01,  6.6650e-01, -2.0129e-01,  4.6509e-01,  2.6758e-01, -2.0234e+00,  3.7231e-02, -8.6035e-01,  1.1680e+00, -5.3497e-02,  3.5645e-01,  7.6074e-01,  7.2607e-01, -5.5957e-01,  9.5605e-01, -5.3760e-01, -3.9520e-02,  1.4580e+00,  1.0938e+00, -4.0454e-01,  1.1719e+00, -3.4521e-01,  1.4111e+00,  4.0479e-01,\n         1.2988e+00, -8.6133e-01,  2.4707e-01, -2.6245e-01, -1.0254e+00, -1.7861e+00, -5.2100e-01, -9.6863e-02, -8.1836e-01, -2.3303e-01, -2.8198e-01, -4.3274e-02,  1.1377e+00, -1.2500e+00,  3.7109e-01, -1.0889e+00,  7.9785e-01,  6.9092e-01,  1.6187e-01, -9.7412e-01, -4.4238e-01,  2.7710e-02, -5.3174e-01, -3.5156e-02,\n        -3.3569e-01,  1.0352e-01, -9.0039e-01,  5.1758e-01,  3.1590e-06,  1.0663e-01, -3.2867e-02, -3.5962e-01,  1.3867e+00,  4.6411e-01, -5.6982e-01, -4.4482e-01, -7.2388e-02, -2.2253e-01, -1.1650e+00, -1.1270e+00])"", ""class"": ""BatchNorm2d"", ""eps"": 0.001}","[[1, 64, 80, 80]]","[""torch.float32""]","[[1, 64, 80, 80]]",14.cv2.bn,forward,True,128,,3276800,,52,2.4073,2.2103,1.1175
14.m.0,05183e1af5e3b27d,C3k,"{""class"": ""C3k""}","[[1, 32, 80, 80]]","[""torch.float32""]","[[1, 32, 80, 80]]",14.m.0,forward,False,11520,,1638400,,52,104.8294,107.6426,19.4905
14.m.0.cv1,a5cf2816ac5c4970,Conv,"{""class"": ""Conv""}","[[1, 32, 80, 80]]","[""torch.float32""]","[[1, 16, 80, 80]]",14.m.0.cv1,forward,False,544,,1228800,,52,12.5581,12.9285,3.7009
14.m.0.cv1.conv,88439a0c7fdfba8e,Conv2d,"{""bias"": null, ""class"": ""Conv2d"", ""dilation"": [1, 1], ""groups"": 1, ""in_channels"": 32, ""kernel_size"": [1, 1], ""out_channels"": 16, ""padding"": [0, 0], ""stride"": [1, 1]}","[[1, 32, 80, 80]]","[""torch.float32""]","[[1, 16, 80, 80]]",14.m.0.cv1.conv,forward,True,512,3276800,1228800,2.6667,52,7.741,8.0356,2.3125
14.m.0.cv1.bn,ff733c7f0b1483f4,BatchNorm2d,"{""bias"": ""Parameter containing:\ntensor([ 0.0365, -0.4363, -0.2671,  0.1002, -0.2324, -0.1740,  1.0879, -0.0450,  0.3806, -0.3508, -0.3096, -1.3311, -0.5186, -0.6777, -0.1633, -0.4490])"", ""class"": ""BatchNorm2d"", ""eps"": 0.001}","[[1, 16, 80, 80]]","[""torch.float32""]","[[1, 16, 80, 80]]",14.m.0.cv1.bn,forward,True,32,,819200,,52,2.157,1.7035,1.8646
14.m.0.cv2,a5cf2816ac5c4970,Conv,"{""class"": ""Conv""}","[[1, 32, 80, 80]]","[""torch.float32""]","[[1, 16, 80, 80]]",14.m.0.cv2,forward,False,544,,1228800,,52,12.6697,12.7277,3.1555
14.m.0.cv2.conv,88439a0c7fdfba8e,Conv2d,"{""bias"": null, ""class"": ""Conv2d"", ""dilation"": [1, 1], ""groups"": 1, ""in_channels"": 32, ""kernel_size"": [1, 1], ""out_channels"": 16, ""padding"": [0, 0], ""stride"": [1, 1]}","[[1, 32, 80, 80]]","[""torch.float32""]","[[1, 16, 80, 80]]",14.m.0.cv2.conv,forward,True,512,3276800,1228800,2.6667,52,8.5974,8.4448,2.7157
14.m.0.cv2.bn,288090b5652ba08e,BatchNorm2d,"{""bias"": ""Parameter containing:\ntensor([ 0.5503, -1.0312,  0.1053, -0.1980, -0.9170, -0.2338, -0.2065, -1.0488, -1.1279, -0.5220, -0.7017, -0.3950, -0.4795, -1.1016,  1.0293, -1.2842])"", ""class"": ""BatchNorm2d"", ""eps"": 0.001}","[[1, 16, 80, 80]]","[""torch.float32""]","[[1, 16, 80, 80]]",14.m.0.cv2.bn,forward,True,32,,819200,,52,1.7836,1.7347,0.6422
14.m.0.cv3,a5cf2816ac5c4970,Conv,"{""class"": ""Conv""}","[[1, 32, 80, 80]]","[""torch.float32""]","[[1, 32, 80, 80]]",14.m.0.cv3,forward,False,1088,,1638400,,52,14.414,14.451,3.4707
14.m.0.cv3.conv,40b4a1a2fe2217b5,Conv2d,"{""bias"": null, ""class"": ""Conv2d"", ""dilation"": [1, 1], ""groups"": 1, ""in_channels"": 32, ""kernel_size"": [1, 1], ""out_channels"": 32, ""padding"": [0, 0], ""stride"": [1, 1]}","[[1, 32, 80, 80]]","[""torch.float32""]","[[1, 32, 80, 80]]",14.m.0.cv3.conv,forward,True,1024,6553600,1638400,4.0,52,9.677,9.8866,2.4192
14.m.0.cv3.bn,fd4725b5e6061492,BatchNorm2d,"{""bias"": ""Parameter containing:\ntensor([-0.9805, -0.5015,  1.1357, -0.1550,  0.5396,  0.1755, -0.1121, -0.3611, -0.5200, -0.2502,  0.0843,  0.0052,  0.0815, -0.3416, -0.6772, -0.4045, -0.3408,  0.3923, -0.2399,  0.2424,  0.4265, -0.1288,  0.2642,  0.2524,  1.1875, -0.1228, -0.0947,  1.3594, -0.0239,  0.4446, -0.6304,  0.0637])"", ""class"": ""BatchNorm2d"", ""eps"": 0.001}","[[1, 32, 80, 80]]","[""torch.float32""]","[[1, 32, 80, 80]]",14.m.0.cv3.bn,forward,True,64,,1638400,,52,1.8411,1.7446,0.7176
14.m.0.m,e0a332ebfbeb3b85,Sequential,"{""class"": ""Sequential""}","[[1, 16, 80, 80]]","[""torch.float32""]","[[1, 16, 80, 80]]",14.m.0.m,forward,False,9344,,819200,,52,61.5192,63.9495,12.4401
14.m.0.m.0,30cf1e492350cfb9,Bottleneck,"{""class"": ""Bottleneck""}","[[1, 16, 80, 80]]","[""torch.float32""]","[[1, 16, 80, 80]]",14.m.0.m.0,forward,False,4672,,819200,,52,30.9205,32.0684,7.3815
14.m.0.m.0.cv1,9ed8b7e5344313b6,Conv,"{""class"": ""Conv""}","[[1, 16, 80, 80]]","[""torch.float32""]","[[1, 16, 80, 80]]",14.m.0.m.0.cv1,forward,False,2336,,819200,,52,13.947,14.5844,3.6283
14.m.0.m.0.cv1.conv,8ddd36ee9bc17db2,Conv2d,"{""bias"": null, ""class"": ""Conv2d"", ""dilation"": [1, 1], ""groups"": 1, ""in_channels"": 16, ""kernel_size"": [3, 3], ""out_channels"": 16, ""padding"": [1, 1], ""stride"": [1, 1]}","[[1, 16, 80, 80]]","[""torch.float32""]","[[1, 16, 80, 80]]",14.m.0.m.0.cv1.conv,forward,True,2304,14745600,819200,18.0,52,9.8715,9.6687,2.7436
14.m.0.m.0.cv1.bn,510f3d42d07d0cf0,BatchNorm2d,"{""bias"": ""Parameter containing:\ntensor([ 1.0186, -0.0614, -0.6108, -0.1060, -0.2042,  0.0119, -0.6133, -0.6768, -0.1418, -0.7017, -0.6558, -0.2683,  0.8169, -0.7183, -0.2922, -0.0084])"", ""class"": ""BatchNorm2d"", ""eps"": 0.001}","[[1, 16, 80, 80]]","[""torch.float32""]","[[1, 16, 80, 80]]",14.m.0.m.0.cv1.bn,forward,True,32,,819200,,52,1.8404,1.6921,0.8634
14.m.0.m.0.cv2,9ed8b7e5344313b6,Conv,"{""class"": ""Conv""}","[[1, 16, 80, 80]]","[""torch.float32""]","[[1, 16, 80, 80]]",14.m.0.m.0.cv2,forward,False,2336,,819200,,52,14.5127,15.0311,3.4383
14.m.0.m.0.cv2.conv,8ddd36ee9bc17db2,Conv2d,"{""bias"": null, ""class"": ""Conv2d"", ""dilation"": [1, 1], ""groups"": 1, ""in_channels"": 16, ""kernel_size"": [3, 3], ""out_channels"": 16, ""padding"": [1, 1], ""stride"": [1, 1]}","[[1, 16, 80, 80]]","[""torch.float32""]","[[1, 16, 80, 80]]",14.m.0.m.0.cv2.conv,forward,True,2304,14745600,819200,18.0,52,10.3759,10.6611,2.8175
14.m.0.m.0.cv2.bn,fd52a218b008b2de,BatchNorm2d,"{""bias"": ""Parameter containing:\ntensor([ 0.0356, -0.6201, -0.6309,  1.2861, -0.0701, -0.9751,  0.4048,  0.6699,  0.0786, -0.0251, -1.0830,  0.9399, -0.6821,  0.4578,  0.6133, -0.0936])"", ""class"": ""BatchNorm2d"", ""eps"": 0.001}","[[1, 16, 80, 80]]","[""torch.float32""]","[[1, 16, 80, 80]]",14.m.0.m.0.cv2.bn,forward,True,32,,819200,,52,1.7302,1.5066,0.9161
14.m.0.m.1,30cf1e492350cfb9,Bottleneck,"{""class"": ""Bottleneck""}","[[1, 16, 80, 80]]","[""torch.float32""]","[[1, 16, 80, 80]]",14.m.0.m.1,forward,False,4672,,819200,,52,30.3693,30.7321,6.5952
14.m.0.m.1.cv1,9ed8b7e5344313b6,Conv,"{""class"": ""Conv""}","[[1, 16, 80, 80]]","[""torch.float32""]","[[1, 16, 80, 80]]",14.m.0.m.1.cv1,forward,False,2336,,819200,,52,14.0533,14.424,3.0747
14.m.0.m.1.cv1.conv,8ddd36ee9bc17db2,Conv2d,"{""bias"": null, ""class"": ""Conv2d"", ""dilation"": [1, 1], ""groups"": 1, ""in_channels"": 16, ""kernel_size"": [3, 3], ""out_channels"": 16, ""padding"": [1, 1], ""stride"": [1, 1]}","[[1, 16, 80, 80]]","[""torch.float32""]","[[1, 16, 80, 80]]",14.m.0.m.1.cv1.conv,forward,True,2304,14745600,819200,18.0,52,10.13,10.3703,1.8573
14.m.0.m.1.cv1.bn,4a15a5350b5c136f,BatchNorm2d,"{""bias"": ""Parameter containing:\ntensor([-0.0132, -0.3384,  0.4507, -0.4509, -0.3157, -0.6616,  0.0061, -0.2341, -0.5303, -0.0276, -0.1206, -0.5884, -0.3440, -0.0129, -0.4167, -0.9048])"", ""class"": ""BatchNorm2d"", ""eps"": 0.001}","[[1, 16, 80, 80]]","[""torch.float32""]","[[1, 16, 80, 80]]",14.m.0.m.1.cv1.bn,forward,True,32,,819200,,52,1.5577,1.5192,0.5644
14.m.0.m.1.cv2,9ed8b7e5344313b6,Conv,"{""class"": ""Conv""}","[[1, 16, 80, 80]]","[""torch.float32""]","[[1, 16, 80, 80]]",14.m.0.m.1.cv2,forward,False,2336,,819200,,52,13.9195,14.3625,3.7708
14.m.0.m.1.cv2.conv,8ddd36ee9bc17db2,Conv2d,"{""bias"": null, ""class"": ""Conv2d"", ""dilation"": [1, 1], ""groups"": 1, ""in_channels"": 16, ""kernel_size"": [3, 3], ""out_channels"": 16, ""padding"": [1, 1], ""stride"": [1, 1]}","[[1, 16, 80, 80]]","[""torch.float32""]","[[1, 16, 80, 80]]",14.m.0.m.1.cv2.conv,forward,True,2304,14745600,819200,18.0,52,9.4709,9.8954,2.1128
14.m.0.m.1.cv2.bn,d87abc16cc780831,BatchNorm2d,"{""bias"": ""Parameter containing:\ntensor([ 2.7324,  0.3450, -0.7510,  1.3535,  1.9746,  2.0762,  1.8350,  1.7959,  1.2324,  2.5137,  1.1875,  1.3477,  0.5645,  0.9814,  0.8896,  2.0996])"", ""class"": ""BatchNorm2d"", ""eps"": 0.001}","[[1, 16, 80, 80]]","[""torch.float32""]","[[1, 16, 80, 80]]",14.m.0.m.1.cv2.bn,forward,True,32,,819200,,52,1.7018,1.6574,0.6994
15,8edda4b0b28cfff8,Conv,"{""class"": ""Conv""}","[[1, 64, 80, 80]]","[""torch.float32""]","[[1, 64, 40, 40]]",15,forward,False,36992,,2048000,,52,16.8781,17.7436,3.5263
15.conv,dafcc4b06ca4275c,Conv2d,"{""bias"": null, ""class"": ""Conv2d"", ""dilation"": [1, 1], ""groups"": 1, ""in_channels"": 64, ""kernel_size"": [3, 3], ""out_channels"": 64, ""padding"": [1, 1], ""stride"": [2, 2]}","[[1, 64, 80, 80]]","[""torch.float32""]","[[1, 64, 40, 40]]",15.conv,forward,True,36864,58982400,2048000,28.8,52,12.9812,13.6018,2.7872
15.bn,08867c32988b2181,BatchNorm2d,"{""bias"": ""Parameter containing:\ntensor([-0.7095, -0.4949, -0.0767, -0.7988, -0.6792, -0.6401, -0.8032, -0.8711, -0.0277, -0.7720, -0.7446,  0.0034, -0.0053, -0.5562, -0.7266,  0.0405, -0.5112, -0.9678, -0.7954,  0.0062, -0.8198, -0.2325, -1.0635, -0.0195, -0.3408, -0.8389, -0.2247, -0.5962, -0.8149, -0.6309, -0.9814, -0.3376, -0.0678, -0.8652,\n        -0.8164, -0.7207, -0.1476, -1.0605, -0.2634, -1.0498, -0.0795, -0.3254, -0.5381, -0.2292, -0.2913, -0.7344, -0.5303, -0.4963, -0.2057, -0.0456, -1.0947, -1.1104, -0.8506, -0.3228,  0.0853,  0.0238, -1.3066, -0.6401, -0.4719, -0.8872, -0.9653, -0.5347, -0.8149, -1.0391])"", ""class"": ""BatchNorm2d"", ""eps"": 0.001}","[[1, 64, 40, 40]]","[""torch.float32""]","[[1, 64, 40, 40]]",15.bn,forward,True,128,,819200,,52,1.6946,1.5082,0.89
16,0c744be3ab4636b8,Concat,"{""class"": ""Concat""}","[[1, 64, 40, 40], [1, 128, 40, 40]]","[""torch.float32""]","[[1, 192, 40, 40]]",16,forward,True,0,,2457600,,52,3.7484,3.6001,1.0476
17,4a4507b0e7a054ff,A2C2f,"{""class"": ""A2C2f""}","[[1, 192, 40, 40]]","[""torch.float32""]","[[1, 128, 40, 40]]",17,forward,False,74624,,2048000,,52,139.1205,138.5931,28.0301
17.cv1,681d054a72fa7eca,Conv,"{""class"": ""Conv""}","[[1, 192, 40, 40]]","[""torch.float32""]","[[1, 64, 40, 40]]",17.cv1,forward,False,12416,,1638400,,52,14.8191,15.128,4.7304
17.cv1.conv,2e95647241ff824a,Conv2d,"{""bias"": null, ""class"": ""Conv2d"", ""dilation"": [1, 1], ""groups"": 1, ""in_channels"": 192, ""kernel_size"": [1, 1], ""out_channels"": 64, ""padding"": [0, 0], ""stride"": [1, 1]}","[[1, 192, 40, 40]]","[""torch.float32""]","[[1, 64, 40, 40]]",17.cv1.conv,forward,True,12288,19660800,1638400,12.0,52,10.767,10.6972,3.5388
17.cv1.bn,8f482d92e623d306,BatchNorm2d,"{""bias"": ""Parameter containing:\ntensor([ 0.4495,  0.1156,  0.1249, -0.1327,  0.3274,  0.5200,  0.9639,  0.5957,  0.7363,  0.3223,  0.4805, -0.0886,  0.4529,  0.6831,  0.4900,  0.8042,  0.5527,  0.4727,  0.0083,  0.1366,  0.2625, -0.4822,  0.9751,  0.0058,  0.0174,  0.5742,  0.1862,  0.3538,  0.6294,  0.5801,  0.3010,  0.5854,  0.7598, -0.3833,\n        -0.0410,  0.3577,  0.1660,  0.2605,  0.1315,  0.8535, -0.2051, -0.2507, -0.1765,  0.3330,  0.1726,  0.3281,  0.0872, -0.3083, -0.0679,  0.5020,  0.3071, -0.9658, -0.3645,  0.7979, -0.1670,  0.4939, -0.0284,  0.2883,  0.4124, -0.3560, -0.0699,  0.3157,  0.4402, -0.5640])"", ""class"": ""BatchNorm2d"", ""eps"": 0.001}","[[1, 64, 40, 40]]","[""torch.float32""]","[[1, 64, 40, 40]]",17.cv1.bn,forward,True,128,,819200,,52,1.7621,1.5817,0.8535
17.cv2,6cfe7a34bafabeb5,Conv,"{""class"": ""Conv""}","[[1, 128, 40, 40]]","[""torch.float32""]","[[1, 128, 40, 40]]",17.cv2,forward,False,16640,,1638400,,52,16.9801,16.5626,4.1444
17.cv2.conv,22bfeb866346ea5a,Conv2d,"{""bias"": null, ""class"": ""Conv2d"", ""dilation"": [1, 1], ""groups"": 1, ""in_channels"": 128, ""kernel_size"": [1, 1], ""out_channels"": 128, ""padding"": [0, 0], ""stride"": [1, 1]}","[[1, 128, 40, 40]]","[""torch.float32""]","[[1, 128, 40, 40]]",17.cv2.conv,forward,True,16384,26214400,1638400,16.0,52,12.0708,12.1991,2.8678
17.cv2.bn,2ab9744e4aeb546f,BatchNorm2d,"{""bias"": ""Parameter containing:\ntensor([ 6.6650e-01,  5.4169e-03,  3.6694e-01,  1.3584e+00, -3.7354e-01, -7.9590e-01, -1.2341e-01,  9.9869e-03, -7.9883e-01, -5.4248e-01, -2.4817e-01, -7.0605e-01, -8.6426e-02, -2.3047e-01,  1.1212e-01, -1.1890e-01, -6.6309e-01, -1.3906e+00, -5.4541e-01, -6.3086e-01, -3.9746e-01,  1.0883e-01,  8.6133e-01, -6.0156e-01,\n        -1.3074e-01, -3.0664e-01, -3.0054e-01, -3.9282e-01,  3.6279e-01,  5.2539e-01,  3.4027e-02, -1.4814e+00, -2.8125e-01, -1.8539e-02, -4.0967e-01, -2.4805e-01, -4.6021e-01,  8.4351e-02, -6.5332e-01, -4.2944e-01, -4.4067e-01, -1.4209e-01, -4.6997e-01, -6.5430e-01, -4.3140e-01, -9.5886e-02, -1.3660e-01,  7.1484e-01,\n        -2.8564e-01,  2.7124e-01, -1.1267e-01, -6.1816e-01,  3.0591e-01, -4.2944e-01, -4.2328e-02, -2.9419e-01, -5.3076e-01, -4.9292e-01,  5.2881e-01, -3.5083e-01, -4.8767e-02,  6.0498e-01,  5.6610e-02, -6.7969e-01, -1.9092e-01, -5.3809e-01, -6.0986e-01,  2.2424e-01, -3.2471e-01,  3.7671e-01,  8.4912e-01, -3.3301e-01,\n        -2.7695e-02, -7.5340e-03, -3.3447e-01, -2.9761e-01, -2.0959e-01, -5.3418e-01, -5.8691e-01, -2.6270e-01, -2.0862e-01, -4.1650e-01, -9.4092e-01, -4.4873e-01, -1.5173e-01, -3.5370e-02, -2.2729e-01, -1.9033e+00,  4.7760e-02, -8.5498e-01, -9.0186e-01,  1.9409e-01,  8.0420e-01, -1.4639e+00, -5.1465e-01, -4.8535e-01,\n        -4.7192e-01, -1.7249e-01, -5.3418e-01,  1.7627e-01, -5.5225e-01,  1.4783e-01, -1.9568e-01,  1.5979e-01, -3.7305e-01,  1.8140e-01,  2.3694e-01, -6.3867e-01, -3.2306e-04, -1.5015e-01, -1.8689e-01, -2.6025e-01, -5.9570e-01, -6.5869e-01,  6.8018e-01, -3.1445e-01,  2.2046e-01, -8.6523e-01, -4.9146e-01,  2.6733e-01,\n        -3.5352e-01,  8.4912e-01, -3.6499e-01,  3.6548e-01, -3.3813e-01,  2.2125e-03, -2.5073e-01, -3.2715e-01])"", ""class"": ""BatchNorm2d"", ""eps"": 0.001}","[[1, 128, 40, 40]]","[""torch.float32""]","[[1, 128, 40, 40]]",17.cv2.bn,forward,True,256,,1638400,,52,1.993,1.6009,1.8364
17.m.0,516db7fc8f1893b7,C3k,"{""class"": ""C3k""}","[[1, 64, 40, 40]]","[""torch.float32""]","[[1, 64, 40, 40]]",17.m.0,forward,False,45568,,819200,,52,103.4856,102.5001,24.8705
17.m.0.cv1,779f8899e994d313,Conv,"{""class"": ""Conv""}","[[1, 64, 40, 40]]","[""torch.float32""]","[[1, 32, 40, 40]]",17.m.0.cv1,forward,False,2112,,614400,,52,12.4823,12.886,3.5031
17.m.0.cv1.conv,a1b0bb97197e5be5,Conv2d,"{""bias"": null, ""class"": ""Conv2d"", ""dilation"": [1, 1], ""groups"": 1, ""in_channels"": 64, ""kernel_size"": [1, 1], ""out_channels"": 32, ""padding"": [0, 0], ""stride"": [1, 1]}","[[1, 64, 40, 40]]","[""torch.float32""]","[[1, 32, 40, 40]]",17.m.0.cv1.conv,forward,True,2048,3276800,614400,5.3333,52,8.7146,9.152,2.4585
17.m.0.cv1.bn,4f52c3dd22221858,BatchNorm2d,"{""bias"": ""Parameter containing:\ntensor([ 0.4006, -0.6006,  0.1937,  0.0413,  0.4304,  0.3174,  0.2773, -0.2034, -0.2063,  0.6987, -0.3027, -0.7925, -0.1703,  0.3401, -0.3142,  0.4705, -0.5752, -0.6182, -0.4663, -0.6226, -0.1103,  0.0123,  0.3015, -0.5630, -0.6274, -0.7275, -0.7822, -0.4316,  0.5620, -0.4871, -0.5020, -0.6807])"", ""class"": ""BatchNorm2d"", ""eps"": 0.001}","[[1, 32, 40, 40]]","[""torch.float32""]","[[1, 32, 40, 40]]",17.m.0.cv1.bn,forward,True,64,,409600,,52,1.7501,1.4966,0.9648
17.m.0.cv2,779f8899e994d313,Conv,"{""class"": ""Conv""}","[[1, 64, 40, 40]]","[""torch.float32""]","[[1, 32, 40, 40]]",17.m.0.cv2,forward,False,2112,,614400,,52,14.4678,12.9494,10.0168
17.m.0.cv2.conv,a1b0bb97197e5be5,Conv2d,"{""bias"": null, ""class"": ""Conv2d"", ""dilation"": [1, 1], ""groups"": 1, ""in_channels"": 64, ""kernel_size"": [1, 1], ""out_channels"": 32, ""padding"": [0, 0], ""stride"": [1, 1]}","[[1, 64, 40, 40]]","[""torch.float32""]","[[1, 32, 40, 40]]",17.m.0.cv2.conv,forward,True,2048,3276800,614400,5.3333,52,10.5212,9.0731,9.8053
17.m.0.cv2.bn,cc722cd3ddad70bb,BatchNorm2d,"{""bias"": ""Parameter containing:\ntensor([ 0.1429, -0.3550, -0.4045, -0.2285, -0.0443, -0.1993, -0.1259, -0.2043,  0.1116, -0.2725, -0.1633, -0.2258, -0.1321, -0.3362, -0.1976, -0.2468, -0.2390, -0.3816, -0.1982, -0.2610,  0.0367, -0.2908, -0.5190, -0.0024, -0.0575, -0.2556, -0.2026, -0.4524, -0.2388, -0.3970, -0.5264,  0.0798])"", ""class"": ""BatchNorm2d"", ""eps"": 0.001}","[[1, 32, 40, 40]]","[""torch.float32""]","[[1, 32, 40, 40]]",17.m.0.cv2.bn,forward,True,64,,409600,,52,1.7547,1.6527,0.6323
17.m.0.cv3,779f8899e994d313,Conv,"{""class"": ""Conv""}","[[1, 64, 40, 40]]","[""torch.float32""]","[[1, 64, 40, 40]]",17.m.0.cv3,forward,False,4224,,819200,,52,13.6063,13.5636,3.4395
17.m.0.cv3.conv,c4029d1f0f305d56,Conv2d,"{""bias"": null, ""class"": ""Conv2d"", ""dilation"": [1, 1], ""groups"": 1, ""in_channels"": 64, ""kernel_size"": [1, 1], ""out_channels"": 64, ""padding"": [0, 0], ""stride"": [1, 1]}","[[1, 64, 40, 40]]","[""torch.float32""]","[[1, 64, 40, 40]]",17.m.0.cv3.conv,forward,True,4096,6553600,819200,8.0,52,9.8276,9.6877,3.2277
17.m.0.cv3.bn,92af1a5d4021d066,BatchNorm2d,"{""bias"": ""Parameter containing:\ntensor([-0.8799,  0.4702,  0.3198, -0.2927, -1.2451,  0.2405, -0.0111,  0.3076,  0.6479, -0.4001,  0.5059, -0.0640, -1.0068, -0.0731, -0.0195, -0.5801,  0.6255,  0.5342, -0.6899,  0.5020,  0.2035,  0.0986,  0.5244, -0.0641,  0.3855,  0.2168,  0.2542,  0.7363,  0.7642, -0.7661,  0.0625, -0.6113,  0.1901, -1.8945,\n        -0.5444, -0.5083, -0.9067,  0.1591, -0.1847,  0.0165, -0.2461,  0.3616, -0.0529, -0.2537, -0.8145, -0.3079, -0.0727, -0.3215, -0.2566,  0.2092,  0.6875,  0.3499, -0.1506, -0.0638,  0.0295, -0.0707, -0.2559,  0.5400, -0.1103,  0.1077, -0.4226,  0.0934,  0.2301, -0.8076])"", ""class"": ""BatchNorm2d"", ""eps"": 0.001}","[[1, 64, 40, 40]]","[""torch.float32""]","[[1, 64, 40, 40]]",17.m.0.cv3.bn,forward,True,128,,819200,,52,1.5038,1.4291,0.5037
17.m.0.m,6ded04e25c75ad3f,Sequential,"{""class"": ""Sequential""}","[[1, 32, 40, 40]]","[""torch.float32""]","[[1, 32, 40, 40]]",17.m.0.m,forward,False,37120,,409600,,52,59.2727,59.2524,14.2108
17.m.0.m.0,ce902fbcba485d85,Bottleneck,"{""class"": ""Bottleneck""}","[[1, 32, 40, 40]]","[""torch.float32""]","[[1, 32, 40, 40]]",17.m.0.m.0,forward,False,18560,,409600,,52,30.3221,29.3111,8.8907
17.m.0.m.0.cv1,ff422757b22cbd6d,Conv,"{""class"": ""Conv""}","[[1, 32, 40, 40]]","[""torch.float32""]","[[1, 32, 40, 40]]",17.m.0.m.0.cv1,forward,False,9280,,409600,,52,13.8473,13.5691,3.575
17.m.0.m.0.cv1.conv,6af1d808b48a0024,Conv2d,"{""bias"": null, ""class"": ""Conv2d"", ""dilation"": [1, 1], ""groups"": 1, ""in_channels"": 32, ""kernel_size"": [3, 3], ""out_channels"": 32, ""padding"": [1, 1], ""stride"": [1, 1]}","[[1, 32, 40, 40]]","[""torch.float32""]","[[1, 32, 40, 40]]",17.m.0.m.0.cv1.conv,forward,True,9216,14745600,409600,36.0,52,10.1127,9.8192,3.0233
17.m.0.m.0.cv1.bn,d96f8f722f91da5a,BatchNorm2d,"{""bias"": ""Parameter containing:\ntensor([-0.3604, -0.1777, -1.0381, -1.2119, -1.1924, -0.5850,  0.1624, -0.2803, -0.6655, -1.0176, -0.0251, -0.3989, -1.1973, -1.0068, -0.8604, -0.3164, -0.8340, -0.1871, -0.3938, -0.3557, -0.8979,  0.0981, -0.7778, -0.4734, -0.3359, -0.2983,  0.6763, -1.2891, -1.0283, -1.0156, -0.7905,  0.0088])"", ""class"": ""BatchNorm2d"", ""eps"": 0.001}","[[1, 32, 40, 40]]","[""torch.float32""]","[[1, 32, 40, 40]]",17.m.0.m.0.cv1.bn,forward,True,64,,409600,,52,1.6482,1.4114,0.8548
17.m.0.m.0.cv2,ff422757b22cbd6d,Conv,"{""class"": ""Conv""}","[[1, 32, 40, 40]]","[""torch.float32""]","[[1, 32, 40, 40]]",17.m.0.m.0.cv2,forward,False,9280,,409600,,52,13.8163,13.586,3.1282
17.m.0.m.0.cv2.conv,6af1d808b48a0024,Conv2d,"{""bias"": null, ""class"": ""Conv2d"", ""dilation"": [1, 1], ""groups"": 1, ""in_channels"": 32, ""kernel_size"": [3, 3], ""out_channels"": 32, ""padding"": [1, 1], ""stride"": [1, 1]}","[[1, 32, 40, 40]]","[""torch.float32""]","[[1, 32, 40, 40]]",17.m.0.m.0.cv2.conv,forward,True,9216,14745600,409600,36.0,52,9.8749,9.7852,2.3518
17.m.0.m.0.cv2.bn,c1df87a214487f5e,BatchNorm2d,"{""bias"": ""Parameter containing:\ntensor([ 0.1620,  0.0457, -0.7915, -0.0623,  0.1020, -0.9375, -0.0110, -0.7510,  0.6108, -0.0210, -0.2468, -1.0410, -0.0331, -0.2910, -0.4624,  0.2416,  0.1054, -0.5312,  0.1011,  0.9536, -0.6274, -0.6924, -0.5879,  0.4912,  0.0775, -0.4600, -0.6938,  0.2452, -0.2007,  0.6055,  1.0117, -0.8154])"", ""class"": ""BatchNorm2d"", ""eps"": 0.001}","[[1, 32, 40, 40]]","[""torch.float32""]","[[1, 32, 40, 40]]",17.m.0.m.0.cv2.bn,forward,True,64,,409600,,52,1.5763,1.4114,0.5638
17.m.0.m.1,ce902fbcba485d85,Bottleneck,"{""class"": ""Bottleneck""}","[[1, 32, 40, 40]]","[""torch.float32""]","[[1, 32, 40, 40]]",17.m.0.m.1,forward,False,18560,,409600,,52,28.7826,28.7309,6.6368
17.m.0.m.1.cv1,ff422757b22cbd6d,Conv,"{""class"": ""Conv""}","[[1, 32, 40, 40]]","[""torch.float32""]","[[1, 32, 40, 40]]",17.m.0.m.1.cv1,forward,False,9280,,409600,,52,13.5943,13.4868,3.9312
17.m.0.m.1.cv1.conv,6af1d808b48a0024,Conv2d,"{""bias"": null, ""class"": ""Conv2d"", ""dilation"": [1, 1], ""groups"": 1, ""in_channels"": 32, ""kernel_size"": [3, 3], ""out_channels"": 32, ""padding"": [1, 1], ""stride"": [1, 1]}","[[1, 32, 40, 40]]","[""torch.float32""]","[[1, 32, 40, 40]]",17.m.0.m.1.cv1.conv,forward,True,9216,14745600,409600,36.0,52,9.98,9.6408,3.4022
17.m.0.m.1.cv1.bn,b7d941fab60333cb,BatchNorm2d,"{""bias"": ""Parameter containing:\ntensor([ 0.1693, -1.0303, -0.7036, -0.8066, -0.8398, -1.1436, -0.8530, -0.1748, -0.0156, -0.5293, -0.1370, -0.4575, -0.6357, -0.6880, -0.4915, -0.7842, -0.6094, -0.3760, -0.9170, -0.5605, -0.0920, -0.4290, -0.2069, -0.4512, -0.5312,  0.1318, -0.4429, -0.9629, -0.6157, -0.4546, -0.5415, -0.7529])"", ""class"": ""BatchNorm2d"", ""eps"": 0.001}","[[1, 32, 40, 40]]","[""torch.float32""]","[[1, 32, 40, 40]]",17.m.0.m.1.cv1.bn,forward,True,64,,409600,,52,1.6,1.361,0.6909
17.m.0.m.1.cv2,ff422757b22cbd6d,Conv,"{""class"": ""Conv""}","[[1, 32, 40, 40]]","[""torch.float32""]","[[1, 32, 40, 40]]",17.m.0.m.1.cv2,forward,False,9280,,409600,,52,13.1782,13.2721,3.05
17.m.0.m.1.cv2.conv,6af1d808b48a0024,Conv2d,"{""bias"": null, ""class"": ""Conv2d"", ""dilation"": [1, 1], ""groups"": 1, ""in_channels"": 32, ""kernel_size"": [3, 3], ""out_channels"": 32, ""padding"": [1, 1], ""stride"": [1, 1]}","[[1, 32, 40, 40]]","[""torch.float32""]","[[1, 32, 40, 40]]",17.m.0.m.1.cv2.conv,forward,True,9216,14745600,409600,36.0,52,9.0214,9.5335,1.8755
17.m.0.m.1.cv2.bn,0ff45917e80400a3,BatchNorm2d,"{""bias"": ""Parameter containing:\ntensor([ 0.8989,  0.2571,  1.1875,  0.7793,  1.6943, -0.2568,  0.3977,  1.0547,  1.0879, -0.1223,  0.8779,  1.3613,  0.8813,  0.4414,  0.7480, -0.0145,  0.4722,  1.4189,  1.7070,  0.4614,  0.5723,  0.8682,  0.7642, -0.3264,  1.1357,  1.5586,  1.3760,  0.4912,  1.1006, -0.1770,  1.7666, -0.0085])"", ""class"": ""BatchNorm2d"", ""eps"": 0.001}","[[1, 32, 40, 40]]","[""torch.float32""]","[[1, 32, 40, 40]]",17.m.0.m.1.cv2.bn,forward,True,64,,409600,,52,1.7272,1.4053,0.9767
18,6cfe7a34bafabeb5,Conv,"{""class"": ""Conv""}","[[1, 128, 40, 40]]","[""torch.float32""]","[[1, 128, 20, 20]]",18,forward,False,147712,,1024000,,52,17.3449,16.8296,3.8828
18.conv,043bedb72d7f8a41,Conv2d,"{""bias"": null, ""class"": ""Conv2d"", ""dilation"": [1, 1], ""groups"": 1, ""in_channels"": 128, ""kernel_size"": [3, 3], ""out_channels"": 128, ""padding"": [1, 1], ""stride"": [2, 2]}","[[1, 128, 40, 40]]","[""torch.float32""]","[[1, 128, 20, 20]]",18.conv,forward,True,147456,58982400,1024000,57.6,52,13.8006,13.5,3.2827
18.bn,7147e4f7d576789b,BatchNorm2d,"{""bias"": ""Parameter containing:\ntensor([-0.1414, -0.3984, -0.2339, -0.5669, -0.0795, -0.8232, -0.3333, -0.7412, -0.4854, -0.4084, -0.5493, -0.4993, -0.5420, -0.1693, -0.5381, -0.2037, -0.5952, -0.1604, -0.6948, -0.7466, -0.4919, -0.6411, -0.1714, -0.4775, -0.4871, -0.8530, -0.4722, -0.5640, -0.1957, -0.4558, -0.5244, -0.6582, -0.2651, -0.5493,\n        -0.1808, -0.9800, -0.6196, -0.5610, -0.0347, -0.4568, -0.5103, -0.2725, -0.6909, -0.4285, -0.4023, -0.3787, -0.6895, -0.3389, -0.7632, -0.5615, -0.3508, -0.3770, -0.3313, -0.1735, -0.3926, -0.5645, -0.5049, -0.1638, -0.5342, -0.0974, -0.5991, -0.5254, -0.5381, -0.7085, -0.1887, -0.6396, -0.2961, -0.2915,\n        -0.6182, -0.2915, -0.4949, -0.5142, -0.4414, -0.4226, -0.1456, -0.5273, -0.3914, -0.6855, -0.4141, -0.2017, -0.5762, -0.5742, -0.6543, -0.3467, -0.3413, -0.5713, -0.0856, -0.7764, -0.4556, -0.3889, -0.4556, -0.4250, -0.1241, -0.3577, -0.3750, -0.4387, -0.4465, -0.7236, -0.5352, -0.3547, -0.4956, -0.3982,\n        -0.2108, -0.1842, -0.6499, -0.2390, -0.4937, -0.6226, -0.4814, -0.0418, -0.3650, -0.1167, -0.7144, -0.3464, -0.1725, -0.4307, -0.7407, -0.4421, -0.1017, -0.6274, -0.4456, -0.3694, -0.5190, -0.6328, -0.2749, -0.2500, -0.4673, -0.7383])"", ""class"": ""BatchNorm2d"", ""eps"": 0.001}","[[1, 128, 20, 20]]","[""torch.float32""]","[[1, 128, 20, 20]]",18.bn,forward,True,256,,409600,,52,1.5798,1.4333,0.7279
19,e1c99929d0fa542e,Concat,"{""class"": ""Concat""}","[[1, 128, 20, 20], [1, 256, 20, 20]]","[""torch.float32""]","[[1, 384, 20, 20]]",19,forward,True,0,,1228800,,52,3.5042,3.1792,1.4939
20,caa95abacee206e6,C3k2,"{""class"": ""C3k2""}","[[1, 384, 20, 20]]","[""torch.float32""]","[[1, 256, 20, 20]]",20,forward,False,378880,,1024000,,52,111.8966,112.9546,19.8879
20.cv1,8f6224db0b19406f,Conv,"{""class"": ""Conv""}","[[1, 384, 20, 20]]","[""torch.float32""]","[[1, 256, 20, 20]]",20.cv1,forward,False,98816,,1024000,,52,17.1111,16.5483,4.2401
20.cv1.conv,0a6e7ad354a5bde8,Conv2d,"{""bias"": null, ""class"": ""Conv2d"", ""dilation"": [1, 1], ""groups"": 1, ""in_channels"": 384, ""kernel_size"": [1, 1], ""out_channels"": 256, ""padding"": [0, 0], ""stride"": [1, 1]}","[[1, 384, 20, 20]]","[""torch.float32""]","[[1, 256, 20, 20]]",20.cv1.conv,forward,True,98304,39321600,1024000,38.4,52,12.9431,12.2111,3.8363
20.cv1.bn,4284a4c508d815ba,BatchNorm2d,"{""bias"": ""Parameter containing:\ntensor([-3.5181e-01, -3.2788e-01, -3.1006e-01, -5.3320e-01, -6.0107e-01, -3.4131e-01, -5.1270e-01, -5.5656e-03, -4.7607e-01,  2.1881e-02, -3.4399e-01, -3.6670e-01, -3.4766e-01, -2.6660e-01, -3.8550e-01, -3.2471e-01, -4.5239e-01, -3.7500e-01, -3.9697e-01, -2.9224e-01, -5.4639e-01, -3.7231e-01, -1.1121e-01, -5.4883e-01,\n        -3.8452e-01, -5.4199e-01, -4.4922e-01, -3.0640e-01, -2.7808e-01, -3.1641e-01, -6.0010e-01, -3.1494e-01, -4.3848e-01, -3.8086e-01,  1.4233e-01, -4.3872e-01, -4.5728e-01, -4.2798e-01, -4.1528e-01, -3.0225e-01, -3.6816e-01, -3.4351e-01, -2.9932e-01, -3.8452e-01, -5.3027e-01,  1.0052e-01, -3.4839e-01, -3.0566e-01,\n        -4.9121e-01, -4.3872e-01, -4.7168e-01, -3.9941e-01, -2.7637e-01, -5.0049e-01, -3.7329e-01, -3.5840e-01, -3.3423e-01, -8.0933e-02, -3.1958e-01, -4.0625e-01,  1.2268e-01, -4.3848e-01, -4.2822e-01, -4.5435e-01, -6.5479e-01, -4.3115e-01, -4.5581e-01,  2.8564e-01, -5.0879e-01, -4.1260e-01, -1.9202e-01, -5.2637e-01,\n        -4.2944e-01, -4.9268e-01, -3.6646e-01, -3.3472e-01, -3.0518e-01, -4.2603e-01, -4.1553e-01, -3.9648e-01, -2.7271e-01, -1.0748e-03,  1.7517e-01, -5.6689e-01, -4.4897e-01, -4.9438e-01, -3.8525e-01, -3.8794e-01, -4.6265e-01, -2.3694e-01, -4.4897e-01, -5.2246e-01, -4.4556e-01, -4.5996e-01, -4.6948e-01, -3.7622e-01,\n        -3.8208e-01, -5.8398e-01, -3.9551e-01, -5.3857e-01, -3.6279e-01, -3.8696e-01, -3.1812e-01, -4.0991e-01, -2.6807e-01,  9.3689e-02, -3.1952e-02, -4.1821e-01, -2.4146e-01, -3.7378e-01, -4.4702e-01, -3.3960e-01, -2.4707e-01, -4.9365e-01, -3.9697e-01, -4.2725e-01, -4.0723e-01, -4.0894e-01, -4.9658e-01, -4.7363e-01,\n        -4.4629e-01, -4.0234e-01, -3.0615e-01,  2.2815e-01, -6.0010e-01, -3.1323e-01, -3.0566e-01, -2.1436e-01, -5.5420e-01, -7.2998e-01, -4.3701e-01, -5.2344e-01, -4.4165e-01, -9.9316e-01, -2.8198e-01, -9.4531e-01, -1.4658e+00, -4.4189e-02, -4.2773e-01, -7.4951e-01, -3.1030e-01, -9.4971e-01, -7.6416e-01, -5.7373e-01,\n        -5.2881e-01, -4.7046e-01, -3.1934e-01,  1.7786e-01, -7.6367e-01, -7.1191e-01, -9.6143e-01, -4.9121e-01, -8.1299e-01, -3.6938e-01,  4.6997e-03, -1.2246e+00, -6.1670e-01, -6.0645e-01, -7.6514e-01, -1.4221e-01, -5.6982e-01, -1.2305e+00, -6.8799e-01, -1.3330e+00, -1.5527e+00,  4.3066e-01, -4.2188e-01, -2.3938e-01,\n        -6.2061e-01, -4.7607e-01,  3.8599e-01, -5.5273e-01, -1.9495e-01, -5.9570e-01, -2.9150e-01, -8.1836e-01, -9.1309e-01, -9.7607e-01, -1.0713e+00, -1.2439e-01, -9.7168e-02, -6.2646e-01, -7.1143e-01, -8.1299e-01, -2.6123e-01, -2.9150e-01, -6.9043e-01, -5.6543e-01, -9.9609e-01, -7.3633e-01, -4.3799e-01, -4.4897e-01,\n        -3.6426e-01, -3.2495e-01, -7.7051e-01, -7.7930e-01, -7.6855e-01, -3.3569e-01, -7.5732e-01, -2.1094e-01,  1.8420e-01, -4.2114e-01, -5.9033e-01, -3.9087e-01, -6.1279e-01, -6.3965e-01, -7.7783e-01, -4.6655e-01, -7.7197e-01,  2.8076e-01, -6.6101e-02, -2.3840e-01, -6.1230e-01, -5.6152e-01, -9.8584e-01, -3.4692e-01,\n        -1.0293e+00, -1.0137e+00, -6.0889e-01,  7.0679e-02, -4.8193e-01, -8.2861e-01,  1.0303e-01, -4.2090e-01, -3.8574e-01, -4.3457e-01, -8.8037e-01, -2.2864e-01, -6.2256e-01, -7.7637e-01, -5.9131e-01, -4.9292e-01, -2.4609e-01, -8.1152e-01, -5.8398e-01, -4.6582e-01, -4.9609e-01, -7.5879e-01, -9.8975e-01, -7.2314e-01,\n        -6.7480e-01, -7.0654e-01, -7.5879e-01, -6.1133e-01, -8.2764e-01, -9.3262e-01, -6.8262e-01, -3.8525e-01, -7.7100e-01, -7.6660e-01, -3.3423e-01, -7.7490e-01, -5.1953e-01, -3.8965e-01, -9.1699e-01, -7.0850e-01])"", ""class"": ""BatchNorm2d"", ""eps"": 0.001}","[[1, 256, 20, 20]]","[""torch.float32""]","[[1, 256, 20, 20]]",20.cv1.bn,forward,True,512,,819200,,52,1.8291,1.5484,0.8361
20.cv2,8f6224db0b19406f,Conv,"{""class"": ""Conv""}","[[1, 384, 20, 20]]","[""torch.float32""]","[[1, 256, 20, 20]]",20.cv2,forward,False,98816,,1024000,,52,16.1304,16.3217,4.524
20.cv2.conv,0a6e7ad354a5bde8,Conv2d,"{""bias"": null, ""class"": ""Conv2d"", ""dilation"": [1, 1], ""groups"": 1, ""in_channels"": 384, ""kernel_size"": [1, 1], ""out_channels"": 256, ""padding"": [0, 0], ""stride"": [1, 1]}","[[1, 384, 20, 20]]","[""torch.float32""]","[[1, 256, 20, 20]]",20.cv2.conv,forward,True,98304,39321600,1024000,38.4,52,12.3064,12.1559,3.9684
20.cv2.bn,f61ae21927722d32,BatchNorm2d,"{""bias"": ""Parameter containing:\ntensor([-0.3721, -0.3911, -0.5029, -0.4204, -0.4812, -0.5073, -0.0632, -0.3198, -0.1164,  0.1713, -0.4827, -0.4841, -0.3032, -0.3330, -0.3252, -0.6631,  0.3071, -0.3989, -0.2362, -0.1982,  0.1586, -0.4832, -0.1880, -0.4119, -0.0615, -0.7065, -0.2028, -0.5508, -0.3240, -0.3237, -0.0870, -0.0913, -0.3809, -0.5986,\n        -0.2573, -0.1450, -0.0878, -0.1744, -0.4465, -0.4219,  0.0184, -0.7290, -0.3948, -0.2874, -0.1137, -0.4172, -0.2240, -0.1920, -0.2314, -0.3740, -0.4353, -0.5522,  0.0215, -0.4812,  0.0335, -0.5449, -0.3923, -0.5259, -0.5771, -0.3752, -0.2954,  0.0652, -0.2174, -0.0571, -0.0656,  0.0032, -0.4023, -0.6123,\n        -0.2712, -0.4224, -0.5000, -0.5229, -0.2781, -0.3501, -0.4470, -0.3906,  0.4707, -0.1714,  0.1725, -0.3833, -0.3159, -0.4319, -0.0327, -0.4678,  0.0667,  0.0992,  0.0746, -0.6030,  0.0413, -0.5410, -0.4697, -0.0677, -0.4902, -0.5806, -0.3752,  0.0572, -0.0058, -0.4927, -0.3418, -0.2264, -0.5801, -0.3101,\n        -0.5200, -0.0145, -0.5850, -0.1638, -0.7627, -0.4578, -0.2844, -0.3411, -0.1971, -0.2751, -0.2612, -0.3694, -0.4333, -0.3394, -0.2546, -0.1201, -0.3325,  0.5278, -0.2896, -0.2062,  0.1103, -0.5303, -0.4358, -0.8662, -0.5342, -0.4307, -0.1254, -0.4470, -0.0087, -0.2590, -0.0281,  0.0218, -0.9131,  0.1243,\n        -0.2734, -0.1203, -0.4988, -0.3879, -0.6602, -0.2024, -0.6382, -0.0237, -0.1569, -0.0379, -0.3186, -0.3201, -0.0112, -0.4033, -0.5000, -0.3496, -0.3032, -0.1869, -0.3767, -0.1869, -0.2440, -0.4126, -0.0951, -0.4785, -0.2546, -0.3232, -0.3408, -0.4465, -0.4509,  0.2959, -0.0542, -0.2678, -0.3335, -0.2898,\n         0.1707, -0.5029, -0.6260, -0.4097, -0.1423, -0.4082, -1.1553, -0.1392, -0.6504, -0.2062, -0.5444, -0.5923, -0.0365, -0.6099, -0.3921, -0.3628, -0.6045, -0.1215, -0.1848, -0.3848, -0.2856, -0.3452, -0.1167, -0.8389, -0.3682, -0.5073, -0.0437, -0.2517,  0.4282, -0.5142, -0.4895, -0.0947, -0.2096, -0.2406,\n        -0.3408, -0.3125, -0.5684, -0.5264, -0.9746, -0.1949, -0.1437, -0.6650,  0.2063, -0.5854, -0.3000,  0.0553,  0.0931, -0.1973, -0.4631, -0.1714, -0.4009,  0.0049, -0.1750, -0.7261,  0.0764, -0.5088, -0.4924, -0.8550, -0.2316, -0.5796, -0.5884, -0.1556, -0.6816, -0.2371, -0.2285, -0.6929, -0.2988, -0.3145,\n         0.0264, -0.4548, -0.4177, -0.1210, -0.1962, -0.2437, -0.3564, -0.3369, -0.1896, -0.3228, -0.2050,  0.0809, -0.4988, -0.3599, -0.2505, -0.3237, -0.2622, -0.2832])"", ""class"": ""BatchNorm2d"", ""eps"": 0.001}","[[1, 256, 20, 20]]","[""torch.float32""]","[[1, 256, 20, 20]]",20.cv2.bn,forward,True,512,,819200,,52,1.6265,1.667,0.6279
20.m.0,a09a2d1a83a8bbc8,C3k,"{""class"": ""C3k""}","[[1, 128, 20, 20]]","[""torch.float32""]","[[1, 128, 20, 20]]",20.m.0,forward,False,181248,,409600,,52,73.6705,73.7802,13.5058
20.m.0.cv1,5cfa28a28ad2d2aa,Conv,"{""class"": ""Conv""}","[[1, 128, 20, 20]]","[""torch.float32""]","[[1, 64, 20, 20]]",20.m.0.cv1,forward,False,8320,,307200,,52,8.9317,8.9793,2.1004
20.m.0.cv1.conv,ec8ca42e06e0df1f,Conv2d,"{""bias"": null, ""class"": ""Conv2d"", ""dilation"": [1, 1], ""groups"": 1, ""in_channels"": 128, ""kernel_size"": [1, 1], ""out_channels"": 64, ""padding"": [0, 0], ""stride"": [1, 1]}","[[1, 128, 20, 20]]","[""torch.float32""]","[[1, 64, 20, 20]]",20.m.0.cv1.conv,forward,True,8192,3276800,307200,10.6667,52,6.8363,7.1772,1.7716
20.m.0.cv1.bn,a677eeb356f05e34,BatchNorm2d,"{""bias"": ""Parameter containing:\ntensor([-0.0739, -0.5332,  0.7983, -0.3245, -0.5195, -0.3342, -0.6392, -0.4531, -0.5791, -0.7236,  0.2361, -0.4663,  0.2583,  0.1207, -0.3989,  0.0486, -0.6846, -0.1327, -0.5376, -0.1120,  0.0500, -0.8740,  0.6055, -0.6958, -0.9346,  0.6636, -0.3950,  0.0920, -0.3606, -0.1371, -0.5073, -0.1102, -0.3555,  0.8271,\n        -0.0331, -0.2303, -0.7021,  0.0742, -0.9292, -0.3638, -0.1982, -0.1664, -0.7646, -0.0619, -0.1477, -0.4761, -0.7446, -0.3289, -0.0374,  0.4006,  0.2791, -0.4766, -0.2144, -0.7134, -0.1968,  0.0048,  0.4858,  0.3989, -0.7793, -0.4639, -0.3982, -0.0327, -0.3799, -0.4331])"", ""class"": ""BatchNorm2d"", ""eps"": 0.001}","[[1, 64, 20, 20]]","[""torch.float32""]","[[1, 64, 20, 20]]",20.m.0.cv1.bn,forward,True,128,,204800,,52,1.5699,1.6245,0.5432
20.m.0.cv2,5cfa28a28ad2d2aa,Conv,"{""class"": ""Conv""}","[[1, 128, 20, 20]]","[""torch.float32""]","[[1, 64, 20, 20]]",20.m.0.cv2,forward,False,8320,,307200,,52,10.0086,9.153,2.8775
20.m.0.cv2.conv,ec8ca42e06e0df1f,Conv2d,"{""bias"": null, ""class"": ""Conv2d"", ""dilation"": [1, 1], ""groups"": 1, ""in_channels"": 128, ""kernel_size"": [1, 1], ""out_channels"": 64, ""padding"": [0, 0], ""stride"": [1, 1]}","[[1, 128, 20, 20]]","[""torch.float32""]","[[1, 64, 20, 20]]",20.m.0.cv2.conv,forward,True,8192,3276800,307200,10.6667,52,7.8036,7.2106,2.547
20.m.0.cv2.bn,92916d3c789df7a3,BatchNorm2d,"{""bias"": ""Parameter containing:\ntensor([ 0.0010, -0.0399, -0.0489, -0.0135,  0.0047, -0.0295, -0.0894, -0.0352, -0.0054, -0.0161, -0.1649, -0.0869, -0.0086, -0.1207, -0.0779, -0.0573, -0.1196, -0.0479, -0.0135, -0.0361, -0.0187, -0.0058, -0.0381, -0.0665, -0.0403, -0.0465, -0.0945, -0.0701, -0.0102, -0.0172, -0.0074, -0.0233, -0.0469, -0.1705,\n        -0.0357, -0.0784, -0.0019, -0.0681, -0.2163, -0.0467,  0.0219, -0.0344, -0.1260,  0.0024, -0.0941, -0.0253, -0.0213, -0.1543, -0.0141, -0.0428, -0.0348, -0.0540, -0.0465, -0.0671, -0.0339, -0.0036, -0.0739, -0.0035, -0.0128, -0.0074, -0.0330, -0.0583, -0.0566, -0.0264])"", ""class"": ""BatchNorm2d"", ""eps"": 0.001}","[[1, 64, 20, 20]]","[""torch.float32""]","[[1, 64, 20, 20]]",20.m.0.cv2.bn,forward,True,128,,204800,,52,1.707,1.5697,0.7324
20.m.0.cv3,5cfa28a28ad2d2aa,Conv,"{""class"": ""Conv""}","[[1, 128, 20, 20]]","[""torch.float32""]","[[1, 128, 20, 20]]",20.m.0.cv3,forward,False,16640,,409600,,52,13.9705,13.3743,2.9533
20.m.0.cv3.conv,665138cb895e145b,Conv2d,"{""bias"": null, ""class"": ""Conv2d"", ""dilation"": [1, 1], ""groups"": 1, ""in_channels"": 128, ""kernel_size"": [1, 1], ""out_channels"": 128, ""padding"": [0, 0], ""stride"": [1, 1]}","[[1, 128, 20, 20]]","[""torch.float32""]","[[1, 128, 20, 20]]",20.m.0.cv3.conv,forward,True,16384,6553600,409600,16.0,52,9.8481,9.5311,2.0447
20.m.0.cv3.bn,c8f198c7f5a6430e,BatchNorm2d,"{""bias"": ""Parameter containing:\ntensor([-0.4031, -0.0686, -0.3606, -0.1154, -0.1555,  0.0227, -0.3140, -0.5273, -0.3574, -0.3196, -0.4023, -0.4355, -0.7236,  0.2939, -0.0179, -0.1326, -0.4902, -0.0842, -0.0726, -0.2681, -0.2456, -0.2925,  0.0616, -0.0183, -0.4487,  0.0052, -0.2842, -0.2274, -0.5806, -0.4551, -0.2886,  0.3442, -0.6387, -0.2981,\n        -0.4187, -0.0163, -0.2520, -0.5029, -0.3633, -0.1995, -0.1207, -0.2534,  0.1310,  0.1100, -0.3171,  0.1956,  0.0134,  0.0756, -0.2340, -0.0974, -0.1887, -0.1826, -0.1542, -0.1815, -0.0522, -0.1665, -0.6030, -0.2974, -0.2522, -0.2622, -0.2881, -0.3662, -0.4907,  0.1238, -0.0568, -0.3765,  0.1265, -0.2406,\n        -0.3213, -0.2402, -0.2764, -0.3745, -0.0258, -0.4045, -0.6235, -0.5234, -0.1420, -0.2551, -0.5518, -0.0940, -0.1477, -0.1564, -0.0343, -0.0705, -0.2258,  0.3440,  0.4392, -0.1803, -0.1525, -0.3235, -0.5562, -0.1649, -0.5654, -0.2612,  0.2441, -0.0165, -0.4321, -0.2103,  0.0992, -0.4209, -0.5542, -0.0640,\n        -0.2335, -0.1257, -0.4841,  0.0375, -0.3357,  0.0187, -0.3140, -0.0312, -0.6050,  0.0409,  0.1490, -0.0840, -0.5723,  0.3447, -0.0738, -0.1223, -0.1417, -0.4060, -0.2042, -0.1421, -0.3096, -0.4465, -0.1118, -0.0801,  0.0536, -0.2981])"", ""class"": ""BatchNorm2d"", ""eps"": 0.001}","[[1, 128, 20, 20]]","[""torch.float32""]","[[1, 128, 20, 20]]",20.m.0.cv3.bn,forward,True,256,,409600,,52,1.8735,1.5316,1.0032
20.m.0.m,98a0535723db6c6a,Sequential,"{""class"": ""Sequential""}","[[1, 64, 20, 20]]","[""torch.float32""]","[[1, 64, 20, 20]]",20.m.0.m,forward,False,147968,,204800,,52,40.3126,41.1534,7.5349
20.m.0.m.0,b2fb027cf4519a34,Bottleneck,"{""class"": ""Bottleneck""}","[[1, 64, 20, 20]]","[""torch.float32""]","[[1, 64, 20, 20]]",20.m.0.m.0,forward,False,73984,,204800,,52,20.2812,20.0699,4.3414
20.m.0.m.0.cv1,9eb119d52f148e5f,Conv,"{""class"": ""Conv""}","[[1, 64, 20, 20]]","[""torch.float32""]","[[1, 64, 20, 20]]",20.m.0.m.0.cv1,forward,False,36992,,204800,,52,10.0493,9.6562,2.7241
20.m.0.m.0.cv1.conv,3352e00d5bd42fc2,Conv2d,"{""bias"": null, ""class"": ""Conv2d"", ""dilation"": [1, 1], ""groups"": 1, ""in_channels"": 64, ""kernel_size"": [3, 3], ""out_channels"": 64, ""padding"": [1, 1], ""stride"": [1, 1]}","[[1, 64, 20, 20]]","[""torch.float32""]","[[1, 64, 20, 20]]",20.m.0.m.0.cv1.conv,forward,True,36864,14745600,204800,72.0,52,7.8289,7.3972,2.4937
20.m.0.m.0.cv1.bn,356f21732ae9f7f4,BatchNorm2d,"{""bias"": ""Parameter containing:\ntensor([-0.0231, -0.2427, -1.1006, -0.6782, -0.8223, -0.9907, -0.4192, -0.0912, -0.0602, -1.0234, -0.6626, -1.0498, -0.0286, -1.3477, -0.9502, -0.5498, -0.6396,  0.3140, -0.2786, -0.9453, -0.5010, -0.9229, -0.4644, -0.8916, -1.1445,  0.0832, -0.8740, -1.2383, -0.1871, -0.0775, -0.3486, -0.7793, -1.3525, -1.0605,\n        -1.0723, -0.2085,  0.1663, -0.7720, -1.1016, -0.7173, -0.5176, -0.6221, -0.4736, -0.2333, -1.3975, -0.6626, -0.2463, -0.0224, -0.4924, -0.3032,  0.2350, -0.4504, -0.6143, -0.8491, -0.8120, -0.4062, -0.4646,  0.2048, -1.1709, -0.4456, -1.1553, -0.9897, -1.1650, -0.6089])"", ""class"": ""BatchNorm2d"", ""eps"": 0.001}","[[1, 64, 20, 20]]","[""torch.float32""]","[[1, 64, 20, 20]]",20.m.0.m.0.cv1.bn,forward,True,128,,204800,,52,1.7182,1.6843,0.5993
20.m.0.m.0.cv2,9eb119d52f148e5f,Conv,"{""class"": ""Conv""}","[[1, 64, 20, 20]]","[""torch.float32""]","[[1, 64, 20, 20]]",20.m.0.m.0.cv2,forward,False,36992,,204800,,52,9.982,9.8837,2.2802
20.m.0.m.0.cv2.conv,3352e00d5bd42fc2,Conv2d,"{""bias"": null, ""class"": ""Conv2d"", ""dilation"": [1, 1], ""groups"": 1, ""in_channels"": 64, ""kernel_size"": [3, 3], ""out_channels"": 64, ""padding"": [1, 1], ""stride"": [1, 1]}","[[1, 64, 20, 20]]","[""torch.float32""]","[[1, 64, 20, 20]]",20.m.0.m.0.cv2.conv,forward,True,36864,14745600,204800,72.0,52,7.9052,7.8402,1.8379
20.m.0.m.0.cv2.bn,13116717917a5a2f,BatchNorm2d,"{""bias"": ""Parameter containing:\ntensor([-0.4761, -0.7729, -0.4829, -0.2314, -0.3821, -0.3240, -0.0812, -0.7065, -0.7373, -0.0933, -0.4602,  0.2795, -0.6494, -0.4841,  0.3484, -0.3884, -0.5327, -0.3640, -0.7402, -0.0306, -0.1595,  0.1863, -0.0624, -0.0873, -0.3792, -0.5630,  0.2158, -0.3235,  0.4248,  0.1315, -0.1705,  0.1523, -0.6226, -0.3542,\n         1.2334, -0.5420, -0.7847, -0.3965, -0.0819, -0.7246, -0.6230, -0.5562, -0.7271, -0.2849,  0.2056, -0.0872,  0.4187, -0.4097, -0.1982, -0.7002, -0.3806, -0.9551,  0.2118, -0.2201, -0.8896, -0.0342, -0.5137, -0.0393, -0.2455,  0.0775, -0.8062,  0.1862,  0.2883, -0.9165])"", ""class"": ""BatchNorm2d"", ""eps"": 0.001}","[[1, 64, 20, 20]]","[""torch.float32""]","[[1, 64, 20, 20]]",20.m.0.m.0.cv2.bn,forward,True,128,,204800,,52,1.6135,1.607,0.6862
20.m.0.m.1,b2fb027cf4519a34,Bottleneck,"{""class"": ""Bottleneck""}","[[1, 64, 20, 20]]","[""torch.float32""]","[[1, 64, 20, 20]]",20.m.0.m.1,forward,False,73984,,204800,,52,19.9057,19.6738,3.9533
20.m.0.m.1.cv1,9eb119d52f148e5f,Conv,"{""class"": ""Conv""}","[[1, 64, 20, 20]]","[""torch.float32""]","[[1, 64, 20, 20]]",20.m.0.m.1.cv1,forward,False,36992,,204800,,52,9.9397,9.8443,2.2575
20.m.0.m.1.cv1.conv,3352e00d5bd42fc2,Conv2d,"{""bias"": null, ""class"": ""Conv2d"", ""dilation"": [1, 1], ""groups"": 1, ""in_channels"": 64, ""kernel_size"": [3, 3], ""out_channels"": 64, ""padding"": [1, 1], ""stride"": [1, 1]}","[[1, 64, 20, 20]]","[""torch.float32""]","[[1, 64, 20, 20]]",20.m.0.m.1.cv1.conv,forward,True,36864,14745600,204800,72.0,52,7.6862,7.5977,1.6889
20.m.0.m.1.cv1.bn,84701041fe4dde3f,BatchNorm2d,"{""bias"": ""Parameter containing:\ntensor([-0.3057, -0.8711, -1.2715, -1.0986, -0.7319, -0.5391, -0.5361, -0.5361, -1.2559, -0.6602, -0.7573, -0.1086, -0.0864, -0.7354, -0.9229, -0.6328, -0.3965, -0.5303, -0.8223, -0.8442, -1.1055, -0.5562, -0.6802, -0.9771, -0.6914, -1.4717, -0.7959, -0.0546, -0.1627, -0.5576, -0.2561, -0.8579, -0.8516, -1.1680,\n        -0.8184, -0.8950, -0.0172, -0.5698, -0.4773, -0.1116, -0.4885, -1.0303, -0.8682, -1.1221, -0.8589, -0.8569, -0.7969,  0.0090, -0.7739, -0.8447, -0.4387, -0.3760, -0.4023, -0.2148,  0.4326, -0.8760, -0.9526, -0.7236, -0.7300, -0.5449, -0.9277, -0.1653, -0.4563, -1.0449])"", ""class"": ""BatchNorm2d"", ""eps"": 0.001}","[[1, 64, 20, 20]]","[""torch.float32""]","[[1, 64, 20, 20]]",20.m.0.m.1.cv1.bn,forward,True,128,,204800,,52,1.6622,1.6268,0.651
20.m.0.m.1.cv2,9eb119d52f148e5f,Conv,"{""class"": ""Conv""}","[[1, 64, 20, 20]]","[""torch.float32""]","[[1, 64, 20, 20]]",20.m.0.m.1.cv2,forward,False,36992,,204800,,52,9.7084,9.7828,2.1421
20.m.0.m.1.cv2.conv,3352e00d5bd42fc2,Conv2d,"{""bias"": null, ""class"": ""Conv2d"", ""dilation"": [1, 1], ""groups"": 1, ""in_channels"": 64, ""kernel_size"": [3, 3], ""out_channels"": 64, ""padding"": [1, 1], ""stride"": [1, 1]}","[[1, 64, 20, 20]]","[""torch.float32""]","[[1, 64, 20, 20]]",20.m.0.m.1.cv2.conv,forward,True,36864,14745600,204800,72.0,52,7.6848,7.4925,1.948
20.m.0.m.1.cv2.bn,b73c44ef0f2ae7e2,BatchNorm2d,"{""bias"": ""Parameter containing:\ntensor([ 0.0078,  0.1455,  0.2322, -0.0567,  0.2561,  0.0668, -0.3948,  0.1181,  0.0673,  0.2328, -0.2389,  0.4185, -0.2844,  0.4016, -0.2646, -0.1177, -0.2871,  0.0788,  0.3569, -0.4333,  0.0927, -0.0808, -0.1107,  0.1168,  0.2233,  0.4143,  0.3923, -0.5586,  0.4253, -0.2145, -0.0128,  0.1154,  0.0384, -0.2585,\n         0.0782,  0.1525,  0.1177,  0.2573,  0.1026,  0.1825, -0.0848,  0.4399,  0.1660,  0.1807, -0.3291, -0.1028, -0.4341,  0.1372, -0.2600,  0.1349, -0.3049, -0.1300,  0.1250, -0.0688,  0.1298,  0.2529,  0.0248, -0.2137, -0.0678, -0.0789,  0.3184, -0.3765,  0.4980, -0.5410])"", ""class"": ""BatchNorm2d"", ""eps"": 0.001}","[[1, 64, 20, 20]]","[""torch.float32""]","[[1, 64, 20, 20]]",20.m.0.m.1.cv2.bn,forward,True,128,,204800,,52,1.5973,1.6773,0.5451
21,b8320985a0f13968,Detect,"{""class"": ""Detect"", ""nc"": 80, ""reg_max"": 16, ""stride"": ""tensor([ 8., 16., 32.])""}","[[1, 64, 80, 80], [1, 128, 40, 40], [1, 256, 20, 20]]","[""torch.float32""]","[[1, 84, 8400]]",21,forward,False,464912,,5689600,,52,449.993,423.4301,134.3372
21.cv2.0,7fd7f009284314a8,Sequential,"{""class"": ""Sequential""}","[[1, 64, 80, 80]]","[""torch.float32""]","[[1, 64, 80, 80]]",21.cv2.0,forward,False,78144,,3276800,,52,82.5528,80.7314,17.7328
21.cv2.0.0,8edda4b0b28cfff8,Conv,"{""class"": ""Conv""}","[[1, 64, 80, 80]]","[""torch.float32""]","[[1, 64, 80, 80]]",21.cv2.0.0,forward,False,36992,,3276800,,52,30.8949,31.0179,7.0055
21.cv2.0.0.conv,b3d3d746de5ca8f5,Conv2d,"{""bias"": null, ""class"": ""Conv2d"", ""dilation"": [1, 1], ""groups"": 1, ""in_channels"": 64, ""kernel_size"": [3, 3], ""out_channels"": 64, ""padding"": [1, 1], ""stride"": [1, 1]}","[[1, 64, 80, 80]]","[""torch.float32""]","[[1, 64, 80, 80]]",21.cv2.0.0.conv,forward,True,36864,235929600,3276800,72.0,52,24.8402,25.5431,5.4335
21.cv2.0.0.bn,3a771111201b3a53,BatchNorm2d,"{""bias"": ""Parameter containing:\ntensor([-0.1460, -0.9072, -0.2939, -1.1787, -0.2285,  0.0704, -0.9150, -0.4219, -0.1014, -0.3765, -0.6636, -1.2842, -0.6543, -1.0527, -0.7192, -0.4839, -1.8799, -1.4082, -1.1064, -0.8110, -0.2593, -0.7769, -0.9521, -0.5952, -0.3616, -0.8848, -0.6289, -1.1816, -0.5532, -1.0361, -0.0986,  0.8452,  0.4475,  0.0822,\n        -0.1219, -1.0000, -0.9312, -0.6821, -0.8140,  0.1449, -0.4490,  0.2168, -1.0479, -0.7173, -0.5762, -1.8242, -0.8916, -0.8677, -1.0020, -0.5859,  0.6582, -1.2148, -0.6548, -1.2080, -0.7192, -1.1709, -0.3645, -0.6309, -1.2725, -0.9678, -0.5059, -0.2424, -0.7412, -0.0838])"", ""class"": ""BatchNorm2d"", ""eps"": 0.001}","[[1, 64, 80, 80]]","[""torch.float32""]","[[1, 64, 80, 80]]",21.cv2.0.0.bn,forward,True,128,,3276800,,52,2.0923,2.0112,0.7487
21.cv2.0.1,8edda4b0b28cfff8,Conv,"{""class"": ""Conv""}","[[1, 64, 80, 80]]","[""torch.float32""]","[[1, 64, 80, 80]]",21.cv2.0.1,forward,False,36992,,3276800,,52,34.482,32.8806,10.7633
21.cv2.0.1.conv,b3d3d746de5ca8f5,Conv2d,"{""bias"": null, ""class"": ""Conv2d"", ""dilation"": [1, 1], ""groups"": 1, ""in_channels"": 64, ""kernel_size"": [3, 3], ""out_channels"": 64, ""padding"": [1, 1], ""stride"": [1, 1]}","[[1, 64, 80, 80]]","[""torch.float32""]","[[1, 64, 80, 80]]",21.cv2.0.1.conv,forward,True,36864,235929600,3276800,72.0,52,26.9005,26.1229,7.5778
21.cv2.0.1.bn,d9596849df5533d5,BatchNorm2d,"{""bias"": ""Parameter containing:\ntensor([ 0.5713, -0.4480,  0.8716,  0.5610,  0.8545, -0.8770,  0.5571,  1.0830,  1.1689,  1.1162,  0.9995,  0.3435,  0.2035,  0.9414,  1.0840,  1.0010,  1.6992, -0.2091,  0.3789,  1.4248,  0.5063,  0.6147,  1.1357,  1.0879,  0.3911,  0.5381,  0.9551,  0.2817,  1.5039,  0.4045,  0.2605,  0.2983,  1.3643,  0.8906,\n         0.3240,  1.2002,  1.0244,  0.9868,  0.2771,  0.4172,  0.9155,  0.9292,  0.3906,  1.1641, -0.2898,  0.1967,  1.1191,  1.3857,  1.0000,  0.6401,  0.2764,  0.0077,  1.3037,  0.9707,  1.0791,  1.3164,  0.0147,  0.4912,  1.1855,  1.1826, -0.3452,  0.8472,  0.5610,  1.1973])"", ""class"": ""BatchNorm2d"", ""eps"": 0.001}","[[1, 64, 80, 80]]","[""torch.float32""]","[[1, 64, 80, 80]]",21.cv2.0.1.bn,forward,True,128,,3276800,,52,3.5403,2.1351,5.7861
21.cv2.0.2,e5473cbe81dfb003,Conv2d,"{""bias"": ""Parameter containing:\ntensor([1.8291, 1.8682, 1.8438, 1.8574, 1.5156, 1.4336, 1.1582, 0.8794, 0.7930, 0.6348, 0.5200, 0.4058, 0.3091, 0.1965, 0.1841, 0.5586, 1.8135, 1.7979, 1.6719, 1.6504, 1.6924, 1.3984, 1.2578, 1.1768, 1.0078, 0.7690, 0.5493, 0.3774, 0.2551, 0.1549, 0.1057, 0.3127, 2.0332, 2.0117, 1.9160, 1.8457, 1.3896, 1.2783, 1.0771,\n        0.7832, 0.6968, 0.6338, 0.5176, 0.4197, 0.3208, 0.2578, 0.2184, 0.5815, 1.7695, 1.8135, 1.6846, 1.5820, 1.5713, 1.5332, 1.4961, 1.2676, 1.0078, 0.7319, 0.4951, 0.3208, 0.2073, 0.1455, 0.0754, 0.2781])"", ""class"": ""Conv2d"", ""dilation"": [1, 1], ""groups"": 1, ""in_channels"": 64, ""kernel_size"": [1, 1], ""out_channels"": 64, ""padding"": [0, 0], ""stride"": [1, 1]}","[[1, 64, 80, 80]]","[""torch.float32""]","[[1, 64, 80, 80]]",21.cv2.0.2,forward,True,4160,26214400,3276800,8.0,52,16.8538,15.6113,8.1263
21.cv2.1,ba2148944390f9e3,Sequential,"{""class"": ""Sequential""}","[[1, 128, 40, 40]]","[""torch.float32""]","[[1, 64, 40, 40]]",21.cv2.1,forward,False,115008,,1228800,,52,46.4026,47.0699,13.0678
21.cv2.1.0,6cfe7a34bafabeb5,Conv,"{""class"": ""Conv""}","[[1, 128, 40, 40]]","[""torch.float32""]","[[1, 64, 40, 40]]",21.cv2.1.0,forward,False,73856,,1228800,,52,20.825,20.4226,7.5027
21.cv2.1.0.conv,b0f07601a28f4098,Conv2d,"{""bias"": null, ""class"": ""Conv2d"", ""dilation"": [1, 1], ""groups"": 1, ""in_channels"": 128, ""kernel_size"": [3, 3], ""out_channels"": 64, ""padding"": [1, 1], ""stride"": [1, 1]}","[[1, 128, 40, 40]]","[""torch.float32""]","[[1, 64, 40, 40]]",21.cv2.1.0.conv,forward,True,73728,117964800,1228800,96.0,52,16.9879,16.7253,5.8715
21.cv2.1.0.bn,5152e2fa0a8e32f7,BatchNorm2d,"{""bias"": ""Parameter containing:\ntensor([-0.4019,  0.1909, -0.1050, -0.9141, -0.7983, -0.8823, -0.3276,  0.4722, -0.1322, -0.4636, -0.2228, -1.2012, -1.4824, -0.9360, -0.2177, -0.9546,  0.7002,  0.5552, -0.2524, -0.6226,  0.8037, -0.3777, -0.9180,  0.1431, -0.3083, -0.8911, -0.4646, -0.3528, -0.2859, -0.6489,  0.2759, -0.0805, -0.4487, -1.4834,\n        -0.5449, -0.6455, -0.1968,  0.0531,  0.0934,  0.2800, -1.6182, -1.0732, -0.3997, -0.7886, -0.5752, -0.0543, -0.0216, -0.8960, -0.9043, -0.0418,  0.4033, -0.5527,  0.3367, -0.0473,  0.4722, -0.4873, -1.3057, -0.7905, -0.5010, -0.7842, -0.1353,  0.3154, -0.1318, -0.4307])"", ""class"": ""BatchNorm2d"", ""eps"": 0.001}","[[1, 64, 40, 40]]","[""torch.float32""]","[[1, 64, 40, 40]]",21.cv2.1.0.bn,forward,True,128,,819200,,52,1.526,1.4895,0.5913
21.cv2.1.1,779f8899e994d313,Conv,"{""class"": ""Conv""}","[[1, 64, 40, 40]]","[""torch.float32""]","[[1, 64, 40, 40]]",21.cv2.1.1,forward,False,36992,,819200,,52,16.4029,17.2198,5.1489
21.cv2.1.1.conv,7dcfbda29846c883,Conv2d,"{""bias"": null, ""class"": ""Conv2d"", ""dilation"": [1, 1], ""groups"": 1, ""in_channels"": 64, ""kernel_size"": [3, 3], ""out_channels"": 64, ""padding"": [1, 1], ""stride"": [1, 1]}","[[1, 64, 40, 40]]","[""torch.float32""]","[[1, 64, 40, 40]]",21.cv2.1.1.conv,forward,True,36864,58982400,819200,72.0,52,12.0304,12.1786,3.9746
21.cv2.1.1.bn,d233a0efc1f51876,BatchNorm2d,"{""bias"": ""Parameter containing:\ntensor([ 1.0244,  0.2568,  0.0576,  0.8574,  1.2520,  1.0693,  1.0098,  1.0166,  0.5469,  0.5127,  0.7524,  0.8735,  0.2734,  1.6436,  0.2283,  1.0439,  0.9517,  0.4399,  1.1084,  0.5669,  1.0498,  0.9819,  0.6167,  0.9131,  1.0332,  0.3438,  0.9497,  0.8032,  0.7163,  0.7734,  1.1270,  1.1318,  1.0000,  0.7261,\n         0.3948,  0.2416,  0.8984,  1.0400,  0.4033,  0.6152,  1.0840,  0.7310,  0.3572,  1.4492,  1.5684, -0.0750,  0.7603,  1.4131, -0.0301,  1.2090,  0.1545,  0.7769,  0.9634, -0.0376,  1.0078,  1.2471,  1.0166,  1.2285,  1.0850,  0.2058,  1.0410,  1.2168,  1.2197,  0.7524])"", ""class"": ""BatchNorm2d"", ""eps"": 0.001}","[[1, 64, 40, 40]]","[""torch.float32""]","[[1, 64, 40, 40]]",21.cv2.1.1.bn,forward,True,128,,819200,,52,1.8766,1.4849,1.254
21.cv2.1.2,5b5039aeefbe449c,Conv2d,"{""bias"": ""Parameter containing:\ntensor([2.4277, 2.3320, 2.0723, 1.8848, 1.2598, 0.9258, 1.0283, 0.9014, 0.8159, 0.5981, 0.4404, 0.3401, 0.2576, 0.1843, 0.1205, 0.3850, 2.0684, 2.1777, 2.0137, 1.8896, 1.7363, 1.2734, 0.9854, 1.0010, 0.9204, 0.5859, 0.4482, 0.3171, 0.2029, 0.1171, 0.0459, 0.1752, 2.2207, 2.1367, 1.9375, 1.8291, 1.5771, 1.4424, 1.0879,\n        0.9585, 0.6816, 0.4951, 0.4221, 0.3171, 0.2333, 0.1464, 0.0975, 0.3606, 2.0039, 1.9277, 1.7959, 1.6670, 1.4844, 1.4385, 1.0859, 1.0254, 1.1006, 0.8701, 0.4900, 0.3645, 0.2290, 0.1512, 0.0674, 0.2842])"", ""class"": ""Conv2d"", ""dilation"": [1, 1], ""groups"": 1, ""in_channels"": 64, ""kernel_size"": [1, 1], ""out_channels"": 64, ""padding"": [0, 0], ""stride"": [1, 1]}","[[1, 64, 40, 40]]","[""torch.float32""]","[[1, 64, 40, 40]]",21.cv2.1.2,forward,True,4160,6553600,819200,8.0,52,8.9184,9.0623,2.3802
21.cv2.2,27a5bc3647bf7fdc,Sequential,"{""class"": ""Sequential""}","[[1, 256, 20, 20]]","[""torch.float32""]","[[1, 64, 20, 20]]",21.cv2.2,forward,False,188736,,512000,,52,36.3798,30.5581,25.6923
21.cv2.2.0,0ed1c23cf9110f7a,Conv,"{""class"": ""Conv""}","[[1, 256, 20, 20]]","[""torch.float32""]","[[1, 64, 20, 20]]",21.cv2.2.0,forward,False,147584,,512000,,52,13.5711,13.6654,3.8982
21.cv2.2.0.conv,4c7e6de9dc310050,Conv2d,"{""bias"": null, ""class"": ""Conv2d"", ""dilation"": [1, 1], ""groups"": 1, ""in_channels"": 256, ""kernel_size"": [3, 3], ""out_channels"": 64, ""padding"": [1, 1], ""stride"": [1, 1]}","[[1, 256, 20, 20]]","[""torch.float32""]","[[1, 64, 20, 20]]",21.cv2.2.0.conv,forward,True,147456,58982400,512000,115.2,52,11.1352,11.1885,3.523
21.cv2.2.0.bn,d4184671772a29c9,BatchNorm2d,"{""bias"": ""Parameter containing:\ntensor([-0.8638, -0.7896, -1.0693, -0.1801, -0.5029,  0.0930, -0.7935, -0.1323, -0.5825,  0.0232, -0.0795,  0.0172,  0.1509, -0.5464, -0.4666, -0.3677, -0.4739, -0.3757, -0.4136, -0.6826, -1.4561,  0.4966, -0.7734, -0.4465,  0.5103, -0.1053, -0.5796, -0.8877, -0.9653,  0.1484, -0.4658, -0.3896, -0.2487, -0.2277,\n         0.2578, -0.4861, -1.0635,  0.3611, -0.4631, -0.3933, -0.3359, -0.7109, -0.6211,  0.0948, -0.5010, -0.5200, -1.0068, -0.3384,  0.1997, -0.1042,  0.1982, -0.0110, -0.1738,  0.3787, -0.1288, -0.0831,  0.8413,  0.0904,  0.3389, -0.0153,  0.4790, -1.1270, -0.0134, -0.3335])"", ""class"": ""BatchNorm2d"", ""eps"": 0.001}","[[1, 64, 20, 20]]","[""torch.float32""]","[[1, 64, 20, 20]]",21.cv2.2.0.bn,forward,True,128,,204800,,52,1.8322,1.5262,1.4906
21.cv2.2.1,9eb119d52f148e5f,Conv,"{""class"": ""Conv""}","[[1, 64, 20, 20]]","[""torch.float32""]","[[1, 64, 20, 20]]",21.cv2.2.1,forward,False,36992,,204800,,52,12.3117,9.5515,13.1048
21.cv2.2.1.conv,3352e00d5bd42fc2,Conv2d,"{""bias"": null, ""class"": ""Conv2d"", ""dilation"": [1, 1], ""groups"": 1, ""in_channels"": 64, ""kernel_size"": [3, 3], ""out_channels"": 64, ""padding"": [1, 1], ""stride"": [1, 1]}","[[1, 64, 20, 20]]","[""torch.float32""]","[[1, 64, 20, 20]]",21.cv2.2.1.conv,forward,True,36864,14745600,204800,72.0,52,10.0256,7.7145,13.0624
21.cv2.2.1.bn,9c54c1cb0ebe6e39,BatchNorm2d,"{""bias"": ""Parameter containing:\ntensor([1.4297, 1.0527, 0.3030, 1.5430, 0.6523, 0.8843, 0.8125, 0.9155, 1.3857, 0.8896, 0.6797, 0.1954, 1.1143, 0.8735, 0.8203, 1.1465, 1.0254, 0.4204, 0.7178, 1.1279, 0.8550, 0.2343, 0.9028, 1.2344, 1.2012, 1.1426, 0.5283, 1.3262, 1.0762, 0.8638, 0.3604, 0.4355, 0.9473, 1.5752, 0.5596, 1.0742, 0.4304, 0.2186, 0.8506,\n        0.9937, 1.8301, 0.8442, 1.2227, 1.7666, 1.0889, 0.9980, 1.4365, 1.4092, 0.5317, 0.8467, 0.9390, 0.6060, 0.9219, 1.2461, 0.7930, 0.7412, 0.4956, 1.8740, 0.8599, 0.2126, 0.5156, 1.1982, 1.1123, 0.7056])"", ""class"": ""BatchNorm2d"", ""eps"": 0.001}","[[1, 64, 20, 20]]","[""torch.float32""]","[[1, 64, 20, 20]]",21.cv2.2.1.bn,forward,True,128,,204800,,52,1.7487,1.6624,0.798
21.cv2.2.2,9b2b9a2bf9dccdcd,Conv2d,"{""bias"": ""Parameter containing:\ntensor([1.8652, 1.8027, 1.6182, 1.5850, 1.5039, 1.1055, 0.9507, 1.2100, 0.8721, 0.8335, 0.7505, 0.5815, 0.4558, 0.3333, 0.2654, 0.2532, 1.8125, 1.9102, 1.9482, 2.0664, 1.6455, 1.7275, 1.3408, 0.8291, 0.8794, 0.3018, 0.4006, 0.3970, 0.2571, 0.1808, 0.1381, 0.1192, 2.2305, 2.1445, 2.0254, 1.8125, 1.5049, 1.0469, 0.9565,\n        0.8696, 0.5815, 0.6367, 0.4805, 0.4805, 0.4282, 0.3059, 0.2285, 0.2130, 1.7109, 1.7734, 1.7607, 1.7500, 1.5127, 1.2998, 1.1982, 1.1055, 0.7021, 0.6934, 0.6143, 0.4751, 0.4224, 0.4146, 0.3079, 0.2451])"", ""class"": ""Conv2d"", ""dilation"": [1, 1], ""groups"": 1, ""in_channels"": 64, ""kernel_size"": [1, 1], ""out_channels"": 64, ""padding"": [0, 0], ""stride"": [1, 1]}","[[1, 64, 20, 20]]","[""torch.float32""]","[[1, 64, 20, 20]]",21.cv2.2.2,forward,True,4160,1638400,204800,8.0,52,10.257,6.7814,17.9402
21.cv3.0,7fd7f009284314a8,Sequential,"{""class"": ""Sequential""}","[[1, 64, 80, 80]]","[""torch.float32""]","[[1, 80, 80, 80]]",21.cv3.0,forward,False,19904,,3686400,,52,114.5342,103.7092,74.8052
21.cv3.0.0,7fd7f009284314a8,Sequential,"{""class"": ""Sequential""}","[[1, 64, 80, 80]]","[""torch.float32""]","[[1, 80, 80, 80]]",21.cv3.0.0,forward,False,5984,,3686400,,52,44.7035,41.0469,22.6751
21.cv3.0.0.0,d7d46c82cbe5cfee,DWConv,"{""class"": ""DWConv""}","[[1, 64, 80, 80]]","[""torch.float32""]","[[1, 64, 80, 80]]",21.cv3.0.0.0,forward,False,704,,3276800,,52,22.0716,19.1124,22.1194
21.cv3.0.0.0.conv,e46f8b507b32375c,Conv2d,"{""bias"": null, ""class"": ""Conv2d"", ""dilation"": [1, 1], ""groups"": 64, ""in_channels"": 64, ""kernel_size"": [3, 3], ""out_channels"": 64, ""padding"": [1, 1], ""stride"": [1, 1]}","[[1, 64, 80, 80]]","[""torch.float32""]","[[1, 64, 80, 80]]",21.cv3.0.0.0.conv,forward,True,576,3686400,3276800,1.125,52,16.2657,12.9434,22.3106
21.cv3.0.0.0.bn,90797170fde403a8,BatchNorm2d,"{""bias"": ""Parameter containing:\ntensor([ 0.0231,  0.5659,  1.1328,  1.6387, -0.6118,  0.9082,  1.3906,  0.1676,  1.3359, -0.3020,  1.5518, -0.0879,  0.2161,  0.7178,  0.7583,  0.1361,  0.4761,  0.1774,  0.4724,  1.7178,  1.2988,  1.7354,  0.9858,  0.5098,  1.0059,  0.9048,  0.3359,  1.6328,  0.8037,  0.5425,  0.1278,  0.4006,  0.3071,  1.6797,\n        -0.0858,  1.0684,  0.1815,  0.5088,  1.3750,  0.4170,  0.5522,  0.4841,  0.5557,  0.8091,  0.5312,  1.3623,  0.8364,  1.9014,  0.6582,  1.8887,  0.9824,  1.2246,  0.3188,  1.4004,  0.5903,  1.8906, -0.4739,  0.6289,  1.7061,  0.0629,  0.7588,  1.5049,  0.4897,  0.9302])"", ""class"": ""BatchNorm2d"", ""eps"": 0.001}","[[1, 64, 80, 80]]","[""torch.float32""]","[[1, 64, 80, 80]]",21.cv3.0.0.0.bn,forward,True,128,,3276800,,52,2.3456,2.3678,0.793
21.cv3.0.0.1,8edda4b0b28cfff8,Conv,"{""class"": ""Conv""}","[[1, 64, 80, 80]]","[""torch.float32""]","[[1, 80, 80, 80]]",21.cv3.0.0.1,forward,False,5280,,3686400,,52,22.4395,21.6302,7.116
21.cv3.0.0.1.conv,2146d5ca5d465a14,Conv2d,"{""bias"": null, ""class"": ""Conv2d"", ""dilation"": [1, 1], ""groups"": 1, ""in_channels"": 64, ""kernel_size"": [1, 1], ""out_channels"": 80, ""padding"": [0, 0], ""stride"": [1, 1]}","[[1, 64, 80, 80]]","[""torch.float32""]","[[1, 80, 80, 80]]",21.cv3.0.0.1.conv,forward,True,5120,32768000,3686400,8.8889,52,15.3538,14.7729,4.8295
21.cv3.0.0.1.bn,71fec17f99e03f86,BatchNorm2d,"{""bias"": ""Parameter containing:\ntensor([-0.5044, -0.3137, -0.2939, -0.1986,  0.3047,  0.0779,  0.3738, -0.7397, -0.1552, -0.0681, -0.1124,  0.2756, -0.0157,  0.6084, -0.0823,  0.2402,  0.3359,  0.2939, -0.1654,  0.2294,  0.2888,  0.4307, -0.8735,  0.3604,  0.0565, -0.4375, -0.3479, -2.1484,  0.4441,  0.3528,  0.3259,  0.2847,  0.2203, -0.4565,\n        -0.2722, -0.2327,  1.0664, -0.7900,  0.1300, -0.2854, -0.0598,  0.1375,  0.6221,  0.0959,  0.5635, -0.0355,  0.3870,  0.0287,  0.7207, -0.1204, -0.0038,  0.4907,  0.5645,  0.0615,  0.6753, -0.0199, -0.9111,  0.0089,  0.7988,  0.3315,  0.0528, -0.3789, -0.1451,  0.3523, -0.0804, -0.0084,  0.0574,  0.0739,\n         0.1786,  0.6372,  0.6475,  0.3259,  0.0079, -0.3896,  0.3606,  0.8247,  0.6455, -0.1299, -0.1194,  0.0654])"", ""class"": ""BatchNorm2d"", ""eps"": 0.001}","[[1, 80, 80, 80]]","[""torch.float32""]","[[1, 80, 80, 80]]",21.cv3.0.0.1.bn,forward,True,160,,4096000,,52,2.4259,2.1284,1.0632
21.cv3.0.1,e33d8b877fc56c16,Sequential,"{""class"": ""Sequential""}","[[1, 80, 80, 80]]","[""torch.float32""]","[[1, 80, 80, 80]]",21.cv3.0.1,forward,False,7440,,4096000,,52,43.8084,42.8551,10.8453
21.cv3.0.1.0,612832fc4c3c3e40,DWConv,"{""class"": ""DWConv""}","[[1, 80, 80, 80]]","[""torch.float32""]","[[1, 80, 80, 80]]",21.cv3.0.1.0,forward,False,880,,4096000,,52,20.4556,18.7335,5.8963
21.cv3.0.1.0.conv,2cdc9ddaf88c2a51,Conv2d,"{""bias"": null, ""class"": ""Conv2d"", ""dilation"": [1, 1], ""groups"": 80, ""in_channels"": 80, ""kernel_size"": [3, 3], ""out_channels"": 80, ""padding"": [1, 1], ""stride"": [1, 1]}","[[1, 80, 80, 80]]","[""torch.float32""]","[[1, 80, 80, 80]]",21.cv3.0.1.0.conv,forward,True,720,4608000,4096000,1.125,52,13.6217,12.8121,4.5418
21.cv3.0.1.0.bn,0ff297be8f53c8e5,BatchNorm2d,"{""bias"": ""Parameter containing:\ntensor([ 8.2764e-01,  9.2725e-01, -2.1558e-01,  7.4414e-01,  3.4229e-01,  5.8350e-01, -3.2666e-01,  8.1836e-01,  7.7734e-01, -1.8958e-01,  1.2461e+00,  8.3301e-01,  8.3398e-01,  6.1084e-01,  7.1436e-01,  6.8848e-01, -4.5264e-01,  6.5869e-01,  3.6011e-01,  7.7393e-01, -7.7344e-01,  1.2754e+00,  6.6553e-01, -7.8955e-01,\n         4.6655e-01,  5.0000e-01, -1.1786e-01, -1.2832e+00,  9.5264e-01, -7.5049e-01,  5.0391e-01,  5.7861e-01,  6.1230e-01,  5.9082e-01, -2.8345e-01, -3.5187e-02, -2.5952e-01,  5.3662e-01,  6.3965e-02,  1.5710e-01,  4.8071e-01,  7.4121e-01,  3.6108e-01,  7.7734e-01,  4.6729e-01,  7.0215e-01,  3.5034e-01,  8.6572e-01,\n         4.1650e-01,  1.0078e-02,  1.1188e-01,  4.9316e-01,  2.3291e-01,  1.3330e+00,  2.1045e-01,  8.5205e-01,  4.7729e-01,  5.0537e-01, -5.4004e-01,  6.2451e-01,  8.3398e-01,  1.5557e+00,  5.9717e-01, -1.0718e-01,  4.9097e-01, -1.0614e-01,  2.8271e-01,  7.9688e-01,  1.1836e+00,  2.4316e-01, -1.4258e-01, -7.8726e-04,\n         4.4263e-01,  3.6646e-01,  4.3750e-01,  9.1858e-02,  6.6357e-01,  1.1045e+00,  7.8516e-01,  6.3086e-01])"", ""class"": ""BatchNorm2d"", ""eps"": 0.001}","[[1, 80, 80, 80]]","[""torch.float32""]","[[1, 80, 80, 80]]",21.cv3.0.1.0.bn,forward,True,160,,4096000,,52,2.4639,2.048,1.5794
21.cv3.0.1.1,34de7a256bd759e3,Conv,"{""class"": ""Conv""}","[[1, 80, 80, 80]]","[""torch.float32""]","[[1, 80, 80, 80]]",21.cv3.0.1.1,forward,False,6560,,4096000,,52,23.1003,22.4955,6.2451
21.cv3.0.1.1.conv,c1db1b0976f01fb1,Conv2d,"{""bias"": null, ""class"": ""Conv2d"", ""dilation"": [1, 1], ""groups"": 1, ""in_channels"": 80, ""kernel_size"": [1, 1], ""out_channels"": 80, ""padding"": [0, 0], ""stride"": [1, 1]}","[[1, 80, 80, 80]]","[""torch.float32""]","[[1, 80, 80, 80]]",21.cv3.0.1.1.conv,forward,True,6400,40960000,4096000,10.0,52,16.6385,15.9893,4.1499
21.cv3.0.1.1.bn,e9d6129f112a9971,BatchNorm2d,"{""bias"": ""Parameter containing:\ntensor([ 1.2773e+00,  1.5215e+00,  1.0244e+00,  7.3682e-01,  4.6533e-01,  3.6597e-01,  3.6035e+00,  6.1279e-01,  6.5430e-02,  1.5703e+00,  4.9609e+00,  7.4170e-01, -3.5248e-02,  1.5344e-01,  5.0273e+00,  4.0938e+00, -3.4033e-01,  3.0293e+00,  7.4609e-01,  3.9697e-01,  1.8477e+00,  2.4500e-01,  2.4668e+00,  7.2363e-01,\n         3.1270e+00,  1.2070e+00,  1.5049e+00,  5.5938e+00,  2.3633e+00, -2.2888e-03,  1.3428e-01,  2.5293e-01,  6.4941e-01,  3.9141e+00, -3.0249e-01,  5.0703e+00,  6.6345e-02,  2.3906e+00,  1.3691e+00,  1.0010e+00,  1.7705e+00,  1.4287e+00,  8.7646e-01,  4.8555e+00,  1.1953e+00,  6.0117e+00,  1.4248e+00,  1.1094e+00,\n        -2.2241e-01,  8.0127e-01,  2.0520e-01, -1.9653e-01, -2.2241e-01,  2.4355e+00, -5.9631e-02,  2.8418e-01,  3.7445e-02,  4.4751e-01, -3.6816e-01, -3.4033e-01,  4.2266e+00,  3.9209e-01, -3.6426e-01,  1.6016e+00,  7.1240e-01,  4.9292e-01,  4.0747e-01,  1.2295e+00, -1.1945e-01,  3.8403e-01,  4.4219e+00,  1.6504e-01,\n         2.8340e+00,  7.1594e-02, -3.2642e-01,  4.3750e+00,  5.8252e-01,  4.4800e-01,  9.0381e-01,  2.2437e-01])"", ""class"": ""BatchNorm2d"", ""eps"": 0.001}","[[1, 80, 80, 80]]","[""torch.float32""]","[[1, 80, 80, 80]]",21.cv3.0.1.1.bn,forward,True,160,,4096000,,52,2.6222,2.4741,1.1283
21.cv3.0.2,33ea33d2397fac58,Conv2d,"{""bias"": ""Parameter containing:\ntensor([ -8.3359, -11.9375, -11.0469, -12.1797, -12.4453, -12.5547, -12.4844, -12.1016, -11.8828, -11.8281, -12.5234, -12.4141, -12.4766, -11.6875, -11.7109, -12.1562, -12.0391, -12.1328, -12.0391, -12.0703, -12.2422, -12.6328, -12.5156, -12.3594, -11.8516, -11.6875, -11.2578, -12.0391, -11.8984, -12.3125, -12.2578,\n        -12.6016, -12.0391, -12.3359, -12.2031, -12.3438, -12.0703, -11.9922, -12.1875, -11.1719, -11.9219, -11.0469, -11.8594, -11.8281, -11.8359, -11.4297, -11.7266, -11.8984, -12.3438, -12.0078, -12.0469, -11.7969, -12.3828, -12.2891, -11.9453, -12.0234, -10.3125, -12.3125, -12.0859, -12.3594, -11.7109, -12.2734,\n        -12.1172, -12.2969, -12.4766, -11.9531, -12.4766, -12.0000, -12.5078, -12.3828, -12.6875, -12.1875, -12.4609, -10.8047, -11.9531, -11.9609, -12.0938, -11.7969, -12.4844, -12.2734])"", ""class"": ""Conv2d"", ""dilation"": [1, 1], ""groups"": 1, ""in_channels"": 80, ""kernel_size"": [1, 1], ""out_channels"": 80, ""padding"": [0, 0], ""stride"": [1, 1]}","[[1, 80, 80, 80]]","[""torch.float32""]","[[1, 80, 80, 80]]",21.cv3.0.2,forward,True,6480,40960000,4096000,10.0,52,25.7239,15.3899,52.9413
21.cv3.1,ba2148944390f9e3,Sequential,"{""class"": ""Sequential""}","[[1, 128, 40, 40]]","[""torch.float32""]","[[1, 80, 40, 40]]",21.cv3.1,forward,False,25728,,1331200,,52,77.2488,71.8717,33.2883
21.cv3.1.0,ba2148944390f9e3,Sequential,"{""class"": ""Sequential""}","[[1, 128, 40, 40]]","[""torch.float32""]","[[1, 80, 40, 40]]",21.cv3.1.0,forward,False,11808,,1331200,,52,38.6673,32.2389,29.9394
21.cv3.1.0.0,2070b2b9fed0e673,DWConv,"{""class"": ""DWConv""}","[[1, 128, 40, 40]]","[""torch.float32""]","[[1, 128, 40, 40]]",21.cv3.1.0.0,forward,False,1408,,1638400,,52,22.172,16.4341,29.235
21.cv3.1.0.0.conv,306c28310e6ff2eb,Conv2d,"{""bias"": null, ""class"": ""Conv2d"", ""dilation"": [1, 1], ""groups"": 128, ""in_channels"": 128, ""kernel_size"": [3, 3], ""out_channels"": 128, ""padding"": [1, 1], ""stride"": [1, 1]}","[[1, 128, 40, 40]]","[""torch.float32""]","[[1, 128, 40, 40]]",21.cv3.1.0.0.conv,forward,True,1152,1843200,1638400,1.125,52,17.271,10.8453,29.1933
21.cv3.1.0.0.bn,171f44727e5b1fe6,BatchNorm2d,"{""bias"": ""Parameter containing:\ntensor([ 0.1075,  0.7930,  0.1320,  1.7178,  0.5659,  0.0406, -0.2179,  1.1338,  0.0267,  1.0205,  0.1735, -0.0116,  0.0906,  0.0514,  0.4617,  0.1071, -0.2563, -0.1190,  0.5630, -0.0272,  0.4180, -0.1215,  0.0715, -0.0948,  0.0349, -0.0057, -0.0941, -0.2035, -0.1415, -0.1477,  0.0428, -0.3870,  1.3018,  0.1368,\n         0.4961, -0.1118,  1.1084,  0.3003,  0.8218,  0.1261,  1.1104,  1.2285,  0.2007, -0.0914, -0.0581,  1.2393, -0.1133,  0.4951,  0.2042, -0.2264,  0.6763,  0.1569, -0.2360,  1.1436, -0.2218, -0.0210,  0.6343,  0.0662, -0.1616,  0.3979,  0.1979,  0.2041,  0.0903, -0.4326,  0.0670,  0.0083, -0.2920, -0.2097,\n        -0.0397,  0.6318,  0.3545,  0.4983,  0.4409, -0.0554,  1.0361,  1.0977, -0.1555,  1.0713,  0.2002,  0.3506,  0.3394,  0.9062, -0.1841, -0.1752, -0.0327,  0.3123,  0.0277, -0.2927, -0.0743, -0.0650,  0.1732,  0.2751,  0.2834,  0.8018,  0.0200,  1.0547,  1.3809, -0.1075,  1.3262,  1.0244,  0.0911,  1.1416,\n        -0.2500, -0.0905, -0.1014,  0.0963,  0.5137,  0.1823,  0.2622, -0.5020,  0.1512,  1.0068,  0.2335,  0.1658,  0.1510,  1.1904,  0.2375,  0.2507,  0.9131, -0.2976,  1.0381,  0.1755,  0.4111,  0.2783,  1.2402,  0.1953,  0.6665,  1.0840])"", ""class"": ""BatchNorm2d"", ""eps"": 0.001}","[[1, 128, 40, 40]]","[""torch.float32""]","[[1, 128, 40, 40]]",21.cv3.1.0.0.bn,forward,True,256,,1638400,,52,1.9628,1.6085,1.0373
21.cv3.1.0.1,6cfe7a34bafabeb5,Conv,"{""class"": ""Conv""}","[[1, 128, 40, 40]]","[""torch.float32""]","[[1, 80, 40, 40]]",21.cv3.1.0.1,forward,False,10400,,1331200,,52,16.3282,15.4435,5.946
21.cv3.1.0.1.conv,f013c005cbb7af24,Conv2d,"{""bias"": null, ""class"": ""Conv2d"", ""dilation"": [1, 1], ""groups"": 1, ""in_channels"": 128, ""kernel_size"": [1, 1], ""out_channels"": 80, ""padding"": [0, 0], ""stride"": [1, 1]}","[[1, 128, 40, 40]]","[""torch.float32""]","[[1, 80, 40, 40]]",21.cv3.1.0.1.conv,forward,True,10240,16384000,1331200,12.3077,52,11.7145,10.7598,4.9089
21.cv3.1.0.1.bn,2d9e8723dc65b504,BatchNorm2d,"{""bias"": ""Parameter containing:\ntensor([ 7.3584e-01,  8.8379e-02, -8.8257e-02,  9.6375e-02, -3.8696e-01,  1.2079e-01,  1.3574e-01,  5.3809e-01,  6.4160e-01,  9.4434e-01,  1.2213e-01,  8.8135e-02,  1.2683e-01,  7.8430e-02,  4.7681e-01,  4.2480e-01, -1.4775e+00, -7.4463e-01,  7.9932e-01, -6.2549e-01,  4.3579e-01,  8.0469e-01,  2.3840e-01,  1.3611e-01,\n         1.0762e+00,  2.5879e-01,  2.1521e-01, -6.4270e-02, -1.9580e-01,  3.1299e-01, -2.9883e-01,  9.4116e-02, -1.7168e+00,  6.5479e-01,  3.5889e-02,  3.0566e-01,  4.1968e-01,  5.0000e-01,  1.2482e-01,  1.6724e-01,  2.0554e-02,  3.0469e-01, -6.5979e-02,  2.9321e-01,  7.9492e-01, -8.6084e-01, -1.5364e-03, -2.6587e-01,\n         1.5808e-01, -3.1445e-01,  3.3936e-02,  5.5518e-01,  1.0883e-01, -6.4270e-02,  1.5945e-02,  7.0361e-01,  5.7129e-01,  9.8145e-02,  1.7041e-01, -8.9307e-01,  7.1387e-01,  4.2114e-01,  2.6685e-01,  3.9526e-01,  6.2451e-01,  1.8201e-01, -1.2939e-01,  1.0583e-01,  8.0566e-01, -9.2627e-01,  1.5411e-02,  3.8062e-01,\n        -6.8994e-01,  1.2537e-01,  7.1240e-01, -1.3464e-01,  8.7158e-02,  7.2266e-01,  1.5137e-01,  5.0293e-01])"", ""class"": ""BatchNorm2d"", ""eps"": 0.001}","[[1, 80, 40, 40]]","[""torch.float32""]","[[1, 80, 40, 40]]",21.cv3.1.0.1.bn,forward,True,160,,1024000,,52,1.9046,1.8035,0.7261
21.cv3.1.1,ff32b38228563b41,Sequential,"{""class"": ""Sequential""}","[[1, 80, 40, 40]]","[""torch.float32""]","[[1, 80, 40, 40]]",21.cv3.1.1,forward,False,7440,,1024000,,52,27.5233,26.8306,8.0546
21.cv3.1.1.0,3332d8ec8a05a7cb,DWConv,"{""class"": ""DWConv""}","[[1, 80, 40, 40]]","[""torch.float32""]","[[1, 80, 40, 40]]",21.cv3.1.1.0,forward,False,880,,1024000,,52,13.0077,12.1195,5.0997
21.cv3.1.1.0.conv,02e3235f7cad86c0,Conv2d,"{""bias"": null, ""class"": ""Conv2d"", ""dilation"": [1, 1], ""groups"": 80, ""in_channels"": 80, ""kernel_size"": [3, 3], ""out_channels"": 80, ""padding"": [1, 1], ""stride"": [1, 1]}","[[1, 80, 40, 40]]","[""torch.float32""]","[[1, 80, 40, 40]]",21.cv3.1.1.0.conv,forward,True,720,1152000,1024000,1.125,52,8.798,7.8609,4.2924
21.cv3.1.1.0.bn,db003b86beb17b55,BatchNorm2d,"{""bias"": ""Parameter containing:\ntensor([ 0.4778,  0.0570,  0.4490,  0.7715,  0.5508,  0.9995,  0.6709,  0.5518,  0.3325, -0.2744,  0.3611,  0.1907, -0.1476,  0.6660,  0.9087,  0.4631, -1.5381,  0.6523,  0.3625,  0.3572,  0.6450, -0.5312,  0.5396,  0.0058, -0.2534,  0.7124,  0.5928,  0.5640,  0.4343,  0.2119,  0.4060,  0.4712, -1.6455,  0.5254,\n         0.9897, -0.3457,  0.4375,  0.5933,  0.5723,  0.6885,  0.6504,  0.9238,  0.2546,  0.7515,  0.4307, -0.0464, -0.0652, -0.0965,  0.2639,  0.2162,  0.3518,  0.4868,  0.1414,  0.3955,  0.5913,  0.4458, -0.7134,  0.8423,  0.6582,  0.9683,  0.6245,  0.3840,  0.6011,  0.7827,  0.6309,  0.7666,  1.0664,  0.5928,\n         0.7251, -0.3301, -0.2092,  0.7476,  0.2096,  0.6807,  0.4636,  0.7393,  0.5342,  0.4058,  0.4807,  0.4871])"", ""class"": ""BatchNorm2d"", ""eps"": 0.001}","[[1, 80, 40, 40]]","[""torch.float32""]","[[1, 80, 40, 40]]",21.cv3.1.1.0.bn,forward,True,160,,1024000,,52,1.7829,1.744,0.8363
21.cv3.1.1.1,4ca316e081069dfb,Conv,"{""class"": ""Conv""}","[[1, 80, 40, 40]]","[""torch.float32""]","[[1, 80, 40, 40]]",21.cv3.1.1.1,forward,False,6560,,1024000,,52,14.2653,14.3078,3.614
21.cv3.1.1.1.conv,62fc23829a42a565,Conv2d,"{""bias"": null, ""class"": ""Conv2d"", ""dilation"": [1, 1], ""groups"": 1, ""in_channels"": 80, ""kernel_size"": [1, 1], ""out_channels"": 80, ""padding"": [0, 0], ""stride"": [1, 1]}","[[1, 80, 40, 40]]","[""torch.float32""]","[[1, 80, 40, 40]]",21.cv3.1.1.1.conv,forward,True,6400,10240000,1024000,10.0,52,9.8405,9.7557,2.6446
21.cv3.1.1.1.bn,a243dddcc479fc2e,BatchNorm2d,"{""bias"": ""Parameter containing:\ntensor([ 0.4897,  1.4170,  2.8145,  4.6719, -0.2319, -0.0593,  0.5752,  3.9824,  0.2622,  5.6055,  1.3828,  0.7256,  0.0599,  0.9316,  1.1143,  0.5928,  0.0863,  1.2461,  0.9438,  0.0374,  4.0156,  0.2197,  1.0732,  0.5762,  3.4980,  1.3818,  1.0459, -0.0779,  2.6621,  0.1436,  1.1338,  3.0820,  3.2363,  1.1094,\n         6.4961,  2.7363,  0.4968, -0.0842,  1.1855,  2.6348,  2.0078,  2.0938,  0.2241,  2.0801, -0.4873,  1.0439, -0.1897,  1.1807,  0.2058,  1.8291,  2.9473,  2.1094,  1.1963, -0.0947,  1.4834, -0.1000,  2.5605,  2.8926,  2.2168,  4.5078,  0.7627,  2.7051,  0.3657,  0.6924,  2.3574,  0.3772,  3.5371, -0.2617,\n         2.1641,  0.1400,  3.4082,  1.0117,  0.5532,  4.1758,  0.5957,  1.2676,  0.5000,  0.4883, -0.2671,  0.1776])"", ""class"": ""BatchNorm2d"", ""eps"": 0.001}","[[1, 80, 40, 40]]","[""torch.float32""]","[[1, 80, 40, 40]]",21.cv3.1.1.1.bn,forward,True,160,,1024000,,52,1.9939,1.8776,1.0366
21.cv3.1.2,2f305b5671baa37c,Conv2d,"{""bias"": ""Parameter containing:\ntensor([ -6.7578, -10.5859,  -9.9297, -10.5781, -10.7031, -10.8594, -10.6875, -10.4141, -10.6719, -10.7031, -11.1641, -11.2188, -11.1406, -10.2969, -10.3750, -10.3125, -10.5547, -10.5703, -10.7266, -10.5781, -10.6641, -11.0469, -10.7812, -10.8125, -10.7344, -10.3047, -10.4531, -10.6562, -10.4453, -11.2188, -10.6953,\n        -11.0547, -11.1484, -11.0391, -10.8594, -11.1875, -10.8203, -10.7109, -10.8906, -10.5391, -10.6250, -10.4453, -10.7500, -10.5703, -10.7969, -10.2422, -10.3359, -10.6016, -10.6484, -10.9219, -10.7031, -10.7969, -10.9297, -10.9609, -10.8359, -10.6641,  -9.3672, -10.4453, -10.3047, -10.4375,  -9.8281, -10.6562,\n        -10.6406, -10.7422, -11.1719, -11.0000, -11.0078, -10.9922, -11.1016, -10.7578, -11.2656, -10.7969, -10.6719, -10.2266, -10.7891, -10.6875, -10.7344, -10.3594, -11.0625, -10.7891])"", ""class"": ""Conv2d"", ""dilation"": [1, 1], ""groups"": 1, ""in_channels"": 80, ""kernel_size"": [1, 1], ""out_channels"": 80, ""padding"": [0, 0], ""stride"": [1, 1]}","[[1, 80, 40, 40]]","[""torch.float32""]","[[1, 80, 40, 40]]",21.cv3.1.2,forward,True,6480,10240000,1024000,10.0,52,10.7752,9.8831,5.4136
21.cv3.2,27a5bc3647bf7fdc,Sequential,"{""class"": ""Sequential""}","[[1, 256, 20, 20]]","[""torch.float32""]","[[1, 80, 20, 20]]",21.cv3.2,forward,False,37376,,537600,,52,52.5056,49.9396,18.5945
21.cv3.2.0,27a5bc3647bf7fdc,Sequential,"{""class"": ""Sequential""}","[[1, 256, 20, 20]]","[""torch.float32""]","[[1, 80, 20, 20]]",21.cv3.2.0,forward,False,23456,,537600,,52,26.0549,23.975,11.6471
21.cv3.2.0.0,8f0581a31fd40d58,DWConv,"{""class"": ""DWConv""}","[[1, 256, 20, 20]]","[""torch.float32""]","[[1, 256, 20, 20]]",21.cv3.2.0.0,forward,False,2816,,819200,,52,15.4622,14.4387,9.9545
21.cv3.2.0.0.conv,604e7bd8dd66b66f,Conv2d,"{""bias"": null, ""class"": ""Conv2d"", ""dilation"": [1, 1], ""groups"": 256, ""in_channels"": 256, ""kernel_size"": [3, 3], ""out_channels"": 256, ""padding"": [1, 1], ""stride"": [1, 1]}","[[1, 256, 20, 20]]","[""torch.float32""]","[[1, 256, 20, 20]]",21.cv3.2.0.0.conv,forward,True,2304,921600,819200,1.125,52,11.132,9.4439,9.7017
21.cv3.2.0.0.bn,b1e509ec025c2fc4,BatchNorm2d,"{""bias"": ""Parameter containing:\ntensor([-1.4526e-02, -2.6825e-02, -7.1793e-03,  1.1517e-01, -4.5013e-02,  2.9770e-02,  1.6125e-01, -5.3497e-02, -3.0899e-04, -8.1482e-02,  1.5662e-01,  7.6111e-02,  2.4780e-02,  5.4810e-02, -5.0110e-02, -6.2561e-02, -2.7100e-02, -2.6953e-01,  1.0858e-01,  7.5012e-02,  6.1310e-02,  2.1741e-01, -5.5084e-03, -1.2695e-01,\n         8.7280e-02,  4.9268e-01, -2.8198e-02, -7.4524e-02, -1.4038e-01,  3.1592e-01, -3.2837e-02, -2.0374e-01,  2.4948e-02,  3.7933e-02, -1.0437e-02,  2.9639e-01, -1.9153e-01, -5.1727e-02, -9.6207e-03,  2.7313e-03,  1.8509e-02,  9.8694e-02, -4.2236e-02,  3.7048e-02,  1.5930e-01, -6.2500e-02, -2.2217e-01,  5.8990e-02,\n        -7.2571e-02,  3.7781e-02, -1.1615e-01,  1.4954e-01, -6.0059e-02, -2.7191e-02, -3.6224e-02,  1.5308e-01,  1.4941e-01, -8.6121e-02,  1.7197e-02, -3.5614e-02,  3.7750e-02, -1.3208e-01, -5.0476e-02, -5.8838e-02, -3.0615e-01, -1.6467e-01,  4.5215e-01, -4.8920e-02, -9.9854e-02,  3.0716e-02,  2.9663e-01, -8.9722e-02,\n        -9.0647e-04,  5.5176e-02,  1.6769e-02, -1.1292e-01,  4.5874e-01, -3.2288e-02, -4.6692e-02,  1.6406e-01, -2.0126e-02,  2.6886e-02, -8.2214e-02,  3.6182e-01, -3.1128e-01,  1.8250e-01,  1.3916e-01,  1.3660e-01, -5.0415e-02,  1.0811e-02,  3.5205e-01, -5.5023e-02,  1.5793e-02,  1.8494e-01, -1.8481e-01,  1.2598e-01,\n        -1.4136e-01,  9.6069e-02,  8.1360e-02, -7.5256e-02,  1.8152e-01,  1.0803e-02,  4.5068e-01, -1.8494e-01,  2.3816e-01,  2.2839e-01,  2.8271e-01, -1.0797e-01,  8.2336e-02, -2.1667e-02, -3.1860e-02, -4.5654e-02, -1.2067e-01, -1.4534e-02, -3.6987e-01, -1.3763e-02,  1.3092e-02,  2.2021e-01, -2.5293e-01, -3.9459e-02,\n        -3.1592e-01,  4.6875e-02, -1.5967e-01,  2.5977e-01, -1.4514e-01,  2.0520e-01,  6.4941e-02, -1.0590e-01,  2.1347e-02,  1.4551e-01,  1.2337e-02, -5.8685e-02,  2.3849e-02,  6.6162e-02, -2.9883e-01,  4.2450e-02,  3.7402e-01,  1.5373e-03, -3.2397e-01,  3.0444e-01,  1.9385e-01, -3.4821e-02,  2.0386e-01,  3.4961e-01,\n         5.1971e-02,  7.0740e-02,  5.2673e-02, -3.2501e-02,  2.2919e-02,  1.1389e-01,  4.6240e-01, -2.4933e-02, -9.0759e-02,  3.1250e-01,  1.3904e-01,  1.3817e-02,  6.6833e-03, -6.1584e-02, -6.4575e-02, -2.5772e-02,  4.5135e-02, -1.1530e-01, -1.4624e-01,  1.1292e-01,  1.6919e-01, -1.2915e-01,  2.9053e-01,  3.4131e-01,\n         8.6731e-02, -1.1414e-01,  3.9612e-02,  2.2705e-01,  1.8689e-01, -1.2262e-01, -1.3876e-03,  8.6304e-02, -1.2250e-01, -5.3833e-02,  6.2622e-02,  1.2286e-01, -7.5806e-02,  1.5125e-01,  9.3155e-03, -1.8225e-01,  4.5044e-02, -2.3157e-01,  4.9316e-01,  7.2998e-02,  3.6011e-01, -2.4414e-02, -1.2134e-01, -1.4183e-02,\n        -8.8318e-02,  3.7646e-01, -5.0293e-02, -3.5352e-01, -6.6772e-02,  3.3862e-01,  9.3555e-01,  3.9014e-01,  3.7305e-01,  1.6754e-02,  2.4918e-02,  2.8613e-01, -6.0913e-02,  3.9282e-01,  2.5879e-01,  1.1975e-01,  1.6068e-02,  6.1279e-02, -3.5706e-02, -5.9021e-02,  5.5957e-01,  1.8665e-01,  4.0869e-01, -6.6284e-02,\n        -3.2349e-02, -2.5131e-02,  2.2009e-01, -5.6549e-02,  2.2473e-01, -1.8030e-01, -4.0314e-02,  3.9526e-01,  1.3770e-01, -3.0472e-02,  2.5131e-02, -2.0630e-01, -3.4546e-02,  3.1250e-01, -1.8323e-01, -5.2765e-02,  2.2717e-01, -2.3270e-02,  5.2948e-02,  4.0039e-02, -1.5945e-02, -3.1177e-01, -6.4209e-02, -9.1410e-04,\n         1.1475e-02,  1.4618e-02, -4.2114e-02,  7.6782e-02,  4.5068e-01,  4.3018e-01,  9.1370e-02,  2.3148e-02,  5.7220e-02,  4.7577e-02, -8.3923e-02, -1.0986e-01, -1.2482e-01,  7.4654e-03, -5.0354e-02, -1.6737e-03])"", ""class"": ""BatchNorm2d"", ""eps"": 0.001}","[[1, 256, 20, 20]]","[""torch.float32""]","[[1, 256, 20, 20]]",21.cv3.2.0.0.bn,forward,True,512,,819200,,52,1.786,1.6749,0.6731
21.cv3.2.0.1,0ed1c23cf9110f7a,Conv,"{""class"": ""Conv""}","[[1, 256, 20, 20]]","[""torch.float32""]","[[1, 80, 20, 20]]",21.cv3.2.0.1,forward,False,20640,,537600,,52,10.274,9.7414,3.3055
21.cv3.2.0.1.conv,6e2b00bfca4e23b4,Conv2d,"{""bias"": null, ""class"": ""Conv2d"", ""dilation"": [1, 1], ""groups"": 1, ""in_channels"": 256, ""kernel_size"": [1, 1], ""out_channels"": 80, ""padding"": [0, 0], ""stride"": [1, 1]}","[[1, 256, 20, 20]]","[""torch.float32""]","[[1, 80, 20, 20]]",21.cv3.2.0.1.conv,forward,True,20480,8192000,537600,15.2381,52,7.9946,7.4582,2.5017
21.cv3.2.0.1.bn,a27256a2f13d22e5,BatchNorm2d,"{""bias"": ""Parameter containing:\ntensor([-0.0991,  0.0457, -0.1964, -0.7290,  0.6201,  0.0074,  0.0522,  0.3057, -0.2275,  0.4741,  0.2439,  0.2025,  0.5039,  0.4856,  0.5049,  0.3909, -0.0547,  0.2413,  0.3862,  0.4375,  0.4045,  0.2319,  0.1726,  0.1398, -0.2561, -0.0687, -0.3467,  0.5869,  0.5908, -0.0361,  0.0447,  0.4834,  0.2355,  0.4387,\n        -1.5840,  0.1647, -0.0255, -0.5039,  0.5029,  0.5962, -0.0629,  0.5669,  0.5483,  0.6582,  0.4656, -0.9072, -0.0436,  0.5884, -0.2075, -0.0274,  0.5776,  0.1313, -0.4294, -0.9790, -0.0023, -1.5732,  0.4353, -0.0319,  0.1150, -1.6240,  0.3396,  0.1418,  0.3374,  0.0115,  0.0637,  0.4014,  0.5000,  0.1914,\n        -0.3384,  0.5552, -1.3984,  0.2771,  0.1434,  0.1081,  0.5225,  0.5361,  0.0854,  0.2255,  0.0112, -0.1447])"", ""class"": ""BatchNorm2d"", ""eps"": 0.001}","[[1, 80, 20, 20]]","[""torch.float32""]","[[1, 80, 20, 20]]",21.cv3.2.0.1.bn,forward,True,160,,256000,,52,1.7567,1.6408,0.9253
21.cv3.2.1,4f11de3de3cfbf79,Sequential,"{""class"": ""Sequential""}","[[1, 80, 20, 20]]","[""torch.float32""]","[[1, 80, 20, 20]]",21.cv3.2.1,forward,False,7440,,256000,,52,17.7425,17.2153,5.9949
21.cv3.2.1.0,fc532ed241c35241,DWConv,"{""class"": ""DWConv""}","[[1, 80, 20, 20]]","[""torch.float32""]","[[1, 80, 20, 20]]",21.cv3.2.1.0,forward,False,880,,256000,,52,8.0675,7.9328,3.0407
21.cv3.2.1.0.conv,aa61ed83b479a6e0,Conv2d,"{""bias"": null, ""class"": ""Conv2d"", ""dilation"": [1, 1], ""groups"": 80, ""in_channels"": 80, ""kernel_size"": [3, 3], ""out_channels"": 80, ""padding"": [1, 1], ""stride"": [1, 1]}","[[1, 80, 20, 20]]","[""torch.float32""]","[[1, 80, 20, 20]]",21.cv3.2.1.0.conv,forward,True,720,288000,256000,1.125,52,5.7054,5.5537,2.308
21.cv3.2.1.0.bn,6440203a8987d8a6,BatchNorm2d,"{""bias"": ""Parameter containing:\ntensor([ 0.4006,  0.4109,  0.3884,  0.5552,  0.5000,  0.2664, -0.1998, -0.0187,  0.4053,  0.6475,  0.4453,  0.3042,  0.1941,  0.6470,  0.5576,  0.6562,  0.1415,  0.5972,  0.5981,  0.6558,  0.5464,  0.6934,  0.4895, -0.0382, -0.5581,  0.0083,  0.5088,  0.3982, -0.0074,  0.4348,  0.7422,  0.7427,  0.4983,  0.5879,\n        -1.1807,  0.3845,  0.4160,  1.0068,  0.4805,  0.4790,  0.7031,  0.3669, -0.0140,  0.3125,  0.4814,  0.8223,  0.6396,  0.5923, -0.0596, -0.1428,  0.4143,  0.6177, -0.2153,  0.7681,  0.7129, -1.2100,  0.6816,  0.2922,  0.4531, -1.2275,  0.2292,  0.4934,  0.2683,  0.2678,  0.1345,  0.7397,  0.7656,  0.4487,\n        -0.0813,  0.5479, -1.3086,  0.2230,  0.6040,  0.4600,  0.6172,  0.3687, -0.1566,  0.5361,  0.4829, -0.0637])"", ""class"": ""BatchNorm2d"", ""eps"": 0.001}","[[1, 80, 20, 20]]","[""torch.float32""]","[[1, 80, 20, 20]]",21.cv3.2.1.0.bn,forward,True,160,,256000,,52,1.8544,1.6482,0.8435
21.cv3.2.1.1,d788e5b6efab7265,Conv,"{""class"": ""Conv""}","[[1, 80, 20, 20]]","[""torch.float32""]","[[1, 80, 20, 20]]",21.cv3.2.1.1,forward,False,6560,,256000,,52,9.5407,9.1296,3.1682
21.cv3.2.1.1.conv,7beb147b985c373a,Conv2d,"{""bias"": null, ""class"": ""Conv2d"", ""dilation"": [1, 1], ""groups"": 1, ""in_channels"": 80, ""kernel_size"": [1, 1], ""out_channels"": 80, ""padding"": [0, 0], ""stride"": [1, 1]}","[[1, 80, 20, 20]]","[""torch.float32""]","[[1, 80, 20, 20]]",21.cv3.2.1.1.conv,forward,True,6400,2560000,256000,10.0,52,7.2542,7.1361,2.6315
21.cv3.2.1.1.bn,77874db19fff0347,BatchNorm2d,"{""bias"": ""Parameter containing:\ntensor([ 3.0117,  1.8770,  3.2344,  0.8721,  1.0527,  1.0000,  5.0469,  0.1188,  0.7275,  1.4824,  0.1273,  2.3164,  1.7393,  3.4531,  1.4668,  4.5977,  2.7617,  0.6392,  3.7109,  2.5645,  1.1553,  1.0342,  3.7812, -0.4187,  1.8730,  1.8516,  3.3145,  2.3418,  0.2388,  3.5586,  2.6758,  3.7012,  0.8047,  1.5684,\n         3.3223,  1.2314,  0.7261,  0.4429,  3.5039,  1.4619, -0.0481, -0.0878,  0.5625,  0.9951,  3.0234,  0.7144,  0.7847,  1.2734,  0.7290,  0.6851,  0.1796,  0.6841,  1.1582,  2.3398,  0.0244,  2.3945,  1.3740,  0.4993,  3.0059,  1.6074,  3.1973,  0.5093,  2.1348,  2.9492,  0.3408,  1.4023,  3.9902,  1.5410,\n        -0.0425,  2.4492,  4.6992,  1.2422, -0.0746,  3.1270,  1.2656,  0.3005,  1.7773,  1.9600,  2.7520,  0.6528])"", ""class"": ""BatchNorm2d"", ""eps"": 0.001}","[[1, 80, 20, 20]]","[""torch.float32""]","[[1, 80, 20, 20]]",21.cv3.2.1.1.bn,forward,True,160,,256000,,52,1.7635,1.6218,0.8121
21.cv3.2.2,577888de7082b1ce,Conv2d,"{""bias"": ""Parameter containing:\ntensor([-7.1328, -9.4141, -8.9375, -9.2266, -9.2422, -9.5391, -9.0312, -9.0078, -9.1719, -9.5703, -9.6250, -9.7344, -9.6797, -8.9766, -9.3438, -9.0156, -9.1016, -9.3047, -9.5000, -9.3125, -9.3281, -9.6172, -9.5859, -9.6094, -9.6094, -9.1172, -9.4297, -9.4297, -9.2578, -9.7500, -9.5781, -9.6328, -9.7500, -9.7031,\n        -9.6250, -9.7109, -9.5156, -9.4375, -9.6094, -9.4766, -9.4531, -9.4922, -9.6562, -9.5391, -9.5469, -9.0156, -9.2266, -9.5234, -9.2656, -9.6172, -9.6094, -9.5156, -9.6250, -9.5156, -9.5859, -9.0859, -8.8281, -8.9453, -9.1094, -8.8281, -7.7227, -9.3125, -9.2188, -9.3047, -9.7578, -9.6719, -9.4531, -9.6641,\n        -9.7031, -9.1016, -9.7891, -9.3203, -9.2422, -9.1484, -9.4766, -9.5234, -9.3984, -9.2734, -9.7031, -9.5156])"", ""class"": ""Conv2d"", ""dilation"": [1, 1], ""groups"": 1, ""in_channels"": 80, ""kernel_size"": [1, 1], ""out_channels"": 80, ""padding"": [0, 0], ""stride"": [1, 1]}","[[1, 80, 20, 20]]","[""torch.float32""]","[[1, 80, 20, 20]]",21.cv3.2.2,forward,True,6480,2560000,256000,10.0,52,8.4976,7.3716,3.1754
21.dfl,61e4aa0ff4088f9d,DFL,"{""class"": ""DFL""}","[[1, 64, 8400]]","[""torch.float32""]","[[1, 4, 8400]]",21.dfl,forward,False,16,,2284800,,52,17.4443,15.9883,5.935
21.dfl.conv,bf0911eb81b17c13,Conv2d,"{""bias"": null, ""class"": ""Conv2d"", ""dilation"": [1, 1], ""groups"": 1, ""in_channels"": 16, ""kernel_size"": [1, 1], ""out_channels"": 1, ""padding"": [0, 0], ""stride"": [1, 1]}","[[1, 16, 4, 8400]]","[""torch.float32""]","[[1, 1, 4, 8400]]",21.dfl.conv,forward,True,16,537600,2284800,0.2353,52,7.8533,6.9882,2.5436
