config_id,class,config_json,input_kind,input_shapes,input_dtypes,macs,bytes_moved,window_s,N_calls,t_per_call_ms,P_mean_W,P_delta_W,E_per_call_mJ,temp_start_C,temp_end_C,freq_start_MHz,freq_end_MHz,samples_used,SKIPPED,skip_reason,error
e9e80e79ce809963,Conv2d,"{""bias"": null, ""class"": ""Conv2d"", ""dilation"": [1, 1], ""groups"": 1, ""in_channels"": 3, ""kernel_size"": [3, 3], ""out_channels"": 16, ""padding"": [1, 1], ""stride"": [2, 2]}",multi,"[[1, 3, 640, 640]]",,44236800,11468800,3.024,182,16.3772,4.379733,2.898124,47.463186,61.5,61.5,2400033792,2400020480,346,False,,
7b266a86ec72acea,BatchNorm2d,"{""bias"": ""Parameter containing:\ntensor([  1.7520,   0.5181,   1.6357,   6.7773, -12.7578,   1.7305,   0.1722,   1.4639,   6.9062,   1.1943,   1.5625,   2.0078,   0.1019,  -1.8320,  -0.1451,   1.7871])"", ""class"": ""BatchNorm2d"", ""eps"": 0.001}",multi,"[[1, 16, 320, 320]]",,,13107200,3.021,3211,0.9281,5.648145,4.166535,3.866779,60.4,63.7,2400027136,2400023808,446,False,,
4db31c995deacda7,SiLU,"{""class"": ""SiLU""}",multi,"[[1, 16, 320, 320]]",,,13107200,3.023,1094,2.7247,5.578224,4.096614,11.162163,63.1,65.3,2400033792,2400030464,419,False,,
1af6076372ad4ede,SiLU,"{""class"": ""SiLU""}",multi,"[[1, 32, 160, 160]]",,,6553600,3.026,2295,1.2986,5.431715,3.950105,5.129803,63.1,64.8,2400020480,2400033792,462,False,,
3e456fe6cbcdb92a,SiLU,"{""class"": ""SiLU""}",multi,"[[1, 8, 160, 160]]",,,1638400,3.022,9106,0.3272,5.728017,4.246407,1.389374,64.2,65.3,2400017408,2400030464,486,False,,
b52c7cb8ebd45185,SiLU,"{""class"": ""SiLU""}",multi,"[[1, 16, 160, 160]]",,,3276800,3.022,4896,0.6086,6.049572,4.567962,2.780257,65.3,65.9,2400023808,2400020480,500,False,,
52a7efe60d82b70f,SiLU,"{""class"": ""SiLU""}",multi,"[[1, 64, 160, 160]]",,,13107200,3.023,1094,2.7239,5.700552,4.218942,11.492025,65.3,66.4,2400033792,2400020480,416,False,,
6da5ee22b7e1d3cf,SiLU,"{""class"": ""SiLU""}",multi,"[[1, 64, 80, 80]]",,,3276800,3.023,4901,0.6083,6.049374,4.567764,2.778517,65.3,67.0,2400017408,2400033792,496,False,,
31b67e23e5e6b3ec,SiLU,"{""class"": ""SiLU""}",multi,"[[1, 16, 80, 80]]",,,819200,3.023,15088,0.1972,5.376408,3.894798,0.768057,67.0,67.5,2400030464,2400027136,500,False,,
00936e39faf3f98f,SiLU,"{""class"": ""SiLU""}",multi,"[[1, 32, 80, 80]]",,,1638400,3.022,9422,0.3161,5.921027,4.439417,1.403198,65.3,68.6,2400023808,2400020480,464,False,,
09681dfeb8452f7b,SiLU,"{""class"": ""SiLU""}",multi,"[[1, 128, 80, 80]]",,,6553600,3.024,2366,1.2599,5.824191,4.342582,5.471311,66.4,67.0,2400017408,2400017408,470,False,,
dfa6db07a9cf4be1,SiLU,"{""class"": ""SiLU""}",multi,"[[1, 128, 40, 40]]",,,1638400,3.024,8312,0.3582,5.46432,3.98271,1.426499,65.9,65.9,2400030464,2400023808,513,False,,
08d9785d759dac51,SiLU,"{""class"": ""SiLU""}",multi,"[[1, 32, 40, 40]]",,,409600,3.022,17568,0.1696,5.168736,3.687126,0.625166,65.9,65.9,2400017408,2400020480,469,False,,
4ea83264d9ea3f5c,SiLU,"{""class"": ""SiLU""}",multi,"[[1, 64, 40, 40]]",,,819200,3.024,15978,0.1865,5.44782,3.96621,0.739651,65.3,66.4,2400033792,2400020480,470,False,,
a44d02841d8ceadb,SiLU,"{""class"": ""SiLU""}",multi,"[[1, 256, 20, 20]]",,,819200,3.022,15529,0.1918,5.390255,3.908645,0.749742,65.9,68.1,2400027136,2400030464,479,False,,
9dd2d8c74af91af8,SiLU,"{""class"": ""SiLU""}",multi,"[[1, 64, 20, 20]]",,,204800,3.023,20294,0.1468,2.849494,1.367884,0.200773,66.4,63.1,2400033792,2400030464,756,False,,
0da1c08a8fae32e5,SiLU,"{""class"": ""SiLU""}",multi,"[[1, 128, 20, 20]]",,,409600,3.023,14868,0.2003,4.944714,3.463104,0.693798,62.6,65.9,2400033792,2400020480,503,False,,
65418290bafe418a,SiLU,"{""class"": ""SiLU""}",multi,"[[1, 80, 80, 80]]",,,4096000,3.023,3921,0.7601,5.807568,4.325958,3.288157,64.2,68.1,2400027136,2400033792,496,False,,
70499828149a886f,SiLU,"{""class"": ""SiLU""}",multi,"[[1, 80, 40, 40]]",,,1024000,3.023,13204,0.2253,5.472944,3.991334,0.899223,67.5,67.0,2400017408,2400027136,470,False,,
4e53e2f3fa50e788,SiLU,"{""class"": ""SiLU""}",multi,"[[1, 80, 20, 20]]",,,256000,3.027,17188,0.1731,2.851281,1.369672,0.237062,66.4,62.6,2400020480,2400033792,748,False,,
052d8e402cda395d,Conv2d,"{""bias"": null, ""class"": ""Conv2d"", ""dilation"": [1, 1], ""groups"": 1, ""in_channels"": 16, ""kernel_size"": [3, 3], ""out_channels"": 32, ""padding"": [1, 1], ""stride"": [2, 2]}",multi,"[[1, 16, 320, 320]]",,117964800,9830400,3.031,296,10.0839,4.712444,3.230834,32.579515,62.0,63.7,2400020480,2400027136,419,False,,
c0eca87426d7b7e1,BatchNorm2d,"{""bias"": ""Parameter containing:\ntensor([ 1.8760e+00,  3.8848e+00, -3.8635e-02, -3.5913e-01,  2.1797e+00, -4.3311e-01,  1.7314e+00,  2.2441e+00, -2.4390e-01,  1.2100e+00, -3.2471e-01,  3.3848e+00,  1.8018e+00, -3.9917e-01,  2.7324e+00,  2.4863e+00,  2.7422e+00,  1.7236e+00,  9.0820e-01,  2.6816e+00, -5.1172e-01,  2.2773e+00, -3.8261e-03, -3.4082e-01,\n         2.8496e+00,  2.5234e+00, -2.5171e-01,  2.1211e+00, -3.2788e-01,  1.6143e+00, -5.6348e-01,  4.9180e+00])"", ""class"": ""BatchNorm2d"", ""eps"": 0.001}",multi,"[[1, 32, 160, 160]]",,,6553600,3.023,6625,0.4499,5.761618,4.280008,1.925367,62.6,66.4,2400030464,2400020480,428,False,,
f98c3bd3e95e4191,Conv2d,"{""bias"": null, ""class"": ""Conv2d"", ""dilation"": [1, 1], ""groups"": 1, ""in_channels"": 32, ""kernel_size"": [1, 1], ""out_channels"": 32, ""padding"": [0, 0], ""stride"": [1, 1]}",multi,"[[1, 32, 160, 160]]",,26214400,6553600,3.023,415,7.1754,4.513215,3.031605,21.752886,65.3,64.8,2400033792,2400027136,398,False,,
b334a98b0e91eb3a,BatchNorm2d,"{""bias"": ""Parameter containing:\ntensor([ 3.6660,  1.5957,  0.6621,  2.4043, -1.3594,  1.8848,  3.1934,  0.0560,  2.7832,  0.3887,  2.4473, -1.1377,  1.8037,  2.3965, -0.9219,  1.9014,  2.2285, -0.5894,  0.0646,  2.1348,  0.6631, -1.6191,  3.3027, -0.8315, -0.3999,  0.6689, -0.1301,  0.0317,  0.5352,  0.5259,  0.7124, -0.6504])"", ""class"": ""BatchNorm2d"", ""eps"": 0.001}",multi,"[[1, 32, 160, 160]]",,,6553600,3.024,6510,0.4577,5.764319,4.282709,1.960406,63.1,68.1,2400023808,2400020480,439,False,,
cc689ee406bb586e,Conv2d,"{""bias"": null, ""class"": ""Conv2d"", ""dilation"": [1, 1], ""groups"": 1, ""in_channels"": 48, ""kernel_size"": [1, 1], ""out_channels"": 64, ""padding"": [0, 0], ""stride"": [1, 1]}",multi,"[[1, 48, 160, 160]]",,78643200,11468800,3.026,154,19.3526,4.278728,2.797118,54.131367,65.3,65.3,2400027136,2400033792,346,False,,
a93ae97e5914873b,BatchNorm2d,"{""bias"": ""Parameter containing:\ntensor([ 4.3594, -0.0336, -0.2766,  0.4087, -1.6348, -0.5156,  1.4717,  0.5396, -0.2279, -0.2571, -0.0447,  0.2223, -0.5625, -2.4629, -0.3552, -1.9844, -0.4858, -1.7188, -0.5229, -0.1736, -0.3723, -0.5215, -0.8818,  0.1119,  1.9482, -1.0176, -0.6206, -0.3186, -0.2932,  1.6846,  0.0790, -1.9863,  0.5952, -0.0472,\n        -2.7344, -0.1228, -0.1198, -0.8750, -2.4316,  1.2783,  1.1230,  1.0195, -0.8130,  0.6260, -0.2896, -0.5366,  0.7334,  0.2374,  0.6943,  0.1060,  1.4141,  0.3323, -0.2703,  2.1973, -0.2627,  0.4165, -0.5430,  1.4072, -0.2449, -0.5029, -0.2947,  0.0169,  0.5444,  2.0332])"", ""class"": ""BatchNorm2d"", ""eps"": 0.001}",multi,"[[1, 64, 160, 160]]",,,13107200,3.024,3329,0.8953,5.752416,4.270806,3.823519,63.7,67.0,2400020480,2400027136,460,False,,
bcc93bf9fc88eb02,Conv2d,"{""bias"": null, ""class"": ""Conv2d"", ""dilation"": [1, 1], ""groups"": 1, ""in_channels"": 16, ""kernel_size"": [3, 3], ""out_channels"": 8, ""padding"": [1, 1], ""stride"": [1, 1]}",multi,"[[1, 16, 160, 160]]",,29491200,2457600,3.026,1148,2.5973,4.96425,3.48264,9.045502,65.3,68.1,2400027136,2400020480,516,False,,
a4235d911c874f4c,BatchNorm2d,"{""bias"": ""Parameter containing:\ntensor([ 0.7656,  1.1084, -0.5767, -0.8999,  1.2666,  1.0732,  0.8984, -1.0898])"", ""class"": ""BatchNorm2d"", ""eps"": 0.001}",multi,"[[1, 8, 160, 160]]",,,1638400,3.024,20197,0.1475,5.637792,4.156182,0.613027,68.1,68.6,2400033792,2400027136,419,False,,
f8069637c2748b9c,Conv2d,"{""bias"": null, ""class"": ""Conv2d"", ""dilation"": [1, 1], ""groups"": 1, ""in_channels"": 8, ""kernel_size"": [3, 3], ""out_channels"": 16, ""padding"": [1, 1], ""stride"": [1, 1]}",multi,"[[1, 8, 160, 160]]",,29491200,2457600,3.024,870,3.4252,4.550973,3.069363,10.513187,68.1,65.9,2400020480,2400027136,466,False,,
5293c055bce595e3,BatchNorm2d,"{""bias"": ""Parameter containing:\ntensor([-0.3420, -0.5273, -0.6064, -0.6694, -0.7090, -0.8071,  9.4375, -0.6216,  5.8359, -0.9663, -0.6792,  1.4844,  1.3037,  1.6230, -0.4812,  2.2598])"", ""class"": ""BatchNorm2d"", ""eps"": 0.001}",multi,"[[1, 16, 160, 160]]",,,3276800,3.024,11494,0.2593,5.591455,4.109845,1.065502,67.0,67.0,2400027136,2400023808,423,False,,
12f383605e0ceccd,Conv2d,"{""bias"": null, ""class"": ""Conv2d"", ""dilation"": [1, 1], ""groups"": 1, ""in_channels"": 64, ""kernel_size"": [3, 3], ""out_channels"": 64, ""padding"": [1, 1], ""stride"": [2, 2]}",multi,"[[1, 64, 160, 160]]",,235929600,8192000,3.029,359,8.3128,5.231791,3.750181,31.174494,67.5,67.0,2400023808,2400020480,442,False,,
e5a53765bf2f996f,BatchNorm2d,"{""bias"": ""Parameter containing:\ntensor([ 1.4248, -0.0109, -0.1934, -0.4097, -0.4189, -0.2130, -0.4827,  0.7773,  1.7324,  1.9316, -0.5288,  0.9351, -0.4307, -0.5020, -0.5298,  0.9033, -0.4978,  2.5371,  1.0547, -0.4246, -0.5703,  1.2305,  1.6396,  1.2520,  0.8691,  1.7598,  0.3784, -0.2837, -0.4714, -0.2324, -0.5723,  0.9565, -0.7109,  2.2227,\n         0.3442, -0.5635,  1.0342,  0.7949,  1.9980, -0.5659, -0.6963, -0.5557,  0.7393,  1.1162, -0.6880, -0.4956, -0.4319, -0.6211,  1.1211, -0.5723, -0.5068,  2.2871, -0.3789, -0.6470,  1.1318,  2.4648, -0.3530,  1.8105, -0.4099, -0.0079, -0.1527,  0.8203,  2.6113, -0.6162])"", ""class"": ""BatchNorm2d"", ""eps"": 0.001}",multi,"[[1, 64, 80, 80]]",,,3276800,3.024,11270,0.2644,5.659279,4.177669,1.104403,68.1,69.7,2400023808,2400020480,432,False,,
16ab8f219b28b293,Conv2d,"{""bias"": null, ""class"": ""Conv2d"", ""dilation"": [1, 1], ""groups"": 1, ""in_channels"": 64, ""kernel_size"": [1, 1], ""out_channels"": 64, ""padding"": [0, 0], ""stride"": [1, 1]}",multi,"[[1, 64, 80, 80]]",,26214400,3276800,3.028,853,3.4968,4.300265,2.818655,9.856327,67.5,65.9,2400020480,2400030464,432,False,,
587d0d782c0ebeb4,BatchNorm2d,"{""bias"": ""Parameter containing:\ntensor([ 1.6611,  0.8174,  0.0292,  1.1748,  0.7017,  1.2764,  0.7485,  0.1915, -0.4575, -0.3142,  0.8564,  0.8164, -0.6777, -0.4729,  1.1123,  0.0210,  0.3477,  1.1416,  0.4995,  1.6826,  0.1056,  1.4980, -0.2465,  1.3193, -0.3604, -0.3916,  1.5449, -0.3787, -0.1821,  1.0830,  1.2939,  0.0962,  0.2949, -0.7363,\n         1.4668, -0.4709,  0.2961,  0.8726,  0.3330,  0.4646, -0.3865, -0.4141, -0.3308, -0.1514,  0.7710,  0.2532, -0.1060,  1.3115, -0.3123,  0.6919,  0.6685,  1.7383,  1.3486,  1.0059, -0.3918,  1.0977,  0.4578, -0.5361,  0.0378,  0.3105,  0.6338, -0.1273,  0.5596,  0.6689])"", ""class"": ""BatchNorm2d"", ""eps"": 0.001}",multi,"[[1, 64, 80, 80]]",,,3276800,3.024,11464,0.2599,5.649201,4.167591,1.08334,65.3,68.6,2400023808,2400017408,427,False,,
7e491032dd773445,Conv2d,"{""bias"": null, ""class"": ""Conv2d"", ""dilation"": [1, 1], ""groups"": 1, ""in_channels"": 96, ""kernel_size"": [1, 1], ""out_channels"": 128, ""padding"": [0, 0], ""stride"": [1, 1]}",multi,"[[1, 96, 80, 80]]",,78643200,5734400,3.034,342,8.7358,4.878189,3.396579,29.671766,68.1,65.9,2400023808,2400027136,390,False,,
9f5e381ea88758af,BatchNorm2d,"{""bias"": ""Parameter containing:\ntensor([-0.5410, -0.5562, -1.1895, -1.5059, -1.3213, -0.1775, -1.1260, -0.2993, -1.1768, -1.2510, -1.2588, -1.5752, -0.8340, -1.7617, -0.2242, -1.2598, -0.8589, -1.4482, -1.1250, -1.0244, -0.9175, -0.3823, -0.9814, -1.4404, -0.9697, -0.1044, -1.6260, -1.3115, -1.1367, -0.7656, -0.2771, -0.7905,  0.2390, -0.2137,\n         0.0927,  0.2588, -0.3091, -1.2852, -1.8574, -1.8105, -0.1080, -1.0996, -0.6484, -0.8945, -2.6270,  0.0825, -1.9336, -1.0225, -1.2832, -0.8521, -0.7466,  0.0244,  0.4285, -0.5693, -0.7959, -0.4824, -0.0939, -1.0205,  0.0292, -0.1371, -0.8438, -1.0420,  1.0566,  0.2551, -1.0420, -0.5186,  0.5029, -0.6963,\n        -1.6201, -1.4746, -1.4805, -0.9595, -1.1973, -0.8428, -1.5645, -0.4978, -1.2412, -1.2891, -0.3550, -1.1826, -0.8828, -1.8223,  0.2168, -0.9878, -1.0225, -0.2700, -0.7417, -0.9917, -0.5273, -1.1943, -1.4814, -1.1113, -1.1309, -1.4160, -1.4375, -1.0723, -1.1211, -1.0889, -0.0784, -1.1123, -1.3438, -1.2920,\n        -1.3672, -0.3591, -1.1260,  1.6885, -0.6094, -1.0869,  0.1543, -0.9424, -0.5449,  0.1215, -0.9487, -1.0840, -1.0566, -1.2061, -1.1494, -0.3347, -1.1924, -0.7178, -0.9502, -1.8027, -1.1445,  0.1078, -1.5879,  0.2671, -2.3730,  0.3069])"", ""class"": ""BatchNorm2d"", ""eps"": 0.001}",multi,"[[1, 128, 80, 80]]",,,6553600,3.025,6613,0.4502,5.78912,4.30751,1.939286,65.3,67.5,2400030464,2400020480,434,False,,
cc50a991116bb10b,Conv2d,"{""bias"": null, ""class"": ""Conv2d"", ""dilation"": [1, 1], ""groups"": 1, ""in_channels"": 32, ""kernel_size"": [3, 3], ""out_channels"": 16, ""padding"": [1, 1], ""stride"": [1, 1]}",multi,"[[1, 32, 80, 80]]",,29491200,1228800,3.025,2490,1.1969,5.620507,4.138897,4.953707,67.0,69.7,2400027136,2400027136,452,False,,
185e75b0482f4c75,BatchNorm2d,"{""bias"": ""Parameter containing:\ntensor([ 1.0449,  1.0605,  1.4766,  1.0430, -0.6436,  1.2236,  0.8179,  0.9175, -0.5786, -0.4116,  0.0328,  0.0179,  0.5522, -0.1105,  1.1865,  0.2793])"", ""class"": ""BatchNorm2d"", ""eps"": 0.001}",multi,"[[1, 16, 80, 80]]",,,819200,3.024,24064,0.1236,4.939176,3.457566,0.427515,68.6,67.0,2400030464,2400027136,488,False,,
cfe8e02c0e23a3b6,Conv2d,"{""bias"": null, ""class"": ""Conv2d"", ""dilation"": [1, 1], ""groups"": 1, ""in_channels"": 16, ""kernel_size"": [3, 3], ""out_channels"": 32, ""padding"": [1, 1], ""stride"": [1, 1]}",multi,"[[1, 16, 80, 80]]",,29491200,1228800,3.025,1504,1.9805,5.271289,3.789679,7.505319,67.0,67.5,2400027136,2400033792,556,False,,
a44c9e04a6e62009,BatchNorm2d,"{""bias"": ""Parameter containing:\ntensor([ 1.3535,  2.3105,  1.5205, -0.0569,  0.2690,  1.0254,  0.9116,  0.0681,  3.0605,  1.5918, -1.0859,  2.9199,  1.7100,  1.1152,  3.0586, -0.2937,  0.6445,  1.5186,  1.2363,  1.9248,  1.6729,  1.0537,  0.0475,  1.0684,  0.1284,  0.8140,  0.1853,  1.2451,  2.7969,  1.1816,  0.5024,  0.6309])"", ""class"": ""BatchNorm2d"", ""eps"": 0.001}",multi,"[[1, 32, 80, 80]]",,,1638400,3.025,18093,0.1646,5.378357,3.896747,0.641594,65.9,69.7,2400027136,2400027136,468,False,,
96e48600ae6d9736,Conv2d,"{""bias"": null, ""class"": ""Conv2d"", ""dilation"": [1, 1], ""groups"": 1, ""in_channels"": 128, ""kernel_size"": [3, 3], ""out_channels"": 128, ""padding"": [1, 1], ""stride"": [2, 2]}",multi,"[[1, 128, 80, 80]]",,235929600,4096000,3.026,433,6.8807,5.365526,3.883916,26.724193,66.4,69.2,2400023808,2400033792,448,False,,
4c480042e366c020,BatchNorm2d,"{""bias"": ""Parameter containing:\ntensor([-0.6504, -0.4890, -0.3838,  0.4275, -0.8047, -0.5864, -0.0098,  0.9243,  0.0681, -1.2998, -0.8101, -0.3682,  0.1636,  0.3223, -0.9536,  0.3853, -1.6582,  1.6436, -0.6094,  0.4854, -1.0684,  1.1748, -1.1650,  0.5815, -0.2822, -0.7437,  0.7793,  0.4546,  0.9419, -0.9380, -0.8594, -0.4050, -0.3984, -0.9204,\n        -0.8882,  0.9907, -0.9541, -0.6753, -0.1531,  0.0995, -0.5449,  0.7876, -1.0283, -1.1211,  2.0996, -0.6387, -0.7827, -0.1022,  0.8794,  0.9429,  0.0563,  1.1650, -0.6055, -1.0146,  0.2747, -0.3887, -0.0255, -0.1299, -0.5205,  0.2683,  0.9180, -1.0215,  0.6348, -0.3977, -0.2421, -0.7432,  0.3455, -0.7363,\n         1.3691, -0.2406,  0.2625, -1.2861, -0.2280, -0.7505,  0.6504,  0.0981, -0.3608, -1.0293,  0.1208,  0.9160,  0.0964,  0.4426, -0.8213, -1.0547, -0.7944, -1.3281,  0.4199,  0.7100, -0.4980, -1.4570,  0.4177, -0.0517,  0.9297, -0.9150, -1.4238,  1.8574, -1.2412, -0.5781,  0.4138, -0.4768, -0.0453,  1.3008,\n        -0.4343,  0.4275, -0.1189, -0.4351, -1.0635,  0.2583, -0.6172, -1.1387,  0.0399, -0.5205, -1.1758, -0.6895,  0.9956, -0.8789,  0.8989,  0.4016,  0.0363, -1.1279, -0.5752, -0.7310,  1.2021, -0.2229, -0.4639, -1.1719,  0.3550,  1.0889])"", ""class"": ""BatchNorm2d"", ""eps"": 0.001}",multi,"[[1, 128, 40, 40]]",,,1638400,3.025,20350,0.1464,5.601426,4.119816,0.603161,68.6,70.3,2400027136,2400023808,450,False,,
22bfeb866346ea5a,Conv2d,"{""bias"": null, ""class"": ""Conv2d"", ""dilation"": [1, 1], ""groups"": 1, ""in_channels"": 128, ""kernel_size"": [1, 1], ""out_channels"": 128, ""padding"": [0, 0], ""stride"": [1, 1]}",multi,"[[1, 128, 40, 40]]",,26214400,1638400,3.026,1464,2.035,5.068958,3.587348,7.300134,68.1,67.5,2400027136,2400027136,521,False,,
cfa7018c7354aece,BatchNorm2d,"{""bias"": ""Parameter containing:\ntensor([ 0.7017,  0.3069, -1.0264,  0.0310,  0.2324,  0.1631, -0.2258, -0.1023, -0.4275,  0.5493, -0.1104, -0.8740, -0.6958, -0.6182, -0.8232, -0.0294,  0.4844,  0.2098,  0.7773,  0.4817, -1.1270,  0.8887,  0.2532, -0.2644, -1.0127, -1.1445,  0.8896, -0.2683, -1.4990, -1.2129, -0.1343,  0.7905, -0.3865,  0.5854,\n         0.1179, -1.7686, -0.9639, -0.7036, -0.7026, -1.1270, -0.4282, -0.5947,  0.4600,  0.0847,  0.5664,  0.5547, -0.4221, -0.1766, -0.6455,  0.7847, -0.6177,  0.3560, -0.4868,  0.6553,  0.2795, -0.0818, -1.4473,  0.4834,  0.6689,  0.3049,  0.2079, -0.9136, -0.4885,  0.9902, -0.1947, -0.2629, -0.5200,  0.5566,\n        -0.3010,  0.7026,  0.0912, -0.8911, -0.9229,  0.2336, -0.7739, -1.1826, -3.1172,  0.3640, -0.3936, -0.1698, -1.1963, -0.7012, -1.0186, -0.2301,  0.3884, -0.7583,  0.5078,  1.0869,  0.5840, -1.0322, -0.1592, -0.3438, -0.0662,  0.0048, -1.0840,  0.3638,  0.4087,  0.2522,  0.9019, -0.0837, -1.2910, -0.6235,\n         0.2468, -0.5464,  0.1592,  0.0293, -0.1121,  0.2053,  0.2712, -0.3816,  0.1262,  0.8647,  0.1526,  0.5957, -0.5981,  1.1064,  0.8262,  0.1362,  0.0549, -0.4546,  0.2025, -0.1350, -0.1058,  0.6201, -0.3279,  0.9609, -1.3154, -0.7964])"", ""class"": ""BatchNorm2d"", ""eps"": 0.001}",multi,"[[1, 128, 40, 40]]",,,1638400,3.025,19532,0.1525,5.642779,4.161169,0.634682,65.9,68.6,2400020480,2400027136,436,False,,
d50f04993f6b85af,Conv2d,"{""bias"": null, ""class"": ""Conv2d"", ""dilation"": [1, 1], ""groups"": 1, ""in_channels"": 192, ""kernel_size"": [1, 1], ""out_channels"": 128, ""padding"": [0, 0], ""stride"": [1, 1]}",multi,"[[1, 192, 40, 40]]",,39321600,2048000,3.026,1141,2.6124,4.577355,3.095745,8.087425,68.1,68.1,2400027136,2400023808,516,False,,
e0e89549553cb514,BatchNorm2d,"{""bias"": ""Parameter containing:\ntensor([-0.9771, -0.1160, -1.4043, -0.2076, -0.8857,  0.2212,  0.5151, -1.7275, -1.6338,  0.0938,  1.0547, -1.1602, -1.3018,  0.5117, -0.7783, -1.0625, -0.8428, -0.3289, -0.7319, -1.1611, -1.4404, -0.4204, -0.1785, -0.0676,  0.3899, -1.9375, -1.5840, -1.7178, -0.7100, -0.7158, -0.6748,  0.3425, -0.9790, -0.7842,\n         0.0963, -0.7373,  0.2505, -1.5137, -0.2347, -0.8970,  0.7451, -0.7964, -0.4922, -1.4414, -0.2698, -1.2568,  1.2002,  0.1262, -0.5889,  0.6714, -0.8589,  0.8262, -0.4094, -0.8159, -1.3965, -0.7227, -0.7485, -1.7334, -1.1201, -0.9067,  0.1775, -1.2988, -0.8179, -0.7065,  0.4451, -1.1660, -0.2874, -0.9321,\n        -0.3574, -0.8472, -1.2988, -1.7217,  0.6519,  0.0952, -0.6426, -1.2275,  0.6689, -2.2617,  0.6914, -0.9248, -1.1455,  0.2074, -1.3711, -0.9204, -1.1621,  0.3516, -1.2598,  0.8706, -0.3748, -0.2751, -0.3530,  0.2107, -1.2852, -0.5322, -0.8032,  0.1038,  0.2517, -0.5928, -0.1426, -1.1445, -0.5308,  0.4727,\n        -0.1730,  0.2947,  0.8008, -1.0898, -1.5566,  0.5562,  0.3787,  0.3984, -0.4900, -0.8574, -0.5483,  0.0703, -1.3535, -1.0215, -1.0137, -0.7964, -1.3125, -0.3081,  0.4329, -0.1626,  0.4651, -1.1484, -1.0088,  0.0332,  1.0020,  0.0688])"", ""class"": ""BatchNorm2d"", ""eps"": 0.001}",multi,"[[1, 128, 40, 40]]",,,1638400,3.029,19808,0.1504,5.609589,4.127979,0.620809,67.5,68.6,2400033792,2400027136,419,False,,
a1b0bb97197e5be5,Conv2d,"{""bias"": null, ""class"": ""Conv2d"", ""dilation"": [1, 1], ""groups"": 1, ""in_channels"": 64, ""kernel_size"": [1, 1], ""out_channels"": 32, ""padding"": [0, 0], ""stride"": [1, 1]}",multi,"[[1, 64, 40, 40]]",,3276800,614400,3.027,4986,0.5981,4.778824,3.297214,1.971946,67.5,68.1,2400020480,2400020480,518,False,,
d2c0c877927ee201,BatchNorm2d,"{""bias"": ""Parameter containing:\ntensor([-0.2212,  0.4177,  0.3833,  0.8926, -0.2749,  0.7734, -0.9531,  0.2223, -0.1266,  0.8901,  0.8721,  0.1818,  1.0615,  0.5586,  0.4714,  0.5332,  0.3049,  1.1377,  0.2737,  0.4714, -1.0088,  0.4216, -0.2263,  1.0850, -0.8423,  0.4968,  0.5303,  0.5903,  0.6689,  0.3088,  0.2213,  0.8960])"", ""class"": ""BatchNorm2d"", ""eps"": 0.001}",multi,"[[1, 32, 40, 40]]",,,409600,3.029,35362,0.0842,5.129717,3.648107,0.307296,66.4,68.1,2400023808,2400023808,451,False,,
33b60297709f5979,BatchNorm2d,"{""bias"": ""Parameter containing:\ntensor([-0.5708, -0.6782, -0.6665, -0.8369, -0.3406, -0.3469, -0.4478, -0.6685, -0.4102,  0.1056, -0.0356, -0.7603, -0.3169, -0.1985, -0.7969, -0.1498, -0.3481, -0.3721, -0.6255, -0.4910, -0.8135, -0.2996, -0.1975, -0.2104,  0.1696, -0.5747, -0.3889,  0.6035,  0.1749,  0.2351, -0.2595, -0.1674])"", ""class"": ""BatchNorm2d"", ""eps"": 0.001}",multi,"[[1, 32, 40, 40]]",,,409600,3.026,28622,0.1041,4.817275,3.335665,0.347152,65.9,69.2,2400030464,2400027136,531,False,,
c4029d1f0f305d56,Conv2d,"{""bias"": null, ""class"": ""Conv2d"", ""dilation"": [1, 1], ""groups"": 1, ""in_channels"": 64, ""kernel_size"": [1, 1], ""out_channels"": 64, ""padding"": [0, 0], ""stride"": [1, 1]}",multi,"[[1, 64, 40, 40]]",,6553600,819200,3.026,4278,0.6966,5.05317,3.57156,2.487823,65.9,68.1,2400033792,2400023808,486,False,,
f59bd90845325cbd,BatchNorm2d,"{""bias"": ""Parameter containing:\ntensor([-4.6191e-01, -8.5059e-01,  3.7622e-01, -9.4287e-01, -3.4424e-01, -5.8887e-01, -4.3506e-01, -1.5479e-01, -7.6172e-01,  6.0303e-02, -7.6855e-01, -9.6924e-01, -7.9346e-01,  1.8506e-01,  5.6671e-02, -3.9160e-01, -2.4780e-01, -1.1484e+00,  1.1864e-03,  9.7473e-02, -8.1152e-01,  5.7031e-01, -4.9194e-01,  8.2169e-03,\n        -1.2803e+00, -5.4785e-01, -1.0547e+00, -9.3262e-01, -9.5898e-01, -1.1045e+00,  6.2305e-01, -7.0312e-01, -2.6055e+00, -4.2139e-01,  2.9126e-01, -6.4990e-01, -2.9053e-01,  2.3572e-01,  5.9326e-01, -8.3398e-01,  4.6045e-01,  3.1586e-02, -8.5266e-02,  3.0444e-01, -5.4785e-01,  5.2539e-01, -7.2656e-01, -5.8740e-01,\n        -5.6641e-01, -1.9421e-01, -1.1299e+00, -9.1260e-01, -5.7373e-01, -2.5650e-02, -3.5352e-01, -2.9175e-01, -1.9885e-01, -6.2158e-01,  7.3828e-01,  8.3740e-01,  2.3669e-01, -2.0496e-01, -5.7471e-01, -1.5293e+00])"", ""class"": ""BatchNorm2d"", ""eps"": 0.001}",multi,"[[1, 64, 40, 40]]",,,819200,3.026,27393,0.1088,5.223265,3.741655,0.406948,66.4,68.6,2400020480,2400023808,449,False,,
6af1d808b48a0024,Conv2d,"{""bias"": null, ""class"": ""Conv2d"", ""dilation"": [1, 1], ""groups"": 1, ""in_channels"": 32, ""kernel_size"": [3, 3], ""out_channels"": 32, ""padding"": [1, 1], ""stride"": [1, 1]}",multi,"[[1, 32, 40, 40]]",,14745600,409600,3.026,3966,0.7514,5.171067,3.689457,2.772329,67.5,68.6,2400030464,2400020480,504,False,,
1075643f7060f7f1,BatchNorm2d,"{""bias"": ""Parameter containing:\ntensor([-1.2021, -1.1240, -1.0986, -0.3406, -0.6504, -1.0742, -0.1807, -0.2881, -0.3953,  0.0206, -0.7935,  0.4443, -0.5469,  0.0632,  0.4976, -0.8105, -0.9429, -0.5752, -0.4858, -0.2385, -0.3376, -0.9238, -0.2634, -0.5371, -1.6455, -0.1985, -1.1875, -0.9824, -0.5532, -1.0107, -1.1641, -1.0361])"", ""class"": ""BatchNorm2d"", ""eps"": 0.001}",multi,"[[1, 32, 40, 40]]",,,409600,3.026,33277,0.0895,5.047822,3.566212,0.31929,68.1,67.5,2400027136,2400030464,478,False,,
f3e509bbd72967cd,BatchNorm2d,"{""bias"": ""Parameter containing:\ntensor([ 0.8213,  0.0255,  0.1038,  0.8604,  1.8428, -0.0825, -0.9043,  0.0771,  1.0732,  0.1320, -0.7173,  0.5684,  1.0127, -0.3442, -0.9307, -0.5972, -0.9238,  0.5435,  0.3271,  0.5229, -0.3560, -0.1231,  0.4885, -0.0380, -0.0626, -0.2615,  0.6362,  0.9585,  0.2944,  1.0410,  1.0381,  0.6631])"", ""class"": ""BatchNorm2d"", ""eps"": 0.001}",multi,"[[1, 32, 40, 40]]",,,409600,3.026,35300,0.0843,5.151628,3.670018,0.309292,68.1,67.0,2400020480,2400023808,460,False,,
9eff2309f852187a,BatchNorm2d,"{""bias"": ""Parameter containing:\ntensor([-0.4021, -0.5322, -0.3894, -1.2031, -0.0077, -0.4556, -1.6104,  0.4048, -0.7515, -0.5918, -0.8657, -0.5132,  0.3950, -1.4209, -0.1897, -1.1211,  0.2710, -1.8203, -0.6104, -0.9810, -0.1761, -0.6060,  0.0955, -1.3936, -0.2996, -0.2260,  0.2146, -0.5562, -0.8730, -0.4736, -0.9185, -0.8896])"", ""class"": ""BatchNorm2d"", ""eps"": 0.001}",multi,"[[1, 32, 40, 40]]",,,409600,3.03,37215,0.0799,5.237918,3.756309,0.30006,66.4,67.5,2400033792,2400020480,423,False,,
0315ac6f492b4245,BatchNorm2d,"{""bias"": ""Parameter containing:\ntensor([ 0.1750,  2.5801,  0.0406,  1.1143,  1.2734,  0.8545,  2.4121,  1.1455,  1.7129,  1.4463, -0.7461,  2.4160,  2.1250,  1.3643,  0.4829,  1.7148,  1.4180,  1.1670,  0.7729,  1.5674,  0.7563,  0.2771,  0.2180,  2.0508,  0.9482,  0.8599,  1.8984,  0.4250,  0.6948,  1.3994,  1.8457,  1.1113])"", ""class"": ""BatchNorm2d"", ""eps"": 0.001}",multi,"[[1, 32, 40, 40]]",,,409600,3.026,34883,0.0854,5.109077,3.627467,0.30976,66.4,67.5,2400027136,2400027136,469,False,,
f1d61d61a0e6e068,Conv2d,"{""bias"": null, ""class"": ""Conv2d"", ""dilation"": [1, 1], ""groups"": 1, ""in_channels"": 128, ""kernel_size"": [3, 3], ""out_channels"": 256, ""padding"": [1, 1], ""stride"": [2, 2]}",multi,"[[1, 128, 40, 40]]",,117964800,1228800,3.029,829,3.5947,6.515967,5.034357,18.096813,67.0,70.3,2400017408,2400020480,487,False,,
e088df38699f8341,BatchNorm2d,"{""bias"": ""Parameter containing:\ntensor([-1.8115,  0.4128, -0.7935, -0.8901, -0.2216, -0.9082, -1.1250,  0.2433, -0.8198, -1.0625, -1.2480,  0.2917, -0.8687, -0.5063, -0.2058, -1.1973, -0.9028, -0.6021,  0.7280,  0.2651, -0.4480, -0.0190, -0.1689, -0.5264,  0.5225, -0.4783, -0.8364, -0.8413, -0.7041,  0.1958, -0.2827, -0.4026, -1.0830, -1.4775,\n        -1.2900, -0.8193, -0.4636, -1.1426, -1.2676,  0.1356, -1.2217, -0.7378,  0.2168, -0.7266,  0.5991,  0.6040, -0.6201, -0.8726, -1.0840,  0.1266, -0.8857,  0.3457, -1.2432, -1.5078, -0.1936,  0.4089, -0.5444, -1.4199, -0.8550, -1.0479, -0.0457, -0.0643,  0.0198, -1.1162,  0.1836, -0.6182, -0.8320,  0.4944,\n        -0.6724, -0.2020, -0.4360,  0.3213,  0.0366, -1.3555, -0.8535,  0.1991, -0.9375, -1.6143, -1.0137, -0.3086,  1.2920,  0.1393, -1.0830, -0.3533, -1.3486, -0.6182, -0.1646, -1.0850, -0.3489,  0.5112, -1.4502, -0.0157, -0.8799, -0.0090, -1.0029, -0.9971,  0.0522, -0.8384, -1.7861, -0.4346, -0.7607, -1.6699,\n        -0.7964, -1.2412,  0.6812, -0.7622, -1.0693, -0.1370,  0.0202,  0.1665, -1.7002, -0.7158,  0.0571, -0.8066,  0.2213, -0.5635, -1.0498, -0.6504, -0.9565, -0.0554, -0.7021, -0.4421, -0.5376, -0.3171,  0.1247, -0.3167, -0.3201, -0.1418,  0.6494, -1.4160, -0.7051,  0.4526,  0.3352, -0.5938, -0.8579, -0.7563,\n        -0.7998, -1.1934, -0.4482, -1.1719, -1.1211, -0.0829, -0.7744, -1.4854, -1.3330, -0.5659, -1.1221, -1.2246, -0.2688, -0.1497, -1.3340, -0.6543, -0.4915, -0.8149, -0.4460, -0.0163, -1.1729, -1.4678, -1.1299, -1.1387, -0.7271, -1.0303, -1.2305, -1.2695, -1.4873,  0.6631, -1.0801,  0.3765, -0.8091, -0.1935,\n        -0.0570,  0.1019, -0.9551, -0.1104, -0.2981, -0.6421, -0.5020, -1.1221, -0.3826, -0.4846, -0.6523, -0.7280, -0.5596,  0.0042, -0.0253,  0.0255, -0.2646,  0.3625, -0.9165, -0.5747,  0.0970, -0.8110, -0.0464, -1.2324, -1.3252, -0.1194, -0.1722, -0.2588, -0.1192, -0.9062, -0.1757, -0.5181, -0.4751, -0.5986,\n        -0.2373, -1.0684, -0.1989, -1.1240, -0.4480,  0.8418, -0.7051, -0.6406, -0.4446,  0.1001, -1.0781, -0.7617, -1.5625, -0.9834, -0.9849,  0.0963,  0.1514, -1.1338,  0.0116, -0.7983, -0.9976, -1.1182, -0.5693,  0.8159, -0.7388, -0.2937, -1.1553, -0.8887,  0.5220, -1.1230, -1.1270, -1.0322, -0.8179, -0.2384,\n        -0.7163, -0.5459, -0.3989, -0.1172, -1.1104,  1.1152, -0.9150, -0.6226, -0.3547, -0.2583, -1.2832, -0.9380,  0.4177,  0.1383, -1.4102,  0.0886, -0.8330,  0.4790])"", ""class"": ""BatchNorm2d"", ""eps"": 0.001}",multi,"[[1, 256, 20, 20]]",,,819200,3.027,25765,0.1156,5.190223,3.708614,0.428793,67.5,68.1,2400033792,2400027136,493,False,,
e92dd4e177af00d2,Conv2d,"{""bias"": null, ""class"": ""Conv2d"", ""dilation"": [1, 1], ""groups"": 1, ""in_channels"": 256, ""kernel_size"": [1, 1], ""out_channels"": 256, ""padding"": [0, 0], ""stride"": [1, 1]}",multi,"[[1, 256, 20, 20]]",,26214400,819200,3.029,2644,1.1271,5.513575,4.031965,4.544374,67.5,69.2,2400020480,2400033792,427,False,,
0525a2b817c04f0d,BatchNorm2d,"{""bias"": ""Parameter containing:\ntensor([-0.7681, -0.6309, -0.4495, -0.6904, -0.7227, -0.0676, -0.7261, -0.8926, -0.4590, -0.5400, -0.1038, -0.2267, -0.8950, -0.2260, -0.9854, -0.7085,  0.1410, -0.3047, -0.3374, -0.2825, -0.4944, -0.8052, -0.2385, -0.5610, -0.8887, -0.0061, -0.7788, -0.5444, -0.6421, -0.1472,  0.0061, -0.3137, -0.5366, -0.8125,\n        -0.0745, -0.9360,  0.0170, -0.8335, -0.9253, -1.3867, -0.5015, -0.4873, -0.8228,  0.9619, -0.4714, -0.2015, -0.6318, -0.3994, -0.5864, -0.7393,  0.1501, -0.1781, -0.6904, -0.9990, -0.4229, -0.5166, -0.9434, -0.7275, -0.9180, -0.5190, -1.0781,  0.1816, -1.0107, -0.7515,  0.1805, -0.0753, -0.5444, -0.6436,\n        -0.7271,  0.6147, -0.9629, -0.2448, -0.0584, -0.6743, -0.7124,  0.4099, -0.9858, -0.6470, -0.1018, -0.5234, -1.0293, -0.1046, -0.9399, -0.5518, -0.8906, -1.1914,  0.5850, -1.3623, -0.0678, -0.1130, -0.3042, -0.6958, -0.7915, -1.1572, -0.2267, -0.7358, -0.5801, -0.8623,  0.0031, -0.9653, -0.3184,  0.1667,\n        -0.1954, -0.2817, -0.5254,  0.1131, -1.1484,  0.1282, -0.2937, -0.2649, -0.8936, -0.4136, -0.9019, -0.5254,  0.0580, -0.7520, -0.7798, -1.3252, -0.3884, -0.5596,  1.0664, -0.4402, -0.0093, -1.1826, -1.3271, -1.0713, -0.6743, -0.6528,  0.5684, -0.9697, -1.4258, -1.0684, -1.0361, -0.7563, -0.9717, -1.3076,\n        -0.7178, -1.2324, -0.3374, -0.1875, -1.3350, -1.8467, -0.6987, -0.5044, -0.6133, -0.6045, -1.4385, -1.0537, -1.1699, -0.7935, -1.5742, -0.4558, -1.3164, -0.8198, -0.8828, -0.3223, -1.0732, -1.8643, -1.4502, -0.0387, -1.9600, -0.3333, -1.1309, -1.7910, -0.6348, -1.7773, -1.3594, -0.2649,  0.6841, -0.7886,\n         0.2690, -0.8970, -0.9355, -0.1436, -1.0537, -0.4766, -0.1555, -0.0640, -0.1917, -1.4580, -0.9883, -0.1038, -0.6396, -1.6250,  0.4124, -1.4277, -1.4648, -0.4529, -0.7637, -1.3242, -1.9541, -1.2227, -1.1807, -1.0752, -2.0098, -0.6714, -1.2734, -1.9141, -1.3281, -0.8887, -1.8711, -0.4199, -1.4990, -0.9653,\n        -1.2900,  0.4189, -1.3428, -1.1123,  0.2607, -1.3125, -2.1113, -0.9214, -0.6035, -0.0624, -0.8945, -0.0848, -1.9668, -1.0029, -0.7295, -1.2432,  0.5269, -0.2781, -0.4460, -0.0285, -1.1279, -0.9316, -0.7183, -0.3838, -0.4846, -1.3936,  0.0197, -1.3379, -1.0059, -0.2498,  0.4329, -0.7134, -1.1357, -0.6885,\n        -0.8486, -0.2585, -2.0703, -1.2686,  0.0473, -1.0312, -0.4939, -1.9277, -0.8745, -0.3979, -0.7080, -0.6172, -1.2793, -1.2295, -0.9575, -0.1068, -0.6460, -1.4668])"", ""class"": ""BatchNorm2d"", ""eps"": 0.001}",multi,"[[1, 256, 20, 20]]",,,819200,3.027,28382,0.105,5.38248,3.90087,0.409404,68.1,69.2,2400017408,2400020480,459,False,,
0a6e7ad354a5bde8,Conv2d,"{""bias"": null, ""class"": ""Conv2d"", ""dilation"": [1, 1], ""groups"": 1, ""in_channels"": 384, ""kernel_size"": [1, 1], ""out_channels"": 256, ""padding"": [0, 0], ""stride"": [1, 1]}",multi,"[[1, 384, 20, 20]]",,39321600,1024000,3.027,1882,1.5834,5.778809,4.297199,6.804232,68.1,68.6,2400020480,2400033792,473,False,,
35b611d0d7956d96,BatchNorm2d,"{""bias"": ""Parameter containing:\ntensor([-0.4126, -0.6221,  0.7153, -0.6230, -0.7876, -0.6504,  1.3818, -1.0078, -0.4033, -0.9761, -0.7046, -0.1975, -0.3589, -0.6558, -0.5122, -1.0430, -0.0396, -0.6167, -0.7847, -0.8501, -0.3127, -0.9985, -1.1260, -0.6953, -0.0185, -1.1357, -0.7705, -0.7129, -0.3687, -0.4937,  0.7041, -0.9438, -0.7583, -0.1355,\n        -0.5312, -0.8955, -0.2954, -0.8755, -0.3240, -1.0938, -0.9307, -1.6738, -1.6357, -0.5454, -0.4861, -0.7974, -1.0186, -0.8276, -0.5254, -1.0215, -0.7324,  0.8325,  0.0586, -0.4377, -0.4087, -1.2832,  0.0898,  0.1106, -1.1250, -0.6216, -0.5928, -0.8965, -1.1182, -0.5352, -0.7192, -0.2030, -0.6069, -0.5981,\n        -0.2426, -0.0237, -0.4031, -0.7734, -0.8491,  0.4543,  0.0028, -1.3760,  0.0729, -0.6045, -1.0254, -0.6973,  0.7612, -0.6870, -0.4231, -0.3342, -1.0781, -1.3828,  0.2122, -0.6162, -0.1661, -0.8105, -0.5991,  0.7373, -0.3516,  1.4707, -1.3672, -0.7378, -0.0899, -0.2374,  1.6895, -0.3574, -0.8989, -1.3057,\n        -0.7017, -0.5732, -1.0244,  0.4873, -0.6768, -0.8325, -0.3589, -0.9155, -0.2150,  0.3628, -0.3645, -0.2070, -0.5000,  1.5264, -0.7246, -0.8359, -1.0195, -0.7959, -0.3276, -0.9478, -0.9219, -0.9390, -0.7983,  0.1176, -0.8228, -1.1445, -0.0905, -1.2344, -0.4585, -1.4443, -0.9302, -0.7666, -1.3213, -0.6260,\n        -0.5781,  0.3594,  0.4783, -1.3896, -1.1680, -0.9097,  0.0648,  0.0510, -0.5767, -0.4644, -0.9336,  0.6548, -1.5762, -0.4949, -0.6528, -0.8232,  1.9160, -0.1727, -0.4543, -1.0068,  1.2061, -0.8760,  1.1270, -0.6270, -0.4988, -0.4387, -0.9570, -0.5459, -0.5991,  0.0136, -0.5439, -1.0215, -1.1465, -0.9438,\n         0.6582, -0.6372, -0.8906, -0.2498, -0.7676, -0.8481, -0.2156, -0.7769, -0.8589, -0.5107, -0.7383, -0.1490, -1.0000, -0.8213,  0.0581, -0.8027, -0.8813,  0.3333, -0.3604, -0.2250, -1.0283, -1.3613, -0.6484, -0.7012,  0.0894, -0.6577, -0.2340, -0.7349,  0.0641, -0.1744, -0.7729, -0.8853, -0.5156, -1.2227,\n        -0.9819, -0.9385, -0.7759, -1.0068, -0.9150, -0.0170, -0.2556, -1.0000,  1.0674,  0.4993,  1.0391,  0.6099, -0.5864,  0.7192, -1.1260,  0.4426, -1.1641, -1.0117, -1.2080,  2.3438, -0.8892, -0.3760,  0.2092, -0.8594, -0.8857, -0.0850, -0.5996, -0.9756, -0.2917,  0.3386,  0.4465, -1.0898, -1.1602,  0.1515,\n        -0.2637, -0.2898,  0.0248, -0.2559, -0.8335, -0.4980, -0.4875, -0.7319, -0.7041, -0.3262, -0.2871, -0.7876, -0.2079, -0.2979, -0.8662, -0.0106, -0.8306, -1.4238])"", ""class"": ""BatchNorm2d"", ""eps"": 0.001}",multi,"[[1, 256, 20, 20]]",,,819200,3.027,24793,0.1202,5.559855,4.078245,0.490034,68.1,68.6,2400033792,2400033792,424,False,,
ec8ca42e06e0df1f,Conv2d,"{""bias"": null, ""class"": ""Conv2d"", ""dilation"": [1, 1], ""groups"": 1, ""in_channels"": 128, ""kernel_size"": [1, 1], ""out_channels"": 64, ""padding"": [0, 0], ""stride"": [1, 1]}",multi,"[[1, 128, 20, 20]]",,3276800,307200,3.027,7013,0.4249,5.214256,3.732646,1.586088,67.5,68.6,2400033792,2400023808,456,False,,
2ac85bf4783e0dbc,BatchNorm2d,"{""bias"": ""Parameter containing:\ntensor([-0.5659,  0.7554, -0.4397, -0.1041,  0.0693,  0.4258,  0.0098, -0.3667,  0.3025, -0.4888,  0.4158, -0.3225,  0.4490, -0.0394, -0.1344,  0.0169,  0.0847,  0.5488, -0.8872,  0.1498, -1.0996,  0.5610,  0.2559, -0.5283, -0.8325, -0.3247,  0.0792, -0.4805,  0.6831,  0.5771,  1.2178, -1.0459, -0.0132,  0.1172,\n         0.0244,  0.2971, -0.0190, -0.3464,  0.5474,  0.7251,  0.2637, -1.0430,  0.1117,  0.0116, -0.2915,  0.5288,  0.7017, -0.6943, -0.9126, -0.7534,  0.3208,  0.1804, -0.0435, -1.0889, -0.8960,  0.0638,  0.3352, -0.7046,  0.2805, -1.4404,  0.1293, -0.8462, -1.1846, -0.1033])"", ""class"": ""BatchNorm2d"", ""eps"": 0.001}",multi,"[[1, 64, 20, 20]]",,,204800,3.027,33333,0.0894,4.766565,3.284955,0.29355,67.0,67.5,2400020480,2400037120,509,False,,
a17371e874abc819,BatchNorm2d,"{""bias"": ""Parameter containing:\ntensor([-0.1547, -0.0827, -0.0746, -0.3147, -0.3333, -0.2937, -0.1006, -0.2444, -0.2708, -0.2480, -0.3081, -0.1755, -0.1844, -0.2532, -0.1715, -0.3037, -0.3196, -0.4019, -0.3689, -0.0584, -0.3152, -0.1991, -0.4976, -0.2588, -0.1809, -0.1274, -0.0358, -0.2688, -0.5034, -0.3384,  0.0983, -0.1626, -0.2245, -0.1863,\n        -0.2600, -0.4583, -0.4709, -0.2634, -0.1838, -0.1899, -0.1165, -0.1155, -0.2764, -0.0931, -0.2883, -0.4915, -0.0519, -0.3738, -0.2952, -0.5161, -0.2983, -0.5205, -0.5659, -0.6060, -0.1986, -0.1416, -0.2018, -0.5869, -0.3064, -0.1516, -0.5283, -0.2996, -0.2247,  0.0367])"", ""class"": ""BatchNorm2d"", ""eps"": 0.001}",multi,"[[1, 64, 20, 20]]",,,204800,3.027,32714,0.0911,4.730225,3.248616,0.295799,67.5,67.5,2400023808,2400023808,502,False,,
665138cb895e145b,Conv2d,"{""bias"": null, ""class"": ""Conv2d"", ""dilation"": [1, 1], ""groups"": 1, ""in_channels"": 128, ""kernel_size"": [1, 1], ""out_channels"": 128, ""padding"": [0, 0], ""stride"": [1, 1]}",multi,"[[1, 128, 20, 20]]",,6553600,409600,3.03,4285,0.6947,4.868281,3.386671,2.352823,67.5,68.1,2400033792,2400030464,529,False,,
37c4d0c3a74a71aa,BatchNorm2d,"{""bias"": ""Parameter containing:\ntensor([-1.3115, -0.2444, -0.8564, -0.7163, -1.5596, -0.5195, -1.0576, -0.8301, -1.0459, -1.3428,  0.5024, -0.6436, -0.6196, -0.4766, -0.9775, -0.9321, -0.5430, -0.4751, -0.8774,  0.1512, -0.2729, -1.3008, -0.1887, -0.0300,  0.1616, -0.8037, -1.2236, -1.1055, -0.5269, -0.5200,  0.8032, -0.0641, -0.8174,  0.0606,\n         0.0974, -0.9795, -0.8955, -1.3848, -1.1123, -0.7622, -0.7021, -0.6597, -0.4312, -0.7432, -1.1113, -1.3438, -1.2617, -1.6162, -1.0703, -0.9033,  0.3394, -0.4863,  0.6621, -0.6001, -1.3887, -0.5815, -0.6572, -1.0508, -0.5264, -0.9199, -0.9458, -0.4739, -0.4033, -1.0283,  0.3113, -0.2791, -1.1650, -0.7847,\n        -0.3250, -0.6787, -1.1250, -0.7563, -0.9688, -0.5996, -0.5542, -0.8789, -0.5991,  0.1290, -1.7969, -0.9502, -0.5039, -0.7383, -1.5137, -1.1426, -0.7900, -0.3596, -1.0010, -0.4739, -0.3826, -0.7222, -1.2080, -0.8486, -0.1122, -0.3291, -1.1641, -0.4775, -0.4343, -0.9023, -0.8530, -0.7646, -0.7412, -0.8105,\n        -1.0225, -0.6152, -0.5171, -1.0449, -0.4587, -0.5420, -2.0020, -0.6133, -0.4084, -0.8076, -0.1464, -0.5430, -0.9746, -0.6719, -0.9590, -1.3311, -1.0137, -0.2225, -1.1357, -0.2803, -0.2096, -0.6577, -0.5923, -0.0925, -1.1650, -0.6128])"", ""class"": ""BatchNorm2d"", ""eps"": 0.001}",multi,"[[1, 128, 20, 20]]",,,409600,3.028,35534,0.0838,5.153778,3.672168,0.307824,67.0,67.5,2400030464,2400027136,463,False,,
3352e00d5bd42fc2,Conv2d,"{""bias"": null, ""class"": ""Conv2d"", ""dilation"": [1, 1], ""groups"": 1, ""in_channels"": 64, ""kernel_size"": [3, 3], ""out_channels"": 64, ""padding"": [1, 1], ""stride"": [1, 1]}",multi,"[[1, 64, 20, 20]]",,14745600,204800,3.031,4727,0.6304,5.824562,4.342952,2.737892,66.4,68.6,2400023808,2400027136,447,False,,
56c3cb35959bbf99,BatchNorm2d,"{""bias"": ""Parameter containing:\ntensor([-0.4924, -0.8599, -0.7812, -1.1270, -1.1758,  0.0576, -0.3862, -1.5293, -0.4797, -2.2695, -0.6211, -1.4629, -0.6704, -1.7002, -1.4766,  0.9097, -0.2385, -0.2927, -1.6865, -0.9106, -0.7197, -1.3965, -1.8838, -0.6943, -1.5244, -0.3311, -0.4551, -1.5078, -0.9731, -1.3779, -0.9756, -0.7935, -1.5244,  0.4106,\n        -0.3799, -1.6543, -1.3594, -1.1074, -1.2168, -1.8721, -0.6719, -1.1299, -0.8970, -1.3164, -1.8809, -1.0918, -0.6973, -0.9868, -1.0566, -0.3687, -1.1445, -0.2395, -1.2627, -0.4492, -0.7183, -0.2729, -0.3740, -1.2197, -0.5723, -0.6333, -1.2402, -0.1520, -0.9370, -1.1943])"", ""class"": ""BatchNorm2d"", ""eps"": 0.001}",multi,"[[1, 64, 20, 20]]",,,204800,3.028,37917,0.0786,4.96351,3.4819,0.273534,68.1,67.0,2400023808,2400037120,471,False,,
48144e9740bd1731,BatchNorm2d,"{""bias"": ""Parameter containing:\ntensor([-0.3770,  1.4482,  0.5889, -0.6445, -0.1423, -0.4856,  0.4800, -0.3542, -0.5078,  1.1533, -1.0010,  0.2087, -0.9585,  0.1560,  0.3831, -0.0692,  1.1309,  0.6709, -1.0938,  0.6367,  0.6450, -0.4282, -2.0762,  0.6138,  0.0959,  0.5283,  0.5229,  0.2413, -0.2499,  0.1088,  0.7920,  0.1439,  0.1285,  0.6094,\n        -1.0420,  0.3152, -0.5469, -1.6113,  0.3599,  0.3269,  0.6470, -0.2566,  0.2749,  0.1343,  0.0756,  0.2542,  0.3831, -0.2520,  0.7148, -1.0146, -1.1270, -1.7598, -1.1348, -0.8179, -0.4331,  0.7065, -0.5820, -0.2267,  0.1801,  0.6641,  0.2231, -0.0250,  0.0420, -0.3494])"", ""class"": ""BatchNorm2d"", ""eps"": 0.001}",multi,"[[1, 64, 20, 20]]",,,204800,3.028,37933,0.0785,4.939988,3.458379,0.271577,67.0,67.0,2400033792,2400023808,467,False,,
20efd830bea95d45,BatchNorm2d,"{""bias"": ""Parameter containing:\ntensor([-0.6309, -0.2983, -0.0260, -1.2871, -1.8486, -0.9546, -0.4807, -0.2145, -0.8813, -0.7979, -1.5098, -0.1478, -0.0169, -1.4678, -0.9458, -0.1304, -0.3088, -0.6709, -0.4634, -0.0057, -1.1465, -0.7192, -0.4888, -1.0371, -0.7646, -0.1823, -0.5024, -0.5859, -0.6143,  0.0651, -1.4746, -0.3035, -0.7954, -1.0645,\n        -0.5195, -0.4929,  0.4370, -0.3315,  1.9902, -0.0652,  0.0542, -0.6987, -1.0488, -0.2234, -1.3408, -0.4011,  1.6035, -0.8560, -1.3662, -0.1780,  0.7690, -0.2939, -0.7358, -0.5776, -1.1436, -1.5703, -0.1812, -0.4294, -1.6904, -0.6064, -1.3672, -0.5981, -0.0255, -0.8228])"", ""class"": ""BatchNorm2d"", ""eps"": 0.001}",multi,"[[1, 64, 20, 20]]",,,204800,3.028,34709,0.0858,4.809747,3.328137,0.285619,66.4,68.1,2400023808,2400027136,500,False,,
f1a54dc65735d813,BatchNorm2d,"{""bias"": ""Parameter containing:\ntensor([ 1.1475,  0.8159,  1.3916,  0.9028,  0.7866,  0.1142,  0.4021,  0.9395, -0.8013,  1.4600, -0.4282,  0.2854, -1.1855, -0.0715, -0.9941,  0.8315, -0.3025,  0.9468, -0.6626,  0.9673,  1.0518,  0.9390,  0.6445,  0.6973, -0.7339,  1.0615,  0.7163,  0.7383,  0.8789,  0.6431,  0.8525,  0.3770,  0.6978,  0.6748,\n         0.6675,  0.5879,  0.3499, -0.2275,  0.2722,  0.7759,  0.2947,  0.8545,  0.7871,  1.7021, -0.6753,  1.8242,  0.4143,  0.2717,  1.0674,  0.4805,  1.8174, -1.2031, -1.0879, -0.9009, -0.7827,  0.5972, -0.6392,  0.9224,  0.4622,  1.6230,  0.3645,  0.7925,  0.9580,  1.0322])"", ""class"": ""BatchNorm2d"", ""eps"": 0.001}",multi,"[[1, 64, 20, 20]]",,,204800,3.028,37290,0.0799,4.940036,3.458426,0.276255,66.4,67.0,2400033792,2400033792,477,False,,
263b166895ce2216,Conv2d,"{""bias"": null, ""class"": ""Conv2d"", ""dilation"": [1, 1], ""groups"": 1, ""in_channels"": 256, ""kernel_size"": [1, 1], ""out_channels"": 128, ""padding"": [0, 0], ""stride"": [1, 1]}",multi,"[[1, 256, 20, 20]]",,13107200,614400,3.029,4287,0.695,5.587377,4.105767,2.853657,65.9,67.5,2400020480,2400027136,434,False,,
5db5939bcdf6909f,BatchNorm2d,"{""bias"": ""Parameter containing:\ntensor([2.5352, 1.6113, 1.5918, 2.4004, 2.6699, 2.0508, 2.0898, 0.5288, 2.1348, 2.2344, 2.0020, 2.1523, 2.5156, 2.5723, 2.2773, 2.1797, 2.9980, 2.2598, 0.7939, 1.9639, 1.0361, 1.6436, 2.1895, 2.3945, 2.4277, 2.1680, 1.6025, 2.4922, 1.8213, 1.8057, 1.8613, 1.8066, 1.8428, 1.5713, 1.9658, 1.8535, 2.2441, 2.7578, 2.2070,\n        1.1377, 2.2559, 1.8779, 2.3594, 1.9238, 2.6523, 2.0859, 1.9463, 1.9570, 1.8320, 2.2422, 1.7754, 1.5332, 2.5586, 1.4561, 2.0098, 1.9404, 1.9844, 2.4922, 1.8916, 2.2441, 2.0469, 1.8955, 1.8193, 2.8691, 1.8350, 2.1680, 1.9922, 2.2910, 1.6943, 2.7637, 2.4336, 1.1807, 2.0508, 1.8193, 1.9355, 1.2266, 2.2812, 2.0430,\n        2.0859, 1.8926, 2.2129, 1.9023, 2.4121, 1.8008, 1.8320, 1.9834, 2.4609, 2.2988, 1.8701, 1.7363, 2.7598, 2.4141, 1.4424, 1.7686, 2.2188, 2.9414, 1.8721, 1.9258, 2.0117, 1.8887, 1.7734, 1.2559, 1.8018, 2.2754, 2.2910, 1.2871, 1.9150, 1.6084, 2.1367, 2.5996, 2.2070, 0.8999, 1.1914, 1.8721, 2.0684, 1.8955, 1.4170,\n        1.4717, 2.4668, 2.2871, 2.2188, 1.7002, 1.9902, 1.7041, 2.1465, 1.5098, 1.8291, 1.8301])"", ""class"": ""BatchNorm2d"", ""eps"": 0.001}",multi,"[[1, 128, 20, 20]]",,,409600,3.028,33340,0.0893,5.04215,3.56054,0.318124,68.6,67.0,2400027136,2400023808,471,False,,
91f86eb7deec12bd,Conv2d,"{""bias"": null, ""class"": ""Conv2d"", ""dilation"": [1, 1], ""groups"": 1, ""in_channels"": 512, ""kernel_size"": [1, 1], ""out_channels"": 256, ""padding"": [0, 0], ""stride"": [1, 1]}",multi,"[[1, 512, 20, 20]]",,52428800,1228800,3.032,1370,2.1771,4.886777,3.405167,7.413383,67.0,68.1,2400020480,2400030464,520,False,,
8a5375fbbde7ff11,BatchNorm2d,"{""bias"": ""Parameter containing:\ntensor([-2.2852e+00, -1.8750e-01, -2.0273e+00, -2.8926e+00, -3.5229e-01, -1.3535e+00, -1.5156e+00, -1.4590e+00,  1.5515e-01, -2.7695e+00, -3.5522e-01, -9.2432e-01, -1.0742e+00, -1.2979e+00, -1.7588e+00,  1.7542e-01, -4.5929e-03, -7.3096e-01, -1.4033e+00, -6.6406e-01, -1.2881e+00, -1.6191e+00, -9.4189e-01, -2.5781e+00,\n        -6.0059e-01, -2.3574e+00, -2.1172e+00, -1.1221e+00, -2.0000e+00, -2.5977e+00, -1.9971e-01, -1.3340e+00, -2.3789e+00, -2.2278e-01, -1.8438e+00, -2.6875e+00, -4.8120e-01,  8.3105e-01,  7.8662e-01, -1.4551e+00, -1.0547e+00, -5.8594e-01, -2.6309e+00, -8.0762e-01, -2.6602e+00, -7.8955e-01, -1.0703e+00, -1.8252e+00,\n        -2.0859e+00, -6.1157e-02, -7.9541e-01, -1.1748e+00, -2.8711e+00, -2.7207e+00, -2.0488e+00, -2.6582e+00,  3.7061e-01, -2.8574e+00, -1.5713e+00, -1.4453e+00, -2.1289e+00, -9.9316e-01, -1.4277e+00, -1.6982e+00, -9.1504e-01, -2.1289e+00, -2.2461e-01, -2.2930e+00, -5.3662e-01,  3.7012e-01, -1.6162e+00, -2.6094e+00,\n        -8.4180e-01, -3.0371e+00,  6.4746e-01, -2.5039e+00, -1.2080e+00, -2.4238e+00, -1.6396e+00, -2.1855e+00, -2.2520e+00, -4.7900e-01, -1.3467e+00, -4.4604e-01, -1.5830e+00, -2.5610e-01, -1.9795e+00, -1.4697e-01, -4.0112e-01, -5.5518e-01,  4.5850e-01,  4.9121e-01, -1.2891e+00, -7.3486e-01, -2.7910e+00, -1.7734e+00,\n        -1.1514e+00, -2.0312e+00, -3.0273e-01,  7.1631e-01, -1.4294e-01, -1.9263e-01,  8.8232e-01, -2.1738e+00, -2.0469e+00, -1.0947e+00, -9.9854e-01, -9.5459e-01, -2.4160e+00, -6.6406e-01, -9.9414e-01, -2.0703e+00, -1.6348e+00,  1.2979e+00, -1.2363e+00, -3.6890e-01, -2.0859e+00, -1.2852e+00, -1.3535e+00, -2.8398e+00,\n        -7.7588e-01, -1.8232e+00, -2.6172e+00,  1.9617e-01, -9.9561e-01, -1.6572e+00, -1.9375e+00, -7.6660e-01, -1.5566e+00, -1.0566e+00, -3.4082e-01,  2.6831e-01, -4.1650e-01, -2.6719e+00, -1.0967e+00, -1.5303e+00, -2.6562e-01, -8.7280e-03, -2.5293e+00, -1.7517e-02, -2.2637e+00, -2.7490e-01, -2.2253e-01, -7.7441e-01,\n        -2.1504e+00, -6.0693e-01,  1.5295e-01,  6.1127e-02,  1.6846e-01, -1.9238e+00, -1.6475e+00,  3.3154e-01, -2.2539e+00, -3.0703e+00,  3.2031e-01, -3.9648e-01, -3.6401e-01, -2.2422e+00,  4.3994e-01, -6.9141e-01,  6.0693e-01, -3.3105e+00,  1.0730e-01,  5.2295e-01,  1.3086e-01, -1.0811e+00, -2.0483e-01, -8.3105e-01,\n        -2.0586e+00, -1.1129e-03, -2.0000e+00, -2.2324e+00,  3.6792e-01, -9.1553e-01, -1.2520e-02, -4.3237e-01, -1.3594e+00, -1.1035e+00, -1.1396e+00, -1.6523e+00,  1.4521e+00, -7.7686e-01,  1.0028e-01, -2.3125e+00, -4.0918e-01, -2.6523e+00, -5.1660e-01, -2.5293e+00, -2.5879e+00, -1.1611e+00,  5.9473e-01, -1.8174e+00,\n        -2.3027e+00, -2.3340e+00, -5.2148e-01, -2.2070e+00, -1.0801e+00,  3.7109e-01, -1.1055e+00, -4.4287e-01, -2.9443e-01, -2.1423e-01, -2.5977e+00, -7.7832e-01, -2.3477e+00, -1.5986e+00, -9.7559e-01, -3.5273e+00,  6.4062e-01,  3.5327e-01, -2.4668e+00,  3.8788e-02, -9.5410e-01, -4.8047e-01, -1.5068e+00, -2.2520e+00,\n         5.4102e-01,  8.5547e-01, -2.0020e+00, -1.3711e+00, -9.0771e-01, -9.9561e-01, -5.8984e-01, -1.3271e+00, -9.9316e-01, -1.3408e+00, -1.7510e+00, -2.4277e+00, -2.3496e+00, -1.0967e+00, -2.7266e+00, -2.7559e+00, -1.3770e+00, -1.5405e-01, -1.7246e+00, -1.8223e+00, -7.4268e-01, -8.7305e-01, -1.8936e+00, -2.6191e+00,\n        -1.7441e+00,  3.5309e-02, -2.3027e+00, -2.6270e+00, -1.7295e+00, -2.6289e+00, -4.0283e-01, -1.9023e+00, -2.2827e-01, -2.3926e+00, -5.0201e-02,  3.0029e-01, -1.2939e+00, -1.2246e+00, -1.4248e+00, -2.1230e+00])"", ""class"": ""BatchNorm2d"", ""eps"": 0.001}",multi,"[[1, 256, 20, 20]]",,,819200,3.029,24984,0.1192,5.084723,3.603113,0.429642,67.5,67.0,2400017408,2400020480,507,False,,
1c806597ea4ebb78,MaxPool2d,"{""class"": ""MaxPool2d"", ""dilation"": 1, ""kernel_size"": 5, ""padding"": 2, ""stride"": 1}",multi,"[[1, 128, 20, 20]]",,,409600,3.029,4037,0.7383,5.717221,4.235611,3.127236,68.6,68.6,2400023808,2400030464,414,False,,
d405e5ec2502b779,BatchNorm2d,"{""bias"": ""Parameter containing:\ntensor([-0.1801, -0.9795, -0.2930, -0.1428, -0.3750, -0.3457, -0.4746, -0.9468,  0.1481, -0.6968, -0.2849,  0.2537, -0.6489, -0.3865, -0.6138, -0.7827, -0.8984, -0.3215, -0.3860, -0.5630, -0.1493, -0.5488, -0.7075, -1.2764, -0.1277, -0.3125, -0.7314, -0.4268, -0.1489, -0.4941, -0.8828, -0.5908, -0.8574, -0.4263,\n        -0.2727, -0.5889, -0.6763, -0.5396, -0.2408, -0.2632, -1.0117, -0.5566, -0.1786, -0.5898, -0.6841, -0.6362, -0.3979, -0.4900, -0.3257, -0.3384, -0.1212, -0.2051, -0.6216, -0.5386, -0.2091, -0.8677, -0.7295, -0.2358, -0.7002, -0.2120, -0.4102, -0.8271, -0.5137, -0.4226, -0.5146, -0.4351, -0.6621, -0.6123,\n        -0.8662,  0.0685, -0.6182, -0.6440, -0.5186, -0.2281, -0.4785, -0.9829, -0.8169, -0.2153, -0.9712, -0.4495, -0.2832, -0.6270, -0.5269, -0.5522, -0.7393, -0.7026, -0.3960, -0.2250, -0.2167, -0.4563, -0.8101, -0.3127, -1.0703, -0.7163, -0.5088, -0.5415, -0.7627, -0.3540, -0.7969, -0.3337, -0.9736, -0.7891,\n         0.0573, -0.5874, -0.6387, -0.2917, -0.3865,  2.9199,  0.2808, -0.3323, -0.4954, -0.6289, -0.7891, -1.0439, -0.4485, -0.2803, -0.5972, -0.3782, -0.4653, -0.7720, -0.5581, -0.7300, -0.5757, -0.3057, -0.9697, -0.4810, -0.7002, -0.7080, -0.3015,  0.5923, -0.4204,  0.4302, -1.6270, -0.3442,  0.6016, -1.0938,\n         0.8013,  0.5757,  0.5889, -0.4182,  0.2927, -0.2915, -0.1794, -0.9019, -0.7471,  0.7246, -0.1586, -1.1992,  0.9126,  0.9424, -1.0967, -0.7104,  1.6006,  0.5229, -0.2605,  0.2198,  1.5381, -0.5991, -0.3271,  0.3640, -0.7715,  0.4297, -0.8667, -0.2837, -0.0297,  0.8931,  0.7388, -1.2227,  0.4978,  0.6572,\n         0.5088, -0.0059,  0.8071,  0.1107, -1.0352, -0.4729, -0.5840,  0.6035, -0.2991, -0.1239,  0.4424,  0.4380, -0.0493,  0.7891,  0.8462,  0.6226, -0.2874,  1.5381,  0.4670,  0.6221,  0.0880, -0.9712,  1.2676,  0.7427,  0.0531,  0.4404, -0.6704, -0.0560, -0.8306, -0.1948,  0.7852,  0.0613,  0.5430, -0.2781,\n        -0.3425,  0.3979,  0.2380, -0.9854,  0.7300, -0.2600,  0.8711,  2.0449, -1.0371, -0.1509,  0.6528, -0.5771,  0.3767, -0.6792, -0.4966, -0.0818,  0.6685,  0.1504, -0.8726,  0.2284, -1.1748,  0.4417,  0.9746, -0.3438,  0.3521, -0.1681, -1.7100,  0.7358,  0.6230,  0.2559,  0.6221, -0.0934,  0.8389,  0.4058,\n        -1.1758,  1.1084,  0.1489,  1.0293,  0.5674, -0.6118,  0.6909, -0.4663,  0.5454, -1.2930, -0.1672,  0.3840,  0.0295, -0.2222,  0.8945, -0.6792,  0.7549, -0.1383])"", ""class"": ""BatchNorm2d"", ""eps"": 0.001}",multi,"[[1, 256, 20, 20]]",,,819200,3.029,26857,0.1109,5.218446,3.736836,0.414535,68.1,68.6,2400027136,2400023808,447,False,,
b5dd6b50e9618ea3,BatchNorm2d,"{""bias"": ""Parameter containing:\ntensor([-2.4160e+00, -5.3467e-02, -1.1885e+00, -5.1953e-01, -1.6777e+00, -7.4170e-01, -1.1436e+00, -1.4590e+00, -9.6533e-01, -3.9404e-01, -8.6670e-01, -1.4492e+00, -1.4893e+00, -4.2432e-01,  1.9785e+00, -1.4102e+00,  5.2582e-02, -9.2480e-01, -1.1416e+00, -1.6328e+00, -1.3682e+00, -1.3076e+00, -1.1006e+00,  9.1431e-02,\n        -1.8506e+00, -1.7832e+00, -1.6025e+00, -7.3975e-01, -7.1191e-01, -1.6465e+00, -5.5273e-01, -8.5059e-01, -1.0449e+00,  4.0625e-01,  6.5381e-01, -1.6846e+00, -8.4814e-01, -1.0811e+00, -4.7089e-02, -5.3131e-02, -1.2217e+00, -1.8672e+00, -2.0000e+00, -1.8027e+00, -6.9971e-01, -1.2578e+00, -7.0496e-02, -1.3281e+00,\n        -8.0664e-01, -8.5791e-01, -1.0322e+00, -7.8613e-01, -1.7314e+00, -2.6953e-01, -1.0469e+00, -1.9365e+00, -6.1816e-01,  7.9346e-02, -1.9600e+00, -9.6143e-01, -2.3203e+00, -5.3906e-01, -5.3369e-01, -1.2627e+00, -1.5811e+00, -9.3262e-01, -8.1445e-01, -1.7334e-01, -1.0410e+00, -8.0762e-01, -1.8008e+00, -1.3799e+00,\n        -2.4453e+00, -1.4375e+00, -8.9941e-01, -2.5859e+00, -1.1172e+00, -1.0674e+00, -1.3857e+00, -8.7695e-01, -8.5632e-02, -5.8691e-01, -1.0801e+00, -1.2939e+00, -1.2637e+00, -1.0547e+00, -5.3662e-01, -3.7817e-01, -1.3330e+00, -6.6504e-01, -7.0264e-01, -1.5488e+00, -1.4873e+00, -1.7451e+00, -7.1729e-01,  1.3604e+00,\n        -2.1362e-01, -1.7588e+00, -2.7490e-01, -1.9326e+00, -1.5254e+00, -2.4676e-05, -6.2256e-01,  5.9473e-01, -1.4561e+00, -1.3867e+00, -9.7168e-01, -1.5684e+00, -2.3828e-01, -5.8887e-01, -2.3413e-01, -1.3320e+00, -1.4697e+00, -1.6250e+00, -2.1543e+00, -5.4053e-01, -1.3633e+00, -1.7734e+00, -2.4922e+00,  6.4514e-02,\n        -1.1436e+00, -2.8735e-01, -7.1240e-01, -1.6436e+00, -9.1504e-01,  2.8809e-01, -2.4922e+00, -1.2197e+00, -5.6738e-01, -6.7529e-01, -2.0527e+00, -1.1533e+00, -4.5068e-01, -8.5022e-02, -1.9619e+00, -6.4453e-02, -1.7676e+00, -1.5029e+00, -1.9141e+00, -4.5410e-01, -8.1982e-01, -8.7451e-01, -8.1787e-01, -7.6416e-01,\n        -7.4561e-01, -6.9629e-01, -1.9355e+00, -1.8994e+00, -1.0859e+00, -2.5078e+00, -3.6353e-01, -3.7915e-01, -5.9229e-01, -1.8066e+00, -1.6709e+00, -4.2529e-01, -1.0078e+00, -1.1777e+00, -1.3672e+00, -1.6846e+00, -2.1797e+00, -1.1797e+00, -1.0049e+00, -1.0127e+00, -8.4277e-01, -1.1553e+00, -8.0029e-01,  4.8584e-02,\n        -1.5977e+00,  3.9624e-01, -8.5449e-01, -1.3711e+00, -8.1396e-01, -4.9585e-01, -1.1934e+00, -2.2383e+00, -1.4922e+00, -8.8916e-01, -1.4668e+00, -9.3701e-01, -2.1230e+00, -1.0322e+00, -2.2109e+00, -5.5176e-01, -1.5195e+00, -5.9912e-01, -7.4707e-01, -1.8887e+00, -3.7524e-01, -8.5205e-01, -7.9102e-01, -1.7598e+00,\n        -1.1416e+00, -2.2031e+00, -1.5918e+00, -1.5371e+00, -8.4033e-01, -3.7744e-01, -7.4219e-01, -1.0557e+00, -2.4219e-01, -2.3203e+00, -7.6953e-01, -5.1758e-01, -1.7627e+00, -7.8613e-01, -1.2061e+00,  2.0947e-01, -1.4766e+00, -6.3281e-01, -3.3447e-01,  8.3984e-02, -8.1885e-01, -1.2920e+00, -5.8984e-01, -2.2559e+00,\n        -1.4502e+00, -7.3145e-01, -1.1572e+00, -9.7705e-01, -9.1895e-01, -1.1436e+00, -4.2896e-01,  1.5894e-01, -9.2773e-01, -1.0645e-01, -7.9150e-01, -8.9844e-01, -5.9668e-01, -9.6729e-01, -1.8418e+00, -1.0029e+00, -6.3232e-01, -9.0430e-01, -2.1309e+00, -8.9600e-01, -1.5322e+00, -7.2119e-01, -9.1260e-01, -1.8662e+00,\n        -5.6592e-01,  6.9727e-01, -3.4888e-01, -6.2988e-01, -1.7178e+00, -7.6807e-01, -7.2656e-01,  4.9652e-02, -1.8760e+00, -1.2354e+00, -4.2798e-01, -1.3301e+00, -2.0469e+00, -1.7188e+00, -1.0332e+00, -1.7871e+00])"", ""class"": ""BatchNorm2d"", ""eps"": 0.001}",multi,"[[1, 256, 20, 20]]",,,819200,3.029,27721,0.1075,5.350622,3.869012,0.41576,67.5,68.6,2400030464,2400033792,465,False,,
b17427f458e7c17c,Conv2d,"{""bias"": null, ""class"": ""Conv2d"", ""dilation"": [1, 1], ""groups"": 1, ""in_channels"": 128, ""kernel_size"": [1, 1], ""out_channels"": 256, ""padding"": [0, 0], ""stride"": [1, 1]}",multi,"[[1, 128, 20, 20]]",,13107200,614400,3.03,3571,0.8349,5.298833,3.817223,3.186924,67.5,69.7,2400023808,2400030464,438,False,,
e2b54e9a4130fc03,BatchNorm2d,"{""bias"": ""Parameter containing:\ntensor([ 9.5117e-01, -7.5293e-01,  4.6484e-01, -5.0293e-01,  1.3782e-01,  2.1021e-01, -1.8945e-01,  1.8555e-01,  9.8755e-02, -7.1167e-02, -6.0693e-01, -4.0063e-01, -5.0439e-01, -6.2988e-01, -6.1328e-01, -3.9014e-01, -2.6562e-01, -2.6309e+00,  3.0518e-01, -7.4951e-01, -4.0137e-01,  1.1200e-01,  4.2139e-01,  1.4392e-01,\n         6.1249e-02, -6.5327e-05,  3.8696e-01,  4.5605e-01,  7.0703e-01, -3.1519e-01, -5.4639e-01,  1.8930e-03,  3.6812e-04, -5.8079e-04,  3.3474e-04, -7.9334e-05,  2.0146e-04,  2.1553e-04,  3.2949e-04, -3.6049e-04,  2.7871e-04, -6.5267e-05, -2.3556e-04, -3.2735e-04, -3.9887e-04, -2.6989e-04, -4.8816e-05, -3.8648e-04,\n        -2.6155e-04, -9.6750e-04,  1.2922e-04, -2.3651e-04, -6.8474e-04, -1.0222e-04,  1.9944e-04, -1.9538e-04, -1.8346e-04, -2.1160e-05,  2.5582e-04,  3.2783e-04, -2.7657e-05, -1.0008e-04, -3.9077e-04,  2.4021e-04,  2.6001e-02,  8.0811e-02, -1.7065e-01,  1.2073e-01, -1.2347e-01,  5.8838e-02, -5.2643e-02,  3.8135e-01,\n         2.9434e-02, -4.3983e-03, -1.5161e-01, -3.2806e-02,  3.1128e-01, -4.5258e-02,  6.0669e-02, -5.5469e-01, -3.0613e-03, -1.0321e-01, -3.5938e-01,  8.2642e-02, -1.1438e-01, -4.6043e-03,  1.7065e-01, -1.1261e-01, -3.2623e-02,  1.9974e-02, -3.0737e-01, -6.9336e-02,  1.2177e-01, -3.2495e-01, -1.5344e-01,  2.3730e-01,\n         2.1802e-01, -3.6987e-02,  6.9873e-01, -3.3966e-02,  1.1804e-01, -2.0093e-01, -1.2610e-01,  1.5454e-01, -1.5686e-02,  1.4758e-01, -2.8122e-02, -2.1582e-01,  8.1543e-02,  8.7433e-03,  2.9999e-02,  1.9543e-01,  8.4473e-02,  2.8955e-01, -1.5295e-01,  8.5999e-02, -3.5725e-03,  3.7939e-01,  1.3257e-01,  8.7585e-02,\n        -1.2373e+00,  2.6294e-01,  1.2781e-01, -1.8066e-01, -1.4185e-01, -1.1854e-03,  1.3696e-01, -5.3680e-02,  5.0342e-01, -4.4019e-01,  3.6475e-01,  1.4880e-01, -4.0771e-01, -1.1108e-01, -5.0146e-01,  9.6802e-02,  6.6064e-01,  2.3401e-01,  3.2324e-01,  6.8506e-01, -6.4893e-01, -5.7812e-01,  3.2983e-01, -4.2212e-01,\n         2.5342e-01, -6.2354e-01,  8.7842e-01, -3.4082e-01, -6.6895e-01,  2.4182e-01,  2.1460e-01,  1.3013e-01, -1.9453e+00, -6.5430e-01,  3.3789e-01,  4.0436e-03,  4.2969e-02, -4.8779e-01, -4.8126e-02, -6.3330e-01,  3.2842e-05,  1.4508e-04, -7.2420e-05, -5.3048e-06, -1.3685e-04, -1.5438e-05, -2.0981e-05, -5.8651e-05,\n         2.7227e-04,  1.6987e-04,  1.0818e-04,  1.7130e-04, -8.8453e-05, -1.0431e-04,  5.3883e-05, -1.5092e-04, -1.3411e-04, -1.8072e-04,  2.5749e-04,  4.8518e-05, -1.1480e-04,  2.3592e-04,  1.2922e-04,  1.2934e-05, -4.5180e-04, -1.3137e-04, -1.6677e-04, -3.0518e-05,  8.0466e-05, -1.4257e-04,  5.2571e-05, -1.5938e-04,\n         9.4360e-02, -3.1403e-02,  3.6163e-02, -2.9761e-01,  1.9189e-01,  3.7964e-02, -3.7622e-01,  3.3325e-02, -4.5874e-01,  7.0435e-02,  4.1040e-01,  2.0056e-01, -4.1602e-01, -1.3477e-01,  1.1908e-01,  1.1200e-01,  1.1768e-01,  1.7102e-01, -4.3152e-02, -3.0689e-03,  2.6138e-02,  4.1809e-02, -2.2168e-01,  2.5131e-02,\n        -1.8030e-01,  1.2054e-01,  7.9248e-01, -1.1267e-01, -6.6260e-01,  2.5375e-02, -6.1768e-02,  2.7218e-03, -2.2815e-01,  3.3356e-02,  2.1387e-01, -3.6792e-01, -4.5532e-02,  1.8457e-01, -4.1821e-01,  4.5996e-01, -1.4478e-01, -1.8005e-01, -7.0557e-02, -6.6223e-02, -3.9673e-01, -8.2581e-02, -3.5614e-02, -8.9783e-02,\n         3.5919e-02,  5.2368e-02, -7.2510e-02, -1.0968e-01,  1.7729e-03,  2.3450e-01, -1.6284e-01,  1.0933e-02,  4.3994e-01,  4.0405e-01,  2.8247e-01,  2.9785e-01, -1.7624e-02,  3.8452e-02, -1.2781e-01, -1.5625e-01])"", ""class"": ""BatchNorm2d"", ""eps"": 0.001}",multi,"[[1, 256, 20, 20]]",,,819200,3.029,25936,0.1148,5.20006,3.718451,0.427063,68.6,69.2,2400023808,2400023808,471,False,,
6a1a4bd11d362b86,Identity,"{""class"": ""Identity""}",multi,"[[1, 256, 20, 20]]",,,819200,3.032,202898,0.0147,2.825632,1.344022,0.019726,67.0,62.0,2400020480,2400027136,75,False,,
fe165b2140370c3c,BatchNorm2d,"{""bias"": ""Parameter containing:\ntensor([ 1.7762e-05,  4.1366e-05,  9.6142e-05,  1.6677e-04, -1.0824e-04, -4.2558e-05,  7.3314e-05,  5.3108e-05,  1.8358e-05, -6.2048e-05,  2.6286e-05,  1.9073e-06,  6.9082e-05, -1.1432e-04,  5.1618e-05,  1.0860e-04,  2.5153e-05,  2.7895e-05, -6.2644e-05,  4.1962e-05,  6.9737e-05, -4.3809e-05, -4.1127e-05, -7.1466e-05,\n        -9.2924e-05,  4.2856e-05, -9.4354e-05, -9.7156e-06,  3.6180e-05,  1.5497e-06, -1.9431e-04, -4.1902e-05, -9.8169e-05,  4.4882e-05,  4.5419e-05,  2.7001e-05, -1.1945e-04, -7.2658e-05, -9.9480e-05, -1.1414e-04, -1.6093e-06, -2.6822e-04, -4.0352e-05, -2.7657e-05, -1.6093e-06, -1.1277e-04, -3.9697e-05,  8.0943e-05,\n         4.4167e-05, -7.2062e-05,  1.2493e-04, -1.5545e-04, -1.4007e-04, -5.5075e-05,  4.1783e-05,  6.2108e-05,  7.5996e-05, -5.3942e-05,  9.8944e-06,  2.4319e-05,  2.3484e-05, -6.8784e-05, -9.8407e-05,  3.7134e-05, -6.3360e-05, -1.7881e-07, -6.3300e-05, -3.4690e-05, -4.8637e-05,  2.8193e-05, -7.1585e-05, -1.4198e-04,\n         3.3021e-05,  5.7817e-06, -5.1141e-05,  1.9431e-05, -1.6689e-05, -3.7968e-05,  1.0371e-05,  1.3256e-04, -4.0174e-05,  1.3649e-05,  8.3625e-05, -8.6010e-05, -1.7524e-05, -6.9201e-05, -6.2585e-06, -2.8431e-05,  1.1051e-04, -5.3823e-05, -5.2929e-05,  5.2392e-05,  1.4448e-04,  1.5473e-04,  2.1279e-05,  2.8372e-05,\n         1.2052e-04, -4.5300e-05, -8.6546e-05, -9.4414e-05,  3.0279e-05, -8.9228e-05, -1.7762e-04, -1.5974e-04,  7.9095e-05, -1.4126e-04, -1.3077e-04,  1.5783e-04,  1.1325e-04, -6.5684e-05, -1.8716e-05,  4.1902e-05, -2.2399e-04,  1.4961e-04,  5.1260e-05,  9.7394e-05,  2.4235e-04,  3.1590e-05,  1.3232e-04,  1.4734e-04,\n         9.8944e-06, -3.3498e-05, -1.5795e-05, -7.7307e-05,  5.3644e-07, -4.7028e-05,  5.6207e-05,  5.8293e-05])"", ""class"": ""BatchNorm2d"", ""eps"": 0.001}",multi,"[[1, 128, 20, 20]]",,,409600,3.029,34422,0.0865,5.066178,3.584568,0.310193,62.6,67.5,2400033792,2400023808,452,False,,
040a03fffb67230a,Identity,"{""class"": ""Identity""}",multi,"[[1, 128, 20, 20]]",,,409600,3.032,202148,0.0147,2.788162,1.306552,0.019248,65.9,63.7,2400023808,2400020480,74,False,,
bb387b08bc38623c,Conv2d,"{""bias"": null, ""class"": ""Conv2d"", ""dilation"": [1, 1], ""groups"": 128, ""in_channels"": 128, ""kernel_size"": [3, 3], ""out_channels"": 128, ""padding"": [1, 1], ""stride"": [1, 1]}",multi,"[[1, 128, 20, 20]]",,460800,409600,3.029,6167,0.4832,4.921069,3.439459,1.662023,62.6,65.3,2400023808,2400030464,540,False,,
aa45de308977cd64,BatchNorm2d,"{""bias"": ""Parameter containing:\ntensor([ 1.9670e-05,  7.6294e-05, -8.8215e-05,  7.8201e-05,  9.7513e-05, -1.5509e-04, -3.4750e-05,  5.2691e-05,  6.5804e-05,  7.3910e-06,  1.2636e-04,  1.0854e-04, -6.3717e-05,  2.9504e-05,  9.7036e-05, -1.6701e-04,  2.3282e-04, -2.5511e-05, -7.5758e-05, -8.7500e-05, -6.3837e-05,  8.8632e-05, -3.2187e-06, -3.6478e-05,\n         7.3075e-05,  3.4213e-05,  9.8586e-05,  9.9659e-05, -1.1605e-04, -3.8683e-05,  1.0502e-04, -1.1802e-04, -7.2479e-05, -5.2571e-05, -5.8651e-05,  2.2328e-04, -2.2268e-04, -6.1572e-05,  9.9540e-06, -3.0279e-05,  1.6570e-05, -4.2260e-05, -1.1814e-04, -2.1040e-05,  6.8128e-05, -1.3709e-06, -6.9022e-05,  8.3447e-06,\n         7.1585e-05,  6.8367e-05, -4.6551e-05, -1.7273e-04,  1.9789e-05, -3.7372e-05, -2.5570e-05, -1.5116e-04, -1.7393e-04,  6.9320e-05,  5.8591e-05,  2.4378e-05,  1.0848e-04, -1.1718e-04, -1.4114e-04, -3.9220e-05,  1.0270e-04, -6.3777e-06,  3.2365e-05,  2.6643e-05,  6.6340e-05, -1.6093e-06, -1.0318e-04,  1.6868e-05,\n        -1.7941e-05,  2.1160e-05, -3.7789e-05, -7.9274e-06,  1.1009e-04,  1.1909e-04, -1.1104e-04, -6.6340e-05,  4.0948e-05, -1.0055e-04,  1.9133e-04, -7.0632e-05,  6.0797e-06, -7.3373e-05,  1.3232e-04, -1.9348e-04, -8.1539e-05, -1.0449e-04, -1.3125e-04, -2.1231e-04,  8.7619e-06,  4.0531e-05, -2.1756e-05,  5.8711e-05,\n        -5.8830e-05,  6.1452e-05, -1.4675e-04, -2.2233e-05, -1.1921e-07,  2.6703e-05, -4.8935e-05,  4.4703e-06,  2.1458e-06, -4.5657e-05, -3.9637e-05,  6.1989e-06, -1.2302e-04,  2.1708e-04,  2.4915e-05, -2.3198e-04, -8.6963e-05, -9.9421e-05, -1.2565e-04,  1.5438e-05, -8.3148e-05, -1.9968e-05,  1.0282e-04,  8.7321e-05,\n         1.3053e-05,  5.2154e-05, -6.1393e-05, -5.0187e-05,  5.7817e-05, -3.5405e-05,  4.9114e-05, -1.9073e-06])"", ""class"": ""BatchNorm2d"", ""eps"": 0.001}",multi,"[[1, 128, 20, 20]]",,,409600,3.029,32692,0.0911,4.983361,3.501751,0.319089,64.8,66.4,2400033792,2400027136,484,False,,
f72bcdb53ccf7f95,BatchNorm2d,"{""bias"": ""Parameter containing:\ntensor([-1.4561, -1.3848, -1.8789, -1.5947, -1.7695, -1.5879, -1.2246, -1.5439, -1.7217, -1.5293, -1.4834, -1.3672, -1.3760, -1.1592, -1.5498, -1.4502, -1.2646, -1.3477, -1.5488, -1.4961, -1.7207, -1.7930, -1.1533, -1.6465, -1.6875, -1.6221, -1.4678, -1.3965, -1.4697, -1.5537, -1.8760, -1.5439, -1.4834, -1.5283,\n        -1.6211, -1.4229, -1.7217, -1.3916, -1.2656, -1.2715, -1.4053, -1.5000, -1.6777, -1.2285, -1.3418, -1.4170, -1.6133, -1.2627, -1.5420, -1.4736, -1.7939, -1.6152, -1.1660, -1.6670, -1.4971, -1.2490, -1.4326, -1.9785, -1.3525, -1.3760, -1.5010, -1.3926, -1.3994, -1.7305, -1.3750, -1.6455, -1.3965, -1.5361,\n        -1.0508, -1.6289, -1.5186, -1.7158, -1.0254, -1.7158, -1.3252, -1.4717, -1.9404, -1.3662, -1.1279, -1.3164, -1.9150, -1.3564, -1.6406, -1.5273, -1.5430, -1.3623, -1.1602, -1.5869, -1.4492, -1.4033, -1.6436, -1.2432, -1.3906, -1.4531, -1.3320, -1.6064, -1.8438, -1.7627, -1.4180, -1.3545, -1.3389, -1.4648,\n        -1.8867, -1.1240, -1.8828, -1.8369, -1.4180, -1.6465, -1.5605, -1.2275, -1.9980, -1.6270, -1.3857, -1.5615, -1.5635, -1.5146, -1.6689, -1.0723, -1.2676, -1.3379, -1.6113, -1.3740, -1.5273, -1.7314, -1.7490, -1.7803, -1.6113, -1.4170, -1.4014, -1.5518, -1.9590, -1.5957, -1.5645, -1.3516, -1.5762, -1.4609,\n        -1.4414, -1.7861, -1.2744, -1.4932, -1.5889, -1.4082, -1.4443, -1.3359, -1.5107, -2.0352, -1.3848, -1.7461, -1.5752, -1.5439, -1.8623, -1.6084, -1.4141, -1.5967, -1.3662, -1.2979, -1.5508, -1.4814, -1.8164, -1.5215, -1.4004, -1.3154, -1.3848, -1.6943, -1.6660, -1.6885, -1.0527, -1.3545, -1.6104, -1.3008,\n        -1.4307, -1.3916, -1.6816, -1.6074, -1.4111, -1.3896, -1.1543, -1.7764, -1.3359, -1.2471, -1.3691, -1.7598, -1.2930, -1.2725, -1.6221, -1.3223, -1.5938, -1.4033, -1.6943, -1.6416, -1.4033, -1.5264, -1.6270, -1.3760, -1.6602, -1.3496, -1.6602, -1.5195, -1.3838, -1.7529, -1.6025, -1.4922, -1.8496, -1.5166,\n        -1.5801, -1.5000, -1.3838, -1.7334, -1.7520, -1.5176, -1.5439, -1.5205, -1.6240, -1.5947, -1.5859, -1.4004, -1.2451, -1.3594, -1.4277, -1.6914, -1.5166, -1.3203, -1.8115, -1.2471, -1.5439, -1.0996, -1.6172, -1.8506, -1.5391, -1.6133, -1.2656, -1.3564, -1.2461, -1.5752, -1.6875, -1.3125, -1.3438, -1.3379,\n        -1.6348, -1.5361, -0.6504, -1.5400, -1.6084, -1.1504, -1.5010, -1.6992, -1.5479, -1.4990, -1.5322, -1.5615, -2.0215, -1.4404, -1.9160, -1.0869, -1.2627, -1.6826])"", ""class"": ""BatchNorm2d"", ""eps"": 0.001}",multi,"[[1, 256, 20, 20]]",,,819200,3.03,27138,0.1098,5.254474,3.772864,0.414221,65.9,67.0,2400023808,2400027136,478,False,,
2ad2ef692b772cc5,BatchNorm2d,"{""bias"": ""Parameter containing:\ntensor([ 1.2457e-05, -6.9380e-05,  5.4121e-05,  1.1361e-04, -1.0020e-04, -2.9802e-07,  3.2783e-05, -8.4221e-05,  1.2636e-05, -5.7817e-05, -1.7345e-05,  4.9293e-05,  3.1829e-05, -4.0293e-05, -5.8413e-06, -5.9009e-06,  4.4405e-05, -2.5213e-05, -9.4771e-06, -4.5896e-06,  7.7128e-05, -5.3823e-05, -2.3961e-05, -6.7055e-05,\n        -2.0206e-05,  2.6584e-05, -1.0347e-04,  2.4438e-05,  2.1279e-05, -2.2650e-05, -7.4506e-05,  1.3411e-05, -5.9128e-05, -7.6294e-06, -1.1563e-05,  6.2644e-05, -3.8385e-05, -9.1672e-05,  5.5134e-05, -8.3029e-05, -5.8472e-05, -1.5569e-04, -2.0266e-06, -3.7432e-05,  1.3590e-05, -1.1384e-04, -2.7359e-05,  7.3075e-05,\n         9.4771e-06,  8.9407e-07, -2.7418e-06, -6.9797e-05, -1.0365e-04, -3.0637e-05,  3.6955e-05,  2.3365e-05,  8.7380e-05, -2.2411e-05, -2.7716e-05,  3.0279e-05, -3.7074e-05,  1.7941e-05, -4.4227e-05,  4.7684e-05,  2.1458e-06,  5.9664e-05,  1.2875e-05,  5.0843e-05, -2.3544e-05, -1.9133e-05, -2.0444e-05, -2.6524e-05,\n         6.2644e-05, -2.1458e-05, -2.0146e-05,  1.7405e-05,  5.1200e-05, -1.1146e-05,  6.9141e-05,  1.1760e-04,  7.6771e-05, -3.8981e-05,  4.8816e-05, -2.4319e-05, -5.5671e-05, -1.1289e-04, -5.1498e-05, -5.0783e-05,  7.2598e-05, -2.9624e-05,  1.1921e-06,  1.7941e-05,  9.9540e-05,  8.5890e-05,  9.3937e-05,  8.9705e-05,\n         9.1672e-05, -1.8299e-05,  2.2411e-05,  3.1531e-05, -2.3544e-05, -4.6790e-05, -8.8334e-05, -1.1998e-04,  2.4855e-05, -8.1658e-05,  2.7299e-05,  7.8380e-05,  5.2571e-05, -9.0063e-05, -3.4034e-05, -5.2333e-05, -1.3161e-04,  3.6836e-05,  1.9670e-06,  2.2411e-05,  1.2779e-04, -4.1187e-05,  1.5557e-05,  6.5982e-05,\n        -1.0836e-04,  1.9014e-05, -3.0100e-05, -1.1444e-05,  6.3300e-05, -8.4043e-05,  6.1035e-05,  2.1279e-05])"", ""class"": ""BatchNorm2d"", ""eps"": 0.001}",multi,"[[1, 128, 20, 20]]",,,409600,3.03,35050,0.0849,5.130501,3.648891,0.309947,68.1,67.0,2400027136,2400030464,439,False,,
93c5d930f57eefe9,Upsample,"{""class"": ""Upsample""}",multi,"[[1, 256, 20, 20]]",,,2048000,3.031,1286,2.3181,4.443503,2.961893,6.865949,68.1,65.3,2400017408,2400023808,449,False,,
0cd094669177a78c,Concat,"{""class"": ""Concat""}",multi,"[[1, 256, 40, 40], [1, 128, 40, 40]]",,,4915200,3.03,8081,0.3687,4.490552,3.008942,1.109546,66.4,65.3,2400017408,2400023808,437,False,,
9f83a90ac7d8074c,Conv2d,"{""bias"": null, ""class"": ""Conv2d"", ""dilation"": [1, 1], ""groups"": 1, ""in_channels"": 384, ""kernel_size"": [1, 1], ""out_channels"": 128, ""padding"": [0, 0], ""stride"": [1, 1]}",multi,"[[1, 384, 40, 40]]",,78643200,3276800,3.031,785,3.7938,5.232154,3.750544,14.228869,65.9,68.1,2400030464,2400027136,461,False,,
922e88f0fc9e8487,BatchNorm2d,"{""bias"": ""Parameter containing:\ntensor([ 0.7856, -0.3262, -0.5923,  0.5093, -1.1592, -1.3125, -0.0449,  0.9927, -1.5156, -1.2773, -0.8716,  0.9316,  1.7266,  0.8809,  0.0797, -0.9663,  1.5039,  1.2529, -0.3491,  0.6309,  0.4243,  0.0605, -0.0870,  0.1926,  0.1998,  0.3711, -0.3337, -0.1278, -1.0537,  0.6714, -0.6636, -0.0243,  0.8931,  0.1682,\n         1.2988,  0.1671, -0.1938,  1.6719, -1.0928,  0.1027, -0.2256,  0.5586,  0.2805,  0.3120, -0.0945,  0.2866, -0.2881,  0.2805, -0.8022, -1.2041, -0.9033, -1.8818, -1.5215, -0.1888, -0.8223, -0.1869,  0.5112,  0.2048,  0.3682,  0.1144, -0.0568, -1.5986, -1.2480,  0.8774, -0.2935, -1.0459, -0.8740, -0.8325,\n         0.5815, -0.5474, -0.6455, -1.8750, -1.2725, -0.3687,  0.1318, -0.9067, -1.2744, -0.6191, -0.4563, -0.7383, -0.4194, -1.1338,  0.6865, -0.1921, -0.8970,  1.3594, -0.3765, -2.0293, -0.1692, -0.6230, -0.7979, -1.7051, -0.1890, -0.8447,  0.8623, -0.6250, -1.5508,  0.6733, -0.9502,  0.6885,  0.4597,  0.2006,\n        -0.5322, -0.0387, -0.6533, -1.1162, -0.5015,  1.1533, -0.6069, -0.5713, -0.9019, -1.2539, -0.4155, -1.3154, -2.0566, -0.2891, -1.2861, -0.9204, -0.1644, -1.4404, -0.8013, -0.2170,  0.1875,  1.2080, -0.7471, -0.5698, -1.0566,  1.2832])"", ""class"": ""BatchNorm2d"", ""eps"": 0.001}",multi,"[[1, 128, 40, 40]]",,,1638400,3.03,17784,0.1675,5.345909,3.864299,0.647333,65.3,68.1,2400033792,2400030464,477,False,,
7bfccef14fa6d680,BatchNorm2d,"{""bias"": ""Parameter containing:\ntensor([-0.4067, -0.0854, -0.5845, -0.2573, -1.0938, -1.0820,  0.8374, -1.2793, -0.5103, -1.0723, -1.1982, -0.6362, -0.1460,  0.1033, -1.0029,  0.0482, -0.9707,  0.1926,  0.1003,  0.1493, -0.6782, -1.1318, -0.1608, -0.7041, -0.2471, -1.2061,  0.0659, -0.6484, -0.7485, -0.1110,  0.3235,  0.6260, -0.2355,  0.8384,\n        -0.7729, -0.6597, -0.0183, -0.6221, -1.7441, -0.4458, -0.3850, -0.1003, -1.9619, -0.3176, -0.6069, -1.4814,  0.2482,  0.3696,  0.2898,  0.0823, -1.0078, -1.0723, -0.6606, -1.0293, -1.0996, -0.8540,  0.0101, -0.8716,  0.2211, -0.3301, -0.1088,  1.1152, -1.2246, -1.5625, -0.4570, -0.8179, -0.4021, -0.9844,\n        -0.2598, -0.3992, -0.1431, -1.1768, -0.2810, -0.7295,  0.4207, -1.5625, -0.9658, -0.7852,  0.6860,  0.9175, -0.7075, -1.2021, -0.1178,  0.3481, -0.5957, -0.3821, -0.0830,  0.6909, -0.9727, -1.7373, -0.4778,  0.6523, -0.2520, -0.3623, -0.1758, -0.4719, -0.9448,  0.5200, -0.5166,  0.4585, -0.9521,  0.4375,\n        -1.7031, -0.1519,  0.3931, -0.5459,  0.7056, -0.4524, -0.8789, -0.5649, -0.6313,  0.4185, -0.4492, -0.1270, -0.9888, -0.1294, -0.6499,  0.6724, -0.0149, -0.0282, -0.0580,  0.3210, -0.1203, -0.6460,  0.0360, -1.0137,  0.2001, -0.3992])"", ""class"": ""BatchNorm2d"", ""eps"": 0.001}",multi,"[[1, 128, 40, 40]]",,,1638400,3.03,19084,0.1561,5.487441,4.005831,0.625341,66.4,68.1,2400023808,2400023808,436,False,,
a4942e27d040c16f,Conv2d,"{""bias"": null, ""class"": ""Conv2d"", ""dilation"": [1, 1], ""groups"": 1, ""in_channels"": 64, ""kernel_size"": [3, 3], ""out_channels"": 32, ""padding"": [1, 1], ""stride"": [1, 1]}",multi,"[[1, 64, 40, 40]]",,29491200,614400,3.031,3034,0.9824,5.60607,4.124461,4.051866,68.6,68.1,2400020480,2400030464,508,False,,
2f929a399206a33f,BatchNorm2d,"{""bias"": ""Parameter containing:\ntensor([-0.5879, -1.1543, -1.3525, -0.5674, -0.9062, -0.1370, -0.8940,  0.0050,  1.1396, -1.0566, -1.1592,  0.3245,  0.0760, -0.8257,  0.3694,  0.4246, -0.1957, -1.1289, -1.0996,  0.3013,  1.4053, -0.7188, -0.6201, -0.3398,  0.0567, -0.8877, -0.3721, -1.1113,  0.1257,  0.1368,  0.4260, -0.1841])"", ""class"": ""BatchNorm2d"", ""eps"": 0.001}",multi,"[[1, 32, 40, 40]]",,,409600,3.03,30456,0.0978,4.863168,3.381558,0.330731,68.1,67.5,2400033792,2400027136,487,False,,
138908762da56eae,Conv2d,"{""bias"": null, ""class"": ""Conv2d"", ""dilation"": [1, 1], ""groups"": 1, ""in_channels"": 32, ""kernel_size"": [3, 3], ""out_channels"": 64, ""padding"": [1, 1], ""stride"": [1, 1]}",multi,"[[1, 32, 40, 40]]",,29491200,614400,3.035,2909,1.0232,5.626791,4.145181,4.24137,67.5,69.2,2400033792,2400020480,466,False,,
a12ccd290dfa1fed,BatchNorm2d,"{""bias"": ""Parameter containing:\ntensor([-0.4434,  0.1871,  0.9365, -0.3093, -0.0374,  1.2871, -0.3293,  0.4480, -0.1859, -0.9009,  0.1636, -0.5239, -1.1270,  1.2969,  0.0473,  0.7578, -0.4441, -0.2467,  0.2369,  0.7744, -0.3074,  0.2483, -1.1318, -0.5601, -0.9263,  0.6812,  1.0752, -0.9126,  0.3682,  0.6724, -0.5200, -0.0371, -0.7808,  1.1875,\n         1.4189,  0.9092,  1.1924,  0.1459, -0.5259,  1.8145, -0.1927, -0.9697,  1.1279, -0.1411, -0.3350, -0.7363, -0.1715,  0.0793,  0.3489,  0.5249, -0.6978,  0.1622, -0.4858,  0.4978, -0.3064, -0.0074,  1.2061,  0.6006,  0.5596,  0.2798, -0.5967,  0.7446, -0.5840,  0.1780])"", ""class"": ""BatchNorm2d"", ""eps"": 0.001}",multi,"[[1, 64, 40, 40]]",,,819200,3.031,29514,0.1009,5.483396,4.001786,0.403936,68.1,69.2,2400020480,2400033792,422,False,,
b284f397df75eed7,Upsample,"{""class"": ""Upsample""}",multi,"[[1, 128, 40, 40]]",,,4096000,3.035,6708,0.4443,5.81018,4.32857,1.923165,68.1,69.2,2400027136,2400020480,452,False,,
26a5de1e36be6039,Concat,"{""class"": ""Concat""}",multi,"[[1, 128, 80, 80], [1, 128, 80, 80]]",,,13107200,3.034,3205,0.9299,4.375706,2.894096,2.69118,67.5,66.4,2400020480,2400033792,476,False,,
4b2a826d6dc700ad,Conv2d,"{""bias"": null, ""class"": ""Conv2d"", ""dilation"": [1, 1], ""groups"": 1, ""in_channels"": 256, ""kernel_size"": [1, 1], ""out_channels"": 64, ""padding"": [0, 0], ""stride"": [1, 1]}",multi,"[[1, 256, 80, 80]]",,104857600,8192000,3.034,477,6.2542,5.183619,3.702009,23.153002,67.5,68.1,2400020480,2400030464,463,False,,
ae2a99c80c590a1b,BatchNorm2d,"{""bias"": ""Parameter containing:\ntensor([-1.4697, -2.0156,  0.5752,  0.2930,  1.2861,  0.8584,  1.1758,  0.8560,  0.8823,  0.0739,  1.0898, -0.0435,  1.0537,  1.4053, -1.8809,  0.4270,  0.5894,  1.0264,  1.1826,  0.3848,  1.0059,  0.9136,  0.5420, -0.1075,  1.7314,  0.3989,  0.5127, -0.4812,  1.2412,  0.1021, -1.2695, -0.4207,  1.7920, -0.7358,\n        -0.4243,  1.0254, -0.1681,  0.1942,  0.1054,  0.0933, -0.1615, -1.0273, -0.5005,  1.0020, -0.1663, -0.9282, -0.5039,  0.0901,  0.8374, -0.4873,  0.6675, -0.6338, -0.6646, -0.3462, -1.0342,  0.2350, -0.9702, -0.4951, -1.7061, -0.2908, -0.3213, -0.4670, -0.7207,  0.2866])"", ""class"": ""BatchNorm2d"", ""eps"": 0.001}",multi,"[[1, 64, 80, 80]]",,,3276800,3.035,11409,0.2608,5.69187,4.21026,1.097957,67.0,69.7,2400027136,2400033792,431,False,,
936a6f8c147903ef,Conv2d,"{""bias"": null, ""class"": ""Conv2d"", ""dilation"": [1, 1], ""groups"": 1, ""in_channels"": 96, ""kernel_size"": [1, 1], ""out_channels"": 64, ""padding"": [0, 0], ""stride"": [1, 1]}",multi,"[[1, 96, 80, 80]]",,39321600,4096000,3.034,761,3.9177,4.314395,2.832786,11.097977,67.5,67.5,2400030464,2400020480,425,False,,
aad3386b766aa3e5,BatchNorm2d,"{""bias"": ""Parameter containing:\ntensor([ 0.1853, -0.0524,  0.1191,  0.8208, -0.5698,  1.2666, -0.5254, -0.0807,  0.0996, -0.4006,  0.2128,  1.4600, -0.1584,  0.1853, -0.1068, -1.4238,  0.8657, -1.2178,  0.6475,  0.7334, -0.0136, -0.4824,  0.9741, -0.6851, -0.1283,  0.1803, -0.3501,  0.8955, -1.0635, -0.0505,  1.3594,  1.4883, -0.0779,  0.5195,\n        -0.3762, -0.9390,  1.8701, -0.8960,  0.3750, -1.5117, -0.4844,  0.7778, -0.5708, -0.7383, -1.9102,  1.2119,  1.2705, -0.8521, -0.3494,  0.3882,  0.4060,  0.9932,  0.6743, -0.3855,  1.6934, -0.0830,  0.9980, -0.2465, -0.0983,  0.4971, -1.0303,  0.7827,  0.8047,  1.1279])"", ""class"": ""BatchNorm2d"", ""eps"": 0.001}",multi,"[[1, 64, 80, 80]]",,,3276800,3.031,11958,0.2492,5.615355,4.133745,1.030132,65.9,70.3,2400030464,2400027136,432,False,,
6fdc31988a918f43,BatchNorm2d,"{""bias"": ""Parameter containing:\ntensor([ 0.6387, -0.2078, -0.2742, -0.1708,  0.2155, -0.3269, -0.2311,  0.0748, -0.2954, -0.2316,  0.9009, -0.2477,  1.9316, -0.0389, -1.0225,  0.8203])"", ""class"": ""BatchNorm2d"", ""eps"": 0.001}",multi,"[[1, 16, 80, 80]]",,,819200,3.031,27718,0.1075,5.280258,3.798648,0.408228,69.2,68.6,2400027136,2400023808,455,False,,
04710a02da802fb1,BatchNorm2d,"{""bias"": ""Parameter containing:\ntensor([-3.7769e-01, -1.2725e+00,  1.0663e-01,  1.0840e+00, -3.5181e-01,  1.9556e-01, -8.6426e-02,  1.4648e-01,  4.7577e-02, -1.8213e-01,  5.1562e-01, -1.9910e-01, -2.0542e-03, -1.3281e+00, -7.3364e-02, -3.2910e-01, -5.7715e-01,  3.7744e-01, -1.6846e-01,  6.5527e-01, -5.4150e-01, -7.2607e-01, -2.8174e-01, -7.0996e-01,\n         2.0703e+00,  8.5254e-01,  8.0688e-02,  2.1895e+00, -1.0144e-01,  6.0449e-01,  2.7368e-01,  4.8022e-01])"", ""class"": ""BatchNorm2d"", ""eps"": 0.001}",multi,"[[1, 32, 80, 80]]",,,1638400,3.031,19594,0.152,5.639426,4.157816,0.632133,67.5,68.6,2400023808,2400023808,432,False,,
dafcc4b06ca4275c,Conv2d,"{""bias"": null, ""class"": ""Conv2d"", ""dilation"": [1, 1], ""groups"": 1, ""in_channels"": 64, ""kernel_size"": [3, 3], ""out_channels"": 64, ""padding"": [1, 1], ""stride"": [2, 2]}",multi,"[[1, 64, 80, 80]]",,58982400,2048000,3.034,1447,2.0607,5.447161,3.965551,8.171969,69.7,69.7,2400033792,2400023808,519,False,,
8b93cfe6c6e50594,BatchNorm2d,"{""bias"": ""Parameter containing:\ntensor([-1.3086, -1.3594, -0.9048, -0.8408, -1.0801, -0.9141, -0.2915, -0.7793, -0.5093, -0.4133, -0.6182, -0.0331,  0.1641, -1.3662, -0.5581, -0.1593, -0.8770,  1.0469, -1.4443, -0.8638,  0.2423, -1.2021, -0.1271, -0.7183, -1.1064, -1.2891, -1.0684,  0.1708, -1.0781, -1.1797, -1.3369, -0.8174, -0.7686, -0.4346,\n        -0.1567, -0.8599,  0.2791, -0.4067, -0.9458,  0.3616,  0.6089, -0.8989, -0.7397, -0.7271, -0.9072, -0.6030, -0.2383, -0.1984,  0.4209, -0.9009, -0.3225, -0.7808, -0.2646, -1.4180, -0.8594, -0.9121,  1.0342, -1.0869, -0.9072, -0.7485, -0.1166, -1.4736, -1.5234, -0.6670])"", ""class"": ""BatchNorm2d"", ""eps"": 0.001}",multi,"[[1, 64, 40, 40]]",,,819200,3.031,24330,0.1224,5.303003,3.821393,0.467888,68.6,68.6,2400020480,2400033792,450,False,,
0c744be3ab4636b8,Concat,"{""class"": ""Concat""}",multi,"[[1, 64, 40, 40], [1, 128, 40, 40]]",,,2457600,3.032,13549,0.2198,4.604285,3.122675,0.68635,67.5,67.5,2400027136,2400023808,460,False,,
90c127561b9db453,BatchNorm2d,"{""bias"": ""Parameter containing:\ntensor([ 2.7539e-01,  2.7490e-01, -4.1718e-02, -7.7588e-01,  1.2085e-01, -9.8242e-01, -9.2969e-01, -4.0137e-01,  4.4800e-01, -2.3682e-01,  1.4229e+00, -1.0215e+00, -8.0078e-01, -3.0176e-01,  7.6843e-02, -8.2520e-01,  9.1748e-01, -8.0371e-01,  1.2276e-02, -8.0371e-01,  2.3865e-01,  1.8652e-01,  5.4248e-01, -4.6655e-01,\n        -1.7664e-01,  1.6699e-01,  1.3965e-01,  4.9780e-01,  4.8047e-01, -1.0406e-01,  3.8184e-01, -1.3977e-01, -1.5900e-02, -1.0736e-01,  6.9336e-01,  1.6724e-01, -1.0117e+00, -3.1519e-04,  7.6465e-01,  4.7559e-01, -5.6445e-01,  1.5808e-01,  1.4246e-01, -4.9951e-01, -4.5349e-02, -2.6294e-01, -9.5154e-02,  1.3379e-01,\n         1.3046e-03,  2.6294e-01, -6.3916e-01, -5.8447e-01, -1.0059e+00,  4.2285e-01,  4.3579e-01,  7.4023e-01,  5.2539e-01,  6.9885e-02,  8.5791e-01, -5.2881e-01,  4.1016e-01, -2.2961e-01, -2.4414e-01,  2.5000e-01, -4.6704e-01, -1.1865e+00,  2.6123e-01,  3.6572e-01, -8.6475e-01, -2.6489e-01, -3.5571e-01, -7.3438e-01,\n         4.0674e-01, -8.0713e-01, -6.1182e-01, -2.3975e-01, -2.6291e-02, -9.9170e-01, -1.0410e+00, -1.1338e+00, -4.8291e-01, -1.9561e+00, -2.3950e-01, -1.1875e+00, -3.1494e-01, -5.8740e-01, -9.7168e-01,  1.5186e-01, -2.2937e-01, -3.3234e-02, -1.0791e+00, -3.8110e-01, -1.8591e-01, -1.0508e+00, -1.0322e+00, -5.1416e-01,\n        -6.2402e-01, -1.4612e-01, -3.9600e-01, -1.2021e+00, -1.3359e+00,  1.6826e+00, -1.0000e+00, -6.7432e-01, -3.5889e-01, -6.4746e-01, -6.6016e-01, -6.7773e-01, -1.1650e+00, -3.1909e-01,  1.2250e-01, -1.4709e-01, -8.5498e-01, -5.3271e-01, -9.7119e-01, -3.7793e-01, -7.9297e-01,  1.0730e-01, -1.1797e+00,  4.3213e-02,\n        -3.5742e-01, -5.4883e-01,  4.5215e-01, -2.2864e-01, -5.1514e-01,  6.7725e-01, -9.3262e-01, -8.7793e-01])"", ""class"": ""BatchNorm2d"", ""eps"": 0.001}",multi,"[[1, 128, 40, 40]]",,,1638400,3.033,19756,0.1508,5.625172,4.143562,0.62488,66.4,69.2,2400023808,2400027136,452,False,,
fda3832317ee5fb6,BatchNorm2d,"{""bias"": ""Parameter containing:\ntensor([-3.7695e-01,  7.3145e-01,  3.6011e-02,  4.6753e-01, -5.7764e-01, -7.4756e-01, -5.9326e-01,  4.6997e-02, -5.5664e-01, -5.2344e-01, -7.9541e-01,  2.8003e-01, -6.1768e-01,  4.8779e-01, -4.6387e-01, -5.9082e-01, -5.0391e-01, -7.5244e-01, -1.1074e+00, -4.4360e-01, -2.7710e-01, -4.0845e-01,  2.8564e-01,  2.7588e-02,\n        -8.2715e-01, -5.0000e-01, -1.0215e+00, -6.8945e-01, -3.5449e-01, -7.1729e-01, -5.6543e-01, -1.0508e+00, -7.4072e-01, -8.2959e-01, -6.9092e-01, -1.2246e+00, -3.6719e-01, -8.5449e-01, -9.5654e-01, -4.4507e-01, -9.8828e-01, -1.3027e+00, -1.1748e+00, -1.4355e+00, -4.4629e-01, -1.9277e+00,  1.0260e-01, -2.2119e-01,\n        -4.7729e-01, -2.4890e-01,  2.1069e-01, -5.2832e-01, -5.5373e-05, -1.9836e-01, -3.0688e-01,  8.7305e-01, -5.7715e-01, -3.4351e-01,  3.7476e-01, -3.0151e-01, -1.3926e+00, -2.8442e-01, -3.4760e-02, -9.0637e-02, -3.8647e-01, -1.1670e+00, -1.3926e+00,  1.8115e+00,  7.1729e-01,  1.3037e-01, -9.0869e-01,  1.6973e+00,\n        -2.4170e-01, -2.0435e-01,  9.7900e-02, -4.0942e-01, -1.8213e+00, -5.6104e-01,  1.3354e-01, -5.9326e-01,  3.5327e-01, -2.0105e-01, -1.9131e+00, -4.1699e-01, -1.1582e+00, -3.4277e-01,  3.8116e-02, -4.8706e-01,  5.6104e-01, -1.5811e+00, -5.0928e-01, -1.3025e-01,  7.8369e-01, -1.4209e+00, -6.6455e-01,  2.8223e-01,\n        -4.4873e-01, -1.5015e-01, -1.2299e-01, -3.6011e-01, -3.5571e-01, -6.5771e-01, -3.8428e-01, -8.5840e-01, -3.5742e-01, -1.9287e-01, -1.0625e+00,  7.1436e-01, -3.1396e-01, -2.4277e+00,  1.3662e+00, -4.4702e-01, -3.3130e-01, -3.0420e-01, -5.9814e-01, -1.7517e-01,  2.7100e-01, -1.1387e+00, -5.7861e-01, -6.9434e-01,\n        -5.6934e-01, -1.0254e+00, -6.1230e-01, -3.1372e-01, -2.1191e-01, -3.3325e-01, -1.0684e+00, -9.7363e-01])"", ""class"": ""BatchNorm2d"", ""eps"": 0.001}",multi,"[[1, 128, 40, 40]]",,,1638400,3.032,19648,0.1516,5.563503,4.081893,0.618888,68.6,68.6,2400033792,2400023808,417,False,,
d89fb43ccbbc693c,BatchNorm2d,"{""bias"": ""Parameter containing:\ntensor([-0.3264,  1.9766, -0.1348, -0.5889, -0.1451, -0.7148, -0.8457,  1.8828, -0.7759, -0.0830, -0.1193, -1.1143,  0.3132, -1.1934, -0.1117, -1.0557, -0.5781, -0.0081, -1.0146,  0.8428, -0.4387, -0.6338, -0.9824, -0.4543, -0.3193, -0.3269,  0.0948, -0.6851, -0.9868, -0.8618,  0.8550,  0.4736])"", ""class"": ""BatchNorm2d"", ""eps"": 0.001}",multi,"[[1, 32, 40, 40]]",,,409600,3.032,34178,0.0872,5.132999,3.651389,0.318237,68.1,68.1,2400020480,2400020480,495,False,,
0c3bd032b1dd94cc,BatchNorm2d,"{""bias"": ""Parameter containing:\ntensor([ 1.3262,  0.0501, -1.1602, -0.6665, -1.0439, -0.5479,  0.0630,  0.9771,  0.0180,  0.0375,  0.1572, -0.1251,  0.5273,  0.3396, -0.3796,  0.1538, -1.2354, -0.8911, -0.8364, -0.5298,  0.5000, -0.2959, -0.8433, -0.2208, -0.4900, -0.0285, -0.2778, -0.1225, -0.1047, -0.6147,  0.2639, -0.0680,  0.2808,  0.8320,\n        -0.0416, -0.3320, -0.0382, -0.7310,  0.0414,  0.0672, -0.1216,  0.5762,  1.1113,  1.0498, -0.8291, -1.0508, -0.2803, -0.4485, -0.9512,  0.1830, -0.3618,  0.0374, -0.1335, -0.4365, -0.1392,  0.2793, -0.4797, -0.9365, -0.5459,  0.0714,  0.3538,  0.1636, -0.5605, -1.3164])"", ""class"": ""BatchNorm2d"", ""eps"": 0.001}",multi,"[[1, 64, 40, 40]]",,,819200,3.032,27322,0.109,5.290116,3.808506,0.415231,67.5,69.7,2400030464,2400033792,464,False,,
043bedb72d7f8a41,Conv2d,"{""bias"": null, ""class"": ""Conv2d"", ""dilation"": [1, 1], ""groups"": 1, ""in_channels"": 128, ""kernel_size"": [3, 3], ""out_channels"": 128, ""padding"": [1, 1], ""stride"": [2, 2]}",multi,"[[1, 128, 40, 40]]",,58982400,1024000,3.033,1357,2.194,4.970773,3.489163,7.65538,67.5,70.8,2400027136,2400030464,527,False,,
de50ab768f21f943,BatchNorm2d,"{""bias"": ""Parameter containing:\ntensor([-0.4519, -0.3782, -0.4043, -0.8872, -1.0918, -0.8311, -0.2355, -0.6768, -0.0968, -0.2803, -0.6987, -0.6387, -0.0029, -0.1965, -1.1572, -1.1113, -0.8838, -0.2416, -0.4875,  0.0812, -0.4973, -0.1392, -0.5767, -0.0978, -0.2783, -0.6099, -0.0337, -0.5361, -0.0971, -0.6943, -1.1543, -0.2250, -0.5308, -0.5669,\n        -0.8765, -0.5366, -0.7368, -0.6938, -0.5981, -0.9766, -0.5713, -0.4866, -0.6445, -1.5908, -0.3950, -0.7104, -0.8892, -0.7144, -0.8979, -1.0576, -0.8013, -0.7666, -0.9424, -0.6875, -0.7520, -0.8145, -1.2158, -1.1055, -0.2546, -0.5195, -0.9839, -0.6421, -0.6313, -0.5522, -0.2563, -0.2764, -0.9170, -0.9658,\n        -0.4368, -0.2939, -0.5586, -0.3220, -0.2825, -0.1528, -0.8623, -0.9116, -0.5312, -0.5498, -0.6528, -0.3894,  0.0872, -0.5889, -0.9971, -0.5972, -0.9180, -0.7134, -0.5693, -0.7026,  0.0065, -0.5977, -0.5293, -1.1846, -1.0498, -0.4551, -0.4316, -0.8149, -0.6270, -0.3208, -0.2058,  0.1555, -0.5894, -1.0293,\n        -1.0693, -0.5952, -0.3325, -0.1023, -0.7544, -0.2925, -0.8188, -0.5332, -0.2759, -0.6777, -0.8237,  0.3020, -0.5820, -0.1552, -0.9985,  0.1763, -1.0410, -0.9575, -0.0284, -1.0527, -0.4114, -0.7646, -0.3611, -1.0820, -0.4221, -0.3579])"", ""class"": ""BatchNorm2d"", ""eps"": 0.001}",multi,"[[1, 128, 20, 20]]",,,409600,3.032,35123,0.0848,5.208831,3.727221,0.316169,68.6,68.1,2400030464,2400020480,470,False,,
e1c99929d0fa542e,Concat,"{""class"": ""Concat""}",multi,"[[1, 128, 20, 20], [1, 256, 20, 20]]",,,1228800,3.032,18008,0.1654,4.679569,3.197959,0.529017,68.6,67.5,2400027136,2400020480,520,False,,
79a64a457b73d9a5,BatchNorm2d,"{""bias"": ""Parameter containing:\ntensor([-0.4731, -0.5098,  0.2397, -0.6431, -0.7378,  0.0660, -0.5889, -0.5220, -0.4126, -0.6504, -0.4333, -0.6567, -0.7134, -0.7295, -0.5381, -0.6963, -0.6138, -0.0765, -0.6206, -0.6558, -1.0322, -0.6694, -0.6792, -0.8408, -0.7173, -0.4924, -0.6196, -0.5493, -0.4839, -0.9370,  0.2688, -0.2725, -0.6880, -0.7891,\n         0.3826, -0.5552, -0.5127, -0.5015, -0.4851, -0.9404, -0.8809, -0.6323, -0.8706, -0.8408, -0.6553, -0.3726,  0.2406, -0.8647, -0.2216, -0.5522, -0.6191, -0.4536, -0.4583,  0.4004, -0.5718, -0.9121, -0.6436, -0.9219, -0.6704, -0.5171, -0.5098, -0.2974, -0.6323, -0.1801, -0.7920, -0.5820, -0.7632, -0.3928,\n        -0.4441, -0.9487, -0.4263, -0.7881, -0.6768, -0.8799, -0.4248, -0.5000, -0.7925, -0.6548, -0.5229, -0.7881, -0.5410, -0.3462, -0.7905, -0.1885, -0.5874,  0.4827, -0.5029, -0.8545, -0.6665, -0.6929, -0.8667, -0.7686, -0.4558, -0.5693, -0.6675, -0.6143, -0.7783, -0.7759, -0.7729, -0.9570, -0.4805, -0.5918,\n         0.0400, -0.6133, -0.8389,  0.1205, -0.7310, -0.9204, -0.3853, -0.8042, -0.4368, -0.4724, -0.8086, -0.4895, -0.3093, -0.4968, -0.4744, -0.5898,  0.4731, -0.5283, -0.2893, -0.8413, -0.4099, -0.7446, -0.7007, -0.6548, -0.5093, -0.4028, -0.8296, -1.1484,  0.1008,  0.9067, -0.2428, -0.9390, -0.4377, -0.7808,\n        -1.3262, -0.9258, -1.4307, -0.7085, -1.1943, -0.2068, -0.5181, -0.7925, -1.4346, -0.1399, -0.6069, -0.5254, -0.9810, -1.1045, -0.0335, -1.1055, -0.5981, -1.8516, -0.9893, -0.5552, -1.5596, -1.0000, -0.3318, -1.5410, -0.0597, -0.9072, -0.3535, -0.5835,  0.1981, -1.6602, -0.6650, -0.3276, -0.6616, -0.8843,\n        -1.4863, -0.2515, -1.2656,  0.3459, -1.0918, -0.9243, -0.1208, -1.2227, -1.5146, -0.7573, -0.5063, -0.1957, -0.7046,  0.3359, -0.3235, -1.2188, -0.9526, -0.4355, -0.5283, -0.8159, -0.8867, -0.6343, -0.8447, -1.3916, -0.9907, -0.3643, -0.7935, -0.9077, -0.2756, -0.2288, -1.6816, -0.1016, -0.5166,  0.1209,\n        -0.5962, -0.6426, -1.0186, -0.8350, -0.1083, -1.2539, -0.6152, -0.4646, -0.7124, -0.6646, -0.0384, -0.7593, -1.0020,  0.1591, -0.1439, -1.5811, -1.0039, -0.8765, -1.2705, -0.5435, -0.9653, -1.3867, -0.3408, -1.2549, -0.2844, -0.4954, -1.7832, -0.9321, -0.9302, -0.7139, -2.2344, -0.2471, -0.8818, -1.6035,\n        -0.2668, -1.0195, -1.8545, -0.8433, -0.4243, -0.3752, -0.5054, -1.1768, -1.3701, -1.3652, -1.0078, -0.6812, -0.3564, -1.6113, -0.7085, -0.2537, -1.4443, -0.9287])"", ""class"": ""BatchNorm2d"", ""eps"": 0.001}",multi,"[[1, 256, 20, 20]]",,,819200,3.032,26245,0.1135,5.18343,3.70182,0.420162,67.5,68.1,2400020480,2400030464,459,False,,
a52291a616789417,BatchNorm2d,"{""bias"": ""Parameter containing:\ntensor([-0.5679, -0.5439, -0.8501, -0.7607, -1.0254, -0.3337, -0.3577, -0.1754, -0.0856, -0.4844,  0.0763, -0.3418, -0.8418, -1.7021, -0.1149, -0.8140, -0.6665, -0.7349, -0.7305, -0.7051, -0.7485, -0.5151, -0.6875, -1.0293, -1.2969, -1.0752, -0.5005, -0.2900, -0.6064,  0.1378, -0.7783, -0.3535,  0.0938, -0.6504,\n        -0.8770,  0.1707, -0.8760, -0.2496, -0.6250, -0.4670, -0.0681,  0.6748, -0.1899, -0.9771,  0.2308, -0.6016, -0.6704, -0.2976, -0.9634, -0.6895, -0.5815,  0.0745,  0.0732, -0.2737, -0.2041, -0.4729,  0.0829, -0.4006,  0.0884, -0.8789, -0.8140,  0.0790, -0.7637, -1.0234, -0.6870, -0.9937, -0.1497, -1.2109,\n         0.4009, -0.5200,  0.3799, -0.7656, -0.7251, -0.8179, -0.4258, -0.7051, -0.1504, -0.6704, -0.7666, -0.6123, -0.0973,  0.1783, -0.2852, -0.1567, -0.4463, -0.6299, -0.6167, -0.1652, -0.8525, -0.6792, -1.3574, -0.9326, -0.9062, -0.6963, -0.2739, -0.3682, -0.4316, -1.1709, -0.8555, -0.6069, -0.2076, -0.8394,\n        -0.4529,  0.5337, -0.8550, -1.1055, -0.8003, -0.2255, -0.5308, -0.6431, -0.6357, -0.3789, -0.3569, -0.3374, -0.4255, -0.8647,  0.0753, -0.4814, -1.3945, -0.3145, -0.7891,  0.0493, -0.7197, -0.5986, -0.0186, -1.3164,  0.1329, -0.7764, -1.1846, -0.4600, -1.1377, -0.2290, -0.6284, -0.5605, -0.7153, -0.9014,\n        -0.8530, -0.8052, -0.4968, -0.8228, -0.6191, -0.8364, -0.8228, -0.3152, -1.2676, -0.7061, -0.6567, -1.0625,  0.5488, -0.8003, -0.5713, -1.2090, -1.1094,  0.3513, -0.3406, -1.0977, -0.5605, -0.5747, -0.6416, -0.0437,  0.8687, -0.7314, -0.4612, -0.7119, -1.0605, -0.9531, -0.5420, -0.9072,  0.0919, -1.2510,\n        -0.9180, -0.5190, -0.1727, -0.7720, -0.3330, -0.3401, -0.8408, -0.6855, -0.9019, -0.7593, -0.8843, -0.9150, -0.8252, -0.4985, -1.2178, -0.8521, -0.0048, -0.6079, -1.5010,  0.1964, -1.3750, -0.9097, -0.0947, -0.0727, -0.8770, -0.9702, -1.1240, -0.2198,  0.3008, -0.5459, -0.7065, -1.3633,  0.2637, -0.4949,\n        -0.6841, -1.0342, -0.4319, -0.3184, -0.6064, -0.7256, -0.7700, -1.1045,  0.0445,  0.3811, -0.9282, -0.9087, -0.3601, -0.7539, -0.7383, -0.5762, -0.7739, -0.8613,  0.1659, -1.1787, -0.3491, -0.4705, -0.7339, -0.3572, -0.8374,  0.0884, -0.5254, -0.7080, -0.8042, -0.2734, -0.1388, -0.8335, -0.3630, -0.5830,\n        -0.6748,  0.2681, -0.5093, -0.9224, -0.5498, -0.7314, -0.6567, -1.0342, -0.4595, -0.4207, -1.0381, -0.2583, -1.0625, -0.8384,  0.0692, -0.5835, -0.6299, -1.0273])"", ""class"": ""BatchNorm2d"", ""eps"": 0.001}",multi,"[[1, 256, 20, 20]]",,,819200,3.039,27461,0.1085,5.281367,3.799757,0.41217,68.6,70.3,2400030464,2400033792,468,False,,
0dc8ea513183ab47,BatchNorm2d,"{""bias"": ""Parameter containing:\ntensor([ 0.0330, -0.5962, -0.9785, -0.0497, -0.7832,  0.3826, -0.3337, -0.4319,  0.1763, -0.5015, -1.1328, -0.2446,  0.1595, -0.5063, -0.8950,  0.5879,  0.1929, -0.1730, -0.4058, -0.1628, -0.3601,  0.3186, -0.3579, -0.0627,  0.4946,  0.4712, -0.1447, -0.0818, -0.4414, -0.4287, -0.5552, -0.0908,  0.4680,  0.2003,\n         0.0427, -0.2155, -0.7178,  0.1594,  0.1632, -0.3145, -0.5405, -1.2061, -0.8320, -0.8433,  0.6157, -0.3936, -0.0300,  0.6855, -0.2456, -0.1400,  0.0555, -0.3838, -0.0146, -0.2441, -0.5181, -0.4724,  0.5679,  0.3345,  0.1407, -0.6431, -0.3337, -0.0341,  0.1802, -0.4761])"", ""class"": ""BatchNorm2d"", ""eps"": 0.001}",multi,"[[1, 64, 20, 20]]",,,204800,3.033,33556,0.0888,4.826358,3.344748,0.297012,68.1,67.5,2400023808,2400023808,526,False,,
7170399b3848140f,BatchNorm2d,"{""bias"": ""Parameter containing:\ntensor([-0.4380, -0.0633, -0.1833, -0.1011, -0.0985,  0.0009, -0.1989, -0.2280, -0.0285, -0.1332, -0.0774, -0.1086, -0.0201, -0.0418, -0.1384, -0.0533, -0.0685, -0.0398, -0.1542, -0.1678, -0.4060, -0.1105, -0.0764,  0.0256, -0.2140, -0.0096, -0.0992, -0.1394, -0.0012, -0.0723, -0.3804, -0.0979, -0.0513, -0.0934,\n         0.0151, -0.1484, -0.2153, -0.1024, -0.1672, -0.4600, -0.0032, -0.1605, -0.1250, -0.2561, -0.2529, -0.0298, -0.1781, -0.1564, -0.1439,  0.1652, -0.1334, -0.1470, -0.1138, -0.2130,  0.0388, -0.1608, -0.1097, -0.1971,  0.0012, -0.0360, -0.1571, -0.1033, -0.2372, -0.1581])"", ""class"": ""BatchNorm2d"", ""eps"": 0.001}",multi,"[[1, 64, 20, 20]]",,,204800,3.033,38578,0.0772,5.025449,3.543839,0.273628,67.5,67.5,2400023808,2400017408,462,False,,
5063894979f8b674,BatchNorm2d,"{""bias"": ""Parameter containing:\ntensor([-0.0408,  0.1550, -0.6216, -0.4724, -1.1758, -0.8633,  0.1227, -0.9487, -1.1729, -0.8164, -0.8164, -0.7866,  0.0515, -0.1726,  0.3015,  0.4563,  0.1853,  0.3921, -0.3040, -0.3677,  0.1438, -0.4319, -0.1449,  0.6167,  0.0428, -0.0803, -0.0396, -0.7310, -1.3584, -0.3867, -0.9663,  0.2644, -0.0276,  0.8042,\n        -2.2773,  0.0569, -1.7139,  0.7681, -0.6099, -0.4485, -0.3401, -0.5679, -0.3872,  0.3816, -0.8110,  0.6255, -0.7515, -0.9976, -0.5093, -0.4119, -0.6440, -0.7349, -0.8003, -0.3149,  0.0698,  0.4336,  0.0083, -0.4727,  0.0386, -0.5015,  0.0909, -0.7471, -0.6772, -0.1720, -0.8271, -0.3223, -0.5713, -0.1658,\n        -0.6025, -1.1201, -0.0831, -0.0596, -0.2720, -0.9458, -0.8066,  0.3640, -0.5552, -0.9790, -0.7749, -1.3379, -0.7930,  0.0239, -1.3369, -0.1014,  0.2830, -0.3208, -1.1572, -0.4749, -0.6582, -1.1152, -1.3057, -0.6782, -0.4824, -0.2189, -1.1846, -0.6904,  0.4526, -0.6216, -0.7437,  0.2200, -0.6445,  0.7510,\n         0.1078, -0.8687, -0.3066, -1.2305, -0.6162,  0.7441, -0.4873, -0.3604, -0.2258, -0.7651, -0.9600, -0.3425,  0.0666, -0.5830, -0.6733, -1.1602,  0.0288, -0.6440, -0.7124, -0.5029, -1.0898, -0.3577,  0.0407,  0.2742, -1.4766, -0.8125])"", ""class"": ""BatchNorm2d"", ""eps"": 0.001}",multi,"[[1, 128, 20, 20]]",,,409600,3.033,33579,0.0887,5.088826,3.607216,0.319987,67.0,68.1,2400023808,2400020480,486,False,,
2110d7610497f45b,BatchNorm2d,"{""bias"": ""Parameter containing:\ntensor([-1.6035, -1.6426, -1.1855, -0.1647, -1.0566, -1.4482, -0.2734, -0.7637, -1.5479, -0.0446, -0.1364,  0.0681, -0.8506, -1.2324, -1.2158, -1.3496, -0.9365, -1.4141, -1.3271, -0.4656,  0.3445, -0.1578, -1.1201, -1.1270,  0.4590, -1.0254, -1.7539, -0.4077, -1.4971, -1.0840, -1.6768, -1.1445, -1.5508, -1.6270,\n        -0.9805,  0.0319, -0.7314, -0.6191, -1.5215,  0.0278, -0.6553, -0.4170, -1.1982, -1.8418, -0.5781, -0.8823, -0.5117, -0.6206, -0.6538, -0.7524,  0.6089, -0.6719, -0.4851,  0.0746, -1.2207, -0.8325,  0.7515,  0.0094, -1.8584, -1.0557, -0.2384, -1.2227,  0.1987, -0.1748])"", ""class"": ""BatchNorm2d"", ""eps"": 0.001}",multi,"[[1, 64, 20, 20]]",,,204800,3.033,33869,0.0879,4.806392,3.324782,0.292402,67.5,67.5,2400020480,2400030464,543,False,,
0426ec1a1d46e535,BatchNorm2d,"{""bias"": ""Parameter containing:\ntensor([ 0.3755, -1.1719, -0.6011,  0.5850, -0.5430, -0.4954, -1.1240, -0.6353, -0.5171, -0.4229, -1.1143,  0.1906, -0.1494,  0.3381, -0.2467, -0.5063, -1.1406, -0.8389,  0.0957, -0.0894, -0.0354, -0.1201, -1.2646,  0.2676, -0.5376, -0.5288,  0.1069,  1.6787, -0.5991,  1.1543,  1.1260, -0.4604, -0.7217, -0.7935,\n        -0.6992,  0.7837, -1.0684, -0.0505,  0.7251, -0.5635, -1.1387,  1.0303,  0.2654, -1.0742,  0.6919, -0.9976, -0.6479, -1.1924, -0.8750,  0.1234, -0.8281,  0.9023, -1.0674, -0.9111,  0.2357,  0.9849, -0.0996, -0.6611, -0.1993, -0.1357,  0.2404, -0.1146, -0.5278, -0.4150])"", ""class"": ""BatchNorm2d"", ""eps"": 0.001}",multi,"[[1, 64, 20, 20]]",,,204800,3.033,31122,0.0957,4.67617,3.19456,0.305756,67.0,67.5,2400027136,2400033792,541,False,,
84881397cd362a7d,BatchNorm2d,"{""bias"": ""Parameter containing:\ntensor([-1.1904e+00, -1.1797e+00, -1.1650e+00, -1.3330e-01, -1.1953e+00, -8.6475e-01, -1.8135e+00, -6.9336e-02, -9.0933e-04, -7.7197e-01,  3.8867e-01, -1.9248e+00, -6.9531e-01, -6.5039e-01, -1.2480e+00, -1.3584e+00,  5.7910e-01, -1.0449e+00, -6.9678e-01, -1.3242e+00, -4.4312e-01, -9.7314e-01, -3.2617e-01, -1.0869e+00,\n        -1.0898e+00, -1.0781e+00, -2.3584e-01, -5.1025e-01, -1.0703e+00, -8.4473e-01,  7.4219e-01, -1.5088e+00, -1.5898e+00, -1.2432e+00,  3.3081e-01, -1.4688e+00, -1.0791e+00, -3.5229e-01, -4.9341e-01, -1.0098e+00, -1.3262e+00, -1.1973e+00, -1.1377e+00, -1.5244e+00, -1.5195e+00, -5.7861e-01, -1.4697e+00, -9.3213e-01,\n        -1.0557e+00, -1.0215e+00,  5.7617e-01,  4.8462e-01, -1.0225e+00, -1.1562e+00, -1.3184e+00, -6.6504e-01, -4.4263e-01,  1.1680e+00, -1.2900e+00, -8.6182e-01, -1.1006e+00, -1.2344e+00, -9.8145e-01, -7.3584e-01])"", ""class"": ""BatchNorm2d"", ""eps"": 0.001}",multi,"[[1, 64, 20, 20]]",,,204800,3.035,33853,0.0879,4.783417,3.301807,0.290218,67.0,67.0,2400033792,2400023808,516,False,,
b8eaf247a01c7a88,BatchNorm2d,"{""bias"": ""Parameter containing:\ntensor([-0.3750, -0.2142,  0.3923, -0.9297,  0.8989, -0.3433, -0.4529, -0.3926,  0.5503, -0.3242,  1.2715,  1.5166, -0.2891, -0.1691,  0.2307,  0.2385, -0.0103,  1.0781,  0.0817, -0.0850,  0.2578,  0.2128,  0.7324,  0.2654,  0.8809,  1.1211, -0.4734,  0.7456, -0.3958, -0.2191,  1.2168, -1.2666, -0.6440, -0.2639,\n         1.2568,  0.6689,  0.8501,  0.2120,  1.2080,  0.1014,  0.2966, -0.3774,  0.4229,  1.2617, -0.1412,  0.1514, -0.0721, -0.4907, -0.0636,  0.1849,  0.7227, -0.0863,  0.2245, -0.5762, -0.0089, -0.4192, -0.6714,  0.8916, -0.4722, -0.5977,  0.6377, -0.3240,  0.7280,  0.8687])"", ""class"": ""BatchNorm2d"", ""eps"": 0.001}",multi,"[[1, 64, 20, 20]]",,,204800,3.033,35553,0.0838,4.90751,3.4259,0.287031,66.4,67.5,2400017408,2400020480,515,False,,
b3d3d746de5ca8f5,Conv2d,"{""bias"": null, ""class"": ""Conv2d"", ""dilation"": [1, 1], ""groups"": 1, ""in_channels"": 64, ""kernel_size"": [3, 3], ""out_channels"": 64, ""padding"": [1, 1], ""stride"": [1, 1]}",multi,"[[1, 64, 80, 80]]",,235929600,3276800,3.038,455,6.5593,5.076038,3.594428,23.576758,67.0,69.2,2400023808,2400020480,455,False,,
3e50598d4715fb80,BatchNorm2d,"{""bias"": ""Parameter containing:\ntensor([-1.1816,  0.7651, -0.7280, -0.4910, -0.9038,  1.0762, -0.1747, -0.3896, -1.2266, -0.7612, -0.9287, -0.0300, -1.0449, -0.1796, -1.1172, -0.7163, -0.6875, -0.1016, -0.8286, -0.9341,  0.0992,  0.9956, -1.3838, -0.6387, -0.2844, -0.7271, -1.3545, -0.4880, -0.0205,  1.0996, -0.5405, -1.1494, -0.2866, -1.1885,\n        -1.0859, -0.4331, -0.2502,  0.1478, -0.6294, -0.5034, -1.3955, -0.4897, -1.1709, -0.7935, -1.2480, -1.1621, -0.0284, -1.0205, -1.0518, -1.5996, -0.6240, -0.5000, -1.0225, -1.2891, -0.6069, -1.3018, -0.7114, -0.3167, -1.2402, -0.8198, -0.8423, -0.1372, -0.0707, -0.8149])"", ""class"": ""BatchNorm2d"", ""eps"": 0.001}",multi,"[[1, 64, 80, 80]]",,,3276800,3.034,11982,0.2486,5.698407,4.216797,1.04845,68.1,71.4,2400020480,2400020480,429,False,,
a1e60f75d4673c9d,BatchNorm2d,"{""bias"": ""Parameter containing:\ntensor([ 1.4590,  0.8252,  1.3965,  1.8828,  0.3359,  1.2178, -1.3066, -0.2585,  1.1963,  1.1143,  1.7920,  0.8613,  1.4541,  1.0000, -0.0259, -0.0314,  0.8052,  1.4727,  1.1982,  1.4336,  0.5688,  1.2383, -0.1687,  1.3047, -0.5127,  1.3369, -0.1472,  0.5122,  2.2871,  0.1871, -1.4199,  1.3799,  0.8770,  1.4951,\n         0.1650, -0.6509,  2.0723,  1.4756,  1.9082,  0.1738,  0.2749,  1.6885,  0.4519,  1.6123,  0.9658,  2.1074,  0.7017,  0.3962,  0.7842, -0.8447,  0.5581,  1.5928, -0.4990,  2.0391,  1.2275,  1.0889,  1.3359,  1.2061,  1.3086,  0.3379,  1.6807,  0.5044,  1.3037,  1.0811])"", ""class"": ""BatchNorm2d"", ""eps"": 0.001}",multi,"[[1, 64, 80, 80]]",,,3276800,3.034,11828,0.2519,5.759665,4.278055,1.077584,68.6,70.3,2400033792,2400027136,430,False,,
d87c100cce0eedff,Conv2d,"{""bias"": ""Parameter containing:\ntensor([ 2.1719,  2.2734,  2.1367,  1.7441,  1.9141,  1.4229,  1.2021,  1.2686,  1.0059,  0.6045,  0.2830,  0.0410, -0.0952, -0.1599, -0.1963,  0.3479,  2.1895,  2.3047,  2.3516,  2.1250,  1.7197,  1.7412,  1.5781,  1.1094,  0.6729,  0.4185,  0.2463,  0.0593, -0.1116, -0.2258, -0.2944,  0.0687,  2.4277,  2.3145,\n         2.3145,  2.1523,  1.8877,  1.5615,  1.3359,  0.9980,  0.6299,  0.3845,  0.1572, -0.0044, -0.1042, -0.1760, -0.2284,  0.3115,  1.7256,  1.9863,  2.0723,  2.2969,  2.2832,  1.7324,  1.4658,  1.1377,  0.8657,  0.6177,  0.2659,  0.0583, -0.0867, -0.2123, -0.3115,  0.0701])"", ""class"": ""Conv2d"", ""dilation"": [1, 1], ""groups"": 1, ""in_channels"": 64, ""kernel_size"": [1, 1], ""out_channels"": 64, ""padding"": [0, 0], ""stride"": [1, 1]}",multi,"[[1, 64, 80, 80]]",,26214400,3276800,3.037,823,3.6215,4.414098,2.932489,10.620028,69.2,67.5,2400023808,2400037120,440,False,,
b0f07601a28f4098,Conv2d,"{""bias"": null, ""class"": ""Conv2d"", ""dilation"": [1, 1], ""groups"": 1, ""in_channels"": 128, ""kernel_size"": [3, 3], ""out_channels"": 64, ""padding"": [1, 1], ""stride"": [1, 1]}",multi,"[[1, 128, 40, 40]]",,117964800,1228800,3.034,1084,2.7467,6.56337,5.08176,13.958276,67.0,70.3,2400027136,2400033792,432,False,,
d8ced436349e1ab2,BatchNorm2d,"{""bias"": ""Parameter containing:\ntensor([ 0.2593, -0.6162, -0.4912, -0.8628, -0.3845,  0.7852,  0.0730,  0.5259, -1.1592, -0.3884, -0.5991, -1.0547, -0.2927, -0.2346, -1.2080, -0.8774, -0.3530,  0.2913, -1.1299, -0.4819, -0.8276, -0.8701, -0.6860, -1.2783, -0.1855, -0.1523,  0.5640, -1.2822, -1.7578, -0.9097, -0.4858,  0.6719,  0.4595, -0.6836,\n        -0.6372, -0.3101, -0.0278,  0.2529, -1.3330, -0.1493, -0.1844, -0.9980, -1.2666,  0.4941, -0.6660,  0.0323,  0.1780, -0.6367, -1.9209, -1.0986, -1.1963,  0.2874, -0.6147,  0.3066,  0.1663, -0.6245, -1.9639, -0.2842, -0.2094, -0.3376, -0.1432,  0.0127,  0.0532, -0.2051])"", ""class"": ""BatchNorm2d"", ""eps"": 0.001}",multi,"[[1, 64, 40, 40]]",,,819200,3.034,23433,0.1271,5.349441,3.867831,0.491719,69.2,68.1,2400030464,2400027136,485,False,,
7dcfbda29846c883,Conv2d,"{""bias"": null, ""class"": ""Conv2d"", ""dilation"": [1, 1], ""groups"": 1, ""in_channels"": 64, ""kernel_size"": [3, 3], ""out_channels"": 64, ""padding"": [1, 1], ""stride"": [1, 1]}",multi,"[[1, 64, 40, 40]]",,58982400,819200,3.035,1901,1.5679,6.105264,4.623655,7.249424,68.6,70.8,2400023808,2400020480,473,False,,
8f9d3a2ba20a8209,BatchNorm2d,"{""bias"": ""Parameter containing:\ntensor([ 1.0781,  2.1133,  1.3672,  0.1259,  1.3574,  0.9683,  1.1533, -0.1439,  1.2139,  1.0342, -0.6714,  0.5586,  1.2148,  0.0198,  1.6670,  1.3818,  0.1508,  0.4131,  0.1750,  1.4404, -0.7075,  0.0022,  1.2725,  1.0654,  0.8438,  0.6973,  0.9199,  1.0342,  0.6206, -0.1814,  1.2002,  1.3643, -0.0306,  0.6909,\n        -0.7271,  0.3398,  1.3311,  0.8218,  0.5728,  1.1270,  1.5850,  1.3105, -0.0900,  0.2634,  0.1113, -0.3506,  1.1777,  1.0049,  1.2354,  1.5713, -0.0490,  1.0215,  0.4712,  0.3557,  1.1729,  0.4395,  1.0088,  0.9111, -0.0481,  1.1543, -0.0771,  0.5327,  0.7837,  0.8569])"", ""class"": ""BatchNorm2d"", ""eps"": 0.001}",multi,"[[1, 64, 40, 40]]",,,819200,3.034,28582,0.1042,5.438077,3.956467,0.412332,69.7,69.7,2400020480,2400020480,423,False,,
0bc1fe4f24cf382b,Conv2d,"{""bias"": ""Parameter containing:\ntensor([ 2.5215,  2.4746,  2.3809,  2.2383,  2.0879,  1.6211,  1.4238,  0.9688,  0.5371,  0.3447,  0.0954, -0.0402, -0.1599, -0.2598, -0.3237,  0.0460,  2.7695,  2.7383,  2.5547,  2.2383,  1.8887,  1.4727,  1.2402,  1.0488,  0.6689,  0.3853,  0.1530, -0.0482, -0.2200, -0.3223, -0.3979, -0.2119,  2.4668,  2.3906,\n         2.3496,  2.2754,  2.2520,  1.4707,  1.1943,  0.9829,  0.6499,  0.3818,  0.1639,  0.0089, -0.1371, -0.2368, -0.3020,  0.0632,  2.3418,  2.2656,  2.0215,  1.8789,  2.0645,  1.8037,  1.3682,  0.9746,  1.1064,  0.7549,  0.4226,  0.0891, -0.1653, -0.3391, -0.4167, -0.1913])"", ""class"": ""Conv2d"", ""dilation"": [1, 1], ""groups"": 1, ""in_channels"": 64, ""kernel_size"": [1, 1], ""out_channels"": 64, ""padding"": [0, 0], ""stride"": [1, 1]}",multi,"[[1, 64, 40, 40]]",,6553600,819200,3.035,4657,0.6399,5.403484,3.921875,2.509604,69.2,69.7,2400033792,2400033792,428,False,,
4c7e6de9dc310050,Conv2d,"{""bias"": null, ""class"": ""Conv2d"", ""dilation"": [1, 1], ""groups"": 1, ""in_channels"": 256, ""kernel_size"": [3, 3], ""out_channels"": 64, ""padding"": [1, 1], ""stride"": [1, 1]}",multi,"[[1, 256, 20, 20]]",,58982400,512000,3.034,1700,1.7514,5.695058,4.213449,7.379574,69.7,70.3,2400033792,2400023808,467,False,,
f4327cd3eb56cb0d,BatchNorm2d,"{""bias"": ""Parameter containing:\ntensor([-0.7070, -0.9761, -0.8794, -0.7334, -0.7339, -0.0895, -1.4414, -0.3391, -0.5679,  0.2966,  0.1833, -0.8394, -0.1851, -1.7080,  0.1666, -0.8154,  0.3269, -0.3596,  0.0402,  0.3857, -0.0401, -1.0732, -0.7476, -1.0127, -1.5859, -0.6309,  0.2864,  0.1873, -1.6611, -0.3643, -0.4617,  0.2861, -1.3242, -0.1503,\n         0.0147,  0.8271,  0.0194, -0.4504, -0.4900, -0.9839, -0.7817,  0.2715,  1.2441,  0.1422, -0.5034, -0.9414, -0.3098,  0.1764,  0.2037, -0.0415,  0.3381, -0.9131, -1.1035, -0.1605, -0.8867, -1.0400, -0.2334,  0.1919,  0.3398, -0.1231,  0.5503,  0.2415, -0.6406, -0.2612])"", ""class"": ""BatchNorm2d"", ""eps"": 0.001}",multi,"[[1, 64, 20, 20]]",,,204800,3.034,32193,0.0925,4.816872,3.335262,0.308625,70.8,69.2,2400023808,2400027136,538,False,,
9650d8d2b772be90,BatchNorm2d,"{""bias"": ""Parameter containing:\ntensor([ 1.0762,  1.0225,  0.8755,  1.1309,  0.7563,  1.1602,  1.5586,  0.9253,  1.0605, -0.2399,  1.5166,  0.7412,  1.2725,  0.8569, -0.2234,  1.3887,  1.1104,  1.5205,  1.0361,  0.7944,  0.7529,  1.2129, -0.0978, -0.0050,  1.1963,  0.1365,  0.6611, -0.5713,  0.1910,  0.8799,  1.5908, -0.1648,  0.7334,  1.4170,\n         1.5381,  0.3992, -0.5044,  0.9927, -0.0477,  0.4880,  1.2383,  1.1943,  0.2546, -0.8467,  1.5039,  1.1221,  1.4336,  1.4922,  1.2402, -0.0113,  1.1465,  0.2971,  0.0263,  0.5063,  1.8613,  1.6123,  0.9146,  0.5386,  1.2070,  0.9312,  1.0752,  0.9307, -0.3848,  0.8423])"", ""class"": ""BatchNorm2d"", ""eps"": 0.001}",multi,"[[1, 64, 20, 20]]",,,204800,3.035,42351,0.0703,5.219335,3.737725,0.262938,67.5,68.6,2400020480,2400027136,427,False,,
d04c13d3c1c1c73c,Conv2d,"{""bias"": ""Parameter containing:\ntensor([ 2.8359,  2.7637,  2.4863,  2.3184,  1.8438,  1.4697,  0.9907,  0.7017,  0.5220,  0.3689,  0.0905,  0.0476, -0.0111, -0.0400, -0.2079, -0.2239,  2.0488,  2.0996,  1.9707,  2.0918,  1.8516,  1.7607,  1.6924,  1.4229,  1.0889,  0.4446,  0.1055,  0.1426, -0.0442, -0.1893, -0.2407, -0.2812,  2.6973,  2.6328,\n         2.4434,  2.1758,  2.0234,  1.6182,  0.8975,  0.7739,  0.6445,  0.3506,  0.1141,  0.2581, -0.0172, -0.1853, -0.2273, -0.2250,  1.9600,  2.0000,  2.1465,  2.1445,  2.1719,  1.9580,  1.7305,  1.0723,  0.8838,  0.6191,  0.2029, -0.0732, -0.2559, -0.1525, -0.1847, -0.2542])"", ""class"": ""Conv2d"", ""dilation"": [1, 1], ""groups"": 1, ""in_channels"": 64, ""kernel_size"": [1, 1], ""out_channels"": 64, ""padding"": [0, 0], ""stride"": [1, 1]}",multi,"[[1, 64, 20, 20]]",,1638400,204800,3.035,7851,0.3796,5.174139,3.692529,1.401621,68.6,69.2,2400023808,2400017408,471,False,,
e46f8b507b32375c,Conv2d,"{""bias"": null, ""class"": ""Conv2d"", ""dilation"": [1, 1], ""groups"": 64, ""in_channels"": 64, ""kernel_size"": [3, 3], ""out_channels"": 64, ""padding"": [1, 1], ""stride"": [1, 1]}",multi,"[[1, 64, 80, 80]]",,3686400,3276800,3.04,850,3.4992,4.255587,2.773977,9.706605,67.5,67.0,2400030464,2400027136,433,False,,
5ce872c82979b7f8,BatchNorm2d,"{""bias"": ""Parameter containing:\ntensor([ 0.3347,  2.1660,  0.4697, -0.1250,  0.3499,  1.0625,  2.4395,  2.1094,  1.9316,  0.8511,  2.4746, -0.4805,  1.7402,  1.3438,  2.5547,  0.3643,  0.5552,  1.6660, -1.4922,  1.6807,  3.8340,  0.2937, -0.0236,  2.3516,  2.2734,  1.6953,  1.8867, -0.0270, -0.6484,  1.8994,  0.3357,  1.7432,  0.9067,  0.0853,\n         2.3379,  1.7021,  0.9644,  2.0254,  1.1768,  1.2324,  2.4863,  1.1494,  1.9141,  2.1641,  0.3953,  0.9575,  0.8008, -0.3938,  2.4766,  0.9834,  2.1230, -0.0571, -1.0293,  0.5430, -0.5293,  1.6074,  0.5391,  2.4746,  2.5742, -0.4153,  1.4863,  1.2246, -0.8530,  1.6865])"", ""class"": ""BatchNorm2d"", ""eps"": 0.001}",multi,"[[1, 64, 80, 80]]",,,3276800,3.035,11870,0.251,5.71425,4.23264,1.062415,66.4,69.2,2400020480,2400020480,431,False,,
2146d5ca5d465a14,Conv2d,"{""bias"": null, ""class"": ""Conv2d"", ""dilation"": [1, 1], ""groups"": 1, ""in_channels"": 64, ""kernel_size"": [1, 1], ""out_channels"": 80, ""padding"": [0, 0], ""stride"": [1, 1]}",multi,"[[1, 64, 80, 80]]",,32768000,3686400,3.038,727,4.1034,4.193441,2.711831,11.127633,70.3,67.5,2400027136,2400027136,448,False,,
133b785566a0d79d,BatchNorm2d,"{""bias"": ""Parameter containing:\ntensor([-0.2009, -0.1953, -0.9761,  0.9463,  0.1145, -0.2134, -0.4832,  0.0613, -0.2637, -0.1768, -1.2881, -0.3892,  0.0717,  0.4927, -2.1836,  0.2279,  0.4424,  0.2069, -0.8135,  0.5020,  0.4587, -0.8271,  1.1084, -0.0585, -0.4932, -0.9077, -0.5742,  0.1436,  0.7671,  0.2734, -1.4053, -0.0869,  0.3955, -0.8125,\n        -1.4941,  0.5361, -0.8198,  0.3396, -2.6953, -0.5444,  0.1050,  0.0923,  0.3040,  0.2306,  0.5786, -1.1514,  0.0111, -0.0543,  0.3967, -2.6914, -0.1467, -1.5596,  0.1782,  0.0300,  0.8984, -0.7964, -0.8633,  0.5488, -0.2220,  1.0459, -0.3105, -0.3589,  0.3376, -0.3804, -0.3525, -0.2937,  2.1953, -0.1440,\n        -1.0625, -0.2615,  0.5947,  0.8120, -0.0917, -0.3684, -0.2003, -0.3450, -0.1470, -1.4551,  0.3665,  0.3008])"", ""class"": ""BatchNorm2d"", ""eps"": 0.001}",multi,"[[1, 80, 80, 80]]",,,4096000,3.035,8111,0.3674,5.582067,4.100457,1.506563,67.0,68.6,2400020480,2400030464,417,False,,
2cdc9ddaf88c2a51,Conv2d,"{""bias"": null, ""class"": ""Conv2d"", ""dilation"": [1, 1], ""groups"": 80, ""in_channels"": 80, ""kernel_size"": [3, 3], ""out_channels"": 80, ""padding"": [1, 1], ""stride"": [1, 1]}",multi,"[[1, 80, 80, 80]]",,4608000,4096000,3.037,700,4.2597,4.162373,2.680763,11.419131,68.6,66.4,2400027136,2400027136,431,False,,
4105ae91a81aefa9,BatchNorm2d,"{""bias"": ""Parameter containing:\ntensor([-0.3872,  1.9512,  0.9634,  0.7959,  1.0869,  1.6387,  1.6484,  1.5000,  0.8091,  1.3477,  1.0645,  1.5654,  0.8701, -0.3479,  1.6230,  1.0020,  1.2373,  0.0614,  1.4326,  1.9805,  0.9219,  1.0244,  0.0843,  1.3076,  1.5762,  0.7705,  1.1816,  1.5996, -0.2698,  1.4805,  1.3271,  1.4736,  1.1455,  1.2754,\n         1.6006,  1.2051,  1.0400, -0.7354, -1.0312,  0.2283,  1.1777,  1.4004,  1.2998,  1.4463,  0.9482,  1.0996,  0.5117,  1.4863, -0.1270, -0.5381,  0.8740,  0.8164,  1.7861,  0.6948,  0.1545,  1.8281,  0.3679, -0.1301,  1.7002,  0.5405,  1.0840,  1.0449,  0.2910,  0.7891,  1.2559,  0.6880,  0.9214,  0.8862,\n         1.2861,  0.8799,  1.3037, -0.2798,  1.8555,  1.6035,  2.5762,  0.8521,  1.2705,  1.2988,  0.9497,  1.1270])"", ""class"": ""BatchNorm2d"", ""eps"": 0.001}",multi,"[[1, 80, 80, 80]]",,,4096000,3.035,8465,0.352,5.535316,4.053706,1.427092,67.5,69.2,2400023808,2400033792,437,False,,
c1db1b0976f01fb1,Conv2d,"{""bias"": null, ""class"": ""Conv2d"", ""dilation"": [1, 1], ""groups"": 1, ""in_channels"": 80, ""kernel_size"": [1, 1], ""out_channels"": 80, ""padding"": [0, 0], ""stride"": [1, 1]}",multi,"[[1, 80, 80, 80]]",,40960000,4096000,3.035,683,4.3629,4.259843,2.778233,12.121251,68.1,67.0,2400027136,2400020480,435,False,,
c8fb57eaaf2fb5e7,BatchNorm2d,"{""bias"": ""Parameter containing:\ntensor([ 1.0938,  4.7266, -0.7642,  0.8774,  3.8340,  0.4485, -0.5298,  0.9390, -0.5103,  1.4160, -0.3792, -0.0425,  0.2324,  1.4336, -0.1097, -0.0825, -0.1991, -0.1803,  0.0326, -0.6323,  0.3992, -0.1367,  0.1544, -0.5771, -0.1028,  0.2169,  6.3203,  0.7998,  6.6836,  2.3359,  0.1461, -0.1814,  0.9712, -0.1754,\n         5.1484,  3.5684,  0.4651,  1.5654,  3.3555, -0.3269,  5.0508, -0.6455, -0.3594,  2.8027,  4.7461, -0.8433,  0.4124, -0.3677,  0.2017,  1.1416,  3.0195,  0.5977,  0.1259,  0.1740, -0.1003,  4.9609, -0.1177,  4.5820, -0.0323,  0.4634,  4.0000,  0.9707, -0.3403,  0.1501,  3.5469,  4.1719, -1.0020,  0.1198,\n         1.4600, -0.4573,  2.2910,  2.2734,  1.4102,  4.6250,  4.4414,  2.2617, -0.5645, -0.4768, -0.1181,  0.9214])"", ""class"": ""BatchNorm2d"", ""eps"": 0.001}",multi,"[[1, 80, 80, 80]]",,,4096000,3.035,8918,0.3341,5.786174,4.304565,1.438357,66.4,69.7,2400017408,2400020480,408,False,,
ca382259cd96b779,Conv2d,"{""bias"": ""Parameter containing:\ntensor([ -6.9141, -11.6094, -10.1172, -11.7812, -12.4766, -12.5859, -12.6875, -11.7812, -11.8125, -11.2188, -12.6719, -12.3359, -12.6719, -11.1406, -10.6250, -11.8047, -11.7422, -12.0625, -11.3984, -11.7109, -11.9531, -12.6797, -12.4375, -12.5156, -11.2422, -10.9609, -10.7969, -11.6719, -11.1328, -11.9609, -12.1484,\n        -12.5000, -11.9219, -12.3750, -12.2031, -12.1719, -12.0234, -11.8203, -12.0469,  -9.4609, -11.7734, -10.1562, -11.7344, -11.6250, -11.6797, -10.5312, -10.4062, -11.1016, -11.9531, -11.2578, -11.4062, -11.0312, -12.0234, -12.2031, -10.8125, -11.2344,  -9.3359, -12.4141, -11.2422, -12.4141, -11.2812, -12.0469,\n        -11.8672, -12.1719, -12.4922, -11.6562, -12.5000, -11.5000, -12.6250, -12.4531, -12.9922, -11.8516, -12.6016,  -9.5469, -11.0859, -11.5625, -11.9453, -11.0547, -12.5859, -12.1328])"", ""class"": ""Conv2d"", ""dilation"": [1, 1], ""groups"": 1, ""in_channels"": 80, ""kernel_size"": [1, 1], ""out_channels"": 80, ""padding"": [0, 0], ""stride"": [1, 1]}",multi,"[[1, 80, 80, 80]]",,40960000,4096000,3.037,657,4.534,4.237221,2.755611,12.493855,69.2,67.0,2400030464,2400020480,434,False,,
306c28310e6ff2eb,Conv2d,"{""bias"": null, ""class"": ""Conv2d"", ""dilation"": [1, 1], ""groups"": 128, ""in_channels"": 128, ""kernel_size"": [3, 3], ""out_channels"": 128, ""padding"": [1, 1], ""stride"": [1, 1]}",multi,"[[1, 128, 40, 40]]",,1843200,1638400,3.039,1667,1.7855,4.610711,3.129101,5.587091,68.1,67.0,2400017408,2400027136,530,False,,
12c8bcc7784ae62f,BatchNorm2d,"{""bias"": ""Parameter containing:\ntensor([ 1.6221,  1.0713,  1.4629,  0.8511,  0.4485,  1.0840,  0.8281, -0.0606,  0.2059,  0.3806,  0.4519, -0.1082, -0.0574, -0.5918,  2.0488,  1.3086,  1.0488,  0.5386,  0.1930,  1.6826,  0.3154,  0.5439, -0.2031,  0.0793,  0.1059, -0.3276, -0.9771,  0.1033,  1.8643,  0.2159,  0.3833,  0.2776, -0.2448,  0.4143,\n         0.3054,  0.3840,  1.7432, -0.4204,  0.3477,  0.8149,  0.9243,  0.3638, -0.0347,  0.0945,  1.9346,  0.0189,  1.3730, -0.0798,  1.5537, -0.2118,  0.0087,  1.0029,  1.1680,  0.0149,  1.8779, -0.3806,  1.7109,  1.7588, -0.4194,  0.3020,  0.3540,  0.2500,  0.4131,  1.0400,  1.6943,  0.2637, -0.8096,  0.9233,\n        -0.4609,  0.3367,  0.1931, -0.5854,  0.8052,  0.4788,  0.8604,  2.0000, -0.4985,  0.8257,  0.0412,  1.9951, -0.5122,  0.1738,  0.2542,  0.5835, -0.2664, -0.8271, -0.6084,  0.2937,  1.6006,  0.3704, -0.3806,  1.0293,  1.2559, -0.1365,  1.9082,  1.3330, -0.0920,  0.8262,  2.0312,  1.4033,  1.8896, -0.6016,\n        -0.1082,  0.2089,  0.4333,  0.3850,  0.0493,  1.2607,  1.7422,  0.5308, -0.4062,  1.7969,  0.3691,  1.7188,  0.6392,  0.4575,  0.3647,  0.1042,  1.6016, -0.2964,  0.1334,  0.6528, -0.3054,  1.8438,  0.8257,  0.2908, -0.1047,  0.2177])"", ""class"": ""BatchNorm2d"", ""eps"": 0.001}",multi,"[[1, 128, 40, 40]]",,,1638400,3.036,19283,0.1545,5.417936,3.936326,0.608103,65.9,68.6,2400030464,2400027136,432,False,,
f013c005cbb7af24,Conv2d,"{""bias"": null, ""class"": ""Conv2d"", ""dilation"": [1, 1], ""groups"": 1, ""in_channels"": 128, ""kernel_size"": [1, 1], ""out_channels"": 80, ""padding"": [0, 0], ""stride"": [1, 1]}",multi,"[[1, 128, 40, 40]]",,16384000,1331200,3.039,2475,1.2047,5.082792,3.601182,4.338258,68.6,68.6,2400033792,2400037120,540,False,,
944c1c8de9bd65b0,BatchNorm2d,"{""bias"": ""Parameter containing:\ntensor([ 0.4050,  0.6489, -1.4141,  0.0050, -1.1533,  0.3101, -0.2217,  0.1580,  0.4490,  0.3430, -0.2598,  0.6519,  0.3533, -2.7051,  0.0862, -0.5962, -0.4734,  0.6113,  0.3474, -0.0259,  0.4473,  0.3157,  0.4321,  0.4978, -0.4343,  0.1569, -1.8369,  0.0283, -0.0387, -0.3452,  0.3904,  0.2216, -0.0180, -0.0363,\n        -0.0124,  0.4766, -0.6836, -1.4502,  0.2781,  0.5371, -0.1013,  0.4636, -0.6108,  0.1841,  0.1691,  0.1749, -0.3394,  0.6987,  0.3228, -1.0186,  0.1512,  0.2571, -0.1707,  0.5396,  0.3774,  0.3567,  0.2510,  0.2372,  0.4663, -1.1514,  0.2817,  0.5283, -0.9980,  0.4602,  0.5337, -0.2520, -0.9595,  0.4426,\n        -2.6055, -1.5303, -1.0029,  0.2134,  0.2859, -0.8369,  0.1851,  0.4744, -0.0326,  1.1738, -0.4099,  0.7627])"", ""class"": ""BatchNorm2d"", ""eps"": 0.001}",multi,"[[1, 80, 40, 40]]",,,1024000,3.036,19078,0.1562,5.266469,3.784859,0.591098,68.6,68.1,2400033792,2400033792,451,False,,
02e3235f7cad86c0,Conv2d,"{""bias"": null, ""class"": ""Conv2d"", ""dilation"": [1, 1], ""groups"": 80, ""in_channels"": 80, ""kernel_size"": [3, 3], ""out_channels"": 80, ""padding"": [1, 1], ""stride"": [1, 1]}",multi,"[[1, 80, 40, 40]]",,1152000,1024000,3.04,4297,0.693,5.11559,3.63398,2.518524,68.6,68.1,2400020480,2400027136,403,False,,
81c65530b8575298,BatchNorm2d,"{""bias"": ""Parameter containing:\ntensor([ 0.8555,  0.5483,  0.6431,  0.1846, -0.1009,  1.2832,  0.4277,  1.2324, -1.0566,  1.0439,  0.5801,  1.0723,  0.9883, -1.5947,  0.8325,  0.4121,  1.3105,  0.9175,  0.5854,  1.1152, -1.2285,  0.8711,  1.1006,  1.4766,  0.2852,  1.2949, -1.8076,  0.6060,  1.2197,  0.8486,  0.3552,  1.7959,  1.0840,  0.1261,\n         0.7812,  1.4541,  0.6660,  0.5391,  1.0186,  1.5615,  0.7344,  1.3955,  0.1453,  1.6631, -1.2344,  1.5078,  0.2607,  0.9575,  1.2666,  0.7729,  0.8823,  0.5688,  1.0703,  0.9878,  0.9370,  1.2402,  0.9414,  0.9648,  0.9141,  0.7134,  1.5078,  0.7891,  1.4395,  0.4033,  0.8516,  1.3203,  1.5508,  1.5312,\n        -1.3770,  1.0723,  0.0496,  1.1348,  0.8657,  1.1621,  1.3682,  0.6582,  1.2959, -0.5596,  0.7925,  0.5811])"", ""class"": ""BatchNorm2d"", ""eps"": 0.001}",multi,"[[1, 80, 40, 40]]",,,1024000,3.036,18394,0.1619,5.24395,3.76234,0.609294,67.5,69.2,2400020480,2400033792,452,False,,
62fc23829a42a565,Conv2d,"{""bias"": null, ""class"": ""Conv2d"", ""dilation"": [1, 1], ""groups"": 1, ""in_channels"": 80, ""kernel_size"": [1, 1], ""out_channels"": 80, ""padding"": [0, 0], ""stride"": [1, 1]}",multi,"[[1, 80, 40, 40]]",,10240000,1024000,3.036,3523,0.8458,5.413009,3.931399,3.32522,69.2,68.6,2400033792,2400033792,397,False,,
6d7e4c50bc9c1bab,BatchNorm2d,"{""bias"": ""Parameter containing:\ntensor([-0.6777,  0.9121,  1.7256,  0.1405, -0.4556, -0.3806,  0.2306, -0.1429,  5.1719,  0.4685,  4.1406,  0.1981,  0.1963,  6.6523,  0.7954,  3.7891,  0.2881, -0.1816,  0.0360, -0.3083,  0.5737,  1.3730,  0.2986,  1.2998,  3.5273,  1.6729,  2.0566,  0.0892, -0.3784, -0.7720,  0.1986,  0.2527,  0.3152,  3.9746,\n         2.1875,  1.5137,  2.9883,  1.3994, -0.1829,  0.1420,  3.0703,  1.2715, -0.0199,  0.4019, -0.2126,  0.7500, -0.1124,  1.0518, -0.2629,  7.0977,  2.5137,  0.7622,  0.4692,  0.4451,  0.8926,  0.0658,  0.5571,  3.8184,  2.5723,  1.3623,  3.7832,  1.3926,  0.2061,  4.1797, -0.3054,  4.3242, -0.3794, -0.0887,\n         1.7197,  1.6123,  2.4902,  0.9600,  2.3691,  0.0770,  0.9976,  0.0461,  0.4094,  0.1246,  2.8867,  2.8496])"", ""class"": ""BatchNorm2d"", ""eps"": 0.001}",multi,"[[1, 80, 40, 40]]",,,1024000,3.036,20051,0.1486,5.385401,3.903791,0.579988,68.1,69.2,2400023808,2400033792,417,False,,
6940fb001c4c90b3,Conv2d,"{""bias"": ""Parameter containing:\ntensor([ -6.3242, -10.5781,  -9.0547, -10.3672, -10.8125, -10.8281, -10.5547,  -9.9453, -10.4141, -10.5078, -10.9844, -11.3359, -11.1406, -10.0234,  -9.7266,  -9.9688, -10.0391, -10.3984, -10.3281, -10.2344, -10.4062, -10.9844, -10.9141, -10.7969, -10.3672,  -9.4844,  -9.8359, -10.7344, -10.0625, -11.1250, -10.7422,\n        -10.9609, -11.3438, -10.8125, -10.7734, -11.3359, -10.6016, -10.2969, -10.7969,  -9.4844, -10.5234,  -9.3281, -10.7422, -10.3828, -10.5391,  -9.2109,  -9.5469, -10.0547, -10.3672, -10.2031, -10.4922, -10.5234, -10.7422, -10.9375,  -9.7891, -10.0078,  -8.5781, -10.2734,  -9.9297, -10.4297,  -9.7969, -10.4922,\n        -10.2656, -10.5078, -11.3516, -10.8359, -10.9141, -10.7031, -11.0781, -10.7812, -11.4688, -10.3125, -10.6797,  -9.4609, -10.5781, -10.3359, -10.6328,  -9.9844, -11.1797, -10.6484])"", ""class"": ""Conv2d"", ""dilation"": [1, 1], ""groups"": 1, ""in_channels"": 80, ""kernel_size"": [1, 1], ""out_channels"": 80, ""padding"": [0, 0], ""stride"": [1, 1]}",multi,"[[1, 80, 40, 40]]",,10240000,1024000,3.037,3560,0.8372,5.650874,4.169264,3.490476,67.0,69.2,2400023808,2400027136,404,False,,
604e7bd8dd66b66f,Conv2d,"{""bias"": null, ""class"": ""Conv2d"", ""dilation"": [1, 1], ""groups"": 256, ""in_channels"": 256, ""kernel_size"": [3, 3], ""out_channels"": 256, ""padding"": [1, 1], ""stride"": [1, 1]}",multi,"[[1, 256, 20, 20]]",,921600,819200,3.037,4228,0.7048,4.887937,3.406327,2.400949,68.1,68.6,2400033792,2400020480,451,False,,
7f077b69b6ed6b5b,BatchNorm2d,"{""bias"": ""Parameter containing:\ntensor([-5.5176e-02, -2.8198e-01,  8.6768e-01,  7.3340e-01,  5.2783e-01,  8.9661e-02,  2.2974e-01,  3.0469e-01, -1.2962e-02,  5.9375e-01,  4.4507e-01,  9.2697e-04,  2.8418e-01,  4.8218e-01, -6.5918e-02,  1.0248e-01,  2.3218e-01, -2.0508e-01,  1.1798e-01,  2.4976e-01,  6.4844e-01,  3.8574e-01,  2.4182e-01,  1.3184e-01,\n        -2.3730e-01,  3.9819e-01, -2.0068e-01, -1.0645e-01,  5.3662e-01, -1.2047e-02,  5.1904e-01, -3.2617e-01, -3.8867e-01,  2.4573e-01,  7.0850e-01,  6.5088e-01,  7.3242e-02,  6.2981e-03,  8.8196e-02,  7.8076e-01, -8.7952e-02, -1.4490e-01,  4.7241e-02,  1.7786e-01,  7.6807e-01,  2.3346e-02,  3.3234e-02,  3.9819e-01,\n         1.1993e-01,  3.9459e-02,  2.3132e-01,  2.3584e-01,  1.8530e-01, -2.3816e-01,  1.7590e-01,  2.3682e-01, -1.6525e-02,  8.7598e-01, -1.4832e-01,  1.0068e+00,  6.4600e-01, -2.3535e-01, -4.6539e-02,  2.5684e-01, -6.7200e-02, -4.6173e-02, -2.8152e-03,  3.0566e-01, -2.0605e-01, -2.1448e-01, -1.5552e-01, -3.9233e-01,\n         1.5112e-01, -7.6752e-03,  1.7432e-01, -2.2034e-01, -5.2832e-01,  6.8555e-01, -4.7913e-02, -1.0986e-01,  6.7322e-02, -5.6885e-02, -1.3721e-01, -4.3115e-01, -3.0566e-01,  7.4768e-02, -3.4717e-01, -7.3486e-02,  1.2421e-01,  6.5771e-01, -9.4910e-02, -8.2397e-02, -1.6663e-01,  8.4424e-01,  9.2529e-02,  2.1997e-01,\n         6.5137e-01,  3.6133e-01,  8.9600e-01,  1.4252e-02,  5.1727e-02, -5.8319e-02,  6.9043e-01, -3.9246e-02, -3.1714e-01,  3.8940e-01,  9.4141e-01,  4.2480e-02, -2.9816e-02,  2.9199e-01, -2.2107e-01, -2.4390e-01,  7.1973e-01,  1.6895e-01, -2.2327e-01, -3.6304e-01,  4.8920e-02,  3.0615e-01, -7.4170e-01,  1.2006e-01,\n         1.3074e-01,  6.3574e-01,  3.0737e-01, -6.2500e-02, -1.7609e-02,  8.2397e-04,  2.9785e-02,  9.1650e-01, -2.3779e-01, -1.3538e-01, -2.9224e-01, -1.0773e-01,  1.3926e+00, -6.4087e-02,  3.5095e-03,  5.2197e-01,  9.4238e-02,  5.8984e-01, -3.3813e-01, -3.0542e-01,  7.4219e-02,  6.3525e-01,  6.8750e-01,  2.0370e-02,\n         3.9600e-01,  3.9612e-02, -1.2091e-01,  5.1660e-01, -1.6602e-01,  1.1609e-01, -3.3105e-01, -1.6211e-01,  3.6548e-01,  2.3861e-03,  7.5977e-01,  8.9160e-01, -1.7815e-03,  3.7360e-04, -5.1544e-02, -3.5889e-01, -5.4108e-02, -7.3730e-02,  1.3171e-01,  3.0005e-01,  6.6589e-02,  5.0537e-01,  3.6011e-01,  9.0881e-02,\n        -6.5186e-01, -5.9863e-01,  5.2832e-01, -1.3916e-01,  2.2217e-01,  6.8799e-01, -1.8506e-01, -5.3864e-02,  3.4375e-01, -7.4089e-05,  5.7648e-02, -2.8174e-01,  4.0088e-01, -1.4502e-01,  6.8701e-01, -8.2581e-02,  1.9751e-01,  3.1226e-01,  5.1361e-02, -1.7273e-01, -5.9277e-01, -3.7292e-02,  7.0419e-03,  6.5137e-01,\n         2.1252e-01, -3.5962e-01, -1.9373e-01, -2.4084e-01, -4.3488e-02, -1.0638e-01,  1.2295e+00,  5.0537e-01,  6.8945e-01,  1.0928e+00,  2.4750e-02, -1.0284e-01, -8.7433e-03,  7.1655e-02,  6.8555e-01,  5.2441e-01,  9.6631e-01,  2.2266e-01,  4.9835e-02,  1.2581e-02, -1.1359e-01, -2.6929e-01,  5.4395e-01,  6.5613e-02,\n        -2.5488e-01,  2.6025e-01,  1.0986e+00,  8.2764e-01,  2.1826e-01,  4.6387e-01, -1.4392e-01,  2.3956e-02,  9.9365e-02,  1.5906e-01,  2.1143e-01,  8.1848e-02,  5.0964e-03, -9.5093e-02, -1.2988e-01, -4.0259e-01,  1.4442e-02,  7.9651e-02, -1.7725e-01,  8.8477e-01, -8.0322e-02, -4.2480e-01,  6.0449e-01,  6.2988e-01,\n        -5.5237e-02,  1.8506e-01,  5.4443e-01, -3.4119e-02,  6.5723e-01,  2.5684e-01,  1.7664e-01, -2.8442e-01,  2.7832e-01,  2.5415e-01,  2.1655e-01,  8.0371e-01,  1.6861e-02,  1.2524e-01,  6.5381e-01, -3.1958e-01])"", ""class"": ""BatchNorm2d"", ""eps"": 0.001}",multi,"[[1, 256, 20, 20]]",,,819200,3.036,26072,0.1143,5.180901,3.699291,0.422699,67.0,69.7,2400017408,2400027136,459,False,,
6e2b00bfca4e23b4,Conv2d,"{""bias"": null, ""class"": ""Conv2d"", ""dilation"": [1, 1], ""groups"": 1, ""in_channels"": 256, ""kernel_size"": [1, 1], ""out_channels"": 80, ""padding"": [0, 0], ""stride"": [1, 1]}",multi,"[[1, 256, 20, 20]]",,8192000,537600,3.038,5763,0.5173,5.559176,4.077566,2.109162,68.6,70.3,2400023808,2400027136,413,False,,
2b858a01a0c5102b,BatchNorm2d,"{""bias"": ""Parameter containing:\ntensor([-5.4736e-01, -2.7148e+00,  4.1235e-01, -1.9580e+00,  3.0005e-01,  4.2578e-01, -2.1680e-01,  3.8232e-01,  4.0820e-01,  5.5762e-01,  1.8677e-01, -1.3135e+00,  1.8909e-01,  3.5718e-01, -1.6357e-01, -1.8984e+00,  5.3809e-01,  3.8232e-01, -5.5206e-02, -3.4277e-01,  7.7576e-02, -1.0498e-01, -1.5918e-01,  2.3596e-01,\n         1.8506e-01,  1.7737e-01,  8.0029e-01,  1.4868e-01,  4.3793e-02,  3.6768e-01,  3.2861e-01, -5.0842e-02, -2.3950e-01, -2.8882e-01,  7.4170e-01, -4.3726e-01,  3.3008e-01, -5.4047e-02, -2.2207e+00,  7.1655e-02,  4.9585e-01, -8.8623e-01,  3.3789e-01,  2.6733e-01,  2.3340e-01,  5.4395e-01,  1.4766e+00,  1.9849e-01,\n        -3.2446e-01,  2.0435e-01,  4.5728e-01,  3.5327e-01, -1.1475e-01,  6.1035e-01, -7.2571e-02,  4.8462e-02,  9.0576e-02, -1.5417e-01, -2.2988e+00,  1.2573e-01,  1.7542e-01,  3.5229e-01,  1.7847e-01,  6.9287e-01,  3.0542e-01,  1.2493e-03, -4.1309e-01,  4.9414e-01, -2.7417e-01,  1.4580e-02, -8.8232e-01,  4.1772e-01,\n         1.6089e-01,  3.7256e-01, -7.2388e-02,  2.4475e-01,  5.3864e-02,  5.8197e-02,  2.7557e-02, -2.1899e-01])"", ""class"": ""BatchNorm2d"", ""eps"": 0.001}",multi,"[[1, 80, 20, 20]]",,,256000,3.037,36789,0.081,5.086852,3.605242,0.292043,68.6,68.1,2400023808,2400033792,459,False,,
aa61ed83b479a6e0,Conv2d,"{""bias"": null, ""class"": ""Conv2d"", ""dilation"": [1, 1], ""groups"": 80, ""in_channels"": 80, ""kernel_size"": [3, 3], ""out_channels"": 80, ""padding"": [1, 1], ""stride"": [1, 1]}",multi,"[[1, 80, 20, 20]]",,288000,256000,3.037,9051,0.3293,5.231797,3.750187,1.234817,68.6,68.6,2400020480,2400037120,485,False,,
129388776aa96f61,BatchNorm2d,"{""bias"": ""Parameter containing:\ntensor([ 0.6343, -1.4971, -0.0093, -0.8931,  1.2559,  0.8628,  0.3101,  1.2920,  1.3076,  1.2686,  1.0967,  1.5361,  1.4346,  1.0000,  1.3477, -1.3789,  0.9121,  1.4229,  1.0928,  1.2383,  0.8853,  0.2698,  0.1818,  1.3379,  0.9702,  0.8442,  1.5713,  1.1152,  1.0625,  0.8335,  0.9604, -0.1691, -0.5234, -0.5767,\n        -0.9014,  0.8682,  0.9775,  1.2383, -1.5186,  0.7261, -0.9438,  1.2607,  1.0303,  0.3152,  1.2070,  0.7051,  0.5796,  0.8853,  0.9111,  0.8384,  1.1973,  1.5840,  0.9546,  1.4307,  1.1270,  1.0771, -1.0039,  0.8198, -1.4170, -0.6797,  0.8823,  1.0820,  1.2412,  0.3127,  0.9253,  1.4834,  0.9189,  1.3604,\n         0.2981,  0.9873, -0.3706,  1.4395,  1.2158,  1.3320,  0.7666,  0.9902,  0.5312,  0.9512,  1.2305,  0.8145])"", ""class"": ""BatchNorm2d"", ""eps"": 0.001}",multi,"[[1, 80, 20, 20]]",,,256000,3.037,39354,0.0757,5.150202,3.668592,0.277688,68.1,67.5,2400027136,2400020480,445,False,,
7beb147b985c373a,Conv2d,"{""bias"": null, ""class"": ""Conv2d"", ""dilation"": [1, 1], ""groups"": 1, ""in_channels"": 80, ""kernel_size"": [1, 1], ""out_channels"": 80, ""padding"": [0, 0], ""stride"": [1, 1]}",multi,"[[1, 80, 20, 20]]",,2560000,256000,3.037,7439,0.4006,5.093665,3.612055,1.446971,67.5,67.0,2400023808,2400017408,483,False,,
db31ac6881285f8b,BatchNorm2d,"{""bias"": ""Parameter containing:\ntensor([ 0.1860,  3.9297, -0.3323,  5.1484,  4.8047, -0.1447,  1.6729,  2.1445,  4.3906,  0.6362,  1.5146,  2.4375,  2.5898,  2.3086,  2.2109,  2.9141,  1.0703,  3.2344, -0.1473, -0.4397,  0.3652,  3.4590,  2.9688,  1.1719, -0.0999,  3.8828,  3.8262,  0.3677,  1.1318,  4.7852,  3.1836,  1.5381,  0.7114,  3.3652,\n         1.1953,  2.4531,  3.0273,  0.0062, -0.2534,  0.3352, -0.2991,  0.4131,  0.5166,  0.8975, -0.4944,  0.6250,  1.4502,  2.2422,  0.3682,  3.8613,  0.1501,  2.9629,  0.7783,  2.8203,  0.0831, -0.3472,  0.1292,  0.6069,  0.7432,  1.7910,  3.6641,  2.0664,  0.9961,  0.8721, -0.0696,  2.6719, -0.5488,  1.7900,\n         0.4570,  1.2842,  0.5234,  2.0547,  0.8848,  1.2402,  0.6055, -0.2722,  2.2930,  2.7734,  0.7651,  2.3418])"", ""class"": ""BatchNorm2d"", ""eps"": 0.001}",multi,"[[1, 80, 20, 20]]",,,256000,3.037,34445,0.0865,4.917809,3.436199,0.297161,66.4,68.6,2400033792,2400023808,489,False,,
56c3ce67816a0542,Conv2d,"{""bias"": ""Parameter containing:\ntensor([ -5.3906,  -9.1094,  -8.1953,  -8.6797,  -8.9688,  -9.0391,  -8.2969,  -8.3359,  -8.7578,  -9.5000,  -9.4219,  -9.7578,  -9.6094,  -8.3594,  -9.1406,  -8.5859,  -8.6250,  -8.7266,  -9.4531,  -8.9062,  -8.8516,  -9.3906,  -9.2578,  -9.2344,  -9.6094,  -8.6797,  -9.2500,  -9.4766,  -8.6719,  -9.9219,  -9.5625,\n         -9.6641,  -9.8750,  -9.5312,  -9.6562,  -9.7812,  -9.4531,  -9.1484,  -9.5312,  -9.0781,  -9.3672,  -9.0781,  -9.7500,  -9.5000,  -9.7266,  -7.7539,  -8.8203,  -9.2500,  -9.0625,  -9.4375,  -9.6484,  -9.6484,  -9.4531,  -9.2109,  -9.3594,  -8.5547,  -8.2578,  -8.3906,  -8.9922,  -7.4922,  -6.0234,  -9.1094,\n         -8.7812,  -9.0391, -10.0547,  -9.7266,  -9.4219,  -9.5703,  -9.7734,  -8.5547,  -9.9609,  -9.0938,  -9.0859,  -8.7109,  -9.2500,  -9.3594,  -9.2109,  -8.5938,  -9.8594,  -9.6250])"", ""class"": ""Conv2d"", ""dilation"": [1, 1], ""groups"": 1, ""in_channels"": 80, ""kernel_size"": [1, 1], ""out_channels"": 80, ""padding"": [0, 0], ""stride"": [1, 1]}",multi,"[[1, 80, 20, 20]]",,2560000,256000,3.038,7349,0.4055,5.068617,3.587007,1.454674,65.9,68.1,2400027136,2400027136,488,False,,
bf0911eb81b17c13,Conv2d,"{""bias"": null, ""class"": ""Conv2d"", ""dilation"": [1, 1], ""groups"": 1, ""in_channels"": 16, ""kernel_size"": [1, 1], ""out_channels"": 1, ""padding"": [0, 0], ""stride"": [1, 1]}",multi,"[[1, 16, 4, 8400]]",,537600,2284800,3.037,2541,1.1717,5.085971,3.604361,4.223118,68.6,67.5,2400023808,2400023808,442,False,,
