t_ms,phase,window_id,I_A,V_V,P_W
4.874186997767538,warmup,1,1.54489,0.9283507,1.434199712923
9.904187987558544,warmup,1,1.56275,0.9283507,1.450780056425
35.03406199160963,warmup,1,1.54489,0.9283507,1.434199712923
41.31447899271734,warmup,1,2.63435,0.9294252,2.44843127562
67.48754899308551,warmup,1,5.19726,0.9294252,4.830464414952
71.7295559879858,warmup,1,4.23282,0.9294252,3.934089575064
76.31937399855815,warmup,1,6.36709,0.9294252,5.9177338966679995
80.85678599309176,warmup,1,5.18833,0.9283507,4.816589787331
85.00375600124244,warmup,1,3.99171,0.9294252,3.7099958650919995
89.09779999521561,warmup,1,4.0185,0.9291566,3.7338157971000006
93.98509799211752,warmup,1,4.06315,0.9286194,3.77311991511
98.14932799781673,warmup,1,5.25084,0.9291566,4.878852641544
102.63620199111756,warmup,1,2.84867,0.9294252,2.647625684484
107.15648499899544,warmup,1,1.56275,0.928888,1.4516197220000002
121.47134399856441,warmup,1,1.55382,0.9291566,1.4437421082119999
127.28450600116048,idle,2,1.45559,0.9286194,1.351689112446
132.2952839982463,idle,2,1.57168,0.9294252,1.4607589983359999
136.12679399375338,idle,2,1.43773,0.9283507,1.334717651911
139.90169198950753,idle,2,1.43773,0.9286194,1.335103969962
143.68918299442157,idle,2,1.45559,0.9283507,1.351297995413
147.46111899148673,idle,2,1.4288,0.9286194,1.32681139872
151.23538799525704,idle,2,1.43773,0.9286194,1.335103969962
154.98706499056425,idle,2,1.44666,0.9283507,1.343007823662
158.73712999746203,idle,2,1.43773,0.9283507,1.334717651911
162.49584399338346,idle,2,1.4288,0.928888,1.3271951744000001
166.24677999061532,idle,2,1.46452,0.9286194,1.359981683688
169.99856699840166,idle,2,1.43773,0.9283507,1.334717651911
173.7405769963516,idle,2,1.44666,0.9286194,1.343396541204
177.4938089947682,idle,2,1.44666,0.9369466,1.355443168356
181.24348598939832,idle,2,1.66991,0.9286194,1.550710822254
184.98451499908697,idle,2,1.45559,0.9286194,1.351689112446
188.73544999223668,idle,2,1.41987,0.9283507,1.318137308409
192.47092299337965,idle,2,1.43773,0.9286194,1.335103969962
199.11146799859125,idle,2,1.52703,0.928888,1.4184398426400002
202.84464499854948,idle,2,1.52703,0.9286194,1.418029682382
206.5832469961606,idle,2,1.53596,0.9291566,1.427147371336
210.3161459963303,idle,2,1.53596,0.9283507,1.425909541172
214.05448998848442,idle,2,1.54489,0.9283507,1.434199712923
217.7862029930111,idle,2,1.53596,0.9283507,1.425909541172
221.5260649973061,idle,2,1.54489,0.9283507,1.434199712923
225.25640900130384,idle,2,2.18785,0.9283507,2.031092078995
228.98865900060628,idle,2,1.55382,0.9283507,1.442489884674
232.73098398931324,idle,2,1.54489,0.928888,1.4350297823200002
236.47112399339676,idle,2,1.56275,0.9286194,1.45119996735
240.197522987728,idle,2,1.53596,0.9286194,1.426322253624
243.9359029958723,idle,2,1.53596,0.928888,1.4267348124800001
247.7050429879455,idle,2,1.54489,0.9283507,1.434199712923
251.4407189883059,idle,2,1.52703,0.9283507,1.417619369421
255.1938589895144,idle,2,1.52703,0.928888,1.4184398426400002
258.92799798748456,idle,2,1.54489,0.9283507,1.434199712923
262.67074899806175,idle,2,1.52703,0.9291566,1.418850002898
266.40194399806205,idle,2,1.53596,0.9283507,1.425909541172
270.15693599241786,idle,2,1.53596,0.928888,1.4267348124800001
273.8890569889918,idle,2,1.53596,0.928888,1.4267348124800001
277.622955996776,idle,2,1.52703,0.9286194,1.418029682382
281.34144700015895,idle,2,1.54489,0.9283507,1.434199712923
285.0834939890774,idle,2,1.53596,0.9283507,1.425909541172
288.8079859985737,idle,2,1.53596,0.928888,1.4267348124800001
292.54792199935764,idle,2,1.53596,0.9283507,1.425909541172
296.28572799265385,idle,2,1.53596,0.9286194,1.426322253624
300.01984898990486,idle,2,1.52703,0.9286194,1.418029682382
303.766414988786,idle,2,1.5181,0.928888,1.4101448728000001
307.51444298948627,idle,2,1.53596,0.9286194,1.426322253624
311.25880499894265,idle,2,1.52703,0.928888,1.4184398426400002
314.988240992534,idle,2,1.52703,0.928888,1.4184398426400002
318.73488098790403,idle,2,1.54489,0.9283507,1.434199712923
322.483760988689,idle,2,1.52703,0.928888,1.4184398426400002
326.23888200032525,idle,2,1.54489,0.9283507,1.434199712923
329.96724398981314,idle,2,1.54489,0.9286194,1.434614824866
333.71310599613935,idle,2,1.52703,0.9286194,1.418029682382
337.44968999235425,idle,2,1.53596,0.9286194,1.426322253624
341.18831099476665,idle,2,1.53596,0.9283507,1.425909541172
344.9395429925062,idle,2,1.5181,0.9286194,1.4097371111399999
348.68353499041405,idle,2,1.52703,0.9283507,1.417619369421
352.41495199443307,idle,2,1.53596,0.9286194,1.426322253624
356.15603599580936,idle,2,1.52703,0.9286194,1.418029682382
359.89817600056995,idle,2,1.54489,0.928888,1.4350297823200002
363.64898199099116,idle,2,1.53596,0.9283507,1.425909541172
367.39989899797365,idle,2,1.54489,0.9283507,1.434199712923
371.1926499963738,idle,2,1.55382,0.9283507,1.442489884674
374.96391899185255,idle,2,1.52703,0.9286194,1.418029682382
378.7208540015854,idle,2,1.53596,0.9286194,1.426322253624
382.4784749886021,idle,2,1.52703,0.928888,1.4184398426400002
386.24939299188554,idle,2,1.54489,0.928888,1.4350297823200002
389.9885509890737,idle,2,1.53596,0.9286194,1.426322253624
393.7419869907899,idle,2,1.53596,0.928888,1.4267348124800001
397.4821629963117,idle,2,1.53596,0.9296938,1.4279724890480001
401.21006198751274,idle,2,1.53596,0.9286194,1.426322253624
404.94564599066507,idle,2,1.54489,0.9286194,1.434614824866
408.69519299303647,idle,2,1.52703,0.9286194,1.418029682382
412.4167959962506,idle,2,1.53596,0.9286194,1.426322253624
416.16589899058454,idle,2,1.52703,0.9286194,1.418029682382
419.90220500156283,idle,2,1.52703,0.928888,1.4184398426400002
423.64658499718644,idle,2,1.52703,0.928888,1.4184398426400002
427.3862059926614,idle,2,1.52703,0.9283507,1.417619369421
431.19436399138067,idle,2,1.52703,0.928888,1.4184398426400002
434.96074399445206,idle,2,1.53596,0.9286194,1.426322253624
438.70473599235993,idle,2,1.54489,0.9286194,1.434614824866
442.4540049949428,idle,2,1.52703,0.928888,1.4184398426400002
446.1775699892314,idle,2,1.53596,0.9283507,1.425909541172
449.9264689948177,idle,2,1.50917,0.928888,1.40184990296
453.6756089946721,idle,2,1.52703,0.9286194,1.418029682382
457.4262300011469,idle,2,1.50917,0.9283507,1.4010390259189998
461.1853690003045,idle,2,1.50917,0.9286194,1.4014445398979998
464.95174898882397,idle,2,1.55382,0.9283507,1.442489884674
468.70103699620813,idle,2,1.53596,0.928888,1.4267348124800001
472.4218990013469,idle,2,1.53596,0.9283507,1.425909541172
476.146057000733,idle,2,1.53596,0.928888,1.4267348124800001
479.88214099314064,idle,2,1.53596,0.9286194,1.426322253624
483.62846599775366,idle,2,1.53596,0.9286194,1.426322253624
487.3715129942866,idle,2,1.55382,0.928888,1.4433247521600001
491.12965298991185,idle,2,1.53596,0.928888,1.4267348124800001
494.86118099594023,idle,2,1.52703,0.9286194,1.418029682382
498.5942839994095,idle,2,1.53596,0.9286194,1.426322253624
502.3305529903155,idle,2,1.53596,0.9278135,1.42508442346
506.0741929919459,idle,2,1.52703,0.9286194,1.418029682382
509.81168399448507,idle,2,1.52703,0.9286194,1.418029682382
513.5301939881174,idle,2,1.53596,0.9283507,1.425909541172
517.2722969873575,idle,2,1.68777,0.9283507,1.566842460939
521.0017879871884,idle,2,1.56275,0.9283507,1.450780056425
524.5695769990562,idle,2,1.52703,0.9283507,1.417619369421
528.3192539936863,idle,2,1.52703,0.9283507,1.417619369421
532.036671997048,idle,2,1.52703,0.9286194,1.418029682382
535.6096089963103,idle,2,1.52703,0.928888,1.4184398426400002
539.3476739991456,idle,2,1.54489,0.9286194,1.434614824866
542.9349259939045,idle,2,1.53596,0.928888,1.4267348124800001
546.5106969932094,idle,2,1.53596,0.928888,1.4267348124800001
550.2342809922993,idle,2,1.53596,0.9283507,1.425909541172
553.9584759972058,idle,2,1.52703,0.9286194,1.418029682382
557.6998929900583,idle,2,1.53596,0.9283507,1.425909541172
561.4298110012896,idle,2,1.53596,0.9286194,1.426322253624
565.1768209936563,idle,2,1.53596,0.928888,1.4267348124800001
568.9013679948403,idle,2,1.53596,0.928888,1.4267348124800001
572.6361929991981,idle,2,1.52703,0.9283507,1.417619369421
576.3705179997487,idle,2,1.53596,0.9286194,1.426322253624
580.1099909876939,idle,2,1.53596,0.9280821,1.425496982316
583.8509259920102,idle,2,1.53596,0.928888,1.4267348124800001
587.5754739972763,idle,2,1.52703,0.9283507,1.417619369421
591.311260999646,idle,2,1.53596,0.9286194,1.426322253624
595.049437994021,idle,2,1.53596,0.9283507,1.425909541172
598.7840039888397,idle,2,1.53596,0.928888,1.4267348124800001
602.5349759875098,idle,2,1.54489,0.9294252,1.435859697228
606.2631899985718,idle,2,1.54489,0.928888,1.4350297823200002
609.9946449976414,idle,2,1.53596,0.9283507,1.425909541172
613.749543990707,idle,2,1.52703,0.9286194,1.418029682382
617.4886090011569,idle,2,1.5181,0.9315742,1.41422279302
621.2300819897791,idle,2,1.66991,0.928888,1.55115936008
624.9621659953846,idle,2,1.52703,0.928888,1.4184398426400002
628.69415798923,idle,2,1.52703,0.9283507,1.417619369421
632.2734839923214,idle,2,1.5181,0.9283507,1.40932919767
636.0038639977574,idle,2,1.55382,0.928888,1.4433247521600001
639.7308739979053,idle,2,1.52703,0.928888,1.4184398426400002
643.4638659993652,idle,2,1.54489,0.9286194,1.434614824866
647.1955239976523,idle,2,1.53596,0.9280821,1.425496982316
650.9297379961936,idle,2,1.53596,0.9286194,1.426322253624
654.6745619998546,idle,2,1.53596,0.9286194,1.426322253624
658.4040719899349,idle,2,1.53596,0.928888,1.4267348124800001
662.1353969967458,idle,2,1.52703,0.9286194,1.418029682382
665.8647219883278,idle,2,1.52703,0.9286194,1.418029682382
669.6014909975929,idle,2,1.52703,0.9286194,1.418029682382
673.3262240013573,idle,2,1.54489,0.9283507,1.434199712923
677.0588999934262,idle,2,1.53596,0.9286194,1.426322253624
680.78822499956,idle,2,1.53596,0.928888,1.4267348124800001
684.5138459902955,idle,2,1.52703,0.9291566,1.418850002898
688.2536339981016,idle,2,1.53596,0.9283507,1.425909541172
691.9850330014015,idle,2,1.52703,0.9286194,1.418029682382
695.7083209999837,idle,2,1.54489,0.9283507,1.434199712923
699.4538309954805,idle,2,1.52703,0.9286194,1.418029682382
703.2189890014706,idle,2,1.53596,0.9283507,1.425909541172
706.9491839938564,idle,2,1.52703,0.9286194,1.418029682382
710.6850829877658,idle,2,1.5181,0.9283507,1.40932919767
714.4194819993572,idle,2,1.54489,0.928888,1.4350297823200002
718.1438249972416,idle,2,1.54489,0.9283507,1.434199712923
721.8956129945582,idle,2,1.52703,0.928888,1.4184398426400002
725.6286229967372,idle,2,1.53596,0.9286194,1.426322253624
729.3552259943681,idle,2,1.53596,0.9283507,1.425909541172
733.080476988107,idle,2,1.53596,0.9286194,1.426322253624
736.8187459942419,idle,2,1.52703,0.9286194,1.418029682382
740.5612930015195,idle,2,1.52703,0.9283507,1.417619369421
744.2941359913675,idle,2,1.53596,0.9283507,1.425909541172
748.024460990564,idle,2,1.55382,0.928888,1.4433247521600001
751.7562119901413,idle,2,1.5181,0.9283507,1.40932919767
755.4923329880694,idle,2,1.52703,0.9283507,1.417619369421
759.0613999927882,idle,2,1.54489,0.9286194,1.434614824866
762.8000209952006,idle,2,1.53596,0.9283507,1.425909541172
766.5291049925145,idle,2,1.5181,0.9286194,1.4097371111399999
770.2619479969144,idle,2,1.52703,0.9283507,1.417619369421
774.0110509912483,idle,2,1.54489,0.9283507,1.434199712923
777.742356993258,idle,2,1.52703,0.9283507,1.417619369421
781.4692749961978,idle,2,1.52703,0.9283507,1.417619369421
785.1863409887301,idle,2,1.53596,0.9283507,1.425909541172
788.904831992113,idle,2,1.52703,0.928888,1.4184398426400002
792.6481569884345,idle,2,1.52703,0.9286194,1.418029682382
796.3774819945684,idle,2,1.53596,0.9286194,1.426322253624
800.0877879967447,idle,2,1.52703,0.9286194,1.418029682382
803.6746879952261,idle,2,1.52703,0.9283507,1.417619369421
807.3976239975309,idle,2,1.52703,0.928888,1.4184398426400002
815.1424759998918,idle,2,1.53596,0.9283507,1.425909541172
818.849818999297,idle,2,1.52703,0.928888,1.4184398426400002
822.58529200044,idle,2,1.53596,0.9283507,1.425909541172
826.316135993693,idle,2,1.53596,0.9286194,1.426322253624
830.0575339962961,idle,2,1.52703,0.9280821,1.4172092091630002
833.793951998814,idle,2,1.53596,0.9286194,1.426322253624
837.5242769980105,idle,2,1.53596,0.928888,1.4267348124800001
841.2611759995343,idle,2,2.25929,0.9283507,2.097413453003
844.9912969954312,idle,2,1.55382,0.9283507,1.442489884674
848.7248619931052,idle,2,1.52703,0.9286194,1.418029682382
852.4421129986877,idle,2,1.53596,0.9286194,1.426322253624
856.1812709958758,idle,2,1.5181,0.9283507,1.40932919767
859.9094300006982,idle,2,1.52703,0.9283507,1.417619369421
863.6626249935944,idle,2,1.50917,0.9283507,1.4010390259189998
867.4093939916929,idle,2,1.53596,0.9283507,1.425909541172
871.1516999901505,idle,2,1.53596,0.9286194,1.426322253624
874.8981359967729,idle,2,1.5181,0.9283507,1.40932919767
878.6307199916337,idle,2,1.53596,0.9286194,1.426322253624
882.3410449986113,idle,2,1.54489,0.9286194,1.434614824866
886.0872029908933,idle,2,1.52703,0.9283507,1.417619369421
889.8346389905782,idle,2,1.52703,0.928888,1.4184398426400002
893.56435299851,idle,2,1.52703,0.9283507,1.417619369421
897.2919189982349,idle,2,1.57168,0.9283507,1.459070228176
901.0250579885906,idle,2,1.57168,0.9283507,1.459070228176
904.758976001176,idle,2,1.52703,0.9286194,1.418029682382
908.488707995275,idle,2,1.52703,0.928888,1.4184398426400002
912.2303479962284,idle,2,1.53596,0.928888,1.4267348124800001
915.9728389931843,idle,2,1.5181,0.9286194,1.4097371111399999
919.7175899898866,idle,2,1.53596,0.928888,1.4267348124800001
923.4354520012857,idle,2,1.53596,0.928888,1.4267348124800001
927.1532029961236,idle,2,1.53596,0.9286194,1.426322253624
930.8727499883389,idle,2,1.53596,0.928888,1.4267348124800001
934.595074999379,idle,2,1.53596,0.928888,1.4267348124800001
938.3308619871968,idle,2,1.53596,0.9283507,1.425909541172
942.0551319926744,idle,2,1.52703,0.9286194,1.418029682382
945.7874200015794,idle,2,1.52703,0.9283507,1.417619369421
949.5171329908771,idle,2,1.52703,0.9286194,1.418029682382
953.2539209903916,idle,2,2.18785,0.928888,2.0322676108
956.9774869887624,idle,2,1.56275,0.9283507,1.450780056425
960.7083119917661,idle,2,1.53596,0.928888,1.4267348124800001
964.444580997224,idle,2,1.52703,0.9283507,1.417619369421
968.1647389952559,idle,2,1.54489,0.928888,1.4350297823200002
971.900785996695,idle,2,1.52703,0.928888,1.4184398426400002
975.7314439921174,idle,2,1.54489,0.9291566,1.435444739774
979.5352869987255,idle,2,1.53596,0.9283507,1.425909541172
983.290981996106,idle,2,1.54489,0.928888,1.4350297823200002
987.0340659981593,idle,2,1.53596,0.9286194,1.426322253624
990.7901869883062,idle,2,1.52703,0.9283507,1.417619369421
994.5431410014862,idle,2,1.53596,0.928888,1.4267348124800001
998.2957809988875,idle,2,1.54489,0.9286194,1.434614824866
1002.0538829994621,idle,2,1.53596,0.9286194,1.426322253624
1005.7769299892243,idle,2,1.52703,0.9291566,1.418850002898
1009.5405879983446,idle,2,1.52703,0.928888,1.4184398426400002
1013.3029869903112,idle,2,1.57168,0.9286194,1.459492538592
1017.041088998667,idle,2,1.53596,0.9286194,1.426322253624
1020.6271929928334,idle,2,1.54489,0.928888,1.4350297823200002
1024.3658879917348,idle,2,1.54489,0.9283507,1.434199712923
1028.1013609928777,idle,2,1.53596,0.928888,1.4267348124800001
1031.831037995289,idle,2,1.53596,0.9286194,1.426322253624
1035.573843997554,idle,2,1.52703,0.9283507,1.417619369421
1039.1672439873219,idle,2,1.55382,0.9286194,1.442907396108
1042.903290988761,idle,2,1.52703,0.9283507,1.417619369421
1046.6419309959747,idle,2,1.52703,0.9286194,1.418029682382
1050.3905329969712,idle,2,1.53596,0.9283507,1.425909541172
1054.1298769967398,idle,2,1.5181,0.9286194,1.4097371111399999
1057.8699789912207,idle,2,1.53596,0.9283507,1.425909541172
1061.6118969919626,idle,2,1.53596,0.9286194,1.426322253624
1065.185093000764,idle,2,1.53596,0.9283507,1.425909541172
1068.92599198909,idle,2,1.52703,0.9283507,1.417619369421
1072.521058988059,idle,2,1.52703,0.9286194,1.418029682382
1076.2773829919752,idle,2,1.52703,0.928888,1.4184398426400002
1080.0110409909394,idle,2,1.53596,0.928888,1.4267348124800001
1083.5934779897798,idle,2,1.5181,0.9286194,1.4097371111399999
1087.3504329938442,idle,2,1.55382,0.928888,1.4433247521600001
1091.1024239903782,idle,2,1.53596,0.9283507,1.425909541172
1094.8261749872472,idle,2,1.53596,0.928888,1.4267348124800001
1098.5561849956866,idle,2,1.53596,0.9286194,1.426322253624
1102.1298999985447,idle,2,1.54489,0.9286194,1.434614824866
1105.6951329956064,idle,2,1.52703,0.9283507,1.417619369421
1109.4379399874015,idle,2,1.54489,0.9286194,1.434614824866
1113.1620980013395,idle,2,1.53596,0.9286194,1.426322253624
1116.7296279891161,idle,2,1.53596,0.9283507,1.425909541172
1120.4872669914039,idle,2,1.54489,0.9286194,1.434614824866
1124.351423990447,idle,2,1.41987,0.9286194,1.318518827478
1129.178741000942,idle,2,1.46452,0.928888,1.3603750537600001
1134.1968159977114,idle,2,1.52703,0.9283507,1.417619369421
1137.9816219996428,idle,2,1.4288,0.9286194,1.32681139872
1141.7660209990572,idle,2,1.41987,0.9294252,1.3196629587239999
1145.541049001622,idle,2,1.41094,0.9280821,1.3094681581740002
1149.3016699969303,idle,2,1.46452,0.9283507,1.359588167164
1153.0630130000645,idle,2,1.41987,0.9286194,1.318518827478
1156.8292820011266,idle,2,1.4288,0.9286194,1.32681139872
1160.5999769963091,idle,2,1.41987,0.9283507,1.318137308409
1164.3292649969226,idle,2,1.43773,0.9286194,1.335103969962
1168.0628859903663,idle,2,1.41987,0.9283507,1.318137308409
1171.8000440014293,idle,2,1.41987,0.9286194,1.318518827478
1175.5565729981754,idle,2,1.41987,0.9286194,1.318518827478
1179.3046189995948,idle,2,1.44666,0.9283507,1.343007823662
1183.0540549999569,idle,2,1.4288,0.9283507,1.32642748016
1186.6350659984164,idle,2,1.41987,0.928888,1.31890020456
1190.390927993576,idle,2,1.4288,0.9283507,1.32642748016
1194.128474991885,idle,2,1.43773,0.9283507,1.334717651911
1199.1284949908732,idle,2,1.4288,0.9286194,1.32681139872
1204.1664949938422,idle,2,1.52703,0.9283507,1.417619369421
1207.9060419928282,idle,2,1.52703,0.9286194,1.418029682382
1211.6539039998315,idle,2,1.52703,0.9286194,1.418029682382
1215.375858999323,idle,2,1.54489,0.9286194,1.434614824866
1219.1581829974893,idle,2,1.52703,0.9286194,1.418029682382
1222.918840998318,idle,2,1.53596,0.9286194,1.426322253624
1226.6761840000981,idle,2,1.52703,0.9286194,1.418029682382
1230.4323790012859,idle,2,1.52703,0.9283507,1.417619369421
1234.150944990688,idle,2,1.52703,0.928888,1.4184398426400002
1237.898065999616,idle,2,1.53596,0.928888,1.4267348124800001
1241.629871990881,idle,2,1.54489,0.9286194,1.434614824866
1245.3791789885145,idle,2,1.54489,0.9286194,1.434614824866
1249.119817992323,idle,2,1.53596,0.928888,1.4267348124800001
1252.8502729983302,idle,2,1.53596,0.9283507,1.425909541172
1256.5910419943975,idle,2,1.52703,0.9283507,1.417619369421
1260.323514987249,idle,2,1.52703,0.9283507,1.417619369421
1264.0585619956255,idle,2,1.53596,0.9283507,1.425909541172
1267.7938499982702,idle,2,1.52703,0.928888,1.4184398426400002
1271.5298599941889,idle,2,1.5181,0.9286194,1.4097371111399999
1275.2773329993943,idle,2,1.53596,0.9283507,1.425909541172
1278.9994170016143,idle,2,1.53596,0.928888,1.4267348124800001
1282.7176860009786,idle,2,1.52703,0.9283507,1.417619369421
1286.4513259992236,idle,2,1.53596,0.9286194,1.426322253624
1290.206039993791,idle,2,1.53596,0.9286194,1.426322253624
1293.925401987508,idle,2,1.53596,0.928888,1.4267348124800001
1297.6714489923324,idle,2,1.52703,0.9286194,1.418029682382
1301.4060879941098,idle,2,1.52703,0.9286194,1.418029682382
1305.1379499956965,idle,2,1.52703,0.928888,1.4184398426400002
1308.867792991805,idle,2,1.53596,0.9283507,1.425909541172
1312.589729001047,idle,2,1.52703,0.9283507,1.417619369421
1316.3027400005376,idle,2,1.55382,0.928888,1.4433247521600001
1320.030434988439,idle,2,1.53596,0.928888,1.4267348124800001
1323.7794449960347,idle,2,1.53596,0.9283507,1.425909541172
1327.5279549998231,idle,2,1.53596,0.928888,1.4267348124800001
1331.345408994821,idle,2,1.55382,0.928888,1.4433247521600001
1335.1161959872115,idle,2,1.53596,0.9283507,1.425909541172
1338.8386139995418,idle,2,1.52703,0.928888,1.4184398426400002
1342.6105679973261,idle,2,1.52703,0.9283507,1.417619369421
1346.3590409955941,idle,2,1.53596,0.9283507,1.425909541172
1350.1036800007569,idle,2,1.53596,0.9283507,1.425909541172
1353.8360050006304,idle,2,1.50917,0.928888,1.40184990296
1357.5760519888718,idle,2,1.52703,0.9291566,1.418850002898
1361.3192659977358,idle,2,1.54489,0.9283507,1.434199712923
1365.0735720002558,idle,2,1.53596,0.928888,1.4267348124800001
1368.8338229985675,idle,2,1.54489,0.9283507,1.434199712923
1372.5708139972994,idle,2,1.53596,0.928888,1.4267348124800001
1376.3034169969615,idle,2,1.54489,0.9286194,1.434614824866
1380.0429080001777,idle,2,1.52703,0.928888,1.4184398426400002
1383.7739739974495,idle,2,1.53596,0.9283507,1.425909541172
1387.4987249873811,idle,2,1.54489,0.9286194,1.434614824866
1391.2433090008562,idle,2,1.52703,0.9286194,1.418029682382
1394.9897259881254,idle,2,1.52703,0.9286194,1.418029682382
1398.7245689932024,idle,2,1.52703,0.928888,1.4184398426400002
1402.4501539970515,idle,2,1.53596,0.9286194,1.426322253624
1406.2045149912592,idle,2,1.53596,0.928888,1.4267348124800001
1409.9416359968018,idle,2,1.54489,0.9286194,1.434614824866
1413.6650169966742,idle,2,1.52703,0.928888,1.4184398426400002
1417.4039709905628,idle,2,1.53596,0.928888,1.4267348124800001
1421.1537959927227,idle,2,1.53596,0.9286194,1.426322253624
1424.8870279989205,idle,2,1.52703,0.9283507,1.417619369421
1428.620537990355,idle,2,1.53596,0.928888,1.4267348124800001
1432.358325997484,idle,2,1.53596,0.9286194,1.426322253624
1436.100187987904,idle,2,1.5181,0.9286194,1.4097371111399999
1439.8250309895957,idle,2,1.52703,0.9283507,1.417619369421
1443.5711519909091,idle,2,1.54489,0.9286194,1.434614824866
1447.3103289928986,idle,2,1.54489,0.9283507,1.434199712923
1451.0459689918207,idle,2,1.54489,0.9286194,1.434614824866
1454.7735709929839,idle,2,1.53596,0.9286194,1.426322253624
1458.5097480012337,idle,2,1.53596,0.9283507,1.425909541172
1462.2398319916101,idle,2,1.52703,0.928888,1.4184398426400002
1465.9902309940662,idle,2,1.52703,0.9286194,1.418029682382
1469.7699809912592,idle,2,1.53596,0.928888,1.4267348124800001
1473.5476019995986,idle,2,1.53596,0.9286194,1.426322253624
1477.3237420013174,idle,2,1.56275,0.9283507,1.450780056425
1481.0936959984247,idle,2,1.52703,0.928888,1.4184398426400002
1484.8605759907514,idle,2,1.52703,0.928888,1.4184398426400002
1488.6111410014564,idle,2,1.53596,0.9283507,1.425909541172
1492.3740399972303,idle,2,1.52703,0.9286194,1.418029682382
1496.1369019874837,idle,2,1.53596,0.928888,1.4267348124800001
1499.891374987783,idle,2,1.53596,0.9283507,1.425909541172
1503.6698469921248,idle,2,1.52703,0.9286194,1.418029682382
1507.4308379989816,idle,2,1.52703,0.9283507,1.417619369421
1511.183422000613,idle,2,1.52703,0.9283507,1.417619369421
1514.9233029951574,idle,2,1.53596,0.928888,1.4267348124800001
1518.6651459953282,idle,2,1.52703,0.928888,1.4184398426400002
1522.4077859893441,idle,2,1.54489,0.9286194,1.434614824866
1526.6091259982204,idle,2,1.52703,0.9283507,1.417619369421
1530.3635239979485,idle,2,1.53596,0.9286194,1.426322253624
1534.0988489915617,idle,2,1.53596,0.9286194,1.426322253624
1537.8579329990316,idle,2,1.53596,0.9286194,1.426322253624
1541.6155909915688,idle,2,1.53596,0.9283507,1.425909541172
1545.3638049948495,idle,2,1.54489,0.9286194,1.434614824866
1549.1181289980887,idle,2,1.53596,0.9286194,1.426322253624
1552.8754169936292,idle,2,1.52703,0.9286194,1.418029682382
1556.6057229880244,idle,2,1.53596,0.9286194,1.426322253624
1560.3392149932915,idle,2,1.54489,0.928888,1.4350297823200002
1563.9129479968688,idle,2,1.54489,0.9283507,1.434199712923
1567.6658289885381,idle,2,1.52703,0.9283507,1.417619369421
1571.4082269987557,idle,2,1.54489,0.9283507,1.434199712923
1575.1813849929022,idle,2,1.52703,0.9286194,1.418029682382
1578.92537699081,idle,2,1.5181,0.9283507,1.40932919767
1582.6692569971783,idle,2,1.5181,0.9283507,1.40932919767
1586.4043600013247,idle,2,1.52703,0.9283507,1.417619369421
1590.1392209925689,idle,2,1.52703,0.9280821,1.4172092091630002
1593.8942679931642,idle,2,1.52703,0.9286194,1.418029682382
1597.6367599942023,idle,2,1.54489,0.9283507,1.434199712923
1601.35769599583,idle,2,1.53596,0.928888,1.4267348124800001
1605.087742995238,idle,2,1.52703,0.9283507,1.417619369421
1608.8384939939715,idle,2,1.52703,0.928888,1.4184398426400002
1612.5722439901438,idle,2,1.53596,0.928888,1.4267348124800001
1616.3128100015456,idle,2,1.54489,0.928888,1.4350297823200002
1620.0470789917745,idle,2,1.53596,0.9283507,1.425909541172
1623.782755996217,idle,2,1.52703,0.9286194,1.418029682382
1627.544394999859,idle,2,1.52703,0.9286194,1.418029682382
1631.2950899882708,idle,2,1.53596,0.9283507,1.425909541172
1635.0459339882946,idle,2,1.52703,0.9286194,1.418029682382
1638.772517995676,idle,2,1.52703,0.9286194,1.418029682382
1642.4998609873,idle,2,1.53596,0.9286194,1.426322253624
1646.2124079989735,idle,2,1.52703,0.9286194,1.418029682382
1649.9607329897117,idle,2,1.53596,0.928888,1.4267348124800001
1653.6970209999708,idle,2,1.52703,0.928888,1.4184398426400002
1657.4209940008586,idle,2,1.54489,0.9286194,1.434614824866
1661.168299993733,idle,2,1.52703,0.9283507,1.417619369421
1664.9174399935873,idle,2,1.52703,0.9286194,1.418029682382
1668.6639499966986,idle,2,1.52703,0.9283507,1.417619369421
1672.387736995006,idle,2,1.53596,0.928888,1.4267348124800001
1676.1126729979878,idle,2,1.54489,0.928888,1.4350297823200002
1679.841776000103,idle,2,1.54489,0.9286194,1.434614824866
1683.5853230004432,idle,2,1.52703,0.928888,1.4184398426400002
1687.3359070013976,idle,2,1.52703,0.9283507,1.417619369421
1691.1651019909186,idle,2,1.52703,0.9283507,1.417619369421
1694.9606479902286,idle,2,1.52703,0.9283507,1.417619369421
1698.7189359933836,idle,2,1.52703,0.928888,1.4184398426400002
1702.478298000642,idle,2,1.53596,0.9286194,1.426322253624
1706.2130669946782,idle,2,1.52703,0.9283507,1.417619369421
1709.9688909947872,idle,2,1.53596,0.928888,1.4267348124800001
1713.7073829944711,idle,2,1.55382,0.9283507,1.442489884674
1717.4675959977321,idle,2,1.54489,0.9286194,1.434614824866
1721.2120139884064,idle,2,1.62526,0.9286194,1.509247966044
1724.9503569910303,idle,2,1.55382,0.928888,1.4433247521600001
1728.691144991899,idle,2,1.53596,0.9286194,1.426322253624
1732.4370989954332,idle,2,1.53596,0.9286194,1.426322253624
1736.162349989172,idle,2,1.54489,0.9286194,1.434614824866
1739.9109159887303,idle,2,1.53596,0.9283507,1.425909541172
1743.6639439983992,idle,2,1.53596,0.9283507,1.425909541172
1747.406269001658,idle,2,1.54489,0.928888,1.4350297823200002
1751.1632230016403,idle,2,1.50917,0.9283507,1.4010390259189998
1754.9118439928861,idle,2,1.53596,0.9283507,1.425909541172
1758.6448910005856,idle,2,1.5181,0.9283507,1.40932919767
1762.4046049895696,idle,2,1.53596,0.928888,1.4267348124800001
1766.1427629936952,idle,2,1.53596,0.9283507,1.425909541172
1769.8710879922146,idle,2,1.52703,0.9286194,1.418029682382
1773.6021529999562,idle,2,1.52703,0.928888,1.4184398426400002
1777.1897569909925,idle,2,1.53596,0.9283507,1.425909541172
1780.9162299963646,idle,2,1.52703,0.928888,1.4184398426400002
1784.663628990529,idle,2,1.52703,0.9286194,1.418029682382
1788.4068979910808,idle,2,1.53596,0.9283507,1.425909541172
1792.136018993915,idle,2,1.52703,0.9286194,1.418029682382
1795.8753619896015,idle,2,1.54489,0.9286194,1.434614824866
1799.5957800012548,idle,2,1.52703,0.9286194,1.418029682382
1803.3317340014037,idle,2,1.53596,0.9286194,1.426322253624
1807.06037399068,idle,2,1.53596,0.9291566,1.427147371336
1810.8070689922897,idle,2,1.53596,0.9283507,1.425909541172
1818.5527169989655,idle,2,1.52703,0.928888,1.4184398426400002
1822.2853749903152,idle,2,1.54489,0.9286194,1.434614824866
1826.0201069933828,idle,2,1.52703,0.9283507,1.417619369421
1829.7574689931935,idle,2,1.52703,0.928888,1.4184398426400002
1833.4906089876313,idle,2,1.52703,0.9315742,1.422541750626
1837.2399329964537,idle,2,1.52703,0.9283507,1.417619369421
1840.9850179887144,idle,2,1.57168,0.9283507,1.459070228176
1844.726138995611,idle,2,1.52703,0.928888,1.4184398426400002
1848.4672039921861,idle,2,1.54489,0.9283507,1.434199712923
1852.201306988718,idle,2,1.53596,0.9283507,1.425909541172
1855.93853899627,idle,2,1.53596,0.9286194,1.426322253624
1859.685252988129,idle,2,1.5181,0.9286194,1.4097371111399999
1863.4247250010958,idle,2,1.53596,0.9286194,1.426322253624
1867.167216987582,idle,2,1.52703,0.9283507,1.417619369421
1870.8990599989193,idle,2,1.53596,0.9283507,1.425909541172
1874.6297559991945,idle,2,1.52703,0.9283507,1.417619369421
1878.3732279989636,idle,2,1.54489,0.9286194,1.434614824866
1882.1288119943347,idle,2,1.52703,0.9286194,1.418029682382
1885.860229987884,idle,2,1.53596,0.9283507,1.425909541172
1889.5904989913106,idle,2,1.53596,0.9291566,1.427147371336
1893.332230989472,idle,2,1.56275,0.928888,1.4516197220000002
1897.0652969874209,idle,2,1.52703,0.9283507,1.417619369421
1900.7997139997315,idle,2,1.52703,0.9286194,1.418029682382
1904.3793919991003,idle,2,1.52703,0.9286194,1.418029682382
1908.1329019973055,idle,2,1.52703,0.9283507,1.417619369421
1911.885170993628,idle,2,1.52703,0.9286194,1.418029682382
1915.6342179921921,idle,2,1.52703,0.9283507,1.417619369421
1919.3596729892306,idle,2,1.54489,0.9283507,1.434199712923
1923.0949789925944,idle,2,1.54489,0.9283507,1.434199712923
1926.8469699891284,idle,2,1.53596,0.9283507,1.425909541172
1930.5920170008903,idle,2,1.54489,0.9286194,1.434614824866
1934.3109719920903,idle,2,1.53596,0.9286194,1.426322253624
1938.0342039949028,idle,2,1.52703,0.9283507,1.417619369421
1941.7707510001492,idle,2,1.52703,0.9286194,1.418029682382
1945.4991499951575,idle,2,1.54489,0.9294252,1.435859697228
1949.2292340000859,idle,2,1.67884,0.9283507,1.5585522891880002
1952.97524399939,idle,2,1.55382,0.9283507,1.442489884674
1956.7157729907194,idle,2,1.52703,0.9283507,1.417619369421
1960.4522089939564,idle,2,1.52703,0.9286194,1.418029682382
1964.1888299956918,idle,2,1.53596,0.9286194,1.426322253624
1967.9206360015087,idle,2,1.53596,0.9283507,1.425909541172
1971.6834979917621,idle,2,1.52703,0.9286194,1.418029682382
1975.4357479978353,idle,2,1.53596,0.9286194,1.426322253624
1979.1724809911102,idle,2,1.53596,0.9286194,1.426322253624
1982.9169349977747,idle,2,1.52703,0.9286194,1.418029682382
1986.6507779952371,idle,2,1.52703,0.9286194,1.418029682382
1990.383361990098,idle,2,1.53596,0.9286194,1.426322253624
1994.1270579874981,idle,2,1.53596,0.9286194,1.426322253624
1997.869956001523,idle,2,1.53596,0.9283507,1.425909541172
2001.6061520000221,idle,2,1.52703,0.9283507,1.417619369421
2005.3501799993683,idle,2,1.56275,0.9280821,1.4503603017750002
2009.089226994547,idle,2,1.53596,0.928888,1.4267348124800001
2012.8181069885613,idle,2,1.54489,0.9286194,1.434614824866
2016.558820992941,idle,2,1.52703,0.9286194,1.418029682382
2020.2946639910806,idle,2,1.52703,0.928888,1.4184398426400002
2024.028100000578,idle,2,1.53596,0.9291566,1.427147371336
2027.7642589935567,idle,2,1.53596,0.9286194,1.426322253624
2031.5137680008775,idle,2,1.52703,0.9283507,1.417619369421
2035.2616859890986,idle,2,1.52703,0.9286194,1.418029682382
2038.9978070015786,idle,2,1.54489,0.9286194,1.434614824866
2042.7263349993154,idle,2,1.52703,0.928888,1.4184398426400002
2046.4539749955293,idle,2,1.52703,0.928888,1.4184398426400002
2050.2064479951514,idle,2,1.54489,0.9283507,1.434199712923
2053.9451429940527,idle,2,1.53596,0.9283507,1.425909541172
2057.682134996867,idle,2,1.52703,0.9283507,1.417619369421
2061.4110339956824,idle,2,1.52703,0.9286194,1.418029682382
2065.142747000209,idle,2,1.52703,0.928888,1.4184398426400002
2068.8549609913025,idle,2,1.52703,0.9283507,1.417619369421
2072.584896988701,idle,2,1.52703,0.9286194,1.418029682382
2076.313443991239,idle,2,1.52703,0.9286194,1.418029682382
2079.8863629897824,idle,2,1.53596,0.928888,1.4267348124800001
2083.649742999114,idle,2,1.54489,0.9283507,1.434199712923
2087.381937992177,idle,2,1.54489,0.928888,1.4350297823200002
2091.135058988584,idle,2,1.54489,0.9283507,1.434199712923
2094.888124993304,idle,2,1.53596,0.9283507,1.425909541172
2098.63972698804,idle,2,1.55382,0.9283507,1.442489884674
2102.39562598872,idle,2,1.53596,0.928888,1.4267348124800001
2106.136987989885,idle,2,1.53596,0.9283507,1.425909541172
2109.879256997374,idle,2,1.54489,0.9286194,1.434614824866
2113.6139149894007,idle,2,1.52703,0.9283507,1.417619369421
2117.364406993147,idle,2,1.55382,0.9286194,1.442907396108
2121.1680639971746,idle,2,1.52703,0.928888,1.4184398426400002
2129.6939099993324,idle,2,2.17892,0.9270077,2.0198756176840003
2136.689432998537,idle,2,2.63435,0.9283507,2.445600666545
2143.70675299142,idle,2,2.43789,0.9286194,2.263871949066
2149.091307001072,idle,2,2.57184,0.9283507,2.3875694642879997
2153.9258459961275,idle,2,2.30394,0.9283507,2.1388643117579997
2158.4672939934535,idle,2,2.54505,0.9283507,2.362698949035
2162.7327449969016,idle,2,2.61649,0.9286194,2.429723373906
2169.726712992997,idle,2,2.35752,0.9280821,2.187972112392
2174.3903089954983,idle,2,2.53612,0.9283507,2.3544087772839997
2185.644819997833,idle,2,2.45575,0.9283507,2.279797231525
2194.652309990488,idle,2,2.91118,0.9304997,2.708852116646
2199.504293996142,idle,2,2.65221,0.9291566,2.4643184260860003
2203.6600779974833,idle,2,2.59863,0.9291566,2.414534215458
2221.830020993366,idle,2,2.59863,0.9280821,2.411741987523
2226.5458199981367,idle,2,2.54505,0.9264704,2.3579134915199997
2230.867418998969,idle,2,2.61649,0.9286194,2.429723373906
2235.246645999723,idle,2,2.66114,0.9294252,2.473330576728
2240.6862919888226,idle,2,2.74151,0.9294252,2.548028480052
2244.791835997603,idle,2,2.67007,0.9299625,2.4830649723750002
2248.921435995726,idle,2,2.62542,0.9291566,2.439426320772
2253.2932559988694,idle,2,2.46468,0.9291566,2.290073688888
2261.1960509966593,idle,2,2.22357,0.928888,2.06544749016
2266.905564989429,idle,2,2.64328,0.9283507,2.4538908382959996
2271.1774419876747,idle,2,2.59863,0.9283507,2.412439979541
2276.027220999822,idle,2,2.64328,0.9286194,2.4546010876319997
2280.303819992696,idle,2,2.45575,0.9294252,2.2824359349
2285.2193219878245,idle,2,2.48254,0.928888,2.3060016155200005
2289.5880860014586,idle,2,3.06299,0.9286194,2.844351936006
2296.273907995783,idle,2,2.67007,0.928888,2.48019598216
2306.7956469894852,idle,2,2.79509,0.9299625,2.599328884125
2310.8682469901396,idle,2,2.71472,0.9286194,2.5209416575679997
2316.5717980009504,idle,2,2.71472,0.9280821,2.519483038512
2321.0894689982524,idle,2,2.74151,0.9286194,2.545819371294
2326.2644319911487,idle,2,2.45575,0.9283507,2.279797231525
2331.837594989338,idle,2,2.80402,0.9283507,2.603113929814
2336.2821560003795,idle,2,2.679,0.9280821,2.4863319459
2340.5736799904844,idle,2,2.53612,0.9291566,2.356452636392
2345.9476779971737,idle,2,2.74151,0.9283507,2.545082727557
2360.093594994396,idle,2,2.46468,0.9278135,2.28676337718
2364.2093429953093,idle,2,2.52719,0.9291566,2.348155267954
2368.566737000947,idle,2,2.53612,0.9280821,2.353727575452
2373.7278479966335,idle,2,2.70579,0.9286194,2.512649086326
2377.783725998597,idle,2,2.69686,0.9286194,2.504356515084
2382.2136939998018,idle,2,2.34859,0.9286194,2.180946236646
2386.919788987143,idle,2,2.56291,0.9283507,2.379279292537
2391.4074239874026,idle,2,2.58077,0.9294252,2.3986326734039998
2396.292869991157,idle,2,2.79509,0.9286194,2.595574798746
2403.82857399527,idle,2,2.69686,0.9291566,2.505805268276
2407.901489001233,idle,2,2.67007,0.9294252,2.481630343764
2413.36772798968,idle,2,2.57184,0.9283507,2.3875694642879997
2417.7167149900924,idle,2,2.75044,0.9286194,2.554111942536
2422.0938499929616,idle,2,2.43789,0.928888,2.26452676632
2427.4852739908965,idle,2,2.52719,0.9280821,2.345439802299
2432.1169439936057,idle,2,2.45575,0.9286194,2.28045709155
2436.6760959965177,idle,2,2.59863,0.9294252,2.415232207476
2471.119846988586,idle,2,2.71472,0.9286194,2.5209416575679997
2508.704519001185,idle,2,2.64328,0.9286194,2.4546010876319997
2513.334577990463,idle,2,2.74151,0.9283507,2.545082727557
2518.137820996344,idle,2,2.50933,0.9291566,2.331560531078
2529.7162369970465,idle,2,2.679,0.9286194,2.4877713725999997
2537.3511259967927,idle,2,2.50933,0.928888,2.33088652504
2553.07116098993,idle,2,2.50933,0.9280821,2.328864255993
2561.569746991154,idle,2,2.77723,0.9286194,2.578989656262
2566.0532519978005,idle,2,2.84867,0.9299625,2.6491562748749997
2571.409158001188,idle,2,2.57184,0.928888,2.38895131392
2580.76507099031,idle,2,2.58077,0.928888,2.39724628376
2622.704878987861,idle,2,3.05406,0.9299625,2.84016127275
2627.036070000031,idle,2,2.58077,0.9291566,2.397939478582
2631.852367994725,idle,2,2.7683,0.9286194,2.57069708502
2636.2111329945037,idle,2,2.79509,0.9286194,2.595574798746
2640.5196199921193,idle,2,2.75937,0.9280821,2.560921904277
2644.7162569966167,idle,2,2.7683,0.9286194,2.57069708502
2648.91472599993,idle,2,2.74151,0.9283507,2.545082727557
2653.0330300010974,idle,2,2.80402,0.9280821,2.602360770042
2658.9833019970683,idle,2,2.83081,0.9283507,2.627984445067
2664.8936479905387,idle,2,2.45575,0.9286194,2.28045709155
2669.542946998263,idle,2,2.88439,0.9283507,2.677725475573
2682.3173179873265,idle,2,2.60756,0.9286194,2.4214308026639997
2693.9347149891546,idle,2,2.77723,0.9291566,2.580481584218
2698.526755993953,idle,2,2.79509,0.9291566,2.597076321094
2704.23710400064,idle,2,2.80402,0.9286194,2.603867369988
2709.8934519890463,idle,2,2.82188,0.9286194,2.620452512472
2715.9779259964125,idle,2,2.67007,0.9278135,2.477326991945
2724.900268993224,idle,2,2.72365,0.9280821,2.5277708116650004
2754.563924987451,idle,2,2.45575,0.9294252,2.2824359349
2767.1861109993188,idle,2,2.57184,0.9291566,2.389642110144
2781.0894180001924,idle,2,2.52719,0.9299625,2.3501919303750003
2785.2105549973203,idle,2,2.49147,0.928888,2.31429658536
2789.767354988726,idle,2,2.679,0.9270077,2.4834536283
2794.891576995724,idle,2,2.60756,0.9291566,2.422831583896
2800.4458700015675,idle,2,2.55398,0.9296938,2.374419371324
2804.778745994554,idle,2,2.49147,0.9280821,2.312288709687
2815.9911279944936,idle,2,2.81295,0.928888,2.6129154996
2824.1219769988675,idle,2,2.74151,0.928888,2.54655574088
2828.7491839873837,idle,2,2.63435,0.9280821,2.444893080135
2834.2895139940083,idle,2,2.59863,0.9286194,2.413138231422
2838.4835759934504,idle,2,2.79509,0.9283507,2.594823758063
2853.24782099633,idle,2,2.71472,0.928888,2.52167083136
2857.3334029933903,idle,2,2.74151,0.9291566,2.547292110466
2861.2538000015775,idle,2,2.72365,0.9286194,2.52923422881
2865.101234987378,idle,2,2.70579,0.9280821,2.511195265359
2868.9428369980305,idle,2,2.70579,0.9286194,2.512649086326
2872.795197996311,idle,2,2.73258,0.928888,2.53826077104
2876.6507069958607,idle,2,2.70579,0.9286194,2.512649086326
2882.672163992538,idle,2,2.72365,0.9294252,2.53142894598
2888.3978629892226,idle,2,2.34859,0.928888,2.18157706792
2893.9899149991106,idle,2,2.60756,0.9278135,2.41932937006
2899.6984289988177,idle,2,2.72365,0.9283507,2.528502384055
2905.451479993644,idle,2,2.49147,0.9294252,2.315635003044
2909.522931993706,idle,2,2.56291,0.9283507,2.379279292537
2914.2515089915833,idle,2,2.46468,0.928888,2.2894116758400003
2945.999130999553,idle,2,2.60756,0.9286194,2.4214308026639997
2951.6071649995865,idle,2,2.5004,0.9280821,2.32057648284
2997.5834059878252,idle,2,2.75044,0.9283507,2.553372899308
3020.9850519895554,idle,2,2.679,0.9280821,2.4863319459
3025.212816995918,idle,2,2.71472,0.9291566,2.522400005152
3032.7367629943183,idle,2,2.55398,0.9280821,2.3703031217580004
3038.0538909957977,idle,2,2.49147,0.9294252,2.315635003044
3045.5415030010045,idle,2,2.57184,0.928888,2.38895131392
3049.7902869974496,idle,2,2.4111,0.9283507,2.2383463727699997
3053.945683001075,idle,2,2.54505,0.9280821,2.362015348605
3064.350774991908,idle,2,2.46468,0.9294252,2.2907357019359997
3068.850241994369,idle,2,2.67007,0.9294252,2.481630343764
3073.96146398969,idle,2,2.59863,0.9294252,2.415232207476
3091.6069289960433,idle,2,2.52719,0.9280821,2.345439802299
3105.603586998768,idle,2,2.60756,0.928888,2.42213119328
3110.7150689931586,idle,2,2.56291,0.9280821,2.378590894911
3121.898302997579,idle,2,2.73258,0.9280821,2.536058584818
3130.830978989252,idle,2,2.679,0.928888,2.488490952
3138.251999000204,idle,2,2.42896,0.9278135,2.2536218789599998
3145.848924992606,idle,2,2.33966,0.9304997,2.177052928102
3154.420251987176,idle,2,2.30394,0.928888,2.14010221872
3158.6583140015136,idle,2,2.29501,0.9280821,2.129957700321
3170.4859689925797,idle,2,2.31287,0.9283507,2.147154483509
3179.546200000914,idle,2,2.48254,0.928888,2.3060016155200005
3187.6513269962743,idle,2,2.30394,0.928888,2.14010221872
3194.6118869964266,idle,2,2.44682,0.9286194,2.2721645203080003
3201.9226679985877,idle,2,2.59863,0.9283507,2.412439979541
3212.053723997087,idle,2,2.83081,0.9286194,2.628745083714
3221.1035289947176,idle,2,3.32196,0.928888,3.0857287804799998
3227.2665399941616,idle,2,2.65221,0.928888,2.4636060424800004
3231.482397997752,idle,2,2.679,0.928888,2.488490952
3235.7508299901383,idle,2,2.42896,0.9283507,2.254926716272
3239.96679999982,idle,2,2.40217,0.928888,2.23134688696
3244.5878769940464,idle,2,2.48254,0.9286194,2.3053348052760003
3253.3659799955785,idle,2,2.70579,0.928888,2.51337586152
3257.533912998042,idle,2,2.75044,0.9294252,2.556328247088
3261.519383988343,idle,2,2.47361,0.928888,2.29770664568
3284.1471469873795,idle,2,2.75044,0.9291566,2.5555894789040003
3290.6669699877966,idle,2,2.73258,0.9280821,2.536058584818
3294.811772997491,idle,2,2.84867,0.9291566,2.646860531722
3299.616978998529,idle,2,2.46468,0.928888,2.2894116758400003
3324.8137229966233,idle,2,2.7683,0.9291566,2.57218421578
3329.5115399960196,idle,2,2.52719,0.9291566,2.348155267954
3340.4625539988047,idle,2,2.54505,0.928888,2.3640664044
3349.511802996858,idle,2,2.46468,0.9280821,2.287425390228
3353.5939589928603,idle,2,4.00957,0.9304997,3.730903682129
3358.1138699955773,idle,2,4.11673,0.9326486,3.839462471078
3362.2699139959877,idle,2,2.679,0.928888,2.488490952
3385.879705994739,idle,2,2.53612,0.9278135,2.35304637362
3390.7947080006124,idle,2,5.92059,0.9286194,5.497974733446
3394.994139991468,idle,2,5.08117,0.928888,4.71983783896
3399.431904996163,idle,2,2.69686,0.928888,2.50508089168
3403.646132996073,idle,2,5.0901,0.9296938,4.7322344113799995
3407.926564992522,idle,2,4.05422,0.928888,3.76591630736
3412.522827988141,idle,2,5.25084,0.928888,4.87744226592
3416.6818719968433,idle,2,5.11689,0.9299625,4.758515816625
3420.937637987663,idle,2,5.03652,0.928888,4.678362989760001
3425.1292739936616,idle,2,5.21512,0.9296938,4.8484647302559996
3429.4220019946806,idle,2,5.32228,0.928888,4.94380202464
3433.6048049881356,idle,2,4.0185,0.9291566,3.7338157971000006
3438.2160129898693,idle,2,5.03652,0.9286194,4.677010180488001
3442.4990189872915,idle,2,5.32228,0.9294252,4.946661153456
3447.164706987678,idle,2,4.974009,0.928888,4.620297271992
3451.686674001394,idle,2,5.40265,0.9291566,5.01990790499
3455.939661987941,idle,2,5.90273,0.9280821,5.478218054133
3461.107050999999,idle,2,5.1794,0.9280821,4.80690842874
3465.5315189884277,idle,2,4.07208,0.9291566,3.783600007728
3469.7804509924026,idle,2,5.19726,0.928888,4.82767244688
3474.0136049949797,idle,2,3.29517,0.9283507,3.059073376119
3478.1458159995964,idle,2,3.99171,0.9283507,3.705706772697
3482.251452995115,idle,2,2.68793,0.9304997,2.5011180586210005
3493.074114987394,idle,2,2.81295,0.9291566,2.61367105797
3497.3227139998926,idle,2,3.63451,0.9299625,3.3799580058750003
3501.5099799929885,idle,2,4.00064,0.9283507,3.7139969444479997
3505.636579997372,idle,2,4.13459,0.931037,3.84945626983
3509.797049991903,idle,2,4.00957,0.9291566,3.7255184286620002
3516.094392995001,idle,2,5.20619,0.9286194,4.834569034086
3520.6258229882224,idle,2,5.28656,0.9291566,4.912042115296
3525.648305992945,idle,2,4.89364,0.9283507,4.543014119548
3529.816848997143,idle,2,4.92043,0.928888,4.57052838184
3534.163965989137,idle,2,5.17047,0.9291566,4.804176325602
3539.1874109918717,idle,2,4.24175,0.9294252,3.9423893420999994
3544.0844129916513,idle,2,3.71488,0.9294252,3.452703086976
3548.181067992118,idle,2,4.03636,0.928888,3.74932636768
3552.262539000367,idle,2,4.26854,0.9294252,3.9672886432079997
3556.301213000552,idle,2,4.05422,0.9291566,3.767005270852
3560.3929799981415,idle,2,4.1971,0.928888,3.8986358248
3564.4924129883293,idle,2,4.04529,0.9291566,3.7587079024139998
3568.5952909989282,idle,2,3.54521,0.9291566,3.294055269886
3573.118221000186,idle,2,4.00957,0.9291566,3.7255184286620002
3577.7636869897833,idle,2,2.90225,0.9286194,2.69508565365
3581.8228799907956,bench:c3e6e3b38b352ca5,3,2.73258,0.928888,2.53826077104
3586.026441989816,bench:c3e6e3b38b352ca5,3,1.58061,0.9286194,1.467785109834
3600.2792840008624,bench:c3e6e3b38b352ca5,3,1.57168,0.9286194,1.459492538592
3604.653973990935,bench:c3e6e3b38b352ca5,3,2.77723,0.928888,2.57973562024
3608.795851992909,bench:c3e6e3b38b352ca5,3,2.79509,0.9291566,2.597076321094
3612.9008029965917,bench:c3e6e3b38b352ca5,3,2.83974,0.9283507,2.636274616818
3617.011754991836,bench:c3e6e3b38b352ca5,3,2.81295,0.9280821,2.610648543195
3621.1445949884364,bench:c3e6e3b38b352ca5,3,2.82188,0.9280821,2.6189363163480004
3625.2690839901334,bench:c3e6e3b38b352ca5,3,2.80402,0.9286194,2.603867369988
3629.368739988422,bench:c3e6e3b38b352ca5,3,2.90225,0.9286194,2.69508565365
3633.494431996951,bench:c3e6e3b38b352ca5,3,2.92011,0.9286194,2.7116707961340003
3637.5601799954893,bench:c3e6e3b38b352ca5,3,2.83081,0.9286194,2.628745083714
3641.652890990372,bench:c3e6e3b38b352ca5,3,2.83974,0.931037,2.64390301038
3645.7445839914726,bench:c3e6e3b38b352ca5,3,2.80402,0.9283507,2.603113929814
3649.7925919975387,bench:c3e6e3b38b352ca5,3,2.80402,0.9294252,2.6061268493039997
3653.8793399959104,bench:c3e6e3b38b352ca5,3,2.81295,0.9294252,2.61442661634
3658.071049998398,bench:c3e6e3b38b352ca5,3,2.77723,0.9286194,2.578989656262
3662.1846499911044,bench:c3e6e3b38b352ca5,3,2.87546,0.928888,2.67098028848
3666.291101995739,bench:c3e6e3b38b352ca5,3,2.84867,0.9294252,2.647625684484
3670.3672759904293,bench:c3e6e3b38b352ca5,3,2.8576,0.9286194,2.65362279744
3674.5322459901217,bench:c3e6e3b38b352ca5,3,2.81295,0.9294252,2.61442661634
3678.63369800034,bench:c3e6e3b38b352ca5,3,2.83974,0.9286194,2.637037654956
3682.746093996684,bench:c3e6e3b38b352ca5,3,2.81295,0.928888,2.6129154996
3686.86149000132,bench:c3e6e3b38b352ca5,3,2.77723,0.9286194,2.578989656262
3690.953515993897,bench:c3e6e3b38b352ca5,3,2.83081,0.9286194,2.628745083714
3695.0419489876367,bench:c3e6e3b38b352ca5,3,2.77723,0.9304997,2.584211681831
3699.1219199990155,bench:c3e6e3b38b352ca5,3,2.78616,0.9283507,2.586533586312
3703.2215939980233,bench:c3e6e3b38b352ca5,3,2.79509,0.9283507,2.594823758063
3711.185405991273,bench:c3e6e3b38b352ca5,3,2.82188,0.928888,2.6212104694400002
3715.4501899931347,bench:c3e6e3b38b352ca5,3,2.83974,0.9294252,2.6393259174479997
3719.6551779925358,bench:c3e6e3b38b352ca5,3,2.83081,0.928888,2.6295054392800004
3723.7046119989827,bench:c3e6e3b38b352ca5,3,2.82188,0.9294252,2.622726383376
3727.8464150003856,bench:c3e6e3b38b352ca5,3,2.79509,0.9286194,2.595574798746
3731.9139229948632,bench:c3e6e3b38b352ca5,3,2.80402,0.9286194,2.603867369988
3736.0211899940623,bench:c3e6e3b38b352ca5,3,2.80402,0.9283507,2.603113929814
3740.135399988503,bench:c3e6e3b38b352ca5,3,2.81295,0.928888,2.6129154996
3744.2346859897953,bench:c3e6e3b38b352ca5,3,2.79509,0.9291566,2.597076321094
3748.2843229954597,bench:c3e6e3b38b352ca5,3,2.81295,0.928888,2.6129154996
3752.35595999402,bench:c3e6e3b38b352ca5,3,2.78616,0.9291566,2.5887789526560003
3756.4315969939344,bench:c3e6e3b38b352ca5,3,2.80402,0.9283507,2.603113929814
3760.5633450002642,bench:c3e6e3b38b352ca5,3,2.77723,0.928888,2.57973562024
3764.6467789891176,bench:c3e6e3b38b352ca5,3,2.78616,0.9286194,2.587282227504
3768.716822989518,bench:c3e6e3b38b352ca5,3,2.82188,0.9278135,2.61817835938
3772.8124969871715,bench:c3e6e3b38b352ca5,3,2.83081,0.9294252,2.631026150412
3776.9464859884465,bench:c3e6e3b38b352ca5,3,2.75044,0.9286194,2.554111942536
3781.0201779939234,bench:c3e6e3b38b352ca5,3,2.82188,0.9286194,2.620452512472
3785.111630000756,bench:c3e6e3b38b352ca5,3,2.83974,0.9280821,2.635511862654
3789.1751379938796,bench:c3e6e3b38b352ca5,3,2.78616,0.9286194,2.587282227504
3793.257052995614,bench:c3e6e3b38b352ca5,3,2.80402,0.9294252,2.6061268493039997
3797.3268009955063,bench:c3e6e3b38b352ca5,3,2.78616,0.9286194,2.587282227504
3801.405234989943,bench:c3e6e3b38b352ca5,3,2.92011,0.928888,2.71245513768
3805.4634829895804,bench:c3e6e3b38b352ca5,3,2.88439,0.9286194,2.678500511166
3809.5446759980405,bench:c3e6e3b38b352ca5,3,2.89332,0.9283507,2.686015647324
3813.6147199984407,bench:c3e6e3b38b352ca5,3,2.83081,0.9304997,2.6340678557570003
3817.6657459989656,bench:c3e6e3b38b352ca5,3,2.87546,0.928888,2.67098028848
3825.7658169895876,bench:c3e6e3b38b352ca5,3,2.79509,0.9280821,2.594072996889
3984.3029659969034,bench:c3e6e3b38b352ca5,3,2.26822,0.9286194,2.106313095468
3988.6523599998327,bench:c3e6e3b38b352ca5,3,2.77723,0.9291566,2.580481584218
3992.79960799322,bench:c3e6e3b38b352ca5,3,2.86653,0.9286194,2.661915368682
3996.8925779976416,bench:c3e6e3b38b352ca5,3,2.79509,0.9283507,2.594823758063
4000.9491969976807,bench:c3e6e3b38b352ca5,3,2.79509,0.9283507,2.594823758063
4005.0298159912927,bench:c3e6e3b38b352ca5,3,2.80402,0.9286194,2.603867369988
4009.1217489971314,bench:c3e6e3b38b352ca5,3,2.83974,0.9283507,2.636274616818
4013.232977988082,bench:c3e6e3b38b352ca5,3,2.83974,0.9286194,2.637037654956
4017.33418898948,bench:c3e6e3b38b352ca5,3,2.81295,0.9283507,2.611404101565
4021.4160670002457,bench:c3e6e3b38b352ca5,3,2.92011,0.9294252,2.714023820772
4025.506444988423,bench:c3e6e3b38b352ca5,3,2.80402,0.928888,2.60462052976
4029.587008000817,bench:c3e6e3b38b352ca5,3,2.90225,0.9283507,2.6943058190749998
4033.625348994974,bench:c3e6e3b38b352ca5,3,2.78616,0.9291566,2.5887789526560003
4037.704282993218,bench:c3e6e3b38b352ca5,3,2.78616,0.928888,2.5880305900800002
4041.908399987733,bench:c3e6e3b38b352ca5,3,2.80402,0.928888,2.60462052976
4046.10812899773,bench:c3e6e3b38b352ca5,3,2.77723,0.9283507,2.578243414561
4050.22454400023,bench:c3e6e3b38b352ca5,3,2.79509,0.9283507,2.594823758063
4054.2966069915565,bench:c3e6e3b38b352ca5,3,2.83081,0.928888,2.6295054392800004
4058.3620959951077,bench:c3e6e3b38b352ca5,3,2.81295,0.9286194,2.61215994123
4062.434603998554,bench:c3e6e3b38b352ca5,3,2.83081,0.9280821,2.627224089501
4066.5317039965885,bench:c3e6e3b38b352ca5,3,2.81295,0.928888,2.6129154996
4070.6698399881134,bench:c3e6e3b38b352ca5,3,2.86653,0.9283507,2.661145132071
4074.724421996507,bench:c3e6e3b38b352ca5,3,2.82188,0.9283507,2.619694273316
4078.856039996026,bench:c3e6e3b38b352ca5,3,2.79509,0.9294252,2.597827082268
4082.916863000719,bench:c3e6e3b38b352ca5,3,2.77723,0.9294252,2.581227548196
4086.937277999823,bench:c3e6e3b38b352ca5,3,2.7683,0.9291566,2.57218421578
4091.0221559897764,bench:c3e6e3b38b352ca5,3,2.83974,0.9283507,2.636274616818
4095.104773994535,bench:c3e6e3b38b352ca5,3,2.83081,0.9291566,2.630265794846
4099.212281988002,bench:c3e6e3b38b352ca5,3,2.82188,0.928888,2.6212104694400002
4103.345936993719,bench:c3e6e3b38b352ca5,3,2.79509,0.928888,2.5963255599200004
4107.480684993789,bench:c3e6e3b38b352ca5,3,2.83974,0.9286194,2.637037654956
4111.587248000433,bench:c3e6e3b38b352ca5,3,2.81295,0.9286194,2.61215994123
4115.714587998809,bench:c3e6e3b38b352ca5,3,2.83974,0.9286194,2.637037654956
4119.817465994856,bench:c3e6e3b38b352ca5,3,2.83081,0.9286194,2.628745083714
4123.995175992604,bench:c3e6e3b38b352ca5,3,2.68793,0.9283507,2.4953416970510003
4130.666627999744,bench:c3e6e3b38b352ca5,3,2.81295,0.9286194,2.61215994123
4134.834726995905,bench:c3e6e3b38b352ca5,3,2.72365,0.928888,2.5299658012000004
4138.985233992571,bench:c3e6e3b38b352ca5,3,2.68793,0.9280821,2.4946197190530004
4143.104370989022,bench:c3e6e3b38b352ca5,3,2.69686,0.9286194,2.504356515084
4147.237525990931,bench:c3e6e3b38b352ca5,3,2.71472,0.9283507,2.5202122123039996
4151.372292995802,bench:c3e6e3b38b352ca5,3,2.69686,0.9294252,2.506529644872
4155.527707000147,bench:c3e6e3b38b352ca5,3,2.68793,0.9294252,2.498229877836
4159.703472992987,bench:c3e6e3b38b352ca5,3,2.74151,0.9283507,2.545082727557
4163.824331990327,bench:c3e6e3b38b352ca5,3,2.70579,0.9286194,2.512649086326
4167.913987999782,bench:c3e6e3b38b352ca5,3,2.70579,0.9283507,2.511922040553
4171.99662499479,bench:c3e6e3b38b352ca5,3,2.67007,0.9286194,2.479478801358
4176.088409993099,bench:c3e6e3b38b352ca5,3,2.73258,0.9286194,2.537526800052
4180.178417998832,bench:c3e6e3b38b352ca5,3,2.75937,0.9283507,2.561663071059
4184.279739987687,bench:c3e6e3b38b352ca5,3,2.68793,0.928888,2.4967859218400004
4188.350061987876,bench:c3e6e3b38b352ca5,3,2.69686,0.9286194,2.504356515084
4193.354414994246,bench:c3e6e3b38b352ca5,3,2.90225,0.9280821,2.693526274725
4198.428470990621,bench:c3e6e3b38b352ca5,3,2.80402,0.9286194,2.603867369988
4202.518607999082,bench:c3e6e3b38b352ca5,3,2.79509,0.9283507,2.594823758063
4206.623929989291,bench:c3e6e3b38b352ca5,3,2.82188,0.9280821,2.6189363163480004
4210.712289001094,bench:c3e6e3b38b352ca5,3,2.81295,0.9286194,2.61215994123
4214.799610999762,bench:c3e6e3b38b352ca5,3,2.82188,0.928888,2.6212104694400002
4218.92678498989,bench:c3e6e3b38b352ca5,3,2.83081,0.9283507,2.627984445067
4223.071699991124,bench:c3e6e3b38b352ca5,3,2.83081,0.9286194,2.628745083714
4227.142688992899,bench:c3e6e3b38b352ca5,3,2.81295,0.9291566,2.61367105797
4231.193973988411,bench:c3e6e3b38b352ca5,3,2.79509,0.9291566,2.597076321094
4235.300888991333,bench:c3e6e3b38b352ca5,3,2.81295,0.928888,2.6129154996
4239.476766000735,bench:c3e6e3b38b352ca5,3,2.81295,0.9280821,2.610648543195
4243.638290994568,bench:c3e6e3b38b352ca5,3,2.83974,0.9283507,2.636274616818
4247.7810209966265,bench:c3e6e3b38b352ca5,3,2.79509,0.9286194,2.595574798746
4251.8525649938965,bench:c3e6e3b38b352ca5,3,2.75937,0.9291566,2.5638868473420002
4255.965831995127,bench:c3e6e3b38b352ca5,3,2.7683,0.9283507,2.56995324281
4260.056597995572,bench:c3e6e3b38b352ca5,3,2.8576,0.9294252,2.65592545152
4264.164142994559,bench:c3e6e3b38b352ca5,3,2.84867,0.9291566,2.646860531722
4268.271964989253,bench:c3e6e3b38b352ca5,3,2.84867,0.9286194,2.645330226198
4272.350916988216,bench:c3e6e3b38b352ca5,3,2.84867,0.9294252,2.647625684484
4276.437145992531,bench:c3e6e3b38b352ca5,3,2.82188,0.9283507,2.619694273316
4280.541838990757,bench:c3e6e3b38b352ca5,3,2.79509,0.928888,2.5963255599200004
4284.62547599338,bench:c3e6e3b38b352ca5,3,2.84867,0.928888,2.64609537896
4288.693038994097,bench:c3e6e3b38b352ca5,3,2.79509,0.9280821,2.594072996889
4292.814027998247,bench:c3e6e3b38b352ca5,3,2.83974,0.9283507,2.636274616818
4296.915368991904,bench:c3e6e3b38b352ca5,3,2.83081,0.9280821,2.627224089501
4301.056300988421,bench:c3e6e3b38b352ca5,3,2.83974,0.9283507,2.636274616818
4305.122883000877,bench:c3e6e3b38b352ca5,3,2.92011,0.9280821,2.7101018210310004
4309.242834991892,bench:c3e6e3b38b352ca5,3,2.83974,0.9286194,2.637037654956
4313.3001389942365,bench:c3e6e3b38b352ca5,3,2.87546,0.9294252,2.6725249855919997
4317.418738995912,bench:c3e6e3b38b352ca5,3,3.06299,0.928888,2.84517465512
4321.542300996953,bench:c3e6e3b38b352ca5,3,2.80402,0.9286194,2.603867369988
4325.6490679923445,bench:c3e6e3b38b352ca5,3,2.87546,0.9315742,2.678704349132
4329.720945999725,bench:c3e6e3b38b352ca5,3,2.83081,0.9280821,2.627224089501
4333.829137991415,bench:c3e6e3b38b352ca5,3,2.79509,0.9291566,2.597076321094
4337.964089994784,bench:c3e6e3b38b352ca5,3,2.80402,0.9294252,2.6061268493039997
4342.063042000518,bench:c3e6e3b38b352ca5,3,2.86653,0.9286194,2.661915368682
4346.140511988779,bench:c3e6e3b38b352ca5,3,2.81295,0.9291566,2.61367105797
4350.226889990154,bench:c3e6e3b38b352ca5,3,2.83081,0.9283507,2.627984445067
4354.326507993392,bench:c3e6e3b38b352ca5,3,2.84867,0.9291566,2.646860531722
4358.399534001364,bench:c3e6e3b38b352ca5,3,2.79509,0.9286194,2.595574798746
4362.532318991725,bench:c3e6e3b38b352ca5,3,2.83081,0.9294252,2.631026150412
4366.7048450006405,bench:c3e6e3b38b352ca5,3,2.8576,0.928888,2.6543903488000002
4370.751370996004,bench:c3e6e3b38b352ca5,3,2.79509,0.9280821,2.594072996889
4374.837266994291,bench:c3e6e3b38b352ca5,3,2.81295,0.9294252,2.61442661634
4378.961107999203,bench:c3e6e3b38b352ca5,3,2.78616,0.9286194,2.587282227504
4383.036485989578,bench:c3e6e3b38b352ca5,3,2.79509,0.9286194,2.595574798746
4387.109900999349,bench:c3e6e3b38b352ca5,3,2.84867,0.9283507,2.644564788569
4391.196148993913,bench:c3e6e3b38b352ca5,3,2.82188,0.9283507,2.619694273316
4395.3417479933705,bench:c3e6e3b38b352ca5,3,2.83081,0.9283507,2.627984445067
4399.491088988725,bench:c3e6e3b38b352ca5,3,2.82188,0.9286194,2.620452512472
4403.56985499966,bench:c3e6e3b38b352ca5,3,2.83974,0.9291566,2.638563163284
4407.803435999085,bench:c3e6e3b38b352ca5,3,2.80402,0.9286194,2.603867369988
4411.914646989317,bench:c3e6e3b38b352ca5,3,2.82188,0.9294252,2.622726383376
4416.025320999324,bench:c3e6e3b38b352ca5,3,2.7683,0.928888,2.5714406504
4420.111995001207,bench:c3e6e3b38b352ca5,3,2.83081,0.9283507,2.627984445067
4424.218038999243,bench:c3e6e3b38b352ca5,3,2.79509,0.9283507,2.594823758063
4428.3133429999,bench:c3e6e3b38b352ca5,3,2.81295,0.9291566,2.61367105797
4432.395183990593,bench:c3e6e3b38b352ca5,3,2.79509,0.9283507,2.594823758063
4436.47669100028,bench:c3e6e3b38b352ca5,3,2.83974,0.9291566,2.638563163284
4440.592012993875,bench:c3e6e3b38b352ca5,3,2.89332,0.9294252,2.689124519664
4444.476817996474,bench:c3e6e3b38b352ca5,3,2.81295,0.928888,2.6129154996
4448.504696993041,bench:c3e6e3b38b352ca5,3,2.83081,0.928888,2.6295054392800004
4452.644074001,bench:c3e6e3b38b352ca5,3,2.83081,0.9286194,2.628745083714
4456.807618000312,bench:c3e6e3b38b352ca5,3,2.83081,0.9286194,2.628745083714
4460.937476993422,bench:c3e6e3b38b352ca5,3,2.79509,0.9286194,2.595574798746
4465.057131994399,bench:c3e6e3b38b352ca5,3,2.83974,0.928888,2.63780040912
4469.208712995169,bench:c3e6e3b38b352ca5,3,2.83974,0.928888,2.63780040912
4473.262627987424,bench:c3e6e3b38b352ca5,3,2.81295,0.9283507,2.611404101565
4477.315691998228,bench:c3e6e3b38b352ca5,3,2.79509,0.9304997,2.6008304064730003
4481.409791987971,bench:c3e6e3b38b352ca5,3,3.46484,0.9294252,3.220309609968
4485.464354991564,bench:c3e6e3b38b352ca5,3,2.87546,0.9294252,2.6725249855919997
4489.5610659878,bench:c3e6e3b38b352ca5,3,2.83974,0.928888,2.63780040912
4493.688905989984,bench:c3e6e3b38b352ca5,3,2.90225,0.9283507,2.6943058190749998
4497.789413988357,bench:c3e6e3b38b352ca5,3,2.81295,0.9286194,2.61215994123
4501.909383994644,bench:c3e6e3b38b352ca5,3,2.81295,0.9283507,2.611404101565
4506.002705995343,bench:c3e6e3b38b352ca5,3,2.84867,0.9286194,2.645330226198
4510.10726900131,bench:c3e6e3b38b352ca5,3,2.81295,0.928888,2.6129154996
4514.17114699143,bench:c3e6e3b38b352ca5,3,2.77723,0.9286194,2.578989656262
4518.255969000165,bench:c3e6e3b38b352ca5,3,2.8576,0.9283507,2.65285496032
4522.325050988002,bench:c3e6e3b38b352ca5,3,2.83081,0.9294252,2.631026150412
4526.431483987835,bench:c3e6e3b38b352ca5,3,2.84867,0.9283507,2.644564788569
4530.584768988774,bench:c3e6e3b38b352ca5,3,2.82188,0.9299625,2.6242425795
4534.663775993977,bench:c3e6e3b38b352ca5,3,2.83974,0.928888,2.63780040912
4538.795893997303,bench:c3e6e3b38b352ca5,3,2.80402,0.9294252,2.6061268493039997
4542.9586229874985,bench:c3e6e3b38b352ca5,3,2.77723,0.928888,2.57973562024
4547.066130995518,bench:c3e6e3b38b352ca5,3,2.82188,0.928888,2.6212104694400002
4551.175970991608,bench:c3e6e3b38b352ca5,3,2.78616,0.928888,2.5880305900800002
4555.342292995192,bench:c3e6e3b38b352ca5,3,2.84867,0.9286194,2.645330226198
4559.476855996763,bench:c3e6e3b38b352ca5,3,2.77723,0.9286194,2.578989656262
4563.564140989911,bench:c3e6e3b38b352ca5,3,2.79509,0.928888,2.5963255599200004
4567.722888998105,bench:c3e6e3b38b352ca5,3,2.81295,0.9304997,2.617449131115
4571.864876998006,bench:c3e6e3b38b352ca5,3,2.84867,0.9291566,2.646860531722
4575.972217993694,bench:c3e6e3b38b352ca5,3,2.80402,0.9291566,2.605373689532
4580.031150995637,bench:c3e6e3b38b352ca5,3,2.84867,0.9283507,2.644564788569
4584.094270001515,bench:c3e6e3b38b352ca5,3,2.83081,0.928888,2.6295054392800004
4588.1831659935415,bench:c3e6e3b38b352ca5,3,2.86653,0.928888,2.6626853186400004
4592.266154999379,bench:c3e6e3b38b352ca5,3,2.8576,0.9286194,2.65362279744
4596.393365995027,bench:c3e6e3b38b352ca5,3,2.79509,0.928888,2.5963255599200004
4600.451651000185,bench:c3e6e3b38b352ca5,3,2.81295,0.9283507,2.611404101565
4604.4888439937495,bench:c3e6e3b38b352ca5,3,2.75044,0.9294252,2.556328247088
4608.614110999042,bench:c3e6e3b38b352ca5,3,2.84867,0.9283507,2.644564788569
4612.674821997643,bench:c3e6e3b38b352ca5,3,2.84867,0.9283507,2.644564788569
4616.748458996881,bench:c3e6e3b38b352ca5,3,2.80402,0.928888,2.60462052976
4620.77729999146,bench:c3e6e3b38b352ca5,3,2.78616,0.9286194,2.587282227504
4624.849603991606,bench:c3e6e3b38b352ca5,3,2.77723,0.9294252,2.581227548196
4628.9056300011,bench:c3e6e3b38b352ca5,3,2.79509,0.9291566,2.597076321094
4633.014970997465,bench:c3e6e3b38b352ca5,3,2.80402,0.9280821,2.602360770042
4637.120088998927,bench:c3e6e3b38b352ca5,3,2.95583,0.928888,2.74563501704
4641.176819000975,bench:c3e6e3b38b352ca5,3,2.79509,0.9294252,2.597827082268
4645.242289989255,bench:c3e6e3b38b352ca5,3,2.81295,0.928888,2.6129154996
4649.344778998056,bench:c3e6e3b38b352ca5,3,2.91118,0.9286194,2.703378224892
4653.47411899711,bench:c3e6e3b38b352ca5,3,3.05406,0.9291566,2.837700005796
4657.632107991958,bench:c3e6e3b38b352ca5,3,2.91118,0.9302311,2.7080701736979997
4661.7516330006765,bench:c3e6e3b38b352ca5,3,2.83081,0.9286194,2.628745083714
4665.893362995121,bench:c3e6e3b38b352ca5,3,2.83974,0.9291566,2.638563163284
4670.014185001492,bench:c3e6e3b38b352ca5,3,2.84867,0.9294252,2.647625684484
4674.147505997098,bench:c3e6e3b38b352ca5,3,2.79509,0.9286194,2.595574798746
4678.203587987809,bench:c3e6e3b38b352ca5,3,2.79509,0.928888,2.5963255599200004
4682.29533599515,bench:c3e6e3b38b352ca5,3,2.83081,0.9286194,2.628745083714
4686.3662879914045,bench:c3e6e3b38b352ca5,3,2.84867,0.928888,2.64609537896
4690.500683995197,bench:c3e6e3b38b352ca5,3,2.79509,0.9286194,2.595574798746
4694.590968996636,bench:c3e6e3b38b352ca5,3,2.83081,0.9283507,2.627984445067
4698.688994991244,bench:c3e6e3b38b352ca5,3,2.83081,0.9283507,2.627984445067
4702.781798987417,bench:c3e6e3b38b352ca5,3,2.79509,0.9291566,2.597076321094
4706.933990994003,bench:c3e6e3b38b352ca5,3,2.86653,0.928888,2.6626853186400004
4711.037275992567,bench:c3e6e3b38b352ca5,3,2.80402,0.9286194,2.603867369988
4715.104875998804,bench:c3e6e3b38b352ca5,3,2.79509,0.9291566,2.597076321094
4719.226234999951,bench:c3e6e3b38b352ca5,3,2.83081,0.928888,2.6295054392800004
4723.381334988517,bench:c3e6e3b38b352ca5,3,2.80402,0.9283507,2.603113929814
4727.4655279907165,bench:c3e6e3b38b352ca5,3,2.83974,0.9280821,2.635511862654
4731.5727199893445,bench:c3e6e3b38b352ca5,3,2.81295,0.928888,2.6129154996
4735.658302000957,bench:c3e6e3b38b352ca5,3,2.84867,0.928888,2.64609537896
4739.743382990127,bench:c3e6e3b38b352ca5,3,2.81295,0.928888,2.6129154996
4743.879926987574,bench:c3e6e3b38b352ca5,3,2.83081,0.9286194,2.628745083714
4747.995341997012,bench:c3e6e3b38b352ca5,3,2.83081,0.9280821,2.627224089501
4752.095089992508,bench:c3e6e3b38b352ca5,3,2.77723,0.9286194,2.578989656262
4756.236745000933,bench:c3e6e3b38b352ca5,3,2.83974,0.9291566,2.638563163284
4760.44536299014,bench:c3e6e3b38b352ca5,3,2.83081,0.928888,2.6295054392800004
4764.589332989999,bench:c3e6e3b38b352ca5,3,2.81295,0.9280821,2.610648543195
4768.690691998927,bench:c3e6e3b38b352ca5,3,2.81295,0.9291566,2.61367105797
4772.8074209881015,bench:c3e6e3b38b352ca5,3,2.79509,0.9286194,2.595574798746
4776.891372996033,bench:c3e6e3b38b352ca5,3,2.79509,0.9291566,2.597076321094
4780.967603001045,bench:c3e6e3b38b352ca5,3,2.83081,0.928888,2.6295054392800004
4788.0091260012705,bench:c3e6e3b38b352ca5,3,2.83081,0.9283507,2.627984445067
4794.879372988362,bench:c3e6e3b38b352ca5,3,2.79509,0.928888,2.5963255599200004
4799.031620001188,bench:c3e6e3b38b352ca5,3,2.89332,0.9286194,2.686793082408
4803.150201987592,bench:c3e6e3b38b352ca5,3,2.81295,0.928888,2.6129154996
4807.253430990386,bench:c3e6e3b38b352ca5,3,2.83974,0.9286194,2.637037654956
4811.353160999715,bench:c3e6e3b38b352ca5,3,2.82188,0.9299625,2.6242425795
4815.5440379923675,bench:c3e6e3b38b352ca5,3,2.84867,0.9291566,2.646860531722
4819.707432994619,bench:c3e6e3b38b352ca5,3,2.81295,0.9280821,2.610648543195
4827.869133994682,bench:c3e6e3b38b352ca5,3,2.83081,0.928888,2.6295054392800004
4831.967288992018,bench:c3e6e3b38b352ca5,3,2.83974,0.9283507,2.636274616818
4836.074592996738,bench:c3e6e3b38b352ca5,3,2.79509,0.9286194,2.595574798746
4840.23002498725,bench:c3e6e3b38b352ca5,3,2.86653,0.9283507,2.661145132071
4844.3391069886275,bench:c3e6e3b38b352ca5,3,2.80402,0.9286194,2.603867369988
4848.434298997745,bench:c3e6e3b38b352ca5,3,2.82188,0.9294252,2.622726383376
4852.54965799686,bench:c3e6e3b38b352ca5,3,2.83974,0.9275449,2.633986354326
4856.649517998449,bench:c3e6e3b38b352ca5,3,2.89332,0.928888,2.6875702281600002
4860.806598997442,bench:c3e6e3b38b352ca5,3,2.83974,0.9286194,2.637037654956
4864.926123991609,bench:c3e6e3b38b352ca5,3,2.84867,0.9286194,2.645330226198
4869.000057995436,bench:c3e6e3b38b352ca5,3,2.82188,0.9291566,2.6219684264080003
4873.11563899857,bench:c3e6e3b38b352ca5,3,2.81295,0.928888,2.6129154996
4877.163461991586,bench:c3e6e3b38b352ca5,3,2.81295,0.9294252,2.61442661634
4881.21904298896,bench:c3e6e3b38b352ca5,3,2.8576,0.9283507,2.65285496032
4885.34773599531,bench:c3e6e3b38b352ca5,3,2.84867,0.9280821,2.643799635807
4889.491353998892,bench:c3e6e3b38b352ca5,3,2.91118,0.928888,2.70416016784
4893.58630598872,bench:c3e6e3b38b352ca5,3,2.83974,0.9294252,2.6393259174479997
4897.640497991233,bench:c3e6e3b38b352ca5,3,2.79509,0.9283507,2.594823758063
4901.706209988333,bench:c3e6e3b38b352ca5,3,2.84867,0.928888,2.64609537896
4905.815735997749,bench:c3e6e3b38b352ca5,3,2.78616,0.9286194,2.587282227504
4909.90696499648,bench:c3e6e3b38b352ca5,3,2.82188,0.9286194,2.620452512472
4913.977453994448,bench:c3e6e3b38b352ca5,3,2.83974,0.9280821,2.635511862654
4918.060109994258,bench:c3e6e3b38b352ca5,3,2.83974,0.9294252,2.6393259174479997
4922.14839499502,bench:c3e6e3b38b352ca5,3,2.83081,0.9283507,2.627984445067
4926.297586993314,bench:c3e6e3b38b352ca5,3,2.8576,0.9286194,2.65362279744
4930.386334992363,bench:c3e6e3b38b352ca5,3,2.84867,0.9286194,2.645330226198
4934.473564993823,bench:c3e6e3b38b352ca5,3,2.83974,0.9283507,2.636274616818
4938.5552759922575,bench:c3e6e3b38b352ca5,3,2.87546,0.928888,2.67098028848
4942.638542997884,bench:c3e6e3b38b352ca5,3,2.84867,0.9291566,2.646860531722
4946.673624988762,bench:c3e6e3b38b352ca5,3,2.87546,0.928888,2.67098028848
4950.746613991214,bench:c3e6e3b38b352ca5,3,2.81295,0.9291566,2.61367105797
4954.796213991358,bench:c3e6e3b38b352ca5,3,2.83081,0.9283507,2.627984445067
4958.86316600081,bench:c3e6e3b38b352ca5,3,2.83974,0.9291566,2.638563163284
4963.01454299828,bench:c3e6e3b38b352ca5,3,2.83974,0.9294252,2.6393259174479997
4967.231938993791,bench:c3e6e3b38b352ca5,3,2.83081,0.9286194,2.628745083714
4971.454129990889,bench:c3e6e3b38b352ca5,3,2.81295,0.928888,2.6129154996
4975.557396988734,bench:c3e6e3b38b352ca5,3,2.81295,0.9294252,2.61442661634
4979.796439991333,bench:c3e6e3b38b352ca5,3,2.84867,0.928888,2.64609537896
4983.913855001447,bench:c3e6e3b38b352ca5,3,2.83081,0.9291566,2.630265794846
4988.013713998953,bench:c3e6e3b38b352ca5,3,2.83974,0.9286194,2.637037654956
4992.086165992077,bench:c3e6e3b38b352ca5,3,2.81295,0.9283507,2.611404101565
4996.243839996168,bench:c3e6e3b38b352ca5,3,2.83081,0.9291566,2.630265794846
5000.324402994011,bench:c3e6e3b38b352ca5,3,2.84867,0.9286194,2.645330226198
5004.42981699598,bench:c3e6e3b38b352ca5,3,2.83081,0.928888,2.6295054392800004
5008.553084000596,bench:c3e6e3b38b352ca5,3,2.79509,0.9291566,2.597076321094
5012.67010999436,bench:c3e6e3b38b352ca5,3,2.78616,0.9291566,2.5887789526560003
5016.745005996199,bench:c3e6e3b38b352ca5,3,2.83081,0.9280821,2.627224089501
5020.852310000919,bench:c3e6e3b38b352ca5,3,2.83081,0.9283507,2.627984445067
5024.889558000723,bench:c3e6e3b38b352ca5,3,2.79509,0.928888,2.5963255599200004
5028.999879999901,bench:c3e6e3b38b352ca5,3,2.84867,0.9286194,2.645330226198
5033.138497994514,bench:c3e6e3b38b352ca5,3,2.83974,0.9283507,2.636274616818
5037.2140059917,bench:c3e6e3b38b352ca5,3,2.83081,0.9286194,2.628745083714
5041.270087996963,bench:c3e6e3b38b352ca5,3,2.83081,0.928888,2.6295054392800004
5045.397131994832,bench:c3e6e3b38b352ca5,3,2.88439,0.9286194,2.678500511166
5049.508064999827,bench:c3e6e3b38b352ca5,3,2.91118,0.9286194,2.703378224892
5053.579849991365,bench:c3e6e3b38b352ca5,3,2.83081,0.928888,2.6295054392800004
5057.659857993713,bench:c3e6e3b38b352ca5,3,2.81295,0.9283507,2.611404101565
5061.757753996062,bench:c3e6e3b38b352ca5,3,2.87546,0.9294252,2.6725249855919997
5065.880871989066,bench:c3e6e3b38b352ca5,3,2.83974,0.9286194,2.637037654956
5070.105323000462,bench:c3e6e3b38b352ca5,3,2.81295,0.928888,2.6129154996
5084.404089997406,bench:c3e6e3b38b352ca5,3,2.77723,0.9291566,2.580481584218
5088.654762992519,bench:c3e6e3b38b352ca5,3,2.80402,0.9291566,2.605373689532
5114.688814996043,bench:c3e6e3b38b352ca5,3,2.84867,0.9294252,2.647625684484
5118.844876997173,bench:c3e6e3b38b352ca5,3,2.83974,0.9304997,2.642377218078
5123.045365995495,bench:c3e6e3b38b352ca5,3,3.46484,0.9286194,3.217517641896
5128.049052000279,bench:c3e6e3b38b352ca5,3,2.70579,0.9286194,2.512649086326
5133.03910799732,bench:c3e6e3b38b352ca5,3,2.75937,0.9294252,2.564628014124
5137.225762999151,bench:c3e6e3b38b352ca5,3,2.679,0.9286194,2.4877713725999997
5141.302714997437,bench:c3e6e3b38b352ca5,3,2.71472,0.9283507,2.5202122123039996
5145.376610991661,bench:c3e6e3b38b352ca5,3,3.42019,0.928888,3.17697344872
5149.443692993373,bench:c3e6e3b38b352ca5,3,2.68793,0.9286194,2.496063943842
5153.551477997098,bench:c3e6e3b38b352ca5,3,2.7683,0.9283507,2.56995324281
5157.681484997738,bench:c3e6e3b38b352ca5,3,2.75937,0.9280821,2.560921904277
5161.798288987484,bench:c3e6e3b38b352ca5,3,2.75937,0.9286194,2.562404513778
5165.899665997131,bench:c3e6e3b38b352ca5,3,2.81295,0.9286194,2.61215994123
5170.018135991995,bench:c3e6e3b38b352ca5,3,2.75937,0.9280821,2.560921904277
5174.140383998747,bench:c3e6e3b38b352ca5,3,2.72365,0.928888,2.5299658012000004
5178.297853999538,bench:c3e6e3b38b352ca5,3,2.70579,0.9286194,2.512649086326
5182.420823999564,bench:c3e6e3b38b352ca5,3,2.73258,0.9286194,2.537526800052
5186.6331639903365,bench:c3e6e3b38b352ca5,3,3.26838,0.9304997,3.0412266094860003
5190.7715419947635,bench:c3e6e3b38b352ca5,3,2.72365,0.928888,2.5299658012000004
5194.850233994657,bench:c3e6e3b38b352ca5,3,2.75937,0.928888,2.5631456805600004
5201.495444998727,bench:c3e6e3b38b352ca5,3,2.84867,0.9286194,2.645330226198
5205.615803992259,bench:c3e6e3b38b352ca5,3,2.84867,0.928888,2.64609537896
5209.680422995007,bench:c3e6e3b38b352ca5,3,2.87546,0.9280821,2.668662955266
5213.75463399454,bench:c3e6e3b38b352ca5,3,2.88439,0.9280821,2.676950728419
5217.838270997163,bench:c3e6e3b38b352ca5,3,2.80402,0.9280821,2.602360770042
5221.901797995088,bench:c3e6e3b38b352ca5,3,2.83974,0.9286194,2.637037654956
5226.00835999765,bench:c3e6e3b38b352ca5,3,2.81295,0.9283507,2.611404101565
5230.135292993509,bench:c3e6e3b38b352ca5,3,2.81295,0.9280821,2.610648543195
5234.216244993149,bench:c3e6e3b38b352ca5,3,2.81295,0.9286194,2.61215994123
5238.291789995856,bench:c3e6e3b38b352ca5,3,2.87546,0.9283507,2.669435303822
5242.406592995394,bench:c3e6e3b38b352ca5,3,2.87546,0.9304997,2.675614667362
5246.512286001234,bench:c3e6e3b38b352ca5,3,2.83974,0.9299625,2.64085170975
5250.622163992375,bench:c3e6e3b38b352ca5,3,2.83081,0.9280821,2.627224089501
5254.736948991194,bench:c3e6e3b38b352ca5,3,2.82188,0.928888,2.6212104694400002
5258.831177998218,bench:c3e6e3b38b352ca5,3,2.84867,0.9286194,2.645330226198
5262.895407999167,bench:c3e6e3b38b352ca5,3,2.82188,0.9286194,2.620452512472
5266.959878994385,bench:c3e6e3b38b352ca5,3,2.83081,0.9283507,2.627984445067
5271.114959992701,bench:c3e6e3b38b352ca5,3,2.81295,0.9283507,2.611404101565
5275.136411990388,bench:c3e6e3b38b352ca5,3,2.83974,0.9294252,2.6393259174479997
5279.245807992993,bench:c3e6e3b38b352ca5,3,2.84867,0.928888,2.64609537896
5283.376962994225,bench:c3e6e3b38b352ca5,3,2.87546,0.928888,2.67098028848
5287.509247995331,bench:c3e6e3b38b352ca5,3,2.81295,0.9291566,2.61367105797
5291.603921999922,bench:c3e6e3b38b352ca5,3,2.81295,0.9275449,2.609137426455
5295.70817000058,bench:c3e6e3b38b352ca5,3,2.80402,0.9283507,2.603113929814
5299.804030000814,bench:c3e6e3b38b352ca5,3,2.83974,0.9299625,2.64085170975
5303.918352001347,bench:c3e6e3b38b352ca5,3,2.83974,0.928888,2.63780040912
5307.997488998808,bench:c3e6e3b38b352ca5,3,2.84867,0.9283507,2.644564788569
5312.078088987619,bench:c3e6e3b38b352ca5,3,2.83081,0.9286194,2.628745083714
5316.195688996231,bench:c3e6e3b38b352ca5,3,2.81295,0.9283507,2.611404101565
5320.320621991414,bench:c3e6e3b38b352ca5,3,2.83081,0.9294252,2.631026150412
5324.367128996528,bench:c3e6e3b38b352ca5,3,2.82188,0.928888,2.6212104694400002
5328.449136999552,bench:c3e6e3b38b352ca5,3,2.83081,0.9294252,2.631026150412
5332.510533000459,bench:c3e6e3b38b352ca5,3,2.83974,0.928888,2.63780040912
5336.563929988188,bench:c3e6e3b38b352ca5,3,2.84867,0.928888,2.64609537896
5340.747547990759,bench:c3e6e3b38b352ca5,3,2.83974,0.9286194,2.637037654956
5344.824128987966,bench:c3e6e3b38b352ca5,3,2.83081,0.9294252,2.631026150412
5348.9031919889385,bench:c3e6e3b38b352ca5,3,2.83974,0.928888,2.63780040912
5352.970330000971,bench:c3e6e3b38b352ca5,3,2.81295,0.9286194,2.61215994123
5357.067410994205,bench:c3e6e3b38b352ca5,3,2.83081,0.9283507,2.627984445067
5361.149806994945,bench:c3e6e3b38b352ca5,3,2.82188,0.9286194,2.620452512472
5365.204962989083,bench:c3e6e3b38b352ca5,3,2.86653,0.9286194,2.661915368682
5369.421950992546,bench:c3e6e3b38b352ca5,3,3.4827,0.9296938,3.23784459726
5373.537957988447,bench:c3e6e3b38b352ca5,3,2.82188,0.9283507,2.619694273316
5377.620521001518,bench:c3e6e3b38b352ca5,3,2.88439,0.9286194,2.678500511166
5381.66591800109,bench:c3e6e3b38b352ca5,3,2.83974,0.9286194,2.637037654956
5385.705832988606,bench:c3e6e3b38b352ca5,3,2.82188,0.9283507,2.619694273316
5389.817339993897,bench:c3e6e3b38b352ca5,3,2.83081,0.928888,2.6295054392800004
5393.929773999844,bench:c3e6e3b38b352ca5,3,2.80402,0.928888,2.60462052976
5398.078168989741,bench:c3e6e3b38b352ca5,3,2.84867,0.9296938,2.6483908372459997
5402.136065997183,bench:c3e6e3b38b352ca5,3,2.86653,0.9294252,2.664225218556
5406.206406987621,bench:c3e6e3b38b352ca5,3,2.83081,0.9294252,2.631026150412
5410.269747997518,bench:c3e6e3b38b352ca5,3,2.77723,0.9286194,2.578989656262
5414.3988479918335,bench:c3e6e3b38b352ca5,3,2.81295,0.9286194,2.61215994123
5418.468281000969,bench:c3e6e3b38b352ca5,3,2.84867,0.928888,2.64609537896
5422.554399992805,bench:c3e6e3b38b352ca5,3,2.83974,0.9291566,2.638563163284
5426.651721994858,bench:c3e6e3b38b352ca5,3,2.84867,0.9283507,2.644564788569
5430.729728992446,bench:c3e6e3b38b352ca5,3,2.82188,0.9283507,2.619694273316
5434.79805199604,bench:c3e6e3b38b352ca5,3,2.81295,0.9283507,2.611404101565
5438.864003997878,bench:c3e6e3b38b352ca5,3,2.82188,0.9286194,2.620452512472
5442.9384929972,bench:c3e6e3b38b352ca5,3,2.80402,0.9286194,2.603867369988
5446.980259992415,bench:c3e6e3b38b352ca5,3,2.84867,0.9278135,2.6430344830449997
5451.071766990935,bench:c3e6e3b38b352ca5,3,2.82188,0.9286194,2.620452512472
5455.126200991799,bench:c3e6e3b38b352ca5,3,2.80402,0.9283507,2.603113929814
5459.251021995442,bench:c3e6e3b38b352ca5,3,2.79509,0.9286194,2.595574798746
5463.333473991952,bench:c3e6e3b38b352ca5,3,2.82188,0.9286194,2.620452512472
5467.499833001057,bench:c3e6e3b38b352ca5,3,2.84867,0.9286194,2.645330226198
5471.578377997503,bench:c3e6e3b38b352ca5,3,2.81295,0.928888,2.6129154996
5475.667644001078,bench:c3e6e3b38b352ca5,3,2.8576,0.9286194,2.65362279744
5479.771002996131,bench:c3e6e3b38b352ca5,3,2.84867,0.9291566,2.646860531722
5483.938731995295,bench:c3e6e3b38b352ca5,3,2.90225,0.9283507,2.6943058190749998
5488.023294994491,bench:c3e6e3b38b352ca5,3,2.82188,0.9286194,2.620452512472
5492.121691990178,bench:c3e6e3b38b352ca5,3,2.88439,0.9283507,2.677725475573
5496.19931000052,bench:c3e6e3b38b352ca5,3,2.82188,0.928888,2.6212104694400002
5500.274539997918,bench:c3e6e3b38b352ca5,3,2.75937,0.9283507,2.561663071059
5504.318324994529,bench:c3e6e3b38b352ca5,3,2.83081,0.9283507,2.627984445067
5508.420407000813,bench:c3e6e3b38b352ca5,3,2.83974,0.9299625,2.64085170975
5512.549691993627,bench:c3e6e3b38b352ca5,3,2.79509,0.9304997,2.6008304064730003
5516.578865994234,bench:c3e6e3b38b352ca5,3,2.86653,0.9286194,2.661915368682
5520.651058992371,bench:c3e6e3b38b352ca5,3,2.83081,0.9283507,2.627984445067
5524.7204920015065,bench:c3e6e3b38b352ca5,3,2.82188,0.9294252,2.622726383376
5528.820684994571,bench:c3e6e3b38b352ca5,3,2.78616,0.9280821,2.5857852237360004
5532.885821987293,bench:c3e6e3b38b352ca5,3,2.83081,0.928888,2.6295054392800004
5536.966495987144,bench:c3e6e3b38b352ca5,3,2.83081,0.9286194,2.628745083714
5541.04542999994,bench:c3e6e3b38b352ca5,3,2.83081,0.928888,2.6295054392800004
5545.125251999707,bench:c3e6e3b38b352ca5,3,2.88439,0.928888,2.67927525832
5549.223444992094,bench:c3e6e3b38b352ca5,3,2.81295,0.9283507,2.611404101565
5553.351543989265,bench:c3e6e3b38b352ca5,3,2.83081,0.9283507,2.627984445067
5557.506013996317,bench:c3e6e3b38b352ca5,3,2.8576,0.9286194,2.65362279744
5561.555502994452,bench:c3e6e3b38b352ca5,3,2.83974,0.9291566,2.638563163284
5565.633325997624,bench:c3e6e3b38b352ca5,3,2.82188,0.9294252,2.622726383376
5569.731369992951,bench:c3e6e3b38b352ca5,3,2.88439,0.9283507,2.677725475573
5573.820525998599,bench:c3e6e3b38b352ca5,3,2.81295,0.9291566,2.61367105797
5577.898143994389,bench:c3e6e3b38b352ca5,3,2.83974,0.9291566,2.638563163284
5581.893392998609,idle,3,2.82188,0.9286194,2.620452512472
5586.0965109895915,idle,3,1.58061,0.9283507,1.467360399927
5600.344629987376,idle,3,1.57168,0.9283507,1.459070228176
5604.6037649939535,bench:d908ade19db0c477,4,1.58954,0.9286194,1.476077681076
5608.8120130007155,bench:d908ade19db0c477,4,1.57168,0.9283507,1.459070228176
5623.07687199791,bench:d908ade19db0c477,4,1.56275,0.928888,1.4516197220000002
5627.416525996523,bench:d908ade19db0c477,4,2.7683,0.9294252,2.5729277811599998
5631.534273998113,bench:d908ade19db0c477,4,2.75044,0.9294252,2.556328247088
5635.655336998752,bench:d908ade19db0c477,4,2.79509,0.9291566,2.597076321094
5639.730547991348,bench:d908ade19db0c477,4,2.83974,0.9286194,2.637037654956
5643.821684992872,bench:d908ade19db0c477,4,2.78616,0.928888,2.5880305900800002
5647.908895989531,bench:d908ade19db0c477,4,2.79509,0.9291566,2.597076321094
5652.009754994651,bench:d908ade19db0c477,4,2.79509,0.928888,2.5963255599200004
5656.110836993321,bench:d908ade19db0c477,4,2.82188,0.9283507,2.619694273316
5660.148010996636,bench:d908ade19db0c477,4,2.7683,0.9286194,2.57069708502
5664.157036997494,bench:d908ade19db0c477,4,2.83974,0.9294252,2.6393259174479997
5668.2517859881045,bench:d908ade19db0c477,4,2.80402,0.9291566,2.605373689532
5672.314422990894,bench:d908ade19db0c477,4,2.75044,0.928888,2.5548507107200003
5676.375782000832,bench:d908ade19db0c477,4,2.82188,0.9294252,2.622726383376
5680.483270989498,bench:d908ade19db0c477,4,2.78616,0.9283507,2.586533586312
5684.622518994729,bench:d908ade19db0c477,4,2.80402,0.928888,2.60462052976
5688.664526998764,bench:d908ade19db0c477,4,2.75937,0.9294252,2.564628014124
5692.765088999295,bench:d908ade19db0c477,4,2.81295,0.9286194,2.61215994123
5696.825837992947,bench:d908ade19db0c477,4,2.84867,0.9286194,2.645330226198
5700.921474999632,bench:d908ade19db0c477,4,2.75937,0.928888,2.5631456805600004
5704.952759988373,bench:d908ade19db0c477,4,2.81295,0.9283507,2.611404101565
5709.0571009903215,bench:d908ade19db0c477,4,2.80402,0.928888,2.60462052976
5713.227829997777,bench:d908ade19db0c477,4,2.80402,0.9294252,2.6061268493039997
5717.3298739944585,bench:d908ade19db0c477,4,2.78616,0.9283507,2.586533586312
5721.443695991184,bench:d908ade19db0c477,4,2.8576,0.9286194,2.65362279744
5725.528962997487,bench:d908ade19db0c477,4,2.77723,0.9280821,2.577497450583
5729.68306299299,bench:d908ade19db0c477,4,2.78616,0.9286194,2.587282227504
5733.759791997727,bench:d908ade19db0c477,4,2.74151,0.9286194,2.545819371294
5737.8572070010705,bench:d908ade19db0c477,4,2.8576,0.9286194,2.65362279744
5742.0104919874575,bench:d908ade19db0c477,4,2.83974,0.928888,2.63780040912
5746.1140919913305,bench:d908ade19db0c477,4,2.81295,0.9286194,2.61215994123
5750.223153998377,bench:d908ade19db0c477,4,2.83081,0.9291566,2.630265794846
5754.2936989921145,bench:d908ade19db0c477,4,2.81295,0.9283507,2.611404101565
5758.410242997343,bench:d908ade19db0c477,4,2.82188,0.9283507,2.619694273316
5762.456880998798,bench:d908ade19db0c477,4,2.75937,0.9294252,2.564628014124
5766.513387992745,bench:d908ade19db0c477,4,2.82188,0.928888,2.6212104694400002
5770.5903589958325,bench:d908ade19db0c477,4,2.82188,0.928888,2.6212104694400002
5774.665513992659,bench:d908ade19db0c477,4,2.81295,0.9286194,2.61215994123
5778.75420700002,bench:d908ade19db0c477,4,2.77723,0.9283507,2.578243414561
5782.861084997421,bench:d908ade19db0c477,4,2.78616,0.928888,2.5880305900800002
5786.983091995353,bench:d908ade19db0c477,4,2.74151,0.9286194,2.545819371294
5791.064154997002,bench:d908ade19db0c477,4,2.77723,0.9286194,2.578989656262
5795.118680995074,bench:d908ade19db0c477,4,2.7683,0.9283507,2.56995324281
5799.188447999768,bench:d908ade19db0c477,4,2.75937,0.9286194,2.562404513778
5803.248269992764,bench:d908ade19db0c477,4,2.80402,0.9286194,2.603867369988
5807.354258999112,bench:d908ade19db0c477,4,2.78616,0.9280821,2.5857852237360004
5811.446025996702,bench:d908ade19db0c477,4,2.79509,0.928888,2.5963255599200004
5815.51486699027,bench:d908ade19db0c477,4,2.77723,0.9283507,2.578243414561
5819.608947989764,bench:d908ade19db0c477,4,2.79509,0.9294252,2.597827082268
5823.70282599004,bench:d908ade19db0c477,4,2.79509,0.9283507,2.594823758063
5831.830525989062,bench:d908ade19db0c477,4,2.7683,0.9283507,2.56995324281
5835.954106994905,bench:d908ade19db0c477,4,2.75044,0.9283507,2.553372899308
5840.0443739956245,bench:d908ade19db0c477,4,2.77723,0.9291566,2.580481584218
5844.123529997887,bench:d908ade19db0c477,4,2.81295,0.9283507,2.611404101565
5848.161703994265,bench:d908ade19db0c477,4,2.7683,0.9291566,2.57218421578
5852.202490001218,bench:d908ade19db0c477,4,2.83974,0.9294252,2.6393259174479997
5856.283626999357,bench:d908ade19db0c477,4,2.75937,0.9291566,2.5638868473420002
5860.3857639973285,bench:d908ade19db0c477,4,2.75937,0.9286194,2.562404513778
5864.436252988526,bench:d908ade19db0c477,4,2.75937,0.9286194,2.562404513778
5868.503963996773,bench:d908ade19db0c477,4,2.80402,0.928888,2.60462052976
5872.593619991676,bench:d908ade19db0c477,4,2.82188,0.9286194,2.620452512472
5876.697831001366,bench:d908ade19db0c477,4,2.77723,0.928888,2.57973562024
5880.804540996905,bench:d908ade19db0c477,4,2.82188,0.9286194,2.620452512472
5884.904900987749,bench:d908ade19db0c477,4,2.79509,0.9291566,2.597076321094
5888.947019993793,bench:d908ade19db0c477,4,2.72365,0.9294252,2.53142894598
5893.028694001259,bench:d908ade19db0c477,4,2.83974,0.9283507,2.636274616818
5897.160478998558,bench:d908ade19db0c477,4,2.83974,0.9286194,2.637037654956
5901.257689998602,bench:d908ade19db0c477,4,2.7683,0.9291566,2.57218421578
5905.342511992785,bench:d908ade19db0c477,4,2.83974,0.928888,2.63780040912
5909.38909399847,bench:d908ade19db0c477,4,3.46484,0.9299625,3.2221712685000004
5913.427489998867,bench:d908ade19db0c477,4,2.92011,0.928888,2.71245513768
5917.488127000979,bench:d908ade19db0c477,4,2.89332,0.9286194,2.686793082408
5921.603800990852,bench:d908ade19db0c477,4,2.84867,0.928888,2.64609537896
5925.744548992952,bench:d908ade19db0c477,4,2.84867,0.928888,2.64609537896
5929.773352996563,bench:d908ade19db0c477,4,2.79509,0.9280821,2.594072996889
5933.8318789959885,bench:d908ade19db0c477,4,2.83974,0.9286194,2.637037654956
5937.917090996052,bench:d908ade19db0c477,4,2.83974,0.928888,2.63780040912
5942.006486991886,bench:d908ade19db0c477,4,2.82188,0.9283507,2.619694273316
5946.055438995245,bench:d908ade19db0c477,4,2.86653,0.9286194,2.661915368682
5950.16935399326,bench:d908ade19db0c477,4,2.77723,0.928888,2.57973562024
5954.238786987844,bench:d908ade19db0c477,4,2.81295,0.9286194,2.61215994123
5958.325942992815,bench:d908ade19db0c477,4,2.75937,0.9283507,2.561663071059
5962.443041993538,bench:d908ade19db0c477,4,2.80402,0.9291566,2.605373689532
5966.526919990429,bench:d908ade19db0c477,4,2.83081,0.9283507,2.627984445067
5970.616241989774,bench:d908ade19db0c477,4,2.75044,0.9286194,2.554111942536
5974.720804995741,bench:d908ade19db0c477,4,2.81295,0.9286194,2.61215994123
5978.769812994869,bench:d908ade19db0c477,4,2.79509,0.9286194,2.595574798746
5982.811598994886,bench:d908ade19db0c477,4,2.77723,0.928888,2.57973562024
5986.816883989377,bench:d908ade19db0c477,4,2.82188,0.9283507,2.619694273316
5990.916094990098,bench:d908ade19db0c477,4,2.77723,0.9286194,2.578989656262
5995.002639989252,bench:d908ade19db0c477,4,2.74151,0.928888,2.54655574088
5999.040258990135,bench:d908ade19db0c477,4,2.7683,0.9283507,2.56995324281
6003.153913989081,bench:d908ade19db0c477,4,2.82188,0.9286194,2.620452512472
6007.350995001616,bench:d908ade19db0c477,4,2.79509,0.9286194,2.595574798746
6011.460334993899,bench:d908ade19db0c477,4,2.81295,0.9286194,2.61215994123
6015.5462689872365,bench:d908ade19db0c477,4,2.77723,0.928888,2.57973562024
6019.573147001211,bench:d908ade19db0c477,4,2.75044,0.928888,2.5548507107200003
6023.732431989629,bench:d908ade19db0c477,4,2.82188,0.9291566,2.6219684264080003
6027.826734993141,bench:d908ade19db0c477,4,2.80402,0.928888,2.60462052976
6031.935056991642,bench:d908ade19db0c477,4,2.83081,0.928888,2.6295054392800004
6036.002953987918,bench:d908ade19db0c477,4,2.83081,0.9286194,2.628745083714
6040.123756989487,bench:d908ade19db0c477,4,2.81295,0.9291566,2.61367105797
6044.217987000593,bench:d908ade19db0c477,4,2.75937,0.9291566,2.5638868473420002
6048.315308988094,bench:d908ade19db0c477,4,2.75044,0.9286194,2.554111942536
6052.3924459994305,bench:d908ade19db0c477,4,2.77723,0.928888,2.57973562024
6056.484304994228,bench:d908ade19db0c477,4,2.83081,0.928888,2.6295054392800004
6060.556386990356,bench:d908ade19db0c477,4,2.78616,0.928888,2.5880305900800002
6064.5976349915145,bench:d908ade19db0c477,4,2.77723,0.9286194,2.578989656262
6068.65492099314,bench:d908ade19db0c477,4,2.7683,0.9286194,2.57069708502
6072.753631990054,bench:d908ade19db0c477,4,2.82188,0.9286194,2.620452512472
6076.848175987834,bench:d908ade19db0c477,4,2.78616,0.9286194,2.587282227504
6080.9213319880655,bench:d908ade19db0c477,4,2.77723,0.9294252,2.581227548196
6085.052727998118,bench:d908ade19db0c477,4,2.81295,0.928888,2.6129154996
6089.153234992409,bench:d908ade19db0c477,4,2.82188,0.9291566,2.6219684264080003
6093.261149988393,bench:d908ade19db0c477,4,2.74151,0.928888,2.54655574088
6097.374823992141,bench:d908ade19db0c477,4,2.90225,0.928888,2.6958651980000004
6101.483256992651,bench:d908ade19db0c477,4,2.91118,0.9283507,2.702595990826
6105.575430992758,bench:d908ade19db0c477,4,2.84867,0.9283507,2.644564788569
6109.667808996164,bench:d908ade19db0c477,4,2.84867,0.9296938,2.6483908372459997
6113.75398299424,bench:d908ade19db0c477,4,2.83081,0.9286194,2.628745083714
6117.845008993754,bench:d908ade19db0c477,4,2.8576,0.9280821,2.6520874089600004
6121.989867999218,bench:d908ade19db0c477,4,2.8576,0.9280821,2.6520874089600004
6126.938831992447,bench:d908ade19db0c477,4,2.69686,0.9291566,2.505805268276
6131.984424995608,bench:d908ade19db0c477,4,2.75044,0.9286194,2.554111942536
6136.100746996817,bench:d908ade19db0c477,4,2.70579,0.928888,2.51337586152
6140.223883994622,bench:d908ade19db0c477,4,2.71472,0.9283507,2.5202122123039996
6144.287798990263,bench:d908ade19db0c477,4,2.679,0.9291566,2.4892105314
6148.410565001541,bench:d908ade19db0c477,4,2.70579,0.9283507,2.511922040553
6152.481683995575,bench:d908ade19db0c477,4,2.72365,0.9283507,2.528502384055
6156.545042991638,bench:d908ade19db0c477,4,2.68793,0.9283507,2.4953416970510003
6160.618494992377,bench:d908ade19db0c477,4,2.71472,0.928888,2.52167083136
6164.7250759997405,bench:d908ade19db0c477,4,2.68793,0.928888,2.4967859218400004
6168.843564999406,bench:d908ade19db0c477,4,2.679,0.9294252,2.4899301107999996
6172.930683998857,bench:d908ade19db0c477,4,2.71472,0.9291566,2.522400005152
6177.025523997145,bench:d908ade19db0c477,4,2.72365,0.9291566,2.5306973735900002
6181.091662001563,bench:d908ade19db0c477,4,2.67007,0.928888,2.48019598216
6185.195186990313,bench:d908ade19db0c477,4,2.72365,0.9286194,2.52923422881
6189.351212990005,bench:d908ade19db0c477,4,2.69686,0.928888,2.50508089168
6193.473089995678,bench:d908ade19db0c477,4,2.74151,0.9286194,2.545819371294
6198.54762799514,bench:d908ade19db0c477,4,2.67007,0.9291566,2.480913162962
6203.617368999403,bench:d908ade19db0c477,4,2.82188,0.928888,2.6212104694400002
6207.778634998249,bench:d908ade19db0c477,4,2.83974,0.9286194,2.637037654956
6211.871808991418,bench:d908ade19db0c477,4,2.83974,0.9283507,2.636274616818
6215.929778991267,bench:d908ade19db0c477,4,2.83081,0.9291566,2.630265794846
6220.004749993677,bench:d908ade19db0c477,4,2.84867,0.928888,2.64609537896
6224.04390599695,bench:d908ade19db0c477,4,2.82188,0.9283507,2.619694273316
6228.1032469909405,bench:d908ade19db0c477,4,2.77723,0.9283507,2.578243414561
6232.20558698813,bench:d908ade19db0c477,4,2.75937,0.9286194,2.562404513778
6236.258150995127,bench:d908ade19db0c477,4,2.83974,0.928888,2.63780040912
6240.328861997114,bench:d908ade19db0c477,4,2.78616,0.9294252,2.589527315232
6244.474886989337,bench:d908ade19db0c477,4,2.86653,0.928888,2.6626853186400004
6248.586005996913,bench:d908ade19db0c477,4,2.80402,0.9283507,2.603113929814
6252.675272000488,bench:d908ade19db0c477,4,2.81295,0.9286194,2.61215994123
6256.819167989306,bench:d908ade19db0c477,4,2.79509,0.9286194,2.595574798746
6260.888693999732,bench:d908ade19db0c477,4,2.75937,0.9286194,2.562404513778
6264.981404994614,bench:d908ade19db0c477,4,2.79509,0.928888,2.5963255599200004
6269.0489499946125,bench:d908ade19db0c477,4,2.79509,0.928888,2.5963255599200004
6273.112234994187,bench:d908ade19db0c477,4,2.8576,0.9291566,2.6551579001600003
6277.210649990593,bench:d908ade19db0c477,4,2.83974,0.9294252,2.6393259174479997
6281.345249997685,bench:d908ade19db0c477,4,2.75044,0.9283507,2.553372899308
6285.428756993497,bench:d908ade19db0c477,4,3.46484,0.928888,3.21844829792
6289.495708988397,bench:d908ade19db0c477,4,2.84867,0.9283507,2.644564788569
6293.551734997891,bench:d908ade19db0c477,4,2.82188,0.9286194,2.620452512472
6297.603187995264,bench:d908ade19db0c477,4,2.78616,0.9294252,2.589527315232
6301.687546991161,bench:d908ade19db0c477,4,2.83974,0.9294252,2.6393259174479997
6305.764295000699,bench:d908ade19db0c477,4,2.81295,0.9291566,2.61367105797
6309.804431992234,bench:d908ade19db0c477,4,2.82188,0.9286194,2.620452512472
6313.867050994304,bench:d908ade19db0c477,4,2.83974,0.9286194,2.637037654956
6317.931780999061,bench:d908ade19db0c477,4,2.7683,0.9283507,2.56995324281
6322.0143809885485,bench:d908ade19db0c477,4,2.79509,0.9283507,2.594823758063
6326.1127959995065,bench:d908ade19db0c477,4,2.79509,0.928888,2.5963255599200004
6330.224154997268,bench:d908ade19db0c477,4,2.77723,0.9291566,2.580481584218
6334.323809991474,bench:d908ade19db0c477,4,2.83081,0.928888,2.6295054392800004
6338.465927998186,bench:d908ade19db0c477,4,2.75044,0.9286194,2.554111942536
6342.563027996221,bench:d908ade19db0c477,4,2.81295,0.9294252,2.61442661634
6346.725331997732,bench:d908ade19db0c477,4,2.7683,0.9286194,2.57069708502
6350.80796899274,bench:d908ade19db0c477,4,2.84867,0.928888,2.64609537896
6354.970382992178,bench:d908ade19db0c477,4,2.77723,0.9286194,2.578989656262
6359.066500997869,bench:d908ade19db0c477,4,2.80402,0.9291566,2.605373689532
6363.126156997168,bench:d908ade19db0c477,4,2.74151,0.928888,2.54655574088
6367.207793999114,bench:d908ade19db0c477,4,2.83081,0.928888,2.6295054392800004
6371.310727001401,bench:d908ade19db0c477,4,2.79509,0.928888,2.5963255599200004
6375.403271988034,bench:d908ade19db0c477,4,2.83974,0.9291566,2.638563163284
6379.4899829954375,bench:d908ade19db0c477,4,2.78616,0.9286194,2.587282227504
6383.585675997892,bench:d908ade19db0c477,4,2.81295,0.9286194,2.61215994123
6387.717811987386,bench:d908ade19db0c477,4,2.79509,0.9286194,2.595574798746
6391.830170992762,bench:d908ade19db0c477,4,2.77723,0.9291566,2.580481584218
6395.918864000123,bench:d908ade19db0c477,4,2.77723,0.9286194,2.578989656262
6399.955278990092,bench:d908ade19db0c477,4,2.78616,0.9283507,2.586533586312
6404.094063997036,bench:d908ade19db0c477,4,2.75044,0.9291566,2.5555894789040003
6408.176126991748,bench:d908ade19db0c477,4,2.78616,0.928888,2.5880305900800002
6412.23078299663,bench:d908ade19db0c477,4,2.77723,0.9283507,2.578243414561
6416.3287349947495,bench:d908ade19db0c477,4,2.81295,0.9283507,2.611404101565
6420.379500996205,bench:d908ade19db0c477,4,2.77723,0.928888,2.57973562024
6424.431583000114,bench:d908ade19db0c477,4,2.75937,0.9286194,2.562404513778
6428.472460989724,bench:d908ade19db0c477,4,2.79509,0.9283507,2.594823758063
6432.516061991919,bench:d908ade19db0c477,4,2.82188,0.9291566,2.6219684264080003
6436.599551001564,bench:d908ade19db0c477,4,2.80402,0.928888,2.60462052976
6440.678076993208,bench:d908ade19db0c477,4,2.84867,0.9286194,2.645330226198
6444.698824998341,bench:d908ade19db0c477,4,2.7683,0.928888,2.5714406504
6448.780535996775,bench:d908ade19db0c477,4,2.77723,0.9286194,2.578989656262
6452.8705249977065,bench:d908ade19db0c477,4,2.78616,0.9280821,2.5857852237360004
6456.9611069891835,bench:d908ade19db0c477,4,2.84867,0.9291566,2.646860531722
6461.030058999313,bench:d908ade19db0c477,4,2.77723,0.9291566,2.580481584218
6465.077602988458,bench:d908ade19db0c477,4,2.77723,0.9294252,2.581227548196
6469.129110992071,bench:d908ade19db0c477,4,2.83081,0.928888,2.6295054392800004
6473.201395987417,bench:d908ade19db0c477,4,2.79509,0.928888,2.5963255599200004
6477.248514987878,bench:d908ade19db0c477,4,2.78616,0.9286194,2.587282227504
6481.352356000571,bench:d908ade19db0c477,4,2.83081,0.9286194,2.628745083714
6485.435658993083,bench:d908ade19db0c477,4,2.88439,0.928888,2.67927525832
6489.484612000524,bench:d908ade19db0c477,4,2.77723,0.9286194,2.578989656262
6493.552877989714,bench:d908ade19db0c477,4,2.83081,0.928888,2.6295054392800004
6497.6303489966085,bench:d908ade19db0c477,4,2.81295,0.9326486,2.62349387937
6501.6888009995455,bench:d908ade19db0c477,4,2.8576,0.9286194,2.65362279744
6505.7529939949745,bench:d908ade19db0c477,4,2.82188,0.9286194,2.620452512472
6509.80251999863,bench:d908ade19db0c477,4,2.81295,0.9283507,2.611404101565
6513.906341991969,bench:d908ade19db0c477,4,2.81295,0.9291566,2.61367105797
6517.982498000492,bench:d908ade19db0c477,4,2.81295,0.9283507,2.611404101565
6522.044152996386,bench:d908ade19db0c477,4,2.84867,0.928888,2.64609537896
6526.097549998667,bench:d908ade19db0c477,4,2.83081,0.9286194,2.628745083714
6530.192556994734,bench:d908ade19db0c477,4,2.72365,0.928888,2.5299658012000004
6534.279860992683,bench:d908ade19db0c477,4,2.81295,0.928888,2.6129154996
6538.3578129985835,bench:d908ade19db0c477,4,2.79509,0.9283507,2.594823758063
6542.429245993844,bench:d908ade19db0c477,4,2.83081,0.9283507,2.627984445067
6546.500401993399,bench:d908ade19db0c477,4,2.81295,0.9283507,2.611404101565
6550.595593987964,bench:d908ade19db0c477,4,2.77723,0.928888,2.57973562024
6554.695342987543,bench:d908ade19db0c477,4,2.79509,0.9286194,2.595574798746
6558.818756995606,bench:d908ade19db0c477,4,2.79509,0.928888,2.5963255599200004
6562.910300999647,bench:d908ade19db0c477,4,2.75937,0.928888,2.5631456805600004
6566.983308992349,bench:d908ade19db0c477,4,2.75937,0.9291566,2.5638868473420002
6571.069630997954,bench:d908ade19db0c477,4,2.75044,0.928888,2.5548507107200003
6575.139879001654,bench:d908ade19db0c477,4,2.77723,0.9280821,2.577497450583
6579.311533991131,bench:d908ade19db0c477,4,2.79509,0.9283507,2.594823758063
6583.421616000123,bench:d908ade19db0c477,4,2.79509,0.9283507,2.594823758063
6587.499531000503,bench:d908ade19db0c477,4,2.81295,0.928888,2.6129154996
6591.568296993501,bench:d908ade19db0c477,4,2.78616,0.9280821,2.5857852237360004
6595.66937899217,bench:d908ade19db0c477,4,2.77723,0.9286194,2.578989656262
6599.774311995134,bench:d908ade19db0c477,4,2.84867,0.9294252,2.647625684484
6603.839430987136,bench:d908ade19db0c477,4,2.81295,0.928888,2.6129154996
6607.91204898851,bench:d908ade19db0c477,4,2.7683,0.9291566,2.57218421578
6612.022018991411,bench:d908ade19db0c477,4,2.77723,0.9286194,2.578989656262
6616.078120001475,bench:d908ade19db0c477,4,2.83081,0.928888,2.6295054392800004
6620.105423993664,bench:d908ade19db0c477,4,2.78616,0.9286194,2.587282227504
6624.192949995631,bench:d908ade19db0c477,4,2.83974,0.9278135,2.63474910849
6628.352346000611,bench:d908ade19db0c477,4,2.82188,0.9286194,2.620452512472
6632.418074994348,bench:d908ade19db0c477,4,2.80402,0.928888,2.60462052976
6636.506693990668,bench:d908ade19db0c477,4,2.82188,0.9286194,2.620452512472
6640.6320899986895,bench:d908ade19db0c477,4,2.72365,0.9286194,2.52923422881
6644.694763992447,bench:d908ade19db0c477,4,2.75937,0.928888,2.5631456805600004
6648.738104995573,bench:d908ade19db0c477,4,2.82188,0.928888,2.6212104694400002
6652.819260998513,bench:d908ade19db0c477,4,2.83974,0.9291566,2.638563163284
6656.942304995027,bench:d908ade19db0c477,4,2.81295,0.9291566,2.61367105797
6660.98446099204,bench:d908ade19db0c477,4,2.8576,0.9286194,2.65362279744
6665.0751720007975,bench:d908ade19db0c477,4,2.82188,0.9286194,2.620452512472
6669.137493998278,bench:d908ade19db0c477,4,2.83081,0.9280821,2.627224089501
6673.209353990387,bench:d908ade19db0c477,4,2.83081,0.9283507,2.627984445067
6677.28974999045,bench:d908ade19db0c477,4,2.81295,0.9286194,2.61215994123
6681.344479991822,bench:d908ade19db0c477,4,2.82188,0.9283507,2.619694273316
6685.455542989075,bench:d908ade19db0c477,4,3.19694,0.928888,2.9695992027200004
6689.5620499999495,bench:d908ade19db0c477,4,2.8576,0.928888,2.6543903488000002
6693.652335001389,bench:d908ade19db0c477,4,2.7683,0.9315742,2.57887685786
6697.715360991424,bench:d908ade19db0c477,4,2.77723,0.9280821,2.577497450583
6701.810219994513,bench:d908ade19db0c477,4,2.83974,0.9280821,2.635511862654
6705.945763998898,bench:d908ade19db0c477,4,2.77723,0.9286194,2.578989656262
6710.071937995963,bench:d908ade19db0c477,4,2.83974,0.9280821,2.635511862654
6714.174537992221,bench:d908ade19db0c477,4,2.82188,0.9283507,2.619694273316
6718.256785999984,bench:d908ade19db0c477,4,2.77723,0.9283507,2.578243414561
6722.301663990947,bench:d908ade19db0c477,4,2.82188,0.9294252,2.622726383376
6726.361875989824,bench:d908ade19db0c477,4,2.83974,0.9286194,2.637037654956
6730.4585309902905,bench:d908ade19db0c477,4,2.7683,0.9286194,2.57069708502
6734.552408990567,bench:d908ade19db0c477,4,2.84867,0.9286194,2.645330226198
6738.666008997825,bench:d908ade19db0c477,4,2.79509,0.9280821,2.594072996889
6742.753163998714,bench:d908ade19db0c477,4,2.79509,0.9291566,2.597076321094
6746.820782995201,bench:d908ade19db0c477,4,2.79509,0.928888,2.5963255599200004
6750.944511994021,bench:d908ade19db0c477,4,2.82188,0.928888,2.6212104694400002
6755.036074988311,bench:d908ade19db0c477,4,2.79509,0.9280821,2.594072996889
6759.088637991226,bench:d908ade19db0c477,4,2.81295,0.9280821,2.610648543195
6763.181978996727,bench:d908ade19db0c477,4,2.80402,0.9283507,2.603113929814
6767.289652998443,bench:d908ade19db0c477,4,2.83974,0.9286194,2.637037654956
6771.418215997983,bench:d908ade19db0c477,4,2.81295,0.9286194,2.61215994123
6775.495241992758,bench:d908ade19db0c477,4,2.80402,0.9291566,2.605373689532
6779.564600990852,bench:d908ade19db0c477,4,2.79509,0.9286194,2.595574798746
6783.658219996141,bench:d908ade19db0c477,4,2.77723,0.9280821,2.577497450583
6787.773244999698,bench:d908ade19db0c477,4,2.83081,0.9286194,2.628745083714
6791.938251990359,bench:d908ade19db0c477,4,2.77723,0.9294252,2.581227548196
6796.026092997636,bench:d908ade19db0c477,4,2.75937,0.9286194,2.562404513778
6800.104415000533,bench:d908ade19db0c477,4,2.83081,0.9280821,2.627224089501
6804.195125994738,bench:d908ade19db0c477,4,2.86653,0.9283507,2.661145132071
6808.3314479881665,bench:d908ade19db0c477,4,2.80402,0.9286194,2.603867369988
6812.428010991425,bench:d908ade19db0c477,4,2.81295,0.9286194,2.61215994123
6816.52375900012,bench:d908ade19db0c477,4,2.77723,0.928888,2.57973562024
6820.583858992904,bench:d908ade19db0c477,4,2.81295,0.9283507,2.611404101565
6824.66249600111,bench:d908ade19db0c477,4,2.78616,0.928888,2.5880305900800002
6832.808307997766,bench:d908ade19db0c477,4,2.82188,0.9286194,2.620452512472
6836.945666989777,bench:d908ade19db0c477,4,2.81295,0.9291566,2.61367105797
6840.979414992034,bench:d908ade19db0c477,4,2.79509,0.9286194,2.595574798746
6845.08858899062,bench:d908ade19db0c477,4,2.90225,0.9283507,2.6943058190749998
6849.192151988973,bench:d908ade19db0c477,4,2.83081,0.9291566,2.630265794846
6853.276418987662,bench:d908ade19db0c477,4,2.83081,0.9291566,2.630265794846
6857.31757398753,bench:d908ade19db0c477,4,2.80402,0.928888,2.60462052976
6861.393562998273,bench:d908ade19db0c477,4,3.61665,0.9286194,3.35849135301
6865.4274419968715,bench:d908ade19db0c477,4,2.90225,0.9283507,2.6943058190749998
6869.509707990801,bench:d908ade19db0c477,4,2.91118,0.9291566,2.704942110788
6873.586827001418,bench:d908ade19db0c477,4,2.80402,0.928888,2.60462052976
6877.688907989068,bench:d908ade19db0c477,4,2.81295,0.9283507,2.611404101565
6881.710378991556,bench:d908ade19db0c477,4,2.82188,0.928888,2.6212104694400002
6885.757904994534,bench:d908ade19db0c477,4,2.87546,0.9291566,2.671752637036
6889.868635000312,bench:d908ade19db0c477,4,2.77723,0.928888,2.57973562024
6893.986345996382,bench:d908ade19db0c477,4,2.8576,0.9286194,2.65362279744
6898.02903898817,bench:d908ade19db0c477,4,2.84867,0.9283507,2.644564788569
6902.13304599456,bench:d908ade19db0c477,4,2.79509,0.9286194,2.595574798746
6906.228256993927,bench:d908ade19db0c477,4,2.78616,0.9286194,2.587282227504
6910.293893990456,bench:d908ade19db0c477,4,2.83974,0.928888,2.63780040912
6914.371660997858,bench:d908ade19db0c477,4,2.8576,0.928888,2.6543903488000002
6918.486908994964,bench:d908ade19db0c477,4,2.84867,0.9294252,2.647625684484
6922.564175998559,bench:d908ade19db0c477,4,2.75937,0.9283507,2.561663071059
6926.609293994261,bench:d908ade19db0c477,4,2.78616,0.9286194,2.587282227504
6930.688672000542,bench:d908ade19db0c477,4,2.77723,0.928888,2.57973562024
6934.754308997071,bench:d908ade19db0c477,4,2.83081,0.928888,2.6295054392800004
6938.837149995379,bench:d908ade19db0c477,4,2.82188,0.9291566,2.6219684264080003
6942.9070279875305,bench:d908ade19db0c477,4,2.7683,0.928888,2.5714406504
6946.968090996961,bench:d908ade19db0c477,4,2.77723,0.928888,2.57973562024
6951.054024990299,bench:d908ade19db0c477,4,2.80402,0.9283507,2.603113929814
6955.110420996789,bench:d908ade19db0c477,4,2.84867,0.9286194,2.645330226198
6959.201261997805,bench:d908ade19db0c477,4,2.80402,0.928888,2.60462052976
6963.320323993685,bench:d908ade19db0c477,4,2.81295,0.9286194,2.61215994123
6967.40664698882,bench:d908ade19db0c477,4,2.81295,0.9283507,2.611404101565
6971.495209989371,bench:d908ade19db0c477,4,2.80402,0.9286194,2.603867369988
6975.6055129983,bench:d908ade19db0c477,4,2.79509,0.9286194,2.595574798746
6979.657853997196,bench:d908ade19db0c477,4,2.75044,0.9286194,2.554111942536
6983.7236019957345,bench:d908ade19db0c477,4,2.81295,0.928888,2.6129154996
6987.803609998082,bench:d908ade19db0c477,4,2.83974,0.9283507,2.636274616818
6991.906914001447,bench:d908ade19db0c477,4,2.7683,0.9291566,2.57218421578
6995.975716999965,bench:d908ade19db0c477,4,2.83081,0.928888,2.6295054392800004
7000.057724988437,bench:d908ade19db0c477,4,2.80402,0.9294252,2.6061268493039997
7004.146398990997,bench:d908ade19db0c477,4,2.75937,0.928888,2.5631456805600004
7008.267090990557,bench:d908ade19db0c477,4,2.83974,0.9286194,2.637037654956
7012.3931169946445,bench:d908ade19db0c477,4,2.84867,0.9294252,2.647625684484
7016.464846994495,bench:d908ade19db0c477,4,2.80402,0.9283507,2.603113929814
7020.553427995765,bench:d908ade19db0c477,4,2.74151,0.9294252,2.548028480052
7024.602675999631,bench:d908ade19db0c477,4,2.81295,0.9283507,2.611404101565
7028.6584429995855,bench:d908ade19db0c477,4,2.80402,0.9294252,2.6061268493039997
7032.774135994259,bench:d908ade19db0c477,4,2.83081,0.9286194,2.628745083714
7036.843346999376,bench:d908ade19db0c477,4,2.77723,0.9286194,2.578989656262
7040.880243992433,bench:d908ade19db0c477,4,2.79509,0.928888,2.5963255599200004
7044.925213995157,bench:d908ade19db0c477,4,2.78616,0.9286194,2.587282227504
7049.033646995667,bench:d908ade19db0c477,4,2.79509,0.9294252,2.597827082268
7053.133617999265,bench:d908ade19db0c477,4,2.83974,0.9283507,2.636274616818
7057.183847995475,bench:d908ade19db0c477,4,2.79509,0.928888,2.5963255599200004
7061.290817990084,bench:d908ade19db0c477,4,2.82188,0.928888,2.6212104694400002
7065.406139998231,bench:d908ade19db0c477,4,3.40233,0.9291566,3.161297374878
7069.533165995381,bench:d908ade19db0c477,4,2.83081,0.928888,2.6295054392800004
7073.597431997769,bench:d908ade19db0c477,4,2.79509,0.9291566,2.597076321094
7077.650754989008,bench:d908ade19db0c477,4,2.84867,0.9283507,2.644564788569
7081.705559001421,bench:d908ade19db0c477,4,2.82188,0.928888,2.6212104694400002
7085.7628069934435,bench:d908ade19db0c477,4,2.82188,0.9286194,2.620452512472
7089.64048299822,bench:d908ade19db0c477,4,2.83974,0.9286194,2.637037654956
7093.748230996425,bench:d908ade19db0c477,4,2.75937,0.9280821,2.560921904277
7097.773146000691,bench:d908ade19db0c477,4,2.83081,0.9283507,2.627984445067
7101.862190000247,bench:d908ade19db0c477,4,2.82188,0.928888,2.6212104694400002
7105.949493998196,bench:d908ade19db0c477,4,2.81295,0.9280821,2.610648543195
7110.083130988642,bench:d908ade19db0c477,4,2.8576,0.9283507,2.65285496032
7114.209544990445,bench:d908ade19db0c477,4,2.81295,0.928888,2.6129154996
7118.3132189908065,bench:d908ade19db0c477,4,2.7683,0.9294252,2.5729277811599998
7122.4367629911285,bench:d908ade19db0c477,4,3.53628,0.9294252,3.286707746256
7127.447615988785,bench:d908ade19db0c477,4,2.74151,0.9283507,2.545082727557
7132.489986994187,bench:d908ade19db0c477,4,2.75044,0.9294252,2.556328247088
7136.653530993499,bench:d908ade19db0c477,4,2.73258,0.9291566,2.538994742028
7140.752963998239,bench:d908ade19db0c477,4,2.75044,0.928888,2.5548507107200003
7144.800748996204,bench:d908ade19db0c477,4,2.72365,0.928888,2.5299658012000004
7148.929607996251,bench:d908ade19db0c477,4,2.67007,0.9286194,2.479478801358
7153.02628200152,bench:d908ade19db0c477,4,2.679,0.9294252,2.4899301107999996
7157.118104994879,bench:d908ade19db0c477,4,2.75044,0.9291566,2.5555894789040003
7161.229833989637,bench:d908ade19db0c477,4,2.75044,0.9286194,2.554111942536
7165.36097099015,bench:d908ade19db0c477,4,2.67007,0.9286194,2.479478801358
7169.457755997428,bench:d908ade19db0c477,4,2.75044,0.9294252,2.556328247088
7173.490874993149,bench:d908ade19db0c477,4,2.69686,0.928888,2.50508089168
7177.540530989063,bench:d908ade19db0c477,4,2.69686,0.9286194,2.504356515084
7181.600500989589,bench:d908ade19db0c477,4,2.67007,0.9286194,2.479478801358
7185.626972001046,bench:d908ade19db0c477,4,2.71472,0.9280821,2.519483038512
7189.772422992974,bench:d908ade19db0c477,4,2.68793,0.9283507,2.4953416970510003
7193.827689989121,bench:d908ade19db0c477,4,2.68793,0.9280821,2.4946197190530004
7200.526974993409,bench:d908ade19db0c477,4,2.7683,0.9286194,2.57069708502
7204.650759987999,bench:d908ade19db0c477,4,2.83974,0.9283507,2.636274616818
7208.732229992165,bench:d908ade19db0c477,4,2.8576,0.9291566,2.6551579001600003
7212.842959997943,bench:d908ade19db0c477,4,2.82188,0.9299625,2.6242425795
7216.944318992319,bench:d908ade19db0c477,4,2.87546,0.928888,2.67098028848
7221.172528996249,bench:d908ade19db0c477,4,2.79509,0.928888,2.5963255599200004
7225.277498990181,bench:d908ade19db0c477,4,2.82188,0.928888,2.6212104694400002
7229.399876989191,bench:d908ade19db0c477,4,3.42912,0.9286194,3.1843473569280003
7233.489217993338,bench:d908ade19db0c477,4,2.84867,0.9294252,2.647625684484
7237.593539990485,bench:d908ade19db0c477,4,2.79509,0.9283507,2.594823758063
7241.7425099993125,bench:d908ade19db0c477,4,2.77723,0.9291566,2.580481584218
7245.83751699538,bench:d908ade19db0c477,4,2.8576,0.928888,2.6543903488000002
7249.901357994531,bench:d908ade19db0c477,4,2.83081,0.9283507,2.627984445067
7253.977624990512,bench:d908ade19db0c477,4,2.8576,0.9286194,2.65362279744
7258.141908998368,bench:d908ade19db0c477,4,2.75937,0.9283507,2.561663071059
7262.2415279911365,bench:d908ade19db0c477,4,2.78616,0.9291566,2.5887789526560003
7266.294294997351,bench:d908ade19db0c477,4,2.83081,0.9286194,2.628745083714
7270.409412987647,bench:d908ade19db0c477,4,2.82188,0.9291566,2.6219684264080003
7274.5052719983505,bench:d908ade19db0c477,4,2.77723,0.9286194,2.578989656262
7278.621723991819,bench:d908ade19db0c477,4,2.79509,0.928888,2.5963255599200004
7282.69324998837,bench:d908ade19db0c477,4,2.75044,0.928888,2.5548507107200003
7286.784034993616,bench:d908ade19db0c477,4,2.82188,0.928888,2.6212104694400002
7290.86276498856,bench:d908ade19db0c477,4,2.77723,0.9294252,2.581227548196
7294.915716993273,bench:d908ade19db0c477,4,2.78616,0.9294252,2.589527315232
7298.9932609925745,bench:d908ade19db0c477,4,2.75044,0.9291566,2.5555894789040003
7303.073527989909,bench:d908ade19db0c477,4,2.82188,0.928888,2.6212104694400002
7307.152479988872,bench:d908ade19db0c477,4,2.78616,0.9283507,2.586533586312
7311.333541991189,bench:d908ade19db0c477,4,2.78616,0.928888,2.5880305900800002
7315.456548996735,bench:d908ade19db0c477,4,2.80402,0.928888,2.60462052976
7319.581167990691,bench:d908ade19db0c477,4,2.87546,0.928888,2.67098028848
7323.720766988117,bench:d908ade19db0c477,4,2.79509,0.9286194,2.595574798746
7327.876440991531,bench:d908ade19db0c477,4,2.79509,0.9291566,2.597076321094
7332.034002989531,bench:d908ade19db0c477,4,2.78616,0.9286194,2.587282227504
7336.120824998943,bench:d908ade19db0c477,4,2.78616,0.9286194,2.587282227504
7340.254924987676,bench:d908ade19db0c477,4,2.83974,0.9291566,2.638563163284
7344.325802987441,bench:d908ade19db0c477,4,2.81295,0.9283507,2.611404101565
7348.437383989221,bench:d908ade19db0c477,4,2.78616,0.928888,2.5880305900800002
7352.496502993745,bench:d908ade19db0c477,4,2.80402,0.9286194,2.603867369988
7356.55688100087,bench:d908ade19db0c477,4,2.80402,0.928888,2.60462052976
7360.644758999115,bench:d908ade19db0c477,4,2.78616,0.928888,2.5880305900800002
7364.696710996213,bench:d908ade19db0c477,4,2.77723,0.9286194,2.578989656262
7368.740051999339,bench:d908ade19db0c477,4,2.80402,0.9299625,2.60763344925
7372.793966991594,bench:d908ade19db0c477,4,2.82188,0.928888,2.6212104694400002
7376.88021500071,bench:d908ade19db0c477,4,2.77723,0.9294252,2.581227548196
7381.007036994561,bench:d908ade19db0c477,4,2.79509,0.9291566,2.597076321094
7385.0672299886355,bench:d908ade19db0c477,4,2.83081,0.9283507,2.627984445067
7389.131274001556,bench:d908ade19db0c477,4,2.87546,0.9291566,2.671752637036
7393.172263997258,bench:d908ade19db0c477,4,2.78616,0.9280821,2.5857852237360004
7397.255585994571,bench:d908ade19db0c477,4,2.77723,0.9286194,2.578989656262
7401.360685995314,bench:d908ade19db0c477,4,3.32196,0.9291566,3.0866210589359997
7405.448822988546,bench:d908ade19db0c477,4,2.89332,0.9283507,2.686015647324
7409.508366996306,bench:d908ade19db0c477,4,2.80402,0.9283507,2.603113929814
7413.574726990191,bench:d908ade19db0c477,4,2.77723,0.9283507,2.578243414561
7417.6773079962,bench:d908ade19db0c477,4,2.88439,0.9286194,2.678500511166
7421.819962997688,bench:d908ade19db0c477,4,2.77723,0.9280821,2.577497450583
7425.900377988,bench:d908ade19db0c477,4,2.77723,0.9291566,2.580481584218
7429.974051992758,bench:d908ade19db0c477,4,2.83974,0.928888,2.63780040912
7434.026726987213,bench:d908ade19db0c477,4,2.86653,0.9283507,2.661145132071
7438.112307994743,bench:d908ade19db0c477,4,2.79509,0.9291566,2.597076321094
7442.207870990387,bench:d908ade19db0c477,4,2.80402,0.928888,2.60462052976
7446.297507995041,bench:d908ade19db0c477,4,2.82188,0.9286194,2.620452512472
7450.37240399688,bench:d908ade19db0c477,4,2.75044,0.9286194,2.554111942536
7454.438948989264,bench:d908ade19db0c477,4,2.83081,0.928888,2.6295054392800004
7458.4854939894285,bench:d908ade19db0c477,4,2.79509,0.9286194,2.595574798746
7462.53716800129,bench:d908ade19db0c477,4,2.7683,0.928888,2.5714406504
7466.609675990185,bench:d908ade19db0c477,4,2.74151,0.928888,2.54655574088
7470.7052570011,bench:d908ade19db0c477,4,2.79509,0.9286194,2.595574798746
7474.7830419946695,bench:d908ade19db0c477,4,2.81295,0.9291566,2.61367105797
7478.88241999317,bench:d908ade19db0c477,4,2.82188,0.928888,2.6212104694400002
7482.912130988552,bench:d908ade19db0c477,4,2.80402,0.9280821,2.602360770042
7486.966158001451,bench:d908ade19db0c477,4,2.82188,0.9283507,2.619694273316
7491.051979988697,bench:d908ade19db0c477,4,2.79509,0.9299625,2.599328884125
7495.155819997308,bench:d908ade19db0c477,4,2.77723,0.928888,2.57973562024
7499.235623996356,bench:d908ade19db0c477,4,2.77723,0.928888,2.57973562024
7503.330686988193,bench:d908ade19db0c477,4,2.83974,0.9280821,2.635511862654
7507.42921300116,bench:d908ade19db0c477,4,2.7683,0.9286194,2.57069708502
7511.508034993312,bench:d908ade19db0c477,4,2.83974,0.928888,2.63780040912
7515.659967990359,bench:d908ade19db0c477,4,2.80402,0.9286194,2.603867369988
7519.75628999935,bench:d908ade19db0c477,4,2.83974,0.9283507,2.636274616818
7523.889648990007,bench:d908ade19db0c477,4,2.77723,0.9286194,2.578989656262
7527.941786000156,bench:d908ade19db0c477,4,2.77723,0.9286194,2.578989656262
7532.051404996309,bench:d908ade19db0c477,4,2.81295,0.9280821,2.610648543195
7536.153911991278,bench:d908ade19db0c477,4,2.82188,0.9286194,2.620452512472
7540.189585997723,bench:d908ade19db0c477,4,2.80402,0.9286194,2.603867369988
7544.2178349912865,bench:d908ade19db0c477,4,2.7683,0.928888,2.5714406504
7548.261397998431,bench:d908ade19db0c477,4,2.86653,0.9283507,2.661145132071
7552.345905991388,bench:d908ade19db0c477,4,2.75044,0.9294252,2.556328247088
7556.412486999761,bench:d908ade19db0c477,4,2.79509,0.9283507,2.594823758063
7560.509031987749,bench:d908ade19db0c477,4,2.7683,0.928888,2.5714406504
7564.565094988211,bench:d908ade19db0c477,4,2.77723,0.928888,2.57973562024
7568.640786994365,bench:d908ade19db0c477,4,2.78616,0.9291566,2.5887789526560003
7572.732109998469,bench:d908ade19db0c477,4,2.78616,0.928888,2.5880305900800002
7576.954948992352,bench:d908ade19db0c477,4,2.86653,0.9291566,2.663455268598
7581.023437989643,bench:d908ade19db0c477,4,2.83974,0.9291566,2.638563163284
7585.089815998799,bench:d908ade19db0c477,4,2.81295,0.9283507,2.611404101565
7589.215526997577,bench:d908ade19db0c477,4,2.77723,0.9291566,2.580481584218
7593.298422987573,bench:d908ade19db0c477,4,2.83974,0.928888,2.63780040912
7597.453003996634,bench:d908ade19db0c477,4,2.91118,0.9286194,2.703378224892
7601.541270996677,bench:d908ade19db0c477,4,2.80402,0.9294252,2.6061268493039997
7605.5437049944885,idle,4,1.59847,0.9283507,1.483940743429
7609.741970998584,idle,4,1.59847,0.9286194,1.484370252318
7624.025644996436,idle,4,1.59847,0.928888,1.4847996013600002
7628.264835992013,bench:2c9590523055fe71,5,1.58954,0.9286194,1.476077681076
7632.4947319953935,bench:2c9590523055fe71,5,1.57168,0.928888,1.4599146918400001
7646.752942993771,bench:2c9590523055fe71,5,1.58954,0.9280821,1.475223621234
7655.681488991831,bench:2c9590523055fe71,5,5.25977,0.9291566,4.887150009981999
7659.81342199666,bench:2c9590523055fe71,5,5.28656,0.928888,4.91062214528
7663.803616000223,bench:2c9590523055fe71,5,2.5004,0.928888,2.3225915552000003
7671.807353995973,bench:2c9590523055fe71,5,5.29549,0.9326486,4.938831334814
7675.84265799087,bench:2c9590523055fe71,5,2.73258,0.9291566,2.538994742028
7683.813229989028,bench:2c9590523055fe71,5,5.27763,0.9286194,4.900909604022
7687.802959990222,bench:2c9590523055fe71,5,2.52719,0.9286194,2.346797661486
7691.782782989321,bench:2c9590523055fe71,5,3.54521,0.9286194,3.2921507830739998
7699.815576997935,bench:2c9590523055fe71,5,5.34907,0.9280821,4.964376118647
7703.798547998304,bench:2c9590523055fe71,5,2.57184,0.9283507,2.3875694642879997
7711.763285988127,bench:2c9590523055fe71,5,5.358,0.9294252,4.979860221599999
7715.802867998718,bench:2c9590523055fe71,5,3.92027,0.9291566,3.642544744282
7719.725413990091,bench:2c9590523055fe71,5,4.00064,0.928888,3.71614648832
7723.720032998244,bench:2c9590523055fe71,5,4.0185,0.9280821,3.7294979188500004
7727.650078988518,bench:2c9590523055fe71,5,4.04529,0.928888,3.75762133752
7731.574790988816,bench:2c9590523055fe71,5,4.08994,0.9291566,3.8001947446040005
7735.507261997554,bench:2c9590523055fe71,5,4.06315,0.928888,3.7742112772000005
7739.445399987744,bench:2c9590523055fe71,5,4.13459,0.9291566,3.8416815867940004
7743.402556996443,bench:2c9590523055fe71,5,4.06315,0.9286194,3.77311991511
7747.352898993995,bench:2c9590523055fe71,5,4.06315,0.928888,3.7742112772000005
7751.330795988906,bench:2c9590523055fe71,5,4.09887,0.9283507,3.805188833709
7755.253101000562,bench:2c9590523055fe71,5,4.05422,0.9283507,3.7637379749539996
7759.168553995551,bench:2c9590523055fe71,5,4.03636,0.9286194,3.748242201384
7763.728723992244,bench:2c9590523055fe71,5,5.27763,0.9280821,4.898073933423
7771.833905993844,bench:2c9590523055fe71,5,5.28656,0.9294252,4.913462085311999
7783.773596995161,bench:2c9590523055fe71,5,5.34907,0.9286194,4.967250173958
7788.080029000412,bench:2c9590523055fe71,5,5.29549,0.9286194,4.917494746506
7799.776554995333,bench:2c9590523055fe71,5,5.28656,0.9294252,4.913462085311999
7807.562813992263,bench:2c9590523055fe71,5,5.36693,0.928888,4.98527687384
7811.804856988601,bench:2c9590523055fe71,5,5.358,0.9286194,4.975542745199999
7819.729780996568,bench:2c9590523055fe71,5,5.31335,0.928888,4.9355070548
7823.794140989776,bench:2c9590523055fe71,5,5.31335,0.9283507,4.9326521918449995
7827.810036993469,bench:2c9590523055fe71,5,5.358,0.928888,4.976981904
7835.957349001546,bench:2c9590523055fe71,5,5.36693,0.9299625,4.9910436401250005
7843.795698994654,bench:2c9590523055fe71,5,5.358,0.928888,4.976981904
7851.72358599084,bench:2c9590523055fe71,5,5.34014,0.9286194,4.958957602716
7859.74439799611,bench:2c9590523055fe71,5,5.34907,0.9296938,4.972997214766
7867.739413995878,bench:2c9590523055fe71,5,5.27763,0.9291566,4.903744746858
7875.7789119990775,bench:2c9590523055fe71,5,5.32228,0.9280821,4.939512799188
7883.716242999071,bench:2c9590523055fe71,5,5.358,0.9291566,4.9784210628
7891.755628996179,bench:2c9590523055fe71,5,5.358,0.928888,4.976981904
7899.754811995081,bench:2c9590523055fe71,5,5.32228,0.9304997,4.952379943316
7907.761882990599,bench:2c9590523055fe71,5,5.34014,0.9291566,4.961826325924
7915.472826993209,bench:2c9590523055fe71,5,5.28656,0.928888,4.91062214528
7919.8098329943605,bench:2c9590523055fe71,5,5.358,0.9294252,4.979860221599999
7927.748720001546,bench:2c9590523055fe71,5,5.32228,0.928888,4.94380202464
7935.016388990334,bench:2c9590523055fe71,5,5.32228,0.9326486,4.9638169908080005
7943.744992997381,bench:2c9590523055fe71,5,5.358,0.9291566,4.9784210628
7951.748008999857,bench:2c9590523055fe71,5,5.34907,0.9286194,4.967250173958
7959.716450990527,bench:2c9590523055fe71,5,5.36693,0.9294252,4.988159988635999
7967.751151998527,bench:2c9590523055fe71,5,5.358,0.928888,4.976981904
7975.746908996371,bench:2c9590523055fe71,5,5.34907,0.9286194,4.967250173958
7983.76481399464,bench:2c9590523055fe71,5,5.358,0.9304997,4.9856173926
7991.779236996081,bench:2c9590523055fe71,5,5.304419,0.928888,4.927211156072
7999.757289988338,bench:2c9590523055fe71,5,5.31335,0.928888,4.9355070548
8007.778490995406,bench:2c9590523055fe71,5,5.34014,0.9291566,4.961826325924
8015.807154995855,bench:2c9590523055fe71,5,5.34907,0.928888,4.968686934160001
8023.749504995067,bench:2c9590523055fe71,5,5.34014,0.9291566,4.961826325924
8031.747446992085,bench:2c9590523055fe71,5,5.32228,0.928888,4.94380202464
8039.770758987288,bench:2c9590523055fe71,5,5.304419,0.9286194,4.9257863891286
8047.713608990307,bench:2c9590523055fe71,5,5.31335,0.9280821,4.931225026035
8055.745217992808,bench:2c9590523055fe71,5,5.358,0.9286194,4.975542745199999
8063.783232995775,bench:2c9590523055fe71,5,5.358,0.9326486,4.9971311988
8071.757971993065,bench:2c9590523055fe71,5,5.38479,0.928888,5.00186681352
8079.779838997638,bench:2c9590523055fe71,5,5.34014,0.9369466,5.003426016524
8087.737800000468,bench:2c9590523055fe71,5,5.358,0.928888,4.976981904
8095.723352991627,bench:2c9590523055fe71,5,5.34907,0.928888,4.968686934160001
8103.7592770007905,bench:2c9590523055fe71,5,5.34907,0.9291566,4.970123694362
8111.756236990914,bench:2c9590523055fe71,5,5.34014,0.9286194,4.958957602716
8119.720809001592,bench:2c9590523055fe71,5,5.34014,0.9286194,4.958957602716
8129.038185987156,bench:2c9590523055fe71,5,5.20619,0.9286194,4.834569034086
8133.924501991714,bench:2c9590523055fe71,5,5.23298,0.9294252,4.863663483096
8138.2588039996335,bench:2c9590523055fe71,5,5.25084,0.9294252,4.880263017168
8147.719549990143,bench:2c9590523055fe71,5,5.2687,0.9304997,4.90252376939
8155.723380987183,bench:2c9590523055fe71,5,5.21512,0.9294252,4.847063949023999
8163.769248989411,bench:2c9590523055fe71,5,5.27763,0.9294252,4.905162318276
8171.771134992014,bench:2c9590523055fe71,5,5.34907,0.928888,4.968686934160001
8179.741428990383,bench:2c9590523055fe71,5,5.25084,0.9294252,4.880263017168
8187.7412229951005,bench:2c9590523055fe71,5,5.2687,0.9291566,4.89544737842
8193.563550987164,bench:2c9590523055fe71,5,5.2687,0.928888,4.8940322056
8198.702587993466,bench:2c9590523055fe71,5,5.33121,0.9291566,4.953528957485999
8207.70137499494,bench:2c9590523055fe71,5,5.358,0.9294252,4.979860221599999
8211.811159999343,bench:2c9590523055fe71,5,5.34907,0.9286194,4.967250173958
8215.877703987644,bench:2c9590523055fe71,5,5.358,0.9369466,5.0201598828
8223.762257999624,bench:2c9590523055fe71,5,5.42051,0.9291566,5.036502641866
8231.738773989491,bench:2c9590523055fe71,5,5.358,0.928888,4.976981904
8239.7629939951,bench:2c9590523055fe71,5,5.37586,0.9294252,4.996459755672
8247.738991994993,bench:2c9590523055fe71,5,5.358,0.9291566,4.9784210628
8255.742173991166,bench:2c9590523055fe71,5,5.358,0.9291566,4.9784210628
8263.780078996206,bench:2c9590523055fe71,5,5.32228,0.9294252,4.946661153456
8271.784242999274,bench:2c9590523055fe71,5,5.34014,0.9280821,4.956088345494
8279.75968499959,bench:2c9590523055fe71,5,5.358,0.9286194,4.975542745199999
8287.809663990629,bench:2c9590523055fe71,5,5.34907,0.9280821,4.964376118647
8295.771402990795,bench:2c9590523055fe71,5,5.304419,0.9278135,4.9215115578565
8303.769714999362,bench:2c9590523055fe71,5,5.34907,0.928888,4.968686934160001
8311.728878994472,bench:2c9590523055fe71,5,5.358,0.9369466,5.0201598828
8319.772488001036,bench:2c9590523055fe71,5,5.37586,0.9296938,4.997903711668
8327.736892999383,bench:2c9590523055fe71,5,5.358,0.9280821,4.9726638918
8335.826037990046,bench:2c9590523055fe71,5,5.39372,0.9299625,5.0159573355000004
8340.729187999386,bench:2c9590523055fe71,5,5.41158,0.928888,5.02675172304
8344.868842992582,bench:2c9590523055fe71,5,5.358,0.9291566,4.9784210628
8349.171181995189,bench:2c9590523055fe71,5,5.37586,0.9294252,4.996459755672
8355.49545098911,bench:2c9590523055fe71,5,5.358,0.9299625,4.982739075
8359.890233987244,bench:2c9590523055fe71,5,5.358,0.9286194,4.975542745199999
8367.805509988102,bench:2c9590523055fe71,5,5.358,0.9286194,4.975542745199999
8375.76541499584,bench:2c9590523055fe71,5,5.34907,0.928888,4.968686934160001
8383.713264993276,bench:2c9590523055fe71,5,5.41158,0.928888,5.02675172304
8391.748335998273,bench:2c9590523055fe71,5,5.37586,0.9291566,4.9950157996760005
8399.730908000492,bench:2c9590523055fe71,5,5.34907,0.928888,4.968686934160001
8407.74725699157,bench:2c9590523055fe71,5,5.34907,0.9291566,4.970123694362
8415.74510699138,bench:2c9590523055fe71,5,5.34907,0.9294252,4.971560454564
8423.75514098967,bench:2c9590523055fe71,5,5.39372,0.9294252,5.013059289744
8431.780323997373,bench:2c9590523055fe71,5,5.358,0.9291566,4.9784210628
8439.71687699377,bench:2c9590523055fe71,5,5.39372,0.9291566,5.011610536552
8447.789521989762,bench:2c9590523055fe71,5,5.36693,0.928888,4.98527687384
8455.772260989761,bench:2c9590523055fe71,5,5.40265,0.9286194,5.01700560141
8463.720036001178,bench:2c9590523055fe71,5,5.31335,0.9296938,4.93978855223
8471.72332998889,bench:2c9590523055fe71,5,5.39372,0.928888,5.01016178336
8479.777363987523,bench:2c9590523055fe71,5,5.39372,0.9291566,5.011610536552
8487.76337999152,bench:2c9590523055fe71,5,5.36693,0.9291566,4.986718431238
8495.771451998735,bench:2c9590523055fe71,5,5.38479,0.9294252,5.0047595227079995
8503.793726995355,bench:2c9590523055fe71,5,5.36693,0.9299625,4.9910436401250005
8511.750002988265,bench:2c9590523055fe71,5,5.42051,0.9294252,5.037958590852
8519.774943997618,bench:2c9590523055fe71,5,5.36693,0.9326486,5.005459750798
8527.765756996814,bench:2c9590523055fe71,5,5.34907,0.9291566,4.970123694362
8535.779512996669,bench:2c9590523055fe71,5,5.31335,0.9294252,4.9383613864199996
8543.744751994382,bench:2c9590523055fe71,5,5.358,0.928888,4.976981904
8551.732804990024,bench:2c9590523055fe71,5,4.99187,0.9296938,4.640910589405999
8559.764580000774,bench:2c9590523055fe71,5,5.358,0.9294252,4.979860221599999
8567.738799989456,bench:2c9590523055fe71,5,5.39372,0.9280821,5.005814984412
8575.810092996107,bench:2c9590523055fe71,5,5.34907,0.9294252,4.971560454564
8583.717053988948,bench:2c9590523055fe71,5,5.42051,0.9304997,5.043782928847
8591.753791988594,bench:2c9590523055fe71,5,5.39372,0.928888,5.01016178336
8599.736901000142,bench:2c9590523055fe71,5,5.42944,0.9280821,5.038966077024
8607.71191699314,bench:2c9590523055fe71,5,5.31335,0.9294252,4.9383613864199996
8615.773099998478,bench:2c9590523055fe71,5,5.34014,0.928888,4.96039196432
8623.772744991584,bench:2c9590523055fe71,5,5.37586,0.9304997,5.002236117242001
8631.739780001226,bench:2c9590523055fe71,5,5.34907,0.9294252,4.971560454564
8639.725684988662,bench:2c9590523055fe71,5,5.358,0.9294252,4.979860221599999
8647.743163994164,bench:2c9590523055fe71,5,5.36693,0.9299625,4.9910436401250005
8655.740661997697,bench:2c9590523055fe71,5,5.42051,0.9294252,5.037958590852
8663.71632598748,bench:2c9590523055fe71,5,5.34907,0.9291566,4.970123694362
8671.731989990803,bench:2c9590523055fe71,5,5.358,0.9294252,4.979860221599999
8679.785875996458,bench:2c9590523055fe71,5,5.42944,0.9299625,5.0491755959999995
8687.738059001276,bench:2c9590523055fe71,5,5.36693,0.9291566,4.986718431238
8695.759408001322,bench:2c9590523055fe71,5,5.34907,0.9294252,4.971560454564
8703.763053999864,bench:2c9590523055fe71,5,5.358,0.9294252,4.979860221599999
8711.741366001661,bench:2c9590523055fe71,5,5.39372,0.9299625,5.0159573355000004
8719.749270996545,bench:2c9590523055fe71,5,5.37586,0.9294252,4.996459755672
8727.712324995082,bench:2c9590523055fe71,5,5.37586,0.9296938,4.997903711668
8735.752710999805,bench:2c9590523055fe71,5,5.34907,0.9291566,4.970123694362
8743.794688998605,bench:2c9590523055fe71,5,5.37586,0.9294252,4.996459755672
8751.723038993077,bench:2c9590523055fe71,5,5.50088,0.9283507,5.106745798616
8759.762647998286,bench:2c9590523055fe71,5,5.32228,0.928888,4.94380202464
8767.808329997933,bench:2c9590523055fe71,5,5.32228,0.9291566,4.945231589048
8775.713401992107,bench:2c9590523055fe71,5,5.358,0.9294252,4.979860221599999
8783.824120997451,bench:2c9590523055fe71,5,5.33121,0.9286194,4.950665031473999
8791.763137996895,bench:2c9590523055fe71,5,5.34907,0.9326486,4.988802646802
8799.782393994974,bench:2c9590523055fe71,5,5.40265,0.9296938,5.02281020857
8807.804242998827,bench:2c9590523055fe71,5,5.358,0.9291566,4.9784210628
8815.76305598719,bench:2c9590523055fe71,5,5.34014,0.9296938,4.964695049132
8823.80388698948,bench:2c9590523055fe71,5,5.358,0.9296938,4.981299380399999
8831.77575499576,bench:2c9590523055fe71,5,5.358,0.9280821,4.9726638918
8843.725334998453,bench:2c9590523055fe71,5,5.304419,0.9326486,4.947158954163401
8851.725239990628,bench:2c9590523055fe71,5,5.45623,0.9291566,5.0696921156179995
8859.7551999992,bench:2c9590523055fe71,5,5.38479,0.928888,5.00186681352
8867.780789994868,bench:2c9590523055fe71,5,5.358,0.9296938,4.981299380399999
8875.782268994953,bench:2c9590523055fe71,5,5.42944,0.9291566,5.044800010304
8883.786302991211,bench:2c9590523055fe71,5,5.50088,0.928888,5.1097014214400005
8891.778485995019,bench:2c9590523055fe71,5,5.41158,0.9286194,5.025298172652
8899.770983989583,bench:2c9590523055fe71,5,5.39372,0.9291566,5.011610536552
8907.780351000838,bench:2c9590523055fe71,5,5.40265,0.9299625,5.024261900625
8915.752330998657,bench:2c9590523055fe71,5,5.39372,0.9296938,5.014508042936
8923.718031990575,bench:2c9590523055fe71,5,5.36693,0.928888,4.98527687384
8931.757121987175,bench:2c9590523055fe71,5,5.38479,0.9280821,4.9975272112589995
8939.776007988257,bench:2c9590523055fe71,5,5.42051,0.9304997,5.043782928847
8947.728357990854,bench:2c9590523055fe71,5,5.37586,0.9294252,4.996459755672
8955.754817987327,bench:2c9590523055fe71,5,5.38479,0.928888,5.00186681352
8963.768092988175,bench:2c9590523055fe71,5,5.40265,0.928888,5.018456753200001
8971.709887991892,bench:2c9590523055fe71,5,5.42051,0.9299625,5.040871030875
8979.787235992262,bench:2c9590523055fe71,5,5.36693,0.9291566,4.986718431238
8987.723233993165,bench:2c9590523055fe71,5,5.39372,0.928888,5.01016178336
8995.779527991544,bench:2c9590523055fe71,5,5.40265,0.9291566,5.01990790499
9003.772322001169,bench:2c9590523055fe71,5,5.31335,0.9296938,4.93978855223
9011.712430990883,bench:2c9590523055fe71,5,5.34907,0.9294252,4.971560454564
9019.750779989408,bench:2c9590523055fe71,5,5.34907,0.9294252,4.971560454564
9027.73888799129,bench:2c9590523055fe71,5,5.38479,0.928888,5.00186681352
9035.721478998312,bench:2c9590523055fe71,5,5.358,0.9294252,4.979860221599999
9043.779438987258,bench:2c9590523055fe71,5,5.42944,0.9291566,5.044800010304
9051.760955000645,bench:2c9590523055fe71,5,5.34907,0.928888,4.968686934160001
9059.714711998822,bench:2c9590523055fe71,5,5.36693,0.9299625,4.9910436401250005
9067.713247000938,bench:2c9590523055fe71,5,5.38479,0.928888,5.00186681352
9075.783891996252,bench:2c9590523055fe71,5,5.43837,0.9286194,5.050175886378
9083.716185996309,bench:2c9590523055fe71,5,5.358,0.9286194,4.975542745199999
9091.71364599024,bench:2c9590523055fe71,5,5.34014,0.9280821,4.956088345494
9099.775309994584,bench:2c9590523055fe71,5,5.40265,0.9294252,5.02135905678
9107.720807995065,bench:2c9590523055fe71,5,5.42051,0.9294252,5.037958590852
9115.733953993185,bench:2c9590523055fe71,5,5.40265,0.9291566,5.01990790499
9123.794988001464,bench:2c9590523055fe71,5,5.40265,0.9304997,5.027164204205
9131.832706989371,bench:2c9590523055fe71,5,5.32228,0.9291566,4.945231589048
9139.712206000695,bench:2c9590523055fe71,5,5.28656,0.9296938,4.9148820553279995
9147.721313987859,bench:2c9590523055fe71,5,5.29549,0.9294252,4.921761852347999
9155.732329993043,bench:2c9590523055fe71,5,5.27763,0.9291566,4.903744746858
9163.781382987509,bench:2c9590523055fe71,5,5.27763,0.9280821,4.898073933423
9171.765787992626,bench:2c9590523055fe71,5,5.2687,0.928888,4.8940322056
9179.740544990636,bench:2c9590523055fe71,5,5.304419,0.928888,4.927211156072
9187.74698699417,bench:2c9590523055fe71,5,5.25084,0.9291566,4.878852641544
9195.779298999696,bench:2c9590523055fe71,5,5.28656,0.9294252,4.913462085311999
9203.73788899451,bench:2c9590523055fe71,5,5.304419,0.9291566,4.9286359230154
9211.748460991657,bench:2c9590523055fe71,5,5.39372,0.9291566,5.011610536552
9219.760235995636,bench:2c9590523055fe71,5,5.36693,0.9286194,4.983835316442
9227.78965899488,bench:2c9590523055fe71,5,5.42051,0.9294252,5.037958590852
9235.776582994731,bench:2c9590523055fe71,5,5.43837,0.9291566,5.053097378742
9243.810838990612,bench:2c9590523055fe71,5,5.51874,0.9294252,5.129256028248
9251.76754099084,bench:2c9590523055fe71,5,5.50088,0.9280821,5.105268262248001
9259.714482992422,bench:2c9590523055fe71,5,5.46516,0.9294252,5.079457426032
9267.756350993295,bench:2c9590523055fe71,5,5.41158,0.9294252,5.029658823816
9275.724755992997,bench:2c9590523055fe71,5,5.40265,0.9299625,5.024261900625
9283.736419994966,bench:2c9590523055fe71,5,5.37586,0.928888,4.993571843680001
9291.757361992495,bench:2c9590523055fe71,5,5.36693,0.928888,4.98527687384
9299.719841001206,bench:2c9590523055fe71,5,5.39372,0.9291566,5.011610536552
9307.779579001362,bench:2c9590523055fe71,5,5.37586,0.9294252,4.996459755672
9315.75742799032,bench:2c9590523055fe71,5,5.36693,0.9294252,4.988159988635999
9323.714685000596,bench:2c9590523055fe71,5,5.42944,0.9291566,5.044800010304
9331.744552997407,bench:2c9590523055fe71,5,5.358,0.9291566,4.9784210628
9339.754383996478,bench:2c9590523055fe71,5,5.36693,0.9291566,4.986718431238
9347.767528990516,bench:2c9590523055fe71,5,5.34907,0.9299625,4.9744345098750005
9355.754637988866,bench:2c9590523055fe71,5,5.42051,0.9294252,5.037958590852
9363.775690988405,bench:2c9590523055fe71,5,5.34014,0.928888,4.96039196432
9371.713169995928,bench:2c9590523055fe71,5,5.37586,0.9299625,4.9993482052500005
9379.743852987303,bench:2c9590523055fe71,5,5.41158,0.9291566,5.028205273428
9387.761516991304,bench:2c9590523055fe71,5,5.358,0.9294252,4.979860221599999
9395.74471800006,bench:2c9590523055fe71,5,5.42051,0.9291566,5.036502641866
9403.784918991732,bench:2c9590523055fe71,5,5.42051,0.9294252,5.037958590852
9411.78956499789,bench:2c9590523055fe71,5,5.39372,0.9294252,5.013059289744
9419.78408099385,bench:2c9590523055fe71,5,5.40265,0.9294252,5.02135905678
9424.12588300067,bench:2c9590523055fe71,5,5.42051,0.928888,5.035046692880001
9437.252824995085,bench:2c9590523055fe71,5,2.7683,0.9283507,2.56995324281
9447.765730001265,bench:2c9590523055fe71,5,5.39372,0.9291566,5.011610536552
9455.722838989459,bench:2c9590523055fe71,5,5.38479,0.9294252,5.0047595227079995
9463.755113989464,bench:2c9590523055fe71,5,5.40265,0.9280821,5.014102757565
9471.763851994183,bench:2c9590523055fe71,5,5.41158,0.9326486,5.047102510788
9479.73449798883,bench:2c9590523055fe71,5,5.36693,0.9280821,4.980951664953
9484.078002991737,bench:2c9590523055fe71,5,5.42051,0.9286194,5.033590743894
9491.780354990624,bench:2c9590523055fe71,5,5.43837,0.928888,5.05163663256
9495.784195998567,bench:2c9590523055fe71,5,5.37586,0.9294252,4.996459755672
9503.78145299328,bench:2c9590523055fe71,5,5.46516,0.9299625,5.0823938565
9507.787293987349,bench:2c9590523055fe71,5,5.42944,0.9286194,5.041883315135999
9515.736588000436,bench:2c9590523055fe71,5,5.39372,0.9286194,5.008713030168
9519.785799988313,bench:2c9590523055fe71,5,5.42051,0.9291566,5.036502641866
9523.782140997355,bench:2c9590523055fe71,5,5.42944,0.9369466,5.0870953479039995
9531.737065000925,bench:2c9590523055fe71,5,5.42944,0.9291566,5.044800010304
9535.805812993203,bench:2c9590523055fe71,5,5.42944,0.9286194,5.041883315135999
9543.77807000128,bench:2c9590523055fe71,5,5.474089,0.9280821,5.0804040147069
9547.785725997528,bench:2c9590523055fe71,5,5.36693,0.9286194,4.983835316442
9551.78652999166,bench:2c9590523055fe71,5,5.38479,0.928888,5.00186681352
9555.779816000722,bench:2c9590523055fe71,5,5.41158,0.9294252,5.029658823816
9563.747647000127,bench:2c9590523055fe71,5,5.38479,0.9291566,5.0033131681139995
9571.781143997214,bench:2c9590523055fe71,5,5.42051,0.928888,5.035046692880001
9575.782004001667,bench:2c9590523055fe71,5,5.42944,0.9294252,5.046258357887999
9583.798038991517,bench:2c9590523055fe71,5,5.37586,0.9304997,5.002236117242001
9591.199225993478,bench:2c9590523055fe71,5,5.39372,0.9283507,5.007263737604
9599.195426999358,bench:2c9590523055fe71,5,5.39372,0.9291566,5.011610536552
9607.753882999532,bench:2c9590523055fe71,5,5.42051,0.928888,5.035046692880001
9615.797528997064,bench:2c9590523055fe71,5,5.39372,0.9326486,5.030445406792
9619.813573997817,bench:2c9590523055fe71,5,5.41158,0.928888,5.02675172304
9626.665634990786,idle,5,5.4473,0.9291566,5.0613947471800005
9631.10780599527,idle,5,1.66991,0.928888,1.55115936008
9645.347813988337,idle,5,1.68777,0.9283507,1.566842460939
9649.586153987912,bench:63a0f7989a7e8866,6,1.68777,0.928888,1.56774929976
9653.806418995373,bench:63a0f7989a7e8866,6,1.67884,0.9286194,1.5590033934960001
9668.051871994976,bench:63a0f7989a7e8866,6,1.66991,0.9286194,1.550710822254
9672.394876994076,bench:63a0f7989a7e8866,6,2.8576,0.9283507,2.65285496032
9676.462087998516,bench:63a0f7989a7e8866,6,2.87546,0.9283507,2.669435303822
9680.502762988908,bench:63a0f7989a7e8866,6,2.93797,0.928888,2.72904507736
9684.553417988354,bench:63a0f7989a7e8866,6,2.91118,0.9283507,2.702595990826
9688.589684999897,bench:63a0f7989a7e8866,6,2.88439,0.9286194,2.678500511166
9692.669525989913,bench:63a0f7989a7e8866,6,2.91118,0.9286194,2.703378224892
9696.672774996841,bench:63a0f7989a7e8866,6,2.87546,0.9283507,2.669435303822
9700.717078987509,bench:63a0f7989a7e8866,6,2.91118,0.928888,2.70416016784
9704.769363990636,bench:63a0f7989a7e8866,6,2.90225,0.9283507,2.6943058190749998
9708.856167999329,bench:63a0f7989a7e8866,6,2.8576,0.9294252,2.65592545152
9712.923786995816,bench:63a0f7989a7e8866,6,2.92904,0.928888,2.7207501075200002
9716.945886990288,bench:63a0f7989a7e8866,6,2.89332,0.9283507,2.686015647324
9721.015005998197,bench:63a0f7989a7e8866,6,2.90225,0.9296938,2.69820383105
9725.02621699823,bench:63a0f7989a7e8866,6,2.91118,0.9286194,2.703378224892
9729.062428988982,bench:63a0f7989a7e8866,6,2.87546,0.928888,2.67098028848
9733.143898993148,bench:63a0f7989a7e8866,6,2.87546,0.9283507,2.669435303822
9737.181128992233,bench:63a0f7989a7e8866,6,2.92904,0.9286194,2.719963367376
9741.200062999269,bench:63a0f7989a7e8866,6,2.90225,0.928888,2.6958651980000004
9745.250310996198,bench:63a0f7989a7e8866,6,2.91118,0.9286194,2.703378224892
9749.288670995156,bench:63a0f7989a7e8866,6,2.93797,0.928888,2.72904507736
9753.355492997798,bench:63a0f7989a7e8866,6,2.91118,0.9286194,2.703378224892
9757.383481992292,bench:63a0f7989a7e8866,6,3.50056,0.928888,3.25162817728
9761.389897990739,bench:63a0f7989a7e8866,6,3.50056,0.928888,3.25162817728
9765.385497987154,bench:63a0f7989a7e8866,6,3.77739,0.9286194,3.507757635366
9769.379339995794,bench:63a0f7989a7e8866,6,3.06299,0.9280821,2.842706191479
9773.409217988956,bench:63a0f7989a7e8866,6,2.99155,0.9283507,2.777207536585
9777.484428996104,bench:63a0f7989a7e8866,6,2.84867,0.9280821,2.643799635807
9781.505177990766,bench:63a0f7989a7e8866,6,2.89332,0.928888,2.6875702281600002
9785.522388992831,bench:63a0f7989a7e8866,6,2.92011,0.9286194,2.7116707961340003
9789.555192997796,bench:63a0f7989a7e8866,6,2.88439,0.9283507,2.677725475573
9793.565348998527,bench:63a0f7989a7e8866,6,2.90225,0.928888,2.6958651980000004
9797.63070899935,bench:63a0f7989a7e8866,6,2.92011,0.928888,2.71245513768
9801.682938996237,bench:63a0f7989a7e8866,6,2.90225,0.9283507,2.6943058190749998
9805.731260988978,bench:63a0f7989a7e8866,6,2.91118,0.9283507,2.702595990826
9809.808805992361,bench:63a0f7989a7e8866,6,2.91118,0.9283507,2.702595990826
9813.881905996823,bench:63a0f7989a7e8866,6,2.91118,0.9283507,2.702595990826
9817.923857990536,bench:63a0f7989a7e8866,6,2.87546,0.9286194,2.670207939924
9821.885958997882,bench:63a0f7989a7e8866,6,2.89332,0.928888,2.6875702281600002
9825.900707000983,bench:63a0f7989a7e8866,6,2.90225,0.9286194,2.69508565365
9829.923140991013,bench:63a0f7989a7e8866,6,2.87546,0.928888,2.67098028848
9833.966852995218,bench:63a0f7989a7e8866,6,2.91118,0.9286194,2.703378224892
9842.073626990896,bench:63a0f7989a7e8866,6,2.92011,0.9286194,2.7116707961340003
9846.131022990448,bench:63a0f7989a7e8866,6,2.91118,0.928888,2.70416016784
9850.203197987867,bench:63a0f7989a7e8866,6,2.91118,0.928888,2.70416016784
9854.25933499937,bench:63a0f7989a7e8866,6,2.84867,0.9278135,2.6430344830449997
9858.349693997297,bench:63a0f7989a7e8866,6,2.90225,0.9294252,2.6974242867
9862.408701999811,bench:63a0f7989a7e8866,6,2.91118,0.9286194,2.703378224892
9866.414912990876,bench:63a0f7989a7e8866,6,2.87546,0.9294252,2.6725249855919997
9870.438068988733,bench:63a0f7989a7e8866,6,2.90225,0.9286194,2.69508565365
9874.453169992194,bench:63a0f7989a7e8866,6,2.89332,0.9283507,2.686015647324
9878.478269994957,bench:63a0f7989a7e8866,6,2.84867,0.928888,2.64609537896
9882.454963997588,bench:63a0f7989a7e8866,6,2.88439,0.9280821,2.676950728419
9886.467341988464,bench:63a0f7989a7e8866,6,2.86653,0.928888,2.6626853186400004
9890.473665000172,bench:63a0f7989a7e8866,6,2.91118,0.9283507,2.702595990826
9894.523430994013,bench:63a0f7989a7e8866,6,2.90225,0.928888,2.6958651980000004
9898.564086994156,bench:63a0f7989a7e8866,6,2.91118,0.9286194,2.703378224892
9902.6138909976,bench:63a0f7989a7e8866,6,2.89332,0.9291566,2.6883473739120003
9906.655305996537,bench:63a0f7989a7e8866,6,2.87546,0.9286194,2.670207939924
9910.695461992873,bench:63a0f7989a7e8866,6,2.84867,0.9280821,2.643799635807
9914.785487999325,bench:63a0f7989a7e8866,6,2.92904,0.928888,2.7207501075200002
9918.786662994535,bench:63a0f7989a7e8866,6,2.87546,0.9280821,2.668662955266
9922.89142899972,bench:63a0f7989a7e8866,6,2.90225,0.9278135,2.6927467303749997
9926.913436996983,bench:63a0f7989a7e8866,6,2.8576,0.928888,2.6543903488000002
9930.935129988939,bench:63a0f7989a7e8866,6,2.91118,0.9296938,2.7065059966839997
9934.97915599437,bench:63a0f7989a7e8866,6,2.83974,0.9294252,2.6393259174479997
9938.974571996368,bench:63a0f7989a7e8866,6,2.8576,0.9291566,2.6551579001600003
9942.998061000253,bench:63a0f7989a7e8866,6,2.83081,0.928888,2.6295054392800004
9947.012494987575,bench:63a0f7989a7e8866,6,2.86653,0.9291566,2.663455268598
9951.102353996248,bench:63a0f7989a7e8866,6,2.83081,0.928888,2.6295054392800004
9955.165638995823,bench:63a0f7989a7e8866,6,2.92011,0.928888,2.71245513768
9959.177646989701,bench:63a0f7989a7e8866,6,2.92011,0.9283507,2.710886162577
9963.190711001516,bench:63a0f7989a7e8866,6,2.87546,0.928888,2.67098028848
9967.282218000037,bench:63a0f7989a7e8866,6,2.87546,0.9294252,2.6725249855919997
9971.410743994056,bench:63a0f7989a7e8866,6,2.90225,0.928888,2.6958651980000004
9975.514732999727,bench:63a0f7989a7e8866,6,2.90225,0.928888,2.6958651980000004
9979.587239999091,bench:63a0f7989a7e8866,6,2.83974,0.9286194,2.637037654956
9983.610525989207,bench:63a0f7989a7e8866,6,2.8576,0.9286194,2.65362279744
9987.668828995083,bench:63a0f7989a7e8866,6,2.83974,0.9280821,2.635511862654
9991.682114996365,bench:63a0f7989a7e8866,6,2.84867,0.928888,2.64609537896
9995.70421599492,bench:63a0f7989a7e8866,6,2.84867,0.928888,2.64609537896
9999.835370996152,bench:63a0f7989a7e8866,6,2.87546,0.9286194,2.670207939924
10003.897618997144,bench:63a0f7989a7e8866,6,2.8576,0.9286194,2.65362279744
10007.950792991323,bench:63a0f7989a7e8866,6,2.89332,0.928888,2.6875702281600002
10012.008505000267,bench:63a0f7989a7e8866,6,2.88439,0.9283507,2.677725475573
10016.00445699296,bench:63a0f7989a7e8866,6,2.84867,0.9286194,2.645330226198
10020.047297992278,bench:63a0f7989a7e8866,6,2.90225,0.9283507,2.6943058190749998
10024.08802798891,bench:63a0f7989a7e8866,6,2.88439,0.9283507,2.677725475573
10028.138053996372,bench:63a0f7989a7e8866,6,2.83081,0.928888,2.6295054392800004
10032.229264994385,bench:63a0f7989a7e8866,6,2.87546,0.928888,2.67098028848
10036.229143996025,bench:63a0f7989a7e8866,6,2.83081,0.9286194,2.628745083714
10040.242114991997,bench:63a0f7989a7e8866,6,2.89332,0.9294252,2.689124519664
10044.290769990766,bench:63a0f7989a7e8866,6,2.91118,0.928888,2.70416016784
10048.312759987311,bench:63a0f7989a7e8866,6,2.89332,0.9291566,2.6883473739120003
10052.361415000632,bench:63a0f7989a7e8866,6,2.87546,0.9286194,2.670207939924
10056.453033990692,bench:63a0f7989a7e8866,6,2.90225,0.928888,2.6958651980000004
10060.511226998642,bench:63a0f7989a7e8866,6,2.90225,0.9291566,2.69664474235
10064.562974992441,bench:63a0f7989a7e8866,6,2.84867,0.928888,2.64609537896
10068.594482989283,bench:63a0f7989a7e8866,6,2.90225,0.9286194,2.69508565365
10072.613582990016,bench:63a0f7989a7e8866,6,2.88439,0.9286194,2.678500511166
10076.612313991063,bench:63a0f7989a7e8866,6,2.90225,0.9286194,2.69508565365
10080.635191989131,bench:63a0f7989a7e8866,6,2.88439,0.928888,2.67927525832
10084.70566199685,bench:63a0f7989a7e8866,6,2.87546,0.9286194,2.670207939924
10088.743613989209,bench:63a0f7989a7e8866,6,2.8576,0.9286194,2.65362279744
10092.77395499521,bench:63a0f7989a7e8866,6,2.87546,0.928888,2.67098028848
10096.837926001172,bench:63a0f7989a7e8866,6,2.8576,0.9286194,2.65362279744
10100.830618990585,bench:63a0f7989a7e8866,6,2.91118,0.9280821,2.701814047878
10104.891311988467,bench:63a0f7989a7e8866,6,2.87546,0.9291566,2.671752637036
10108.909763992415,bench:63a0f7989a7e8866,6,2.91118,0.9286194,2.703378224892
10112.966123997467,bench:63a0f7989a7e8866,6,2.92904,0.9286194,2.719963367376
10117.171518999385,bench:63a0f7989a7e8866,6,2.89332,0.9286194,2.686793082408
10131.49300799705,bench:63a0f7989a7e8866,6,2.77723,0.9283507,2.578243414561
10139.056970991078,bench:63a0f7989a7e8866,6,2.80402,0.9286194,2.603867369988
10165.110171001288,bench:63a0f7989a7e8866,6,2.75937,0.928888,2.5631456805600004
10169.18627099949,bench:63a0f7989a7e8866,6,2.73258,0.9294252,2.539728713016
10173.244463992887,bench:63a0f7989a7e8866,6,2.75044,0.928888,2.5548507107200003
10177.28337898734,bench:63a0f7989a7e8866,6,2.70579,0.9280821,2.511195265359
10181.282812991412,bench:63a0f7989a7e8866,6,2.75044,0.9294252,2.556328247088
10185.302487996523,bench:63a0f7989a7e8866,6,2.83081,0.9286194,2.628745083714
10189.28871800017,bench:63a0f7989a7e8866,6,2.79509,0.9286194,2.595574798746
10193.318726000143,bench:63a0f7989a7e8866,6,2.89332,0.928888,2.6875702281600002
10197.366899999906,bench:63a0f7989a7e8866,6,3.47377,0.9283507,3.224876811139
10203.994851995958,bench:63a0f7989a7e8866,6,2.91118,0.9294252,2.7057240537359997
10208.079395990353,bench:63a0f7989a7e8866,6,2.88439,0.9286194,2.678500511166
10212.112996989163,bench:63a0f7989a7e8866,6,2.86653,0.9286194,2.661915368682
10216.132244997425,bench:63a0f7989a7e8866,6,2.87546,0.9286194,2.670207939924
10220.149271990522,bench:63a0f7989a7e8866,6,2.8576,0.9294252,2.65592545152
10224.16905699356,bench:63a0f7989a7e8866,6,2.91118,0.928888,2.70416016784
10228.158935991814,bench:63a0f7989a7e8866,6,2.90225,0.9286194,2.69508565365
10232.20401800063,bench:63a0f7989a7e8866,6,2.87546,0.9286194,2.670207939924
10236.239154997747,bench:63a0f7989a7e8866,6,2.92011,0.928888,2.71245513768
10240.261977989576,bench:63a0f7989a7e8866,6,2.90225,0.928888,2.6958651980000004
10244.313855990185,bench:63a0f7989a7e8866,6,2.89332,0.9283507,2.686015647324
10248.358992990688,bench:63a0f7989a7e8866,6,2.84867,0.9280821,2.643799635807
10252.39524099743,bench:63a0f7989a7e8866,6,2.88439,0.9286194,2.678500511166
10256.378267993568,bench:63a0f7989a7e8866,6,2.88439,0.9283507,2.677725475573
10260.372869001003,bench:63a0f7989a7e8866,6,2.90225,0.9286194,2.69508565365
10264.38480199431,bench:63a0f7989a7e8866,6,2.88439,0.9286194,2.678500511166
10268.45673599746,bench:63a0f7989a7e8866,6,2.83081,0.9286194,2.628745083714
10272.519076999743,bench:63a0f7989a7e8866,6,2.83081,0.9286194,2.628745083714
10276.535621989751,bench:63a0f7989a7e8866,6,2.89332,0.9283507,2.686015647324
10280.59537000081,bench:63a0f7989a7e8866,6,2.83974,0.9283507,2.636274616818
10284.597063000547,bench:63a0f7989a7e8866,6,2.89332,0.9283507,2.686015647324
10288.592181997956,bench:63a0f7989a7e8866,6,2.86653,0.9283507,2.661145132071
10292.688411995186,bench:63a0f7989a7e8866,6,2.91118,0.9280821,2.701814047878
10296.708197987755,bench:63a0f7989a7e8866,6,2.89332,0.9283507,2.686015647324
10300.715779987513,bench:63a0f7989a7e8866,6,2.88439,0.9286194,2.678500511166
10304.731935990276,bench:63a0f7989a7e8866,6,2.84867,0.928888,2.64609537896
10308.733017998748,bench:63a0f7989a7e8866,6,2.91118,0.928888,2.70416016784
10312.721932990826,bench:63a0f7989a7e8866,6,2.89332,0.9283507,2.686015647324
10316.757477994543,bench:63a0f7989a7e8866,6,2.86653,0.9296938,2.664995168514
10320.768577992567,bench:63a0f7989a7e8866,6,2.84867,0.9291566,2.646860531722
10324.773437998374,bench:63a0f7989a7e8866,6,2.87546,0.9286194,2.670207939924
10328.849148994777,bench:63a0f7989a7e8866,6,2.87546,0.9283507,2.669435303822
10332.892378995894,bench:63a0f7989a7e8866,6,2.83974,0.928888,2.63780040912
10336.932145990431,bench:63a0f7989a7e8866,6,2.84867,0.928888,2.64609537896
10340.98248698865,bench:63a0f7989a7e8866,6,2.84867,0.9286194,2.645330226198
10345.04706900043,bench:63a0f7989a7e8866,6,2.91118,0.9291566,2.704942110788
10349.075039994204,bench:63a0f7989a7e8866,6,2.91118,0.928888,2.70416016784
10353.132657997776,bench:63a0f7989a7e8866,6,2.91118,0.9283507,2.702595990826
10357.194518001052,bench:63a0f7989a7e8866,6,2.83081,0.9294252,2.631026150412
10361.221006998676,bench:63a0f7989a7e8866,6,2.88439,0.9286194,2.678500511166
10365.20770000061,bench:63a0f7989a7e8866,6,2.89332,0.9280821,2.685238501572
10369.306021995726,bench:63a0f7989a7e8866,6,2.92011,0.928888,2.71245513768
10373.306123001385,bench:63a0f7989a7e8866,6,2.88439,0.928888,2.67927525832
10377.373111987254,bench:63a0f7989a7e8866,6,3.05406,0.9286194,2.836059364764
10381.394101001206,bench:63a0f7989a7e8866,6,3.4827,0.928888,3.2350382376
10385.448923989316,bench:63a0f7989a7e8866,6,2.92011,0.9291566,2.7132394792260004
10389.448320987867,bench:63a0f7989a7e8866,6,2.87546,0.9286194,2.670207939924
10393.5085869889,bench:63a0f7989a7e8866,6,2.86653,0.928888,2.6626853186400004
10397.501909988932,bench:63a0f7989a7e8866,6,2.87546,0.9283507,2.669435303822
10401.49115899112,bench:63a0f7989a7e8866,6,2.92011,0.9283507,2.710886162577
10405.542332999175,bench:63a0f7989a7e8866,6,2.84867,0.9283507,2.644564788569
10409.579877989017,bench:63a0f7989a7e8866,6,2.88439,0.928888,2.67927525832
10413.585404996411,bench:63a0f7989a7e8866,6,2.91118,0.9275449,2.700250161982
10417.647356996895,bench:63a0f7989a7e8866,6,2.93797,0.928888,2.72904507736
10421.652790988446,bench:63a0f7989a7e8866,6,2.92904,0.928888,2.7207501075200002
10425.685779991909,bench:63a0f7989a7e8866,6,2.91118,0.9286194,2.703378224892
10429.70365799556,bench:63a0f7989a7e8866,6,2.88439,0.9280821,2.676950728419
10433.76927699137,bench:63a0f7989a7e8866,6,2.91118,0.9291566,2.704942110788
10437.79341399204,bench:63a0f7989a7e8866,6,2.93797,0.9286194,2.728255938618
10441.858032994787,bench:63a0f7989a7e8866,6,2.90225,0.928888,2.6958651980000004
10445.870299998205,bench:63a0f7989a7e8866,6,2.89332,0.9280821,2.685238501572
10449.898234001012,bench:63a0f7989a7e8866,6,2.91118,0.9286194,2.703378224892
10453.947092988528,bench:63a0f7989a7e8866,6,2.89332,0.9294252,2.689124519664
10458.060173987178,bench:63a0f7989a7e8866,6,2.91118,0.9291566,2.704942110788
10462.144829987665,bench:63a0f7989a7e8866,6,2.8576,0.928888,2.6543903488000002
10466.23907799949,bench:63a0f7989a7e8866,6,2.88439,0.9280821,2.676950728419
10470.23410499969,bench:63a0f7989a7e8866,6,2.87546,0.9283507,2.669435303822
10474.226167993038,bench:63a0f7989a7e8866,6,2.86653,0.9286194,2.661915368682
10478.286490993924,bench:63a0f7989a7e8866,6,2.86653,0.9294252,2.664225218556
10482.360867987154,bench:63a0f7989a7e8866,6,2.91118,0.928888,2.70416016784
10486.388024000917,bench:63a0f7989a7e8866,6,2.88439,0.9291566,2.680050005474
10490.425679992768,bench:63a0f7989a7e8866,6,2.86653,0.928888,2.6626853186400004
10494.449909994728,bench:63a0f7989a7e8866,6,2.84867,0.9280821,2.643799635807
10498.45697398996,bench:63a0f7989a7e8866,6,2.90225,0.9283507,2.6943058190749998
10502.5148329878,bench:63a0f7989a7e8866,6,2.81295,0.928888,2.6129154996
10506.508897000458,bench:63a0f7989a7e8866,6,2.88439,0.9294252,2.680824752628
10510.569218997261,bench:63a0f7989a7e8866,6,2.84867,0.9286194,2.645330226198
10514.632985999924,bench:63a0f7989a7e8866,6,2.88439,0.9291566,2.680050005474
10518.655419989955,bench:63a0f7989a7e8866,6,2.8576,0.928888,2.6543903488000002
10522.70788999158,bench:63a0f7989a7e8866,6,2.82188,0.9286194,2.620452512472
10526.783026987687,bench:63a0f7989a7e8866,6,2.83974,0.9286194,2.637037654956
10530.841831001453,bench:63a0f7989a7e8866,6,2.83081,0.9286194,2.628745083714
10534.803950999049,bench:63a0f7989a7e8866,6,2.90225,0.9286194,2.69508565365
10538.868827992701,bench:63a0f7989a7e8866,6,2.90225,0.9286194,2.69508565365
10542.933409989928,bench:63a0f7989a7e8866,6,2.87546,0.9291566,2.671752637036
10547.021639999002,bench:63a0f7989a7e8866,6,2.87546,0.9283507,2.669435303822
10551.070887988317,bench:63a0f7989a7e8866,6,2.84867,0.928888,2.64609537896
10555.139987991424,bench:63a0f7989a7e8866,6,2.89332,0.928888,2.6875702281600002
10559.178124996834,bench:63a0f7989a7e8866,6,2.8576,0.9280821,2.6520874089600004
10563.217206989066,bench:63a0f7989a7e8866,6,2.84867,0.928888,2.64609537896
10567.339417990297,bench:63a0f7989a7e8866,6,2.90225,0.928888,2.6958651980000004
10571.392703001038,bench:63a0f7989a7e8866,6,2.88439,0.9286194,2.678500511166
10575.43461798923,bench:63a0f7989a7e8866,6,2.88439,0.9286194,2.678500511166
10579.556885000784,bench:63a0f7989a7e8866,6,2.86653,0.9283507,2.661145132071
10583.709761995124,bench:63a0f7989a7e8866,6,2.90225,0.9280821,2.693526274725
10587.765898992075,bench:63a0f7989a7e8866,6,2.8576,0.9294252,2.65592545152
10591.837628991925,bench:63a0f7989a7e8866,6,2.90225,0.9286194,2.69508565365
10595.909450988984,bench:63a0f7989a7e8866,6,2.90225,0.9286194,2.69508565365
10600.00162498909,bench:63a0f7989a7e8866,6,2.88439,0.928888,2.67927525832
10604.058780998457,bench:63a0f7989a7e8866,6,2.84867,0.9286194,2.645330226198
10608.146232989384,bench:63a0f7989a7e8866,6,2.89332,0.9283507,2.686015647324
10612.20927699469,bench:63a0f7989a7e8866,6,2.87546,0.928888,2.67098028848
10616.244691991596,bench:63a0f7989a7e8866,6,2.88439,0.9294252,2.680824752628
10620.305569987977,bench:63a0f7989a7e8866,6,2.84867,0.9280821,2.643799635807
10624.349523001001,bench:63a0f7989a7e8866,6,2.89332,0.9286194,2.686793082408
10628.400178000447,bench:63a0f7989a7e8866,6,2.82188,0.928888,2.6212104694400002
10632.382167998003,bench:63a0f7989a7e8866,6,2.88439,0.9294252,2.680824752628
10636.398712988012,bench:63a0f7989a7e8866,6,2.87546,0.9294252,2.6725249855919997
10640.444275995833,bench:63a0f7989a7e8866,6,2.8576,0.928888,2.6543903488000002
10644.49033899291,bench:63a0f7989a7e8866,6,2.90225,0.928888,2.6958651980000004
10648.51612498751,bench:63a0f7989a7e8866,6,2.88439,0.9283507,2.677725475573
10652.539855000214,bench:63a0f7989a7e8866,6,2.91118,0.928888,2.70416016784
10656.558973991196,bench:63a0f7989a7e8866,6,2.84867,0.9294252,2.647625684484
10660.633517996757,bench:63a0f7989a7e8866,6,2.88439,0.9283507,2.677725475573
10664.670303987805,bench:63a0f7989a7e8866,6,2.83974,0.928888,2.63780040912
10668.724977993406,bench:63a0f7989a7e8866,6,2.90225,0.9283507,2.6943058190749998
10672.725078999065,bench:63a0f7989a7e8866,6,2.90225,0.9291566,2.69664474235
10676.738771988312,bench:63a0f7989a7e8866,6,2.86653,0.928888,2.6626853186400004
10680.790852988139,bench:63a0f7989a7e8866,6,2.86653,0.9291566,2.663455268598
10684.81834299746,bench:63a0f7989a7e8866,6,2.83081,0.9286194,2.628745083714
10688.844812990283,bench:63a0f7989a7e8866,6,2.88439,0.9280821,2.676950728419
10692.903746996308,bench:63a0f7989a7e8866,6,2.8576,0.9280821,2.6520874089600004
10696.957365988055,bench:63a0f7989a7e8866,6,2.83974,0.9291566,2.638563163284
10700.978873996064,bench:63a0f7989a7e8866,6,2.81295,0.928888,2.6129154996
10704.986269993242,bench:63a0f7989a7e8866,6,2.82188,0.9280821,2.6189363163480004
10709.012462990358,bench:63a0f7989a7e8866,6,2.91118,0.928888,2.70416016784
10713.03656398959,bench:63a0f7989a7e8866,6,2.86653,0.9283507,2.661145132071
10717.096552994917,bench:63a0f7989a7e8866,6,2.93797,0.9278135,2.7258882285949997
10721.143041999312,bench:63a0f7989a7e8866,6,2.87546,0.928888,2.67098028848
10725.189289994887,bench:63a0f7989a7e8866,6,2.82188,0.9283507,2.619694273316
10729.202482994879,bench:63a0f7989a7e8866,6,2.8576,0.928888,2.6543903488000002
10733.176972993533,bench:63a0f7989a7e8866,6,2.8576,0.928888,2.6543903488000002
10737.234665997676,bench:63a0f7989a7e8866,6,2.87546,0.9294252,2.6725249855919997
10741.325265989872,bench:63a0f7989a7e8866,6,2.87546,0.9283507,2.669435303822
10745.35575498885,bench:63a0f7989a7e8866,6,3.42019,0.9286194,3.176054785686
10749.332040999434,bench:63a0f7989a7e8866,6,2.92011,0.9283507,2.710886162577
10753.294289999758,bench:63a0f7989a7e8866,6,2.86653,0.928888,2.6626853186400004
10757.29342798877,bench:63a0f7989a7e8866,6,2.88439,0.9286194,2.678500511166
10761.350675995345,bench:63a0f7989a7e8866,6,2.84867,0.928888,2.64609537896
10765.366462001111,bench:63a0f7989a7e8866,6,3.99171,0.9286194,3.7067793451739997
10769.372320995899,bench:63a0f7989a7e8866,6,3.4827,0.928888,3.2350382376
10773.465994992875,bench:63a0f7989a7e8866,6,2.92904,0.9294252,2.722323587808
10777.512354994542,bench:63a0f7989a7e8866,6,2.88439,0.9294252,2.680824752628
10781.512862988166,bench:63a0f7989a7e8866,6,2.83081,0.9286194,2.628745083714
10785.532796988264,bench:63a0f7989a7e8866,6,2.87546,0.9283507,2.669435303822
10789.54667499056,bench:63a0f7989a7e8866,6,2.91118,0.9286194,2.703378224892
10793.54342399165,bench:63a0f7989a7e8866,6,2.90225,0.9291566,2.69664474235
10797.63030099275,bench:63a0f7989a7e8866,6,2.90225,0.9299625,2.698983665625
10801.652216992807,bench:63a0f7989a7e8866,6,2.92011,0.928888,2.71245513768
10805.679797995253,bench:63a0f7989a7e8866,6,2.97369,0.928888,2.76222495672
10809.724473001552,bench:63a0f7989a7e8866,6,2.90225,0.9286194,2.69508565365
10813.788350991672,bench:63a0f7989a7e8866,6,2.91118,0.9286194,2.703378224892
10817.82191399543,bench:63a0f7989a7e8866,6,2.89332,0.9286194,2.686793082408
10821.829014996183,bench:63a0f7989a7e8866,6,2.89332,0.9286194,2.686793082408
10825.828540997463,bench:63a0f7989a7e8866,6,2.92011,0.9280821,2.7101018210310004
10829.81632699375,bench:63a0f7989a7e8866,6,2.86653,0.928888,2.6626853186400004
10833.864204993006,bench:63a0f7989a7e8866,6,2.91118,0.928888,2.70416016784
10837.893064992386,bench:63a0f7989a7e8866,6,2.87546,0.928888,2.67098028848
10845.93932099233,bench:63a0f7989a7e8866,6,2.91118,0.928888,2.70416016784
10849.991291994229,bench:63a0f7989a7e8866,6,2.83974,0.9291566,2.638563163284
10854.01222499786,bench:63a0f7989a7e8866,6,2.86653,0.9283507,2.661145132071
10857.998288993258,bench:63a0f7989a7e8866,6,2.8576,0.928888,2.6543903488000002
10862.029407988302,bench:63a0f7989a7e8866,6,2.92011,0.9286194,2.7116707961340003
10866.01717499434,bench:63a0f7989a7e8866,6,2.86653,0.9291566,2.663455268598
10870.057868000004,bench:63a0f7989a7e8866,6,2.86653,0.9283507,2.661145132071
10874.078986991663,bench:63a0f7989a7e8866,6,2.84867,0.9283507,2.644564788569
10878.072551000514,bench:63a0f7989a7e8866,6,2.86653,0.9286194,2.661915368682
10882.112095001503,bench:63a0f7989a7e8866,6,2.88439,0.9283507,2.677725475573
10886.132250991068,bench:63a0f7989a7e8866,6,2.91118,0.9286194,2.703378224892
10890.12092599296,bench:63a0f7989a7e8866,6,2.90225,0.9294252,2.6974242867
10894.175062989234,bench:63a0f7989a7e8866,6,2.87546,0.9280821,2.668662955266
10898.24153399968,bench:63a0f7989a7e8866,6,2.83974,0.928888,2.63780040912
10902.368892988306,bench:63a0f7989a7e8866,6,2.83081,0.9283507,2.627984445067
10906.378511994262,bench:63a0f7989a7e8866,6,2.89332,0.9283507,2.686015647324
10910.367000993574,bench:63a0f7989a7e8866,6,2.83974,0.9294252,2.6393259174479997
10914.418323998689,bench:63a0f7989a7e8866,6,2.84867,0.9291566,2.646860531722
10918.497997990926,bench:63a0f7989a7e8866,6,2.89332,0.9283507,2.686015647324
10922.46935798903,bench:63a0f7989a7e8866,6,2.83974,0.9280821,2.635511862654
10926.534717000322,bench:63a0f7989a7e8866,6,2.87546,0.9286194,2.670207939924
10930.534022001666,bench:63a0f7989a7e8866,6,2.83081,0.9291566,2.630265794846
10934.54965899582,bench:63a0f7989a7e8866,6,2.80402,0.9283507,2.603113929814
10938.631832992542,bench:63a0f7989a7e8866,6,2.83081,0.9286194,2.628745083714
10942.667729992536,bench:63a0f7989a7e8866,6,2.91118,0.9286194,2.703378224892
10946.709829993779,bench:63a0f7989a7e8866,6,2.86653,0.9283507,2.661145132071
10950.716300998465,bench:63a0f7989a7e8866,6,2.84867,0.928888,2.64609537896
10954.7903269995,bench:63a0f7989a7e8866,6,2.86653,0.9286194,2.661915368682
10958.85425999586,bench:63a0f7989a7e8866,6,2.87546,0.9286194,2.670207939924
10962.875268000062,bench:63a0f7989a7e8866,6,2.82188,0.9286194,2.620452512472
10966.88429499045,bench:63a0f7989a7e8866,6,2.83974,0.9291566,2.638563163284
10970.930172989029,bench:63a0f7989a7e8866,6,2.79509,0.9286194,2.595574798746
10974.931902994285,bench:63a0f7989a7e8866,6,2.87546,0.9294252,2.6725249855919997
10978.984096000204,bench:63a0f7989a7e8866,6,2.88439,0.928888,2.67927525832
10983.019195991801,bench:63a0f7989a7e8866,6,2.84867,0.9283507,2.644564788569
10987.018667001394,bench:63a0f7989a7e8866,6,2.84867,0.9286194,2.645330226198
10991.030637989752,bench:63a0f7989a7e8866,6,2.92011,0.9294252,2.714023820772
10995.046719996026,bench:63a0f7989a7e8866,6,2.86653,0.928888,2.6626853186400004
10999.12215299264,bench:63a0f7989a7e8866,6,2.88439,0.9286194,2.678500511166
11003.207437999663,bench:63a0f7989a7e8866,6,2.88439,0.9286194,2.678500511166
11007.318815987674,bench:63a0f7989a7e8866,6,2.87546,0.9286194,2.670207939924
11011.409822996939,bench:63a0f7989a7e8866,6,2.91118,0.9286194,2.703378224892
11015.558792991214,bench:63a0f7989a7e8866,6,2.84867,0.9286194,2.645330226198
11019.768780999584,bench:63a0f7989a7e8866,6,2.80402,0.9286194,2.603867369988
11023.924640001496,bench:63a0f7989a7e8866,6,2.88439,0.9294252,2.680824752628
11028.051775996573,bench:63a0f7989a7e8866,6,2.88439,0.928888,2.67927525832
11032.132912994712,bench:63a0f7989a7e8866,6,2.89332,0.9280821,2.685238501572
11036.26493900083,bench:63a0f7989a7e8866,6,2.83081,0.9291566,2.630265794846
11040.36433500005,bench:63a0f7989a7e8866,6,2.90225,0.9299625,2.698983665625
11044.505268000648,bench:63a0f7989a7e8866,6,2.83081,0.9283507,2.627984445067
11048.612496990245,bench:63a0f7989a7e8866,6,2.87546,0.9291566,2.671752637036
11052.682430992718,bench:63a0f7989a7e8866,6,2.90225,0.928888,2.6958651980000004
11056.798808000167,bench:63a0f7989a7e8866,6,2.86653,0.9283507,2.661145132071
11060.89159399562,bench:63a0f7989a7e8866,6,2.8576,0.9280821,2.6520874089600004
11064.966896999977,bench:63a0f7989a7e8866,6,2.92011,0.9286194,2.7116707961340003
11069.08262700017,bench:63a0f7989a7e8866,6,2.91118,0.9286194,2.703378224892
11073.182059990359,bench:63a0f7989a7e8866,6,2.88439,0.9294252,2.680824752628
11077.26117799757,bench:63a0f7989a7e8866,6,2.84867,0.928888,2.64609537896
11081.410647995654,bench:63a0f7989a7e8866,6,2.91118,0.9286194,2.703378224892
11085.511821991531,bench:63a0f7989a7e8866,6,2.92011,0.928888,2.71245513768
11089.573958990513,bench:63a0f7989a7e8866,6,2.89332,0.9283507,2.686015647324
11093.69398499257,bench:63a0f7989a7e8866,6,2.91118,0.928888,2.70416016784
11097.726325999247,bench:63a0f7989a7e8866,6,2.89332,0.9286194,2.686793082408
11101.79455600155,bench:63a0f7989a7e8866,6,2.8576,0.928888,2.6543903488000002
11105.904951997218,bench:63a0f7989a7e8866,6,2.91118,0.928888,2.70416016784
11110.100031990441,bench:63a0f7989a7e8866,6,2.91118,0.928888,2.70416016784
11114.257483990514,bench:63a0f7989a7e8866,6,2.88439,0.9283507,2.677725475573
11118.422934989212,bench:63a0f7989a7e8866,6,2.8576,0.9286194,2.65362279744
11122.552311993786,bench:63a0f7989a7e8866,6,3.59879,0.9286194,3.341906210526
11127.57140598842,bench:63a0f7989a7e8866,6,2.75937,0.9280821,2.560921904277
11132.596701994771,bench:63a0f7989a7e8866,6,2.8576,0.9283507,2.65285496032
11136.769727992942,bench:63a0f7989a7e8866,6,2.78616,0.9294252,2.589527315232
11140.850456999033,bench:63a0f7989a7e8866,6,2.81295,0.9283507,2.611404101565
11144.960019999417,bench:63a0f7989a7e8866,6,2.77723,0.9286194,2.578989656262
11149.109878999298,bench:63a0f7989a7e8866,6,2.75937,0.9283507,2.561663071059
11153.192904996104,bench:63a0f7989a7e8866,6,2.81295,0.9286194,2.61215994123
11157.31715298898,bench:63a0f7989a7e8866,6,2.75937,0.9286194,2.562404513778
11161.379455996212,bench:63a0f7989a7e8866,6,2.91118,0.928888,2.70416016784
11165.493426989997,bench:63a0f7989a7e8866,6,2.82188,0.9283507,2.619694273316
11169.634488993324,bench:63a0f7989a7e8866,6,2.83974,0.928888,2.63780040912
11173.763106999104,bench:63a0f7989a7e8866,6,2.74151,0.9286194,2.545819371294
11177.868039987516,bench:63a0f7989a7e8866,6,2.7683,0.9283507,2.56995324281
11182.02076999296,bench:63a0f7989a7e8866,6,2.79509,0.928888,2.5963255599200004
11186.153128001024,bench:63a0f7989a7e8866,6,2.83081,0.9286194,2.628745083714
11190.322245995048,bench:63a0f7989a7e8866,6,2.77723,0.9286194,2.578989656262
11194.5118829899,bench:63a0f7989a7e8866,6,2.82188,0.9291566,2.6219684264080003
11199.64477099711,bench:63a0f7989a7e8866,6,2.78616,0.928888,2.5880305900800002
11204.640901996754,bench:63a0f7989a7e8866,6,2.87546,0.9286194,2.670207939924
11208.733908992144,bench:63a0f7989a7e8866,6,2.93797,0.9294252,2.730623354844
11212.848822993692,bench:63a0f7989a7e8866,6,2.86653,0.9286194,2.661915368682
11216.971774992999,bench:63a0f7989a7e8866,6,2.88439,0.928888,2.67927525832
11221.065707999514,bench:63a0f7989a7e8866,6,2.90225,0.928888,2.6958651980000004
11225.11821599619,bench:63a0f7989a7e8866,6,2.92011,0.9286194,2.7116707961340003
11229.165001001093,bench:63a0f7989a7e8866,6,2.91118,0.928888,2.70416016784
11233.278896994307,bench:63a0f7989a7e8866,6,2.82188,0.9283507,2.619694273316
11237.400163998245,bench:63a0f7989a7e8866,6,3.77739,0.9283507,3.506742650673
11241.451597001287,bench:63a0f7989a7e8866,6,2.92011,0.9283507,2.710886162577
11245.542955992278,bench:63a0f7989a7e8866,6,2.89332,0.9286194,2.686793082408
11249.58835299185,bench:63a0f7989a7e8866,6,2.8576,0.9283507,2.65285496032
11253.685137999128,bench:63a0f7989a7e8866,6,2.83081,0.928888,2.6295054392800004
11257.7704419964,bench:63a0f7989a7e8866,6,3.47377,0.9280821,3.223943756517
11261.905559993465,bench:63a0f7989a7e8866,6,2.87546,0.928888,2.67098028848
11266.030603990657,bench:63a0f7989a7e8866,6,2.89332,0.9280821,2.685238501572
11270.131258992478,bench:63a0f7989a7e8866,6,2.91118,0.9291566,2.704942110788
11274.289839988342,bench:63a0f7989a7e8866,6,2.86653,0.9278135,2.659605232155
11278.41249598714,bench:63a0f7989a7e8866,6,2.88439,0.9286194,2.678500511166
11282.4689479894,bench:63a0f7989a7e8866,6,2.90225,0.9286194,2.69508565365
11286.590288000298,bench:63a0f7989a7e8866,6,2.88439,0.928888,2.67927525832
11290.688220993616,bench:63a0f7989a7e8866,6,2.92011,0.928888,2.71245513768
11294.82530200039,bench:63a0f7989a7e8866,6,2.84867,0.9286194,2.645330226198
11298.955068996293,bench:63a0f7989a7e8866,6,2.88439,0.9283507,2.677725475573
11303.014223987702,bench:63a0f7989a7e8866,6,2.8576,0.9294252,2.65592545152
11307.129656997859,bench:63a0f7989a7e8866,6,2.92011,0.9294252,2.714023820772
11311.301941997954,bench:63a0f7989a7e8866,6,2.8576,0.9291566,2.6551579001600003
11315.516429996933,bench:63a0f7989a7e8866,6,2.86653,0.9286194,2.661915368682
11319.702344000689,bench:63a0f7989a7e8866,6,2.90225,0.9286194,2.69508565365
11323.91959099914,bench:63a0f7989a7e8866,6,2.89332,0.9283507,2.686015647324
11328.012357989792,bench:63a0f7989a7e8866,6,2.88439,0.9286194,2.678500511166
11332.086253998568,bench:63a0f7989a7e8866,6,2.87546,0.9291566,2.671752637036
11336.16353898833,bench:63a0f7989a7e8866,6,2.83081,0.9296938,2.631786505978
11340.253990987549,bench:63a0f7989a7e8866,6,2.81295,0.928888,2.6129154996
11344.372053994448,bench:63a0f7989a7e8866,6,2.89332,0.928888,2.6875702281600002
11348.475652994239,bench:63a0f7989a7e8866,6,2.8576,0.9283507,2.65285496032
11352.576215998852,bench:63a0f7989a7e8866,6,2.83974,0.9283507,2.636274616818
11356.707815997652,bench:63a0f7989a7e8866,6,2.89332,0.928888,2.6875702281600002
11360.837285988964,bench:63a0f7989a7e8866,6,2.88439,0.9280821,2.676950728419
11365.009255998302,bench:63a0f7989a7e8866,6,2.92011,0.9286194,2.7116707961340003
11369.127892001416,bench:63a0f7989a7e8866,6,2.92904,0.9283507,2.719176334328
11373.256213992136,bench:63a0f7989a7e8866,6,2.90225,0.9294252,2.6974242867
11377.342350999243,bench:63a0f7989a7e8866,6,2.83974,0.9280821,2.635511862654
11381.444080994697,bench:63a0f7989a7e8866,6,3.9292,0.9283507,3.6476755704399997
11385.59649499075,bench:63a0f7989a7e8866,6,2.87546,0.928888,2.67098028848
11389.70820599934,bench:63a0f7989a7e8866,6,2.87546,0.9280821,2.668662955266
11393.84274999611,bench:63a0f7989a7e8866,6,2.91118,0.9283507,2.702595990826
11397.884257996338,bench:63a0f7989a7e8866,6,2.92011,0.9283507,2.710886162577
11401.941598989652,bench:63a0f7989a7e8866,6,2.87546,0.928888,2.67098028848
11406.004901989945,bench:63a0f7989a7e8866,6,2.83081,0.928888,2.6295054392800004
11410.135668993462,bench:63a0f7989a7e8866,6,2.92011,0.9296938,2.714808162318
11414.257434997126,bench:63a0f7989a7e8866,6,2.90225,0.9294252,2.6974242867
11418.292406000546,bench:63a0f7989a7e8866,6,2.84867,0.9286194,2.645330226198
11422.438041990972,bench:63a0f7989a7e8866,6,2.92011,0.9286194,2.7116707961340003
11426.622492988827,bench:63a0f7989a7e8866,6,2.90225,0.9294252,2.6974242867
11430.766685996787,bench:63a0f7989a7e8866,6,2.88439,0.9291566,2.680050005474
11434.899469997617,bench:63a0f7989a7e8866,6,2.87546,0.9291566,2.671752637036
11438.974903998314,bench:63a0f7989a7e8866,6,2.8576,0.928888,2.6543903488000002
11443.123039993225,bench:63a0f7989a7e8866,6,2.88439,0.9286194,2.678500511166
11447.196195993456,bench:63a0f7989a7e8866,6,2.8576,0.928888,2.6543903488000002
11451.343535998603,bench:63a0f7989a7e8866,6,2.89332,0.9294252,2.689124519664
11455.492023989791,bench:63a0f7989a7e8866,6,2.88439,0.9294252,2.680824752628
11459.681363994605,bench:63a0f7989a7e8866,6,2.89332,0.9286194,2.686793082408
11463.826907987823,bench:63a0f7989a7e8866,6,2.86653,0.928888,2.6626853186400004
11467.919989998336,bench:63a0f7989a7e8866,6,2.8576,0.9283507,2.65285496032
11471.952071995474,bench:63a0f7989a7e8866,6,2.89332,0.9286194,2.686793082408
11476.061448993278,bench:63a0f7989a7e8866,6,2.90225,0.928888,2.6958651980000004
11480.176659999415,bench:63a0f7989a7e8866,6,2.88439,0.9286194,2.678500511166
11484.31520399754,bench:63a0f7989a7e8866,6,2.84867,0.9283507,2.644564788569
11488.386396988062,bench:63a0f7989a7e8866,6,2.86653,0.9280821,2.660375182113
11492.53377399873,bench:63a0f7989a7e8866,6,2.84867,0.9286194,2.645330226198
11496.6452439985,bench:63a0f7989a7e8866,6,2.8576,0.9286194,2.65362279744
11500.748010992538,bench:63a0f7989a7e8866,6,2.90225,0.9283507,2.6943058190749998
11504.845795992878,bench:63a0f7989a7e8866,6,2.83974,0.9286194,2.637037654956
11508.904673988582,bench:63a0f7989a7e8866,6,2.90225,0.928888,2.6958651980000004
11513.026143991738,bench:63a0f7989a7e8866,6,2.88439,0.9286194,2.678500511166
11517.161613999633,bench:63a0f7989a7e8866,6,2.89332,0.9286194,2.686793082408
11521.257417000015,bench:63a0f7989a7e8866,6,2.89332,0.9294252,2.689124519664
11525.310703000287,bench:63a0f7989a7e8866,6,2.90225,0.9286194,2.69508565365
11529.404153989162,bench:63a0f7989a7e8866,6,3.4827,0.9286194,3.2341027843799997
11533.493531998829,bench:63a0f7989a7e8866,6,2.90225,0.9286194,2.69508565365
11537.606094992952,bench:63a0f7989a7e8866,6,2.92011,0.928888,2.71245513768
11541.703842987772,bench:63a0f7989a7e8866,6,2.90225,0.928888,2.6958651980000004
11545.798164996086,bench:63a0f7989a7e8866,6,2.90225,0.928888,2.6958651980000004
11549.93504199956,bench:63a0f7989a7e8866,6,2.87546,0.9286194,2.670207939924
11554.033511987654,bench:63a0f7989a7e8866,6,2.92904,0.9283507,2.719176334328
11558.081094000954,bench:63a0f7989a7e8866,6,2.87546,0.9283507,2.669435303822
11562.137341999914,bench:63a0f7989a7e8866,6,2.8576,0.928888,2.6543903488000002
11566.280015991651,bench:63a0f7989a7e8866,6,2.86653,0.9286194,2.661915368682
11570.415133988718,bench:63a0f7989a7e8866,6,2.91118,0.9286194,2.703378224892
11574.503789990558,bench:63a0f7989a7e8866,6,2.8576,0.9283507,2.65285496032
11578.654944998561,bench:63a0f7989a7e8866,6,2.86653,0.928888,2.6626853186400004
11582.694174998323,bench:63a0f7989a7e8866,6,2.89332,0.9283507,2.686015647324
11586.800496996148,bench:63a0f7989a7e8866,6,2.92011,0.928888,2.71245513768
11590.868096987833,bench:63a0f7989a7e8866,6,2.83081,0.928888,2.6295054392800004
11594.998029991984,bench:63a0f7989a7e8866,6,2.87546,0.928888,2.67098028848
11599.045296999975,bench:63a0f7989a7e8866,6,2.86653,0.928888,2.6626853186400004
11603.149062997545,bench:63a0f7989a7e8866,6,2.87546,0.9286194,2.670207939924
11607.587215999956,bench:63a0f7989a7e8866,6,2.87546,0.9283507,2.669435303822
11611.733518991969,bench:63a0f7989a7e8866,6,2.83974,0.9286194,2.637037654956
11615.85106299026,bench:63a0f7989a7e8866,6,2.83081,0.9286194,2.628745083714
11619.998440990457,bench:63a0f7989a7e8866,6,2.86653,0.9294252,2.664225218556
11624.072225997224,bench:63a0f7989a7e8866,6,2.90225,0.928888,2.6958651980000004
11628.182565997122,bench:63a0f7989a7e8866,6,2.90225,0.928888,2.6958651980000004
11632.259943988174,bench:63a0f7989a7e8866,6,2.86653,0.9286194,2.661915368682
11636.296673998004,bench:63a0f7989a7e8866,6,2.86653,0.928888,2.6626853186400004
11640.360551988124,bench:63a0f7989a7e8866,6,2.86653,0.9286194,2.661915368682
11644.487910991302,bench:63a0f7989a7e8866,6,2.83974,0.9283507,2.636274616818
11648.472549000871,idle,6,2.86653,0.928888,2.6626853186400004
11652.68542499689,idle,6,1.61633,0.9283507,1.500521086931
11666.916766989743,idle,6,1.63419,0.928888,1.51797948072
11671.218327988754,bench:78b4ea840b7c1996,7,4.8222,0.9275449,4.47280701678
11675.399389991071,bench:78b4ea840b7c1996,7,1.61633,0.9286194,1.500955394802
11689.651212000172,bench:78b4ea840b7c1996,7,1.6074,0.928888,1.4930945712
11699.735749993124,bench:78b4ea840b7c1996,7,5.491949,0.9291566,5.1028806602134
11707.835451001301,bench:78b4ea840b7c1996,7,4.13459,0.928888,3.8405710359200005
11711.920179994195,bench:78b4ea840b7c1996,7,4.13459,0.9286194,3.839460485046
11716.033188000438,bench:78b4ea840b7c1996,7,2.55398,0.9280821,2.3703031217580004
11720.107953995466,bench:78b4ea840b7c1996,7,4.06315,0.9286194,3.77311991511
11727.871156996116,bench:78b4ea840b7c1996,7,5.93845,0.9294252,5.519345078939999
11732.117626001127,bench:78b4ea840b7c1996,7,5.92952,0.9291566,5.5094526428320005
11739.620126987575,bench:78b4ea840b7c1996,7,5.94738,0.9280821,5.519656919898
11743.903836992104,bench:78b4ea840b7c1996,7,5.93845,0.9294252,5.519345078939999
11748.019751001266,bench:78b4ea840b7c1996,7,2.95583,0.9291566,2.7464289529780004
11752.17342498945,bench:78b4ea840b7c1996,7,4.69718,0.9280821,4.359368678478001
11756.33724698855,bench:78b4ea840b7c1996,7,5.57232,0.9291566,5.177557905312001
11763.633896989631,bench:78b4ea840b7c1996,7,6.501039,0.9294252,6.042229472782799
11767.720126998029,bench:78b4ea840b7c1996,7,2.59863,0.9283507,2.412439979541
11775.840511996648,bench:78b4ea840b7c1996,7,4.09887,0.9286194,3.8062902000779997
11780.038518991205,bench:78b4ea840b7c1996,7,4.11673,0.9299625,3.8284045226249996
11784.139155992307,bench:78b4ea840b7c1996,7,4.11673,0.9280821,3.8206634235329995
11788.269699987723,bench:78b4ea840b7c1996,7,5.92059,0.9296938,5.504335815342
11792.40491100063,bench:78b4ea840b7c1996,7,4.09887,0.9283507,3.805188833709
11796.474287999445,bench:78b4ea840b7c1996,7,5.38479,0.9286194,5.0004204589259995
11803.810623998288,bench:78b4ea840b7c1996,7,5.92952,0.928888,5.5078599737600005
11811.742732999846,bench:78b4ea840b7c1996,7,5.55446,0.9294252,5.162455096392
11823.802163999062,bench:78b4ea840b7c1996,7,5.66162,0.9291566,5.260531589692
11831.746661991929,bench:78b4ea840b7c1996,7,5.50088,0.9315742,5.124477885296001
11843.747833991074,bench:78b4ea840b7c1996,7,5.46516,0.9299625,5.0823938565
11855.742412997643,bench:78b4ea840b7c1996,7,5.51874,0.928888,5.126291361120001
11860.093196999514,bench:78b4ea840b7c1996,7,3.53628,0.9283507,3.282908013396
11864.224462988204,bench:78b4ea840b7c1996,7,6.66178,0.9291566,6.189836854748
11868.330432989751,bench:78b4ea840b7c1996,7,2.5897,0.9291566,2.40623684702
11872.401385000558,bench:78b4ea840b7c1996,7,4.09887,0.928888,3.80739115656
11879.325982998125,bench:78b4ea840b7c1996,7,5.51874,0.928888,5.126291361120001
11883.48726699769,bench:78b4ea840b7c1996,7,2.86653,0.9286194,2.661915368682
11887.878623994766,bench:78b4ea840b7c1996,7,4.15245,0.9294252,3.8593916717399996
11895.307921993663,bench:78b4ea840b7c1996,7,5.51874,0.928888,5.126291361120001
11899.470984993968,bench:78b4ea840b7c1996,7,2.5897,0.9286194,2.40484566018
11907.874275988434,bench:78b4ea840b7c1996,7,4.17924,0.9280821,3.8786778356040004
11919.83087400149,bench:78b4ea840b7c1996,7,5.92059,0.928888,5.49956500392
11924.345359992003,bench:78b4ea840b7c1996,7,5.4473,0.9280821,5.055541623330001
11931.519084988395,bench:78b4ea840b7c1996,7,5.77771,0.9294252,5.369949272292
11939.74622899259,bench:78b4ea840b7c1996,7,5.67055,0.9294252,5.27035206786
11947.84229999641,bench:78b4ea840b7c1996,7,5.57232,0.928888,5.1760611801600005
11955.876426989562,bench:78b4ea840b7c1996,7,5.5366,0.9369466,5.18749854556
11959.976711994386,bench:78b4ea840b7c1996,7,5.57232,0.9278135,5.17007372232
11967.815803000121,bench:78b4ea840b7c1996,7,5.491949,0.9315742,5.1161579961158
11975.815929996315,bench:78b4ea840b7c1996,7,5.60804,0.9294252,5.2122536986079995
11983.859724001377,bench:78b4ea840b7c1996,7,5.52767,0.9237842,5.106374208814
11991.874942992581,bench:78b4ea840b7c1996,7,5.63483,0.9283507,5.231098374881
11999.758070989628,bench:78b4ea840b7c1996,7,5.67055,0.9304997,5.276445073835001
12003.867077990435,bench:78b4ea840b7c1996,7,5.77771,0.9294252,5.369949272292
12011.74468798854,bench:78b4ea840b7c1996,7,5.5366,0.9326486,5.16370223876
12023.826136995922,bench:78b4ea840b7c1996,7,5.58125,0.9294252,5.187354397499999
12028.1956789986,bench:78b4ea840b7c1996,7,5.60804,0.9294252,5.2122536986079995
12039.726632996462,bench:78b4ea840b7c1996,7,5.67055,0.9291566,5.26882895813
12051.815822997014,bench:78b4ea840b7c1996,7,5.92059,0.9294252,5.502745544868
12055.982532998314,bench:78b4ea840b7c1996,7,5.57232,0.9270077,5.165583546864
12060.130465994007,bench:78b4ea840b7c1996,7,5.67055,0.9304997,5.276445073835001
12071.807343992987,bench:78b4ea840b7c1996,7,5.59018,0.9283507,5.189647516126
12075.95231400046,bench:78b4ea840b7c1996,7,5.67948,0.9304997,5.284754436156
12080.073727993295,bench:78b4ea840b7c1996,7,5.67948,0.9294252,5.278651834895999
12087.511247998918,bench:78b4ea840b7c1996,7,5.94738,0.9304997,5.534035305786
12091.911678988254,bench:78b4ea840b7c1996,7,5.96524,0.9280821,5.536232466204
12096.472682998865,bench:78b4ea840b7c1996,7,5.56339,0.9280821,5.163282674319
12100.962983997306,bench:78b4ea840b7c1996,7,5.57232,0.9280821,5.171570447472001
12111.824387000524,bench:78b4ea840b7c1996,7,5.39372,0.9291566,5.011610536552
12121.01144999906,bench:78b4ea840b7c1996,7,5.5366,0.9280821,5.13841935486
12128.396284999326,bench:78b4ea840b7c1996,7,5.92952,0.9294252,5.511045311904
12139.814830996329,bench:78b4ea840b7c1996,7,5.69734,0.928888,5.29219075792
12151.808725990122,bench:78b4ea840b7c1996,7,6.501039,0.9280821,6.0334979273019
12159.543817993836,bench:78b4ea840b7c1996,7,4.04529,0.928888,3.75762133752
12163.76063899952,bench:78b4ea840b7c1996,7,4.0185,0.9291566,3.7338157971000006
12167.914220000966,bench:78b4ea840b7c1996,7,4.02743,0.9286194,3.7399496301419997
12172.030985995661,bench:78b4ea840b7c1996,7,5.65269,0.928888,5.25071590872
12179.321748000802,bench:78b4ea840b7c1996,7,5.50088,0.9286194,5.108223885072
12183.888845000183,bench:78b4ea840b7c1996,7,5.42944,0.9318428,5.059384572031999
12188.015110994456,bench:78b4ea840b7c1996,7,5.45623,0.9326486,5.088745270778
12194.693284996902,bench:78b4ea840b7c1996,7,5.60804,0.9286194,5.207734739976
12207.77365299,bench:78b4ea840b7c1996,7,5.509809,0.9237842,5.0898744992178
12215.489725989755,bench:78b4ea840b7c1996,7,5.56339,0.9291566,5.169260536874
12223.705036987667,bench:78b4ea840b7c1996,7,5.60804,0.9286194,5.207734739976
12231.489129000693,bench:78b4ea840b7c1996,7,5.94738,0.928888,5.52444991344
12235.928929992951,bench:78b4ea840b7c1996,7,5.94738,0.9304997,5.534035305786
12243.740798992803,bench:78b4ea840b7c1996,7,5.5366,0.9302311,5.15031750826
12247.875490997103,bench:78b4ea840b7c1996,7,6.518899,0.9280821,6.050073473607901
12251.987608993659,bench:78b4ea840b7c1996,7,4.00064,0.9304997,3.722594319808
12259.871292990283,bench:78b4ea840b7c1996,7,4.17031,0.928888,3.87375091528
12264.020113987499,bench:78b4ea840b7c1996,7,5.51874,0.9296938,5.130738361812
12271.777076995932,bench:78b4ea840b7c1996,7,5.58125,0.928888,5.18435615
12283.827395993285,bench:78b4ea840b7c1996,7,5.92059,0.9299625,5.505926677875
12295.823512991774,bench:78b4ea840b7c1996,7,5.52767,0.9326486,5.155373686762
12299.866520988871,bench:78b4ea840b7c1996,7,6.50997,0.9294252,6.0505301692439994
12307.607575989095,bench:78b4ea840b7c1996,7,6.79573,0.9304997,6.323424726281
12315.820496995002,bench:78b4ea840b7c1996,7,5.60804,0.9304997,5.218279537588
12327.831687987782,bench:78b4ea840b7c1996,7,5.67055,0.9294252,5.27035206786
12331.939879994025,bench:78b4ea840b7c1996,7,6.50997,0.9291566,6.048781591302
12336.108238989254,bench:78b4ea840b7c1996,7,6.518899,0.9304997,6.0658335638303
12343.786127996282,bench:78b4ea840b7c1996,7,5.67948,0.9296938,5.280177343224
12355.816465991666,bench:78b4ea840b7c1996,7,5.57232,0.9280821,5.171570447472001
12363.74909398728,bench:78b4ea840b7c1996,7,5.94738,0.9291566,5.526047379708
12371.77142399014,bench:78b4ea840b7c1996,7,5.57232,0.931037,5.18803609584
12379.474553992623,bench:78b4ea840b7c1996,7,5.64376,0.928888,5.2424209388800005
12383.823169991956,bench:78b4ea840b7c1996,7,5.58125,0.931037,5.19635025625
12387.911510988488,bench:78b4ea840b7c1996,7,5.94738,0.9286194,5.522852447172
12399.783775996184,bench:78b4ea840b7c1996,7,5.93845,0.9296938,5.52094014661
12407.811699988088,bench:78b4ea840b7c1996,7,5.59018,0.928888,5.192651119840001
12415.486496000085,bench:78b4ea840b7c1996,7,5.64376,0.928888,5.2424209388800005
12423.752509988844,bench:78b4ea840b7c1996,7,5.52767,0.931037,5.1464652937899995
12431.486101995688,bench:78b4ea840b7c1996,7,5.56339,0.928888,5.16776621032
12437.887573993066,bench:78b4ea840b7c1996,7,5.95631,0.928888,5.53274488328
12443.868844988174,bench:78b4ea840b7c1996,7,5.64376,0.9296938,5.246968680688
12451.875841987203,bench:78b4ea840b7c1996,7,4.15245,0.9291566,3.85827632367
12459.591230988735,bench:78b4ea840b7c1996,7,6.52783,0.9294252,6.067129703316
12463.900050992379,bench:78b4ea840b7c1996,7,5.57232,0.9283507,5.173067172624
12475.791242992273,bench:78b4ea840b7c1996,7,4.15245,0.9326486,3.8727766790700002
12483.742202995927,bench:78b4ea840b7c1996,7,5.59018,0.9286194,5.191149597492
12487.90241399547,bench:78b4ea840b7c1996,7,5.94738,0.9286194,5.522852447172
12495.842819000245,bench:78b4ea840b7c1996,7,5.57232,0.9283507,5.173067172624
12499.930159989162,bench:78b4ea840b7c1996,7,5.93845,0.9275449,5.508179011405
12504.002611996839,bench:78b4ea840b7c1996,7,6.81359,0.9369466,6.383969984294
12515.80352599558,bench:78b4ea840b7c1996,7,6.44746,0.9294252,5.9924317999920005
12519.94258898776,bench:78b4ea840b7c1996,7,5.57232,0.9304997,5.185042088304001
12524.001280995435,bench:78b4ea840b7c1996,7,6.66178,0.9296938,6.193415562964001
12535.822676989483,bench:78b4ea840b7c1996,7,5.59018,0.9286194,5.191149597492
12539.905220997753,bench:78b4ea840b7c1996,7,5.70627,0.9304997,5.309682523119
12547.834386001341,bench:78b4ea840b7c1996,7,5.55446,0.9304997,5.168423363662
12555.581643988262,bench:78b4ea840b7c1996,7,5.54553,0.928888,5.151176270640001
12559.877223990043,bench:78b4ea840b7c1996,7,6.518899,0.9304997,6.0658335638303
12563.951805990655,bench:78b4ea840b7c1996,7,5.66162,0.9299625,5.26509428925
12568.082219993812,bench:78b4ea840b7c1996,7,5.57232,0.9315742,5.191029546144001
12572.161727992352,bench:78b4ea840b7c1996,7,5.96524,0.9299625,5.5474495035
12576.241641989327,bench:78b4ea840b7c1996,7,5.94738,0.9291566,5.526047379708
12580.374815996038,bench:78b4ea840b7c1996,7,5.57232,0.9280821,5.171570447472001
12584.465526990243,bench:78b4ea840b7c1996,7,5.93845,0.928888,5.5161549436
12588.58238600078,bench:78b4ea840b7c1996,7,5.60804,0.9304997,5.218279537588
12592.670392987202,bench:78b4ea840b7c1996,7,5.96524,0.9291566,5.542642116584
12599.565268988954,bench:78b4ea840b7c1996,7,6.50997,0.9294252,6.0505301692439994
12603.992495991406,bench:78b4ea840b7c1996,7,5.57232,0.9259331,5.159595531792
12608.101873993292,bench:78b4ea840b7c1996,7,5.97417,0.9291566,5.550939485022
12612.206102989148,bench:78b4ea840b7c1996,7,5.45623,0.9280821,5.0638293964829995
12616.301887988811,bench:78b4ea840b7c1996,7,5.54553,0.9294252,5.154155329356
12627.817378990585,bench:78b4ea840b7c1996,7,5.63483,0.9291566,5.235639484378
12631.92053399689,bench:78b4ea840b7c1996,7,5.92059,0.9286194,5.497974733446
12636.032762995455,bench:78b4ea840b7c1996,7,5.68841,0.9294252,5.2869516019319995
12643.577874987386,bench:78b4ea840b7c1996,7,6.50997,0.9296938,6.0522787471860005
12651.709334997577,bench:78b4ea840b7c1996,7,5.93845,0.9280821,5.5113691467449994
12655.836878999253,bench:78b4ea840b7c1996,7,6.53676,0.9280821,6.066649947996
12659.939941993798,bench:78b4ea840b7c1996,7,6.66178,0.9307683,6.200573645574
12664.070448998245,bench:78b4ea840b7c1996,7,2.70579,0.9286194,2.512649086326
12668.177492989344,bench:78b4ea840b7c1996,7,5.57232,0.9291566,5.177557905312001
12675.564642995596,bench:78b4ea840b7c1996,7,5.65269,0.928888,5.25071590872
12679.731797994464,bench:78b4ea840b7c1996,7,3.572,0.9286194,3.3170284968
12683.845785999438,bench:78b4ea840b7c1996,7,4.13459,0.928888,3.8405710359200005
12691.295120996074,bench:78b4ea840b7c1996,7,6.518899,0.9294252,6.0588290068548
12695.46084999456,bench:78b4ea840b7c1996,7,2.62542,0.9291566,2.439426320772
12699.894206991303,bench:78b4ea840b7c1996,7,4.20603,0.9283507,3.904670894721
12704.383136995602,bench:78b4ea840b7c1996,7,5.60804,0.9326486,5.230330654744
12708.868289992097,bench:78b4ea840b7c1996,7,5.491949,0.9283507,5.0984546985143
12715.910034996341,bench:78b4ea840b7c1996,7,5.59018,0.928888,5.192651119840001
12723.876199001097,bench:78b4ea840b7c1996,7,6.05454,0.9283507,5.620736447178
12735.816982996766,bench:78b4ea840b7c1996,7,5.92059,0.9291566,5.501155274394
12740.284523999435,bench:78b4ea840b7c1996,7,5.45623,0.9270077,5.0579672229709995
12744.40286499157,bench:78b4ea840b7c1996,7,6.23314,0.9280821,5.784865660794
12751.872661989182,bench:78b4ea840b7c1996,7,5.60804,0.928888,5.20924105952
12759.606179999537,bench:78b4ea840b7c1996,7,5.94738,0.9283507,5.5212543861659995
12764.05603699095,bench:78b4ea840b7c1996,7,5.96524,0.9291566,5.542642116584
12768.153432989493,bench:78b4ea840b7c1996,7,5.57232,0.9299625,5.182048638
12772.236939999857,bench:78b4ea840b7c1996,7,5.5366,0.9291566,5.14436843156
12783.823485995526,bench:78b4ea840b7c1996,7,6.518899,0.9294252,6.0588290068548
12791.742816989427,bench:78b4ea840b7c1996,7,5.509809,0.9280821,5.1135551073189
12799.49940899678,bench:78b4ea840b7c1996,7,5.64376,0.9280821,5.237872632696001
12811.749041997246,bench:78b4ea840b7c1996,7,6.23314,0.9280821,5.784865660794
12823.818509990815,bench:78b4ea840b7c1996,7,5.59018,0.9286194,5.191149597492
12827.915313988342,bench:78b4ea840b7c1996,7,5.92952,0.928888,5.5078599737600005
12832.060968998121,bench:78b4ea840b7c1996,7,5.96524,0.9291566,5.542642116584
12843.82069799176,bench:78b4ea840b7c1996,7,5.75092,0.9299625,5.3481399405
12855.871295992984,bench:78b4ea840b7c1996,7,5.93845,0.9280821,5.5113691467449994
12863.57175798912,bench:78b4ea840b7c1996,7,6.44746,0.928888,5.988968224480001
12867.677450994961,bench:78b4ea840b7c1996,7,4.2864,0.9286194,3.9804341961600005
12871.762661990942,bench:78b4ea840b7c1996,7,4.17031,0.928888,3.87375091528
12875.817409993033,bench:78b4ea840b7c1996,7,3.38447,0.928888,3.14379356936
12879.97402799374,bench:78b4ea840b7c1996,7,4.14352,0.9294252,3.8510919047039995
12884.066090991837,bench:78b4ea840b7c1996,7,4.23282,0.9286194,3.9306787687080003
12888.149042992154,bench:78b4ea840b7c1996,7,4.15245,0.9286194,3.85604562753
12892.15542099555,bench:78b4ea840b7c1996,7,4.20603,0.928888,3.9069307946400005
12896.22835398768,bench:78b4ea840b7c1996,7,4.42035,0.9286194,4.10482276479
12900.29912099999,bench:78b4ea840b7c1996,7,4.17031,0.9294252,3.8759912058119994
12904.32736898947,bench:78b4ea840b7c1996,7,4.27747,0.9304997,3.980184551759
12908.412542994483,bench:78b4ea840b7c1996,7,4.21496,0.9283507,3.9129610664719996
12912.43877299712,bench:78b4ea840b7c1996,7,4.13459,0.928888,3.8405710359200005
12916.520724989823,bench:78b4ea840b7c1996,7,4.20603,0.9280821,3.9035411550630004
12920.59469599917,bench:78b4ea840b7c1996,7,4.15245,0.9286194,3.85604562753
12924.714517997927,bench:78b4ea840b7c1996,7,3.63451,0.9326486,3.3897206631860004
12928.783394992934,bench:78b4ea840b7c1996,7,4.13459,0.928888,3.8405710359200005
12939.536539997789,bench:78b4ea840b7c1996,7,5.77771,0.9294252,5.369949272292
12947.598258993821,bench:78b4ea840b7c1996,7,6.50997,0.9294252,6.0505301692439994
12951.801301998785,bench:78b4ea840b7c1996,7,4.2864,0.928888,3.9815855232000006
12955.879328001174,bench:78b4ea840b7c1996,7,3.59879,0.9280821,3.3399725806590004
12967.756796992035,bench:78b4ea840b7c1996,7,4.07208,0.9302311,3.787975457688
12975.488240990671,bench:78b4ea840b7c1996,7,5.58125,0.9294252,5.187354397499999
12987.80050399364,bench:78b4ea840b7c1996,7,5.93845,0.9294252,5.519345078939999
12999.82693498896,bench:78b4ea840b7c1996,7,5.61697,0.9286194,5.216027311218
13011.748143995646,bench:78b4ea840b7c1996,7,5.57232,0.9280821,5.171570447472001
13015.96040998993,bench:78b4ea840b7c1996,7,4.15245,0.928888,3.8571609756000003
13020.057879999513,bench:78b4ea840b7c1996,7,4.17924,0.928888,3.88204588512
13024.207386988564,bench:78b4ea840b7c1996,7,4.15245,0.928888,3.8571609756000003
13028.254246994038,bench:78b4ea840b7c1996,7,4.15245,0.9304997,3.8638534792650003
13032.427493992145,bench:78b4ea840b7c1996,7,5.509809,0.9326486,5.1387156501174
13036.496112996247,bench:78b4ea840b7c1996,7,5.57232,0.9280821,5.171570447472001
13043.86431799503,bench:78b4ea840b7c1996,7,5.60804,0.928888,5.20924105952
13051.601761995698,bench:78b4ea840b7c1996,7,5.56339,0.9304997,5.176732725983
13059.558722990914,bench:78b4ea840b7c1996,7,6.52783,0.9286194,6.061869577902
13063.778117997572,bench:78b4ea840b7c1996,7,4.16138,0.928888,3.8654559454400004
13067.885921991547,bench:78b4ea840b7c1996,7,4.17031,0.928888,3.87375091528
13072.015002995613,bench:78b4ea840b7c1996,7,4.15245,0.928888,3.8571609756000003
13079.871148991515,bench:78b4ea840b7c1996,7,4.17031,0.928888,3.87375091528
13091.717210991192,bench:78b4ea840b7c1996,7,5.92952,0.9286194,5.506267304688
13096.236529992893,bench:78b4ea840b7c1996,7,5.65269,0.9286194,5.249197596186
13100.661127988133,bench:78b4ea840b7c1996,7,5.60804,0.9294252,5.2122536986079995
13107.584669996868,bench:78b4ea840b7c1996,7,5.94738,0.9283507,5.5212543861659995
13119.79652599257,bench:78b4ea840b7c1996,7,5.57232,0.9259331,5.159595531792
13124.43254799291,bench:78b4ea840b7c1996,7,4.25068,0.9286194,3.947263911192
13131.825698001194,bench:78b4ea840b7c1996,7,5.95631,0.9264704,5.518344908224
13139.651066987426,bench:78b4ea840b7c1996,7,6.50997,0.9286194,6.045284435418
13147.804988999269,bench:78b4ea840b7c1996,7,5.51874,0.928888,5.126291361120001
13152.030383993406,bench:78b4ea840b7c1996,7,4.06315,0.9291566,3.7753026392900004
13156.165390988463,bench:78b4ea840b7c1996,7,4.08101,0.9286194,3.789705057594
13160.338490997674,bench:78b4ea840b7c1996,7,4.21496,0.9369466,3.9491924411359993
13164.420424000127,bench:78b4ea840b7c1996,7,4.0185,0.9283507,3.73057728795
13168.523338987143,bench:78b4ea840b7c1996,7,4.16138,0.928888,3.8654559454400004
13172.626789993956,bench:78b4ea840b7c1996,7,4.06315,0.9291566,3.7753026392900004
13176.75142698863,bench:78b4ea840b7c1996,7,4.47393,0.928888,4.155779889840001
13180.824489987572,bench:78b4ea840b7c1996,7,4.05422,0.9286194,3.7648273438679998
13184.901904998696,bench:78b4ea840b7c1996,7,4.6436,0.9294252,4.31587885872
13189.01585599815,bench:78b4ea840b7c1996,7,4.08101,0.9291566,3.791897376166
13193.037419987377,bench:78b4ea840b7c1996,7,4.05422,0.9299625,3.77027256675
13198.051956991549,bench:78b4ea840b7c1996,7,4.06315,0.928888,3.7742112772000005
13203.19560499047,bench:78b4ea840b7c1996,7,4.44714,0.9291566,4.132089482124
13207.203871992533,bench:78b4ea840b7c1996,7,4.14352,0.9294252,3.8510919047039995
13211.880226997891,bench:78b4ea840b7c1996,7,5.57232,0.9315742,5.191029546144001
13219.753002995276,bench:78b4ea840b7c1996,7,6.80466,0.9291566,6.322594749756
13231.770637998125,bench:78b4ea840b7c1996,7,5.52767,0.9302311,5.1420105445369995
13243.806383994524,bench:78b4ea840b7c1996,7,5.57232,0.9259331,5.159595531792
13251.846843995736,bench:78b4ea840b7c1996,7,4.62574,0.9291566,4.298036850884
13259.789915988222,bench:78b4ea840b7c1996,7,5.67055,0.9291566,5.26882895813
13271.825420990353,bench:78b4ea840b7c1996,7,5.59911,0.931037,5.2129785770699995
13276.35016599379,bench:78b4ea840b7c1996,7,5.46516,0.9313055,5.08973356638
13280.496061997837,bench:78b4ea840b7c1996,7,5.509809,0.931037,5.129836041932999
13284.608494999702,bench:78b4ea840b7c1996,7,5.57232,0.9259331,5.159595531792
13288.661668993882,bench:78b4ea840b7c1996,7,5.67948,0.928888,5.27560081824
13299.83279199223,bench:78b4ea840b7c1996,7,5.57232,0.9315742,5.191029546144001
13303.895243996521,bench:78b4ea840b7c1996,7,5.96524,0.9299625,5.5474495035
13307.99625099462,bench:78b4ea840b7c1996,7,5.92952,0.928888,5.5078599737600005
13312.17994299368,bench:78b4ea840b7c1996,7,5.60804,0.9304997,5.218279537588
13316.653909991146,bench:78b4ea840b7c1996,7,5.63483,0.9283507,5.231098374881
13320.699917996535,bench:78b4ea840b7c1996,7,5.94738,0.9296938,5.529242312244
13324.85514698783,bench:78b4ea840b7c1996,7,5.57232,0.9286194,5.174564455008
13329.006782994838,bench:78b4ea840b7c1996,7,5.57232,0.9294252,5.179054630464
13333.450473000994,bench:78b4ea840b7c1996,7,4.57216,0.9286194,4.245796475904
13337.598239988438,bench:78b4ea840b7c1996,7,4.15245,0.9286194,3.85604562753
13343.871082994156,bench:78b4ea840b7c1996,7,5.57232,0.928888,5.1760611801600005
13347.968978996505,bench:78b4ea840b7c1996,7,5.96524,0.9291566,5.542642116584
13352.386298996862,bench:78b4ea840b7c1996,7,5.52767,0.9315742,5.149434758113999
13356.460916998913,bench:78b4ea840b7c1996,7,5.97417,0.9270077,5.538101591109
13360.615312994923,bench:78b4ea840b7c1996,7,5.94738,0.9296938,5.529242312244
13371.833731987863,bench:78b4ea840b7c1996,7,5.59018,0.9294252,5.195654164536
13379.878913998255,bench:78b4ea840b7c1996,7,5.57232,0.9331858,5.200009897056
13383.975253993412,bench:78b4ea840b7c1996,7,5.94738,0.9294252,5.527644845976
13388.068113999907,bench:78b4ea840b7c1996,7,5.94738,0.928888,5.52444991344
13395.75818699086,bench:78b4ea840b7c1996,7,5.58125,0.9307683,5.194850574375
13407.824487992912,bench:78b4ea840b7c1996,7,5.6259,0.928888,5.2258309992
13411.899569997331,bench:78b4ea840b7c1996,7,6.52783,0.928888,6.06362295304
13423.748984001577,bench:78b4ea840b7c1996,7,6.52783,0.9291566,6.065376328178
13435.828988993308,bench:78b4ea840b7c1996,7,5.83129,0.9291566,5.418181590014
13439.931403001538,bench:78b4ea840b7c1996,7,5.60804,0.928888,5.20924105952
13450.595269998303,bench:78b4ea840b7c1996,7,5.57232,0.9280821,5.171570447472001
13459.495482995408,bench:78b4ea840b7c1996,7,6.23314,0.9304997,5.799934900058
13463.960820998182,bench:78b4ea840b7c1996,7,4.17924,0.928888,3.88204588512
13468.087068991736,bench:78b4ea840b7c1996,7,4.20603,0.9291566,3.908060534298
13472.162001999095,bench:78b4ea840b7c1996,7,4.74183,0.928888,4.40462898504
13476.216879993444,bench:78b4ea840b7c1996,7,4.17924,0.9291566,3.8831684289840003
13480.305275996216,bench:78b4ea840b7c1996,7,4.22389,0.9286194,3.922386197466
13484.458745995653,bench:78b4ea840b7c1996,7,4.17031,0.9286194,3.8726307700139997
13488.523716994678,bench:78b4ea840b7c1996,7,4.16138,0.9286194,3.8643381987720002
13492.633797999588,bench:78b4ea840b7c1996,7,5.50088,0.9294252,5.112656494176
13499.78456099052,bench:78b4ea840b7c1996,7,6.80466,0.9294252,6.324422481432
13503.906271987944,bench:78b4ea840b7c1996,7,5.95631,0.9291566,5.534344748146
13508.263814001111,bench:78b4ea840b7c1996,7,5.5366,0.9299625,5.1488303775
13519.83019299223,bench:78b4ea840b7c1996,7,5.58125,0.9248587,5.161867619375
13524.28847498959,bench:78b4ea840b7c1996,7,5.57232,0.928888,5.1760611801600005
13528.391927000484,bench:78b4ea840b7c1996,7,5.67948,0.9369466,5.321369475768
13532.85369099467,bench:78b4ea840b7c1996,7,5.66162,0.9294252,5.262052300824
13539.306254999246,bench:78b4ea840b7c1996,7,5.96524,0.9299625,5.5474495035
13547.57636199065,bench:78b4ea840b7c1996,7,5.95631,0.928888,5.53274488328
13559.822994997376,bench:78b4ea840b7c1996,7,5.65269,0.9283507,5.247678718383
13564.311925001675,bench:78b4ea840b7c1996,7,5.95631,0.9286194,5.5311450184140005
13571.295670990366,bench:78b4ea840b7c1996,7,6.518899,0.9286194,6.0535760780406
13579.539685000782,bench:78b4ea840b7c1996,7,5.54553,0.9280821,5.146707128013
13587.869549999596,bench:78b4ea840b7c1996,7,5.63483,0.9291566,5.235639484378
13595.563549999497,bench:78b4ea840b7c1996,7,5.64376,0.9299625,5.248485159
13607.822311998461,bench:78b4ea840b7c1996,7,5.5366,0.9286194,5.14139417004
13615.746458992362,bench:78b4ea840b7c1996,7,5.60804,0.9294252,5.2122536986079995
13623.748104000697,bench:78b4ea840b7c1996,7,5.57232,0.928888,5.1760611801600005
13627.872629993362,bench:78b4ea840b7c1996,7,5.93845,0.9299625,5.522535808124999
13635.739460994955,bench:78b4ea840b7c1996,7,5.5366,0.9369466,5.18749854556
13643.749513998046,bench:78b4ea840b7c1996,7,5.67948,0.9369466,5.321369475768
13651.780122992932,bench:78b4ea840b7c1996,7,5.67948,0.9294252,5.278651834895999
13659.740545990644,bench:78b4ea840b7c1996,7,5.64376,0.9291566,5.243936852816001
13670.74039200088,idle,7,5.67055,0.9326486,5.288630518730001
13675.250784988748,idle,7,1.72349,0.9291566,1.601392108534
13689.508884999668,idle,7,1.71456,0.9291566,1.593094740096
13693.782557995291,bench:f2280c50f4491536,8,5.33121,0.9294252,4.954960920492
13697.970138993696,bench:f2280c50f4491536,8,1.71456,0.928888,1.59263420928
13712.2367569973,bench:f2280c50f4491536,8,1.67884,0.9294252,1.560356202768
13719.887015991844,bench:f2280c50f4491536,8,5.474089,0.9307683,5.0951085125787
13727.855328994337,bench:f2280c50f4491536,8,5.55446,0.9286194,5.157979312524
13739.822427000036,bench:f2280c50f4491536,8,5.491949,0.9294252,5.1043557977148
13744.030081987148,bench:f2280c50f4491536,8,4.1078,0.9280821,3.8123756503800004
13748.162643998512,bench:f2280c50f4491536,8,5.48302,0.9326486,5.113730926772
13752.78833298944,bench:f2280c50f4491536,8,4.14352,0.9291566,3.849978955232
13756.847487995401,bench:f2280c50f4491536,8,5.64376,0.9294252,5.245452766752
13763.76743799483,bench:f2280c50f4491536,8,5.52767,0.9294252,5.137555795283999
13768.251497996971,bench:f2280c50f4491536,8,5.69734,0.9291566,5.293721063444
13772.33415399678,bench:f2280c50f4491536,8,5.40265,0.9283507,5.015553909355
13779.774618000374,bench:f2280c50f4491536,8,5.58125,0.9291566,5.18585527375
13783.892161998665,bench:f2280c50f4491536,8,5.59018,0.9291566,5.194152642188
13795.760408989736,bench:f2280c50f4491536,8,5.51874,0.9286194,5.124809027556
13799.873545998707,bench:f2280c50f4491536,8,5.59018,0.9264704,5.179136300672
13807.776691988693,bench:f2280c50f4491536,8,5.64376,0.9280821,5.237872632696001
13819.74710499344,bench:f2280c50f4491536,8,5.64376,0.9294252,5.245452766752
13831.821850995766,bench:f2280c50f4491536,8,5.54553,0.9296938,5.155644858714
13835.922635989846,bench:f2280c50f4491536,8,5.491949,0.9264704,5.0881281868096
13843.509728991194,bench:f2280c50f4491536,8,5.45623,0.9304997,5.077020378131
13855.511085988837,bench:f2280c50f4491536,8,5.509809,0.9291566,5.1194753970894
13860.021478991257,bench:f2280c50f4491536,8,5.474089,0.9307683,5.0951085125787
13864.452872992842,bench:f2280c50f4491536,8,5.60804,0.9291566,5.210747379064
13871.557098987978,bench:f2280c50f4491536,8,5.46516,0.9304997,5.085329740452
13875.872252989211,bench:f2280c50f4491536,8,5.51874,0.928888,5.126291361120001
13879.995871000574,bench:f2280c50f4491536,8,5.52767,0.9291566,5.1360710631219995
13884.078100993065,bench:f2280c50f4491536,8,5.64376,0.928888,5.2424209388800005
13888.14436699613,bench:f2280c50f4491536,8,5.59911,0.9283507,5.197937687876999
13892.249133990845,bench:f2280c50f4491536,8,5.509809,0.9294252,5.120955331786799
13896.358066995163,bench:f2280c50f4491536,8,5.55446,0.9369466,5.204232411835999
13900.444389000768,bench:f2280c50f4491536,8,5.64376,0.928888,5.2424209388800005
13904.524321987992,bench:f2280c50f4491536,8,5.59018,0.9294252,5.195654164536
13908.615366992308,bench:f2280c50f4491536,8,5.57232,0.9280821,5.171570447472001
13915.576889994554,bench:f2280c50f4491536,8,5.50088,0.9372153,5.155508899464
13919.87939599494,bench:f2280c50f4491536,8,5.51874,0.9291566,5.1277736946840005
13923.963717999868,bench:f2280c50f4491536,8,5.65269,0.9280821,5.246160405849
13928.04115099716,bench:f2280c50f4491536,8,5.60804,0.9280821,5.204721540084
13932.108787994366,bench:f2280c50f4491536,8,5.79557,0.9286194,5.381878736058
13936.219461989822,bench:f2280c50f4491536,8,4.35784,0.9299625,4.052627781000001
13940.290580998408,bench:f2280c50f4491536,8,5.51874,0.9294252,5.129256028248
13944.365458999528,bench:f2280c50f4491536,8,4.21496,0.928888,3.9152257644799997
13951.763756995206,bench:f2280c50f4491536,8,4.18817,0.9286194,3.8892159124980004
13956.17379900068,bench:f2280c50f4491536,8,4.17031,0.9291566,3.874871060546
13960.257232000004,bench:f2280c50f4491536,8,4.17031,0.928888,3.87375091528
13964.374497998506,bench:f2280c50f4491536,8,2.62542,0.9291566,2.439426320772
13968.41195000161,bench:f2280c50f4491536,8,4.14352,0.9294252,3.8510919047039995
13972.444624989294,bench:f2280c50f4491536,8,4.14352,0.9304997,3.855544116944
13976.491891997284,bench:f2280c50f4491536,8,4.18817,0.9286194,3.8892159124980004
13980.514324997785,bench:f2280c50f4491536,8,4.18817,0.9286194,3.8892159124980004
13984.561388992006,bench:f2280c50f4491536,8,4.2864,0.9286194,3.9804341961600005
13988.609025996993,bench:f2280c50f4491536,8,4.09887,0.9286194,3.8062902000779997
13992.71334799414,bench:f2280c50f4491536,8,4.15245,0.928888,3.8571609756000003
13996.747188997688,bench:f2280c50f4491536,8,4.13459,0.928888,3.8405710359200005
14000.746901001548,bench:f2280c50f4491536,8,4.14352,0.928888,3.8488660057599997
14004.77514899103,bench:f2280c50f4491536,8,3.58093,0.9280821,3.323397034353
14008.809748993372,bench:f2280c50f4491536,8,4.16138,0.928888,3.8654559454400004
14012.827108992497,bench:f2280c50f4491536,8,4.17031,0.928888,3.87375091528
14016.818357995362,bench:f2280c50f4491536,8,2.71472,0.9286194,2.5209416575679997
14021.276213999954,bench:f2280c50f4491536,8,4.13459,0.9280821,3.8372389698390004
14025.327980998554,bench:f2280c50f4491536,8,4.15245,0.9291566,3.85827632367
14029.403136999463,bench:f2280c50f4491536,8,4.17924,0.9286194,3.880923341256
14033.460922000813,bench:f2280c50f4491536,8,4.16138,0.9291566,3.866573692108
14037.514799987548,bench:f2280c50f4491536,8,4.22389,0.9294252,3.9257898080279996
14041.556899988791,bench:f2280c50f4491536,8,4.14352,0.9283507,3.8466396924639996
14045.697202993324,bench:f2280c50f4491536,8,4.16138,0.9280821,3.8621022892980004
14049.768525990658,bench:f2280c50f4491536,8,4.14352,0.928888,3.8488660057599997
14053.84466299438,bench:f2280c50f4491536,8,4.13459,0.9280821,3.8372389698390004
14057.945132997702,bench:f2280c50f4491536,8,4.11673,0.9283507,3.8217691772109994
14062.004159000935,bench:f2280c50f4491536,8,4.16138,0.9294252,3.867691438776
14066.040666992194,bench:f2280c50f4491536,8,4.15245,0.928888,3.8571609756000003
14070.173821994103,bench:f2280c50f4491536,8,4.20603,0.928888,3.9069307946400005
14074.32564299961,bench:f2280c50f4491536,8,4.14352,0.9291566,3.849978955232
14078.395131989964,bench:f2280c50f4491536,8,4.39356,0.9286194,4.079945051064
14082.465528990724,bench:f2280c50f4491536,8,4.58109,0.928888,4.25531952792
14086.538813993684,bench:f2280c50f4491536,8,4.17031,0.9286194,3.8726307700139997
14090.589376995922,bench:f2280c50f4491536,8,4.18817,0.9291566,3.891465797422
14094.6735139878,bench:f2280c50f4491536,8,4.5543,0.9294252,4.2328811883599995
14098.709558995324,bench:f2280c50f4491536,8,4.21496,0.928888,3.9152257644799997
14102.80638099357,bench:f2280c50f4491536,8,4.17031,0.9294252,3.8759912058119994
14106.843425994157,bench:f2280c50f4491536,8,4.71504,0.928888,4.379744075520001
14110.874451987911,bench:f2280c50f4491536,8,4.16138,0.9286194,3.8643381987720002
14114.945551991696,bench:f2280c50f4491536,8,4.17031,0.9294252,3.8759912058119994
14118.967133996193,bench:f2280c50f4491536,8,4.5543,0.928888,4.2304346183999995
14123.105399994529,bench:f2280c50f4491536,8,2.65221,0.9275449,2.460043859229
14129.953701994964,bench:f2280c50f4491536,8,4.42928,0.9294252,4.116684449856
14134.095541987335,bench:f2280c50f4491536,8,4.1078,0.9286194,3.81458277132
14138.220085995272,bench:f2280c50f4491536,8,4.48286,0.928888,4.1640748596799995
14142.328834001091,bench:f2280c50f4491536,8,4.07208,0.9291566,3.783600007728
14146.41624900105,bench:f2280c50f4491536,8,4.08101,0.9286194,3.789705057594
14150.473089990555,bench:f2280c50f4491536,8,4.49179,0.928888,4.17236982952
14154.529319988796,bench:f2280c50f4491536,8,4.07208,0.928888,3.7825062470399997
14158.601474991883,bench:f2280c50f4491536,8,4.07208,0.928888,3.7825062470399997
14162.678945998778,bench:f2280c50f4491536,8,4.465,0.928888,4.14748492
14166.735082995729,bench:f2280c50f4491536,8,4.07208,0.9291566,3.783600007728
14170.786497998051,bench:f2280c50f4491536,8,4.2864,0.9286194,3.9804341961600005
14174.842376000015,bench:f2280c50f4491536,8,4.09887,0.928888,3.80739115656
14178.879901999608,bench:f2280c50f4491536,8,4.05422,0.928888,3.76591630736
14182.921132000047,bench:f2280c50f4491536,8,4.05422,0.9280821,3.762649011462
14187.04250898736,bench:f2280c50f4491536,8,4.04529,0.928888,3.75762133752
14191.108608996728,bench:f2280c50f4491536,8,4.07208,0.9291566,3.783600007728
14197.837097992306,bench:f2280c50f4491536,8,4.59002,0.9291566,4.264847377132
14201.909974988666,bench:f2280c50f4491536,8,4.18817,0.9294252,3.892590739884
14205.984778993297,bench:f2280c50f4491536,8,4.17924,0.928888,3.88204588512
14210.045878993697,bench:f2280c50f4491536,8,4.58109,0.928888,4.25531952792
14214.088627995807,bench:f2280c50f4491536,8,4.22389,0.9291566,3.9246552711739997
14218.174226989504,bench:f2280c50f4491536,8,4.42035,0.9326486,4.12263323901
14222.213160988758,bench:f2280c50f4491536,8,4.15245,0.928888,3.8571609756000003
14226.284502001363,bench:f2280c50f4491536,8,4.14352,0.928888,3.8488660057599997
14230.352360988036,bench:f2280c50f4491536,8,4.14352,0.9294252,3.8510919047039995
14234.430349999457,bench:f2280c50f4491536,8,4.15245,0.9291566,3.85827632367
14238.455617,bench:f2280c50f4491536,8,4.15245,0.9291566,3.85827632367
14242.502290988341,bench:f2280c50f4491536,8,4.15245,0.9286194,3.85604562753
14246.532724995632,bench:f2280c50f4491536,8,4.18817,0.9291566,3.891465797422
14250.608287999057,bench:f2280c50f4491536,8,4.14352,0.9283507,3.8466396924639996
14254.653461990529,bench:f2280c50f4491536,8,4.17031,0.928888,3.87375091528
14258.703895990038,bench:f2280c50f4491536,8,4.14352,0.9294252,3.8510919047039995
14262.827402999392,bench:f2280c50f4491536,8,4.16138,0.928888,3.8654559454400004
14266.890557992156,bench:f2280c50f4491536,8,4.14352,0.9291566,3.849978955232
14270.973880993552,bench:f2280c50f4491536,8,4.14352,0.928888,3.8488660057599997
14275.088868991588,bench:f2280c50f4491536,8,4.16138,0.9291566,3.866573692108
14279.148672998417,bench:f2280c50f4491536,8,4.16138,0.928888,3.8654559454400004
14283.278735994827,bench:f2280c50f4491536,8,4.1971,0.9286194,3.89750848374
14287.385983989225,bench:f2280c50f4491536,8,4.42928,0.9291566,4.115494745248
14291.442064990406,bench:f2280c50f4491536,8,4.18817,0.9286194,3.8892159124980004
14295.546720997663,bench:f2280c50f4491536,8,4.17031,0.9286194,3.8726307700139997
14299.601560996962,bench:f2280c50f4491536,8,4.42035,0.928888,4.1060100708
14303.700438991655,bench:f2280c50f4491536,8,4.17031,0.928888,3.87375091528
14308.262294987799,bench:f2280c50f4491536,8,4.14352,0.928888,3.8488660057599997
14312.316801995621,bench:f2280c50f4491536,8,4.15245,0.928888,3.8571609756000003
14316.374068992445,bench:f2280c50f4491536,8,4.20603,0.9294252,3.909190273956
14320.392298992374,bench:f2280c50f4491536,8,4.14352,0.9291566,3.849978955232
14324.488454993116,bench:f2280c50f4491536,8,4.17031,0.9291566,3.874871060546
14328.53335099935,bench:f2280c50f4491536,8,4.14352,0.9291566,3.849978955232
14332.570821992704,bench:f2280c50f4491536,8,4.13459,0.9280821,3.8372389698390004
14336.710031988332,bench:f2280c50f4491536,8,4.17031,0.928888,3.87375091528
14340.765946995816,bench:f2280c50f4491536,8,4.14352,0.928888,3.8488660057599997
14344.809381000232,bench:f2280c50f4491536,8,4.14352,0.9304997,3.855544116944
14348.91173998767,bench:f2280c50f4491536,8,4.14352,0.928888,3.8488660057599997
14352.945099992212,bench:f2280c50f4491536,8,4.17031,0.928888,3.87375091528
14357.00477399223,bench:f2280c50f4491536,8,4.15245,0.928888,3.8571609756000003
14361.031041000388,bench:f2280c50f4491536,8,4.17031,0.9286194,3.8726307700139997
14365.090251987567,bench:f2280c50f4491536,8,4.17924,0.928888,3.88204588512
14369.123518990818,bench:f2280c50f4491536,8,4.21496,0.9294252,3.9174900409919995
14373.27174800157,bench:f2280c50f4491536,8,4.13459,0.928888,3.8405710359200005
14377.276440995047,bench:f2280c50f4491536,8,4.15245,0.9286194,3.85604562753
14381.316596991383,bench:f2280c50f4491536,8,4.25068,0.9294252,3.950689109136
14387.769308988936,bench:f2280c50f4491536,8,3.38447,0.9304997,3.149248319659
14392.235776991583,bench:f2280c50f4491536,8,5.68841,0.9294252,5.2869516019319995
14396.344598993892,bench:f2280c50f4491536,8,5.54553,0.9304997,5.160114001341
14400.413105991902,bench:f2280c50f4491536,8,2.59863,0.9294252,2.415232207476
14404.533761990024,bench:f2280c50f4491536,8,5.50088,0.9286194,5.108223885072
14408.637546992395,bench:f2280c50f4491536,8,4.09887,0.9294252,3.8095930695239995
14415.735773000051,bench:f2280c50f4491536,8,5.54553,0.9291566,5.152665799998
14420.159852001234,bench:f2280c50f4491536,8,5.67948,0.9280821,5.271023725308
14424.29767298745,bench:f2280c50f4491536,8,4.07208,0.9280821,3.779224557768
14431.895839996287,bench:f2280c50f4491536,8,4.05422,0.9296938,3.769183197836
14435.971162994974,bench:f2280c50f4491536,8,4.1078,0.9326486,3.8311339190800004
14440.031817997806,bench:f2280c50f4491536,8,4.11673,0.928888,3.82398109624
14447.880797990365,bench:f2280c50f4491536,8,4.17031,0.928888,3.87375091528
14452.011823988869,bench:f2280c50f4491536,8,5.5366,0.9291566,5.14436843156
14459.841692994814,bench:f2280c50f4491536,8,4.13459,0.9296938,3.8439026885420002
14467.885967998882,bench:f2280c50f4491536,8,5.54553,0.9286194,5.149686741282
14475.745021991315,bench:f2280c50f4491536,8,5.58125,0.9369466,5.229333211249999
14483.521927992115,bench:f2280c50f4491536,8,5.59911,0.9291566,5.202450010625999
14487.830636993749,bench:f2280c50f4491536,8,5.67948,0.928888,5.27560081824
14499.82179098879,bench:f2280c50f4491536,8,5.69734,0.9294252,5.295251368968
14504.293573001632,bench:f2280c50f4491536,8,5.58125,0.9294252,5.187354397499999
14508.397135999985,bench:f2280c50f4491536,8,5.42944,0.9304997,5.052092291168
14512.511661989265,bench:f2280c50f4491536,8,5.5366,0.9294252,5.1458555623199995
14523.827208991861,bench:f2280c50f4491536,8,5.67948,0.928888,5.27560081824
14528.259083992452,bench:f2280c50f4491536,8,5.65269,0.9280821,5.246160405849
14532.362387995818,bench:f2280c50f4491536,8,2.64328,0.9291566,2.456021057648
14539.882258992293,bench:f2280c50f4491536,8,4.17031,0.9299625,3.878231913375
14544.051191987819,bench:f2280c50f4491536,8,5.4473,0.9294252,5.06285789196
14548.156384000322,bench:f2280c50f4491536,8,5.42051,0.9299625,5.040871030875
14552.325982993352,bench:f2280c50f4491536,8,5.58125,0.9326486,5.20534499875
14556.471285992302,bench:f2280c50f4491536,8,5.65269,0.928888,5.25071590872
14560.659866998321,bench:f2280c50f4491536,8,5.50088,0.9307683,5.120044726104
14564.77181900118,bench:f2280c50f4491536,8,5.67948,0.9283507,5.272549233636
14575.83186798729,bench:f2280c50f4491536,8,5.509809,0.9299625,5.1239157521625
14580.262168994523,bench:f2280c50f4491536,8,5.56339,0.9286194,5.166271883766
14584.345935989404,bench:f2280c50f4491536,8,5.59911,0.9294252,5.203953931571999
14588.505182997324,bench:f2280c50f4491536,8,5.50088,0.9304997,5.118567189736001
14592.616263995296,bench:f2280c50f4491536,8,5.67948,0.9294252,5.278651834895999
14599.596788000781,bench:f2280c50f4491536,8,5.51874,0.9294252,5.129256028248
14603.862238000147,bench:f2280c50f4491536,8,5.50088,0.9304997,5.118567189736001
14607.991318989662,bench:f2280c50f4491536,8,5.56339,0.9294252,5.170754863428
14612.483193996013,bench:f2280c50f4491536,8,5.57232,0.9264704,5.162589539328001
14619.578401994659,bench:f2280c50f4491536,8,5.5366,0.9291566,5.14436843156
14623.887795998598,bench:f2280c50f4491536,8,5.6259,0.9304997,5.23489826223
14635.830339000677,bench:f2280c50f4491536,8,5.52767,0.928888,5.1345863309599995
14643.598726994242,bench:f2280c50f4491536,8,5.50088,0.9294252,5.112656494176
14651.615556998877,bench:f2280c50f4491536,8,5.68841,0.9294252,5.2869516019319995
14655.839063998428,bench:f2280c50f4491536,8,4.14352,0.928888,3.8488660057599997
14659.923644998344,bench:f2280c50f4491536,8,4.20603,0.928888,3.9069307946400005
14663.992244997644,bench:f2280c50f4491536,8,4.18817,0.928888,3.8903408549600007
14668.081048992462,bench:f2280c50f4491536,8,4.16138,0.9291566,3.866573692108
14675.863250988186,bench:f2280c50f4491536,8,4.45607,0.928888,4.1391899501600005
14679.938462999417,bench:f2280c50f4491536,8,5.509809,0.9372153,5.163877294877699
14684.041358996183,bench:f2280c50f4491536,8,5.55446,0.9296938,5.1639470243479995
14688.132921990473,bench:f2280c50f4491536,8,5.46516,0.9286194,5.075053600104
14695.563811998,bench:f2280c50f4491536,8,5.64376,0.928888,5.2424209388800005
14699.705726001412,bench:f2280c50f4491536,8,4.14352,0.9326486,3.864448127072
14707.866500000819,bench:f2280c50f4491536,8,5.65269,0.9291566,5.252234221254
14715.865941994707,bench:f2280c50f4491536,8,5.5366,0.9296938,5.14734269308
14727.832817996386,bench:f2280c50f4491536,8,5.58125,0.9280821,5.179858220625
14735.585798989632,bench:f2280c50f4491536,8,5.48302,0.9296938,5.0975296992759995
14739.88017499505,bench:f2280c50f4491536,8,5.52767,0.9286194,5.1331015987979995
14747.595858993009,bench:f2280c50f4491536,8,5.72413,0.928888,5.31707566744
14755.612875000224,bench:f2280c50f4491536,8,5.56339,0.9326486,5.1886878947540005
14759.813696990022,bench:f2280c50f4491536,8,4.12566,0.928888,3.83227606608
14763.94549998804,bench:f2280c50f4491536,8,4.42928,0.928888,4.114305040640001
14768.06172898796,bench:f2280c50f4491536,8,4.54537,0.9291566,4.2233605349420005
14772.150569988298,bench:f2280c50f4491536,8,4.17924,0.928888,3.88204588512
14776.267631998053,bench:f2280c50f4491536,8,4.17031,0.9291566,3.874871060546
14780.35054699285,bench:f2280c50f4491536,8,4.57216,0.9291566,4.248252640256
14787.897639995208,bench:f2280c50f4491536,8,4.17924,0.9291566,3.8831684289840003
14792.030980999698,bench:f2280c50f4491536,8,5.74199,0.928888,5.33366560712
14796.142913997755,bench:f2280c50f4491536,8,5.63483,0.9283507,5.231098374881
14800.222476987983,bench:f2280c50f4491536,8,5.63483,0.9291566,5.235639484378
14804.292779997922,bench:f2280c50f4491536,8,5.56339,0.928888,5.16776621032
14808.371972991154,bench:f2280c50f4491536,8,5.58125,0.9291566,5.18585527375
14812.490850992617,bench:f2280c50f4491536,8,5.64376,0.9278135,5.23635671876
14816.599209996639,bench:f2280c50f4491536,8,5.58125,0.928888,5.18435615
14823.55839999218,bench:f2280c50f4491536,8,5.491949,0.9304997,5.1102568969153
14827.860960998805,bench:f2280c50f4491536,8,5.50088,0.9299625,5.115612117
14835.584089989425,bench:f2280c50f4491536,8,5.474089,0.9296938,5.0892266039482
14839.884187997086,bench:f2280c50f4491536,8,5.491949,0.9286194,5.0999303852106
14847.480521988473,bench:f2280c50f4491536,8,5.61697,0.9369466,5.262800943802
14859.70396999619,bench:f2280c50f4491536,8,5.509809,0.9278135,5.112075172621499
14867.550060997019,bench:f2280c50f4491536,8,5.56339,0.9294252,5.170754863428
14875.548539988813,bench:f2280c50f4491536,8,5.5366,0.9369466,5.18749854556
14879.793027997948,bench:f2280c50f4491536,8,4.24175,0.928888,3.940110674
14887.87315398804,bench:f2280c50f4491536,8,4.20603,0.9286194,3.905801054982
14895.60883899685,bench:f2280c50f4491536,8,5.69734,0.9291566,5.293721063444
14899.784585999441,bench:f2280c50f4491536,8,4.17924,0.9294252,3.884290972848
14903.87770399684,bench:f2280c50f4491536,8,5.50088,0.9291566,5.111178957808001
14911.559425992891,bench:f2280c50f4491536,8,5.5366,0.9291566,5.14436843156
14915.877135994378,bench:f2280c50f4491536,8,5.52767,0.9304997,5.143495276699
14923.571949999314,bench:f2280c50f4491536,8,5.5366,0.9291566,5.14436843156
14927.873214997817,bench:f2280c50f4491536,8,5.56339,0.928888,5.16776621032
14932.119591991068,bench:f2280c50f4491536,8,5.68841,0.9291566,5.285423695006
14936.214376997668,bench:f2280c50f4491536,8,5.63483,0.9291566,5.235639484378
14940.302605988109,bench:f2280c50f4491536,8,5.43837,0.9294252,5.054558124923999
14944.401520988322,bench:f2280c50f4491536,8,5.59911,0.928888,5.2009460896799995
14948.487399000442,bench:f2280c50f4491536,8,5.52767,0.9304997,5.143495276699
14955.584698996972,bench:f2280c50f4491536,8,5.57232,0.9291566,5.177557905312001
14959.875371001544,bench:f2280c50f4491536,8,5.43837,0.9291566,5.053097378742
14971.834487994784,bench:f2280c50f4491536,8,5.57232,0.9283507,5.173067172624
14979.569616989465,bench:f2280c50f4491536,8,5.51874,0.9296938,5.130738361812
14983.872918994166,bench:f2280c50f4491536,8,5.6259,0.9291566,5.22734211594
14988.308349988074,bench:f2280c50f4491536,8,5.64376,0.928888,5.2424209388800005
14995.600555994315,bench:f2280c50f4491536,8,5.45623,0.9286194,5.0667610288619995
14999.761062994367,bench:f2280c50f4491536,8,5.09903,0.928888,4.73642777864
15003.989716991782,bench:f2280c50f4491536,8,5.59018,0.9286194,5.191149597492
15015.814612997929,bench:f2280c50f4491536,8,5.72413,0.9286194,5.315538166122
15020.000378994155,bench:f2280c50f4491536,8,4.17031,0.928888,3.87375091528
15027.871080994373,bench:f2280c50f4491536,8,5.42051,0.9286194,5.033590743894
15035.617486995761,bench:f2280c50f4491536,8,5.69734,0.928888,5.29219075792
15047.758120999788,bench:f2280c50f4491536,8,4.25068,0.9283507,3.946121753476
15051.897238998208,bench:f2280c50f4491536,8,4.15245,0.9283507,3.854929864215
15056.024782999884,bench:f2280c50f4491536,8,4.15245,0.9283507,3.854929864215
15063.583949988242,bench:f2280c50f4491536,8,5.54553,0.9286194,5.149686741282
15067.736493991106,bench:f2280c50f4491536,8,4.13459,0.9283507,3.8383495207130003
15071.821519988589,bench:f2280c50f4491536,8,4.38463,0.9296938,4.076363326294
15075.945156990201,bench:f2280c50f4491536,8,4.17924,0.9283507,3.879800379468
15079.989904988906,bench:f2280c50f4491536,8,4.1971,0.9294252,3.9008905069199997
15084.094541991362,bench:f2280c50f4491536,8,5.48302,0.9283507,5.090165455114
15091.881633998128,bench:f2280c50f4491536,8,5.67948,0.9291566,5.277126326568
15096.014010996441,bench:f2280c50f4491536,8,4.16138,0.9286194,3.8643381987720002
15100.177998989238,bench:f2280c50f4491536,8,4.35784,0.9286194,4.046774766096
15104.355746996589,bench:f2280c50f4491536,8,4.15245,0.9304997,3.8638534792650003
15111.826617998304,bench:f2280c50f4491536,8,5.63483,0.9286194,5.232612453702
15119.880410988117,bench:f2280c50f4491536,8,5.50088,0.9280821,5.105268262248001
15124.413767000078,bench:f2280c50f4491536,8,5.4473,0.9299625,5.06578472625
15135.737128992332,bench:f2280c50f4491536,8,5.491949,0.9326486,5.1220585461214005
15139.876358996844,bench:f2280c50f4491536,8,4.05422,0.9286194,3.7648273438679998
15143.977069994435,bench:f2280c50f4491536,8,4.05422,0.9286194,3.7648273438679998
15148.147186991991,bench:f2280c50f4491536,8,5.52767,0.9291566,5.1360710631219995
15152.317693995428,bench:f2280c50f4491536,8,4.07208,0.9294252,3.7846937684159996
15156.406923997565,bench:f2280c50f4491536,8,4.06315,0.9294252,3.77639400138
15162.754247998237,bench:f2280c50f4491536,8,4.06315,0.9283507,3.7720281467050003
15167.198492999887,bench:f2280c50f4491536,8,4.07208,0.9286194,3.7814124863519996
15181.68453600083,bench:f2280c50f4491536,8,4.08101,0.9283507,3.788608490207
15186.007133990643,bench:f2280c50f4491536,8,2.64328,0.9286194,2.4546010876319997
15212.263961991994,bench:f2280c50f4491536,8,4.05422,0.9280821,3.762649011462
15219.265114996233,bench:f2280c50f4491536,8,5.58125,0.928888,5.18435615
15223.887284999364,bench:f2280c50f4491536,8,5.58125,0.9369466,5.229333211249999
15231.579283994506,bench:f2280c50f4491536,8,5.52767,0.9294252,5.137555795283999
15235.895789999631,bench:f2280c50f4491536,8,5.52767,0.9294252,5.137555795283999
15240.312405992881,bench:f2280c50f4491536,8,5.69734,0.9294252,5.295251368968
15247.738815000048,bench:f2280c50f4491536,8,5.52767,0.9296938,5.139040527445999
15252.205004988355,bench:f2280c50f4491536,8,5.56339,0.9270077,5.157305368103
15256.691693997709,bench:f2280c50f4491536,8,5.59018,0.9280821,5.188145993778
15263.7261429918,bench:f2280c50f4491536,8,5.7152,0.928888,5.3087806976000005
15268.228777000331,bench:f2280c50f4491536,8,5.57232,0.9291566,5.177557905312001
15272.647651989246,bench:f2280c50f4491536,8,5.67055,0.9286194,5.2657827386700005
15277.085064997664,bench:f2280c50f4491536,8,5.509809,0.9304997,5.1268756215573
15281.502605997957,bench:f2280c50f4491536,8,5.46516,0.9294252,5.079457426032
15287.878707997152,bench:f2280c50f4491536,8,5.66162,0.9286194,5.257490167428
15292.3680649983,bench:f2280c50f4491536,8,5.52767,0.928888,5.1345863309599995
15296.84768000152,bench:f2280c50f4491536,8,5.65269,0.9291566,5.252234221254
15307.755600995733,bench:f2280c50f4491536,8,5.70627,0.928888,5.30048572776
15312.221308995504,bench:f2280c50f4491536,8,5.46516,0.9294252,5.079457426032
15316.726127988659,bench:f2280c50f4491536,8,5.54553,0.9280821,5.146707128013
15322.877250000602,bench:f2280c50f4491536,8,5.61697,0.9286194,5.216027311218
15327.286828993238,bench:f2280c50f4491536,8,3.42019,0.9304997,3.182485768943
15331.386798992753,bench:f2280c50f4491536,8,4.20603,0.9291566,3.908060534298
15335.514972990495,bench:f2280c50f4491536,8,4.13459,0.9286194,3.839460485046
15339.54307300155,bench:f2280c50f4491536,8,4.17924,0.9294252,3.884290972848
15343.617580991122,bench:f2280c50f4491536,8,4.18817,0.928888,3.8903408549600007
15347.742790996563,bench:f2280c50f4491536,8,4.21496,0.928888,3.9152257644799997
15351.812502995017,bench:f2280c50f4491536,8,4.14352,0.928888,3.8488660057599997
15355.835639988072,bench:f2280c50f4491536,8,4.14352,0.9286194,3.8477530562879996
15359.884074001457,bench:f2280c50f4491536,8,4.16138,0.9291566,3.866573692108
15363.998672997695,bench:f2280c50f4491536,8,4.1971,0.928888,3.8986358248
15368.030773999635,bench:f2280c50f4491536,8,4.16138,0.9286194,3.8643381987720002
15375.876883001183,bench:f2280c50f4491536,8,4.30426,0.9280821,3.9947066597460004
15379.958815989085,bench:f2280c50f4491536,8,5.50088,0.9294252,5.112656494176
15391.82382299623,bench:f2280c50f4491536,8,5.60804,0.9286194,5.207734739976
15399.753134988714,bench:f2280c50f4491536,8,5.69734,0.9286194,5.290660452396
15407.745132994023,bench:f2280c50f4491536,8,5.69734,0.928888,5.29219075792
15411.845861992333,bench:f2280c50f4491536,8,5.58125,0.9326486,5.20534499875
15416.291570989415,bench:f2280c50f4491536,8,4.18817,0.9286194,3.8892159124980004
15420.401725990814,bench:f2280c50f4491536,8,4.6436,0.9286194,4.31213704584
15424.50947398902,bench:f2280c50f4491536,8,4.26854,0.9294252,3.9672886432079997
15428.575258993078,bench:f2280c50f4491536,8,5.51874,0.9296938,5.130738361812
15435.742688001483,bench:f2280c50f4491536,8,5.61697,0.9286194,5.216027311218
15443.74383399554,bench:f2280c50f4491536,8,5.69734,0.9291566,5.293721063444
15451.748627994675,bench:f2280c50f4491536,8,5.66162,0.9291566,5.260531589692
15459.515015987563,bench:f2280c50f4491536,8,5.58125,0.9294252,5.187354397499999
15467.74495599675,bench:f2280c50f4491536,8,5.51874,0.9275449,5.118879141426
15479.826737995609,bench:f2280c50f4491536,8,5.52767,0.9294252,5.137555795283999
15483.942800987279,bench:f2280c50f4491536,8,5.52767,0.9296938,5.139040527445999
15488.069881990668,bench:f2280c50f4491536,8,5.6259,0.9294252,5.22885323268
15492.16751899803,bench:f2280c50f4491536,8,5.60804,0.928888,5.20924105952
15496.254489000421,bench:f2280c50f4491536,8,5.51874,0.9294252,5.129256028248
15500.363143990398,bench:f2280c50f4491536,8,5.79557,0.9280821,5.3787647762969995
15504.475410998566,bench:f2280c50f4491536,8,5.65269,0.9294252,5.253752533787999
15508.571510988986,bench:f2280c50f4491536,8,5.59018,0.9304997,5.201660812946001
15512.693535987637,bench:f2280c50f4491536,8,5.509809,0.928888,5.117995462392
15516.79863598838,bench:f2280c50f4491536,8,5.52767,0.9294252,5.137555795283999
15520.853828988038,bench:f2280c50f4491536,8,5.55446,0.9270077,5.149027189342
15531.747435001307,bench:f2280c50f4491536,8,5.72413,0.9294252,5.320150670075999
15539.742042994476,bench:f2280c50f4491536,8,5.68841,0.9291566,5.285423695006
15551.821121989633,bench:f2280c50f4491536,8,5.58125,0.9369466,5.229333211249999
15555.987109997659,bench:f2280c50f4491536,8,4.17031,0.928888,3.87375091528
15560.035857997718,bench:f2280c50f4491536,8,4.21496,0.9286194,3.9140936262239996
15567.746875996818,bench:f2280c50f4491536,8,4.45607,0.9286194,4.137993049758
15575.49450499937,bench:f2280c50f4491536,8,5.58125,0.9280821,5.179858220625
15583.778722997522,bench:f2280c50f4491536,8,5.41158,0.9294252,5.029658823816
15595.818153989967,bench:f2280c50f4491536,8,5.66162,0.9286194,5.257490167428
15600.31280599651,bench:f2280c50f4491536,8,4.1971,0.9286194,3.89750848374
15604.380072996719,bench:f2280c50f4491536,8,4.57216,0.9291566,4.248252640256
15608.411283988971,bench:f2280c50f4491536,8,4.18817,0.9291566,3.891465797422
15612.447365987464,bench:f2280c50f4491536,8,4.1971,0.9283507,3.8963807229699996
15616.45970698737,bench:f2280c50f4491536,8,4.49179,0.9291566,4.173576324314
15620.469492991106,bench:f2280c50f4491536,8,4.21496,0.928888,3.9152257644799997
15624.480222992133,bench:f2280c50f4491536,8,4.16138,0.928888,3.8654559454400004
15628.576599992812,bench:f2280c50f4491536,8,4.1971,0.928888,3.8986358248
15632.585385988932,bench:f2280c50f4491536,8,4.16138,0.928888,3.8654559454400004
15639.768055989407,bench:f2280c50f4491536,8,5.474089,0.9280821,5.0804040147069
15651.744672999484,bench:f2280c50f4491536,8,5.50088,0.9296938,5.114134030544
15659.817298990674,bench:f2280c50f4491536,8,5.52767,0.9455424,5.226646358208
15667.79892599152,bench:f2280c50f4491536,8,5.64376,0.9283507,5.239388546632
15675.740627993946,bench:f2280c50f4491536,8,5.57232,0.9280821,5.171570447472001
15683.748329000082,bench:f2280c50f4491536,8,5.57232,0.9283507,5.173067172624
15691.748122000718,bench:f2280c50f4491536,8,5.59911,0.9280821,5.1964337669309995
15696.12625699665,idle,8,1.75028,0.9286194,1.625343963432
15700.345392993768,idle,8,1.75028,0.928888,1.62581408864
15714.610899987747,idle,8,1.72349,0.9283507,1.600003147943
