config_id,class,config_json,input_kind,input_shapes,input_dtypes,macs,bytes_moved,window_s,N_calls,t_per_call_ms,P_mean_W,P_delta_W,E_per_call_mJ,temp_start_C,temp_end_C,freq_start_MHz,freq_end_MHz,samples_used,SKIPPED,skip_reason,error
e9e80e79ce809963,Conv2d,"{""bias"": null, ""class"": ""Conv2d"", ""dilation"": [1, 1], ""groups"": 1, ""in_channels"": 3, ""kernel_size"": [3, 3], ""out_channels"": 16, ""padding"": [1, 1], ""stride"": [2, 2]}",multi,"[[1, 3, 640, 640]]",,44236800,11468800,3.032,180,16.5992,4.514789,2.982479,49.506723,64.8,63.7,2400027136,2400017408,340,False,,
a7c239d6fd6f7222,BatchNorm2d,"{""bias"": ""Parameter containing:\ntensor([  6.6641,   0.4097,  -0.2455,   1.5957,  -0.7925,   1.0166,   1.6953,   1.4199,   1.6562,   5.8047,  -0.4468,   1.6592,   2.1133, -12.7109,  -0.1356,   1.9062])"", ""class"": ""BatchNorm2d"", ""eps"": 0.001}",multi,"[[1, 16, 320, 320]]",,,13107200,3.025,1410,2.1145,5.006783,3.474474,7.346799,63.1,65.9,2400023808,2400017408,388,False,,
4db31c995deacda7,SiLU,"{""class"": ""SiLU""}",multi,"[[1, 16, 320, 320]]",,,13107200,3.025,1085,2.7473,5.614649,4.082339,11.215211,64.8,67.5,2400033792,2400023808,425,False,,
1af6076372ad4ede,SiLU,"{""class"": ""SiLU""}",multi,"[[1, 32, 160, 160]]",,,6553600,3.022,2294,1.2987,5.393161,3.860852,5.013911,65.9,67.5,2400027136,2400030464,456,False,,
3e456fe6cbcdb92a,SiLU,"{""class"": ""SiLU""}",multi,"[[1, 8, 160, 160]]",,,1638400,3.022,8767,0.3398,5.606313,4.074004,1.384478,67.0,67.5,2400023808,2400027136,500,False,,
b52c7cb8ebd45185,SiLU,"{""class"": ""SiLU""}",multi,"[[1, 16, 160, 160]]",,,3276800,3.024,4910,0.607,6.123774,4.591465,2.787235,65.9,68.1,2400020480,2400023808,510,False,,
52a7efe60d82b70f,SiLU,"{""class"": ""SiLU""}",multi,"[[1, 64, 160, 160]]",,,13107200,3.023,1091,2.7292,5.778631,4.246321,11.589065,68.1,68.1,2400020480,2400030464,423,False,,
6da5ee22b7e1d3cf,SiLU,"{""class"": ""SiLU""}",multi,"[[1, 64, 80, 80]]",,,3276800,3.023,4982,0.5983,6.159206,4.626897,2.768367,67.0,70.3,2400033792,2400023808,517,False,,
31b67e23e5e6b3ec,SiLU,"{""class"": ""SiLU""}",multi,"[[1, 16, 80, 80]]",,,819200,3.023,16601,0.1793,5.687808,4.155498,0.745261,67.5,68.6,2400020480,2400027136,446,False,,
00936e39faf3f98f,SiLU,"{""class"": ""SiLU""}",multi,"[[1, 32, 80, 80]]",,,1638400,3.024,8495,0.3507,5.519741,3.987432,1.39854,67.0,69.7,2400023808,2400030464,510,False,,
09681dfeb8452f7b,SiLU,"{""class"": ""SiLU""}",multi,"[[1, 128, 80, 80]]",,,6553600,3.023,2219,1.3428,5.203491,3.671181,4.929647,67.5,69.2,2400033792,2400027136,475,False,,
dfa6db07a9cf4be1,SiLU,"{""class"": ""SiLU""}",multi,"[[1, 128, 40, 40]]",,,1638400,3.023,8542,0.3488,5.570028,4.037718,1.408252,67.0,68.1,2400023808,2400030464,512,False,,
08d9785d759dac51,SiLU,"{""class"": ""SiLU""}",multi,"[[1, 32, 40, 40]]",,,409600,3.026,17370,0.1713,5.186108,3.653798,0.625936,68.6,67.0,2400033792,2400020480,502,False,,
4ea83264d9ea3f5c,SiLU,"{""class"": ""SiLU""}",multi,"[[1, 64, 40, 40]]",,,819200,3.022,15167,0.1963,5.397208,3.864899,0.758679,67.5,69.7,2400023808,2400030464,486,False,,
a44d02841d8ceadb,SiLU,"{""class"": ""SiLU""}",multi,"[[1, 256, 20, 20]]",,,819200,3.025,15808,0.1884,5.552264,4.019955,0.75748,68.1,67.5,2400020480,2400027136,461,False,,
9dd2d8c74af91af8,SiLU,"{""class"": ""SiLU""}",multi,"[[1, 64, 20, 20]]",,,204800,3.023,19211,0.1551,2.856489,1.324179,0.205318,68.6,61.5,2400020480,2400030464,712,False,,
0da1c08a8fae32e5,SiLU,"{""class"": ""SiLU""}",multi,"[[1, 128, 20, 20]]",,,409600,3.024,17750,0.1678,5.206037,3.673727,0.616552,62.0,65.9,2400017408,2400017408,490,False,,
65418290bafe418a,SiLU,"{""class"": ""SiLU""}",multi,"[[1, 80, 80, 80]]",,,4096000,3.023,3801,0.7833,5.778316,4.246007,3.325842,66.4,65.9,2400023808,2400027136,501,False,,
70499828149a886f,SiLU,"{""class"": ""SiLU""}",multi,"[[1, 80, 40, 40]]",,,1024000,3.023,12004,0.2482,5.23534,3.703031,0.918948,67.5,67.5,2400033792,2400027136,501,False,,
4e53e2f3fa50e788,SiLU,"{""class"": ""SiLU""}",multi,"[[1, 80, 20, 20]]",,,256000,3.023,17378,0.1714,2.860427,1.328117,0.22766,67.5,62.6,2400023808,2400023808,751,False,,
0bc24e1a5a995688,SiLU,"{""class"": ""SiLU""}",multi,"[[1, 32, 20, 20]]",,,102400,3.023,32257,0.0923,2.786742,1.254433,0.115823,63.1,59.8,2400023808,2400033792,749,False,,
052d8e402cda395d,Conv2d,"{""bias"": null, ""class"": ""Conv2d"", ""dilation"": [1, 1], ""groups"": 1, ""in_channels"": 16, ""kernel_size"": [3, 3], ""out_channels"": 32, ""padding"": [1, 1], ""stride"": [2, 2]}",multi,"[[1, 16, 320, 320]]",,117964800,9830400,3.03,292,10.2181,4.671467,3.139157,32.076159,60.4,63.7,2400023808,2400023808,410,False,,
1ba7a32bca2e1178,BatchNorm2d,"{""bias"": ""Parameter containing:\ntensor([-1.4648e-02, -2.9590e-01,  2.0332e+00, -5.1666e-02,  2.9648e+00,  2.8848e+00, -6.9922e-01,  9.4971e-01,  2.3926e+00,  1.9111e+00, -4.7333e-02, -1.8335e-01,  3.5957e+00,  1.5625e+00, -5.0879e-01,  2.3516e+00,  2.3086e+00, -2.8320e-01,  6.3672e+00, -1.9031e-01,  1.8184e+00,  2.8438e+00, -6.0059e-01,  1.9082e+00,\n        -4.9243e-01,  5.2578e+00, -3.8452e-01,  3.6660e+00,  2.2988e+00,  5.1832e-04, -3.9331e-01, -3.5815e-01])"", ""class"": ""BatchNorm2d"", ""eps"": 0.001}",multi,"[[1, 32, 160, 160]]",,,6553600,3.028,2654,1.1216,5.212419,3.68011,4.127455,62.6,65.3,2400033792,2400020480,432,False,,
f98c3bd3e95e4191,Conv2d,"{""bias"": null, ""class"": ""Conv2d"", ""dilation"": [1, 1], ""groups"": 1, ""in_channels"": 32, ""kernel_size"": [1, 1], ""out_channels"": 32, ""padding"": [0, 0], ""stride"": [1, 1]}",multi,"[[1, 32, 160, 160]]",,26214400,6553600,3.027,408,7.313,4.346239,2.81393,20.578193,64.8,64.2,2400020480,2400020480,400,False,,
7cede0a5798a2696,BatchNorm2d,"{""bias"": ""Parameter containing:\ntensor([ 1.6348,  2.5625, -0.1530,  2.1836,  1.6709,  2.9121,  1.5400,  0.5454,  1.4922, -0.8149,  1.2793,  0.2271,  1.5078,  2.6230,  2.3574,  1.9355,  3.8496,  0.2944,  0.0345, -0.4590,  3.4316,  3.0078, -0.4185,  0.4392, -1.1484,  2.1094, -2.4453,  1.5137, -0.9814, -1.1348, -1.3838,  1.3418])"", ""class"": ""BatchNorm2d"", ""eps"": 0.001}",multi,"[[1, 32, 160, 160]]",,,6553600,3.024,6248,0.477,5.682979,4.15067,1.979717,63.7,67.0,2400023808,2400027136,450,False,,
cc689ee406bb586e,Conv2d,"{""bias"": null, ""class"": ""Conv2d"", ""dilation"": [1, 1], ""groups"": 1, ""in_channels"": 48, ""kernel_size"": [1, 1], ""out_channels"": 64, ""padding"": [0, 0], ""stride"": [1, 1]}",multi,"[[1, 48, 160, 160]]",,78643200,11468800,3.039,156,19.1814,4.295753,2.763444,53.00674,65.9,64.8,2400027136,2400023808,348,False,,
3702efa6dd2445cd,BatchNorm2d,"{""bias"": ""Parameter containing:\ntensor([-0.4741,  0.2384, -1.4795, -0.1086, -0.1810,  2.6621, -0.0840, -0.9795, -0.8447,  0.6689, -0.4678, -0.7285, -0.2430,  0.0917,  1.1387, -1.3320, -0.3091, -0.3120, -0.3120, -0.1669, -0.5693, -0.6943,  2.2188,  0.1368, -0.8125, -1.6553,  0.3555, -0.0937,  0.0364, -0.0326, -0.5518, -0.9106,  0.8403,  0.2681,\n        -1.6758,  1.3037, -1.4521,  1.1709,  0.6904, -0.2849, -0.8047,  2.8633,  0.0702, -0.7427, -0.4424, -0.1105, -0.0679,  0.0396, -0.1721, -0.6587,  2.2168, -0.5391, -0.3821,  0.3594, -0.4238,  4.0078, -0.0753, -0.6650, -0.2434, -0.4988,  1.9688, -0.5146, -0.0203, -0.5571])"", ""class"": ""BatchNorm2d"", ""eps"": 0.001}",multi,"[[1, 64, 160, 160]]",,,13107200,3.024,3474,0.8577,5.898165,4.365856,3.744752,64.2,67.5,2400033792,2400030464,449,False,,
bcc93bf9fc88eb02,Conv2d,"{""bias"": null, ""class"": ""Conv2d"", ""dilation"": [1, 1], ""groups"": 1, ""in_channels"": 16, ""kernel_size"": [3, 3], ""out_channels"": 8, ""padding"": [1, 1], ""stride"": [1, 1]}",multi,"[[1, 16, 160, 160]]",,29491200,2457600,3.024,1136,2.6231,4.766409,3.234099,8.483494,67.0,68.6,2400023808,2400020480,519,False,,
2c5ac8f5a5e61e8a,BatchNorm2d,"{""bias"": ""Parameter containing:\ntensor([ 0.4326,  0.9053, -0.8052,  0.0035,  1.3887,  0.9043, -0.2444,  0.5854])"", ""class"": ""BatchNorm2d"", ""eps"": 0.001}",multi,"[[1, 8, 160, 160]]",,,1638400,3.024,18586,0.1603,5.403838,3.871529,0.620501,67.0,67.0,2400027136,2400023808,455,False,,
f8069637c2748b9c,Conv2d,"{""bias"": null, ""class"": ""Conv2d"", ""dilation"": [1, 1], ""groups"": 1, ""in_channels"": 8, ""kernel_size"": [3, 3], ""out_channels"": 16, ""padding"": [1, 1], ""stride"": [1, 1]}",multi,"[[1, 8, 160, 160]]",,29491200,2457600,3.027,868,3.4371,4.565763,3.033454,10.426258,67.0,67.0,2400020480,2400023808,463,False,,
611c90f00f24a4e4,BatchNorm2d,"{""bias"": ""Parameter containing:\ntensor([ 1.8760, -0.4187, -0.4785,  4.3203, -0.3633,  0.0431, -0.2349, -0.5283, -0.6279,  3.5898,  1.6523,  1.1924,  2.6895,  0.9180,  2.7090, -0.5068])"", ""class"": ""BatchNorm2d"", ""eps"": 0.001}",multi,"[[1, 16, 160, 160]]",,,3276800,3.024,11524,0.2584,5.646472,4.114162,1.063088,65.9,69.2,2400023808,2400017408,432,False,,
12f383605e0ceccd,Conv2d,"{""bias"": null, ""class"": ""Conv2d"", ""dilation"": [1, 1], ""groups"": 1, ""in_channels"": 64, ""kernel_size"": [3, 3], ""out_channels"": 64, ""padding"": [1, 1], ""stride"": [2, 2]}",multi,"[[1, 64, 160, 160]]",,235929600,8192000,3.028,363,8.2178,5.271436,3.739126,30.727541,68.1,68.1,2400020480,2400020480,439,False,,
0ea7cbaf597d5458,BatchNorm2d,"{""bias"": ""Parameter containing:\ntensor([-0.6914, -0.5425,  1.4561,  1.2764, -0.5327, -0.5649, -0.3291, -0.2418, -0.5801, -0.5459,  1.6357,  1.0303,  2.5996,  1.7627,  1.5498,  0.5771,  0.7466, -0.2335, -0.6890, -0.3921,  1.1494,  2.5957,  0.3899,  0.9951, -0.7983, -0.4985,  0.8638,  0.2251,  1.1641,  0.4314,  1.4551, -0.4180, -0.4756,  1.8301,\n         1.9316, -0.3967,  0.0374,  1.2852, -0.3098, -0.6240, -0.3301, -0.5527, -0.6362, -0.2023,  2.5508,  2.0176,  0.9629,  1.4844,  1.3066,  0.0423, -0.3674, -0.4766, -0.5117,  0.3792, -0.5859, -0.4014, -0.4253,  1.2275,  0.8340,  0.2661,  1.4023, -0.5933, -0.4065,  0.7949])"", ""class"": ""BatchNorm2d"", ""eps"": 0.001}",multi,"[[1, 64, 80, 80]]",,,3276800,3.024,11475,0.2596,5.596795,4.064486,1.055339,67.5,69.7,2400020480,2400020480,426,False,,
16ab8f219b28b293,Conv2d,"{""bias"": null, ""class"": ""Conv2d"", ""dilation"": [1, 1], ""groups"": 1, ""in_channels"": 64, ""kernel_size"": [1, 1], ""out_channels"": 64, ""padding"": [0, 0], ""stride"": [1, 1]}",multi,"[[1, 64, 80, 80]]",,26214400,3276800,3.029,989,3.0141,4.574943,3.042634,9.170929,68.1,66.4,2400033792,2400027136,448,False,,
223fa77c6d86be3d,BatchNorm2d,"{""bias"": ""Parameter containing:\ntensor([ 0.1642,  0.3967,  1.4209, -0.1362,  1.0264,  0.6958, -0.3784,  1.3975,  1.4941, -0.2399, -0.7793,  1.3008,  1.3223, -0.1729, -0.0813,  0.8657,  1.9443, -0.1310,  1.3936,  0.2179, -0.1841,  0.2263,  1.2344,  0.0570, -0.7725,  1.5420,  0.7803,  0.4116,  1.2246,  0.3054,  0.3496,  1.2373,  0.6880, -0.1284,\n         0.6030,  0.5200, -0.4697,  1.5361,  0.8486, -0.0833,  0.2734, -0.4753,  0.1059, -0.1356,  1.2666,  0.0723,  0.7954,  0.7051,  0.8618, -1.0049, -0.3931,  0.0267, -0.1785, -0.0104,  0.4387,  0.3826, -0.3394, -0.4570,  1.3848,  0.5508,  1.5156,  0.2238, -0.2483,  0.1050])"", ""class"": ""BatchNorm2d"", ""eps"": 0.001}",multi,"[[1, 64, 80, 80]]",,,3276800,3.025,10753,0.2771,5.413647,3.881337,1.0755,65.3,69.2,2400033792,2400030464,453,False,,
7e491032dd773445,Conv2d,"{""bias"": null, ""class"": ""Conv2d"", ""dilation"": [1, 1], ""groups"": 1, ""in_channels"": 96, ""kernel_size"": [1, 1], ""out_channels"": 128, ""padding"": [0, 0], ""stride"": [1, 1]}",multi,"[[1, 96, 80, 80]]",,78643200,5734400,3.028,325,9.1642,4.776,3.243691,29.725763,67.0,65.3,2400033792,2400030464,406,False,,
323e90530f982570,BatchNorm2d,"{""bias"": ""Parameter containing:\ntensor([-0.6294, -0.5591, -0.7524, -0.6948, -0.0582, -1.4160, -1.1641, -1.0850, -0.7822, -0.4570, -0.7773, -0.8203, -0.9277,  0.4797, -0.8306, -1.2480, -0.3484, -0.1803, -0.5850, -1.4307, -2.2520, -1.4561, -0.8286, -0.5723, -1.0049, -0.5723, -1.1104, -0.7661, -0.8613, -1.3506, -0.1930, -0.4600, -1.2969,  0.3652,\n        -1.0977, -1.4355, -0.4507, -1.0352, -0.9414, -0.9106, -0.4551,  0.2908, -0.5146, -1.2061, -1.0293, -0.8008, -0.9346, -0.6133, -0.4187, -1.3838,  0.3176, -1.0254, -0.2766, -1.5840, -0.9912, -0.7642, -1.0225, -1.0762, -0.9937, -1.3213, -0.3464, -1.1846, -1.5479, -1.8135, -0.7007, -0.2993, -1.0166,  0.9580,\n        -1.0449, -0.8633, -0.2368, -1.5195, -1.1113, -0.8799, -0.3315, -0.4670, -1.3525, -1.2588, -0.4971, -0.8350, -0.4512, -0.7051, -1.4844, -0.6064,  1.0791,  0.7881, -0.6865, -0.0533, -0.6279, -0.7686, -0.7515, -0.3518, -0.7065, -0.8408,  0.4648, -0.4451, -0.7588, -0.3506, -0.7002, -0.6538, -0.0350, -0.6304,\n         0.8145, -2.5293,  0.2817, -0.7354, -0.4536, -0.7812, -1.7021, -0.3413, -0.7227, -1.1914, -0.5444, -1.0801, -1.4346, -0.9316, -1.0078, -0.5928, -0.9468, -1.4404, -1.1602, -0.4341,  0.6338, -1.5283, -0.8276, -0.2056,  0.8027, -0.5781])"", ""class"": ""BatchNorm2d"", ""eps"": 0.001}",multi,"[[1, 128, 80, 80]]",,,6553600,3.025,6438,0.4629,5.824971,4.292661,1.987066,65.3,68.1,2400033792,2400020480,425,False,,
cc50a991116bb10b,Conv2d,"{""bias"": null, ""class"": ""Conv2d"", ""dilation"": [1, 1], ""groups"": 1, ""in_channels"": 32, ""kernel_size"": [3, 3], ""out_channels"": 16, ""padding"": [1, 1], ""stride"": [1, 1]}",multi,"[[1, 32, 80, 80]]",,29491200,1228800,3.028,2262,1.3154,5.680808,4.148499,5.456806,67.5,68.1,2400030464,2400020480,444,False,,
d9a1f9a537f95f1c,BatchNorm2d,"{""bias"": ""Parameter containing:\ntensor([0.1879, 0.8203, 0.6255, 0.2083, 0.0546, 1.1465, 0.5181, 1.4189, 0.0662, 0.0706, 1.6338, 1.5400, 0.4229, 0.6084, 0.2727, 0.7529])"", ""class"": ""BatchNorm2d"", ""eps"": 0.001}",multi,"[[1, 16, 80, 80]]",,,819200,3.025,26754,0.1114,5.308379,3.77607,0.420507,67.0,68.1,2400020480,2400020480,440,False,,
cfe8e02c0e23a3b6,Conv2d,"{""bias"": null, ""class"": ""Conv2d"", ""dilation"": [1, 1], ""groups"": 1, ""in_channels"": 16, ""kernel_size"": [3, 3], ""out_channels"": 32, ""padding"": [1, 1], ""stride"": [1, 1]}",multi,"[[1, 16, 80, 80]]",,29491200,1228800,3.026,1490,2.0003,5.182299,3.64999,7.300959,68.1,65.9,2400017408,2400023808,551,False,,
8165826d13c4af3f,BatchNorm2d,"{""bias"": ""Parameter containing:\ntensor([ 0.7632,  0.6519,  0.4402,  0.5767, -0.5449,  2.1582,  1.1562,  0.7837,  0.7275,  1.2012, -0.2065,  0.1785, -0.2233,  1.4121,  0.1440,  2.1445,  0.9053,  0.3257,  1.1943,  0.6797,  0.9927,  1.3945,  2.1309,  0.1676,  1.7861,  0.2732,  1.6465,  1.4609,  0.8623,  0.4421,  1.7920, -0.4331])"", ""class"": ""BatchNorm2d"", ""eps"": 0.001}",multi,"[[1, 32, 80, 80]]",,,1638400,3.025,18231,0.1634,5.374956,3.842647,0.62801,66.4,67.5,2400027136,2400023808,467,False,,
96e48600ae6d9736,Conv2d,"{""bias"": null, ""class"": ""Conv2d"", ""dilation"": [1, 1], ""groups"": 1, ""in_channels"": 128, ""kernel_size"": [3, 3], ""out_channels"": 128, ""padding"": [1, 1], ""stride"": [2, 2]}",multi,"[[1, 128, 80, 80]]",,235929600,4096000,3.028,437,6.8236,5.439309,3.907,26.659939,68.1,69.2,2400020480,2400020480,459,False,,
d63031590aed7839,BatchNorm2d,"{""bias"": ""Parameter containing:\ntensor([-1.2451, -1.1504, -0.5771, -0.0576,  0.3320,  1.2764, -0.7070, -0.8418,  0.9741, -0.5518, -0.9883, -0.9873, -0.7808,  1.6758,  0.8066, -0.7422,  1.1738,  0.5044, -0.3018, -1.3545,  0.7598, -0.8076,  0.6191, -0.4521, -0.7192,  1.2285, -1.5039, -0.1093,  0.9653, -0.4229, -1.2451, -0.7930, -1.0186,  0.2937,\n        -0.5693, -1.0244, -0.4883,  0.5229, -0.6479,  0.2164, -1.7910, -0.3401, -0.6313,  0.8101, -0.3032, -0.3848, -0.9175,  0.6470, -0.3149, -0.6802, -0.2338, -0.8369, -0.6064, -0.6719,  0.0470,  0.8916, -0.0771, -0.9336,  0.1930, -0.7153, -0.9956, -0.4075, -0.4595,  0.7007,  0.4146, -0.6821, -0.9360,  0.6821,\n         0.5771,  0.4207, -0.4812,  1.0127, -1.3916,  0.1670, -0.2805,  1.0850, -1.2109,  0.0021, -0.5796,  1.2930, -0.1530, -0.5449, -0.3003, -0.2456, -0.9312, -0.4575,  0.1633, -1.0811,  0.6006, -0.7725,  1.0859,  0.5493,  0.0074,  0.2683,  1.1348, -0.3843, -1.6455, -1.1006, -1.1543, -0.1447,  0.3855, -1.1670,\n         1.1689, -0.1819, -0.0807, -0.9917, -1.0195, -1.0625, -0.3416,  0.6929, -0.6709, -0.5366,  1.1006,  0.0803,  1.2002,  0.6738, -0.8135, -1.1807,  0.4788, -0.8315, -0.6597, -0.3474,  1.1348,  0.8447, -1.4268, -0.9741,  1.4180,  0.2883])"", ""class"": ""BatchNorm2d"", ""eps"": 0.001}",multi,"[[1, 128, 40, 40]]",,,1638400,3.025,19211,0.1551,5.504093,3.971784,0.61596,67.5,69.7,2400033792,2400027136,456,False,,
22bfeb866346ea5a,Conv2d,"{""bias"": null, ""class"": ""Conv2d"", ""dilation"": [1, 1], ""groups"": 1, ""in_channels"": 128, ""kernel_size"": [1, 1], ""out_channels"": 128, ""padding"": [0, 0], ""stride"": [1, 1]}",multi,"[[1, 128, 40, 40]]",,26214400,1638400,3.03,1343,2.2114,4.646523,3.114214,6.886757,68.1,65.9,2400027136,2400030464,487,False,,
f3a629c8cd4f64d7,BatchNorm2d,"{""bias"": ""Parameter containing:\ntensor([-0.8057,  1.1113,  1.0811, -0.7280, -1.5713,  0.0831, -0.8579, -0.5884, -0.4185,  0.2549,  0.5010,  0.0695, -1.8066,  0.4871, -0.0215, -0.4504, -0.6592,  0.1680, -0.8882,  0.8999,  1.2861,  0.2412, -0.9102,  1.0664, -1.4346, -1.1133, -2.0547,  0.4580, -0.6602,  0.0051, -1.5039,  0.0823, -1.0869,  0.1703,\n        -0.7729,  0.5879, -0.6172,  0.6206,  0.4778, -0.6479,  0.0948,  0.5537,  0.4114, -0.7729, -0.6123, -0.9385,  0.0197,  0.3835,  0.5063, -0.4155,  0.1876, -0.5552, -0.9922, -0.4824,  1.4766, -0.8257, -0.0560,  0.3425, -0.7061,  0.3906, -0.6108,  0.2197,  0.5620, -0.4236, -1.3105,  0.1442,  0.4089,  0.6357,\n         0.3855,  0.2747, -0.0840,  0.1167, -0.8672,  0.0168, -1.3643, -0.2563,  0.2151,  0.0188,  0.1807, -0.4712, -1.4600, -0.7554, -0.1656,  0.3335,  0.4993,  0.1884, -0.6997, -0.2839, -1.0674, -0.7617, -0.8311,  0.8364, -0.1830,  0.0890, -1.2891,  0.5186, -0.1858, -0.6724,  0.4763, -0.2339,  0.2563,  0.3198,\n         0.2394, -1.1826, -0.3477, -0.7563, -0.4045, -0.5527, -0.2358,  0.0844,  0.2881, -0.1598,  0.1865, -0.1814, -0.0990, -0.3140,  0.9131, -0.0523,  1.1816,  0.0172, -0.2490, -0.3442, -0.3396, -0.5371, -0.3875, -0.0480, -1.2061,  0.2288])"", ""class"": ""BatchNorm2d"", ""eps"": 0.001}",multi,"[[1, 128, 40, 40]]",,,1638400,3.026,17800,0.1674,5.312972,3.780663,0.632813,65.9,68.6,2400033792,2400030464,474,False,,
d50f04993f6b85af,Conv2d,"{""bias"": null, ""class"": ""Conv2d"", ""dilation"": [1, 1], ""groups"": 1, ""in_channels"": 192, ""kernel_size"": [1, 1], ""out_channels"": 128, ""padding"": [0, 0], ""stride"": [1, 1]}",multi,"[[1, 192, 40, 40]]",,39321600,2048000,3.027,1169,2.5477,4.698053,3.165743,8.065493,66.4,67.0,2400027136,2400017408,494,False,,
c09fafd721ddc3ab,BatchNorm2d,"{""bias"": ""Parameter containing:\ntensor([ 0.0833, -2.0312, -0.5312, -1.2832, -1.2783, -1.5020, -0.0507, -0.8770,  0.2267, -1.5605, -1.8936, -1.3652,  0.2269, -1.1494,  0.0764, -1.2773,  0.8838, -0.8291, -1.0850, -0.9302, -0.3271, -0.0471, -0.8970,  0.0801, -0.1667, -0.9336,  0.4675, -0.7397, -1.4580, -0.4377,  0.4480, -1.2627, -0.2922,  0.8472,\n         0.4395, -2.0820,  0.5000, -1.1729, -0.6055,  0.3403, -1.6855, -0.4407,  0.4856, -0.4219, -0.5024, -1.2402, -0.4443,  0.5117, -1.8389, -0.7812, -0.1716,  0.6895, -0.0544, -1.9482,  0.6982, -0.6309, -0.7671, -1.3057, -0.2432,  0.0779, -0.4495, -1.3125, -1.2363, -1.3828,  0.5786, -1.7510,  0.2141, -1.2920,\n        -0.9580,  0.7070, -1.0879,  0.2406, -0.2664, -0.4707,  0.0645, -0.3811,  0.0153,  0.1361, -0.2930, -0.0302, -0.4697, -0.1165, -0.6157, -0.2173,  0.1637,  0.5674, -1.3018,  0.4683, -0.9619, -1.6191,  0.1187, -0.1975,  0.9360, -1.2871,  0.2289, -1.7275,  0.3462, -1.2490, -1.9082, -0.1843,  0.0085, -0.9731,\n        -0.2566, -0.0622, -0.7505, -0.8120,  0.7456,  0.0367, -1.1504, -1.1768, -0.2156,  0.2271,  0.5068,  0.1107, -0.0261,  0.5811,  0.6538, -0.2028, -0.1257, -0.7290, -1.5107, -0.1790,  0.5933, -1.4414,  0.8198, -0.7148,  0.7314,  0.5400])"", ""class"": ""BatchNorm2d"", ""eps"": 0.001}",multi,"[[1, 128, 40, 40]]",,,1638400,3.026,19263,0.1546,5.543887,4.011578,0.620379,67.5,68.1,2400033792,2400020480,439,False,,
a1b0bb97197e5be5,Conv2d,"{""bias"": null, ""class"": ""Conv2d"", ""dilation"": [1, 1], ""groups"": 1, ""in_channels"": 64, ""kernel_size"": [1, 1], ""out_channels"": 32, ""padding"": [0, 0], ""stride"": [1, 1]}",multi,"[[1, 64, 40, 40]]",,3276800,614400,3.029,6216,0.4793,5.241651,3.709341,1.777965,67.0,68.6,2400023808,2400017408,482,False,,
63c8e24a04ac51a3,BatchNorm2d,"{""bias"": ""Parameter containing:\ntensor([ 0.0687,  0.0631,  0.5283,  0.8857,  0.1528, -0.9746,  0.5151,  0.5073,  0.7734,  0.6460,  0.4978,  0.2786,  0.4968,  0.3799,  0.3445,  0.6128,  0.7051,  0.7974, -0.0522,  0.0173,  0.5728,  0.5083,  1.0098,  0.4441,  0.5151,  0.2661,  0.5796,  0.4324,  0.2319, -0.2720,  0.6060,  0.3372])"", ""class"": ""BatchNorm2d"", ""eps"": 0.001}",multi,"[[1, 32, 40, 40]]",,,409600,3.026,30918,0.0963,4.91329,3.380981,0.325636,67.0,68.6,2400020480,2400030464,502,False,,
3ecde8d530f28938,BatchNorm2d,"{""bias"": ""Parameter containing:\ntensor([-0.4197, -1.1914, -0.2749, -1.2178, -0.2878, -0.3108, -0.2345, -0.1143, -0.0685,  0.0781, -0.2164,  0.1953, -0.5405, -0.3706, -0.1087,  0.0665, -0.4028, -0.7061, -0.3606, -0.0540,  0.2539, -0.1126, -0.4705, -1.5732, -0.3796,  0.1477,  0.4778,  0.0560, -0.2010,  0.2340, -0.7417, -1.0977])"", ""class"": ""BatchNorm2d"", ""eps"": 0.001}",multi,"[[1, 32, 40, 40]]",,,409600,3.026,35433,0.0841,5.173146,3.640837,0.306133,67.5,67.5,2400027136,2400023808,437,False,,
c4029d1f0f305d56,Conv2d,"{""bias"": null, ""class"": ""Conv2d"", ""dilation"": [1, 1], ""groups"": 1, ""in_channels"": 64, ""kernel_size"": [1, 1], ""out_channels"": 64, ""padding"": [0, 0], ""stride"": [1, 1]}",multi,"[[1, 64, 40, 40]]",,6553600,819200,3.026,4827,0.6174,5.132358,3.600048,2.222597,67.0,67.0,2400030464,2400017408,483,False,,
393cacde674e175d,BatchNorm2d,"{""bias"": ""Parameter containing:\ntensor([-0.6362,  0.5386, -0.7568, -0.4114,  0.3333, -0.1266,  0.9595, -0.8823, -2.0215, -0.8481, -0.2996, -0.8633, -0.6514, -0.0078,  0.8896, -0.5610, -1.3516, -1.0898,  0.1631, -0.3464,  0.1792, -0.0376, -0.6255,  0.0296, -0.8447, -0.7686,  0.2269,  0.2393, -0.2402,  0.1135,  0.4338, -0.3330, -1.1465, -1.4102,\n        -0.6299, -0.4851,  0.2261, -0.1465, -0.4282,  0.4961, -0.4004, -0.6582, -0.5498, -0.6353, -0.9341, -0.4109, -0.2258, -0.9766,  0.3367, -0.9639, -0.5850,  0.3130, -0.3850, -0.0506,  1.2285, -0.2578, -0.9253, -1.0645,  0.1605, -0.1345, -0.9468,  0.3066,  0.1154, -1.4033])"", ""class"": ""BatchNorm2d"", ""eps"": 0.001}",multi,"[[1, 64, 40, 40]]",,,819200,3.026,24806,0.1201,5.058292,3.525983,0.42341,68.1,68.6,2400023808,2400030464,481,False,,
6af1d808b48a0024,Conv2d,"{""bias"": null, ""class"": ""Conv2d"", ""dilation"": [1, 1], ""groups"": 1, ""in_channels"": 32, ""kernel_size"": [3, 3], ""out_channels"": 32, ""padding"": [1, 1], ""stride"": [1, 1]}",multi,"[[1, 32, 40, 40]]",,14745600,409600,3.027,4320,0.6899,5.389216,3.856907,2.660804,67.0,67.5,2400020480,2400023808,489,False,,
f51956e4c3adf682,BatchNorm2d,"{""bias"": ""Parameter containing:\ntensor([-1.5508, -0.0749, -0.4060, -0.5928, -1.0635, -1.5977, -0.2479, -0.7471, -1.3916, -1.6426, -1.2686, -0.7500, -0.7295, -1.0127, -2.8008, -0.8955, -0.5688, -1.2939, -0.3770, -1.5303, -0.4380, -0.7090, -0.5146, -1.3281, -0.6729, -0.4375, -0.5337, -0.7461, -0.7422,  0.1387, -0.2085,  0.5093])"", ""class"": ""BatchNorm2d"", ""eps"": 0.001}",multi,"[[1, 32, 40, 40]]",,,409600,3.026,34226,0.087,5.112612,3.580303,0.311607,67.5,68.1,2400030464,2400023808,456,False,,
1c16b995415f81eb,BatchNorm2d,"{""bias"": ""Parameter containing:\ntensor([-0.0057,  0.0180, -0.3865,  0.5874, -0.0185,  0.8574,  0.1124,  0.1887,  0.3921, -0.7583, -0.0149,  0.3464,  0.7134,  0.3347,  0.4399, -0.4561,  0.1664,  0.1044,  1.4209,  0.2045,  0.0431,  0.2416,  0.1382, -0.6475,  0.6802,  0.0889,  0.0651,  0.2184,  0.6724,  0.8511, -0.2062,  0.8496])"", ""class"": ""BatchNorm2d"", ""eps"": 0.001}",multi,"[[1, 32, 40, 40]]",,,409600,3.027,33389,0.0892,5.022922,3.490612,0.3114,67.0,68.1,2400030464,2400033792,451,False,,
37a801936ca703cf,BatchNorm2d,"{""bias"": ""Parameter containing:\ntensor([-0.2482, -0.1100, -0.9570, -1.0264, -0.9873, -0.6226,  0.1553, -1.2744, -0.1180, -0.1702, -0.4617, -0.0823, -1.3760, -0.0280, -1.2314, -0.1919, -0.0063, -0.5396, -1.1270, -1.0459, -0.8882, -0.7993, -0.1295, -0.5527, -0.5859, -0.0916, -1.2168,  0.0754, -0.8667, -1.0957,  0.8438, -0.0509])"", ""class"": ""BatchNorm2d"", ""eps"": 0.001}",multi,"[[1, 32, 40, 40]]",,,409600,3.027,35495,0.0839,5.185953,3.653643,0.306611,67.5,67.0,2400020480,2400027136,449,False,,
d77adb180e792939,BatchNorm2d,"{""bias"": ""Parameter containing:\ntensor([ 0.9766,  1.1045,  2.0391,  2.3633,  0.9756,  1.5674,  2.1523,  1.8096,  2.0781,  0.6787,  0.9575,  0.5112,  1.8359,  1.2686,  2.0000,  2.9219,  1.4805,  0.5366,  1.2158, -0.0642,  0.1691,  2.1992,  1.4941,  0.0605,  2.4707,  1.4551,  1.0576,  1.8467,  0.9434,  0.9092,  1.7041,  1.6729])"", ""class"": ""BatchNorm2d"", ""eps"": 0.001}",multi,"[[1, 32, 40, 40]]",,,409600,3.027,28749,0.1036,4.831358,3.299048,0.341871,68.1,67.5,2400020480,2400027136,512,False,,
f1d61d61a0e6e068,Conv2d,"{""bias"": null, ""class"": ""Conv2d"", ""dilation"": [1, 1], ""groups"": 1, ""in_channels"": 128, ""kernel_size"": [3, 3], ""out_channels"": 256, ""padding"": [1, 1], ""stride"": [2, 2]}",multi,"[[1, 128, 40, 40]]",,117964800,1228800,3.03,742,4.018,6.00756,4.475251,17.981703,66.4,67.5,2400020480,2400020480,493,False,,
59fb1161398418d9,BatchNorm2d,"{""bias"": ""Parameter containing:\ntensor([-0.3628, -0.7065, -0.8643, -0.7300, -0.5449, -0.5630, -1.0869,  0.0126,  0.1470, -0.9790, -1.1289, -0.3640, -0.9199,  0.8853, -0.5986, -1.0518, -0.9487, -0.9902, -0.2460,  0.4968, -0.7974, -1.1963, -1.1709, -0.5674, -1.1797, -0.1217, -0.6636, -0.8428, -1.0156, -1.1260, -0.4197, -0.7666, -0.2729, -1.0234,\n        -0.0341, -1.0234, -0.8022, -1.1406, -1.6865, -1.1641, -0.4663, -1.5117, -0.3848, -0.2175, -1.1279, -1.2676, -1.6309, -1.0547, -0.9058,  0.1974, -0.3281,  0.4990, -1.0273, -0.8081,  0.8418, -0.2607, -0.4221, -0.4631, -1.1455, -1.6533, -1.1240,  0.5220, -0.5947, -1.1406, -0.6348, -0.3120, -0.5425,  0.2092,\n        -0.5527, -0.4587, -0.9233, -0.4519,  0.1855, -0.6118, -0.6289,  0.4316, -0.8525, -0.0362, -0.9443, -0.2072, -1.1289, -0.6108, -0.1394, -0.8691, -1.0273, -0.5405, -0.1077, -1.0518, -0.9937, -0.7993, -0.3464, -0.2734,  0.9932,  0.0363, -0.6982, -0.8579, -1.0674, -0.2128,  0.2312, -0.4697,  0.9922, -0.8765,\n        -0.2585,  0.3018, -0.9883, -0.2059, -0.4927, -0.9756, -0.0565, -1.1465, -0.1490, -0.9941, -0.6758,  0.1416, -1.4668, -1.5518,  0.2047,  0.4885, -0.4546, -0.0401,  0.3804,  0.1068,  0.5273, -1.3398, -0.5884, -0.7344, -1.1162, -1.1709, -1.4639, -1.0088, -0.7451, -1.1357, -0.3774, -0.0698,  0.4248, -0.1415,\n        -0.5044, -0.7363, -0.5098,  0.8145, -0.6587,  0.4314,  1.0703, -1.1240,  0.0603, -0.7920, -1.2402, -0.8486, -0.7256, -1.1299, -0.8232, -0.9072, -0.2847, -1.1133,  0.1484, -0.2264, -1.1377,  0.4163, -1.3027, -1.0352,  0.7407,  0.5000, -0.5386, -1.0977,  0.7310, -1.0215,  0.5273, -0.7026, -0.9653, -0.8418,\n        -0.8579, -0.7461, -0.5190, -1.5332,  0.1600,  0.0981, -0.2036, -0.4988,  0.5713,  0.2333,  0.1241, -0.4277, -1.2158, -0.1783, -0.0513, -1.0625,  0.8042, -1.1758, -1.0957,  0.5874, -0.7881,  0.0839, -1.2754, -0.2522, -0.9692, -0.8428, -0.6787, -0.7275, -0.7505, -1.0537, -0.7612, -1.0410, -0.0213, -0.3291,\n        -1.1494, -1.0195, -0.9321, -0.4526, -0.1057, -0.1002, -1.1611, -0.5176, -0.4014, -0.9346, -1.1289, -0.3506, -0.6636,  0.3501, -0.7710, -1.1572,  0.6079, -0.1670, -1.0107, -0.2766, -0.2532, -0.4062, -1.1104, -1.2139, -0.6509, -0.6318, -1.2002,  0.7534, -0.1716, -0.3945,  0.3259, -1.1445, -0.6216,  0.3428,\n         0.6509, -1.1641,  0.0743, -0.8071, -1.2041, -0.4277, -0.5200, -0.7368, -0.2328, -0.3276,  0.1407, -0.4277, -0.8218, -0.0727, -0.8984,  0.3748, -0.7759, -0.3652])"", ""class"": ""BatchNorm2d"", ""eps"": 0.001}",multi,"[[1, 256, 20, 20]]",,,819200,3.027,25877,0.1151,5.202392,3.670083,0.422479,67.5,67.5,2400020480,2400027136,489,False,,
e92dd4e177af00d2,Conv2d,"{""bias"": null, ""class"": ""Conv2d"", ""dilation"": [1, 1], ""groups"": 1, ""in_channels"": 256, ""kernel_size"": [1, 1], ""out_channels"": 256, ""padding"": [0, 0], ""stride"": [1, 1]}",multi,"[[1, 256, 20, 20]]",,26214400,819200,3.035,2708,1.1003,5.544401,4.012092,4.41434,67.0,68.6,2400027136,2400020480,396,False,,
7eb077e4247d75d8,BatchNorm2d,"{""bias"": ""Parameter containing:\ntensor([-0.4604, -0.2571, -0.8838,  0.0467, -0.7739, -0.7744, -0.5957, -0.2155, -0.4861, -0.6450,  0.2354, -0.2830, -0.0447, -0.6318, -0.3584, -1.1631, -0.6040, -0.8838, -0.3550, -0.1726, -0.2388, -0.5562, -0.6079, -0.5552, -0.1294, -1.2705, -0.6846, -0.8384, -0.9126, -0.4041, -0.0803, -1.1143,  0.2375,  1.1494,\n        -0.2507, -1.0410,  0.6152, -0.5430, -0.1483, -0.5405, -1.1406,  0.9663, -0.5933, -0.2695, -0.6616, -0.9736, -1.0566, -0.3276, -0.7930, -1.2949, -0.5342, -0.5635, -0.6733,  0.1799, -0.1646,  0.0169, -0.5229, -0.2795,  0.2983, -0.3496, -0.7046, -0.5386, -1.2988, -0.5332,  0.5581,  0.0509, -0.9673, -0.6045,\n        -0.3030, -0.0366,  0.0428, -0.2747, -0.0350, -0.8574, -0.7202, -0.5234, -0.6445, -0.9380, -0.0863,  0.2585, -0.9146, -0.2351, -0.1026, -0.8286, -0.1504, -0.5869, -0.8203,  0.2141, -0.8823, -0.2234,  0.1187, -0.3708, -0.9243,  0.4924,  0.3027, -0.6924, -0.4961, -0.3337,  0.2551, -0.2179, -0.9907,  0.4758,\n        -0.5396,  0.7104,  0.3271, -1.0459, -1.0215, -0.5337, -0.4626, -1.5283, -1.4551,  0.0023,  0.0680, -0.3628, -0.0251, -0.4768, -0.7329, -0.7148, -1.1914, -0.2842, -0.2207, -0.8369, -0.7344, -1.2666, -0.7524,  0.5581, -0.6553, -0.9502, -0.5947, -0.5259, -1.5215, -0.9429, -0.2023, -0.1183, -1.5654, -0.5811,\n        -1.1816, -0.3499, -1.9150, -0.0666, -1.2686, -0.5669, -0.7217, -0.8906, -1.6914,  0.3315,  0.2462, -0.9712, -0.7705, -0.8188, -0.8022, -1.3154, -0.9346, -1.3379, -1.4941, -0.2681, -1.3975, -0.6929, -0.5596, -1.1768, -1.0645, -1.0742, -0.3906, -1.2881, -0.0419, -0.6660, -0.4348,  0.4739, -1.3027, -0.9424,\n        -0.9502, -1.3301, -1.1006, -0.6978, -1.5723, -1.1514, -0.7661, -0.6514, -0.1166, -0.3132, -0.3691,  0.4172, -0.5254, -0.2406, -0.5288, -0.6016, -1.1865, -1.5400, -1.0996, -0.7939, -1.1260, -1.5752, -0.2830, -1.3047, -1.5293, -0.9937, -0.3689, -2.2578, -0.7256, -0.0136, -1.5430, -1.1543, -1.0801, -1.3740,\n        -0.8262,  0.3994, -0.5449, -1.4697,  0.1462, -0.5981, -0.8281, -1.1855,  1.2832, -1.0771, -0.4822, -0.3638, -2.2402, -1.0215, -0.4011, -0.4568, -1.1357, -0.9819, -1.5820, -1.4248, -1.1650, -0.5664, -0.8213, -0.6108,  0.2203, -1.0254,  1.0723, -1.6787, -1.5293, -1.4297, -0.0519, -0.3926, -1.8730, -0.9907,\n        -0.3950, -1.9082, -1.0176, -0.6562,  1.0967, -0.8066, -0.9043, -1.1318, -0.8076, -1.2822, -0.2349, -1.0869, -1.1270, -1.1436, -1.2725, -0.5674,  0.9009, -1.3350])"", ""class"": ""BatchNorm2d"", ""eps"": 0.001}",multi,"[[1, 256, 20, 20]]",,,819200,3.027,22114,0.1347,4.842775,3.310466,0.445963,67.0,68.6,2400033792,2400017408,540,False,,
0a6e7ad354a5bde8,Conv2d,"{""bias"": null, ""class"": ""Conv2d"", ""dilation"": [1, 1], ""groups"": 1, ""in_channels"": 384, ""kernel_size"": [1, 1], ""out_channels"": 256, ""padding"": [0, 0], ""stride"": [1, 1]}",multi,"[[1, 384, 20, 20]]",,39321600,1024000,3.028,1857,1.6048,6.053518,4.521209,7.255525,67.5,68.1,2400023808,2400027136,498,False,,
1862fc88b3a2e446,BatchNorm2d,"{""bias"": ""Parameter containing:\ntensor([-0.5020, -1.0947,  0.1263, -1.1992,  0.0225, -0.1139, -0.4656, -0.6377, -0.1510, -1.2275, -0.3618, -0.6797, -0.5977, -0.7017, -0.4795, -0.7896, -0.9312, -0.8892, -1.4844,  0.2686, -0.5713, -1.1270, -0.6948, -0.8364, -0.7397, -0.4167,  1.7607, -1.1025, -1.6074,  0.2362, -1.1494, -0.4705,  0.7998, -1.0674,\n        -0.8677,  0.2705,  0.6973, -0.9229, -0.9385, -1.5049, -0.4019, -0.9253, -0.8013, -1.1572, -0.6484, -0.8730, -0.7812, -0.7344, -0.2612, -0.5894, -1.6006, -0.1504, -0.5127,  1.5342,  0.7432,  1.0137,  1.6768, -0.4744, -0.2646, -0.9600, -0.7183,  0.3013,  0.7046, -0.8262, -0.8696,  0.6421, -0.8218,  2.2910,\n         0.6533, -0.3696, -1.1670,  0.3208, -1.2549, -0.6714, -1.0674,  1.5859, -0.6396, -0.9004, -1.1348,  2.4531, -0.8813, -0.8940, -0.3306, -0.5791, -1.0967,  0.4038, -0.9756, -0.3655, -0.9570, -0.3120, -0.9268, -1.1025,  0.3035,  0.7051, -0.4060, -1.0176, -0.0316, -0.7769, -0.5063,  0.7065, -0.5342, -1.0557,\n        -0.3257, -0.7817, -0.2898, -0.7964, -0.0497, -0.6118, -0.1483, -0.7891, -0.2837, -0.6343, -0.7773, -1.3418, -0.7139, -0.8091, -0.3723, -0.9897, -0.8481, -0.8789, -0.4646, -1.4023, -0.5718, -0.4885, -0.2559, -0.5122,  0.6802, -0.1199, -0.8813,  0.7744, -0.5508,  0.8809, -0.3115, -0.3262, -2.1230, -0.9141,\n        -0.8657, -1.2148, -0.6577,  0.0503, -0.8618,  0.2449, -0.3584, -1.0068, -0.5723, -0.7349, -0.4956, -0.9917, -0.9009, -1.4326, -1.1260, -0.5591, -0.8110, -0.7056, -1.2832, -0.7212, -1.8896,  0.0993, -0.8496,  0.1963, -0.7852, -0.5483, -0.2191, -0.3804, -0.1753, -1.1787, -0.7065, -1.0908, -0.5342, -0.8989,\n        -0.4739,  0.2158, -0.1273, -0.6323, -1.1348, -0.8394, -0.5762, -0.1781, -0.7412, -0.0897, -1.1699, -0.4805, -0.9653, -0.5864, -1.0186, -0.2966, -0.8311, -0.7920,  0.9067,  0.2440, -0.6143, -1.4941, -1.0938, -1.1689, -0.9946, -0.6182, -1.0654, -0.3760, -0.9990, -0.9312, -0.1893,  1.0928, -0.9434, -0.6558,\n        -0.1548, -1.1318, -1.3184, -0.2080, -0.9595, -0.9907, -0.5229, -1.6143, -0.4990, -1.4053, -0.1434, -0.5083, -0.2571, -1.0576, -0.4058, -1.4219, -1.0498, -0.5093, -0.8726, -0.1153, -0.2776,  1.8408, -0.8784, -1.0293, -0.3108, -0.2983, -0.4321, -0.7017, -0.9619,  0.6299, -1.0205, -1.4727, -0.4817, -0.1621,\n        -0.4897, -1.2529,  0.0792, -0.2490, -0.8447, -0.2170, -0.5947,  0.1030, -0.5513,  0.8701, -0.5576, -0.1101, -0.6670, -0.1158, -0.8325, -0.4377, -0.7148, -0.4543])"", ""class"": ""BatchNorm2d"", ""eps"": 0.001}",multi,"[[1, 256, 20, 20]]",,,819200,3.027,22524,0.1323,5.296096,3.763786,0.497799,67.0,68.1,2400033792,2400037120,459,False,,
ec8ca42e06e0df1f,Conv2d,"{""bias"": null, ""class"": ""Conv2d"", ""dilation"": [1, 1], ""groups"": 1, ""in_channels"": 128, ""kernel_size"": [1, 1], ""out_channels"": 64, ""padding"": [0, 0], ""stride"": [1, 1]}",multi,"[[1, 128, 20, 20]]",,3276800,307200,3.028,6786,0.4391,5.024405,3.492096,1.533527,69.2,68.6,2400023808,2400017408,439,False,,
2f8ce4ed5049a2f2,BatchNorm2d,"{""bias"": ""Parameter containing:\ntensor([ 0.0544, -0.0554, -0.1072, -1.0342,  0.4636, -0.3645, -0.7729, -0.4858, -0.0898, -0.5376, -0.2140, -0.8198, -0.2532, -0.3098,  0.4790,  0.1931, -0.0424, -0.7363,  0.2438, -0.2783,  0.6528,  0.5078,  0.5767, -0.6006,  0.0907, -0.3604, -0.2168,  0.1514, -0.5684, -0.4390,  0.1917,  0.4822,  0.9297, -0.3997,\n        -0.0344, -0.0508, -0.3447, -0.9287,  0.1261, -0.2129, -0.1996,  0.1351, -0.6855, -0.0269, -0.4204, -0.0249, -0.0219,  0.0359, -1.3760, -0.5635, -0.8525, -0.2092,  0.3379, -0.1384,  0.0249, -1.5244,  0.6411, -1.2842,  0.1967,  1.5195, -0.7593, -0.0113, -0.8271, -0.0371])"", ""class"": ""BatchNorm2d"", ""eps"": 0.001}",multi,"[[1, 64, 20, 20]]",,,204800,3.028,34533,0.0863,4.806955,3.274646,0.28247,67.0,66.4,2400030464,2400020480,510,False,,
ee769cc1cb5ad7ad,BatchNorm2d,"{""bias"": ""Parameter containing:\ntensor([-0.3091, -0.6289, -0.0155, -0.5366, -0.2878, -0.2488, -0.5537, -0.3562, -0.0477, -0.1733, -0.2347, -0.0753, -0.2161, -0.3164, -0.3975, -0.3311, -0.2698, -0.4092, -0.3501,  0.1555, -0.5039, -0.3809, -0.4529, -0.3499, -0.1978, -0.0567, -0.4426, -0.4470, -0.5557,  0.0328, -0.3748, -0.2350, -0.1183, -0.1390,\n        -0.5693, -0.1520, -0.2998, -0.1304, -0.4924, -0.1653, -0.2473, -0.4504, -0.4028, -0.1969, -0.1323, -0.0800, -0.2295, -0.0638, -0.2394, -0.3452, -0.1870, -0.2335, -0.6138, -0.3076, -0.2749, -0.5532, -0.1781, -0.2590, -0.3870, -0.4907, -0.0661, -0.1033, -0.5767,  0.0359])"", ""class"": ""BatchNorm2d"", ""eps"": 0.001}",multi,"[[1, 64, 20, 20]]",,,204800,3.031,26534,0.1122,4.531283,2.998974,0.336337,65.9,67.5,2400020480,2400017408,555,False,,
665138cb895e145b,Conv2d,"{""bias"": null, ""class"": ""Conv2d"", ""dilation"": [1, 1], ""groups"": 1, ""in_channels"": 128, ""kernel_size"": [1, 1], ""out_channels"": 128, ""padding"": [0, 0], ""stride"": [1, 1]}",multi,"[[1, 128, 20, 20]]",,6553600,409600,3.028,5240,0.5688,5.128877,3.596567,2.045569,66.4,66.4,2400023808,2400023808,454,False,,
3d93eaae34e01b4d,BatchNorm2d,"{""bias"": ""Parameter containing:\ntensor([-1.2988, -0.1242, -0.8823,  0.6040, -1.1562, -0.7710, -0.9902,  0.3843, -0.0033, -0.0229, -0.6050, -0.9854, -1.1465, -0.8340, -1.1348, -1.0742, -1.5137, -0.8564,  0.5444, -0.2932, -0.8516, -0.1875, -1.6514, -0.7603, -0.9019,  0.2375, -1.3281, -0.9253, -0.6147, -1.0186, -1.2061, -0.2412, -0.2224, -0.7808,\n        -0.5273, -0.9624, -0.1440, -0.6201, -0.4167, -1.2158, -0.6367, -0.5986, -1.1387, -0.9478, -0.8008, -0.2041, -1.0020, -0.5210, -1.1992, -0.0687, -1.0322, -0.7158, -0.3835, -1.6719, -0.4089, -0.4338, -0.9155, -0.4304, -0.8984, -0.9717, -0.4885, -0.0593, -0.4346, -1.0078, -0.6523, -0.4541, -0.9922, -0.5864,\n        -1.5459, -1.0322,  0.1362, -1.2119,  0.1970, -0.6929, -1.1641, -1.0391, -0.1302, -0.4387, -0.9238,  0.2463, -0.4023, -0.1263, -0.5117, -0.1748, -0.1147, -0.1627, -0.7925, -0.5698, -0.7764, -0.7334, -0.5459, -0.9185, -0.4192, -0.8193, -0.5312, -0.5718, -0.9141, -0.9146, -0.8540, -0.0964, -0.7139, -0.4797,\n        -0.7505, -1.0693, -1.3164, -0.2576,  0.1565,  0.0992, -0.8286, -1.0020, -0.6646, -0.6299, -0.5732, -1.4199, -0.6353, -1.2432,  0.1279, -0.3567, -0.1996, -0.6523, -0.3096, -0.9341, -0.5850, -1.1260, -0.8838, -1.3164, -0.2236, -0.5146])"", ""class"": ""BatchNorm2d"", ""eps"": 0.001}",multi,"[[1, 128, 20, 20]]",,,409600,3.031,34727,0.0857,5.08696,3.55465,0.304779,66.4,68.6,2400027136,2400023808,447,False,,
3352e00d5bd42fc2,Conv2d,"{""bias"": null, ""class"": ""Conv2d"", ""dilation"": [1, 1], ""groups"": 1, ""in_channels"": 64, ""kernel_size"": [3, 3], ""out_channels"": 64, ""padding"": [1, 1], ""stride"": [1, 1]}",multi,"[[1, 64, 20, 20]]",,14745600,204800,3.029,4846,0.6151,5.906928,4.374618,2.690832,68.1,69.2,2400023808,2400027136,434,False,,
3e56cc61f8c39e24,BatchNorm2d,"{""bias"": ""Parameter containing:\ntensor([-0.1387, -1.1914, -0.7725, -2.1582, -0.2859, -1.2480, -0.2490,  0.0187, -1.0596, -0.2458, -1.1836, -0.4780, -0.0757, -0.5522, -0.0614, -0.3831,  0.1648, -0.5811, -1.3857, -1.7207, -1.6729, -0.8770, -1.2900, -1.2832, -1.8799, -0.1033, -1.7236, -0.2292, -0.3618, -0.8882,  0.4441, -0.3647, -0.7534, -0.6240,\n        -0.9067, -0.4641, -1.0674, -0.2009, -0.7910, -1.0000, -2.7031, -0.6616, -0.3867, -0.0805,  0.5732, -1.0957, -1.3545, -0.6914, -0.5889, -1.4863, -0.9727, -1.6328,  0.9595, -1.3047, -0.1815, -0.9722, -0.3994, -1.0488, -0.8174, -1.9707, -0.8472, -1.3877, -0.8613, -0.5967])"", ""class"": ""BatchNorm2d"", ""eps"": 0.001}",multi,"[[1, 64, 20, 20]]",,,204800,3.028,31214,0.0954,4.685055,3.152746,0.30086,67.5,67.0,2400023808,2400030464,521,False,,
50134ce8fedca4d3,BatchNorm2d,"{""bias"": ""Parameter containing:\ntensor([ 0.3650,  1.6426,  0.8096, -0.7891, -0.2052,  1.0283, -0.3276, -0.8550, -0.7520, -0.0897, -0.4263, -0.9180,  0.9478, -1.0615,  1.0322,  0.2402, -0.0662,  0.3413,  0.5796,  0.8569,  0.5469, -0.2832,  0.6167, -0.5693,  0.2367,  0.6660,  0.3440,  0.4070,  0.3169,  0.3198,  0.5923,  0.2303,  0.6973, -0.3491,\n         0.0776,  0.9897, -0.0407, -1.9170, -0.7192, -0.0912,  0.2423, -1.1670,  1.5498, -0.6650,  0.7065,  1.0166, -1.1348, -0.1797, -0.3511,  0.0693,  0.4412, -0.2710, -0.0932, -1.5859, -0.8320, -0.4736, -0.2078,  0.1423, -0.5034, -0.5137, -0.5156, -0.5771, -0.2512, -0.3818])"", ""class"": ""BatchNorm2d"", ""eps"": 0.001}",multi,"[[1, 64, 20, 20]]",,,204800,3.028,38227,0.0779,4.953699,3.42139,0.266596,66.4,67.0,2400027136,2400023808,463,False,,
91346f9d3878c5d2,BatchNorm2d,"{""bias"": ""Parameter containing:\ntensor([-0.5957,  0.2175, -0.8223, -0.5645, -0.8589, -1.0293, -0.1826, -0.4043, -0.3728, -0.6743, -2.1523, -0.1675, -0.5732, -1.1709, -0.6543, -0.9165,  0.7251, -0.7183, -0.6177, -1.5840, -1.2617, -0.0147,  0.5469, -0.6719, -0.0710, -2.2910, -0.1753, -1.2607,  0.0405, -1.7588, -0.9448, -0.7153,  0.0953,  0.0457,\n        -0.2859, -0.4663, -0.8540,  0.5566, -1.1523, -0.3508, -0.3062, -0.2947, -1.6787,  0.0490, -0.5527, -0.7549, -0.3899, -0.1400, -0.4629, -0.2471, -1.0752, -0.2781, -1.8740, -1.3945, -0.8540, -2.3359, -0.0282, -0.3906,  0.4390,  0.1737, -0.4319, -1.0723, -0.3049, -1.8730])"", ""class"": ""BatchNorm2d"", ""eps"": 0.001}",multi,"[[1, 64, 20, 20]]",,,204800,3.028,38436,0.0775,4.978496,3.446187,0.267076,66.4,68.1,2400017408,2400027136,462,False,,
729c444e1538c53b,BatchNorm2d,"{""bias"": ""Parameter containing:\ntensor([ 1.2285,  1.7246,  0.8174, -0.3921, -0.0819,  0.4529,  0.8447,  0.8667,  1.0820,  0.2576,  0.6338,  1.1436,  0.8325,  0.4404, -0.7764,  1.5312,  0.0553,  1.0791,  1.0625, -0.3799,  1.0000,  0.3225, -1.2061,  0.0489,  0.4858,  0.9053,  0.1917,  0.5972,  0.3232,  0.6743,  0.7188,  0.9883,  1.2861,  0.7505,\n         1.0342,  0.9888,  0.6675,  1.1602,  0.2542, -0.6294,  1.3457,  0.1062,  0.8818, -1.0703,  1.2139,  0.5947,  0.6133, -0.0255,  0.8721,  0.7900,  0.9097, -0.5327,  0.2191, -1.4932,  0.4600,  0.9990,  1.3633,  0.7769, -0.6553,  1.1436,  0.9985,  0.0155,  0.5742,  0.9575])"", ""class"": ""BatchNorm2d"", ""eps"": 0.001}",multi,"[[1, 64, 20, 20]]",,,204800,3.028,34569,0.0862,4.849624,3.317315,0.285836,67.5,66.4,2400030464,2400020480,520,False,,
263b166895ce2216,Conv2d,"{""bias"": null, ""class"": ""Conv2d"", ""dilation"": [1, 1], ""groups"": 1, ""in_channels"": 256, ""kernel_size"": [1, 1], ""out_channels"": 128, ""padding"": [0, 0], ""stride"": [1, 1]}",multi,"[[1, 256, 20, 20]]",,13107200,614400,3.029,4213,0.7074,5.583754,4.051445,2.866027,65.9,67.5,2400023808,2400030464,444,False,,
3425e3eed7eeaffd,BatchNorm2d,"{""bias"": ""Parameter containing:\ntensor([ 1.7754,  1.9688,  1.5215,  2.5586,  2.0996,  1.5898,  1.8428,  2.3027,  2.3496,  2.5684,  1.7471,  2.1973,  1.5430,  2.4375,  2.3301,  1.8193,  2.5879,  1.6592,  2.0430,  2.4707,  1.5117,  2.0938,  2.2266,  2.2910,  2.3125,  1.6025,  1.3486,  1.5586,  2.1934,  1.7422, -0.2203,  1.4697,  1.9648,  1.9707,\n         1.7793,  2.0430,  2.0801,  2.3301,  1.5693,  2.3750,  2.2832,  1.8779,  1.9307,  2.1680,  1.7520,  2.2402,  1.9629,  1.5371,  2.2754,  2.0938,  2.3965,  2.0586,  1.8838,  1.5693,  1.7695,  1.7129,  0.0504,  1.4658,  1.4902,  2.0039,  1.2217,  1.8330,  1.2432,  1.9902,  2.7246,  1.4707,  2.2754, -0.2041,\n         1.8457,  1.9531,  2.3184,  2.1133,  1.4785,  2.5137,  1.9111,  1.2949,  2.2266,  2.3398,  1.9580,  2.3457,  1.6328,  1.4814,  2.4961,  1.8271,  1.9375,  1.7295,  2.1133,  2.3398,  2.1895,  2.0352,  1.3096,  1.9316,  2.3008,  1.9307,  1.5693,  1.4336,  2.1895,  2.0039,  2.3574,  2.4609,  1.9893,  2.0918,\n         1.7266,  1.4004,  1.8027,  1.9268,  0.3369,  1.9248,  2.0273,  2.4766,  2.1328,  2.6113,  2.5195,  1.8350,  0.6821,  2.0781,  1.7031,  2.1738,  2.2266,  2.0449,  2.4863,  2.1855,  1.8984,  1.8330,  2.4434,  2.4883,  1.9453,  2.6719])"", ""class"": ""BatchNorm2d"", ""eps"": 0.001}",multi,"[[1, 128, 20, 20]]",,,409600,3.029,31523,0.0945,4.929823,3.397513,0.321102,67.5,68.6,2400033792,2400020480,484,False,,
91f86eb7deec12bd,Conv2d,"{""bias"": null, ""class"": ""Conv2d"", ""dilation"": [1, 1], ""groups"": 1, ""in_channels"": 512, ""kernel_size"": [1, 1], ""out_channels"": 256, ""padding"": [0, 0], ""stride"": [1, 1]}",multi,"[[1, 512, 20, 20]]",,52428800,1228800,3.03,1332,2.237,4.785903,3.253594,7.27818,68.1,67.5,2400033792,2400023808,516,False,,
49b150c05a196b48,BatchNorm2d,"{""bias"": ""Parameter containing:\ntensor([-1.7949e+00,  4.0918e-01, -6.3721e-01, -3.2578e+00, -1.3301e+00, -1.8936e+00, -1.6162e+00, -1.7891e+00, -1.6299e+00, -1.3486e+00, -1.5752e+00, -1.2148e+00, -2.4863e+00, -9.5117e-01, -1.9609e+00, -7.8076e-01, -7.9053e-01, -7.9102e-01, -4.4702e-01, -7.3340e-01,  1.5625e-01, -2.3848e+00, -2.6094e+00,  5.2588e-01,\n        -7.0898e-01, -2.5996e+00, -2.0000e+00, -2.0935e-01, -6.8994e-01, -1.7021e+00, -2.5039e+00,  2.4460e-02, -1.8291e+00, -2.8145e+00, -2.5781e+00,  4.8120e-01, -8.9307e-01, -2.3223e+00, -5.9424e-01, -2.5801e+00, -1.9775e+00, -1.0137e+00, -3.6475e-01, -1.1162e+00, -1.3438e+00, -2.0098e+00, -1.6562e+00, -2.8809e+00,\n         5.9448e-02, -1.8301e+00, -2.5840e+00, -1.4238e+00, -8.2129e-01,  1.9577e-02,  3.6743e-01, -2.0996e+00, -1.6562e+00, -1.9248e+00,  9.5312e-01, -2.9512e+00,  2.9932e-01,  9.1895e-01, -1.5596e+00, -1.8740e+00, -7.0166e-01, -8.6865e-01, -2.2617e+00, -4.1968e-01, -1.7480e+00, -1.2617e+00,  8.5547e-01, -6.7627e-02,\n         2.2473e-01, -1.9980e+00, -2.4238e+00, -1.0674e+00, -8.2178e-01, -1.6133e+00, -2.8418e+00, -9.7461e-01,  6.0303e-01, -1.0840e+00, -2.8379e+00,  8.8770e-01, -1.6982e+00, -2.3672e+00, -3.1484e+00, -2.3848e+00, -4.3555e-01,  3.1543e-01, -1.7578e+00, -1.4248e+00,  1.9385e+00, -2.1367e+00, -2.8398e+00, -2.2168e+00,\n        -2.0430e+00, -1.4248e+00, -2.5625e+00, -8.6621e-01, -1.3867e+00, -2.4590e+00, -5.7227e-01, -3.5248e-02, -1.3652e+00, -1.0088e+00, -6.5283e-01,  7.2949e-01, -1.0947e+00, -1.7402e+00, -1.0498e+00, -4.3628e-01, -1.6891e-02,  5.5322e-01, -3.6694e-01, -9.2773e-01, -1.9805e+00, -5.2588e-01, -2.0178e-01, -7.4854e-01,\n        -1.2178e+00, -9.3115e-01, -2.1992e+00, -2.1758e+00,  3.9600e-01,  1.2949e+00, -1.4248e+00, -8.0420e-01,  4.4971e-01, -1.4697e+00, -1.8027e+00, -1.5781e+00, -1.8721e+00, -1.1357e+00, -2.1426e+00,  3.7085e-01, -2.0605e+00, -2.3203e+00, -2.1875e-01, -4.2041e-01, -1.2939e-01, -1.4375e+00, -1.2324e+00, -5.1910e-02,\n        -5.1562e-01, -1.3418e+00, -1.8906e+00, -1.1680e+00,  9.0186e-01, -1.6138e-01, -1.7451e+00,  2.1509e-01, -1.1123e+00, -1.7207e+00, -2.7266e+00, -1.2002e+00, -9.0674e-01, -3.0020e+00, -8.2617e-01, -8.3801e-02,  4.6729e-01, -1.2445e-01, -6.8604e-01, -3.2642e-01,  1.2781e-01, -4.8126e-02, -1.6660e+00,  2.4158e-01,\n         1.1270e+00, -1.4404e+00, -1.6272e-01, -1.6338e+00, -2.1777e+00,  1.6223e-01, -7.0703e-01, -2.2305e+00,  7.5439e-02, -9.5557e-01, -2.6270e-01, -2.9126e-01, -3.1875e+00, -1.2021e+00, -1.8076e+00, -3.7744e-01,  9.0039e-01, -5.1318e-01, -2.4357e-03, -2.7988e+00, -1.1084e+00,  3.4504e-03, -1.6113e+00,  6.1426e-01,\n         1.9177e-01,  2.5122e-01, -6.2305e-01, -1.1924e+00, -5.1953e-01, -4.9658e-01, -8.9307e-01, -1.6406e+00, -7.1338e-01, -5.7715e-01, -9.8779e-01, -1.7881e+00, -3.1035e+00, -2.7734e+00, -2.5801e+00, -1.1865e+00, -6.8262e-01, -7.5049e-01, -1.8320e+00, -2.2344e+00, -1.1836e+00, -3.2812e-01, -2.5957e+00, -2.3359e+00,\n         5.1807e-01, -8.9697e-01, -2.6992e+00, -1.1074e+00,  5.6348e-01, -2.1016e+00, -3.3447e-01, -1.8633e+00, -8.2910e-01, -1.0879e+00, -2.0215e+00, -2.1562e+00, -9.4043e-01, -1.3379e+00, -6.7285e-01, -1.5320e-01, -1.6377e+00, -3.4180e-02, -2.1055e+00, -2.1504e+00, -7.9053e-01, -9.5361e-01, -2.5488e+00, -2.0645e+00,\n        -2.3514e-02, -1.1777e+00, -2.2012e+00, -2.7617e+00, -2.3477e+00, -4.8560e-01, -1.5586e+00,  6.0400e-01,  8.7793e-01,  5.9521e-01, -2.0938e+00, -2.8442e-01,  1.1270e+00, -3.5083e-01, -1.1377e+00, -9.0820e-01])"", ""class"": ""BatchNorm2d"", ""eps"": 0.001}",multi,"[[1, 256, 20, 20]]",,,819200,3.029,25577,0.1165,5.123024,3.590714,0.418183,67.0,68.6,2400033792,2400017408,465,False,,
1c806597ea4ebb78,MaxPool2d,"{""class"": ""MaxPool2d"", ""dilation"": 1, ""kernel_size"": 5, ""padding"": 2, ""stride"": 1}",multi,"[[1, 128, 20, 20]]",,,409600,3.029,3997,0.7456,5.688774,4.156464,3.099203,67.0,69.2,2400033792,2400023808,420,False,,
aeb1a0e4ee17752c,BatchNorm2d,"{""bias"": ""Parameter containing:\ntensor([ 0.6260, -0.8979, -0.1843, -0.1252, -0.5122, -0.3872, -0.6592, -0.6152, -0.3994, -0.3396, -0.9688, -0.9556, -0.9204, -0.8672, -0.4277,  0.1104, -1.4551, -0.5552, -0.8467, -0.0684, -0.6333, -0.2795, -0.4832, -0.7563, -0.2964, -0.5928, -0.0407, -0.9917, -0.6631, -0.5078, -0.1709,  0.0794, -0.5850, -0.6025,\n        -0.4480, -0.4099, -0.7871, -0.7720, -0.4309, -0.2340, -0.6177, -0.4131, -0.3579, -0.5913,  0.3113, -0.5024, -0.6304, -0.9756, -0.2155, -0.7231, -0.8604, -0.4309, -0.5850, -0.5845, -0.9297, -0.8540, -0.8389, -0.6094, -0.2668, -0.5049, -1.1162, -0.5054, -0.7476, -0.5713, -0.9199, -0.6997, -0.0844, -0.8203,\n        -0.7246, -0.5547, -0.4167, -0.3457, -1.0986, -0.0746, -1.3193, -0.6475, -0.9634, -0.7817, -0.7900, -0.5845, -0.8374,  0.0297, -0.1020, -1.1182, -0.6255, -0.1125, -0.5825, -0.6255,  0.1144, -1.1035, -0.2103, -0.8345, -0.1855, -0.1276, -0.6265, -0.5093, -0.1836, -1.0303, -0.6982,  2.2559, -0.8003, -0.4629,\n        -0.5181, -0.3721, -0.3413, -0.8320, -0.9131, -0.7886, -0.4534, -0.4792, -0.8091, -0.4336, -0.8438, -0.2961, -1.0488, -0.1857, -0.5469, -0.6123, -0.3979, -1.0049,  0.0596, -0.3645, -0.5298, -0.8159, -0.4387, -0.5854, -0.3176, -0.2433, -0.6753,  1.8398,  0.9771,  0.3809, -0.3230,  0.2957,  0.6011,  0.5430,\n         0.1251, -1.6230, -0.4067,  1.4912, -0.6919, -0.2646, -0.3345,  0.5762,  0.0127,  0.7021, -1.3301,  0.4241,  0.4458,  0.6860, -1.8369,  0.1611,  0.5649, -0.0808,  0.4836,  0.1956,  0.9136, -0.2146, -0.9766,  1.0049,  0.5728,  0.7769,  0.1350, -0.5425,  0.4951,  0.0945,  0.8921,  0.7280,  0.2856,  0.9336,\n         0.7388,  0.5605,  0.6958,  0.2406,  0.3557, -0.3481,  0.6587,  0.2805,  1.4922, -0.1598,  0.5347,  1.4766,  0.5518, -0.2052, -1.6953, -0.1604,  0.4033, -0.6885,  0.4844,  0.5698, -0.8149,  0.7051,  1.0225,  0.2003, -1.0557,  1.2402,  1.5781, -1.1748,  1.2500, -1.1787, -1.1240, -0.0391, -0.0889,  0.4226,\n        -1.1689, -0.7842, -0.2715,  0.2852, -0.9858,  0.1937,  0.1698,  0.9771,  0.2698, -1.1533,  0.1840, -1.2217,  0.7920, -0.1626, -0.7432,  0.9219,  0.4209,  0.6304,  0.4324, -0.9126,  0.2479,  0.7021,  0.5483,  0.5908,  0.0260, -0.0477,  0.3311,  0.0139,  0.8389, -1.3506, -0.7207,  1.2656,  0.0365,  0.6997,\n        -0.2410, -0.6162,  0.6992, -0.8911,  0.4536, -0.7207, -0.4023,  0.4121,  0.5181, -0.8105, -0.2981, -1.3730,  0.2319,  0.2272,  0.5273,  0.2208,  0.1171,  0.6748])"", ""class"": ""BatchNorm2d"", ""eps"": 0.001}",multi,"[[1, 256, 20, 20]]",,,819200,3.031,26855,0.1109,5.24221,3.709901,0.411501,68.6,67.0,2400027136,2400023808,458,False,,
e394b5b99c46aa11,BatchNorm2d,"{""bias"": ""Parameter containing:\ntensor([-1.3318e-01, -4.0625e-01, -1.9116e-01, -9.2822e-01, -1.4771e-01, -1.4570e+00, -2.1523e+00, -1.7695e+00, -1.0400e+00, -6.9824e-01, -2.4160e+00, -1.9570e+00, -7.3486e-01, -1.1494e+00, -7.0996e-01, -5.7129e-01, -6.2451e-01, -1.6699e+00, -9.3945e-01,  6.5283e-01, -1.7139e+00, -2.2285e+00, -5.9570e-01, -5.6396e-01,\n        -1.8008e+00, -7.5879e-01, -1.2295e+00, -2.1562e+00, -1.7148e+00, -7.5049e-01, -1.0186e+00, -2.5781e+00, -1.7764e+00, -1.6982e+00, -2.3816e-01,  9.1455e-01, -2.7246e-01, -1.3252e+00,  3.5278e-01,  6.0558e-04, -3.8086e-01, -1.4775e+00, -1.2139e+00, -5.8740e-01, -1.6621e+00, -9.6924e-01, -1.4873e+00, -8.7158e-01,\n        -9.0234e-01, -8.4326e-01, -2.1895e+00, -1.4756e+00, -7.8320e-01, -6.0400e-01, -2.2129e+00, -1.0752e+00, -5.2490e-01, -1.4954e-02, -1.0986e+00, -1.8311e+00, -1.0234e+00, -3.7744e-01, -1.3369e+00, -1.0732e+00, -2.2383e+00, -2.1367e+00, -1.1152e+00, -5.2197e-01,  1.8372e-01, -1.5381e+00, -2.0020e-01, -1.7275e+00,\n        -1.3154e+00, -9.7559e-01, -1.3223e+00, -1.8857e+00, -1.0215e+00, -1.1436e+00, -2.6777e+00, -1.6807e+00, -1.2598e+00, -9.5605e-01, -1.7480e+00, -4.2944e-01, -7.5488e-01,  3.8281e-01, -1.0117e+00,  2.2009e-01, -5.9961e-01, -1.5059e+00, -7.8125e-01, -2.8076e-01, -2.3262e+00, -1.5645e+00, -6.6260e-01, -8.5059e-01,\n        -4.1260e-02, -1.9424e+00, -1.6104e+00, -6.7139e-01, -3.5449e-01, -1.2637e+00, -8.9722e-02, -1.4443e+00, -7.2754e-01, -1.7021e+00, -3.3057e-01, -2.6562e-01, -1.2852e+00,  3.2104e-02, -1.1553e+00, -1.4004e+00,  4.5996e-01,  4.9268e-01, -1.7471e+00, -1.9150e+00, -1.1006e+00, -8.0127e-01, -8.6328e-01, -1.8203e+00,\n        -9.4385e-01, -1.1494e+00, -2.9932e-01, -3.1299e-01, -5.0977e-01, -1.0088e+00, -1.3057e+00,  8.2324e-01, -2.0000e+00, -1.0371e+00, -1.6191e+00, -1.0010e+00, -1.5713e+00, -3.3325e-01, -1.5205e+00, -1.6748e+00,  1.7810e-01, -8.7744e-01, -1.5879e+00, -1.5889e+00, -8.0859e-01, -6.4600e-01, -2.0781e+00, -6.2988e-01,\n         3.1445e-01, -1.4541e+00, -6.7480e-01, -6.5625e-01, -9.6191e-01, -1.0625e+00, -2.0586e+00,  7.7942e-02, -1.0049e+00, -1.2939e+00, -8.0322e-01, -1.8418e+00, -2.0195e+00, -1.0468e-01, -1.0908e+00,  1.4834e+00, -8.8818e-01, -2.0176e+00, -1.2793e+00, -1.4590e+00, -1.7129e+00, -1.5859e+00, -2.5195e+00, -9.2896e-02,\n        -6.9678e-01, -4.3213e-01, -4.0820e-01, -3.1543e-01,  7.2559e-01, -1.1025e+00, -7.7441e-01, -1.4883e+00, -7.3779e-01, -1.2686e+00,  3.9429e-01, -1.0654e+00, -1.5186e+00, -1.7305e+00, -1.1914e+00, -1.8201e-01, -1.6201e+00, -6.7676e-01, -9.2822e-01, -8.8232e-01, -1.5049e+00, -2.6055e+00, -1.2344e+00, -4.0991e-01,\n        -6.4893e-01, -7.5244e-01, -2.2754e+00, -1.6865e+00, -7.5977e-01, -6.2646e-01, -6.3574e-01, -1.1250e+00, -5.7129e-01, -1.6992e+00, -1.7002e+00, -4.1779e-02, -5.6738e-01, -8.2031e-01, -1.5049e+00, -5.8740e-01,  2.7441e-01, -1.1621e+00, -9.5752e-01, -8.2666e-01, -2.1704e-01, -6.5869e-01, -6.3916e-01, -2.1191e+00,\n        -2.4727e+00, -4.0820e-01,  3.6108e-01, -1.9990e+00, -9.7266e-01, -7.1094e-01,  4.7192e-01, -2.1133e+00,  8.6328e-01, -8.1055e-01, -4.6191e-01, -1.2334e+00, -1.0322e+00, -3.5059e-01, -1.1797e+00, -1.7100e+00, -9.8730e-01, -6.2158e-01, -3.6450e-01, -8.6914e-01,  3.4790e-01, -3.0090e-02, -1.5801e+00, -9.9316e-01,\n        -6.7822e-01, -1.8585e-02, -1.8398e+00, -8.9355e-01, -9.7168e-01, -7.7539e-01, -1.1895e+00, -3.6523e-01, -1.4570e+00,  9.7656e-02, -1.6758e+00, -1.6494e+00,  4.9683e-01, -5.6445e-01, -5.8594e-01,  3.0835e-01])"", ""class"": ""BatchNorm2d"", ""eps"": 0.001}",multi,"[[1, 256, 20, 20]]",,,819200,3.029,24428,0.1219,5.115363,3.583053,0.436946,67.0,68.6,2400020480,2400027136,503,False,,
b17427f458e7c17c,Conv2d,"{""bias"": null, ""class"": ""Conv2d"", ""dilation"": [1, 1], ""groups"": 1, ""in_channels"": 128, ""kernel_size"": [1, 1], ""out_channels"": 256, ""padding"": [0, 0], ""stride"": [1, 1]}",multi,"[[1, 128, 20, 20]]",,13107200,614400,3.029,3182,0.936,4.994195,3.461886,3.240386,66.4,68.1,2400020480,2400023808,454,False,,
67c19df403e421ad,BatchNorm2d,"{""bias"": ""Parameter containing:\ntensor([ 6.1719e-01, -3.3691e-02,  2.8809e-01,  2.7393e-01, -1.1041e-01,  1.0181e-01,  3.9136e-01,  5.8252e-01,  5.5225e-01, -6.7725e-01,  2.2754e-01, -2.4182e-01,  4.9316e-01, -1.7407e-01,  1.1145e-01, -8.7158e-01, -1.8486e+00, -3.9575e-01, -7.2559e-01,  2.6880e-01, -1.1221e+00,  6.6309e-01,  5.2246e-01, -4.8853e-01,\n        -4.2529e-01,  1.6809e-01,  2.0337e-01, -5.1758e-01,  6.6309e-01, -2.3657e-01, -4.5459e-01, -3.6865e-01,  1.9157e-04, -1.4269e-04,  9.3341e-05,  1.7703e-04, -4.8101e-05,  1.8299e-05, -1.0037e-04,  1.9097e-04,  1.2398e-04,  2.6822e-05,  1.3673e-04, -8.2374e-05,  6.4611e-05, -6.8486e-05,  1.2326e-04, -2.3520e-04,\n        -4.1461e-04, -1.1176e-04, -1.1694e-04,  2.0659e-04, -3.2806e-04,  1.6069e-04,  1.2958e-04,  6.5625e-05, -3.1710e-05, -1.3196e-04, -6.9916e-05, -1.7762e-04,  2.0552e-04, -5.8174e-05, -1.4031e-04, -1.6499e-04, -1.8506e-01, -1.2283e-02,  9.8694e-02,  6.2317e-02, -1.4801e-02, -1.7456e-01, -1.7444e-01, -7.6538e-02,\n         5.1172e-01,  2.5830e-01,  1.7334e-02, -1.0364e-01,  3.0347e-01,  3.7964e-01,  3.9648e-01,  2.9938e-02,  4.1382e-02, -8.0505e-02, -9.6191e-02, -8.4473e-01,  1.8402e-02,  1.3562e-01, -4.1077e-02,  9.0866e-03, -4.4861e-02,  1.8341e-02,  1.6211e-01,  8.8684e-02,  1.0498e-01,  5.3680e-02, -1.1359e-01, -1.5833e-01,\n         2.2900e-01,  9.5520e-03, -4.2651e-01, -4.8926e-01,  1.2352e-02, -4.1211e-01,  2.9370e-01, -2.7783e-01,  6.1188e-02,  2.5787e-02,  2.1439e-02,  1.3684e-01, -9.5520e-02,  5.3894e-02, -8.7219e-02, -8.5107e-01,  3.3325e-01, -7.5342e-01,  4.2572e-02, -1.2219e-01,  1.3367e-01,  2.3453e-02,  1.6235e-01, -8.5449e-01,\n         6.4148e-02,  1.3818e-01, -2.6074e-01,  5.2051e-01, -1.0126e-01, -1.4191e-02,  2.3499e-01, -2.5345e-02,  3.6230e-01, -3.2544e-01, -1.0049e+00, -1.5503e-01,  7.0435e-02,  9.7266e-01,  1.0651e-01,  1.8042e-01,  1.6162e-01,  5.3711e-01, -4.1919e-01,  4.5166e-01,  6.1719e-01,  3.8727e-02, -1.0361e+00,  2.2339e-01,\n         2.8271e-01, -1.5955e-01,  2.8369e-01, -7.1436e-01, -4.7705e-01,  9.4238e-01,  1.3000e-01,  2.4719e-02, -2.6914e+00, -3.5645e-01, -2.3438e-01,  3.8843e-01,  4.9683e-01, -4.7510e-01,  5.6250e-01, -4.8462e-01,  3.0816e-05, -4.9067e-04, -1.1033e-04, -2.9230e-04,  3.9458e-04, -2.5034e-06, -3.8886e-04, -5.3263e-04,\n         5.1081e-05, -3.4094e-05, -4.3559e-04,  3.0017e-04, -1.9121e-04,  3.2496e-04,  1.1665e-04, -2.1160e-05, -3.3855e-04,  4.1246e-05,  5.0068e-06,  5.5611e-05, -5.6148e-05,  2.6011e-04,  3.3784e-04, -2.1672e-04, -1.2579e-03, -5.3287e-05, -4.7183e-04,  1.6487e-04,  1.6892e-04, -1.0419e-04,  3.1471e-04, -1.1963e-04,\n         2.9938e-02, -1.4014e-01,  3.6011e-01,  1.3916e-02, -2.2949e-01, -4.6814e-02,  7.0508e-01,  2.2974e-01,  2.2791e-01,  6.8207e-03, -4.2578e-01, -1.6028e-01,  1.8280e-02, -6.2561e-02,  2.8580e-02,  1.6418e-01, -5.8350e-02, -4.7729e-02,  7.1655e-02, -1.7358e-01,  1.2317e-01,  1.4404e-01, -6.5674e-02,  5.9547e-03,\n        -7.1289e-02,  1.3538e-01,  7.4043e-03,  2.7237e-02,  1.0608e-01, -5.1331e-02,  1.4941e-01,  4.8920e-02, -6.0349e-03,  1.0077e-01, -1.6150e-01,  4.6411e-01, -1.3025e-01,  9.6252e-02,  1.7783e+00,  5.0659e-02,  2.1948e-01, -9.3506e-02, -2.3889e-01,  1.3538e-01,  9.5764e-02,  1.0632e-01,  2.1362e-02,  1.1029e-01,\n         4.2212e-01, -3.8269e-02,  4.9324e-03,  1.2054e-01, -5.8350e-01,  1.3196e-01, -8.4534e-02, -1.9852e-02, -7.2314e-01,  5.8447e-01, -2.7893e-02,  2.3242e-01,  1.8091e-03,  1.5312e-02, -2.2131e-01, -1.6516e-01])"", ""class"": ""BatchNorm2d"", ""eps"": 0.001}",multi,"[[1, 256, 20, 20]]",,,819200,3.029,23808,0.125,5.094486,3.562177,0.445428,68.1,67.5,2400027136,2400030464,499,False,,
6a1a4bd11d362b86,Identity,"{""class"": ""Identity""}",multi,"[[1, 256, 20, 20]]",,,819200,3.029,204201,0.0146,2.80744,1.275131,0.018596,67.0,62.0,2400030464,2400033792,79,False,,
006888e6ac24292d,BatchNorm2d,"{""bias"": ""Parameter containing:\ntensor([ 2.0659e-04,  2.3270e-04,  1.3232e-05,  1.2755e-05, -3.9697e-05,  1.1420e-04, -5.7220e-06,  2.2650e-06,  6.1512e-05,  3.4928e-05, -1.2517e-05, -2.5630e-05, -1.2290e-04, -6.3241e-05,  7.4267e-05, -2.5392e-05, -1.1933e-04,  1.3208e-04, -5.1081e-05,  5.7220e-05, -1.2529e-04,  6.7353e-06,  4.0412e-05,  3.0518e-05,\n         7.6234e-05,  7.8976e-05, -1.6034e-04, -7.4804e-05, -1.1390e-04,  1.1289e-04,  3.5524e-05,  6.4611e-05,  7.9215e-05,  3.8862e-05, -4.8280e-05,  5.6744e-05, -1.0210e-04,  1.7703e-04,  1.1122e-04,  1.7643e-05,  1.0985e-04,  1.5593e-04,  1.4973e-04, -4.5896e-05,  1.3971e-04,  9.1612e-05,  8.3745e-05, -3.6597e-05,\n         6.4611e-05, -3.5703e-05, -9.8050e-05, -5.5432e-05,  3.6240e-05, -7.8142e-05,  1.1462e-04, -4.5419e-05, -5.8532e-05, -1.0443e-04,  1.1700e-04,  2.6846e-04,  6.8367e-05,  4.1544e-05, -8.1837e-05, -1.1802e-05, -1.0788e-04, -8.3745e-05, -1.0401e-04, -2.6107e-05, -6.7592e-05,  9.7573e-05,  3.2485e-05,  1.8001e-05,\n        -1.8954e-04, -8.1778e-05, -1.2398e-05, -9.0599e-05,  8.1956e-05,  4.5240e-05, -1.0449e-04,  2.6524e-05, -3.8147e-05, -8.4460e-05,  1.2374e-04, -5.3525e-05, -1.0252e-05,  2.1517e-05,  1.6570e-05,  3.6836e-05, -1.6093e-06, -4.1127e-05,  4.8339e-05,  6.2585e-06,  4.5419e-05,  2.1160e-05, -1.8835e-05, -9.2924e-05,\n        -5.9783e-05,  1.1629e-04,  4.4465e-05,  1.9765e-04, -1.6046e-04,  9.9540e-06, -3.0935e-05, -4.6790e-05, -7.8499e-05,  5.1737e-05,  5.5313e-05, -1.9979e-04,  1.8716e-05, -8.2850e-06, -4.2260e-05, -1.6582e-04,  9.5367e-05,  1.3125e-04,  5.1260e-06,  8.2195e-05,  1.6761e-04, -1.6451e-05,  1.4555e-04,  7.1585e-05,\n        -2.0790e-04,  5.6684e-05, -6.9559e-05, -1.2326e-04,  1.4913e-04, -5.6863e-05,  4.5121e-05,  4.6849e-05])"", ""class"": ""BatchNorm2d"", ""eps"": 0.001}",multi,"[[1, 128, 20, 20]]",,,409600,3.03,27567,0.1081,4.725164,3.192855,0.344989,62.6,64.8,2400030464,2400030464,540,False,,
040a03fffb67230a,Identity,"{""class"": ""Identity""}",multi,"[[1, 128, 20, 20]]",,,409600,3.029,203743,0.0146,2.779261,1.246951,0.018226,64.8,60.9,2400017408,2400023808,79,False,,
bb387b08bc38623c,Conv2d,"{""bias"": null, ""class"": ""Conv2d"", ""dilation"": [1, 1], ""groups"": 128, ""in_channels"": 128, ""kernel_size"": [3, 3], ""out_channels"": 128, ""padding"": [1, 1], ""stride"": [1, 1]}",multi,"[[1, 128, 20, 20]]",,460800,409600,3.03,6628,0.4496,5.04647,3.51416,1.580029,60.9,65.3,2400033792,2400027136,492,False,,
c3846d80f78ff2eb,BatchNorm2d,"{""bias"": ""Parameter containing:\ntensor([-7.0691e-05, -4.2677e-05,  2.2769e-05,  8.9288e-05, -7.3195e-05,  4.1187e-05,  3.0220e-05, -7.4983e-05, -1.4222e-04, -2.5153e-04,  1.8358e-04,  2.2519e-04,  1.4424e-04,  5.6803e-05, -5.1856e-06, -8.0049e-05,  9.0837e-05,  9.8050e-05, -1.3590e-05, -3.1590e-05, -4.6074e-05,  1.0610e-04,  3.2961e-05, -2.5630e-05,\n         1.5676e-05, -9.8586e-05, -5.4836e-05, -5.9664e-05,  1.5330e-04, -1.1396e-04, -1.7047e-04, -3.7074e-05,  3.7909e-05, -8.9526e-05, -1.9550e-05, -1.1587e-04,  3.2663e-05,  1.3387e-04, -2.1875e-05,  5.7817e-06,  8.4281e-05, -2.8312e-05, -5.4300e-05,  5.2571e-05,  3.2842e-05,  1.5438e-04,  1.3077e-04,  1.7834e-04,\n         3.3712e-04, -1.7786e-04,  1.0115e-04,  1.3423e-04, -3.3081e-05,  7.1704e-05,  6.9141e-06, -1.0204e-04,  1.9312e-05,  6.5565e-05,  4.2558e-05,  3.3915e-05,  1.5461e-04, -4.1187e-05,  9.3699e-05,  6.0022e-05, -3.1531e-05, -1.2088e-04,  1.0508e-04,  8.7500e-05,  3.1650e-05, -1.0586e-04,  1.2946e-04,  3.1352e-05,\n         7.0632e-05, -5.9605e-08,  1.0449e-04,  1.5867e-04, -5.7220e-05,  4.3094e-05, -1.3304e-04, -8.4281e-05, -4.5121e-05, -6.5863e-05,  1.6034e-05,  4.2975e-05, -1.3769e-04,  5.9783e-05,  1.7297e-04,  1.6654e-04, -5.2929e-05,  9.1195e-05, -7.7069e-05, -4.0472e-05,  5.0724e-05, -1.4126e-05,  1.7178e-04, -6.9737e-05,\n        -1.5366e-04,  1.4782e-05, -9.9003e-05, -6.7472e-05,  7.9274e-06,  1.0252e-05,  6.2585e-06, -1.1802e-05,  1.7309e-04,  9.0480e-05,  5.5671e-05,  3.6097e-04,  1.0067e-04,  1.1504e-05,  6.6102e-05, -2.6882e-05, -6.7353e-06, -1.1128e-04,  4.2677e-05, -8.0764e-05,  1.7428e-04,  2.3246e-06, -2.4533e-04,  2.1267e-04,\n         4.3511e-06, -2.2054e-05,  5.5432e-06,  4.4107e-06,  1.0669e-05, -8.4341e-05,  1.5676e-04, -7.4506e-05])"", ""class"": ""BatchNorm2d"", ""eps"": 0.001}",multi,"[[1, 128, 20, 20]]",,,409600,3.03,33019,0.0902,4.979787,3.447478,0.31088,64.8,66.4,2400033792,2400020480,454,False,,
792d709a7db5655c,BatchNorm2d,"{""bias"": ""Parameter containing:\ntensor([-1.4219, -1.6172, -0.9580, -1.5234, -1.4775, -1.6133, -1.4785, -1.5195, -1.4922, -1.7090, -1.3750, -1.1533, -1.2441, -1.8896, -1.4189, -1.2637, -1.6104, -1.2383, -1.6465, -1.1670, -1.6182, -0.5366, -1.5459, -1.2402, -1.1836, -1.6328, -1.0625, -1.3154, -1.4033, -1.5371, -1.5918, -1.3838, -1.7842, -1.1855,\n        -1.7598, -1.4443, -1.2744, -1.1895, -1.4756, -1.4111, -1.3359, -1.4053, -1.9053, -1.7861, -1.4834, -1.4941, -1.2451, -1.3447, -1.5850, -1.2461, -1.7842, -1.8350, -2.4141, -1.3691, -1.6768, -1.5186, -1.6729, -1.4854, -2.3730, -1.6406, -1.4189, -1.2734, -1.4414, -1.4590, -1.3008, -1.2861, -1.3672, -1.0420,\n        -1.6768, -1.5293, -1.5186, -1.2910, -1.4697, -1.6592, -1.5869, -1.7998, -1.6768, -1.4229, -1.7559, -1.2715, -1.3408, -1.6553, -1.7812, -1.7100, -1.6348, -1.2891, -1.4971, -1.2793, -1.5645, -1.4434, -1.3496, -1.8984, -1.7324, -1.8438, -1.8447, -1.5674, -1.7168, -1.4443, -1.6328, -1.4346, -1.6035, -1.5635,\n        -1.2539, -1.3330, -1.2471, -1.4189, -1.4746, -1.4268, -1.6895, -1.5410, -1.1875, -1.8428, -1.2236, -1.4102, -2.1602, -1.2871, -1.2207, -1.4619, -1.6836, -1.8496, -1.4580, -1.5215, -1.8174, -1.6357, -1.2607, -1.6826, -1.7188, -1.5020, -1.3975, -1.3730, -2.0664, -1.5850, -1.7051, -1.3955, -2.0039, -1.3672,\n        -1.5312, -1.7656, -1.6670, -1.3896, -1.3223, -2.1992, -1.5859, -1.8193, -1.3467, -1.6455, -1.5303, -1.3486, -1.3105, -1.6953, -1.5898, -1.4004, -1.6650, -1.2539, -1.4805, -1.6094, -1.5898, -1.1221, -1.5332, -1.3379, -1.7617, -1.6885, -1.5586, -1.5469, -1.9688, -1.3066, -1.9053, -1.5312, -1.3750, -1.4287,\n        -1.5713, -1.4873, -1.6455, -1.5811, -1.3408, -1.4570, -1.4033, -1.2197, -1.4883, -1.3467, -1.4004, -1.6318, -1.2344, -1.4551, -1.5293, -1.2705, -1.2510, -1.7090, -1.3486, -0.9844, -1.4600, -1.5576, -1.7627, -1.2695, -1.8809, -1.8662, -0.8569, -1.6016, -1.5957, -1.1494, -1.3789, -1.5352, -1.6113, -1.2861,\n        -1.9961, -1.6768, -1.1582, -1.5928, -1.4219, -1.2578, -1.6396, -1.5264, -1.6035, -1.6074, -1.5518, -1.5000, -1.5488, -1.2783, -1.8164, -1.5117, -1.5752, -1.3271, -1.5020, -1.5371, -1.3916, -1.4941, -1.5459, -1.6592, -1.7236, -1.8779, -1.1719, -0.9912, -1.5449, -1.4443, -1.3779, -1.3965, -1.8496, -1.3135,\n        -1.4492, -1.5361, -1.1914, -1.4062, -1.8652, -1.3535, -1.4189, -1.1855, -1.6514, -1.4072, -1.0752, -1.6201, -1.3057, -1.2275, -1.7207, -1.4150, -1.6611, -1.3340])"", ""class"": ""BatchNorm2d"", ""eps"": 0.001}",multi,"[[1, 256, 20, 20]]",,,819200,3.03,27529,0.1082,5.325719,3.793409,0.41048,66.4,68.1,2400033792,2400030464,446,False,,
3cad78d560484300,BatchNorm2d,"{""bias"": ""Parameter containing:\ntensor([ 9.4175e-05,  1.7297e-04,  4.2081e-05,  1.1009e-04, -1.7464e-05,  9.2566e-05,  2.1696e-05, -3.9220e-05, -1.0490e-05,  4.1723e-05, -4.6492e-06, -2.5511e-05, -5.9247e-05,  3.6359e-06,  7.0691e-05, -3.7313e-05, -7.3671e-05,  1.2374e-04, -2.6405e-05,  5.2214e-05, -5.6624e-05,  6.1393e-06,  8.3983e-05,  6.2823e-05,\n         5.6326e-05,  5.0664e-06, -8.7023e-05, -7.3314e-06,  5.2452e-06,  7.8619e-05, -5.4538e-05,  2.7239e-05,  8.4877e-05, -2.2054e-06, -7.9930e-05,  7.8201e-05,  1.1027e-05,  4.4823e-05,  7.8261e-05,  6.8009e-05, -6.9320e-05,  1.3804e-04,  1.2147e-04, -8.1599e-05,  1.0186e-04,  2.0146e-05,  7.6234e-05, -3.3498e-05,\n         2.6882e-05, -1.7524e-05, -4.5478e-05,  3.6538e-05,  2.9802e-05, -6.8247e-05, -2.2233e-05,  7.0930e-06, -1.9670e-05, -9.1195e-05,  9.1195e-05,  1.0896e-04,  9.8348e-06,  7.9274e-06, -7.9870e-05, -4.1008e-05, -3.7193e-05, -3.8564e-05, -5.6446e-05,  1.6809e-05, -3.7670e-05, -3.8803e-05, -1.0133e-05,  7.6294e-06,\n        -9.1195e-05, -3.1292e-05, -6.7830e-05,  1.3053e-05,  8.3447e-07,  8.0764e-05, -1.0777e-04, -4.3929e-05, -1.2600e-04, -5.7340e-05,  1.4424e-04, -3.5703e-05,  1.9073e-05,  1.8358e-05, -2.7835e-05, -1.0276e-04,  3.5346e-05, -9.3639e-05, -3.0279e-05,  4.3333e-05,  9.2268e-05,  5.4359e-05, -6.4135e-05, -6.8307e-05,\n         2.7895e-05,  9.6560e-05, -7.5877e-05,  8.0347e-05, -2.1064e-04, -1.4961e-05, -1.7703e-05, -2.6882e-05, -3.9458e-05,  2.2054e-06, -1.4901e-05, -7.5400e-05, -1.0490e-05, -2.8849e-05, -5.7638e-05, -8.2135e-05,  7.3552e-05,  9.4771e-05,  3.0220e-05,  3.6120e-05,  1.2624e-04, -3.4451e-05,  1.0860e-04,  1.9968e-05,\n        -1.3041e-04,  7.0930e-06,  2.7239e-05,  9.4175e-06,  5.8651e-05, -1.6689e-05,  3.3081e-05, -4.2439e-05])"", ""class"": ""BatchNorm2d"", ""eps"": 0.001}",multi,"[[1, 128, 20, 20]]",,,409600,3.03,30203,0.0986,4.845761,3.313451,0.326788,66.4,67.0,2400030464,2400027136,491,False,,
93c5d930f57eefe9,Upsample,"{""class"": ""Upsample""}",multi,"[[1, 256, 20, 20]]",,,2048000,3.03,1265,2.3559,4.385347,2.853037,6.721541,65.3,66.4,2400027136,2400020480,443,False,,
0cd094669177a78c,Concat,"{""class"": ""Concat""}",multi,"[[1, 256, 40, 40], [1, 128, 40, 40]]",,,4915200,3.03,7537,0.3953,4.382623,2.850313,1.12674,65.3,67.0,2400027136,2400023808,477,False,,
9f83a90ac7d8074c,Conv2d,"{""bias"": null, ""class"": ""Conv2d"", ""dilation"": [1, 1], ""groups"": 1, ""in_channels"": 384, ""kernel_size"": [1, 1], ""out_channels"": 128, ""padding"": [0, 0], ""stride"": [1, 1]}",multi,"[[1, 384, 40, 40]]",,78643200,3276800,3.032,778,3.8325,5.279515,3.747205,14.360999,64.8,67.0,2400027136,2400023808,465,False,,
0129d6e12b70c704,BatchNorm2d,"{""bias"": ""Parameter containing:\ntensor([-0.8496,  0.1647, -0.1719, -0.3984, -0.2791,  0.4907,  1.7344, -1.0732,  0.8438, -0.2358, -2.3887, -0.7495, -0.3542, -0.3738,  0.1322, -0.4905, -1.3311,  0.4492, -0.9839, -1.9893,  0.3784,  1.4727,  0.8257,  1.0742, -0.3896, -0.5693, -0.5122, -1.5410,  1.4033, -0.3308, -0.3750, -0.7900,  1.7568, -1.0908,\n        -0.9502, -0.2534,  0.0891, -0.2632, -0.4233, -0.5215, -0.3738, -1.7764, -0.0643, -0.2810, -0.6567, -0.2649, -0.3271,  0.4810, -1.5596, -1.0020,  0.9131,  1.3418,  0.3628, -0.6611,  0.0996,  0.8218,  0.2903,  1.7227,  0.9097, -0.5864,  1.7510,  0.6973, -1.3193, -0.2260,  0.2306,  0.4114, -0.8608, -0.6406,\n         0.4099, -1.1357, -1.0508, -1.9824, -0.4373, -0.6758,  0.7778,  0.0170, -0.8037,  0.8799, -1.5391, -0.5850, -0.9854, -0.3501,  0.3469,  0.0345, -1.4570, -0.6812, -1.6133,  0.2310, -0.5884, -0.8418, -0.3381,  0.6987, -0.9365,  1.2920, -1.0938, -1.1182, -1.0430, -0.8999, -0.6782, -0.9370,  1.5078, -2.2207,\n        -0.0222, -0.6035, -1.1729, -0.6055,  0.3467,  0.0418, -0.6567,  1.2705, -0.6177,  0.6138, -0.9424, -0.9775,  1.2256, -1.4238, -0.7407, -0.6934, -0.8022, -1.2646, -1.0146, -1.0576, -0.5469, -0.0376, -0.6836,  0.4224, -1.0742, -0.4326])"", ""class"": ""BatchNorm2d"", ""eps"": 0.001}",multi,"[[1, 128, 40, 40]]",,,1638400,3.03,19516,0.1526,5.510172,3.977862,0.60718,67.5,68.1,2400033792,2400027136,459,False,,
b2ec5de50c4f151f,BatchNorm2d,"{""bias"": ""Parameter containing:\ntensor([-0.3425, -1.1670, -0.4507, -0.6313, -0.5703, -0.0816, -0.0937, -1.4482,  0.5723,  0.0048, -0.6650,  0.5347,  0.2334, -0.5381, -0.4553, -0.4910,  0.6436, -0.8228, -0.3904,  0.1454, -1.0830, -0.5947, -0.9849, -0.8931, -0.3101, -0.6187,  0.5195, -0.5874,  0.4143, -2.3008, -1.2666,  0.5308,  0.3042, -0.6553,\n         0.2117,  0.9009,  1.3643, -0.6758, -0.3225, -0.1282, -0.2024, -0.0470, -0.7612, -0.5093, -0.0110, -1.1836,  0.5981, -1.8623, -0.1813, -1.1875, -0.4302,  0.3320, -0.2136,  0.8560, -1.0928,  0.4941, -0.1111, -0.2131, -0.6846,  1.0928,  0.7969,  0.0092, -0.8545, -1.1240, -1.4014, -0.8608, -0.0682, -0.2615,\n        -0.8784, -1.6924, -0.1458, -1.4492, -0.4045,  0.6431,  0.0238, -0.2328, -1.1699, -0.3008, -0.3357,  0.2211, -0.5420, -0.8823,  0.3938, -1.1553,  0.5220, -1.1055,  0.6362, -0.8560, -0.2435, -0.1815, -0.6216,  0.2576, -0.8560,  0.9146, -0.9731, -0.9106, -1.0547,  0.9092, -0.2925, -0.6938,  0.9507, -0.4341,\n         0.2917,  0.4919, -0.3928,  0.8086, -1.1318, -0.6289, -0.0130,  0.4561, -0.0666, -0.7969, -0.7319, -1.3105, -1.1465, -0.0127,  0.2812, -0.4521, -0.3838,  0.6113,  0.0944, -0.0676, -0.2761, -1.3330, -0.3252,  0.5439, -0.1823, -0.1700])"", ""class"": ""BatchNorm2d"", ""eps"": 0.001}",multi,"[[1, 128, 40, 40]]",,,1638400,3.031,18465,0.1613,5.431027,3.898718,0.628991,67.0,68.6,2400023808,2400020480,449,False,,
a4942e27d040c16f,Conv2d,"{""bias"": null, ""class"": ""Conv2d"", ""dilation"": [1, 1], ""groups"": 1, ""in_channels"": 64, ""kernel_size"": [3, 3], ""out_channels"": 32, ""padding"": [1, 1], ""stride"": [1, 1]}",multi,"[[1, 64, 40, 40]]",,29491200,614400,3.031,3031,0.9833,5.667308,4.134998,4.065833,68.1,69.7,2400023808,2400020480,499,False,,
d5b868e8a9f81551,BatchNorm2d,"{""bias"": ""Parameter containing:\ntensor([ 0.8638,  1.1357,  0.4231, -0.6040, -0.5308,  0.6055, -1.3438, -0.9106,  0.0475, -0.9053,  1.3457, -0.0098,  0.5581,  1.1592,  1.5859, -0.4370,  0.4485,  0.2111,  0.0096, -1.1895, -0.0366, -1.2061,  0.3489,  0.1757,  1.7139,  0.0441, -0.0149,  0.2737, -0.0605, -0.0892, -0.7095,  1.5664])"", ""class"": ""BatchNorm2d"", ""eps"": 0.001}",multi,"[[1, 32, 40, 40]]",,,409600,3.034,31787,0.0937,4.978137,3.445827,0.322721,68.1,67.0,2400030464,2400017408,495,False,,
138908762da56eae,Conv2d,"{""bias"": null, ""class"": ""Conv2d"", ""dilation"": [1, 1], ""groups"": 1, ""in_channels"": 32, ""kernel_size"": [3, 3], ""out_channels"": 64, ""padding"": [1, 1], ""stride"": [1, 1]}",multi,"[[1, 32, 40, 40]]",,29491200,614400,3.031,2797,1.0656,6.098685,4.566375,4.866013,66.4,68.6,2400033792,2400033792,482,False,,
02b75de65a6e272d,BatchNorm2d,"{""bias"": ""Parameter containing:\ntensor([-0.1898, -0.1752,  0.0058, -2.1465, -0.5420,  0.2666, -0.3008,  0.3479, -0.2073, -0.4592, -0.8442,  0.2783, -0.3201,  0.1973, -0.0212,  1.0400, -0.6841, -1.0010, -0.3860,  1.1494,  0.0294,  0.0123, -0.7207,  0.1533, -0.3889, -0.7510,  1.4648, -0.1456, -0.2449,  0.9248,  0.6108, -0.1807,  0.6118,  0.2084,\n        -0.5991,  0.4824,  0.4526, -0.4275, -0.4302,  1.0205,  0.0236,  2.5312,  0.8008,  2.1152, -0.7588,  0.4385, -0.0914,  0.1980,  0.1216, -0.5742,  1.9873, -0.2297, -0.4617, -0.1062, -0.7612,  1.3799,  0.0558, -0.5771, -0.2717,  0.0214, -0.3464,  1.0605, -0.1049, -0.1560])"", ""class"": ""BatchNorm2d"", ""eps"": 0.001}",multi,"[[1, 64, 40, 40]]",,,819200,3.032,27703,0.1075,5.351071,3.818761,0.4104,67.5,67.5,2400020480,2400017408,442,False,,
b284f397df75eed7,Upsample,"{""class"": ""Upsample""}",multi,"[[1, 128, 40, 40]]",,,4096000,3.032,5976,0.4988,5.44569,3.913381,1.9519,67.0,69.7,2400033792,2400030464,465,False,,
26a5de1e36be6039,Concat,"{""class"": ""Concat""}",multi,"[[1, 128, 80, 80], [1, 128, 80, 80]]",,,13107200,3.031,3510,0.849,4.464342,2.932033,2.489401,68.6,65.9,2400030464,2400030464,440,False,,
4b2a826d6dc700ad,Conv2d,"{""bias"": null, ""class"": ""Conv2d"", ""dilation"": [1, 1], ""groups"": 1, ""in_channels"": 256, ""kernel_size"": [1, 1], ""out_channels"": 64, ""padding"": [0, 0], ""stride"": [1, 1]}",multi,"[[1, 256, 80, 80]]",,104857600,8192000,3.035,384,7.768,4.496215,2.963905,23.023606,67.5,67.0,2400023808,2400033792,441,False,,
8cc6ebee4954d882,BatchNorm2d,"{""bias"": ""Parameter containing:\ntensor([ 1.9531,  0.4077,  1.4785,  0.9009, -0.8794,  0.7900,  0.4404,  0.3147,  2.1328,  0.0110,  0.8975,  0.4690,  0.6533,  0.7856,  1.5830,  1.7529, -0.0197,  0.6836,  0.1431,  0.3718,  0.4822,  0.9243,  2.8887, -0.1166,  0.3459,  1.4912,  1.6025,  1.1846,  1.1406,  0.2549,  1.1973,  0.4111, -0.4336, -0.2954,\n        -0.5317, -0.1107,  0.0029, -0.6416,  1.0488,  0.3179,  0.3372, -0.0583,  1.0254, -2.5352, -0.8564, -0.6235, -0.6963, -0.1644,  0.4377, -0.4045, -0.1172, -0.7769,  1.1074, -0.6602, -0.3945,  0.3403, -0.6333, -2.0664,  0.9604,  0.1746,  0.3079, -1.0127, -0.2788, -0.7920])"", ""class"": ""BatchNorm2d"", ""eps"": 0.001}",multi,"[[1, 64, 80, 80]]",,,3276800,3.031,5815,0.5125,5.340888,3.808579,1.951964,65.3,67.5,2400017408,2400030464,453,False,,
936a6f8c147903ef,Conv2d,"{""bias"": null, ""class"": ""Conv2d"", ""dilation"": [1, 1], ""groups"": 1, ""in_channels"": 96, ""kernel_size"": [1, 1], ""out_channels"": 64, ""padding"": [0, 0], ""stride"": [1, 1]}",multi,"[[1, 96, 80, 80]]",,39321600,4096000,3.036,811,3.67,4.345814,2.813504,10.325656,67.0,65.9,2400033792,2400020480,466,False,,
25b5a7f852b147bd,BatchNorm2d,"{""bias"": ""Parameter containing:\ntensor([-0.4602,  1.2002,  1.2754,  0.3220,  0.9609,  0.7529,  0.0772, -0.2710, -0.4927,  0.7905, -0.3909,  1.4111,  0.6689,  0.9189,  0.0091, -0.1562, -0.8271,  0.2583, -0.4414,  0.1281, -0.6245, -0.9541,  1.3770, -0.6201, -0.1471,  0.1713, -1.1807,  0.8931,  0.8677,  0.8564,  0.5376,  0.5840, -0.1345,  0.7485,\n        -0.6885,  1.0000,  0.7500,  1.3730,  0.4004,  0.0062, -0.4893, -0.6309,  1.3027, -1.3623,  1.0811, -0.8296,  0.8931, -0.4006, -0.5278,  0.1460,  0.2681,  0.9897,  0.6284, -0.3896,  0.2710, -0.1819,  1.0889, -1.1162,  0.6338,  0.6895,  0.9502, -0.8945, -0.7832,  0.4751])"", ""class"": ""BatchNorm2d"", ""eps"": 0.001}",multi,"[[1, 64, 80, 80]]",,,3276800,3.036,11842,0.2516,5.64932,4.11701,1.035859,65.9,68.1,2400033792,2400027136,422,False,,
f27b32b488bce10b,BatchNorm2d,"{""bias"": ""Parameter containing:\ntensor([-0.0360, -0.7588, -0.1254, -0.0394, -0.5410, -0.3318,  1.1436,  0.7075, -0.8516, -0.3311, -0.0653, -0.3521, -0.3193, -0.0544, -0.2390,  1.0830])"", ""class"": ""BatchNorm2d"", ""eps"": 0.001}",multi,"[[1, 16, 80, 80]]",,,819200,3.032,21572,0.1381,4.810765,3.278455,0.452726,67.0,67.0,2400020480,2400030464,531,False,,
52f7b4271d20f797,BatchNorm2d,"{""bias"": ""Parameter containing:\ntensor([ 0.9937, -0.3440,  2.4902,  0.2688,  1.5947,  0.0396,  0.5327,  0.0558, -0.7017,  0.6802, -0.3655,  0.5518, -0.0315,  0.2396, -0.4294, -0.7476,  1.3633, -0.3008, -0.8501,  0.2859,  0.6304, -0.8408,  0.0955,  0.4883,  0.1138, -1.0576,  1.9385,  0.0775,  0.0047,  0.0491, -0.5981, -0.7017])"", ""class"": ""BatchNorm2d"", ""eps"": 0.001}",multi,"[[1, 32, 80, 80]]",,,1638400,3.032,19687,0.1513,5.515447,3.983138,0.602843,65.9,68.1,2400030464,2400027136,447,False,,
dafcc4b06ca4275c,Conv2d,"{""bias"": null, ""class"": ""Conv2d"", ""dilation"": [1, 1], ""groups"": 1, ""in_channels"": 64, ""kernel_size"": [3, 3], ""out_channels"": 64, ""padding"": [1, 1], ""stride"": [2, 2]}",multi,"[[1, 64, 80, 80]]",,58982400,2048000,3.034,1408,2.1175,5.305624,3.773314,7.990064,67.5,68.6,2400017408,2400023808,524,False,,
c9b5eb96f962b37b,BatchNorm2d,"{""bias"": ""Parameter containing:\ntensor([-0.9229, -1.0166, -0.9062, -0.9595, -0.9111, -0.2664, -1.0352,  0.9326, -0.8110, -0.8701, -0.8174, -0.7236, -1.0205, -0.5435, -0.2372, -0.6187, -0.4211, -0.7129, -0.6475, -0.4109, -1.1025, -0.3267, -0.6753, -0.6226, -0.9795, -1.0449, -0.3127, -0.6172, -0.5977, -0.6338,  0.1180, -0.1141, -0.3335, -0.7310,\n        -0.5581, -0.3152, -0.9810, -1.1064, -0.4585, -0.9160, -0.0031, -0.7720, -0.4888, -0.7969,  0.4639, -1.0088, -0.4673,  1.3379, -1.0244, -0.2324, -0.6890, -0.5146, -0.5068, -1.4326, -0.4453,  0.2644, -0.5200,  0.3779, -0.6362,  0.6758, -0.5986, -0.3062, -0.5625, -1.0010])"", ""class"": ""BatchNorm2d"", ""eps"": 0.001}",multi,"[[1, 64, 40, 40]]",,,819200,3.032,22407,0.1329,5.172117,3.639807,0.483882,68.1,68.6,2400033792,2400033792,466,False,,
0c744be3ab4636b8,Concat,"{""class"": ""Concat""}",multi,"[[1, 64, 40, 40], [1, 128, 40, 40]]",,,2457600,3.033,13579,0.2194,4.637772,3.105463,0.681373,68.6,67.0,2400023808,2400020480,460,False,,
2588488fc1ae363c,BatchNorm2d,"{""bias"": ""Parameter containing:\ntensor([-3.1616e-01,  6.5332e-01,  4.0710e-02, -7.7454e-02,  1.8750e-01, -8.1482e-02, -3.8306e-01,  2.1210e-02, -9.9512e-01, -6.2609e-04,  1.1926e-01,  7.7832e-01,  1.2231e-01,  5.0928e-01,  4.0649e-01,  7.3853e-02,  8.9062e-01, -3.2349e-01, -5.5518e-01, -7.8125e-01,  3.4180e-01,  4.8340e-01, -3.1030e-01,  6.8018e-01,\n         5.2261e-03, -4.2145e-02,  1.0492e-01,  3.9746e-01, -1.1406e+00, -4.9878e-01,  3.3057e-01,  2.6123e-01, -1.0510e-01,  7.3425e-02, -8.5693e-01,  4.9477e-03, -3.0420e-01, -2.6367e-01, -1.7502e-02, -1.0088e+00, -2.0081e-01,  1.4294e-01,  3.8428e-01,  4.0625e-01,  1.7395e-01,  7.6904e-01,  3.4399e-01,  5.4199e-02,\n        -6.7432e-01, -3.4644e-01,  9.3945e-01,  1.7493e-01,  2.7130e-02,  6.7676e-01,  4.3457e-01,  3.9868e-01, -6.8909e-02, -3.5474e-01,  1.1993e-01, -2.6538e-01, -6.0107e-01,  1.6638e-01, -3.4888e-01,  1.8958e-01, -3.5571e-01, -1.0527e+00, -2.8979e-01,  1.5020e+00, -2.7295e-01, -4.0405e-01, -1.0166e+00, -1.0977e+00,\n        -4.8877e-01, -2.3096e-01, -4.3335e-01,  7.4170e-01, -1.3828e+00,  5.3955e-01,  1.4336e+00, -7.4414e-01,  1.8066e-01, -1.3486e+00, -6.0498e-01, -8.1592e-01, -1.1816e-01, -2.5366e-01, -1.0469e+00, -2.7661e-01, -3.2959e-01,  1.8774e-01, -4.0234e-01, -3.7134e-01,  1.3330e-01, -9.7754e-01, -9.9316e-01, -5.8252e-01,\n        -1.2969e+00, -1.4805e+00, -1.3926e+00, -9.7998e-01, -2.3047e+00, -1.0635e+00, -6.1523e-01, -1.0413e-01, -1.0215e+00, -7.6318e-01, -3.0225e-01, -5.0781e-01,  4.9866e-02, -2.7710e-01, -7.8906e-01, -6.6504e-01, -5.5566e-01, -1.0098e+00, -8.8916e-01,  2.0520e-01, -1.0713e+00, -3.7891e-01, -8.6084e-01, -2.7246e-01,\n        -1.6777e+00, -6.9629e-01, -7.6660e-01,  1.0193e-01, -6.5771e-01, -7.6318e-01, -7.7490e-01, -1.1774e-01])"", ""class"": ""BatchNorm2d"", ""eps"": 0.001}",multi,"[[1, 128, 40, 40]]",,,1638400,3.032,20646,0.1443,5.672731,4.140422,0.597498,65.9,68.1,2400020480,2400020480,425,False,,
8b470ae89a7852f2,BatchNorm2d,"{""bias"": ""Parameter containing:\ntensor([-0.6382, -0.8594, -0.1840, -0.6841,  0.8633, -0.8579, -0.1653, -1.0332, -0.2426,  0.2800, -0.8545, -0.8188,  0.2917,  0.0799, -0.6201, -0.7432,  0.1949,  0.5273, -0.7847, -0.3962,  0.8237,  0.2405, -0.0172,  0.2463, -0.7681, -0.9136,  0.0920,  0.3669, -0.7490, -0.9155, -0.3774, -0.6089, -2.1562, -0.8462,\n        -0.6118, -0.5972, -0.3315, -0.8296,  0.2637, -0.2469, -0.7676,  0.1981, -1.5996, -1.5205, -1.6338, -0.5996, -0.8936,  0.8350, -0.6504, -0.5688,  0.0898,  0.1851, -0.4656, -0.0820, -0.5596, -0.2993, -0.5781, -0.5674, -0.7451, -0.5542, -0.0998, -1.1025,  0.0812,  1.0459, -0.5278,  1.1045, -2.0469, -0.5288,\n         0.3176, -0.1295,  0.8042,  0.0496, -0.3877,  0.7563, -1.1250, -0.6934, -0.4304,  0.5449, -0.9043, -1.8682,  0.2839,  1.3955,  0.1359, -0.8120, -0.9292, -1.0322, -2.2500, -0.7358, -0.9248, -1.9814, -0.3940, -0.4731, -1.0967, -0.9404, -1.3438, -1.3438, -0.4277,  1.5518, -0.3433, -0.8022, -0.9395, -0.4614,\n         0.0648, -1.0127, -0.5122, -0.4246,  0.2355, -0.2350, -0.4900, -0.4885, -0.3418, -0.7446, -0.5869, -1.4307,  0.4941, -0.2463, -0.4119,  0.1597, -0.5957, -0.1539, -0.9844, -0.1401, -1.3623, -1.0391,  0.8945, -0.3887, -1.2295, -0.6582])"", ""class"": ""BatchNorm2d"", ""eps"": 0.001}",multi,"[[1, 128, 40, 40]]",,,1638400,3.032,18392,0.162,5.313125,3.780816,0.612476,68.6,68.6,2400017408,2400023808,472,False,,
337d132199fab621,BatchNorm2d,"{""bias"": ""Parameter containing:\ntensor([ 0.4080, -0.0813,  0.4946, -0.8257, -0.7891, -0.1058, -1.2793, -0.0294,  1.4336, -0.7178,  0.0762,  0.7329, -0.0885,  0.1025, -0.4670, -1.1123, -0.1075,  0.1475, -0.1595, -0.5728, -0.5361,  0.9351, -0.7856, -1.4688, -0.9858,  0.2351,  1.2764, -0.0771, -0.7402, -1.3057, -1.0859,  0.5571])"", ""class"": ""BatchNorm2d"", ""eps"": 0.001}",multi,"[[1, 32, 40, 40]]",,,409600,3.032,36554,0.0815,5.290637,3.758328,0.306266,68.1,69.2,2400033792,2400020480,425,False,,
cba477f67c91d4d5,BatchNorm2d,"{""bias"": ""Parameter containing:\ntensor([ 0.1711,  0.8184, -0.7354, -0.3044,  0.4980, -0.2815, -0.1652, -0.8584, -1.2402, -0.4055, -0.5073, -0.2169, -0.6943, -0.6694, -1.3623, -0.2251, -0.8364,  0.3464, -0.8428,  0.2469, -0.8208, -0.7920, -0.2612,  2.0605, -0.3423,  0.3257,  1.5195,  0.0796, -0.2080,  0.3921, -0.9316,  0.6270, -0.3733, -0.0858,\n         0.4329, -1.3555, -0.6562,  0.8608, -0.3020, -0.7837, -0.7285,  0.1840, -0.7769, -0.2949, -0.1996, -0.6968,  0.0807, -0.4800, -0.3733, -0.9126, -0.4177, -0.6733, -0.1022, -0.5962, -0.5918,  0.1541,  0.1361,  0.4744, -1.1348,  0.8452, -0.2612,  0.6279, -0.5874, -0.4690])"", ""class"": ""BatchNorm2d"", ""eps"": 0.001}",multi,"[[1, 64, 40, 40]]",,,819200,3.032,26918,0.1107,5.265304,3.732995,0.413095,67.5,68.1,2400030464,2400033792,437,False,,
043bedb72d7f8a41,Conv2d,"{""bias"": null, ""class"": ""Conv2d"", ""dilation"": [1, 1], ""groups"": 1, ""in_channels"": 128, ""kernel_size"": [3, 3], ""out_channels"": 128, ""padding"": [1, 1], ""stride"": [2, 2]}",multi,"[[1, 128, 40, 40]]",,58982400,1024000,3.034,1337,2.23,4.832562,3.300253,7.35941,67.5,68.6,2400023808,2400020480,523,False,,
2fbee56050763ba6,BatchNorm2d,"{""bias"": ""Parameter containing:\ntensor([-0.1593, -0.2271, -0.7402, -0.3535, -0.6729,  0.0430, -0.0818, -0.7832,  0.0114, -0.4036, -0.3743, -0.2551, -0.5864, -0.9399, -0.4734, -1.0273, -0.4038, -0.6621, -0.2764, -1.0615,  0.0482, -0.3323, -0.4465, -0.6240,  0.0843, -0.7686, -0.9253, -0.6421, -1.4238, -0.7441, -0.0624, -0.1456, -0.3015,  0.0999,\n        -0.0614, -0.6089, -0.6118, -0.5498, -0.9160,  0.2136, -0.7393, -0.4602, -0.3008, -0.2905, -0.9365, -0.4260, -0.7075, -0.3264, -0.6191, -0.5776, -0.4585, -0.3667, -0.6274, -0.6465, -0.0164, -0.1356,  0.0857, -0.5322, -0.2047, -0.9287, -0.1182, -1.0186, -0.7129, -0.5728,  0.1281, -0.2710, -0.4802, -0.2087,\n        -0.6411, -0.6958, -0.7568,  0.2369,  0.1575, -0.4526, -0.1726, -0.5562, -0.3579, -1.0117, -1.2344, -1.0234, -0.1309, -0.0989, -0.7314, -1.0225, -0.3616, -0.5879, -0.6675, -0.5952,  0.3652, -0.7363,  0.3647, -0.1885, -0.9087, -0.5322, -0.6914, -0.8496, -0.3066, -0.7812, -0.6982, -0.5820, -0.1085, -1.0293,\n        -0.1061, -0.3760, -0.7627, -0.7285, -0.5449, -0.4685,  0.2622, -0.1882, -0.6543, -0.6987, -1.0977, -0.8379, -0.5830, -0.6602, -0.8872, -0.2781, -0.1993, -0.4604, -0.0651, -0.8774, -0.7788,  0.1909, -0.2345, -0.3894, -0.6123,  0.0456])"", ""class"": ""BatchNorm2d"", ""eps"": 0.001}",multi,"[[1, 128, 20, 20]]",,,409600,3.033,31323,0.0951,4.971876,3.439566,0.327099,68.1,68.6,2400020480,2400030464,495,False,,
e1c99929d0fa542e,Concat,"{""class"": ""Concat""}",multi,"[[1, 128, 20, 20], [1, 256, 20, 20]]",,,1228800,3.033,16039,0.1857,4.540952,3.008642,0.558722,68.6,67.0,2400023808,2400027136,532,False,,
51fcd967d3c204df,BatchNorm2d,"{""bias"": ""Parameter containing:\ntensor([-0.6216, -0.6133, -0.4062,  0.6162, -0.6572, -0.8071, -0.6172, -0.2292, -0.2742, -0.6299,  0.0654, -0.8594, -0.3560, -0.8262, -0.4534, -0.4548, -0.6855, -0.4448,  0.5415, -0.8149, -0.7388, -0.3821, -0.8931, -0.7900, -1.0000, -0.6865, -0.7227,  0.4746, -0.4785, -0.4065, -0.7334, -0.6787, -0.8721, -0.9707,\n        -0.4324, -0.4546, -0.5688, -0.5190, -0.9277, -0.5981, -0.3989, -1.0840,  0.3870, -0.3977, -0.6025, -0.7739, -1.2051, -0.6646, -0.8159, -0.6226, -0.5229, -0.3628, -0.2791, -0.4841, -0.9365, -0.6338, -0.3018, -0.4780, -0.1953, -0.8823, -0.4546, -0.5459, -0.9019, -1.1025, -0.5708, -0.6494,  0.6396, -0.8501,\n        -0.3965, -0.4580, -0.4800, -0.2656, -0.6182, -0.1345, -0.6226, -0.6934, -0.1381, -0.1368, -0.5430, -0.5298, -0.6245,  0.3330, -0.7524, -0.5298, -0.5894, -0.5010, -0.7603, -0.6094, -0.6289, -0.7729,  0.1410, -0.3140, -0.0739, -0.6250, -0.8584, -0.7393, -0.5908, -0.7935, -0.3875, -0.3650, -0.6162, -0.7871,\n        -0.6284, -0.5820, -0.7759,  0.2734, -0.4475, -0.7422, -0.5107,  0.4871, -0.8057, -0.4504, -0.6353, -0.6494, -0.8638, -0.8384, -0.6245, -0.7876, -0.9609, -0.7944, -0.5625, -0.6450, -0.8896, -0.8169, -0.7148, -0.6250, -0.0227, -0.6260, -1.4180, -0.8389, -0.9771, -0.3379,  0.0668, -1.3271, -0.8013, -1.2344,\n        -0.0552, -0.7061, -0.7827, -1.1201, -1.4336, -1.3135, -1.1426, -1.5264, -0.6685,  0.3198, -1.0947, -0.1066, -0.6997, -0.8286, -1.0352, -0.7988, -0.1882, -0.4790, -1.0762, -1.4834, -0.7856, -1.3535, -0.7549, -0.0856, -0.3608, -0.5659, -0.7891, -2.0508,  0.0958, -0.1661, -1.6357, -0.8618, -0.7354, -0.6860,\n        -1.2070, -1.4902, -1.1807,  0.0526, -0.5693, -0.9741, -0.1652, -0.0965, -1.1738, -0.6079, -0.8496, -0.3704, -1.0068, -0.9702, -0.8931, -0.5767, -0.9204, -0.7598, -0.0210, -0.7710, -0.6992, -1.2979, -0.2998, -0.9131, -0.8354, -0.6392, -0.4299, -0.5508, -0.2389,  0.3533, -0.7910, -0.8018, -1.0645, -1.2158,\n        -0.1129, -0.1997, -0.7100,  0.0139, -0.8198, -0.4824, -0.2532, -0.6162, -0.7388, -1.0225, -1.2559, -0.9580, -0.4631, -1.0176, -0.0891, -1.5732, -1.4111, -0.1437, -1.6240, -1.9775, -0.5820, -0.8984, -0.8706, -0.4709, -0.8164, -0.8296,  0.0389, -0.6899, -1.0361, -1.6377, -1.6543, -1.7441, -0.7168, -1.1201,\n        -0.3352, -1.0166, -0.7817,  0.4065, -1.2803, -0.3423, -0.2979, -0.5825, -0.4849, -1.5625, -0.8135, -0.4951, -0.0581, -0.6509, -0.7529, -1.1982, -1.8213, -0.5952])"", ""class"": ""BatchNorm2d"", ""eps"": 0.001}",multi,"[[1, 256, 20, 20]]",,,819200,3.033,22788,0.1307,4.885113,3.352804,0.438282,66.4,68.1,2400027136,2400030464,496,False,,
b8e5711b0cda3ea8,BatchNorm2d,"{""bias"": ""Parameter containing:\ntensor([-1.2061, -0.9219, -1.1309, -0.5244, -0.9448, -0.5874, -1.1943, -0.2198, -0.4502, -0.0851, -0.1772, -0.8408, -0.8052, -2.1562, -0.3806, -1.1758, -1.2881, -1.2334, -0.5449, -0.8350, -0.1896, -0.9390, -0.9648, -0.6323, -0.6289, -0.2198, -1.1484, -1.3008, -0.7446, -0.2803, -0.9893, -0.4204, -0.5000, -0.9326,\n        -0.9907, -0.9854, -1.1631, -1.0684, -0.2595, -0.8579, -1.0117, -0.7065,  0.1796, -0.2308, -0.9385, -0.6206,  0.0409, -1.0654, -1.0361, -0.3059, -0.9072, -0.6943, -0.0886, -0.5693, -0.8120, -0.9683, -0.6646,  0.1405, -0.3655, -0.1757, -0.9355, -0.8462, -0.8340, -0.6367, -0.3550, -0.8838, -0.3752, -1.1699,\n        -1.2217, -1.0342, -1.2021, -1.3164, -0.7378, -0.8823,  0.3228, -0.7539, -0.4258, -0.9917, -0.0927, -1.0068,  0.2018, -0.7651, -0.7246,  0.1559, -0.7305, -0.7314, -1.1523, -0.8691, -0.9360, -0.2400, -0.4460, -1.2158, -0.4670, -0.7041, -0.0952,  0.3254, -0.5854, -1.5752, -0.9390, -0.7612, -0.6802, -0.9521,\n        -0.6270,  0.3188, -0.7148, -1.0400, -0.8047, -0.7476,  0.3130, -1.0020, -0.7690, -0.2844, -0.4158, -0.1792, -0.0504, -0.6353, -0.4397, -0.6924, -0.8906, -0.6675, -0.9829, -0.8706, -0.8691, -0.7393, -0.6685, -0.7095,  0.2712, -1.4414,  0.3958,  0.0214, -0.9565, -0.6611, -0.6250, -1.2217, -0.7197, -0.8970,\n        -0.4785, -0.6797, -0.7646, -1.1387, -0.4026, -0.7261, -1.1416, -0.5557, -0.8921, -0.9927, -0.9282, -0.9917, -0.6250,  0.2169, -0.8711, -1.1465, -0.9180,  0.3052, -0.9204, -0.6714, -0.6890, -0.2115,  0.4688,  0.2358, -0.3716, -0.7598, -0.8159, -0.8501, -0.5410, -0.9390, -1.0889, -0.7788, -1.2031, -0.3069,\n        -0.5596, -0.2861, -0.8989, -0.6660, -0.9204, -0.5586, -1.0508, -0.7891, -0.9092, -0.9624, -1.3076, -1.0645, -1.2324, -0.8276, -0.6118, -0.9951, -0.3586, -0.3315, -1.0312,  0.5381, -1.3311, -0.2356, -0.9282,  0.2537, -0.2158, -1.3242, -0.1613, -0.9609, -0.3337, -1.2822, -0.6499, -0.7056, -0.8867, -0.8774,\n        -0.8052, -1.1084, -0.7910, -0.2207, -0.8359, -1.0645, -0.5000, -0.8979, -0.5161,  0.2830, -0.7900, -1.3887, -0.5596, -1.1357, -0.7495, -1.1514, -0.5352, -0.6494, -1.0986, -0.0895,  0.4553, -1.0107, -1.0430,  0.2162, -0.7197, -0.6953, -0.8804, -1.4395,  0.1583,  0.2725, -0.4954, -0.5728,  1.0439, -0.6226,\n        -1.0859, -0.8071, -0.8125, -0.2773, -0.8843, -1.0986, -0.8901,  0.0455, -0.8325, -0.9570, -0.4055, -0.2913, -1.1211, -0.3337, -0.5327,  0.0912, -1.1436, -0.4939])"", ""class"": ""BatchNorm2d"", ""eps"": 0.001}",multi,"[[1, 256, 20, 20]]",,,819200,3.033,26502,0.1124,5.275169,3.742859,0.420687,68.6,68.1,2400037120,2400027136,456,False,,
8f863e1aa943dd69,BatchNorm2d,"{""bias"": ""Parameter containing:\ntensor([-1.0605, -0.3528, -0.9497, -0.1225, -0.3347, -0.3044, -0.1479, -1.0283,  0.2644, -0.5225,  0.6479,  0.1710,  0.5757, -0.3535, -0.3542, -0.7715,  0.1375, -0.7832, -0.2637, -0.1548, -1.0498, -0.2426, -0.4683, -0.4836, -0.8701, -0.6660, -0.5278,  0.0832,  0.6606, -0.6177,  0.0216, -0.2964,  0.0621,  0.1150,\n        -1.2227, -0.5649, -0.4124, -0.3809,  0.0591, -0.2349, -0.3887, -0.1606, -0.2935, -0.5835,  0.1351, -0.4341, -0.2673, -0.4265,  0.2778,  0.1399,  0.2179, -0.2720,  0.2751, -0.6152, -0.4614, -0.3845, -0.5723,  0.1144, -0.2010, -0.5845,  0.1692,  0.3743,  0.0649,  0.0932])"", ""class"": ""BatchNorm2d"", ""eps"": 0.001}",multi,"[[1, 64, 20, 20]]",,,204800,3.033,28611,0.1041,4.65766,3.12535,0.325367,67.5,67.0,2400017408,2400030464,547,False,,
06e552e467a1a4ed,BatchNorm2d,"{""bias"": ""Parameter containing:\ntensor([-0.1730,  0.0043, -0.2313, -0.3049,  0.0072, -0.0013, -0.1315, -0.0747, -0.0652, -0.1534,  0.0166, -0.1119, -0.0906, -0.0662, -0.1836, -0.1790,  0.0149, -0.0545, -0.3989, -0.0668, -0.1381, -0.2250, -0.0116, -0.1621, -0.1181,  0.0551, -0.2145, -0.3022,  0.0201, -0.0895, -0.1224, -0.1254, -0.1298,  0.0066,\n        -0.2091, -0.1584, -0.0528, -0.0488, -0.2715, -0.1648, -0.1660, -0.0460,  0.0147, -0.1433, -0.3406, -0.1954, -0.0694,  0.0033, -0.1470, -0.2498, -0.0638, -0.2581, -0.0623, -0.0793, -0.2216, -0.1669, -0.0897, -0.0792, -0.4023, -0.0507, -0.0458, -0.1936, -0.0776, -0.1537])"", ""class"": ""BatchNorm2d"", ""eps"": 0.001}",multi,"[[1, 64, 20, 20]]",,,204800,3.033,35487,0.0839,4.868464,3.336155,0.280021,65.9,68.1,2400027136,2400017408,479,False,,
0b7146bb666bd389,BatchNorm2d,"{""bias"": ""Parameter containing:\ntensor([-0.4246, -0.0621, -0.5679, -0.0605, -0.7544,  0.3208, -0.7744, -0.1384,  0.6479, -0.7085, -0.0178, -0.2452, -0.1652, -0.2683, -0.2124, -0.0051,  0.0641,  0.5864, -0.2678, -0.5508, -0.2360,  0.2593, -0.5596,  0.2239, -1.3115, -0.4673, -1.1846, -0.2815, -0.9673, -0.4177, -0.8789, -0.6123, -0.2593, -0.0467,\n        -0.1145, -0.2700, -0.3625, -0.3953, -0.4766, -0.5679, -1.9648, -0.6855,  0.3684, -0.3521, -0.8071,  0.5552, -0.7891, -1.1260, -1.4414, -0.3750, -0.1464, -0.9878,  0.8452, -0.8691, -0.5117,  0.3638,  0.3379, -0.8613, -1.3037, -0.3770,  0.3782, -0.4297, -0.9019, -0.2042, -0.2134,  0.0173, -0.4719, -0.3530,\n        -0.4724, -0.9810,  0.0897, -0.5029, -0.8555, -0.7803, -0.1427, -0.5459, -0.7920, -0.3967,  0.1315, -1.0967, -0.3999, -0.5527,  0.0611, -0.3267,  0.0461, -0.3743, -0.3560,  0.2161, -0.7002, -0.4622, -0.3499, -0.3777,  0.5229,  0.5259, -0.4580, -0.7974, -2.3477, -0.6099,  0.4033, -0.9409, -0.7100, -0.4785,\n        -0.4358, -0.4514, -0.5444, -0.9106, -0.0904, -0.6982, -0.3999, -0.6450,  0.0179, -1.0234, -0.5576, -0.6221, -0.6309,  0.1892, -0.6650, -0.2881, -0.6387, -0.2830, -0.4412, -0.2959,  0.2426, -0.5474, -0.6362,  0.0676, -0.3420, -1.0488])"", ""class"": ""BatchNorm2d"", ""eps"": 0.001}",multi,"[[1, 128, 20, 20]]",,,409600,3.033,32382,0.092,4.999918,3.467609,0.318983,65.9,68.6,2400020480,2400017408,468,False,,
c71e83d276bbc4d1,BatchNorm2d,"{""bias"": ""Parameter containing:\ntensor([ 0.9014, -0.6460, -0.5864, -1.6055, -0.3120, -1.4287, -1.0938, -0.2263, -1.1758, -1.2891, -0.6099, -0.8862, -0.8467, -1.4111, -0.9185, -1.0889, -0.9976, -1.3789, -1.3955, -0.3972, -0.7231, -1.8369, -0.7783,  0.4258, -1.2188, -0.2216, -2.1250, -0.8257, -0.6665, -0.6855, -0.9272, -1.2949, -0.7817,  1.0381,\n        -0.5576,  0.2571, -0.6504, -1.6787, -0.6992, -0.4663, -0.3086, -0.3796, -1.3730,  0.9761,  0.6538, -0.7334, -1.2129, -1.2812, -0.9702, -1.7217,  1.7656, -0.6348, -1.0498, -0.1009,  0.1699, -1.3965, -1.4570, -0.1942, -1.8760, -0.4797, -0.5532, -0.8955, -0.2786,  0.1952])"", ""class"": ""BatchNorm2d"", ""eps"": 0.001}",multi,"[[1, 64, 20, 20]]",,,204800,3.034,28373,0.105,4.65933,3.12702,0.328276,67.0,65.9,2400030464,2400030464,582,False,,
cbcea068d1964d20,BatchNorm2d,"{""bias"": ""Parameter containing:\ntensor([ 0.2832, -0.3901,  0.9468, -0.2527, -0.7168, -0.3350, -0.5181, -0.9043, -0.7900, -0.6738, -0.6289, -1.1074, -0.6499,  0.8823, -0.9692, -0.7222, -1.4160, -0.4380, -0.1788, -0.7578, -0.2373,  1.4023, -0.0845, -0.5142,  0.3352, -0.4775,  0.0939,  0.5107,  0.0150, -0.7593,  1.4258,  0.7988,  0.3406, -1.0889,\n        -1.3584, -0.5435, -0.4009, -0.3103,  0.8604,  0.2345, -0.7842, -0.2460, -0.1137, -0.6577, -0.1293, -0.5757, -0.2412, -0.6147,  0.7852, -0.0881, -0.1687, -0.0476, -0.6060,  0.3110,  0.3523, -0.0046, -0.3057, -0.3557, -1.0967,  0.3923,  0.3413,  0.0509, -0.1791, -0.8618])"", ""class"": ""BatchNorm2d"", ""eps"": 0.001}",multi,"[[1, 64, 20, 20]]",,,204800,3.035,38656,0.077,5.040815,3.508505,0.270058,65.9,68.6,2400023808,2400020480,456,False,,
45f90ee96fb938de,BatchNorm2d,"{""bias"": ""Parameter containing:\ntensor([-1.0244, -1.5850, -1.3242, -0.8853, -1.4619, -1.1133, -0.8921, -1.3955, -0.5156, -0.1443, -0.8687, -0.6494,  0.2913, -0.0911, -0.9072, -1.2148, -1.2773, -1.5312,  0.2979, -0.8062, -0.2133, -0.2578, -1.3027,  0.0761, -0.9131, -1.3955, -1.2363, -1.6543, -1.1279, -1.4238, -0.6191, -0.5229, -1.2031, -0.8862,\n         0.1179, -0.8242, -1.2295, -0.0304, -1.0566, -1.6445, -1.6035, -1.2422, -0.9111, -0.4158, -1.2188, -1.2578, -0.8677, -1.1562, -0.4246,  0.7881, -1.5420, -0.6904, -1.2783, -1.1035, -1.0166, -1.2715, -0.5298, -0.2812, -1.0010, -0.2468, -1.3252, -1.1973, -0.4639, -1.1377])"", ""class"": ""BatchNorm2d"", ""eps"": 0.001}",multi,"[[1, 64, 20, 20]]",,,204800,3.034,34799,0.0856,4.846676,3.314367,0.283719,68.1,68.1,2400020480,2400020480,495,False,,
ff92f7b63da636ab,BatchNorm2d,"{""bias"": ""Parameter containing:\ntensor([ 3.3447e-01,  6.8994e-01,  1.1182e+00, -3.3228e-01,  1.0883e-01, -6.3037e-01,  8.7451e-01, -1.5039e-01, -4.4141e-01,  6.3525e-01,  1.0186e+00, -4.5703e-01,  7.3535e-01, -4.0466e-02, -2.5220e-01,  3.2080e-01, -2.7344e-01,  3.6182e-01,  8.9746e-01,  3.8599e-01, -2.4927e-01,  9.7107e-02,  7.1472e-02,  1.4709e-01,\n         2.0264e-01, -2.2327e-01,  8.2861e-01,  3.9673e-01,  3.4082e-01,  1.2891e+00,  1.1325e-05,  2.7979e-01,  3.3374e-01, -4.0625e-01,  4.5703e-01,  5.1611e-01, -3.0493e-01, -1.2238e-01,  1.7838e-02, -4.2627e-01,  3.7646e-01,  4.8975e-01, -5.2783e-01,  5.5957e-01,  5.9619e-01, -1.2480e+00,  8.2959e-01,  2.9266e-02,\n         8.9111e-02, -9.6741e-02,  1.2920e+00,  2.1088e-02,  1.2090e+00,  5.3174e-01, -5.8838e-01, -3.1616e-01,  7.1387e-01,  5.8105e-01,  1.0162e-01, -3.2764e-01, -1.2067e-01,  3.0225e-01, -5.6396e-01,  3.5742e-01])"", ""class"": ""BatchNorm2d"", ""eps"": 0.001}",multi,"[[1, 64, 20, 20]]",,,204800,3.034,29232,0.1018,4.649237,3.116928,0.317285,65.9,65.9,2400020480,2400020480,567,False,,
b3d3d746de5ca8f5,Conv2d,"{""bias"": null, ""class"": ""Conv2d"", ""dilation"": [1, 1], ""groups"": 1, ""in_channels"": 64, ""kernel_size"": [3, 3], ""out_channels"": 64, ""padding"": [1, 1], ""stride"": [1, 1]}",multi,"[[1, 64, 80, 80]]",,235929600,3276800,3.034,428,6.9582,4.982416,3.450106,24.006562,67.0,69.7,2400023808,2400023808,456,False,,
82ee87943ec12f5c,BatchNorm2d,"{""bias"": ""Parameter containing:\ntensor([ 0.5288, -1.0439, -1.6992, -1.2451, -0.6230, -0.9019, -0.9600, -0.7295, -0.2747, -1.1406, -1.2432, -0.4780, -0.9790,  0.0212, -1.3291, -1.2832, -0.7065, -0.4795, -1.0918, -0.9990, -1.6504, -1.0381, -1.1816,  0.3765, -1.3691, -1.0898,  0.1486, -0.7480, -0.0489, -1.4248, -0.8848,  0.0150, -0.7949, -1.8770,\n        -1.0967, -0.8818, -1.4707, -1.5000, -0.8066, -0.9678, -1.2266, -0.5063,  0.0434, -0.6851, -0.3445, -0.9565, -1.0566, -1.0303, -0.7876, -0.9824, -0.7314, -1.4961, -1.2812, -0.9741, -1.2324, -1.0615, -0.4426,  0.7109, -0.5928, -0.5107, -1.3496, -0.3457, -0.7158, -0.6089])"", ""class"": ""BatchNorm2d"", ""eps"": 0.001}",multi,"[[1, 64, 80, 80]]",,,3276800,3.034,10734,0.2776,5.527603,3.995294,1.108971,67.5,69.2,2400027136,2400020480,432,False,,
ad96713ac6db02ba,BatchNorm2d,"{""bias"": ""Parameter containing:\ntensor([ 1.2578,  0.1932,  1.4521,  2.0762,  0.1055,  1.0645, -1.0684,  0.5127, -0.1486,  0.7354,  1.4521,  1.6055,  0.3804, -0.1550,  2.0898,  0.7305,  1.2939,  0.4116,  0.5630,  0.6714,  0.3323,  0.4934,  1.7529,  1.0195,  1.9902,  1.1465,  0.4446,  0.5083,  1.9746, -0.2617, -0.8477,  1.3711,  0.9692,  1.6875,\n         0.6812, -0.4414,  1.7197,  1.8486,  1.6992,  0.7275,  1.3887,  2.0645,  0.3057,  2.0469,  0.0938,  1.0449,  2.0859, -0.7002,  1.0176,  0.3499,  1.7080,  1.2451,  0.3154,  2.2051,  0.5000,  1.4805,  1.3486,  0.6001,  0.7007,  0.9546,  1.7900,  1.3262,  1.9141,  1.2119])"", ""class"": ""BatchNorm2d"", ""eps"": 0.001}",multi,"[[1, 64, 80, 80]]",,,3276800,3.034,12142,0.2452,5.724359,4.192049,1.0279,67.5,70.3,2400033792,2400020480,429,False,,
e9d27018bf61717d,Conv2d,"{""bias"": ""Parameter containing:\ntensor([ 1.9600,  1.9531,  1.8574,  1.9678,  1.8115,  1.4297,  1.2686,  1.0566,  0.7886,  0.5679,  0.3987,  0.2451,  0.1290,  0.0516, -0.0020,  0.5161,  1.8252,  1.9482,  1.9424,  1.8018,  1.5654,  1.3408,  1.4512,  1.3330,  0.9658,  0.6343,  0.4302,  0.2617,  0.1376,  0.0331, -0.0179,  0.3208,  1.7920,  1.9639,\n         1.9248,  1.7412,  1.6660,  1.4590,  1.3516,  1.1260,  0.8618,  0.6348,  0.4397,  0.2852,  0.1599,  0.0675,  0.0091,  0.4971,  1.8359,  1.6182,  1.6318,  1.5566,  1.8828,  1.7920,  1.5791,  1.2930,  0.8857,  0.6421,  0.4546,  0.2944,  0.1631,  0.0489, -0.0331,  0.3359])"", ""class"": ""Conv2d"", ""dilation"": [1, 1], ""groups"": 1, ""in_channels"": 64, ""kernel_size"": [1, 1], ""out_channels"": 64, ""padding"": [0, 0], ""stride"": [1, 1]}",multi,"[[1, 64, 80, 80]]",,26214400,3276800,3.037,1010,2.9514,4.768073,3.235763,9.550066,68.1,68.1,2400017408,2400023808,461,False,,
b0f07601a28f4098,Conv2d,"{""bias"": null, ""class"": ""Conv2d"", ""dilation"": [1, 1], ""groups"": 1, ""in_channels"": 128, ""kernel_size"": [3, 3], ""out_channels"": 64, ""padding"": [1, 1], ""stride"": [1, 1]}",multi,"[[1, 128, 40, 40]]",,117964800,1228800,3.035,1052,2.833,6.632571,5.100262,14.448808,67.5,70.8,2400027136,2400027136,473,False,,
fda5f70bc51c23ad,BatchNorm2d,"{""bias"": ""Parameter containing:\ntensor([-0.7837, -1.0156, -0.5591, -0.8774,  0.1879,  0.0485,  0.9033, -0.5620, -0.6714, -0.3130,  0.6895,  0.9194, -1.2734, -0.8325, -1.0107, -1.9307, -1.3672, -0.5005, -0.3706, -0.0815, -1.0049, -1.1982,  0.0072,  0.7710, -0.3708, -0.9141, -0.2966, -0.9829, -0.5928, -0.2158, -0.4585, -0.3088, -0.0975, -0.0282,\n        -0.4182, -1.6396, -0.6265, -0.4209, -0.3088, -0.8301,  0.1757, -0.7983, -1.3291, -0.7422, -0.7490, -0.3489, -0.3257, -0.2571, -1.0723, -1.2969, -0.2732, -0.4614, -0.1632, -0.2588, -0.8457,  0.7202, -1.8027, -0.3926,  0.0787, -0.9702, -0.5483, -0.9043, -0.7197, -0.8008])"", ""class"": ""BatchNorm2d"", ""eps"": 0.001}",multi,"[[1, 64, 40, 40]]",,,819200,3.034,23742,0.1255,5.416188,3.883878,0.487322,69.2,68.6,2400023808,2400030464,427,False,,
7dcfbda29846c883,Conv2d,"{""bias"": null, ""class"": ""Conv2d"", ""dilation"": [1, 1], ""groups"": 1, ""in_channels"": 64, ""kernel_size"": [3, 3], ""out_channels"": 64, ""padding"": [1, 1], ""stride"": [1, 1]}",multi,"[[1, 64, 40, 40]]",,58982400,819200,3.036,1892,1.5746,5.862091,4.329781,6.817863,68.6,69.7,2400017408,2400027136,466,False,,
df1be72167674e8c,BatchNorm2d,"{""bias"": ""Parameter containing:\ntensor([ 2.2441, -0.8076,  0.1973,  0.9194,  1.2188,  1.2881,  1.4121,  0.9487,  1.1748, -0.0746,  1.6953,  0.5898, -0.0117, -0.0728,  0.0341,  1.1367,  1.2607,  0.2488,  0.6304,  0.8271,  0.6733,  1.1348,  1.8467,  0.4624,  1.0156,  1.0498,  0.6436,  0.0629,  0.9844,  1.1465,  0.9521,  1.6562,  0.0936,  1.3135,\n         0.5815,  0.4583,  1.3154,  0.0345,  0.2139,  1.0449,  1.1084,  0.3171,  0.6445,  0.4536, -0.7017, -0.1909,  1.1797,  1.2324,  1.2900,  1.1406,  0.4612,  1.0703,  1.7031,  1.2246,  0.1980,  0.7363,  0.8950, -0.1686, -0.1242,  0.9004,  1.1367,  0.1125,  1.4023,  1.0752])"", ""class"": ""BatchNorm2d"", ""eps"": 0.001}",multi,"[[1, 64, 40, 40]]",,,819200,3.046,25274,0.1178,5.134886,3.602577,0.424405,69.2,69.7,2400037120,2400020480,484,False,,
d14ff06610a094a5,Conv2d,"{""bias"": ""Parameter containing:\ntensor([ 2.4180,  2.4785,  2.1680,  1.9346,  1.6787,  1.2881,  1.0625,  0.9839,  0.7476,  0.5024,  0.3262,  0.1808,  0.0603, -0.0331, -0.0856,  0.2668,  2.0020,  1.9697,  1.7539,  1.6562,  1.8604,  1.7812,  1.8027,  1.3428,  1.0195,  0.6245,  0.3254,  0.1284, -0.0313, -0.1133, -0.1674,  0.0122,  2.0000,  1.9707,\n         1.8867,  1.7471,  2.0703,  1.8838,  1.2158,  0.9053,  0.7866,  0.5371,  0.3479,  0.2126,  0.0955,  0.0120, -0.0475,  0.3564,  2.0000,  2.0762,  1.9160,  1.8535,  1.6387,  1.6416,  1.5479,  1.0869,  0.9434,  0.6689,  0.4241,  0.2085,  0.0496, -0.0725, -0.1190,  0.1051])"", ""class"": ""Conv2d"", ""dilation"": [1, 1], ""groups"": 1, ""in_channels"": 64, ""kernel_size"": [1, 1], ""out_channels"": 64, ""padding"": [0, 0], ""stride"": [1, 1]}",multi,"[[1, 64, 40, 40]]",,6553600,819200,3.04,5007,0.5911,5.529238,3.996928,2.362488,67.5,68.1,2400033792,2400020480,462,False,,
4c7e6de9dc310050,Conv2d,"{""bias"": null, ""class"": ""Conv2d"", ""dilation"": [1, 1], ""groups"": 1, ""in_channels"": 256, ""kernel_size"": [3, 3], ""out_channels"": 64, ""padding"": [1, 1], ""stride"": [1, 1]}",multi,"[[1, 256, 20, 20]]",,58982400,512000,3.036,1689,1.7648,5.908314,4.376004,7.722864,68.6,70.3,2400023808,2400020480,490,False,,
e1340eb72c5bf87d,BatchNorm2d,"{""bias"": ""Parameter containing:\ntensor([-0.1401, -0.6357, -0.9448, -0.9858, -0.4099, -0.0334, -1.4062, -0.2825,  0.6372, -0.7188, -0.7031, -0.5327, -0.0848, -0.4019, -0.9282, -0.5122, -0.1368,  0.0607, -0.0767, -0.6201, -0.3083, -0.8794, -0.5894, -0.2360, -0.1261, -0.3613, -1.5420, -0.5874, -1.3633, -0.5337, -0.7085, -0.4636, -0.7173, -0.0451,\n        -0.2290, -0.5342, -0.4365, -0.6709, -0.6523, -0.2294, -0.4333,  0.0338, -0.6416,  0.1174, -1.1533, -0.8740,  0.6050,  0.0543, -1.0039,  0.0362,  0.3140, -0.9194, -0.6665, -0.9160, -0.9678, -0.0596, -1.1924, -0.6890, -0.1250, -0.9814, -0.1597,  0.0728,  0.3357, -0.2493])"", ""class"": ""BatchNorm2d"", ""eps"": 0.001}",multi,"[[1, 64, 20, 20]]",,,204800,3.035,30940,0.0963,4.713803,3.181494,0.306291,69.7,68.6,2400027136,2400017408,512,False,,
7fe553145f3d6522,BatchNorm2d,"{""bias"": ""Parameter containing:\ntensor([ 1.2656,  0.5171,  0.5288,  1.5098,  0.6880,  0.9355,  1.6182,  0.4526,  0.8052,  0.7354,  1.1680,  0.8457,  1.2930,  1.3896,  1.4307,  1.3604,  0.5059,  1.1943,  1.3242,  0.9136,  0.7573,  0.7998, -0.2808,  1.5293,  1.8281,  0.6953, -0.3777,  1.3682,  0.8960,  0.7783, -0.4141,  1.0664, -0.1992,  0.8198,\n         0.9023,  0.9175,  1.0723,  1.2822,  0.0681,  0.7837,  1.3408,  1.3525,  0.8838,  0.3950,  0.6016,  1.2646,  1.4805,  0.7822,  1.4590,  0.4048,  0.3694,  0.0928,  0.9214,  1.7725,  1.2266,  1.2676,  1.4512,  1.5264,  1.6416,  0.8159,  0.8325,  0.7163, -0.5049,  0.8882])"", ""class"": ""BatchNorm2d"", ""eps"": 0.001}",multi,"[[1, 64, 20, 20]]",,,204800,3.035,33031,0.0902,4.802069,3.26976,0.294862,68.6,67.0,2400020480,2400030464,492,False,,
b4e0d8a8ee639308,Conv2d,"{""bias"": ""Parameter containing:\ntensor([ 2.3848,  2.4980,  2.1152,  1.9795,  1.4902,  1.5488,  0.8389,  0.9312,  0.7759,  0.4214,  0.3594,  0.2788,  0.1392,  0.1116,  0.0502,  0.0436,  2.0371,  2.0137,  1.8848,  1.8174,  1.8330,  1.5615,  1.4619,  1.3916,  0.9424,  0.6172,  0.3049,  0.2170,  0.0529, -0.0227, -0.0577, -0.0923,  2.7676,  2.6543,\n         2.2168,  1.7598,  1.5430,  1.2480,  0.7070,  0.8433,  0.6802,  0.6416,  0.4204,  0.3203,  0.2051,  0.0438, -0.0354, -0.0303,  2.1973,  2.0703,  2.0156,  1.9521,  1.6562,  1.5986,  1.2812,  0.9561,  0.8525,  0.5610,  0.6792,  0.2125,  0.1423,  0.0640, -0.1085, -0.1639])"", ""class"": ""Conv2d"", ""dilation"": [1, 1], ""groups"": 1, ""in_channels"": 64, ""kernel_size"": [1, 1], ""out_channels"": 64, ""padding"": [0, 0], ""stride"": [1, 1]}",multi,"[[1, 64, 20, 20]]",,1638400,204800,3.035,7642,0.39,5.082377,3.550068,1.384432,67.0,69.7,2400030464,2400033792,467,False,,
e46f8b507b32375c,Conv2d,"{""bias"": null, ""class"": ""Conv2d"", ""dilation"": [1, 1], ""groups"": 64, ""in_channels"": 64, ""kernel_size"": [3, 3], ""out_channels"": 64, ""padding"": [1, 1], ""stride"": [1, 1]}",multi,"[[1, 64, 80, 80]]",,3686400,3276800,3.041,792,3.7645,4.171224,2.638915,9.934097,68.1,65.9,2400017408,2400033792,416,False,,
c1a58c99cf3f6874,BatchNorm2d,"{""bias"": ""Parameter containing:\ntensor([ 1.3154,  1.1973, -0.0363,  0.5171,  0.4839,  1.1406,  0.7339,  0.6821,  1.7373, -1.1104,  2.4531,  0.5962,  1.1709,  0.7720,  1.5928,  2.1152,  2.5215,  0.1180,  2.2559,  0.9629,  1.6240,  1.3037,  0.4121,  2.2598,  2.1191,  1.5596,  0.1249,  0.8281,  0.9863,  1.8564, -1.2129,  0.2776,  1.9473,  0.8418,\n         0.8027,  0.8350,  0.7764,  0.2076,  1.1455,  0.0923,  2.0566,  1.6699,  1.2285,  0.8936,  1.1270,  0.5093,  0.7568,  2.4238,  2.2402,  0.8438,  0.8057,  0.4717,  0.9399,  1.0889,  0.9209,  0.4419,  0.3831,  1.5010,  1.7090,  0.9092,  1.0771,  1.3154,  0.8052,  0.9204])"", ""class"": ""BatchNorm2d"", ""eps"": 0.001}",multi,"[[1, 64, 80, 80]]",,,3276800,3.035,11192,0.266,5.776211,4.243902,1.128949,64.8,68.6,2400020480,2400027136,419,False,,
2146d5ca5d465a14,Conv2d,"{""bias"": null, ""class"": ""Conv2d"", ""dilation"": [1, 1], ""groups"": 1, ""in_channels"": 64, ""kernel_size"": [1, 1], ""out_channels"": 80, ""padding"": [0, 0], ""stride"": [1, 1]}",multi,"[[1, 64, 80, 80]]",,32768000,3686400,3.039,757,3.9407,4.131687,2.599378,10.243353,67.5,66.4,2400017408,2400023808,423,False,,
d6a261ae30d09d56,BatchNorm2d,"{""bias"": ""Parameter containing:\ntensor([-0.1047,  0.5830, -0.3076,  0.9263, -0.2632, -0.6807,  0.0037,  0.5303,  0.8633, -1.1797, -0.1138, -0.9946, -0.3076, -2.7949, -0.0844, -0.7949,  0.5332,  0.2393, -0.2595, -0.5957,  0.2888, -0.8691,  0.0695,  0.1661, -1.2432, -1.1387, -0.3691, -0.6221, -0.4009, -0.7114,  0.3582,  0.5376, -0.7485, -0.2441,\n        -0.6196, -0.6431, -1.7480,  0.0921, -1.6455,  1.0303,  0.1321, -0.1763, -0.1168, -1.2725,  0.4131, -0.4409, -0.9868, -0.0968, -1.8740,  0.8198, -1.7168, -0.8423,  1.0615, -0.1655, -0.7007,  0.1449, -0.2291,  0.1520, -0.0538, -0.9009, -1.0479,  0.2050, -0.4109, -1.2217, -0.3335, -0.8276,  0.3296,  0.4019,\n        -0.9385, -0.0240,  0.3459,  0.5254, -0.3513, -0.1649, -0.3694, -0.7168, -0.0912, -0.2634,  0.3486, -0.8491])"", ""class"": ""BatchNorm2d"", ""eps"": 0.001}",multi,"[[1, 80, 80, 80]]",,,4096000,3.036,7540,0.3953,5.435276,3.902967,1.542715,66.4,68.6,2400033792,2400027136,442,False,,
2cdc9ddaf88c2a51,Conv2d,"{""bias"": null, ""class"": ""Conv2d"", ""dilation"": [1, 1], ""groups"": 80, ""in_channels"": 80, ""kernel_size"": [3, 3], ""out_channels"": 80, ""padding"": [1, 1], ""stride"": [1, 1]}",multi,"[[1, 80, 80, 80]]",,4608000,4096000,3.038,665,4.4846,4.076933,2.544624,11.411676,69.2,67.0,2400020480,2400020480,445,False,,
492b869cdda4ec49,BatchNorm2d,"{""bias"": ""Parameter containing:\ntensor([ 1.4248,  0.9946,  0.1399, -0.3035, -0.0935,  1.3389,  0.3638,  0.3042, -0.3237, -0.5957, -0.0876,  1.2227,  1.0723,  0.0587,  0.7056, -0.2289,  0.2140,  0.8784,  0.9043,  1.6133,  1.1318,  0.7632,  1.7305,  1.5186,  1.0332,  1.5596,  0.3508,  1.1318,  1.2559,  0.9360,  1.1387,  1.2480,  0.8877,  0.2412,\n         0.0523,  1.2344,  0.3276,  1.4443,  0.9902, -1.2754,  1.0674,  0.8433,  1.4863,  1.2285,  1.0332,  0.3411,  0.6943,  0.8242,  0.7437, -0.1982,  0.9341,  0.9702,  0.5552,  1.0557,  0.4060,  0.0903,  0.4126,  0.8784,  0.6353,  0.8774,  1.4072,  1.0303, -0.1570,  1.1191,  0.6646,  0.5029,  1.2227,  0.4331,\n         0.8677,  1.2510,  1.0488, -0.0922,  1.3633,  0.5942,  0.3059,  1.1152,  1.2705,  1.1982, -0.6978,  0.7515])"", ""class"": ""BatchNorm2d"", ""eps"": 0.001}",multi,"[[1, 80, 80, 80]]",,,4096000,3.036,8056,0.3699,5.664383,4.132073,1.528385,65.3,68.1,2400020480,2400027136,432,False,,
c1db1b0976f01fb1,Conv2d,"{""bias"": null, ""class"": ""Conv2d"", ""dilation"": [1, 1], ""groups"": 1, ""in_channels"": 80, ""kernel_size"": [1, 1], ""out_channels"": 80, ""padding"": [0, 0], ""stride"": [1, 1]}",multi,"[[1, 80, 80, 80]]",,40960000,4096000,3.039,696,4.2777,4.235902,2.703593,11.565109,68.6,67.5,2400017408,2400020480,446,False,,
bbd969b6aa860234,BatchNorm2d,"{""bias"": ""Parameter containing:\ntensor([ 3.0156,  4.7383,  0.4282,  0.3015,  4.3438,  0.1478, -0.1875,  1.6943, -0.5420,  2.7207,  2.2598, -0.1228,  2.9219,  2.3340,  0.1686, -0.1370,  0.3831,  0.5464,  0.9214,  0.2150,  0.0733, -0.0103,  1.8760,  0.1666,  0.0297,  0.9438,  6.1680,  0.7603,  4.8242,  4.7344,  0.2285, -0.5210,  0.2996, -0.2111,\n         5.0391,  2.0391,  0.1257,  0.1710,  2.1074, -0.7891,  5.1680, -0.4834, -0.1953,  2.4688,  2.5879, -0.7163,  0.8662, -0.0355, -0.3984,  0.7827,  3.6152,  0.5195,  2.5137, -0.3201,  0.3096,  4.8281,  0.8721,  6.1289, -0.2179,  0.8384,  0.9434,  1.4121, -0.7041, -0.1554,  2.9258,  1.3184, -0.7539,  0.4236,\n         0.3032,  0.5000,  3.8125, -0.2091,  1.2236,  4.0938,  4.0781,  2.0215, -0.1982, -0.2079, -0.1182,  0.7881])"", ""class"": ""BatchNorm2d"", ""eps"": 0.001}",multi,"[[1, 80, 80, 80]]",,,4096000,3.039,7885,0.3779,5.633778,4.101469,1.5501,65.9,69.7,2400027136,2400033792,429,False,,
4ee7f5c613413f87,Conv2d,"{""bias"": ""Parameter containing:\ntensor([ -7.6172, -11.7422, -10.1016, -12.0078, -12.3828, -12.4688, -12.4688, -11.9766, -11.7188, -11.4766, -12.4766, -12.2344, -12.5156, -11.6094, -10.8281, -11.8672, -11.9141, -12.1250, -11.8047, -11.8828, -12.1250, -12.6406, -12.4141, -12.3281, -11.4062, -10.9453, -10.9766, -11.7812, -11.6484, -12.2969, -12.0781,\n        -12.5625, -11.8594, -12.2422, -12.1094, -12.1719, -12.1562, -11.6250, -12.1250, -10.1172, -11.8906, -10.1953, -11.5781, -11.5469, -11.6953, -10.9297, -11.0859, -11.2031, -12.2031, -11.3281, -11.7344, -11.1406, -12.2656, -12.4609, -11.3125, -11.8750,  -9.8984, -12.2656, -11.5938, -12.2109, -11.3516, -11.9062,\n        -11.8359, -12.3672, -12.3438, -11.8906, -12.5547, -11.9375, -12.6250, -12.4609, -12.8203, -11.8906, -12.3516,  -9.6641, -11.6797, -11.7891, -12.0000, -11.6797, -12.5234, -12.0781])"", ""class"": ""Conv2d"", ""dilation"": [1, 1], ""groups"": 1, ""in_channels"": 80, ""kernel_size"": [1, 1], ""out_channels"": 80, ""padding"": [0, 0], ""stride"": [1, 1]}",multi,"[[1, 80, 80, 80]]",,40960000,4096000,3.038,689,4.3268,4.314144,2.781834,12.036492,67.5,68.1,2400017408,2400023808,447,False,,
306c28310e6ff2eb,Conv2d,"{""bias"": null, ""class"": ""Conv2d"", ""dilation"": [1, 1], ""groups"": 128, ""in_channels"": 128, ""kernel_size"": [3, 3], ""out_channels"": 128, ""padding"": [1, 1], ""stride"": [1, 1]}",multi,"[[1, 128, 40, 40]]",,1843200,1638400,3.038,1579,1.8888,4.506796,2.974487,5.61816,66.4,65.9,2400020480,2400020480,513,False,,
e302c5bf63588fc6,BatchNorm2d,"{""bias"": ""Parameter containing:\ntensor([ 0.5376,  0.6489,  0.3789,  0.0144,  0.4165,  0.6089,  0.3945,  0.9707, -0.1805,  1.8018,  0.9771,  1.4990,  1.7646, -0.2158,  1.9629,  0.3142,  0.0620, -0.3801,  0.6851,  1.5527,  0.3774, -0.1843,  0.6431, -0.5405,  1.8057,  0.2737,  0.1382, -0.5361,  1.7041, -0.3669,  0.8711, -0.8896,  0.6211,  0.5425,\n         1.7334,  0.6538,  1.6025,  0.0478,  1.3223,  0.6880,  0.6680,  0.2001,  0.1608, -0.0215,  0.4702,  0.3718,  0.6904,  0.2455,  0.0794,  0.3555,  0.4504,  0.1277,  1.3105,  0.6450,  1.7041,  1.1201,  1.6191,  1.5361, -0.0133,  0.0253,  0.1714,  0.1008,  0.3652,  0.2317,  1.7705, -0.3804,  0.1132,  0.2008,\n         0.3438, -0.4177,  0.3684, -0.2008,  1.5996, -1.1484,  1.2578,  1.7246,  0.5361,  0.1283,  1.1973,  0.5005,  0.1871,  0.2245,  1.2197, -0.1608, -0.0816,  0.0980,  0.4324, -0.2167,  0.9097, -0.0048,  0.2045,  0.5312,  0.3911,  0.2549,  1.3164,  1.0615,  0.1671,  0.2815,  0.4236,  1.2646,  0.2639,  0.5117,\n         0.2556,  2.4023,  1.3896,  0.2198, -0.1320,  0.5088,  0.2703,  0.5610,  0.3774,  1.5459,  1.5312,  0.1174,  0.1437,  0.4463,  0.4500,  1.4814,  1.7148,  0.9116,  0.7495,  0.1923,  0.7368,  0.3032,  1.1006,  0.4543,  0.3560,  0.3042])"", ""class"": ""BatchNorm2d"", ""eps"": 0.001}",multi,"[[1, 128, 40, 40]]",,,1638400,3.036,19072,0.1562,5.474362,3.942053,0.615711,65.3,69.7,2400023808,2400033792,458,False,,
f013c005cbb7af24,Conv2d,"{""bias"": null, ""class"": ""Conv2d"", ""dilation"": [1, 1], ""groups"": 1, ""in_channels"": 128, ""kernel_size"": [1, 1], ""out_channels"": 80, ""padding"": [0, 0], ""stride"": [1, 1]}",multi,"[[1, 128, 40, 40]]",,16384000,1331200,3.036,2380,1.252,5.100244,3.567935,4.467192,67.5,68.6,2400020480,2400030464,546,False,,
e06382e001d3668f,BatchNorm2d,"{""bias"": ""Parameter containing:\ntensor([ 4.6167e-01,  2.9639e-01,  3.2129e-01, -1.9697e+00,  1.5381e-01, -8.0933e-02, -4.7095e-01, -8.2568e-01, -2.3669e-01,  5.2539e-01, -1.3123e-01, -1.4336e+00,  3.2422e-01, -1.8105e+00,  5.4053e-01, -1.8933e-01, -3.8110e-01,  2.0007e-01,  2.1350e-01,  7.7686e-01,  4.0820e-01,  8.8623e-02,  2.2144e-01, -6.2500e-01,\n         2.6611e-01,  5.8545e-01,  8.3447e-01, -1.2817e-01, -9.3652e-01, -1.2311e-01,  4.7339e-01, -2.5757e-01,  5.2979e-01, -2.9028e-01,  6.7285e-01, -8.0518e-01, -1.1592e+00, -1.3171e-01,  1.0681e-01,  8.4778e-02, -4.7791e-02,  2.9858e-01, -8.4668e-01, -4.5215e-01,  2.1680e-01, -2.4185e-02, -9.3994e-02, -2.4216e-02,\n         3.3691e-01, -6.4307e-01,  7.3547e-02, -1.8494e-01,  3.3722e-02, -1.1982e+00,  2.4084e-01,  1.0986e-01,  5.0635e-01,  5.9473e-01, -3.8940e-01,  3.3154e-01,  1.5918e+00,  8.5205e-01, -2.9175e-01,  5.2795e-02,  3.4814e-01,  2.7161e-02,  1.8127e-01,  7.8308e-02,  6.1377e-01, -1.5051e-01,  3.2837e-01, -3.2067e-04,\n         2.2449e-01, -3.6206e-01,  1.4526e-01, -3.2080e-01,  1.3599e-03,  1.8848e-01,  5.5127e-01,  4.3042e-01])"", ""class"": ""BatchNorm2d"", ""eps"": 0.001}",multi,"[[1, 80, 40, 40]]",,,1024000,3.036,16448,0.1811,4.997169,3.464859,0.627563,67.5,68.6,2400023808,2400017408,518,False,,
02e3235f7cad86c0,Conv2d,"{""bias"": null, ""class"": ""Conv2d"", ""dilation"": [1, 1], ""groups"": 80, ""in_channels"": 80, ""kernel_size"": [3, 3], ""out_channels"": 80, ""padding"": [1, 1], ""stride"": [1, 1]}",multi,"[[1, 80, 40, 40]]",,1152000,1024000,3.037,4615,0.6458,5.209546,3.677237,2.374681,68.1,68.6,2400023808,2400033792,399,False,,
745e77933cd1d842,BatchNorm2d,"{""bias"": ""Parameter containing:\ntensor([ 0.0100,  1.2090,  1.2109, -0.5122,  0.8765,  1.0811,  0.3801,  0.0197,  0.7979,  1.5195,  0.2866, -0.4241,  1.0967, -2.0488, -0.9297, -0.3787,  0.9282,  0.7964,  1.5088,  0.7202, -1.0361,  1.0332,  0.0576,  0.8818,  1.3428,  0.7432, -1.0879,  0.5410,  0.1844,  0.8550,  0.8862,  0.9072,  0.7246,  0.4023,\n        -1.3584,  0.8516,  0.3142,  0.2314,  1.4658,  1.2178,  0.9951,  1.2373, -0.0950,  0.9141,  0.2288,  1.0566,  0.4441,  0.2263,  1.1357,  0.5972,  0.7363,  0.7100,  0.7412,  0.9727,  1.3369,  0.6558,  0.7388,  0.7188,  0.6758,  1.3730,  0.3730, -0.0191,  0.8735,  0.8467,  0.8550,  0.6924,  0.9092,  0.9985,\n         0.8315,  0.7598,  0.7378,  0.6514,  0.8799, -0.7856,  0.7495,  0.3831,  1.1846,  0.6636,  0.9385,  1.0244])"", ""class"": ""BatchNorm2d"", ""eps"": 0.001}",multi,"[[1, 80, 40, 40]]",,,1024000,3.036,18961,0.1571,5.298514,3.766205,0.59171,66.4,67.5,2400023808,2400030464,438,False,,
62fc23829a42a565,Conv2d,"{""bias"": null, ""class"": ""Conv2d"", ""dilation"": [1, 1], ""groups"": 1, ""in_channels"": 80, ""kernel_size"": [1, 1], ""out_channels"": 80, ""padding"": [0, 0], ""stride"": [1, 1]}",multi,"[[1, 80, 40, 40]]",,10240000,1024000,3.038,3302,0.9028,5.262693,3.730384,3.367716,68.6,68.1,2400033792,2400023808,421,False,,
41a7615e88978f73,BatchNorm2d,"{""bias"": ""Parameter containing:\ntensor([-1.3831e-01,  2.0723e+00,  2.0684e+00,  2.7197e-01, -6.3965e-01, -1.1005e-01, -3.7207e-01,  2.1216e-01,  1.3584e+00,  5.5566e-01,  4.0508e+00,  3.8257e-01,  8.5791e-01,  5.2109e+00, -2.4433e-03,  5.0508e+00,  6.9531e-01, -4.6265e-01,  5.6396e-01, -2.7930e-01,  1.0439e+00,  1.8877e+00, -1.6663e-01,  4.2749e-01,\n         5.8672e+00,  1.4824e+00,  3.1699e+00, -2.0435e-01, -7.0251e-02, -3.0249e-01, -9.3460e-03,  1.6943e+00,  8.4033e-01,  4.0273e+00,  1.7461e+00,  1.8740e+00,  2.0254e+00,  8.2471e-01, -3.4546e-02,  3.3457e+00,  3.6250e+00,  1.6516e-01, -3.2043e-02,  5.8496e-01,  2.6016e-02,  9.4385e-01,  1.0361e+00,  1.2002e+00,\n        -2.0374e-01,  6.8867e+00,  2.7246e-01,  5.7275e-01,  6.0645e-01,  1.4697e-01,  3.0645e+00, -4.9268e-01,  4.3970e-01,  2.9434e+00,  4.4580e-01,  3.5488e+00,  3.4668e+00,  1.7021e+00,  8.1250e-01,  1.1094e+00, -1.7334e-01,  1.2354e+00, -2.0166e-01,  1.2708e-01,  9.3945e-01,  2.9043e+00,  3.4824e+00,  1.4805e+00,\n         3.1797e+00, -1.0645e-01,  8.8672e-01, -2.4719e-01,  7.3096e-01,  2.1826e-01,  1.7188e+00,  1.8359e+00])"", ""class"": ""BatchNorm2d"", ""eps"": 0.001}",multi,"[[1, 80, 40, 40]]",,,1024000,3.037,18104,0.1646,5.238375,3.706065,0.609875,67.5,67.5,2400027136,2400017408,468,False,,
1d59f5ed9b630ace,Conv2d,"{""bias"": ""Parameter containing:\ntensor([ -6.7031, -10.4922,  -9.3438, -10.4844, -10.7734, -11.0469, -10.7344, -10.1953, -10.5625, -10.5312, -11.2266, -11.0391, -11.1641, -10.1641,  -9.9688,  -9.9062, -10.2500, -10.6406, -10.7031, -10.4062, -10.3359, -11.2422, -10.9141, -10.8672, -10.6875,  -9.6641, -10.2031, -10.4844, -10.1016, -11.2188, -10.7656,\n        -11.1328, -11.3516, -11.0078, -10.7266, -11.3516, -10.5703, -10.5078, -10.8594,  -9.6641, -10.6328,  -9.6641, -10.6875, -10.3828, -10.7656,  -9.5781,  -9.8984, -10.3984, -10.5938, -10.4688, -10.6094, -10.5234, -10.9141, -11.1641,  -9.8906,  -9.8906,  -9.0156, -10.3125, -10.1562, -10.2344,  -9.4219, -10.4844,\n        -10.3750, -10.6328, -11.3906, -10.9531, -11.1328, -10.8672, -11.1797, -10.8828, -11.5469, -10.4844, -10.7266,  -9.7734, -10.7031, -10.4844, -10.7031, -10.1641, -11.2500, -10.7891])"", ""class"": ""Conv2d"", ""dilation"": [1, 1], ""groups"": 1, ""in_channels"": 80, ""kernel_size"": [1, 1], ""out_channels"": 80, ""padding"": [0, 0], ""stride"": [1, 1]}",multi,"[[1, 80, 40, 40]]",,10240000,1024000,3.037,3363,0.8861,5.472124,3.939815,3.491185,67.0,68.1,2400027136,2400023808,420,False,,
604e7bd8dd66b66f,Conv2d,"{""bias"": null, ""class"": ""Conv2d"", ""dilation"": [1, 1], ""groups"": 256, ""in_channels"": 256, ""kernel_size"": [3, 3], ""out_channels"": 256, ""padding"": [1, 1], ""stride"": [1, 1]}",multi,"[[1, 256, 20, 20]]",,921600,819200,3.037,5892,0.5058,5.400148,3.867838,1.956221,67.5,68.6,2400027136,2400027136,447,False,,
e684fd3649bf6d43,BatchNorm2d,"{""bias"": ""Parameter containing:\ntensor([ 0.2332,  0.3569,  0.2280,  0.0146,  0.0886, -0.0193,  0.2227,  0.3137,  0.8926,  0.3684,  0.6543,  0.0260,  0.5654,  0.5806,  0.6782, -0.1229,  0.3113,  0.0751,  0.3330,  0.1196, -0.0091,  0.1113, -0.0686, -0.1810,  0.1285,  0.1177, -0.5127,  0.3628,  0.0834,  0.0593,  0.8179, -0.0351,  0.2394,  0.0795,\n         0.8408,  0.2202,  0.1549, -0.3572, -0.3381,  0.3154,  0.4832,  0.1934,  0.2563,  0.3386,  0.8203,  0.4788, -0.3616, -0.1736,  0.2793, -0.1438, -0.1349,  0.6592,  0.4128,  0.1488,  0.0564,  0.3481,  0.0653,  0.2996,  0.0380,  0.7188, -0.1700,  0.1317,  0.7231,  0.0312,  0.7173,  0.1825,  0.7529,  0.1423,\n         0.1610,  0.0660, -0.0717, -0.3345, -0.0179,  0.6704, -0.1472,  0.3542,  0.0213, -0.1331, -0.1829,  0.7710,  0.0339, -0.0137, -0.1899,  0.9844, -0.2664,  0.9326, -0.0910,  0.0580,  0.0101,  0.3672, -0.1383, -0.2905, -0.1549,  0.9277,  0.5459,  0.0719,  0.1794,  0.2505,  0.8086, -0.0034,  0.4006,  0.0252,\n         0.5059,  0.8872,  0.2573,  0.3560,  0.7441,  0.1698,  0.1277, -0.0655,  0.0831,  0.1503,  0.3391, -0.1002, -0.0582,  0.0264,  0.0319,  0.4712,  0.0077,  0.2375,  0.6001, -0.0076,  0.1090,  0.1743, -0.1538,  0.1365, -0.2708,  0.5962, -0.0044,  0.0306, -0.1559,  0.2040,  0.9336, -0.8501,  0.0218, -0.1005,\n         0.0468,  0.5034, -0.0317,  0.0902,  0.0779,  0.1821, -0.0457,  0.8286, -0.1609,  0.0681,  0.3513,  0.6362,  0.2449,  0.0484, -0.1240, -0.1656,  0.7642, -0.0551,  0.4231,  0.3474,  0.0315,  0.2406, -0.2412,  0.4104,  0.0186,  0.3389,  0.0672,  0.6880,  0.1029,  0.1359, -0.0316,  0.0063, -0.3218,  0.2556,\n        -0.0904,  0.2856, -0.0383,  0.7119,  0.6797,  0.0733, -0.0775, -0.0381,  0.4355, -0.0602, -0.0227,  0.0053,  0.2063,  0.1639,  0.0224,  0.7476,  0.6030, -0.0632,  0.8037,  0.0197,  0.1669,  0.1100,  0.0248, -0.3560,  0.1667,  0.0771, -0.1434, -0.0072, -0.0651,  0.5811,  0.6680,  0.6772, -0.0317, -0.0480,\n         0.4434,  0.2158,  0.8032,  0.2737, -0.1798,  0.3784,  0.3447, -0.0834,  0.6475, -0.2253, -0.0243, -0.0627, -0.1153,  0.0394,  0.6016,  0.4331, -0.2047,  0.1268,  0.1876,  0.6196,  0.0582,  0.7495, -0.1473,  0.1376,  0.0701, -0.0801,  0.3726, -0.0645,  0.0931,  0.1167,  0.2139, -0.1062, -0.0350,  0.4355,\n         0.7388,  0.4851,  0.0232,  0.0158,  0.4690,  0.2817,  0.2976, -0.2234, -0.7559,  0.5586, -0.0568,  0.0094,  0.8970,  0.4148,  0.0199,  0.1483,  0.5605, -0.0128])"", ""class"": ""BatchNorm2d"", ""eps"": 0.001}",multi,"[[1, 256, 20, 20]]",,,819200,3.037,25187,0.1183,5.1948,3.662491,0.433159,69.2,69.7,2400023808,2400027136,477,False,,
6e2b00bfca4e23b4,Conv2d,"{""bias"": null, ""class"": ""Conv2d"", ""dilation"": [1, 1], ""groups"": 1, ""in_channels"": 256, ""kernel_size"": [1, 1], ""out_channels"": 80, ""padding"": [0, 0], ""stride"": [1, 1]}",multi,"[[1, 256, 20, 20]]",,8192000,537600,3.037,5451,0.5467,5.444791,3.912481,2.139045,67.5,69.2,2400023808,2400023808,444,False,,
279be1f159174cd6,BatchNorm2d,"{""bias"": ""Parameter containing:\ntensor([-1.4819e-01, -4.2511e-02,  1.6146e-03, -6.2158e-01,  4.5093e-01,  5.1453e-02,  1.9299e-01,  4.7485e-01,  3.4717e-01, -8.1543e-02,  3.3154e-01, -1.9604e-01,  1.3623e-01,  1.5369e-01, -3.4393e-02, -2.2910e+00,  4.1431e-01,  2.3926e-01,  3.4546e-01,  4.3188e-01,  7.3914e-02, -3.5352e-01, -2.9800e-02,  4.4702e-01,\n        -1.2018e-01,  2.8320e-01,  3.7817e-01,  5.7678e-02,  2.5513e-01,  3.3716e-01, -2.8467e-01,  3.6816e-01,  1.4087e-01,  4.4458e-01,  2.2278e-01,  1.8945e-01,  4.5142e-01, -1.8818e+00,  3.3569e-01,  2.5415e-01,  3.8428e-01,  4.7095e-01,  1.6992e-01,  7.1191e-01, -2.3804e-01,  5.8057e-01,  4.4995e-01, -1.4883e+00,\n        -9.9170e-01,  1.5796e-01, -3.7994e-02, -6.6490e-03,  4.6484e-01,  1.3863e-02,  1.9775e-02, -6.6260e-01, -1.2002e+00,  5.9375e-01, -1.7959e+00,  6.3525e-01,  5.0879e-01,  6.0059e-01,  1.6284e-01, -1.7168e+00, -2.2925e-01, -3.4180e-01, -2.8418e-01, -1.7529e-01,  3.3740e-01, -2.3376e-01, -3.9917e-02, -8.4900e-02,\n         4.6680e-01,  1.0187e-01, -3.8989e-01,  6.2158e-01,  9.1858e-02, -3.7573e-01,  3.6157e-01,  6.4990e-01])"", ""class"": ""BatchNorm2d"", ""eps"": 0.001}",multi,"[[1, 80, 20, 20]]",,,256000,3.037,28934,0.1029,4.725416,3.193106,0.328728,68.1,67.0,2400017408,2400023808,544,False,,
aa61ed83b479a6e0,Conv2d,"{""bias"": null, ""class"": ""Conv2d"", ""dilation"": [1, 1], ""groups"": 80, ""in_channels"": 80, ""kernel_size"": [3, 3], ""out_channels"": 80, ""padding"": [1, 1], ""stride"": [1, 1]}",multi,"[[1, 80, 20, 20]]",,288000,256000,3.037,7262,0.4103,4.764653,3.232344,1.326381,67.5,68.1,2400033792,2400023808,512,False,,
27e028b91342ad32,BatchNorm2d,"{""bias"": ""Parameter containing:\ntensor([ 0.3774,  0.2546,  0.0248,  0.0781,  0.6709,  0.3149,  0.0138,  1.1094,  0.8633,  0.7593,  0.9385,  0.8936,  0.6929,  0.8296,  1.0283, -1.1250,  0.9761,  1.0918,  1.0811,  0.8594,  0.9961,  0.9365,  0.2247,  0.5254,  0.6519,  0.6636,  1.1709,  1.1279,  0.9897,  0.7188,  0.6899,  0.6929,  0.7505, -0.3516,\n        -0.5728,  0.7935,  0.7676, -1.3789,  0.4409,  0.3008, -0.5483,  0.5679,  1.1455,  0.7705,  0.9619,  0.9541,  1.1113, -1.3594,  0.9170,  0.4812,  0.5854,  0.8447,  0.7905,  0.8564,  0.7598,  0.3601,  0.8159,  0.5747, -1.3213,  0.9312,  0.4651,  0.9609,  0.5063, -1.4619,  0.1722,  0.9404,  0.8052,  0.1224,\n         0.9067,  0.8770,  0.0368,  0.9741, -0.2430,  1.0928, -0.7241,  0.2937,  0.6572,  0.7505,  1.0049,  1.0342])"", ""class"": ""BatchNorm2d"", ""eps"": 0.001}",multi,"[[1, 80, 20, 20]]",,,256000,3.037,39827,0.0748,5.185312,3.653002,0.27325,66.4,68.6,2400020480,2400020480,424,False,,
7beb147b985c373a,Conv2d,"{""bias"": null, ""class"": ""Conv2d"", ""dilation"": [1, 1], ""groups"": 1, ""in_channels"": 80, ""kernel_size"": [1, 1], ""out_channels"": 80, ""padding"": [0, 0], ""stride"": [1, 1]}",multi,"[[1, 80, 20, 20]]",,2560000,256000,3.038,7562,0.3941,5.169192,3.636882,1.433253,68.1,68.1,2400020480,2400023808,460,False,,
4e50fc609f3f80f3,BatchNorm2d,"{""bias"": ""Parameter containing:\ntensor([ 4.0186e-01,  3.7461e+00, -6.3574e-01,  6.2773e+00,  3.4844e+00,  1.1609e-01,  9.6777e-01,  2.8887e+00,  3.8535e+00,  5.1971e-02,  1.9482e+00,  1.2920e+00,  2.4980e+00,  2.3281e+00,  1.6465e+00,  2.4277e+00,  1.4971e+00,  3.3945e+00,  3.4253e-01, -2.3022e-01,  2.5854e-01,  2.9453e+00,  3.4531e+00,  1.2822e+00,\n        -5.5511e-02,  4.6250e+00,  4.2500e+00,  4.4775e-01,  1.3789e+00,  4.2617e+00,  3.3652e+00,  1.5273e+00, -3.3875e-02,  3.5449e+00,  1.2617e+00,  2.0508e+00,  3.1523e+00,  8.8318e-02, -2.1347e-02,  2.0703e+00,  4.1650e-01,  2.5806e-01,  1.0195e+00,  4.4189e-01,  1.4771e-02,  4.3433e-01,  1.1475e+00,  1.9727e+00,\n         1.9409e-01,  3.8477e+00,  5.3369e-01,  2.9961e+00,  6.6309e-01,  4.0664e+00,  1.0620e-02, -3.6133e-01, -6.0455e-02,  6.6064e-01,  7.5830e-01,  2.5547e+00,  3.3008e+00,  2.6074e+00,  2.6489e-01,  1.1377e+00, -2.5366e-01,  2.4277e+00, -1.0971e-02,  1.5098e+00,  2.2974e-01,  1.1680e+00, -7.0459e-01,  2.0977e+00,\n         1.0107e+00,  1.9666e-01,  4.9463e-01, -5.4382e-02,  1.6670e+00,  2.1836e+00, -6.3419e-04,  1.6943e+00])"", ""class"": ""BatchNorm2d"", ""eps"": 0.001}",multi,"[[1, 80, 20, 20]]",,,256000,3.038,28113,0.106,4.630339,3.09803,0.328254,68.6,67.0,2400033792,2400020480,538,False,,
9d31dcf0cfe982c3,Conv2d,"{""bias"": ""Parameter containing:\ntensor([-5.8320, -9.1641, -8.4922, -8.9688, -9.1641, -9.1406, -8.6406, -8.6484, -9.1406, -9.4531, -9.5000, -9.7891, -9.7266, -8.7969, -9.2656, -8.7500, -8.8203, -9.1328, -9.4922, -8.9922, -9.0938, -9.4766, -9.4922, -9.5156, -9.5859, -8.7109, -9.3359, -9.4297, -8.8672, -9.9141, -9.4922, -9.6094, -9.8359, -9.6094,\n        -9.6562, -9.7500, -9.3672, -9.3359, -9.5312, -9.3516, -9.4531, -9.2344, -9.7812, -9.4062, -9.7422, -8.3359, -8.9766, -9.2734, -9.1094, -9.4375, -9.5859, -9.6172, -9.7031, -9.2734, -9.3359, -8.8438, -8.4297, -8.5391, -8.9219, -8.2188, -6.6992, -9.3047, -8.9531, -9.2734, -9.9688, -9.7344, -9.5156, -9.5859,\n        -9.7969, -8.8984, -9.9062, -9.3594, -9.2812, -9.0312, -9.3828, -9.5391, -9.3359, -8.9531, -9.7969, -9.5391])"", ""class"": ""Conv2d"", ""dilation"": [1, 1], ""groups"": 1, ""in_channels"": 80, ""kernel_size"": [1, 1], ""out_channels"": 80, ""padding"": [0, 0], ""stride"": [1, 1]}",multi,"[[1, 80, 20, 20]]",,2560000,256000,3.041,7940,0.3753,5.309094,3.776784,1.417441,67.0,68.1,2400027136,2400030464,457,False,,
bf0911eb81b17c13,Conv2d,"{""bias"": null, ""class"": ""Conv2d"", ""dilation"": [1, 1], ""groups"": 1, ""in_channels"": 16, ""kernel_size"": [1, 1], ""out_channels"": 1, ""padding"": [0, 0], ""stride"": [1, 1]}",multi,"[[1, 16, 4, 8400]]",,537600,2284800,3.038,2608,1.1427,5.103642,3.571332,4.081028,67.5,67.0,2400033792,2400027136,413,False,,
3916c0d3bcef353e,BatchNorm2d,"{""bias"": ""Parameter containing:\ntensor([-0.7017,  0.4570, -1.1084, -1.4131, -1.3193, -0.3074, -0.5811,  0.6519,  0.2399,  0.1450, -0.1031,  0.9263, -0.2856, -0.7017, -1.0576, -0.9067,  0.2467, -0.2374,  0.3999, -0.9243,  0.6147,  0.8105,  0.3469, -1.2578,  0.2246, -0.6069, -0.4497, -0.2241, -0.9780, -0.1285,  0.0231,  0.6621, -0.8989, -0.8286,\n        -0.4365, -0.1261, -0.3567,  0.4045, -0.3838, -0.2002,  0.1371, -0.0054, -0.1254, -1.0078,  0.1577,  1.0566, -0.1782,  0.1727, -0.7280,  0.7598, -0.7793,  0.3933,  0.6919, -0.3376, -0.1821, -0.2233,  0.9424, -0.4397,  0.2705,  0.5098, -1.0947, -1.1270, -0.6704,  0.0107])"", ""class"": ""BatchNorm2d"", ""eps"": 0.001}",multi,"[[1, 64, 80, 80]]",,,3276800,3.039,11600,0.2569,5.6379,4.105591,1.054782,68.1,68.6,2400027136,2400020480,443,False,,
bfe2d35738daa116,ConvTranspose2d,"{""bias"": ""Parameter containing:\ntensor([-0.0356, -0.0404,  0.0034, -0.0492, -0.1039,  0.0129, -0.0332,  0.1086,  0.0283,  0.0233,  0.0460,  0.0699,  0.1185,  0.0859,  0.1685,  0.0056,  0.0448, -0.0081, -0.0127,  0.1611,  0.0197, -0.0207, -0.1456, -0.0897, -0.0666,  0.0851, -0.0185, -0.0427,  0.0671,  0.0209,  0.1543,  0.0801,  0.0318, -0.1109,\n         0.0238,  0.0591, -0.1797, -0.1198, -0.0166, -0.0969,  0.0021, -0.0417, -0.0555, -0.1417, -0.0322, -0.0161,  0.0428,  0.0492, -0.0111,  0.0469, -0.0212,  0.1105, -0.1035, -0.0253,  0.0599, -0.0013,  0.0116,  0.0191,  0.0363, -0.0236,  0.0273,  0.0556, -0.0418, -0.0511])"", ""class"": ""ConvTranspose2d"", ""dilation"": [1, 1], ""groups"": 1, ""in_channels"": 64, ""kernel_size"": [2, 2], ""out_channels"": 64, ""padding"": [0, 0], ""stride"": [2, 2]}",multi,"[[1, 64, 80, 80]]",,419430400,8192000,3.061,111,27.0405,4.519721,2.987411,80.781041,69.2,68.6,2400033792,2400020480,395,False,,
b9fcfe2cc9c2fc97,Conv2d,"{""bias"": null, ""class"": ""Conv2d"", ""dilation"": [1, 1], ""groups"": 1, ""in_channels"": 64, ""kernel_size"": [3, 3], ""out_channels"": 64, ""padding"": [1, 1], ""stride"": [1, 1]}",multi,"[[1, 64, 160, 160]]",,943718400,13107200,3.062,93,32.276,5.064427,3.532118,114.002723,68.1,68.1,2400020480,2400020480,367,False,,
1be6e6c5b8ba8b62,BatchNorm2d,"{""bias"": ""Parameter containing:\ntensor([-0.8750, -1.3789, -0.2996, -0.3438, -1.5947, -1.0684, -1.0830, -1.1865, -1.0537, -1.4043, -1.1221, -0.2439, -0.5068, -1.1279, -1.0801, -1.7314, -1.3789, -1.6963, -1.0645, -1.1875, -0.5044, -0.3374, -1.2432, -1.1660, -1.0752, -1.0654, -1.1387, -0.7319, -0.5557, -0.8960, -1.2246, -1.1016, -0.1659, -1.1182,\n        -1.0615, -0.6865, -1.2754, -1.1572, -1.0908, -0.5020, -0.6602, -0.1685, -0.2386, -0.9453, -0.9912, -1.2197, -0.6426, -0.3901, -0.8101, -0.4438, -0.9819, -1.0996, -1.1152, -0.9956, -0.1508, -1.1357, -0.8745, -0.3184, -1.0312, -1.0654, -0.8916, -2.3652, -0.8862, -0.7646])"", ""class"": ""BatchNorm2d"", ""eps"": 0.001}",multi,"[[1, 64, 160, 160]]",,,13107200,3.038,3410,0.8739,5.919777,4.387467,3.834364,68.6,69.7,2400030464,2400033792,462,False,,
8c5b4f676d819aed,Conv2d,"{""bias"": null, ""class"": ""Conv2d"", ""dilation"": [1, 1], ""groups"": 1, ""in_channels"": 64, ""kernel_size"": [1, 1], ""out_channels"": 32, ""padding"": [0, 0], ""stride"": [1, 1]}",multi,"[[1, 64, 160, 160]]",,52428800,9830400,3.044,354,8.4355,4.550589,3.018279,25.460605,69.2,68.1,2400020480,2400033792,401,False,,
e0997931d465aecd,BatchNorm2d,"{""bias"": ""Parameter containing:\ntensor([-0.5161,  0.4326,  0.8584,  0.4543,  0.5869,  0.6060,  0.5752,  1.1943, -1.2715, -0.9971,  0.2629,  0.9033,  0.3696, -0.0435,  0.4082,  0.2705,  1.0879,  0.3203,  0.7490,  1.3975,  0.4739,  0.6709,  0.6172, -0.3132,  0.8687, -0.7905, -0.4797,  0.2188,  0.3396,  1.2441, -0.4277,  0.4553])"", ""class"": ""BatchNorm2d"", ""eps"": 0.001}",multi,"[[1, 32, 160, 160]]",,,6553600,3.039,2688,1.1087,5.282896,3.750586,4.158246,67.5,68.6,2400017408,2400030464,432,False,,
b08f150be041e383,Conv2d,"{""bias"": null, ""class"": ""Conv2d"", ""dilation"": [1, 1], ""groups"": 1, ""in_channels"": 64, ""kernel_size"": [3, 3], ""out_channels"": 32, ""padding"": [1, 1], ""stride"": [1, 1]}",multi,"[[1, 64, 80, 80]]",,117964800,2457600,3.041,879,3.3928,6.444908,4.912599,16.667511,68.1,69.2,2400033792,2400027136,454,False,,
17298ffd967ffffd,BatchNorm2d,"{""bias"": ""Parameter containing:\ntensor([-0.1461,  0.2428, -0.6260,  0.0281, -0.6157,  0.1760, -0.5879, -0.2585, -0.2893, -0.0418, -0.1379, -0.8076, -0.0355,  0.3162, -0.4507,  0.6240, -0.1255, -0.6450, -0.0356, -0.8364,  0.1790,  0.0361, -0.2693,  0.8984, -1.2920,  2.1582,  0.1462,  0.3657, -0.2283,  0.2404, -0.0654, -0.2485])"", ""class"": ""BatchNorm2d"", ""eps"": 0.001}",multi,"[[1, 32, 80, 80]]",,,1638400,3.038,19472,0.153,5.604769,4.072459,0.623048,67.5,69.7,2400027136,2400020480,427,False,,
a56f708ca00677f8,Conv2d,"{""bias"": null, ""class"": ""Conv2d"", ""dilation"": [1, 1], ""groups"": 1, ""in_channels"": 32, ""kernel_size"": [3, 3], ""out_channels"": 32, ""padding"": [1, 1], ""stride"": [1, 1]}",multi,"[[1, 32, 80, 80]]",,58982400,1638400,3.04,1359,2.1926,5.131253,3.598943,7.891006,69.7,68.6,2400030464,2400027136,534,False,,
23688feebb1d5c64,BatchNorm2d,"{""bias"": ""Parameter containing:\ntensor([-0.5522, -0.2681, -0.0626,  0.0702,  0.1216,  1.3438,  1.1006,  0.9854,  1.0127,  0.9570,  0.3455,  0.6660,  0.2039, -0.0155,  0.3508,  0.0658, -0.4878,  0.3894,  0.5894, -0.3254, -0.0160,  0.4224,  0.6064,  0.6011, -0.2054, -0.2756,  0.3757, -0.6055,  1.0117,  0.0224, -0.1781, -1.3369])"", ""class"": ""BatchNorm2d"", ""eps"": 0.001}",multi,"[[1, 32, 80, 80]]",,,1638400,3.039,18693,0.1594,5.43897,3.90666,0.6226,68.6,69.2,2400020480,2400020480,460,False,,
b9794acb1884b86e,Conv2d,"{""bias"": ""Parameter containing:\ntensor([ 0.0245,  0.0019,  0.3059, -0.0200,  0.0773, -0.1694, -0.0424, -1.0293, -0.1017,  0.0627, -0.3821, -0.1481, -0.1447, -0.0923,  1.3389, -0.0695,  0.1124, -0.1670, -0.4629,  0.1869, -0.0181, -0.0895,  0.0812,  0.1377, -0.0348, -0.1886, -0.1346, -0.0928, -0.0963, -0.0930, -0.2097, -0.0593])"", ""class"": ""Conv2d"", ""dilation"": [1, 1], ""groups"": 1, ""in_channels"": 32, ""kernel_size"": [1, 1], ""out_channels"": 32, ""padding"": [0, 0], ""stride"": [1, 1]}",multi,"[[1, 32, 80, 80]]",,6553600,1638400,3.04,1931,1.5428,4.941626,3.409317,5.260009,69.2,67.5,2400037120,2400030464,542,False,,
f7814bbaac7bc6a5,Conv2d,"{""bias"": null, ""class"": ""Conv2d"", ""dilation"": [1, 1], ""groups"": 1, ""in_channels"": 128, ""kernel_size"": [3, 3], ""out_channels"": 32, ""padding"": [1, 1], ""stride"": [1, 1]}",multi,"[[1, 128, 40, 40]]",,58982400,1024000,3.039,1870,1.5937,5.749898,4.217588,6.721469,68.6,69.2,2400020480,2400027136,450,False,,
e1614ba51a46aa3c,BatchNorm2d,"{""bias"": ""Parameter containing:\ntensor([ 1.0488, -0.3247, -0.4656, -0.9502, -0.7119, -0.4614, -0.7314,  0.0227,  0.1886,  0.5288, -0.6396, -0.3118, -0.0436, -0.6597,  0.0864, -0.2712, -0.9189, -0.1919,  0.3162, -0.2808, -0.2991, -1.1348, -0.2438,  0.6973, -0.5522, -0.7661, -0.8760, -0.7207, -0.4214,  0.8169, -0.4885,  0.3459])"", ""class"": ""BatchNorm2d"", ""eps"": 0.001}",multi,"[[1, 32, 40, 40]]",,,409600,3.038,34008,0.0876,5.307824,3.775515,0.330703,68.6,69.7,2400020480,2400017408,441,False,,
7367c9979627b9a6,BatchNorm2d,"{""bias"": ""Parameter containing:\ntensor([ 5.9843e-05,  2.9517e-01, -9.7229e-02,  1.1953e+00,  4.0308e-01,  2.3560e-01,  7.0898e-01,  3.1104e-01, -4.0503e-01,  3.7500e-01,  1.1973e+00, -9.2822e-01,  1.0889e+00, -1.5295e-04, -4.6448e-02,  4.6460e-01,  7.2705e-01, -4.9023e-01, -9.3311e-01, -1.7395e-01,  2.3499e-02,  8.3154e-01, -4.9292e-01, -1.2976e-01,\n         9.4055e-02, -7.0410e-01,  3.7329e-01,  1.2529e+00,  1.6272e-01,  4.3408e-01, -7.4646e-02,  7.5867e-02])"", ""class"": ""BatchNorm2d"", ""eps"": 0.001}",multi,"[[1, 32, 40, 40]]",,,409600,3.039,36462,0.0817,5.291705,3.759395,0.307163,68.1,68.6,2400037120,2400030464,440,False,,
ef04bf343332fa65,Conv2d,"{""bias"": ""Parameter containing:\ntensor([-0.1903, -0.3188,  0.0289, -0.0604, -0.2717,  0.5474,  0.0347, -0.7295, -0.2925, -0.0876, -0.4690, -0.1653, -0.1031, -0.0333,  0.9775,  0.0041,  0.1031, -0.1384, -0.1261,  0.0436,  0.0034, -0.1071,  0.2417,  0.1155, -0.1896, -0.1554, -0.0097, -0.2129,  0.0778, -0.4187, -0.1720, -0.0072])"", ""class"": ""Conv2d"", ""dilation"": [1, 1], ""groups"": 1, ""in_channels"": 32, ""kernel_size"": [1, 1], ""out_channels"": 32, ""padding"": [0, 0], ""stride"": [1, 1]}",multi,"[[1, 32, 40, 40]]",,1638400,409600,3.039,6510,0.4577,5.08778,3.555471,1.6275,69.2,68.1,2400027136,2400033792,511,False,,
948c3469323f066d,Conv2d,"{""bias"": null, ""class"": ""Conv2d"", ""dilation"": [1, 1], ""groups"": 1, ""in_channels"": 256, ""kernel_size"": [3, 3], ""out_channels"": 32, ""padding"": [1, 1], ""stride"": [1, 1]}",multi,"[[1, 256, 20, 20]]",,29491200,460800,3.041,2992,0.996,5.544175,4.011866,3.995942,68.1,70.8,2400030464,2400027136,432,False,,
c6da44b462cac91d,BatchNorm2d,"{""bias"": ""Parameter containing:\ntensor([-2.9077e-01, -3.2715e-01,  1.3994e+00, -7.2449e-02, -2.9590e-01, -1.9592e-01, -7.5732e-01, -7.8613e-01, -4.6826e-01, -5.6787e-01, -3.9526e-01,  3.8232e-01, -9.1162e-01, -4.2773e-01, -1.0083e-01,  4.0845e-01, -2.3499e-01, -1.0315e-01, -6.2109e-01, -1.3232e-01, -5.4590e-01, -2.7856e-01,  4.2200e-04, -3.4546e-01,\n        -3.0127e-01, -4.2554e-01,  7.2949e-01, -1.4160e-01, -7.0215e-01, -2.2913e-01, -4.3726e-01, -2.2241e-01])"", ""class"": ""BatchNorm2d"", ""eps"": 0.001}",multi,"[[1, 32, 20, 20]]",,,102400,3.04,40322,0.0738,4.945801,3.413492,0.252068,69.2,69.2,2400020480,2400017408,457,False,,
7f29a595c24a710f,Conv2d,"{""bias"": null, ""class"": ""Conv2d"", ""dilation"": [1, 1], ""groups"": 1, ""in_channels"": 32, ""kernel_size"": [3, 3], ""out_channels"": 32, ""padding"": [1, 1], ""stride"": [1, 1]}",multi,"[[1, 32, 20, 20]]",,3686400,102400,3.04,11422,0.2606,6.481787,4.949478,1.289877,68.6,69.7,2400033792,2400033792,641,False,,
bf6990a30e7075f5,BatchNorm2d,"{""bias"": ""Parameter containing:\ntensor([ 0.4277,  0.2827,  0.0533,  0.0091, -0.4985,  0.3113, -0.8999,  0.5439,  0.4602, -0.4277, -0.7451, -0.3438,  0.7148,  0.8486,  0.4966,  0.5405, -0.0627,  0.3857,  0.2021,  0.3818,  0.3503, -0.1733,  0.5024, -0.1196,  0.6108, -0.4580,  0.2427,  0.3926,  0.3364,  0.1042, -0.8843,  0.1307])"", ""class"": ""BatchNorm2d"", ""eps"": 0.001}",multi,"[[1, 32, 20, 20]]",,,102400,3.039,36420,0.0818,4.810823,3.278514,0.268136,70.3,69.2,2400027136,2400030464,511,False,,
e9b0987626abb4c8,Conv2d,"{""bias"": ""Parameter containing:\ntensor([-0.0507, -0.6084,  0.1143,  0.0301, -0.0590,  0.3491,  0.0740, -0.0914, -0.0652, -0.6045, -0.6079, -0.1216, -0.0621,  0.1665,  0.4036, -0.0255,  0.4136, -0.0969, -0.1753, -0.0075,  0.0451, -0.0398,  0.0820,  0.0383, -0.1571, -0.1154, -0.0031, -0.2350,  0.0181, -0.4666, -0.1064,  0.0386])"", ""class"": ""Conv2d"", ""dilation"": [1, 1], ""groups"": 1, ""in_channels"": 32, ""kernel_size"": [1, 1], ""out_channels"": 32, ""padding"": [0, 0], ""stride"": [1, 1]}",multi,"[[1, 32, 20, 20]]",,409600,102400,3.04,31996,0.0931,5.55862,4.026311,0.37481,68.1,68.6,2400030464,2400023808,621,False,,
